P,Q,V_mag,V_theta,I_max_tail,I_min_tail,I_avg_tail,Iphase_max_tail,Iphase_min_tail,Iphase_avg_tail,I1_avg_tail,I2_avg_tail,I3_avg_tail,V1_avg_tail,V2_avg_tail,V3_avg_tail,V_avg_tail,Vphase_avg_tail,P_avg_tail,Q_avg_tail,V1_inv_tail,V2_inv_tail,V3_inv_tail,I1_inv_tail,I2_inv_tail,I3_inv_tail
20.0,0.0,90.0,0.0,0.3584276205713203,0.3510215223534744,0.35568248600378644,-1.183905712072206,-1.2230233070668215,-1.2026540873655023,0.35727994341098807,0.35699181307503536,0.35445403096195444,24.873119260102143,24.876451992730814,24.8626138025231,24.831535998570935,-0.5022644678726066,0.15092735876800223,0.027437050800462003,0.2853199650654376,0.2856266570338118,0.2851744500503515,0.04516389668102973,0.04484191168243275,0.044861009796505695
0.0,50.0,30.0,0.0,1.2312254281163926,1.2235073545916284,1.2276605390149893,-2.6228659762594533,-2.6359894743007115,-2.62867087651325,1.2271930848200392,1.2271731591586412,1.2288094808152203,10.120101588036405,10.112266786259154,10.116168147476358,10.101253254131526,-0.5260871727606129,-0.0014365823662659642,0.2866009183417659,0.15444076236832663,0.1544645851308513,0.1544506513471826,0.15496229615658935,0.15515468633243013,0.15515905749929834
0.0,20.0,10.0,30.0,0.8493792225764389,0.7260440771467909,0.7906367405173688,-2.019883091864429,-2.444297039913358,-2.227823170964258,0.7943105937783727,0.7941198469243369,0.7945354569461293,3.994356250157045,3.989738704276523,3.996713050197915,3.932131268476878,-0.0418623310869985,-0.004857461954437998,0.08396589919836475,0.07151117151314766,0.07149031950614107,0.07155023690734708,0.10051123113017717,0.10053592427309799,0.1005500447558433
20.0,20.0,10.0,-30.0,0.914802175981422,0.8972841917324609,0.9069648281540662,-1.911300380006868,-1.989865340110485,-1.9462969490282662,0.9077294493300857,0.9072915626144197,0.9065950414034036,3.5204181174191547,3.5281608988903206,3.514520001010791,3.4960142433343115,-0.6744354579402521,0.04049675268621958,0.07739874665778879,0.06424092639201895,0.06432505754896985,0.06402280664607764,0.11503079594397328,0.1149310638338752,0.11496274737785638
20.0,90.0,40.0,30.0,2.124789151439202,2.1182747621015574,2.121444133428316,-2.1579657852922374,-2.1750709189659214,-2.1626652939579825,2.1221254127512643,2.121177615331332,2.1213425542908237,14.249776653099852,14.229681103788785,14.246139079355611,14.204723542124107,-0.01578802801798212,-0.026621346378810126,0.7349812798011857,0.22950061930464463,0.2294437516818446,0.22958089012282715,0.2682750379403793,0.2681516300837412,0.2682767337247252
0.0,90.0,60.0,0.0,2.136320829503532,2.1212251023489577,2.1281251540104122,-2.619581732136832,-2.640063905435214,-2.630339602491548,2.12948896964853,2.12641206915874,2.128471290046614,19.80302049952987,19.80591925952341,19.799213499707356,19.70274965337506,-0.5260884055487226,-0.005851206040530167,0.9422462934285153,0.29405302028637464,0.29402304097395243,0.29397034869988453,0.2686872105820232,0.26857082931257636,0.2689576009757338
50.0,50.0,20.0,-60.0,1.7317535096367722,1.7156332021152387,1.723018127094642,-1.9257605256946368,-1.9932546426714863,-1.9634241726314774,1.723183276637583,1.721929820728299,1.723528595155423,5.797979577195076,5.799108285629623,5.797655222099483,5.774673586291588,-1.1077169219447158,0.16310607372471855,0.2004329556517838,0.0996460142327563,0.09953338744155588,0.09953473800916803,0.21839546251257813,0.2184405064003018,0.21859422052949992
100.0,0.0,0.0,-60.0,2.070568843698621,2.067088701034167,2.0688008936597893,3.1365936261170297,-3.140762317001184,0.22751467709115542,2.06809549464693,2.0698905218859442,2.070645032923972,3.199924975510583,3.197773866821724,3.1949336003069115,3.1693337126271413,-1.3028168315014999,0.0010220812728871577,0.32527986268045594,0.10423391996234135,0.10425763202371838,0.10413409668858022,0.262217245723511,0.2625514180236366,0.26231973482545584
0.0,90.0,70.0,30.0,1.9097708064441363,1.8986852969744947,1.9038621300153022,-2.0472106826915857,-2.0994927782741257,-2.086414587212155,1.9047456061334507,1.9028923009317067,1.904084669321608,22.24014913641504,22.238053516294737,22.237043670948076,22.112109247219337,0.0006489539701898415,0.007144605964469628,0.8999177195875641,0.31443941211416826,0.3143610259188128,0.31438693263427575,0.24009484689559035,0.240017676065821,0.24025235477890583
20.0,0.0,0.0,0.0,0.6673574317249673,0.4290709377234368,0.5555332639047463,-0.4412724514745048,-1.4069348331507645,-0.9409001241872003,0.7084149152977564,0.7133082661043846,0.708707237713194,1.9148064164221057,1.9222591674000669,1.9134660231421474,0.8741286624918083,1.1425347167568771,0.000450284361752398,0.05504586640962389,0.06060894159797586,0.06062598946627695,0.060313440032553775,0.09001656015763848,0.09004493682213671,0.08942125994855088
0.0,90.0,0.0,30.0,2.114446561707436,2.1002347000560877,2.107795292855994,-2.6745014505844344,-2.9464795306475917,-2.809954406183705,2.1063930635330568,2.1089205335233268,2.1081299159842777,3.2049421501101483,3.201832884672687,3.2087189448089135,3.1788978584945875,-0.7184239880313606,0.0010536179903605264,0.3322372131595238,0.10441388712736835,0.10438803165701763,0.10450803089666148,0.267189855362541,0.26741265390507957,0.2670894928659206
50.0,0.0,60.0,-30.0,1.011894693808295,1.0016706382774694,1.0052988244220695,-1.478864598625771,-1.4969661746215184,-1.4882042149918653,1.005477174445179,1.0041731132413294,1.0062211789762978,16.461570182874738,16.46560803369394,16.45797519458417,16.444038927740046,-0.9550892743765923,0.2863611255837513,0.04958047904708346,0.1906624557890368,0.1905887299258417,0.1906340008864047,0.12742047783723415,0.12751551498597033,0.12767799679634523
90.0,0.0,20.0,-30.0,2.2759989380871697,1.996618124070936,2.0948222793108755,2.2620517683253696,-0.0108695578554312,0.7811424693198935,2.093716200350909,2.0972196154020835,2.100498730764763,4.57134283351429,4.572615770237228,4.5932462310935565,4.070242322518966,-1.4653699606893562,-0.1054741587766113,0.20715044473715674,0.08666021683233589,0.08627722652514955,0.08697768218746688,0.26565855969042235,0.2665216003972089,0.26606236770806774
20.0,20.0,90.0,-30.0,0.6311536072582243,0.6185486693164323,0.6250915187312825,-2.2785049080420503,-2.302677737237353,-2.29084027676789,0.6262245070211333,0.6248725353382998,0.6256033347607589,25.41923514968046,25.420197130713486,25.413699178487533,25.373070340529782,-1.019327463641199,0.20197485694326933,0.19952626533231804,0.3034491337937283,0.30357962772346925,0.30356218986853634,0.07822029051927895,0.07814696870277442,0.07831912143718298
20.0,50.0,110.0,-30.0,0.9419209010889612,0.9231914989514376,0.9332249656915788,-2.7082595961806937,-2.7266714082104,-2.715506777454317,0.9372568872516434,0.9347536826860909,0.9311548072550629,31.677275692357235,31.6751507775118,31.653695128096857,31.525586686931824,-1.028839504642435,0.20366922862471476,0.4996498581847045,0.3886698790688531,0.3885245625563758,0.38855390827780567,0.11702626176416656,0.11624780432832868,0.1165704405592056
20.0,20.0,90.0,60.0,0.3639217603211059,0.3518227636866715,0.3580295800103154,-0.1166087577582787,-0.1706167343802836,-0.14366746312889417,0.35959382543382884,0.35579287934614373,0.3599999504273822,24.867866575608073,24.861627655873946,24.861474348079117,24.825918958143976,0.5451194851498465,0.1521271395471892,0.025944525199822425,0.2854558127084233,0.2850170636071628,0.2851768225156258,0.04505606436825205,0.04513423443270774,0.04558052054041675
50.0,20.0,110.0,-30.0,1.0050257148951005,0.9734666168062291,0.9943375277529117,-1.8218363827083428,-1.8418632173366176,-1.8308829398245567,0.9982852342628733,0.9928471130535645,0.99501698280552,30.778047011603654,30.781660662608058,30.77468271655854,30.6599957553273,-0.9999708874075596,0.5042258020477249,0.19894801361634176,0.36129786729018915,0.3612457504984521,0.36105322546819,0.1257334561980705,0.1253558802716828,0.12603427202675788
20.0,20.0,30.0,30.0,0.7971023494082139,0.7604150888594249,0.7828898391723034,-1.3370472379356615,-1.503944858543434,-1.3913542564258614,0.7834869151331545,0.785473294732443,0.7838291790720004,9.210201088176413,9.203079861884019,9.21437132447366,9.183795596300554,0.0830520428823819,0.07220417973603864,0.13015722018428563,0.1267629288805843,0.12668173366574495,0.12681752614355538,0.09907205747889153,0.09910439294515244,0.09886007301727497
20.0,90.0,20.0,-60.0,2.119178603075972,2.1132393030554937,2.115909045464929,2.7969355785596086,2.459614342691969,2.5734397398134625,2.1152101580784626,2.115495222416587,2.1173012856500137,8.722091340651609,8.724066428710428,8.724117784938949,8.676355287210987,-1.5881991285759414,-0.006575165076924474,0.5339922100995336,0.16732648899494815,0.16730046059118625,0.16724636329807482,0.26771369558497554,0.2679815026584541,0.26794832845561173
0.0,90.0,40.0,-30.0,2.1248041420834465,2.118396163341828,2.1219113415915385,3.133264949056409,3.0814360915463888,3.095575257663961,2.122008887913374,2.1228434124315156,2.1209345603961878,14.242676293114677,14.249124571637962,14.245519217880595,14.19413207551025,-1.0582168096056277,-0.01691184380656572,0.7381233346851441,0.23013744444505158,0.23042519858381239,0.23022851572306838,0.2683869051023773,0.2682490287389792,0.2681641655261321
0.0,100.0,120.0,-30.0,1.6201828715346926,1.4771417852461672,1.4962087998406477,3.141564724408992,-3.1415904518732245,-3.059716154316216,1.4966099292103956,1.495577049118559,1.495937440925018,35.37768824057204,35.37581789269466,35.373518735543705,35.213033355681596,-1.04363713682529,0.05953451053520156,0.9995561304856885,0.45057921093512787,0.4506961322152392,0.45064295458028153,0.18751547185940126,0.18745648917793264,0.18758570877465724
50.0,20.0,110.0,-60.0,1.0054818695813388,0.975417540965688,0.9936996935926813,-2.342553782170718,-2.362228377110542,-2.353558960702485,0.9924760865240861,0.9935406127267423,0.9983257857789242,30.767675064519185,30.77817704546541,30.77998607688919,30.6583875073433,-1.523587473288587,0.5040652153132639,0.19826193462482924,0.3610420638035474,0.3610925717924149,0.3612367872371998,0.12519708433702034,0.12593464713009164,0.1257697539705908
0.0,20.0,30.0,60.0,0.6909575233610115,0.6650276513738942,0.6791903309504391,-1.557329587113917,-1.7256121002307037,-1.614150453068177,0.681418325159047,0.6797992547127782,0.6802463343976459,9.30116370322138,9.307308960981388,9.301023218145428,9.273169339077034,0.5184910141896888,-0.0041037417728290665,0.1302023576316661,0.12876629728997174,0.12896618306725827,0.12868305629469393,0.085767342894139,0.08557900197042638,0.08579624329736577
0.0,90.0,0.0,-60.0,2.114446561707436,2.1002347000560877,2.107795292855994,-2.6745014505844344,-2.9464795306475917,-2.809954406183705,2.1063930635330568,2.1089205335233268,2.1081299159842777,3.2049421501101483,3.201832884672687,3.2087189448089135,3.1788978584945875,-0.7184239880313606,0.0010536179903605264,0.3322372131595238,0.10441388712736835,0.10438803165701763,0.10450803089666148,0.267189855362541,0.26741265390507957,0.2670894928659206
90.0,20.0,60.0,60.0,1.806516824238233,1.7768353810359865,1.7999331264153524,0.169942957221971,0.125101447041483,0.16034574640950852,1.800950777141564,1.7997592309642034,1.800733658799554,16.318528109416803,16.310754885826917,16.315674566827244,16.291355252798525,0.6890735534800011,0.5080292760362263,0.15899487361287634,0.19505064121842808,0.1949791233026395,0.19494968854311526,0.2284064636691545,0.22837634326919226,0.22852617285391316
20.0,50.0,100.0,-30.0,1.0123476042794624,0.990204269067632,1.0039225582922473,-2.6957310521896143,-2.721171965268804,-2.704840548112363,1.0040842644600203,1.005834082402162,1.0042637832646697,28.99755419257847,29.006220863188855,29.00324738912121,28.868810160874308,-1.0251061973478863,0.20349137242205717,0.4995228122708987,0.3594634226498046,0.3599414871841412,0.35970797194385,0.1257478101748733,0.12578228983735246,0.1255819448089525
20.0,90.0,0.0,30.0,2.1138660345313203,2.101995268931052,2.107796018247533,3.1414211508559817,-3.140565935493992,-1.9152209720469007,2.1060897203455653,2.108687495014294,2.108441727256394,3.203370068912037,3.1995837681637953,3.2058071710776734,3.176498338213539,-0.9044710941517862,0.0010459662499807101,0.33200273999855107,0.10438691943872073,0.10428120969025974,0.10443978827272761,0.2671351363376595,0.2674300499287373,0.267103209486735
20.0,20.0,30.0,-30.0,0.811489582853551,0.7834199237464939,0.799910296114384,-2.304367464560789,-2.4106785251430582,-2.3601208670305085,0.8027451029024469,0.7994711426806412,0.7995688001841141,9.172412875028536,9.182865175828029,9.166559178877767,9.146865411091015,-0.954361273506184,0.08073440066793339,0.12785380048813808,0.1258794642013658,0.1259889877691316,0.12585109971392958,0.10122935573568961,0.10083364438539182,0.1012723572906794
0.0,100.0,50.0,0.0,2.127201783252,2.12064878927495,2.124905368159743,-2.6479390793601727,-2.658199280855681,-2.654411799644465,2.1243651420393825,2.1268245573731703,2.123758610364722,17.02814665327773,17.01893277978771,17.00729646306025,16.948388180154282,-0.5310321799711145,-0.01694239902998797,0.8400216946140918,0.26232937035953435,0.26210247477032994,0.2619748838074401,0.2686409992731373,0.26855090532708614,0.26823141645089416
0.0,100.0,120.0,0.0,1.5072626113874334,1.4773273436923513,1.4874969114513255,-2.426848634220357,-2.6190547607887806,-2.600446658185758,1.488352565802844,1.4909726774420422,1.4874219478909252,35.393268912397076,35.39232068897114,35.37914262193464,35.22042654705332,-0.5227126994426433,0.022148199426809925,0.9998199396541857,0.4508132887722943,0.4507658701225619,0.4507585808610184,0.18677283870618197,0.18662979805635854,0.18631471070394784
20.0,20.0,50.0,-30.0,0.712962566402973,0.6991246362531499,0.7049098250326451,-2.4125058005717217,-2.453730534784408,-2.4399058063683627,0.7064320823314647,0.7037915753183253,0.7046350665176532,14.609439148999153,14.611124465455633,14.606341319247019,14.57638627843796,-1.0002303562945332,0.10858834031589946,0.16290957784398588,0.18508862998092235,0.18484508874026717,0.1848756026519987,0.08871663319799276,0.08849471628897283,0.08881797481288087
100.0,0.0,120.0,-60.0,1.7751707545312518,1.7122049317870036,1.7597375162627023,-1.8575246024883445,-1.8758681729724176,-1.8674417979989624,1.7630101084813774,1.7620612949059633,1.7585967950991472,32.60335446888534,32.61024733899583,32.616717998121715,32.49889049670746,-1.4910727095506675,0.9804675529874612,-0.003162439907028909,0.3668774902634032,0.36720987154728746,0.36701933381098967,0.2240890080898545,0.22354503738477804,0.22368666146965538
0.0,90.0,70.0,-60.0,1.9100212499036464,1.80728194442924,1.8855495245868388,3.141567657054764,-3.1413598550745823,2.647660492217767,1.8857420371943356,1.8872539882574175,1.888719164038314,22.162363936812024,22.164049947696835,22.170624655069016,22.03182845026886,-1.555112350483503,0.08505032956194798,0.8739642272334711,0.31243278943819525,0.31233868393497294,0.3124196983013432,0.23784425870726011,0.2382187278884163,0.23802632719760347
50.0,50.0,10.0,60.0,1.7237698786966906,1.6385091549684745,1.682610701562273,0.2587989474107582,-0.7005667586268717,-0.1664220307342458,1.6882166441367707,1.6837892920592608,1.6808515300294462,4.038913278396396,4.048142321581981,4.044524788988745,4.013945878838247,1.1933332844765066,0.0764498606989497,0.2259530311045747,0.09386396870350094,0.09416377498551043,0.09399803665608801,0.21394329518548266,0.21300264409576072,0.21356453634676126
0.0,50.0,60.0,30.0,1.045528255342856,1.0396632585614984,1.0425668663490688,-2.1038078025179803,-2.119769592000922,-2.109577215715563,1.0421120481858146,1.0428741950131823,1.0431901768940948,18.10471530652373,18.099623771524147,18.096396093442987,18.067216460037166,-0.0015841559854525135,-0.004061935553027254,0.3753192512995309,0.23949131470939763,0.2393182583370178,0.2392237485008432,0.1310293060329481,0.13117982170292747,0.131067651361662
0.0,20.0,100.0,120.0,0.2588854943818635,0.2494904872222132,0.25510913397821017,2.441900781248004,2.299118825832061,2.363851273351719,0.25683909150521367,0.2542866041646664,0.2573209830295481,27.133282133018685,27.147574023753762,27.14556798909184,27.117383450475455,1.574347034490451,0.030789578359954717,-0.11892070675448983,0.30104350870496394,0.30087228040726366,0.30078520871204456,0.034074576423789235,0.03413626392977506,0.03442575415639442
50.0,0.0,120.0,-30.0,0.8941520781599717,0.8663460478434067,0.8852884739432062,-1.4573176625544504,-1.4863372176903795,-1.471928834162776,0.8862868505223318,0.8859206782371085,0.8876573743506786,32.99525777775157,32.99886553246853,32.99013824715001,32.88454765033906,-1.006758400102014,0.5042695297191249,-0.000946949540158881,0.37477461356235037,0.3748133914370606,0.3745176725936458,0.1124869480812706,0.11267431616213754,0.11270103635327147
20.0,20.0,20.0,0.0,0.8533106901402935,0.8284184369061472,0.8413861071154609,-1.7640042301851768,-1.8843335442324785,-1.8079086389785328,0.8406079689600726,0.8431307902385089,0.8430279347656883,6.462546459286653,6.474818774831232,6.465510605989864,6.4436973720282085,-0.38063421483069915,0.05811349233882234,0.10766985483294954,0.09734240300084616,0.0973395976553352,0.09738245889476303,0.10642996993999246,0.10673652092469293,0.10640112669428158
90.0,0.0,120.0,0.0,1.6177383043006488,1.606133457125355,1.6121511646174151,-0.8382409523866069,-0.8503078220159487,-0.8442668926850239,1.6128133141982346,1.610712853499492,1.6147430447496853,32.706055451721554,32.70411801941706,32.69528183755692,32.589146923565416,-0.45039680045771374,0.9034689584804153,0.00017651837647924203,0.3691711708145987,0.3690719427457054,0.36890061352035153,0.2046539020799326,0.20491343526943454,0.20514934705050236
0.0,50.0,100.0,120.0,0.9405827093090248,0.8522212597583523,0.92340375150906,-0.3704917352079668,-0.5216743732593982,-0.4894478135452943,0.9225460746884626,0.928183132979426,0.9255466643406892,28.998634967867776,29.010670638664294,29.00434063270743,28.877700662925417,1.572221871617967,0.017160968289980667,0.49267382787521563,0.35934906940553357,0.3595858474354339,0.35950599265905314,0.11547969904307888,0.11584330152651275,0.11513832184675117
100.0,0.0,10.0,0.0,2.1174542795692624,1.9565089275628955,2.0857888984024733,3.1351484165167234,-3.139368683184676,0.6995435499097227,2.0845305862604704,2.083245046713877,2.0871836669107338,4.442311321456462,4.447588851987459,4.437593996714111,3.9743127939297285,-1.3564777809316917,-0.05515599413611868,0.331522532289493,0.11178311013453612,0.11181161897018092,0.11165057575592018,0.26401322386410736,0.26434831800319847,0.26450516043104677
0.0,50.0,20.0,120.0,1.3276749253040674,1.287977597835508,1.3028607743430627,-0.5678215572083996,-1.0230630264700988,-0.7170408519359072,1.302371512093322,1.3046203952145312,1.301217738179582,7.483986894828406,7.484186837092761,7.484896258406539,7.445280823662964,1.5193174870154513,-0.024141387691348708,0.24473671782417014,0.12641283107921375,0.12658720117418693,0.12661583153298905,0.16498542462221474,0.16484115647159497,0.16457011325996157
50.0,0.0,0.0,60.0,1.1355570126122234,1.0603302940500456,1.097416561352898,1.5362022847419567,-0.1286532026554046,0.6775224491756872,1.102148068556476,1.1008730024785676,1.104444638244343,1.8525795320197636,1.8141969228143653,1.8282034565136358,1.670737843533873,1.0102074128749008,0.0005009181861370492,0.09205251460854748,0.057871929990127004,0.05787436586244218,0.05732921581290942,0.13948794418385088,0.13986772690815014,0.13998743129122368
20.0,0.0,110.0,-30.0,0.4016829650654492,0.3613194736531746,0.3860599539257133,-1.521814584842654,-1.5795725723511806,-1.5547434264445554,0.38432942253777014,0.388573335037307,0.38814069458173345,30.31172565725253,30.317484169679684,30.314184997281206,30.23555863347011,-1.0279218644936075,0.20271365595573515,-0.0004476698513192447,0.3453122424465822,0.3454818615057048,0.3454541178827591,0.04912762900171893,0.04957581674497347,0.0490445489330949
50.0,0.0,10.0,0.0,1.2644024556386366,1.087769460048137,1.1625048070012045,0.4052412907627754,-0.4898963803846415,-0.039373554095993114,1.200567198270416,1.1977576234363985,1.1933105534309523,2.128140459518323,2.1464750774536214,2.089428309556135,1.6042926318924258,0.06889934186336773,0.029891175439979576,0.06704740132982603,0.052163006775658376,0.052724817455765224,0.051890272918960784,0.15242238007495218,0.15154882650335086,0.15185550196748926
0.0,50.0,0.0,120.0,1.4419062558019289,1.429359409610527,1.4363550679907982,-2.607995129798562,-2.634883247202467,-2.6227945702933537,1.4384516678044794,1.4375093030109882,1.433656894557459,2.2006676137774113,2.216481583846307,2.199731049297017,2.1693504030147963,-0.5312640961720495,0.0005451042912567732,0.1543056503523734,0.07183869192532265,0.07199583168106795,0.07172638086387877,0.18249173093390048,0.1818646817854944,0.18199463056135026
90.0,20.0,110.0,120.0,1.7521049874081212,1.7149157031946212,1.72852144305636,1.0673951551844518,1.0502684128526243,1.060181878663212,1.7291402597503938,1.728587039029752,1.7283069037445453,30.428059503268422,30.437111886005532,30.44215352841659,30.32206581775859,1.6568801779483977,0.9065083823400716,0.20396638333073047,0.3546599811558006,0.3547486745994544,0.3549011356684067,0.21924554756980613,0.21913634675954274,0.21923018834967636
90.0,20.0,20.0,-60.0,2.2122620264032724,1.9341533932588248,2.0943070697061623,2.483101333955493,-0.4313025740772757,0.5880682715831407,2.092514507504003,2.0924225422866947,2.0938419100064922,5.4662315201456355,5.452220964343419,5.477052290740136,4.830436685885092,-1.9817128375699145,-0.11208439630083915,0.25439501356982513,0.10380785787935498,0.10346200526960099,0.10393997422175283,0.26535080472890915,0.2655154295867319,0.26552321610414104
0.0,50.0,30.0,-30.0,1.2342759637312364,1.2261614199774369,1.23035721065932,3.1415836241295425,-3.1415000089535696,-1.191354622734179,1.230594213929816,1.2313385153748846,1.2292365511153638,10.116779654000435,10.122043957621775,10.118484284532805,10.103860541035452,-1.044243109515916,0.004092997285750615,0.287370830748606,0.1546007831170243,0.15465083874424831,0.1545783511064972,0.15557206787870137,0.15540164673272858,0.15531595237072243
0.0,90.0,0.0,0.0,2.114446561707436,2.1002347000560877,2.107795292855994,-2.6745014505844344,-2.9464795306475917,-2.809954406183705,2.1063930635330568,2.1089205335233268,2.1081299159842777,3.2049421501101483,3.201832884672687,3.2087189448089135,3.1788978584945875,-0.7184239880313606,0.0010536179903605264,0.3322372131595238,0.10441388712736835,0.10438803165701763,0.10450803089666148,0.267189855362541,0.26741265390507957,0.2670894928659206
50.0,0.0,80.0,30.0,0.9120220164575692,0.9048108538483536,0.9100705979705719,-0.439605570228736,-0.4523364650205884,-0.4436541171718306,0.9108953267466889,0.9097846376321334,0.9099856797525989,21.961418181803637,21.945550149152115,21.94929784601178,21.929332977798072,0.06247872523138135,0.34581165076919645,0.030181897797114075,0.2509574102478714,0.2508469604512662,0.25090992667153683,0.11554947857698598,0.11543104107836465,0.11557823342588722
20.0,20.0,20.0,120.0,0.8349113524860421,0.7899993933079517,0.8105649825244932,0.1755314988686901,-0.576637270813315,-0.1149231152141886,0.81350700652208,0.8118174475421366,0.8101922889853842,6.637725567953704,6.648724779870499,6.643288707074208,6.623892456897844,1.6433176334524393,0.029413879780478148,0.11761944407569387,0.10128533246204895,0.1014979071325802,0.10124120986176974,0.10279690976514307,0.10237614251553191,0.10260077906840344
90.0,20.0,10.0,60.0,2.1099125372873835,1.9733695589393028,2.0621720280164766,3.0301514555688303,0.5924476261743693,1.6965561094628205,2.06239461778295,2.067704354293271,2.0652536086962905,2.081437592643705,2.0933077985754944,2.0809487759578986,1.750951459237298,0.2784728356107111,-0.005645597674620469,0.2446045066086541,0.0820762305630708,0.08214249655251282,0.08233684701169158,0.26193702627379084,0.2622931679139854,0.26161279335853943
20.0,90.0,60.0,60.0,2.13208534039369,2.124344313814174,2.1283245932777453,-1.5952279220412904,-1.6054514445284946,-1.6002229016388017,2.1272638084410644,2.1293617055098637,2.1287485879177344,19.780458695050427,19.784302094449316,19.781356430259322,19.712127905979358,0.5185109653574547,-0.016661881345303196,0.9405780605754077,0.2928102461582111,0.2929957841184648,0.2928859561214322,0.2686764648550263,0.2688691488280093,0.26861400508416644
100.0,0.0,0.0,0.0,2.070568843698621,2.067088701034167,2.0688008936597893,3.1365936261170297,-3.140762317001184,0.22751467709115542,2.06809549464693,2.0698905218859442,2.070645032923972,3.199924975510583,3.197773866821724,3.1949336003069115,3.1693337126271413,-1.3028168315014999,0.0010220812728871577,0.32527986268045594,0.10423391996234135,0.10425763202371838,0.10413409668858022,0.262217245723511,0.2625514180236366,0.26231973482545584
20.0,0.0,40.0,-60.0,0.5188183106517374,0.4769301906263137,0.4889301424748607,-2.30567554958646,-2.4739163574359715,-2.415457046939718,0.4886368569804588,0.4900548915237962,0.4879194462119382,11.266473094002704,11.274781270888461,11.264897454893857,11.253544272475574,-1.5086313911596778,0.08851536389694342,0.045806394709446946,0.13510739922199114,0.13529854784616846,0.13517486099425516,0.06187741186050431,0.06178226199933023,0.061604368854986824
0.0,50.0,40.0,0.0,1.168564861956726,1.1630990414368307,1.1656450231111355,-2.6238102069362053,-2.633676421012092,-2.628655985633513,1.165011167221942,1.1658380022479933,1.1663898282962375,12.781157559281246,12.78304920165188,12.780657769339456,12.755884694242043,-0.5254766232079797,-0.0019145462245324862,0.3215038148453726,0.1830557883514707,0.1831545706180231,0.18305755842483198,0.14696969295167944,0.14714091029939044,0.14703297110436817
0.0,90.0,10.0,-30.0,2.1187706470296668,2.10588226383032,2.111885235314919,3.14114888694832,-3.1414225615735534,-0.5393449627547348,2.111225031916535,2.112282761401866,2.112110420929086,5.953138945620011,5.953227283165345,5.954839635966852,5.926981156801159,-1.028513100512765,0.005381096952856662,0.4330205400166244,0.13561944982906868,0.13553742937524169,0.13563491485438967,0.26752416371466886,0.2676406931847041,0.2675032610737675
50.0,50.0,50.0,120.0,1.449560667612171,1.4019193317980312,1.4380328369787074,0.4769898867987091,0.3301375426918349,0.4440929651998142,1.4400848072415673,1.4384867254449671,1.437873473323992,15.108884789864566,15.116987090966289,15.113846044340171,15.087160945504476,1.6893348481630648,0.2815708880278367,0.3467857911507077,0.20556136652825352,0.20578994126494893,0.20556893317667072,0.18201218970225247,0.1817396184318956,0.18194483300373557
50.0,50.0,70.0,120.0,1.1061104740122367,1.066685845062732,1.097505262422049,1.0731929751979563,1.0127968303828911,1.0589154877838938,1.0991196836919324,1.0986838731846245,1.0966632369753575,19.316165550862124,19.328419940186592,19.323020387817987,19.300233629579925,1.6567319143341677,0.3657415022482464,0.08289709842903825,0.2251839744972073,0.22551177510002765,0.22527814642704225,0.13943175686593423,0.13912647163840688,0.139192808229166
20.0,0.0,30.0,30.0,0.511178931810323,0.4698208392220293,0.4916207527737181,-0.8473224666665243,-1.0372303714564572,-0.9194055976945334,0.49222525200981015,0.49451192248134035,0.4931432503622815,8.594113629935196,8.589119859156684,8.581423192384367,8.56389862638768,0.07998448677903147,0.06466862047448582,0.044450033230287095,0.10689699166990915,0.1070364772076637,0.10703235374039449,0.06233847808926117,0.062467153873578735,0.06217516693650259
50.0,0.0,20.0,-30.0,1.2455583684306153,1.142120345328243,1.187437476401082,-0.7642982600287572,-1.01623809107318,-0.8908191782208439,1.2071806113551844,1.2081188745851865,1.2094759337808887,4.719910284447742,4.753053456540256,4.698431243068296,4.595668563425815,-0.7381579171456463,0.0884809544934527,0.04093643712877859,0.06126158952207144,0.06093299477153279,0.06104613907045962,0.15325824131109356,0.1535095617523168,0.15340930292334956
20.0,20.0,20.0,-30.0,0.8655965011881948,0.8434517170946202,0.8537582164744254,-2.181400335368016,-2.2903063848916534,-2.2369358735351765,0.8536858584341037,0.8535080510197194,0.8551027854472089,6.3953030064720915,6.395267357345971,6.404758457574371,6.378895505231781,-0.8880549166278092,0.06412335323770034,0.10410309647513956,0.09563538718691426,0.09572799473180585,0.09583383975884321,0.10790119721622435,0.10811010352076092,0.10814105698197658
50.0,50.0,110.0,0.0,1.2448923166246717,1.230222560798857,1.2384364085035233,-1.6992896755390554,-1.7066899583269672,-1.702898325450618,1.2425216653965345,1.2374192235231356,1.2378136303290421,31.571767144685126,31.56047231855629,31.54811086430922,31.413439209085865,-0.47655569344019383,0.5157918908364404,0.5000081862047219,0.3866570569692702,0.3863441805362681,0.38648794531611835,0.15605000262480928,0.15546658145037934,0.1561227873971407
0.0,50.0,70.0,-30.0,1.01166983584954,1.0062036065294944,1.008178239735405,3.1415206071768216,-3.1415144939300763,3.0895342852510903,1.0067733011172295,1.0082137057896676,1.0102430005727296,20.799655886342492,20.806744976205877,20.799013413179622,20.763655696181456,-1.0479837939328014,-0.0018772367631922776,0.40726659683321703,0.2691455029214115,0.26957906026612144,0.2692339949940528,0.12629812954273412,0.1267449384309863,0.12656233618668436
20.0,20.0,80.0,120.0,0.476708863861935,0.454749206379296,0.4728250256845359,1.551661787671488,1.5274831830594255,1.5402864674374153,0.4745351830757998,0.47276181448712606,0.47276914677580995,21.684716678020852,21.698293798181258,21.69814157715333,21.66578782699729,1.5998657249453687,0.15867174834929992,-0.07235750562850797,0.2403310543528358,0.24039420599579278,0.24029623160690172,0.06079865091082932,0.06057970301725408,0.06079462894468467
20.0,0.0,120.0,60.0,0.3910381792998562,0.3461043144174867,0.3623047889366409,0.0403679149243498,-0.0374364080269497,0.0007527730248195796,0.36420911346213486,0.36660214259017987,0.36535548206523843,33.1071515635826,33.09752461022417,33.10659302770532,32.99144041589222,0.540174404220973,0.2083709291963212,-0.00031743790320594515,0.37683346605089985,0.37708381779902445,0.3771823978246008,0.04633757672530489,0.04647411641599969,0.04616941707060846
20.0,0.0,80.0,30.0,0.3627456632247634,0.3525581701885743,0.35747711185641495,-0.7060169565813532,-0.7617236272239362,-0.7297787629695124,0.35661688501263555,0.3591570259801129,0.3585797228031455,22.13797406776128,22.13571527940208,22.13423151823042,22.11086735562658,0.023857729671283148,0.13351007895819716,0.03290976313363559,0.25472248147269605,0.25460327804254873,0.25475092491362766,0.045071826978869335,0.04529766576482811,0.0449869926618279
0.0,90.0,70.0,-30.0,1.9099016255777763,1.8200240851171277,1.8938935817971054,3.1415086799754626,-3.14155939339096,-2.5437529881872516,1.8949923621172542,1.8960609492290865,1.8946337745759105,22.20335916271001,22.206832928090925,22.206364149961434,22.08283314504362,-1.0398004401432859,0.043347399178646516,0.8887934187994707,0.3136390356720928,0.3136708809635837,0.3136282746425397,0.23912248385689164,0.2390822081398166,0.23895051202996556
50.0,20.0,30.0,30.0,1.2513111580642935,1.200422967897725,1.2343598873435098,-0.5444628006632368,-0.7251117022422646,-0.6063114316650969,1.2352933926750833,1.2355793018529644,1.2350107188254755,8.62125879723648,8.617492092576413,8.62173112337702,8.609541620426386,0.21737269892319105,0.17547435209990428,0.12832925047737412,0.11647640188615194,0.11657936059597442,0.11661024977295263,0.15660054741505933,0.15657339659637506,0.15653417121776977
0.0,20.0,40.0,-30.0,0.6423747872387969,0.6310485657323368,0.6362884482774399,3.1415883052341016,-3.141512338884593,-2.8672161188710636,0.6357381478519405,0.6370779903953514,0.6366970097986729,11.969362533262343,11.97612679437216,11.973921313073573,11.957359962817517,-1.0455702666204694,0.0031632551962202955,0.14962105966769298,0.1564204376879682,0.15649092636060943,0.1565541429474799,0.07994241126622789,0.08003706012869302,0.07988646051669973
50.0,0.0,50.0,0.0,1.0399187432829624,1.0304036227077806,1.0367802137507223,-0.9203934665486152,-0.9386369102289152,-0.9264308548287429,1.0356277473328777,1.0380135708209488,1.0371305338224415,13.656796208096452,13.652175099168092,13.64877766330924,13.651419062815435,-0.4094785404272073,0.2450784191605099,0.0492432886647338,0.1586800960066297,0.15854054973318776,0.15875573018538952,0.13154582867894296,0.13172238472966297,0.1314288438170882
50.0,0.0,70.0,30.0,0.9510846886665288,0.9428507789764606,0.9486396132733501,-0.4414976179444687,-0.4556082831823002,-0.44589040820785536,0.9494971431054533,0.9488654633445772,0.9481185750352523,19.222380668030446,19.20999773847831,19.213239320663924,19.189984606259948,0.07446914228033426,0.3153634198989388,0.03966304266122367,0.22071364272680633,0.22074005178493591,0.22075704273345584,0.12048236827619181,0.12031420274805125,0.12040161758129456
0.0,100.0,10.0,30.0,2.1168266554085293,2.1041475640371097,2.1110021376212145,-2.379084970547835,-2.4346883824465344,-2.4033412451959024,2.110021124796324,2.1120662847563696,2.1112381484924163,5.909123564493703,5.915774061595743,5.908505752913256,5.882353131857332,-0.1670510075968298,-0.02973617024851214,0.4252212216578593,0.1337550565756562,0.13385601408797262,0.13375376431139768,0.2674350195656319,0.26760248907250944,0.26734202346223795
0.0,20.0,0.0,120.0,0.9128349424902156,0.7580357754803219,0.8377439726201394,-2.4816103365172486,-2.63614946586767,-2.562154691404974,0.8825638481990046,0.8804566205615063,0.8806529519306594,1.888347894868406,1.8891930018133134,1.8845703771028153,1.2737631756238816,-0.472621779342693,0.0005408356636925067,0.06480264503684872,0.057092069415524166,0.05683277672947748,0.056522671059672916,0.11182352006269776,0.11156918424521291,0.11181217347933071
20.0,90.0,60.0,-30.0,2.1342565969889264,2.1219056810007224,2.128245631226728,3.099222191035242,3.074509669609668,3.081604007726392,2.1277436534089933,2.1283196443114725,2.128577783364374,19.765624458629368,19.780722338136517,19.774998800806248,19.698165179472678,-1.057444814184536,-0.03473951341412599,0.9411821646773646,0.2935693360898383,0.2936914477258457,0.2935393907439215,0.2686683307347379,0.26877453567722975,0.26871344343822945
50.0,0.0,110.0,120.0,1.005051974782567,0.9514990827775652,0.9757361369214738,1.184352403487578,1.1581879205894816,1.1692387395173138,0.9758735977091935,0.9757537472565172,0.9756410652581242,30.179709115331846,30.188365959046006,30.18682623833721,30.097347204899602,1.619384251862653,0.5078797888840352,0.0009985424069185044,0.3426989131651722,0.3428519152414678,0.3428514332215705,0.12405299969459176,0.12402387742630047,0.12404916998391367
50.0,20.0,50.0,60.0,1.1302805719914246,1.0990308879543236,1.1224564509055763,-0.2287882670892349,-0.3016170646412684,-0.24692129541648988,1.1234181327043045,1.1236090260396725,1.1221514854664683,14.27724513497444,14.271031009166858,14.280516577855346,14.259800873904236,0.6390043844725954,0.2590429627865751,0.1578548951380469,0.1785327266234873,0.17871811650126612,0.17878671035411525,0.1422578972083875,0.14210499054789938,0.142087774916575
0.0,100.0,10.0,120.0,2.117860602461052,2.100576728156204,2.107761552263809,-1.385788288432841,-2.038033584421173,-1.6897415957808168,2.1046966040260835,2.1092024619880476,2.1097276860185397,5.012718374679073,5.01397466247027,5.019258898812797,4.9529521757148185,0.9361600183858138,-0.08948636061628433,0.36769051411335074,0.12044233860252623,0.12032364028380385,0.12053901911126871,0.2669457777405391,0.267583443363162,0.26699785503927637
0.0,50.0,80.0,-60.0,0.9619991027694466,0.957043869558546,0.9597679101812095,2.6252441097791084,2.6085185944562204,2.6147682626164683,0.9590219863048693,0.9619644089427252,0.9589327001012452,23.49643326864605,23.50422161200144,23.503230732859066,23.439196712672903,-1.5711956913760436,-0.0003311149024955181,0.4285495853175963,0.2981849213317576,0.2986664698792249,0.2983757667404802,0.12036914228870549,0.12034841095753158,0.11999261151669215
50.0,20.0,50.0,-60.0,1.1744347294247557,1.1444624841775684,1.153189370667268,-2.2645702969756742,-2.3367106494020957,-2.31811868912251,1.1539226795509223,1.1526478432595915,1.1521167365448404,14.252784582236178,14.262615059914356,14.260121953325273,14.237988384303168,-1.451419590480347,0.2680508431889679,0.15821781087096815,0.17852599819175125,0.17861890888748025,0.17827756254076219,0.146054517418585,0.14583433098970533,0.14598038761475368
90.0,20.0,80.0,0.0,1.6769279621220232,1.674768597908051,1.6761660964790634,-1.0050762430015925,-1.0083263187491294,-1.0065291435566666,1.675789592926461,1.6774926789007858,1.6754777636897857,22.081951290829068,22.077298534485355,22.072759621278188,22.041307671290788,-0.40868260839643755,0.6386793874019886,0.18039587487774608,0.2611326873819676,0.26111526454802264,0.26104007816869623,0.21267247424254684,0.21263245516811743,0.2124251535303548
20.0,20.0,80.0,-30.0,0.5944144359845662,0.5844209623446847,0.5900669247355147,-2.4215139816029323,-2.449584557536017,-2.4383572679220635,0.5910770902263279,0.58611249292415,0.5940962233603998,22.700482824810855,22.71718822092136,22.727145573570002,22.678955113244086,-1.021903354438942,0.14582000774076753,0.192303710516406,0.27365335599960866,0.27362281259050064,0.27389303297327117,0.07323105295369271,0.07364951947200869,0.0742797665987249
0.0,50.0,30.0,30.0,1.2278473792219888,1.220963973108556,1.2248570138260495,-2.104763339948578,-2.148312848632376,-2.118495110701571,1.2242233467326198,1.2251950681847033,1.225537567720989,10.116669994135385,10.110944746496482,10.105424744469813,10.096951999134713,-0.004942908855376413,-0.003909550766318952,0.28565748642041855,0.15432093858724039,0.15431274325323735,0.15440682393241625,0.1546811667265507,0.15483372130496123,0.15471459259264317
50.0,50.0,120.0,60.0,1.3710453163747418,1.3206647363468358,1.3380514686794063,-0.5080853978383595,-0.5279835376886215,-0.5187813227144596,1.335442640159933,1.3376667284821229,1.340764851875041,34.213432968531826,34.19772449281446,34.21892690381577,34.0309104743295,0.574999846879441,0.6660034775536786,0.5017542971920825,0.41450214248446365,0.4146534458316982,0.4146149374401835,0.16829793535495363,0.16897346166421204,0.16867271898491157
0.0,50.0,60.0,120.0,0.5303162889359772,0.4967578629472518,0.5161607198818824,0.0007626862044706,-0.1940952776036967,-0.07048839588598826,0.5178718918793519,0.516330949564087,0.5176439707436794,17.221675991694408,17.22882466328163,17.23574450304163,17.202289831949095,1.5905504594590487,0.06419790454930795,0.14929938656055228,0.21105668493590055,0.21120817203213943,0.21125780695808527,0.06453464379005693,0.06450722517549752,0.06470860446836946
100.0,0.0,110.0,30.0,1.9806457431390476,1.9456902380164371,1.9621172611557613,-0.2427234461867982,-0.2591779011671795,-0.24851569683955985,1.9625716678189742,1.9619698851706198,1.9614140108360927,29.664452604459942,29.65477158618221,29.65599243852003,29.578435483360312,0.09653641933610688,0.9903910810596022,0.002776826878944083,0.3325499359004183,0.3324355203834479,0.3325106889700033,0.2494268803239261,0.2492859478806347,0.2493597644710871
20.0,20.0,80.0,60.0,0.509976868435145,0.5018985308297288,0.5081905460931838,-0.5506258033071484,-0.5758830842592713,-0.5586718348789408,0.5079506828355197,0.5093224842124301,0.508109925147152,22.442419953647896,22.43641685531965,22.4420857605967,22.40879653035538,0.5525396177760137,0.16439916553201067,0.11706853684915802,0.26492201620339234,0.26486844936484966,0.26479509140743956,0.06374286688472101,0.06376480114579643,0.06358136784649084
0.0,50.0,50.0,-30.0,1.1143018747278273,1.1109851358844975,1.1123953341850865,3.141322215324046,-3.141459388642616,2.1764825025035903,1.1123773303232047,1.1107840154192032,1.1143539286070172,15.448257889774277,15.46155884897415,15.458547285295335,15.424043037246477,-1.0480310650548383,-0.0006279851881722797,0.3544612730204539,0.2115202494468043,0.21176880242056323,0.21174655327570618,0.139880063500676,0.14013846154955992,0.14034552643061252
20.0,50.0,40.0,30.0,1.219268226722204,1.2072684823560371,1.2134830891514001,-1.6467342381041616,-1.715829837727148,-1.6662860029440005,1.2128064324372356,1.2135214169113064,1.2147739038159622,12.719218233115523,12.713910108589655,12.712110342192778,12.687981452958596,0.059604220384306406,0.09606910011470761,0.318379817110564,0.1818812897946397,0.18182991848122185,0.18187581717681633,0.15306978733687662,0.153307451064296,0.15321384007419453
0.0,90.0,30.0,-60.0,2.123374374664827,2.1151573414060008,2.1190908303553755,2.72147437200673,2.540446317635744,2.5906644978752924,2.118749393574002,2.1189390865888926,2.1196465416324406,11.485735920153909,11.4879251106331,11.48964884488485,11.439154767470175,-1.5792302054664815,-0.006019952759177623,0.6363846303494803,0.1987287379141421,0.1988451895327946,0.19889554486604094,0.2680315805984155,0.26814112710442617,0.2681224672576497
20.0,90.0,10.0,-30.0,2.118884992141531,2.104866243108539,2.112022361863189,3.1392975757923725,-3.141185685788237,1.379813172886718,2.1102334590210736,2.1132450830872926,2.112673452137571,5.948584378802396,5.948779697444013,5.950222008683285,5.9213453382283845,-1.0869773331735222,-0.005417285729363882,0.4327347053326605,0.1354898113888739,0.13543617121976884,0.13547893403358674,0.2674961259272189,0.2678061000717124,0.26742613355714695
50.0,0.0,90.0,0.0,0.8921150793809988,0.888999071850341,0.8907854958435204,-0.9793500030530048,-0.9888453791352396,-0.9844202801585074,0.8905372814448504,0.890618052015028,0.8917046689144967,24.735849589873055,24.737180161471876,24.732973217617626,24.696647541338802,-0.4692417805422771,0.381415214933986,0.030081401900165897,0.28300700640589177,0.2827058152547249,0.28276803222992986,0.11297485533031502,0.11312273260925376,0.11309969748979393
20.0,50.0,80.0,-30.0,1.0278299974496985,1.0185870344359786,1.0223449904001378,-2.726071759887778,-2.746698298551177,-2.7361364805384913,1.0220818062837858,1.02157759222789,1.0236391472866873,23.463445532142153,23.470171133104735,23.468371454833356,23.41754003668928,-1.021364434922974,0.15439322847151912,0.4300863147476947,0.29764183115790693,0.2982109101665518,0.2981835295146941,0.12810513957600334,0.12832333922850883,0.12840259989282643
0.0,50.0,20.0,30.0,1.2968822583573074,1.2872289224499032,1.2919105895692589,-2.1069391235197306,-2.19112174485133,-2.1410102347998983,1.293132537392458,1.2910156419848353,1.2920664858251205,7.46468558183167,7.460010015264457,7.460869671818243,7.448155849736874,-0.01295017436227054,-0.0054570963827285,0.24678422941353123,0.12678192804501678,0.1267159464509695,0.1267090574259919,0.16344541650315936,0.16329462297053013,0.1635710267192892
50.0,20.0,0.0,30.0,1.2865514971179353,1.2783303383325662,1.2833758021897943,1.0889927753297697,-0.5344085726769479,0.2674880135709825,1.285838350854567,1.2816419498760856,1.2832955688542529,1.9787409660704163,1.9867130165731195,1.9776058735948663,1.9525147688090374,2.249100919886995,0.00042634497290565,0.12405840882248674,0.06419637964323614,0.06443452452795186,0.06413289519362088,0.16276359651663502,0.16243819984900126,0.1629719733710002
50.0,50.0,80.0,60.0,1.1161026015183049,1.106107032435539,1.1131458136432286,-0.4919032057101168,-0.5072124798844289,-0.4948913205698771,1.1130331570604097,1.1140622782441165,1.1129022561423003,22.894992536433456,22.881303329125267,22.886895256110947,22.840766661352614,0.5882532324335411,0.37368939246025323,0.28893163192929905,0.28143006485628047,0.2811830649732282,0.28149060176092133,0.1405206250701588,0.14048658758672417,0.14036006614308366
20.0,50.0,20.0,30.0,1.3524555264628244,1.3311167503352048,1.3439369076279581,-1.5274640344579034,-1.739491763021466,-1.6065720024665942,1.3435556776681723,1.3448201693318471,1.3444394755518787,7.364863401085695,7.360895335457197,7.3675993715942365,7.354304191133523,0.12899813559986817,0.059864918219760185,0.2473726149105944,0.12538037040405628,0.1253839394165925,0.1254019749155786,0.1700800551189157,0.17018975380098375,0.1700372651546477
0.0,50.0,40.0,-60.0,1.1744688265590957,1.1687223072073962,1.171112207798362,2.729971325364285,2.6093771960317653,2.6387948459156787,1.1703968896303887,1.1709221393137237,1.1721557134291853,12.78289827972001,12.794817521822722,12.792694421337819,12.76256989267106,-1.5683199913881714,0.005594738611332491,0.32326562390843055,0.1832958371701528,0.18330414535831618,0.18338569723158057,0.14760980675684815,0.14783100017860218,0.14775969195838565
20.0,20.0,40.0,120.0,0.7437180612397541,0.6948059615528722,0.7266048427463704,0.1932042079637059,-0.1765233135459477,0.09084379435846753,0.7291002023600339,0.7269767868847272,0.7269594120463597,11.922695684439224,11.923453976234685,11.924924484924455,11.908346627360183,1.6236885365860467,0.07893524630729636,0.1504276645771143,0.1558662805236868,0.1558210752548194,0.15587557585009207,0.09175203825189505,0.09147245080366183,0.09174437033802088
50.0,20.0,30.0,60.0,1.2486905486686573,1.1761615663825664,1.2238055206724128,-0.0320407038603512,-0.2962842397008594,-0.11827573089330302,1.2252412857765125,1.225419853502945,1.224808347599663,8.675116391308613,8.671373165854096,8.67849387097135,8.665695940799075,0.7367063787421586,0.17297704195455751,0.13247994334494395,0.11777764449971119,0.11781308908049849,0.11803687799744687,0.15531231020594788,0.15524896483138456,0.15523499738628552
0.0,90.0,110.0,30.0,1.448637101785778,1.4364690559099162,1.4431587397592445,-2.0780629645488515,-2.100008720927915,-2.091221900453336,1.4456909883254685,1.4443120183812905,1.4409515380730538,32.601407634335104,32.583963640346454,32.5891241625131,32.40757808181455,-2.5896987174079485e-05,0.00475954189147451,0.9001966642905345,0.4174612926335254,0.41742435003709394,0.4174326155676104,0.18138039273905973,0.1807781925648776,0.1809663786065143
20.0,50.0,60.0,120.0,0.9697220707256804,0.9181987154860288,0.9612739909984136,0.1048078930921733,-0.0849219343149039,0.07384326464654771,0.9620465379857768,0.9624998891663913,0.962085495476343,17.731760674098606,17.743753663008597,17.738977080316914,17.71399118458647,1.6167115819054696,0.1539720956954857,0.29255725932506493,0.22876145401301948,0.2287331664263969,0.22882637353996593,0.1210932499686002,0.12110146433919484,0.12104171817710521
50.0,20.0,40.0,30.0,1.1899503828362643,1.1581108371668798,1.1795486561848691,-0.680029945448903,-0.7662060369119204,-0.7064873115432166,1.1801355147405517,1.1805976099180238,1.1795228878563495,11.465965850061016,11.455224021978536,11.463274199844763,11.46071192439263,0.1533347575321967,0.22083870381666845,0.14395734589233375,0.14744888201694858,0.14732582175878137,0.14741545869150452,0.14953831405910462,0.14946006016699237,0.14940617005423087
20.0,0.0,60.0,-30.0,0.4338036601251093,0.4219515953666419,0.4248281710023241,-1.8620327502607277,-1.894090811570574,-1.8846967983341125,0.4250601578755204,0.4247040406895439,0.42482375196799593,16.726006503310135,16.727228782609856,16.71997785564281,16.70619789527067,-1.0107181383735582,0.11555862285421256,0.048259258502040506,0.19558466799720226,0.19552729125746382,0.19550218559890103,0.053540055283420096,0.053500839668451566,0.05355413287365735
50.0,50.0,120.0,-60.0,1.1676203878548397,1.126181887281939,1.1513674868346933,-2.7563678730531245,-2.783571401836604,-2.769847179739268,1.1518064177272882,1.1517326582036564,1.153305385009028,34.25908693883278,34.27537313152921,34.27878207057492,34.09703656025553,-1.53115087529198,0.5149690273755663,0.49864705302619045,0.4156161489847459,0.41594114898440426,0.41558653064933887,0.1446501653952444,0.14487616992932476,0.1448806838458788
90.0,20.0,60.0,-30.0,1.8302579132131944,1.8225999372577653,1.8246841490129917,-1.4068035279961817,-1.4184248613914612,-1.415298445504049,1.8240330019406854,1.8247480674011343,1.825165619547369,16.329493683072773,16.33375160507712,16.326494587628353,16.30489178176716,-0.8794690618287755,0.515561321868524,0.16663735188902806,0.19590109694602084,0.1958798891538736,0.19565939687445613,0.231432391061822,0.23157596196936403,0.2314788440658844
100.0,0.0,20.0,60.0,2.266971493742051,2.006603015762092,2.095129228664365,2.2588964065888555,0.8709057417537159,1.5702555458623226,2.093847269742816,2.101706998619127,2.1016032210097464,2.868536174841695,2.885741612554717,2.8726626249657667,2.802160592853323,0.5273499573278319,0.005916439396985832,0.14718922445529334,0.05310444143899909,0.05303271057424263,0.053207521378362856,0.26612865071856234,0.26709938225508645,0.2661138653874772
0.0,50.0,80.0,120.0,0.303388357350817,0.2775416680694103,0.2980706729251969,1.656192934647061,1.6073038614694397,1.6197005724744369,0.29837219199639653,0.2990646271270957,0.29870067152720137,21.76391005832864,21.774811356592956,21.77334297545191,21.75311878368687,1.5882335974772404,0.09539918139208868,-0.05885573275533867,0.242863237243796,0.24302655512226273,0.24276412816260037,0.03870553329297549,0.0387366444703304,0.03864846455812062
100.0,0.0,70.0,120.0,1.926321301089981,1.8873978976314356,1.9189920264312337,1.4202761874344605,1.3726340476242975,1.4117200784741368,1.9196540596932423,1.9197472437599905,1.9196940907139972,18.43763069020145,18.44256250836782,18.441981970272778,18.419425053796978,1.7184317749558788,0.598092933758381,0.046260339396546106,0.20574779155550074,0.20575173459621318,0.20580598039138917,0.24383155529308867,0.2438371014783459,0.24383095047430786
50.0,50.0,80.0,120.0,1.0261752426801225,0.9996474789084696,1.0213051579694286,1.1368906680059825,1.1008749800033928,1.1303734017345919,1.022393155848611,1.0217277042818294,1.0213202204640959,21.946214280167204,21.946223672192296,21.944727499307362,21.922647960307394,1.6409338141738958,0.3878184235989756,0.0418258879642218,0.2512589842373898,0.25142585515423066,0.2512994499550144,0.12973537309059743,0.12958597056662052,0.1296909686085519
20.0,20.0,0.0,120.0,0.9911991513792504,0.844144332879571,0.9221604899687749,-0.9777438748898318,-1.698394664523588,-1.3407871363366546,0.9513625465320972,0.9546183742822952,0.9511997498270709,1.8968297951025355,1.8838148790798432,1.9080347448909734,1.4027520940700147,0.7486473970873593,0.0005559910563612677,0.0721238609545796,0.05746991392769531,0.057261027116277896,0.05747095822802423,0.1209360019313899,0.1209381877774891,0.12047369489865861
0.0,50.0,100.0,-30.0,0.9420087981661986,0.9245254931587908,0.9325019087200388,3.1415354918775558,-3.1415182053106445,-2.6503245521390717,0.9343825573960722,0.9303180034630625,0.9353257956687128,29.014238284223385,29.021192446448715,29.016553189077797,28.89368492321699,-1.0470193071462661,0.0044692694677182865,0.5000349589909251,0.360078923368376,0.3601244347142738,0.3601636751134539,0.11623293906231313,0.11637223274297036,0.11686325534767851
0.0,20.0,0.0,30.0,0.9128349424902156,0.7580357754803219,0.8377439726201394,-2.4816103365172486,-2.63614946586767,-2.562154691404974,0.8825638481990046,0.8804566205615063,0.8806529519306594,1.888347894868406,1.8891930018133134,1.8845703771028153,1.2737631756238816,-0.472621779342693,0.0005408356636925067,0.06480264503684872,0.057092069415524166,0.05683277672947748,0.056522671059672916,0.11182352006269776,0.11156918424521291,0.11181217347933071
20.0,90.0,120.0,120.0,1.4312774027749082,1.3826255371127385,1.3956054471059232,-0.1749868192237147,-0.2677494539789806,-0.2521709051923652,1.3939144647255832,1.3961366690989827,1.4003322143335308,35.174955179618465,35.18275108478231,35.18224337110333,35.01266424670469,1.5867156580883268,0.21763785618493345,0.8997652486626503,0.44391932893248864,0.4443458082529991,0.44453087144527365,0.17454205506552495,0.17532776646268758,0.17503462401937953
50.0,0.0,70.0,60.0,0.9535068212790884,0.938735702194112,0.9493873044432556,0.0841166177676247,0.0605629789702311,0.07683569729416789,0.9497693008442059,0.9482366476172089,0.951031244866296,19.216074166356947,19.216246903568123,19.21526183078355,19.191275432860458,0.5981317348108494,0.31559575294952746,0.04007694230746755,0.22093026504897298,0.220621428357109,0.22082579474047817,0.12034088902395786,0.12049779965905197,0.12067922528147108
20.0,50.0,50.0,30.0,1.1534002681488564,1.144920881133907,1.1505708903644816,-1.6764226953204917,-1.7121856805398472,-1.6864088393022165,1.1511524033262102,1.1510322321638669,1.1500829190703705,15.394888277444233,15.382971283823355,15.382666753344015,15.356794391664101,0.044592446625849505,0.10893840612390324,0.3476338208493082,0.21028296059303006,0.2100787955962845,0.21012290370667044,0.14513748680409488,0.1449932187381355,0.14501527491658114
20.0,0.0,50.0,0.0,0.4461820472664857,0.437196784360654,0.4424623117828324,-1.3751300495865444,-1.4186708850654417,-1.3922794794375282,0.44210388671068274,0.4429383420431329,0.4433657782972249,13.986437725188702,13.989902010040513,13.993781069448834,13.988544035420551,-0.4786961392043575,0.09914223017826466,0.04835870432056388,0.16504135324143607,0.1648694634477739,0.165087044209555,0.05575140027127629,0.05589731755563952,0.055804234318645875
20.0,20.0,50.0,120.0,0.6979094132123342,0.6519221812481427,0.6861401016151463,0.1806210513194301,-0.0721208607932172,0.12278987412765682,0.6874248207970242,0.6864680581632852,0.6871938387926815,14.60874971449212,14.61352203533453,14.619408605349362,14.586212397793734,1.613426373472593,0.0977462604809411,0.16302624206844385,0.18492913256771074,0.1850421780562695,0.18512362779893277,0.08635204901425049,0.08631575104789531,0.08644486309646213
20.0,50.0,80.0,120.0,0.5368531264511509,0.5117240008353712,0.5318420355119171,1.297617153734287,1.2584176967635283,1.2828023733454095,0.5344823158610154,0.5313057358855416,0.5313338745293842,21.842636794207426,21.845853647632715,21.83260508901188,21.821649442136213,1.6065977156944684,0.19702004562315567,-0.030137839922420893,0.2459709647260222,0.24559804220048687,0.24567568717974958,0.0680100422864971,0.06757741914906903,0.06800686211746994
100.0,0.0,50.0,-30.0,2.1015616175655447,2.0991582144565197,2.100270740383736,-0.9654402895520864,-0.967356371061008,-0.9663397085668942,2.1005864918970736,2.1008614243086425,2.0992921886340836,12.243873973138454,12.248018915484835,12.23779966678123,12.234815128256328,-0.8318350477900835,0.41187237521860187,0.04597650039548508,0.13013966899863452,0.1300428330127864,0.1298867069223575,0.2669223327190996,0.2667488948508618,0.2667129589072394
50.0,20.0,100.0,120.0,1.120622755674119,1.0722618588451756,1.0934545565128266,0.8345073487404763,0.8065418726565892,0.8178379496473099,1.0936574809355895,1.0928594711863864,1.0945107514517078,27.991144364392245,28.000314229839727,28.000461324136307,27.913627829937887,1.6283140859896328,0.5075920969598694,0.20026508770473558,0.33040198903553886,0.3305903124057526,0.3306125783056837,0.13821309908391444,0.1383225338973257,0.13842408109634552
0.0,20.0,70.0,60.0,0.4983575543910882,0.4922744957305767,0.49517071667961027,-1.5701408051822874,-1.613192733336566,-1.5886759958424013,0.49467845732019883,0.4941282925536226,0.49725544940203825,20.0232194511399,20.017990136486947,20.026154191738115,19.990932717674998,0.5228247149402911,-0.0027213286138660377,0.17916463480041867,0.24356584512317636,0.2435801918816579,0.24371888271299352,0.061283902254292026,0.061612843099636536,0.061677496156275685
20.0,20.0,90.0,0.0,0.6295456095558081,0.6182593961983492,0.6251277840472296,-1.7587614317053968,-1.782024672886213,-1.7692174999511898,0.6258993752361356,0.6262084764374249,0.6247823281175321,25.424232083983565,25.425225962149057,25.417798612585347,25.374523390854176,-0.49577455739312837,0.2015724119938005,0.19993144098867066,0.3037559849203656,0.30355486827385675,0.3034233789123737,0.0783455874067413,0.07820604144237675,0.07815901576078746
0.0,50.0,10.0,30.0,1.3678836932137144,1.3564126110888626,1.362682478363721,-2.16511119819807,-2.312686600849736,-2.2264826232481045,1.3628390195816917,1.3627040830101755,1.3631928864870502,4.825244881175122,4.822991250854318,4.821987967817065,4.79722456447682,-0.05777111145754371,-0.00819533736682934,0.20277803495768962,0.09928667948424104,0.09912234183954176,0.09921534186448468,0.17257419596773194,0.17261493843083373,0.17263010440805318
0.0,100.0,50.0,120.0,2.152492829322817,2.118854840245449,2.1288917192015857,-0.5574695515064627,-0.6556332516251205,-0.5777551995535397,2.129538058958949,2.1305013065447933,2.1269040111303297,17.008937659419367,17.020015243922547,17.026446536164915,16.980397743366378,1.560184870612837,-0.02737954918540823,0.8360469346599058,0.2600908076745319,0.26045854056687534,0.2605617087233116,0.2692369172818598,0.26888619024596083,0.26878794226952923
20.0,0.0,120.0,-30.0,0.3655277467198818,0.3213984911215512,0.35412598054948824,-1.5268317047086042,-1.636937058861727,-1.5711463798412506,0.35741340534329863,0.3593706122801687,0.3584850568163753,33.104137523448216,33.105051565866624,33.09621262628927,32.992097571287424,-1.0309956459817529,0.20322356821460716,-0.000372137373114923,0.3769064702520881,0.3772714863409819,0.37717744876169257,0.045450329425988235,0.04556540113918252,0.045310472573929075
50.0,50.0,40.0,-30.0,1.5346062598441474,1.5241418260060169,1.5279196595899882,-2.042495380766419,-2.071543481527562,-2.0620264769643692,1.5289388779723605,1.5280818389995627,1.5265132482531323,12.286954653252897,12.296236586853263,12.28752557717328,12.259548667419125,-0.8808196068947708,0.2571487797076933,0.3102363431679209,0.17466736070449737,0.17469628711997828,0.17445618473056615,0.19350780441476015,0.19321549877250577,0.19332103272591666
50.0,0.0,40.0,-30.0,1.098946645930816,1.087888147929229,1.091361104671662,-1.350989877060646,-1.3753554522560485,-1.366577363996587,1.0910037812561015,1.091485927133658,1.0911842957743874,10.799725981501398,10.803010610638186,10.801915208798201,10.789702506720811,-0.8969929496780408,0.20356135506298817,0.046066905290888326,0.12628118834590285,0.12625392474078434,0.12613123780714888,0.13851416121821836,0.13853251569573036,0.138469476638738
100.0,0.0,80.0,-60.0,1.87656122038499,1.8654126957233872,1.8679454447133041,-1.7775924151561748,-1.790764646401528,-1.787063784795264,1.8674269349956683,1.8684104267537018,1.8675626561641152,21.333561038388453,21.343821139797193,21.347960977482632,21.317437214634538,-1.444308885751371,0.6789127318037151,0.04285265613006695,0.23943690815970675,0.2397105160777001,0.2395780081625,0.23727479686849648,0.23730299007108063,0.23716682221403554
20.0,20.0,100.0,120.0,0.6066815977276826,0.5649578087649787,0.5820303919381089,0.4477263015546655,0.2910763394725138,0.3424494896891338,0.5815649945250642,0.5823093381567694,0.5834860502813964,28.147835377311747,28.156541904502195,28.15498342466088,28.063979170327336,1.5945466585583548,0.2119977711601418,0.19632915374222737,0.33323644297785254,0.3333104640933539,0.3333404926879863,0.07261552643891371,0.07286181592690878,0.07275919872151829
90.0,20.0,40.0,60.0,1.989442601339632,1.8935556405117704,1.959815012396961,0.4737826836256961,0.2573426651658877,0.4085231361784732,1.9620874432054258,1.9606470319605853,1.96160862122903,10.19692825875869,10.195853088280186,10.201476702484182,10.19765768235993,0.7932625839249863,0.342585106016472,0.14036468023075432,0.12429438814277079,0.12441465407158271,0.12445308230629151,0.24894945333468105,0.24888622124688223,0.24907272483537318
100.0,0.0,20.0,-30.0,2.251261637096746,1.9960306616725527,2.0958802358490662,2.5935745390669287,0.0280547422663417,0.9409484610771776,2.09599073258203,2.0974559467974716,2.0990268012527515,4.999514198841473,5.0035278251324256,5.016285969765212,4.451752383937369,-1.48989422575881,-0.1156523766107928,0.22919346948324482,0.09508898412951049,0.09490404225867975,0.09532583419268581,0.265900611271061,0.2662927657763544,0.26609519889743505
0.0,100.0,100.0,-60.0,1.686597941315237,1.6723611153539248,1.6797122357331113,2.6819074169653754,2.6199343592167703,2.6362443981527357,1.680102366785749,1.6797635894976528,1.6797223305798175,30.210150494872202,30.213392877121624,30.212377416798407,30.016670914187007,-1.5695308879944778,0.017836287106401807,1.0002469377825114,0.39792587127170354,0.3983464856678074,0.39838773444064796,0.21120947444038035,0.21115324920749376,0.21121146528662135
20.0,0.0,70.0,-30.0,0.4074364924555824,0.3998623357486756,0.4023749340184887,-1.839533572657385,-1.855520953295692,-1.8509917130277882,0.40189252481232074,0.4035229897516628,0.4020767486321467,19.44066131326303,19.453036707117764,19.440230822510514,19.422194009845384,-1.0171848635129201,0.12908504312316205,0.04562352772439679,0.22547543998904215,0.2257293807475438,0.22561743421730984,0.05074775292749864,0.0507705388616213,0.05056219753653325
0.0,20.0,30.0,-30.0,0.6984760569052232,0.6643757388329427,0.6831767044616583,3.141574586541875,-3.141579221332501,-2.7248217926506135,0.6873652515544671,0.6825712572645043,0.6837712005230518,9.322668374863868,9.323721889915829,9.316511395786696,9.277977217627614,-1.0424873893767843,0.0049428590516311065,0.1312082166741711,0.12852307468038932,0.12856430202244148,0.1286077294782983,0.08632950238282878,0.08588142991432623,0.0864847361418883
50.0,50.0,120.0,30.0,1.173573244211814,1.1423118965863217,1.1550982396743554,-1.1844927850514346,-1.2091754599705828,-1.1989522606872656,1.1548515420339514,1.1550961200049121,1.1563071972388896,34.278479800510375,34.27045650047161,34.27749722215461,34.10025768845523,0.03978145261630877,0.5169774356456188,0.5008141219507741,0.41580794256584547,0.4158215053762416,0.415713682535524,0.14506658637094805,0.14528040194954778,0.1452596083645735
20.0,20.0,60.0,0.0,0.6539546105465757,0.6517648261548924,0.6528184239276961,-1.923721116109524,-1.941644782635412,-1.932492905118594,0.6524117170092434,0.6541679001038274,0.6521272810268385,17.292275648919965,17.30128318812586,17.289135227226815,17.270137763600506,-0.4876054413123621,0.11826992943276737,0.17304750672729344,0.214023518725929,0.2141753799456961,0.2139622653114256,0.08201689877161478,0.081992665326339,0.08178458581406595
20.0,0.0,80.0,60.0,0.3672342550631513,0.3538021738081456,0.3612815556680387,-0.1776412727275148,-0.2309789303424055,-0.20480069853953992,0.36407674803151635,0.35883816232997295,0.3627559972540215,22.144411603493253,22.131669613958593,22.134078741453173,22.111483974134263,0.5477242841587151,0.13492217417288319,0.03324933770221988,0.2549231255066121,0.2545848313749844,0.25467493895821985,0.04548010658340957,0.04533757758159834,0.04598243889740088
100.0,0.0,120.0,30.0,1.79460219029242,1.7671051313655015,1.7766061806877305,-0.2923751871534935,-0.3104401936712383,-0.29933313041554954,1.7790724297461162,1.7782108302578303,1.7738248642013745,32.620883690175944,32.60643585282296,32.61271717115345,32.5018538041808,0.08053740247327389,0.9911801013021008,0.002252848555997108,0.36724765155354144,0.36718963694327955,0.3672105451142496,0.22615706938129937,0.22550509578245612,0.22564181200237277
0.0,90.0,100.0,120.0,1.5462540250251258,1.530244782618731,1.539043433415392,-0.4174264546244665,-0.5284224095560126,-0.50477206231795,1.537991656692269,1.5396226608127959,1.5404068251042045,29.979860618219977,29.988746923657835,29.98981082591489,29.804837074312413,1.5720041145871289,0.017741112758647554,0.8990927151181374,0.390873293729246,0.3912663674526925,0.3912618855595295,0.19324502589518533,0.19353373485337513,0.19334584214841302
90.0,0.0,30.0,120.0,2.2113981265614204,1.8468954511687063,2.015737333165508,2.214340156312697,1.4248903110410611,1.8784918401010011,2.0189291288973252,2.0244236766375496,2.0222717979133216,6.3573637656193105,6.354370565656041,6.350541426621056,6.357157024040878,1.887144735248103,0.1901085620465712,0.09859883608665507,0.07180486425250798,0.07155137986110989,0.07155892846914087,0.2566698353310561,0.25709799226477353,0.2564071086522817
50.0,50.0,50.0,-30.0,1.4649923154792337,1.4555774446348106,1.4588907860190818,-2.130611852758981,-2.15526798761382,-2.1473160193001717,1.4570423280438884,1.4595953166641513,1.4597279679396236,15.094151010172773,15.094390869395806,15.087204203626946,15.06375216949174,-0.9245935218456025,0.2918063065159717,0.34605033026244064,0.20521946949405837,0.20530880398866133,0.20541142728302814,0.18433578926992422,0.18465839044280405,0.18434242417767568
50.0,20.0,80.0,-60.0,1.0187324751680338,1.0106144076060273,1.0128098247226738,-2.400406229477458,-2.4126887684376395,-2.409699455271806,1.0125298445580289,1.0121780771994904,1.0137840804169769,22.555659765276705,22.553558865267224,22.56151384673978,22.51622026068845,-1.5062918799777794,0.3673380805103527,0.19148088626648752,0.2706674838236138,0.2707893493692745,0.270614399971565,0.1278356242672373,0.12800036977735105,0.1280326315473738
0.0,90.0,90.0,-60.0,1.6531536081485525,1.64139152850446,1.6475497149261826,2.6636255417712404,2.623411402598184,2.6319745003079795,1.648087439723292,1.6483299461346002,1.6482812579663482,27.370348827663054,27.38178556403155,27.37080158323779,27.22356819109568,-1.5698056455714078,0.012660266978946904,0.9000437501231479,0.364478036514697,0.3647185288311489,0.36455458524236256,0.2072631887080006,0.2073143934940102,0.20727636735236604
0.0,100.0,100.0,60.0,1.6858716793113933,1.6719040533436618,1.6793923155036594,-1.525751999715399,-1.5775742546633806,-1.562309265325648,1.6787319947063621,1.679916361661883,1.6801869348806733,30.21170183915652,30.210688568213122,30.212090690486278,30.016647315927216,0.5240380466947351,0.009805000463196874,1.0001540181020123,0.3983123988352488,0.39794525917838064,0.39830567867697997,0.21109222962167498,0.21127258796474796,0.2111153186955362
90.0,0.0,80.0,30.0,1.677341909531635,1.6701633660473822,1.6748089195142017,-0.2290759580211447,-0.2375917989074566,-0.2319754016373897,1.6749561586232127,1.6749565148517238,1.674867548236044,21.431640315883254,21.432405788452975,21.432487817736142,21.410128437437358,0.11341127385916004,0.6116186415047014,0.023420138425049492,0.2403397441497212,0.2402173712174659,0.24037836236586466,0.21277648983301456,0.2127681597992284,0.212771603047132
90.0,20.0,100.0,60.0,1.9217720526253232,1.8868623230118144,1.9030564240763845,0.0742154278937692,0.0564091792495677,0.0681221278263734,1.9034226015364883,1.9034620391141461,1.9024234196957266,27.529465595632978,27.522891789373396,27.53652803834278,27.450649934258696,0.6281468315814389,0.9050733947317882,0.20348119414162782,0.32161860543770293,0.32177961979190783,0.3218495036393553,0.24154376862051932,0.24142525162556053,0.24142411557684618
90.0,20.0,70.0,60.0,1.732049500503584,1.714213027768589,1.7282519757232007,0.1037101534099817,0.0804706611984654,0.0994914269791803,1.7283377555068478,1.728476639457285,1.7287001249188674,19.194752633466635,19.18457800049621,19.19439250593316,19.168349281558765,0.6594553116826326,0.5737107359555486,0.16379534493340647,0.2274751245400332,0.22740271396427822,0.22751808308480093,0.21925003392339434,0.21929358138207924,0.21927796264209418
90.0,20.0,10.0,120.0,2.109144592791824,1.8991049910764417,2.0177517834830816,3.137766172122277,-3.140947545908521,1.880002246222526,2.0215829834859655,2.025234985556006,2.020138512913535,2.2116494287283768,2.190901530722693,2.191616099979136,1.8905923013856663,0.6996202472277242,0.04029580864212935,0.23951440158373832,0.08150190388483886,0.08135225476882516,0.08149833299330847,0.25678747587452133,0.2566021801254084,0.25613624424142645
20.0,90.0,20.0,60.0,2.122897479824686,2.105721145244619,2.1150457106118665,-1.7647054091699994,-1.934174958553424,-1.8259734433181027,2.1137320176477927,2.1162308371523624,2.115897861757315,8.694196132667575,8.685553537809362,8.686647831053921,8.6448262954367,0.42923755109048845,-0.0502828036609997,0.5239335416949801,0.165324346357011,0.16518463586964185,0.1653812828008168,0.2677343046391688,0.268014079098934,0.2676947853499424
20.0,50.0,10.0,0.0,1.4272160443519246,1.4119021848188489,1.4205801505768076,-1.807749908768839,-2.018039266637557,-1.9029328216435129,1.4203476397611463,1.4204547469130204,1.4218806031238957,4.616335514032265,4.615029385544457,4.611124290848383,4.59237096943656,-0.21323481941494743,0.04453131043912437,0.20185813614894893,0.09674246058774469,0.09669866043213156,0.09675967848070549,0.17988146248509654,0.1800747973780835,0.18006001431888558
50.0,50.0,100.0,120.0,1.3671296016681629,1.3301504290262012,1.3432372023027581,0.4553244139655855,0.4119067349450143,0.42292544604012117,1.341933654303205,1.3439691950284371,1.3451516832545813,28.84307664867601,28.859418268928845,28.86040541246499,28.722188488520295,1.6279394173928425,0.5204757162367561,0.49976058869879275,0.3569573203505144,0.3570926397962922,0.35716781610147397,0.16908525877840955,0.16948400337112027,0.16923129179742485
0.0,90.0,40.0,120.0,2.148149074645727,2.11402255529668,2.127071706892653,-0.5674739793950514,-0.752005048307035,-0.6096325013692113,2.1285922830395543,2.128674009702727,2.1243397277964258,14.268760720355848,14.278602602762271,14.284176343848545,14.222159861767693,1.5509140614005479,-0.035153844910123154,0.733581773788427,0.22948548272948258,0.2296296681823214,0.22955933409914353,0.26928213986535804,0.26873951581646943,0.26876467243261415
90.0,0.0,60.0,0.0,1.8231746041973795,1.8122277351155216,1.8200806537490162,-0.649225103223767,-0.6651372465883608,-0.6526553548679828,1.8207115046130262,1.820569451997395,1.8195339207595074,15.664238158415081,15.663908093962146,15.659647744243808,15.654002819886173,-0.3606399382625343,0.4804389984509875,0.04700379250130442,0.17464623592960438,0.17460240904323893,0.17439557526747715,0.23127944811647416,0.23113177944785804,0.2311444147515941
20.0,90.0,70.0,0.0,1.9909644425460344,1.97667582093554,1.9852701060513513,-1.785260198288731,-1.802979578912296,-1.7918721672521345,1.984501190690828,1.985085728505295,1.9862277304966016,21.476720628468918,21.47521429944322,21.473178345260436,21.390683500465645,-0.42072617522441375,0.4878167519230897,0.7386190817811757,0.29568864951851404,0.29571084410697435,0.29550371273954507,0.25073633131841927,0.250961391740912,0.2508866119469223
90.0,0.0,20.0,30.0,2.287286657253784,1.9948453262517771,2.0738955791623623,1.7398958508742803,0.4089760013817798,1.0740290760807982,2.0751016588517794,2.0763669594386167,2.082398298506803,2.883843651103584,2.884925491822583,2.8918344660344957,2.799237686924114,-0.03056718596634437,-0.0005603203941518966,0.1405588725669198,0.05212643909237191,0.05201760365839479,0.051978367243820656,0.263193840620874,0.2641218844452082,0.2639684724491367
0.0,100.0,30.0,120.0,2.1411967095091096,2.1130033062337463,2.1254755839930195,-0.6089934376014262,-1.0029950843621842,-0.7191953239025167,2.1260955299609914,2.1259954432420654,2.1245544853703042,11.486970423541708,11.503814407767965,11.491860451376802,11.427818716619525,1.5155174497754478,-0.05942919775686273,0.6265694490110868,0.19802731589535433,0.19769977334423094,0.1980948442845123,0.26904946064403135,0.2688581457785356,0.268872921548141
0.0,90.0,110.0,120.0,1.452987696950013,1.435695862212138,1.4432552166682269,-0.4568047399536193,-0.5276151992406211,-0.5126912360601623,1.4457260946311177,1.4441071478297711,1.4413812089814133,32.58474066426451,32.58985275548463,32.588662535680996,32.40651763526909,1.5712988871143254,0.011593219071224056,0.9000914177003567,0.41729557781639265,0.4174111481266776,0.4175129867451671,0.18135444870590622,0.18080374267363403,0.1810143036842114
90.0,20.0,20.0,60.0,2.135258107020496,1.9692085579318472,2.0702384437032517,1.6851212258621002,0.4684811381352687,1.0896790781777321,2.0709228578898875,2.071752097774477,2.0774088340681107,3.3232589205010874,3.3369779065850107,3.319539325321759,3.255095449883028,0.9185535763245146,0.08917557274344047,0.1597900551364597,0.06125691762578274,0.0611974609533065,0.06092234371031362,0.26265313474587576,0.2634643358931596,0.2633578557046418
90.0,0.0,70.0,60.0,1.743788057816895,1.7253570153597704,1.7402485807931443,0.3345617286354753,0.3123392486941392,0.33002986834825077,1.741902431262397,1.7405639756447915,1.7394221815649702,18.59431634250384,18.58878256031739,18.58857718860996,18.567218003569113,0.6579813170894515,0.5491461450573649,0.036774759532317756,0.20826919257700396,0.20816392868255149,0.20823809593833967,0.2212455064937182,0.220921862867891,0.2211046878958327
20.0,20.0,10.0,30.0,0.9496080716550596,0.8632363576735285,0.8875732616618784,-0.8555360195266659,-1.6036526318571682,-1.3422134083755415,0.8886331932854444,0.8893430484791771,0.8892895698622687,3.8496513582203784,3.8456189905669422,3.8499305662928216,3.827857438460022,0.23974200387726607,0.028528094345201226,0.0891291297478374,0.07063617380508318,0.07049525863147407,0.07068636387282098,0.11255349968956387,0.11263658594323182,0.11254841701497491
50.0,50.0,90.0,-60.0,1.4583550767974565,1.4297301076239524,1.4471493937559434,-2.68156375882024,-2.700070294075204,-2.6911769383114215,1.447350945069964,1.4474967636671,1.4470776657962232,26.14105335860381,26.146168930744764,26.15034000051382,26.03278817811297,-1.501520520329904,0.5141363702369486,0.4982252298262095,0.32835017903014163,0.3287357412907707,0.32856613554583475,0.18265300786405328,0.18263286594409042,0.1826233312994215
90.0,0.0,40.0,30.0,2.0019814189549106,1.9161239862429151,1.9718920368611779,0.2211079673662135,0.0415124903700255,0.1611362878529727,1.9743616970434428,1.9727850805236278,1.9727920838967676,9.411520583855541,9.410592552943035,9.413388341517129,9.409242496683047,0.24803978270307403,0.2913962662655255,0.05491802946661754,0.09902977367759411,0.09909535896586386,0.09920103903109924,0.2507112132299377,0.25051321780455554,0.250716471555359
20.0,90.0,10.0,30.0,2.116439553175172,2.103336172687846,2.110825842627583,-2.477032091943592,-2.4893560214526165,-2.48189894194682,2.1071440285688747,2.113575784505613,2.1120890518639954,5.867110917261411,5.876630971594019,5.873584568067475,5.840729184230078,-0.20939658664424007,-0.03706574166608438,0.42255109710675703,0.13292131774897226,0.13329946554769825,0.13312573289647836,0.2673149262015675,0.26790345382075725,0.26711136566500754
20.0,0.0,30.0,-60.0,0.5582384350346576,0.5028155360359484,0.526350283533685,-2.2151235171053387,-2.465685143535393,-2.359434080707458,0.5274575804542838,0.5279994584763481,0.5240030442735358,8.511463838771684,8.519693611566812,8.509736714613613,8.492001693232753,-1.4805797421244469,0.0726399426942303,0.039373600048550624,0.10457888933081963,0.10483713217424973,0.10446727562728456,0.06693548649149061,0.06647754739604336,0.06640734025148463
50.0,20.0,70.0,60.0,1.026258725004192,1.0142434206884985,1.0233461303052573,-0.2867781650673421,-0.3075435741797694,-0.2916663420163715,1.0233606666665738,1.024371730494033,1.0229939612009384,19.771144715633984,19.769994842214988,19.773868872104767,19.74693130105555,0.5985040684307683,0.3268979827427514,0.1728010550205002,0.2387331572723406,0.23869585363880336,0.23883165869535689,0.1294773176388754,0.12943527756732345,0.1293036509955744
100.0,0.0,30.0,120.0,2.228651499964704,2.037863463400984,2.1128649175041567,2.2588427216868494,1.5324592989087409,1.9848310926584427,2.1127058935998937,2.1173013658443436,2.1159881342964733,6.043731434516216,6.043702317891003,6.041464198322755,6.025853987739982,1.8795723485895555,0.17763118040972845,0.10029621714282475,0.06575812099548707,0.06566651131340313,0.06562430433211074,0.2685118272345799,0.2689600812061258,0.2683647261115403
50.0,50.0,20.0,-30.0,1.6991423660239962,1.6772830603986906,1.690022233246521,-1.565970052084998,-1.668320648433446,-1.6086851757397775,1.6900184767889466,1.6900790143039384,1.690944747977065,6.175185580829933,6.170599911979525,6.170323940505086,6.155856459889355,-0.6200252087353986,0.16118210953940637,0.2198695849264515,0.1069061558917804,0.10673690833685177,0.10676627287993865,0.21421888981069845,0.21432973642761935,0.21432691799550407
100.0,0.0,10.0,-60.0,2.119996505848745,1.9535788527245528,2.0360439421388095,3.140656058378419,-3.1363199327853297,0.23309880212687983,2.0354932291277894,2.034860230220272,2.0409539341699574,5.108839911296683,5.114384967766778,5.117165058091878,5.019318339480262,-1.5731336169877417,-0.002367695426009891,0.3598201920663478,0.12052915727605817,0.12046748464601087,0.12061424979529561,0.2576537174243608,0.2583548691001441,0.2584366028508361
0.0,20.0,30.0,-60.0,0.702099122765126,0.6649479343978775,0.6854916112577877,2.909738031600668,2.6182084308207805,2.714924271940522,0.686270661079213,0.6863937099142077,0.6877704146307165,9.318488229710542,9.324377581842525,9.321445166217584,9.275978352614114,-1.5603268396748464,0.0102006488076243,0.13118637328578614,0.12874053139188973,0.12871165158776499,0.1285016635903664,0.08639953612649036,0.08657943159516178,0.08657095979758218
20.0,0.0,30.0,60.0,0.5105932887296513,0.4434671867353241,0.4829851013508273,-0.3159517587070128,-0.6367748505284909,-0.43632680674329205,0.48526021435344285,0.4846036054087271,0.4851736154548162,8.60427139889988,8.59826372444302,8.601116316364799,8.582842468394238,0.600565340467169,0.062208239605596884,0.045842084129682714,0.1073239024417827,0.10719498451859033,0.10742477137796747,0.0612370024845836,0.06123480941849634,0.06129663373326651
50.0,50.0,30.0,60.0,1.5894823269314693,1.5294384109295165,1.5690361469386347,-0.3652209045516619,-0.6252288564076467,-0.4455610034320304,1.571316632991955,1.5705026930613841,1.568637888784017,9.523357985494446,9.521622206779954,9.527879497426103,9.515130868888543,0.7497831717924591,0.20164540101251716,0.28027567615447724,0.14523451076007823,0.1451541173850422,0.14523623111924003,0.19900634278286586,0.19866456049841544,0.1987689159650227
90.0,0.0,90.0,-60.0,1.653383250902679,1.644172798867198,1.6474497642507053,-1.8568604453775424,-1.8666911303389715,-1.8631490635523915,1.646825718811698,1.6483607737853894,1.64714160380598,24.33146329240156,24.342322113832555,24.330631170939572,24.29860065938091,-1.4709922452758042,0.6880363025248423,0.0367982368134155,0.2751986400477337,0.27526066509123076,0.275356464597743,0.2092907459307267,0.20930855563729356,0.20912980465186548
0.0,100.0,20.0,0.0,2.121104561393164,2.108980021647677,2.1148374212880934,-2.690277360412288,-2.7441745178910426,-2.721876960076442,2.114494466696359,2.115287221830209,2.1147320763826363,8.72137156210451,8.723961554182127,8.716075010245326,8.678390739200221,-0.5627802694426811,-0.01956007021898811,0.53394601721018,0.16734494733034036,0.1672593507727715,0.16734584797572857,0.2677585781241559,0.2677913195587856,0.2676824130122009
0.0,50.0,110.0,-60.0,0.8743790987011961,0.8593689284289958,0.8674725943416121,2.6406978048619183,2.6094902465048597,2.6318426607778345,0.8679232884463094,0.8699457687848291,0.8681826227697808,31.67451184441875,31.687691984542532,31.674989948665704,31.544800251391138,-1.570375197202562,0.007930965532627269,0.49996420418454923,0.3883318608635453,0.3888369945165827,0.38870237953138326,0.10814174983374376,0.10817479020469975,0.10793650375062629
0.0,50.0,110.0,120.0,0.8734776480268573,0.810829370910325,0.861933124740629,-0.3923829397455248,-0.5203518478698822,-0.4954289911897604,0.8630374450253403,0.8652632911718932,0.8630951704399342,31.66613863344445,31.679630293955025,31.667157827513954,31.534707730950203,1.5717794631167896,0.015336411679678546,0.4951293926670371,0.38808755607717255,0.38854500581452556,0.3884670201150316,0.10756036863527595,0.10756361884536021,0.10730099810120196
0.0,90.0,20.0,-30.0,2.1181051186609725,2.1131979047311056,2.1153977172600857,3.1413901183015014,-3.14128633797665,1.522622404614359,2.115214493411302,2.11563267286417,2.1153249451782976,8.726506043151947,8.727056446190467,8.723990392215452,8.684798109066517,-1.0613744568841543,-0.005374215210550349,0.5347534335953993,0.16750534754502713,0.1674857882957392,0.16741232876589163,0.267826238450855,0.2678422642333864,0.2677866432492289
20.0,90.0,20.0,30.0,2.118086443345141,2.1084115789741347,2.114284082407072,-2.271074411959032,-2.3116086029443785,-2.286657659602308,2.113696914319077,2.1142207601612806,2.115164643777646,8.70301405370942,8.696373502190207,8.697156580391894,8.670702456779551,-0.07124752254047222,-0.03768728740203792,0.5274244523881128,0.1652157873666638,0.16497797621061186,0.1650390089993434,0.2675875909830675,0.2677733800479651,0.26769517377040647
90.0,20.0,60.0,30.0,1.8071409035744217,1.787909631675392,1.802640699458333,-0.3558987782328691,-0.3854248886695617,-0.36231551781337856,1.802957715892926,1.8035562670266672,1.8024672809831979,16.316210298702217,16.309941850431915,16.312494590473243,16.288798358834065,0.1657221788329434,0.5087674648522099,0.1589988450236678,0.19499413424533676,0.1948170765529837,0.19508757088979967,0.22882307464440246,0.22875669095896073,0.2286881589896434
20.0,90.0,30.0,120.0,2.138323082406779,2.1097916886448997,2.1242944240085904,-0.6490625612592665,-1.0316573622395782,-0.759197939691142,2.1248139033549593,2.126261580182221,2.1226493789958187,11.47363617343403,11.474629808434106,11.48229088064281,11.406879630713917,1.504413870994359,-0.07102012644965779,0.62364825577094,0.19755217647452653,0.19747733485956806,0.19779433817320222,0.269070019419171,0.26878363772708214,0.26857133381929243
0.0,20.0,30.0,0.0,0.6969715057564151,0.6628090104923892,0.6811816927071788,-2.5826257427405723,-2.6457880665126807,-2.6154210245895047,0.6835603781108258,0.6838756417831248,0.6816536184773437,9.32695507479479,9.326650804590638,9.310315751998182,9.276980029918375,-0.5236366227982463,0.0005965641837067677,0.13088835277282126,0.12897681552429097,0.12889266733519475,0.1290178322224042,0.08619363746169356,0.08597836417860914,0.08592737447873264
0.0,90.0,20.0,-60.0,2.118431243134049,2.1131484466420467,2.115958597448322,2.8648937081362864,2.53673396750664,2.647726670632217,2.115222998391028,2.1156835362184596,2.117187259736754,8.723815769571134,8.725762678036444,8.726442320545955,8.678397597416295,-1.5609559507221147,0.008279090090851385,0.5341196195797943,0.16736314804692332,0.16733774031071405,0.16735641181889194,0.26774209346937095,0.26798850718341044,0.26793620101852283
20.0,50.0,20.0,-60.0,1.392327192237006,1.36146318899533,1.3735203886724239,-2.756004758759103,-3.006799652139523,-2.9098897191162436,1.3725630744330313,1.3732000261103685,1.3737577486543904,7.168257920690372,7.164271197114892,7.171246063544078,7.148944861699662,-1.3716380359766678,0.09029908158973998,0.2349058869659025,0.1216128108211768,0.12154420763114296,0.12167743465698003,0.17375876838726992,0.173897518667836,0.17382379942675086
20.0,0.0,100.0,0.0,0.4278565990069205,0.4181622110740437,0.42373883395055006,-0.996036173609333,-1.033267694490248,-1.014898951587439,0.42535045208710576,0.42169717212610114,0.4251279397796842,27.519461835842453,27.51591058424661,27.511954121049637,27.477881805302186,-0.5003340187399724,0.20208323114725157,8.807469701741191e-05,0.3134903917141284,0.31315878897378935,0.3133179090325017,0.05373672401616042,0.05371683856523157,0.05417605900642254
20.0,50.0,0.0,120.0,1.4840114562608029,1.4727661967947274,1.4781150085167976,-1.28722152857054,-1.902688842553763,-1.5929305303941532,1.4759017299788832,1.478909397725784,1.4794714761205077,2.271873543609965,2.2657513829221596,2.2716878580280446,2.2386465097123334,0.4986240551899614,0.0005622068842956419,0.16391076488812528,0.07406753931937497,0.07388974026821138,0.07406931438729915,0.1872139487825317,0.187666465565286,0.1872898034974288
0.0,20.0,60.0,120.0,0.5585813869816038,0.537421321448217,0.5442863735530191,-0.519024485634877,-0.5806036341704462,-0.5364708720577923,0.5449434290012902,0.5452348818689663,0.5448198311744342,17.350408681419253,17.348666247574837,17.346554569247903,17.33074164066806,1.5701260766188585,-0.001927881397307912,0.1736679724689015,0.21372808464617818,0.2135391465102808,0.21389205448093906,0.06800604993576474,0.06798374503792043,0.06794182407899761
20.0,90.0,50.0,-60.0,2.1287113809207816,2.121927301581468,2.1253646903626966,2.582391482284346,2.5329174216492905,2.5477907826453676,2.125110212742049,2.1258825296853106,2.125529941300337,17.008575966757395,17.01012461035018,17.00600109364334,16.943493627579567,-1.5846193757957419,-0.03370636360282044,0.8392958426749968,0.26201411700248384,0.2620051372193482,0.26184460761904954,0.26853236923175267,0.26859359055560106,0.268474426936892
0.0,50.0,90.0,30.0,1.0127845926582018,0.9923005753593902,1.005586108584377,-2.035575094669968,-2.100771472478623,-2.079508951937065,1.0068561925277897,1.004925909243222,1.005842376651885,26.36813562840821,26.360655444350783,26.356972204497964,26.25536215136478,0.0006675588457337859,0.007686679131890534,0.49895061170513705,0.3325385354878248,0.33233967656258745,0.33232413656738286,0.1259242310790385,0.12580216567883956,0.1260273273471699
20.0,90.0,30.0,-30.0,2.1228344587407832,2.115249774874567,2.1182480520435,3.1121407366713334,3.013311673604871,3.043578180674728,2.118314062927563,2.118477631163659,2.1179366567058855,11.472972510325096,11.473899274168762,11.471949159079772,11.430222970904664,-1.0753600096787408,-0.027779916685874533,0.6350588787593912,0.19867942944874756,0.19858789081978306,0.19857591930572227,0.26803565939582785,0.2679867175156632,0.26796924214570944
20.0,20.0,100.0,-30.0,0.5853848527078246,0.5572866078468551,0.5723985453179202,-2.2791969989581755,-2.335692398748598,-2.30558526265233,0.5745284164737199,0.5715601144918735,0.5728428456690108,28.15838623006298,28.161000660893716,28.158243593787073,28.074483492501056,-1.0244300308265726,0.20288615319533712,0.1994938714928871,0.3335720742821096,0.33362022041773676,0.333498962603605,0.07151049336041893,0.07131719504040608,0.07168765091760855
0.0,100.0,40.0,0.0,2.123955533547029,2.1193934458611,2.1216422263431434,-2.658853062898892,-2.674075438092292,-2.668694709804365,2.1204960376777677,2.12217531480967,2.122546968062175,14.248817838658518,14.24482912764097,14.246690275907158,14.193951005516626,-0.5356687082075996,-0.019112706576122917,0.7379589047455583,0.23023588583231777,0.23009624100441986,0.2302541033438597,0.26815688993973097,0.2683943032015061,0.26817810501448286
90.0,20.0,120.0,60.0,1.7315235294259408,1.6903018311239146,1.70142796034784,0.0098157962406307,-0.0057402323760337,0.0043297237487574325,1.7017041774289219,1.7026515497751837,1.7001492792164736,33.21578380417562,33.209717611731904,33.21040617832661,33.080791786316595,0.6012439538168892,0.9740440185259718,0.2032131012157763,0.38647183135147833,0.3860597864620326,0.3865013385902734,0.21591969279699944,0.21568369341893806,0.21559204208668153
0.0,20.0,120.0,-30.0,0.3605637254483725,0.3458174989904872,0.35317409228194957,3.141552373408429,-3.1390325499931624,-2.843793437011373,0.3574625898172037,0.3574857088495186,0.3535343303753374,33.63749389023099,33.648082273424535,33.637385365054826,33.517892856134225,-1.046763495350959,0.008224017186574782,0.20000414415551795,0.3943456140835792,0.3942968652018544,0.39429522194188577,0.0432082799793428,0.04271591442590409,0.042722269827619855
20.0,50.0,120.0,60.0,1.0264767055481654,0.9858507450461792,1.0001850825435423,-0.8430838140172162,-0.8846617114673725,-0.8724258138321381,1.0016706525709116,1.0016177776536905,0.9978943796273915,34.3403222856412,34.317613804644026,34.33637602435589,34.15219212520635,0.5519037002230388,0.3695228733627061,0.5007204164960053,0.4165979915532037,0.4169705418491942,0.4171252037260132,0.12554587023281352,0.1250627367923814,0.12511844115420026
0.0,100.0,60.0,30.0,2.1372277956649297,2.1210013205586757,2.128231174323898,-2.0712519716326114,-2.1082895709140552,-2.094384312766052,2.127891664377771,2.127896590971574,2.1285002893994434,19.80200222786542,19.796659076371938,19.800815157234133,19.70408843820835,-0.000477212100908797,0.0013086762515315121,0.9423158626561905,0.29392850674371784,0.2940446765941441,0.29393942307573323,0.2686655580565633,0.2687429702765786,0.2687529691758272
50.0,20.0,70.0,-60.0,1.0645686927268008,1.0519995112979257,1.0547941816648385,-2.3782891691715795,-2.400572265931699,-2.396102289670118,1.054077289199643,1.0548670453777425,1.0550459163229002,19.79979514503318,19.808249420816257,19.803914162541346,19.778650021885856,-1.4939622022218313,0.3361628722921921,0.18389706832626018,0.2397906141671451,0.24010845881061801,0.2399469109818015,0.13328453213922947,0.13341043028914323,0.1333046416598154
0.0,100.0,10.0,0.0,2.118675180114975,2.1045316798064158,2.111669642044992,-2.7102201673525865,-2.823298384299653,-2.775673896872088,2.1116872523739785,2.1117928618400774,2.1116585759274717,5.943277071388029,5.942856888694462,5.942146551159214,5.916119129903659,-0.6097791011934216,-0.01449323972326583,0.4324205173054199,0.13533213800219226,0.13535426447209983,0.13543489842212625,0.2675478779058613,0.26753113379134846,0.26752250719492987
0.0,50.0,0.0,-30.0,1.4419062558019289,1.429359409610527,1.4363550679907982,-2.607995129798562,-2.634883247202467,-2.6227945702933537,1.4384516678044794,1.4375093030109882,1.433656894557459,2.2006676137774113,2.216481583846307,2.199731049297017,2.1693504030147963,-0.5312640961720495,0.0005451042912567732,0.1543056503523734,0.07183869192532265,0.07199583168106795,0.07172638086387877,0.18249173093390048,0.1818646817854944,0.18199463056135026
20.0,20.0,70.0,30.0,0.5996263290356464,0.5916331710991048,0.5969107976300633,-1.3977776540217852,-1.423888204968326,-1.406809765432047,0.5961571720093229,0.5977210268076232,0.597449705027932,19.969918759207413,19.965844480560616,19.96207422098901,19.94868916448687,0.028553035416928458,0.12651248656871583,0.17632730835643773,0.24258421482192447,0.24259067504292442,0.24264921705072087,0.07466704354364789,0.07482744317974398,0.0746344816715877
0.0,90.0,100.0,0.0,1.5473814618003086,1.5338482621383256,1.53975997915737,-2.6048735786418606,-2.623692786285066,-2.6139786902307907,1.5413413784146799,1.5409010890284203,1.5379537145371882,29.99489387360732,29.994170828933367,29.9819856535957,29.808344880255994,-0.5235384293380521,0.005245819806297446,0.9002689668473122,0.39132260546237446,0.39137795798480485,0.3909072184638344,0.19370503388999138,0.19330341947164778,0.19335906282937076
20.0,90.0,10.0,-60.0,2.118193855679723,2.10593530752689,2.1122119565487822,3.050445725337984,2.501359871005824,2.7294932287099107,2.110961024382267,2.111449595852344,2.1145589825397573,5.940048587740963,5.9354214666627305,5.938003360615408,5.903580372251576,-1.5125139084316621,0.013034046205838546,0.43126401860657493,0.13526150989962818,0.13508253671343595,0.1351546283264461,0.26732005965168143,0.26777512576185475,0.26771286855027854
0.0,100.0,30.0,60.0,2.126690588587302,2.112928093655904,2.1195591957143045,-1.63936673342302,-1.7506710301718116,-1.6710061924801842,2.11945628856579,2.119031719629124,2.1203663946923443,11.48935516840107,11.469623073748272,11.484064233412989,11.457369976930025,0.4951003810060867,-0.029975906868316842,0.6308778144531273,0.19713603708067687,0.1968166359381836,0.197101651432813,0.2680742943177561,0.26818074900040545,0.26823469771522246
0.0,50.0,120.0,-60.0,0.8182893862493569,0.8018445085727268,0.8105351016725952,2.6609773031079063,2.6065079889985987,2.6369486153156068,0.8109754107264147,0.8111813381161079,0.8114637503877187,34.3778574230991,34.380628576102424,34.37699887543091,34.204419010682365,-1.5702680484720193,0.010572208735285877,0.5001076438293723,0.41750714437977293,0.41795415285383414,0.41790149531053816,0.10066813348696901,0.10073145800127407,0.10072486543700143
90.0,20.0,30.0,30.0,2.107943968841744,1.977509042356677,2.06013974873999,0.3693183390865986,-0.0620483676486856,0.19385047585647666,2.064846406343731,2.06105009337125,2.061823637868593,6.639495816433622,6.640734584810519,6.643496649182187,6.640078226185688,0.35853424053711674,0.22147174737812533,0.12754517570050697,0.08194702682925768,0.0821341392966634,0.08213326028978757,0.26195036009107864,0.2615737218813975,0.2620488284986073
20.0,20.0,100.0,0.0,0.5811747659719191,0.5617503863395242,0.571298715880504,-1.7621834846708144,-1.8111951819435008,-1.786518070411712,0.5714311188217999,0.5722668588372574,0.5713002527841301,28.16642913193228,28.164866199529882,28.15706995308692,28.076139327679925,-0.5009696952696332,0.20169821519774062,0.20002708958753448,0.33357877095624844,0.3336818351730512,0.33353799164880826,0.07137171188754404,0.07137101283942363,0.07125886811604909
50.0,20.0,30.0,-60.0,1.3114161672098263,1.268943175560128,1.2839682623894735,-1.9327277739229252,-2.0859771997310985,-2.032115771918507,1.2832625826937403,1.2832060969892665,1.283683569578531,8.379334009702777,8.380937729812882,8.37759553225907,8.359076803603283,-1.3374648913807272,0.1830714813044917,0.11094754526528201,0.11069055671627366,0.11060323032990006,0.11059752453153694,0.1627119190307736,0.16276470449907893,0.1627712688328218
50.0,20.0,40.0,-60.0,1.242653325194468,1.1998558265919037,1.2131739083491773,-2.145357057649874,-2.257049731824669,-2.222825359530908,1.2131323162002945,1.213274722520633,1.2116379390182008,11.38710482308549,11.391474621943383,11.385171824994567,11.381950020204204,-1.4106926797154762,0.22938053005411863,0.13813888395227752,0.14565820816583208,0.14574357456473916,0.14569783277348436,0.15377429205546883,0.1535826101583361,0.15356944115873433
0.0,50.0,40.0,120.0,1.1922369649890912,1.1409559453614997,1.1667775514544267,-0.5248091769488685,-0.6326243864689521,-0.5515687153331575,1.1679239191582755,1.1685084906283558,1.167619932646264,12.812738245701711,12.818242749545224,12.81579171069961,12.77567265719115,1.5666769551914301,-0.0062221799342186,0.32008109646990296,0.1823717875033244,0.18247016553451137,0.1824772849733094,0.14737857041457625,0.14733623912739646,0.1472764844270788
0.0,20.0,10.0,-30.0,0.8365121890094563,0.7569193315683507,0.7985215901821762,3.140542741870055,-3.13823687245556,-2.233918694156879,0.7996356125604143,0.802213960079936,0.8004181541504052,3.947710460787745,3.9495239547241474,3.950119604357966,3.921068141072415,-0.9788171805061497,0.00883215532403396,0.08399781894790004,0.0710044273681901,0.07112649441862195,0.07109396667194497,0.10139039969618914,0.10150109809845541,0.10117374902265883
0.0,20.0,60.0,60.0,0.5398493822319608,0.5345131962807304,0.5378083453523252,-1.5736080576272955,-1.6117232219532294,-1.5871072579004586,0.5379178372792126,0.5388099306842994,0.5371841332564551,17.33194432948144,17.3242640077185,17.326033039766433,17.306602279516174,0.5226987808922068,-0.0023402206862013814,0.17197805884858425,0.2147387832029092,0.21454367945428887,0.2144294710972657,0.067194554212497,0.06711321940687424,0.06699121166975017
20.0,90.0,90.0,-30.0,1.713591110373193,1.6868914528196468,1.6943404065168424,-2.800886220473563,-2.85567494963619,-2.8440971079784334,1.6954279328095083,1.6945103649270905,1.6941923626178277,27.340779073591424,27.357137960609464,27.33964182455584,27.19425392396873,-1.019915712170803,0.21569212596984857,0.9000171225651665,0.3641035825893723,0.3643072046976129,0.3640850531523425,0.2133003013520281,0.2131802106646817,0.21328681029899432
0.0,100.0,110.0,120.0,1.5935038219804267,1.568307046761271,1.5779707984828168,-0.3641706176389793,-0.5223350551573389,-0.49969338834732635,1.5802981404844065,1.5750124163713042,1.5799715858979697,32.78147358920038,32.79080392821896,32.78286622878383,32.60682527997258,1.5722929840767026,0.024924943885585162,0.9999686132545232,0.423698429501532,0.4238783212602188,0.42416193766401195,0.1979301523904529,0.1978964948225494,0.19856003498011474
50.0,0.0,80.0,-30.0,0.9403468783629676,0.9356702390545734,0.936965216002008,-1.5130118925110532,-1.5249730729772204,-1.5197641124426573,0.9370653026300307,0.93731234634203,0.9366242058225485,21.99438450048965,21.99848368336105,21.986765268875992,21.969568749318526,-0.9828712187936564,0.3567595376108726,0.043280058854122255,0.25241239998853415,0.2523377624456918,0.25242149957791515,0.11892456672468711,0.11884770841403923,0.1188414322943731
50.0,50.0,10.0,-30.0,1.7810704849809098,1.7213074908553332,1.7529067388974042,-0.640191673376224,-1.3200346815194577,-0.9788799682134763,1.7532025897316073,1.7564850399935816,1.752303771434752,2.5818239421265234,2.572757353070781,2.576625917391984,2.5354695834786205,0.0006464374797390431,0.06900967508325417,0.18559798626040488,0.07487748787903162,0.07480106381808851,0.0750282816970457,0.22268062332876343,0.22256515551614955,0.22215147160180182
50.0,50.0,20.0,60.0,1.667517831509434,1.584892542102488,1.6337267329873457,-0.1315981388044321,-0.6389196786891037,-0.32345600305632466,1.6370343404101084,1.6347972707820837,1.633988923349177,6.709256595530059,6.704395653390458,6.712511011293088,6.698655680420306,0.8788812968742288,0.14601050280579558,0.2492575303509878,0.11699343165908356,0.11692513308671122,0.11708464874069295,0.2073639999669578,0.20697330163989702,0.20725600944537603
90.0,20.0,110.0,-60.0,1.7284545822690052,1.692534315962383,1.7174293609522955,-2.067917420414737,-2.08394728738332,-2.077027584114191,1.7173986283236529,1.7191446925073253,1.7184309123018842,30.414666283967467,30.425681854324232,30.430512870554036,30.30974276090229,-1.4852392216812602,0.900421670462531,0.19702051638494408,0.3542923743459479,0.3544086582053011,0.354499694984881,0.21790140632236246,0.21802059535653945,0.21781897367707498
50.0,20.0,120.0,-30.0,0.9249107253590936,0.9026886434764702,0.9175184014483823,-1.8424112535856063,-1.8653734954248693,-1.854577421154857,0.9170918178354461,0.9206149493741995,0.9193084860717569,33.52718184516913,33.53842069348233,33.52917398569644,33.4026228099492,-1.007475898408336,0.504621802089605,0.199108372175841,0.3922614799088663,0.3927391877065267,0.3921872377135342,0.11584535849811657,0.1161482416129984,0.11567215540557406
0.0,50.0,30.0,60.0,1.2316555475159476,1.2196822473912985,1.2251112379821616,-1.5848014041596343,-1.6635765563120906,-1.6061866538477279,1.2255726120276091,1.2247391773641847,1.225429882012215,10.121867486124062,10.118022979495578,10.12180715836273,10.103642796871778,0.5166751644724564,-0.006040828643664353,0.2847858130980264,0.15425379473666237,0.154002566456592,0.15413652745145304,0.15475994544093366,0.15474526995499607,0.15482863424972154
20.0,20.0,40.0,30.0,0.7411784111283692,0.7213075860151423,0.735036058685984,-1.3755075337793834,-1.464354997424887,-1.4054909181582678,0.7354688598404411,0.7341086430314875,0.7366691157549575,11.897149747886173,11.88568289500225,11.89097401037714,11.876838888244242,0.05923004806978136,0.08892973970724749,0.14685665555637348,0.15507527430432907,0.15480471755391528,0.15501171330025926,0.09251439034105628,0.09266628310522584,0.09282770439447142
20.0,0.0,90.0,-30.0,0.3730182842165699,0.3613956890463037,0.36756692097937166,-1.7298235136702838,-1.7952671826031428,-1.7640548442517126,0.36934248701315414,0.36733059683708125,0.3678073796251114,24.895279773900366,24.900743966474057,24.893821775202788,24.855125704219265,-1.0253178325427716,0.15495769395514092,0.03468998063699062,0.28646677193206627,0.286236580250298,0.2861119344146801,0.046441042537189434,0.04623622630250358,0.04649624766404101
20.0,0.0,50.0,120.0,0.4457037213161205,0.3772242422963447,0.42932708911623846,0.7231940878673103,0.4944661879657785,0.6651412489666794,0.4315034414561938,0.43060984159863924,0.4307635583571617,14.003889054364958,14.00618603608299,14.002982219101801,14.001999805700892,1.613709875134359,0.09435820565988112,0.049898842699991404,0.16539848707730181,0.16539831046496314,0.16532779509543183,0.054312978531860866,0.0542201271011315,0.05433364648927922
20.0,50.0,60.0,-60.0,1.124798302448277,1.1142084992084902,1.1172969592068294,3.061434344898739,3.0220862981681047,3.030982344992915,1.1169769306836188,1.1162414813754606,1.1185939390957864,18.0908744652181,18.090346569956406,18.093711107744802,18.05240488341687,-1.5335380323386816,0.1288712351686669,0.38191025105990895,0.2395090344651929,0.23944208051854923,0.2396225245367045,0.14045806134981573,0.14067973633459135,0.14075640080473817
50.0,0.0,80.0,60.0,0.91535958042322,0.9072854547415872,0.9131784454865454,0.0821396117656892,0.0690170566333051,0.07760310915018066,0.9137133109244243,0.9139767193769378,0.9124338715987695,21.955234970014676,21.95692697196973,21.951960209061788,21.932518643751553,0.5862970390424864,0.3470243497142989,0.03133857821033529,0.2510496270907211,0.2510237291139888,0.25099908165888235,0.11603942136201205,0.11587700108831901,0.11583185121335984
50.0,20.0,0.0,-30.0,1.2865514971179353,1.2783303383325662,1.2833758021897943,1.0889927753297697,-0.5344085726769479,0.2674880135709825,1.285838350854567,1.2816419498760856,1.2832955688542529,1.9787409660704163,1.9867130165731195,1.9776058735948663,1.9525147688090374,2.249100919886995,0.00042634497290565,0.12405840882248674,0.06419637964323614,0.06443452452795186,0.06413289519362088,0.16276359651663502,0.16243819984900126,0.1629719733710002
0.0,100.0,110.0,30.0,1.583299374863007,1.5684408133165493,1.5768262091739114,-2.0809566044955723,-2.0966416426110817,-2.092454179041965,1.5785938055672306,1.5740275513819229,1.5799901857876846,32.80100872786977,32.78688219269824,32.78916227136355,32.60855060410138,-0.00011094398022780235,0.004088360120793702,0.9999951175372924,0.42385719746537787,0.4239425598969224,0.424203397290433,0.19769039938259997,0.19787856293002934,0.19843948718935808
20.0,20.0,60.0,120.0,0.6540751539459032,0.6071334722136673,0.6472011249896004,0.1810737702673617,-0.0457180244778814,0.1453908989391841,0.6478899932000772,0.6473728789220901,0.6488279573293974,17.28786021412751,17.293836053554113,17.300866508856448,17.272843413309623,1.6057602878639046,0.11415655106659787,0.1731308039349376,0.2139667144108423,0.2140837546615032,0.2141368137180956,0.0812113610182891,0.08131464230487191,0.0813894484933045
0.0,20.0,60.0,-60.0,0.5548130793789752,0.5472441565469969,0.5513303008808359,2.686647766236415,2.622591977768296,2.63810301380113,0.5515279484226768,0.5511461563890157,0.5515673221833908,17.34624922146127,17.353706059424344,17.349392259869102,17.326425502330533,-1.5699706429704576,0.00361654423748946,0.17691099880906802,0.21516080918491698,0.2151965801112281,0.21526661476714953,0.06879127017030091,0.068799070987102,0.06884092698413874
20.0,50.0,30.0,-60.0,1.3162912357617893,1.2904918968423535,1.2994484438602123,3.1413190107823232,-3.141469168623328,-1.4427078468732562,1.299299042448679,1.2993503643037583,1.2987586893247365,9.974945029746756,9.975992428177939,9.975639415805931,9.958400859133421,-1.4655754045765421,0.10037195085417969,0.28107213528369146,0.15191613432548726,0.15200079724241516,0.15207557526338283,0.16427752698389636,0.16420273498033724,0.16420724351760507
20.0,50.0,30.0,0.0,1.2885364983685028,1.2807306498457809,1.2844783519170755,-2.120677737672574,-2.1535368450469607,-2.1323552705752573,1.2825907634791447,1.2855867217753159,1.2859442292128662,10.023654599986859,10.024167017049862,10.018919695110267,10.006078459405693,-0.4335090827173875,0.08593774041811934,0.2843337407018759,0.15295641966572351,0.15315637774182053,0.15301601066586074,0.1622255696401836,0.16263451203678383,0.16226815841480188
20.0,0.0,20.0,60.0,0.7157394277346457,0.4025570565202871,0.5361038282527338,0.0763987856670577,-1.215348185390534,-0.4899316215181371,0.5469644981216947,0.5477895636823454,0.5472365974155383,5.920743751837381,5.918415061521837,5.927655096531235,5.88825042243726,0.6438300754736977,0.043916107191564545,0.043456769635089806,0.0789750685387638,0.07865129127211126,0.07888774741743465,0.06923471713407695,0.06924881529312903,0.06915919939294884
20.0,50.0,20.0,-30.0,1.368933422257615,1.3553932851890096,1.3612347228318058,-2.4413058959849625,-2.527045987415054,-2.4928863828521903,1.3605413969508409,1.3604862820845987,1.3623578973431942,7.259668762063975,7.258235227611922,7.260564293493072,7.245617604932208,-0.8756872695274456,0.07886328079632392,0.24096009193534224,0.12328539325301925,0.12337726884636195,0.12346911122874607,0.17211618140415497,0.17234025713773185,0.1723530733353022
20.0,90.0,60.0,120.0,2.14757450859786,2.122303161200224,2.130120813596316,-0.5717021748360716,-0.6139235798774614,-0.581008745941533,2.1306728160138206,2.1280065186511434,2.131545508966021,19.755890291323016,19.760476282805993,19.76301054614195,19.729918319720266,1.5611428180094693,-0.03424136568694721,0.9367736564493114,0.29099997535216776,0.2914054616408386,0.2915889460562922,0.2687506608673558,0.2688374172850677,0.26920356130562156
50.0,0.0,100.0,120.0,0.7262575081221294,0.7162018876448216,0.7242167186528036,1.5572408816182626,1.5478842347558224,1.5537318554777204,0.7252143153862572,0.7238493692953536,0.7244884694033417,27.01194983818838,27.02023295225295,27.022415759336084,26.978632737560975,1.6062887653232758,0.3019343483510043,-0.13394345507881364,0.29757929974938446,0.29783145367373787,0.29780602567995956,0.09275588554693907,0.09267674522404679,0.0928472575014271
50.0,0.0,30.0,0.0,1.1377368958187966,1.1050823900209392,1.1247963840042834,-0.6994635309216428,-0.8022505484408861,-0.734370367235192,1.12491111542416,1.1260898720804908,1.1250263127609719,7.90322279881943,7.900665657889691,7.902502452307547,7.897924600427953,-0.3172732554869209,0.15289956014703263,0.045144945416819314,0.09369927735546785,0.09364057571582517,0.09367221142022043,0.14288187495287236,0.14289812326688925,0.1427478723838195
20.0,90.0,110.0,-60.0,1.49678340254705,1.4710092002001067,1.482933046625903,2.9269521974530512,2.8872595307293296,2.8965006252053267,1.4846563804309845,1.4831413128918205,1.4829258307624718,32.57748397873776,32.57553085197162,32.576492018039495,32.38885371138101,-1.5520349293777569,0.21633862785452468,0.8997458709466153,0.41698880109714465,0.4174587740633005,0.4172104604369633,0.18625499695561626,0.18604662285939888,0.1862453341878938
20.0,0.0,90.0,30.0,0.3253961938186417,0.3203932471419937,0.32313966902101127,-0.5975580794785021,-0.6418307192135226,-0.6216369506559293,0.3226951086019121,0.3236396919478843,0.32419516273831467,24.834095765429524,24.829947855088783,24.82314397298439,24.79527687631156,0.019546670339724355,0.13811507784907903,0.01578436177203219,0.2840249794209345,0.2839223486436816,0.2840954086633883,0.040818212701685355,0.04100954884166988,0.04088799553275591
0.0,100.0,80.0,-60.0,2.1714807744608216,1.9191104560700576,1.9680317538460295,3.1370185059339506,-3.1415776704624494,1.0626329992070533,1.9732935787015073,1.9739511305570236,1.9824564574109667,24.83611820841021,24.8228571462244,24.856136094397627,24.662784543664486,-1.528038635331684,0.27539174266861227,0.9562669273022213,0.3421298087572836,0.34180216937801394,0.34237139237299186,0.24851105064459608,0.24967031171452664,0.24958346214714122
100.0,0.0,100.0,30.0,1.6588368581917263,1.6550716764431703,1.6578354005326421,-0.0643230410908684,-0.0670064233560712,-0.06536292717587906,1.6581789540432628,1.658033269048276,1.6576433861946878,26.52573963051101,26.516901227472083,26.518267133496934,26.484635298706376,0.0849288342305472,0.7087209820015276,-0.14824125877843905,0.286937083496849,0.2867329999713564,0.28686244147257245,0.2110483866056155,0.21097980187904042,0.21100372092487213
100.0,0.0,10.0,30.0,2.119169754631824,2.0741308402823164,2.104843356625827,3.136558177806899,-3.140081150104774,0.8965113537575213,2.1052240896719274,2.103872953244427,2.1063377809941457,3.807899418480797,3.8142541565937242,3.787869331198272,3.1380683428929137,-0.8341922788762001,-0.05590579821510855,0.30611861714234023,0.10350126168556105,0.10350034299570238,0.10324431850737063,0.26674772248242173,0.26689920350517815,0.2670498095397011
0.0,50.0,80.0,30.0,0.8957023413365949,0.8911540254314302,0.8934832680954631,-1.947579088383176,-1.9651461841762612,-1.9534709134193684,0.895438404628138,0.8934161706624119,0.8922261646514841,23.385821897648025,23.37554755743902,23.38076215913385,23.327339664150003,0.007949142269875314,0.04843758396333798,0.3908958908048343,0.2947769531130918,0.2948431964397364,0.2949367803703045,0.11203429091419666,0.11162462747115522,0.11189580204649321
20.0,50.0,120.0,0.0,0.883145178999776,0.8631615247765998,0.8725397144966865,-2.1857860871906656,-2.212252598332239,-2.197695404912319,0.8720146535485911,0.8737721498581009,0.8740440180793344,34.36524914010573,34.36537317274599,34.35230088963914,34.18921968627875,-0.5079858329034125,0.20526626954758712,0.5001457107922846,0.41762614997485037,0.4174041587568658,0.4173821274753844,0.10869064028544966,0.10894382234127105,0.10870747181781316
20.0,90.0,80.0,0.0,1.8366361690242257,1.8062970416086055,1.8168814210794664,-2.2694098218376424,-2.326653828640348,-2.3148923240039974,1.8161604154196966,1.8162621799854228,1.8186103187637128,24.771024928836123,24.762864671234194,24.76068401542482,24.62056181596413,-0.4906756931308201,0.2091506537795954,0.9000849189406546,0.3383929499431542,0.33829630988893755,0.33844832878061937,0.2287736670358492,0.2290571634284469,0.22904847124981934
90.0,20.0,10.0,30.0,2.1105345812668963,2.0092643453274373,2.079365626804772,3.1005986370418483,0.3929177111894418,1.5710862361283955,2.081026011221292,2.0827788570338805,2.081413141690149,2.6446547668085807,2.66715422545823,2.6487878843408437,2.106058881058335,-0.3605269957377723,-0.03163380513107051,0.2614715252056385,0.08832570967218119,0.08856551229871822,0.08846964158355976,0.26407422490149746,0.2641162484648683,0.26388813975832726
100.0,0.0,110.0,120.0,1.9768555676825592,1.927709179100752,1.95456035859926,1.3273760628774516,1.3068390649099193,1.3189904871540157,1.954385714038971,1.9550065950839721,1.955031453844873,29.663331820350457,29.675693174879267,29.67095774242137,29.59018292042271,1.6670097204801249,0.9870917582572238,0.004649652110717313,0.33276504200257495,0.33285583867339374,0.3328203279180594,0.24841947516573956,0.24849448744113567,0.2484134458125394
0.0,100.0,80.0,0.0,1.937813258366616,1.9145441612760516,1.9219814006499083,-2.54567905710728,-2.616415728802835,-2.6018532247653123,1.9213772536424734,1.9225441775032444,1.9235657705004248,25.03609780463067,25.0337011194235,25.03406426019667,24.887810245404495,-0.5220651275724505,0.01502553613196439,1.0006004110747504,0.3465824645360927,0.3465027848521666,0.3464697559119256,0.24212429271700459,0.2423961964076884,0.24224028492848174
50.0,50.0,80.0,-30.0,1.3026995056996846,1.296066639561616,1.299031057970651,-2.242696065281048,-2.249994866188568,-2.247200173312079,1.3009646383649316,1.2986393958275269,1.297601618085697,23.330173607403083,23.327299206252288,23.322702453682503,23.271704010998345,-0.9816280943793186,0.3867836912085955,0.43046952789091303,0.29580709606836975,0.29572771328132486,0.2952979329424329,0.163968867813647,0.16355254629392646,0.16383969583507074
0.0,50.0,70.0,30.0,0.9879264489779006,0.98266142757137,0.9854833925692136,-2.102630393725412,-2.1186468548584645,-2.110900860599899,0.9873222142498123,0.985805385915555,0.9842786749239888,20.763040283172813,20.757723894256358,20.76583709545613,20.72958639430606,-0.0014028065305805868,-0.004856276371673382,0.39628843291567417,0.2682764049759653,0.2679938575718268,0.26792797728982576,0.12385771824188234,0.12347233624713183,0.12367521228614531
20.0,0.0,0.0,60.0,0.6673574317249673,0.4290709377234368,0.5555332639047463,-0.4412724514745048,-1.4069348331507645,-0.9409001241872003,0.7084149152977564,0.7133082661043846,0.708707237713194,1.9148064164221057,1.9222591674000669,1.9134660231421474,0.8741286624918083,1.1425347167568771,0.000450284361752398,0.05504586640962389,0.06060894159797586,0.06062598946627695,0.060313440032553775,0.09001656015763848,0.09004493682213671,0.08942125994855088
0.0,100.0,40.0,120.0,2.1499413814687798,2.110967908120685,2.1275609715556385,-0.571902954269907,-0.7679436422854752,-0.6181274307153326,2.1275594971420184,2.1295700709704803,2.1258567074428703,14.271730547693405,14.281149554461498,14.291880564826567,14.22128895525985,1.5490065718184391,-0.038659272295761875,0.7332726597981555,0.22964512458073294,0.22968634708827937,0.22977414756649162,0.26922053998593837,0.2689918417018871,0.2687636987776366
100.0,0.0,80.0,0.0,1.8575720919522032,1.8536541122609973,1.855501994905633,-0.7320387181962824,-0.7364716363462233,-0.7342066819908941,1.8557588612099523,1.8553984173954272,1.8554649553848075,21.327430589208497,21.33300800884616,21.32276129367398,21.305306191064336,-0.3981040423912131,0.6731432355883465,0.03716630738909605,0.23901395106255147,0.23900482306400905,0.23887069836287333,0.23571179523473748,0.23567365325426537,0.2357133652567671
20.0,20.0,30.0,120.0,0.7917899669940971,0.7346126223260382,0.7677690139277105,0.1983532476219526,-0.358161119365824,0.02983654956255618,0.7708075764943026,0.7684166617740062,0.7702818595157414,9.274755989569922,9.283200988331322,9.28072333231893,9.248554310644044,1.6362640071170844,0.05657454841318238,0.1353689783108313,0.1286122419268821,0.12859727125044634,0.12866761694938794,0.0970769111852925,0.0969998300393623,0.09733458450899998
0.0,100.0,90.0,0.0,1.8012337807303724,1.7878313773476489,1.7938722377921703,-2.597624442589505,-2.6175008384810208,-2.6120557351950575,1.7965162139470907,1.7944677230421016,1.791641492019363,27.623133257395043,27.611380381529802,27.603552053103325,27.443808622812075,-0.5233215265793639,0.007262623601495861,1.0003338540540345,0.37248433628405464,0.3723406718458969,0.3720346352579374,0.22614190618602706,0.22553489461235107,0.22578966608361856
100.0,0.0,80.0,30.0,1.8429942648332769,1.834777882127043,1.8401737261391684,-0.1871845956350515,-0.1964914421221893,-0.19040234659655164,1.8401784488207926,1.8394861229111394,1.8412485265120782,21.283081414577257,21.267020451923248,21.281414196329422,21.254562617535832,0.12391307353975561,0.6630827113090095,0.02143174880260945,0.23703942692454913,0.2370032115112371,0.2372817162169899,0.23366331077048846,0.23381424614304516,0.23391109468443688
20.0,20.0,30.0,0.0,0.7983487884889388,0.7790385245790815,0.7912192130760997,-1.854501787931928,-1.925840634068709,-1.8760529790316944,0.7931915503212692,0.7914565192103666,0.7909789031301931,9.180672811767257,9.192832097841498,9.181357082181291,9.166928369757585,-0.43567419533045787,0.0764586732282942,0.12910249919573571,0.126099355671657,0.12626570950170882,0.12624558116792908,0.10008899939432954,0.09982888225882887,0.10005868925834362
100.0,0.0,30.0,30.0,2.2302047285373106,2.055507961352039,2.1118236077684593,0.7966323370177069,0.3036827545850687,0.5855381353750073,2.1179895117383443,2.1159153483568747,2.1180752054500687,5.64483749207805,5.627467104891762,5.657820978715636,5.606249198344636,0.25408905590563985,0.13636489124238516,0.07142612490890587,0.051950976739886995,0.05225354305323206,0.052417400528797856,0.2687606153010728,0.26882291893615834,0.26911768672536107
100.0,0.0,40.0,30.0,2.10847341834784,2.094549714301229,2.1004739899375355,0.2966980712101782,0.1340987384821017,0.24665519575750622,2.1016736481512814,2.0992131987535405,2.1003508154585084,9.089928306158598,9.087717301020323,9.090260361569221,9.087913909373935,0.2538046754336195,0.2882012641732145,0.053644228351125645,0.09186341108751145,0.09183801733337323,0.09191013263091198,0.26681386438511556,0.26664297781844276,0.2669604943111433
100.0,0.0,10.0,-30.0,2.1202570696730474,1.9525213496865488,2.058869247186514,3.140035427870892,-3.136396125329444,0.4482379556400567,2.0580775057161147,2.0575616456069463,2.0606081324599788,4.924257465253091,4.9336269910501676,4.9245696756581285,4.700203762566959,-1.476163227562436,-0.03710364424128067,0.3518383648054578,0.11822868225304259,0.11833615030417419,0.11817318735459582,0.2606806904588676,0.2610077691947947,0.2610553813537539
50.0,50.0,70.0,-60.0,1.3516505250072277,1.341734993350654,1.3446086226626588,-2.7336178903979027,-2.753907482052468,-2.74959042378624,1.3439117356209958,1.3458375915868557,1.344085267600552,20.59125592344747,20.59820814756345,20.589364930185525,20.54567582026348,-1.4925874167482733,0.3561836451585775,0.4039271997820148,0.26544236516432423,0.26572491874549525,0.26519764912035004,0.16974537042111654,0.16978581907294454,0.16952367088094747
90.0,0.0,60.0,-30.0,1.8347142490005024,1.8272706133582013,1.8294831668888194,-1.1689515485630362,-1.1783827948795529,-1.1758825143848493,1.8292685784231744,1.829609222457139,1.8294935502774923,15.658473256342289,15.661283881975368,15.658547631404687,15.649753510941972,-0.8833904033648838,0.4828338481021347,0.048192036011047976,0.17465060195131382,0.17448385315641698,0.17461457122535706,0.23234657670696743,0.23237020889080132,0.23233208561552177
0.0,20.0,60.0,30.0,0.5406221962412213,0.5355785985810961,0.5386406357286683,-2.098372007552188,-2.120307261526289,-2.107350554904231,0.5390299068984759,0.5382117240418839,0.5392338058897901,17.336324753846434,17.32750727641854,17.328747631540203,17.307821020582605,-0.0007451702029189124,-0.0017849459973530168,0.17229715587740965,0.21464865241930486,0.21441648007467476,0.21465777915931872,0.06716283006390243,0.06718663354525875,0.0672776920873261
0.0,90.0,10.0,120.0,2.117570209250713,2.09978754702248,2.1081052265837967,-1.3298856875781306,-1.9827396443591727,-1.6294457197779524,2.1050379284819156,2.1108484636128737,2.10911018008653,5.10822607403741,5.114241502456231,5.117411116417534,5.049481087378336,0.96951421037498,-0.08708888522748713,0.3731737737179113,0.12188909825403203,0.12175388001056407,0.12192285228404692,0.2671287802427414,0.2676320995146745,0.26690534954151784
20.0,50.0,120.0,-60.0,0.8846363179552397,0.8540113731330776,0.8715195877662103,3.054688228106543,3.0101204625860207,3.0374151062367702,0.8737096180049417,0.8720043179800004,0.8719655156780267,34.35345801628861,34.36419430028801,34.36738234198254,34.18844637389853,-1.5552314212221316,0.2044415178178313,0.4995777608594857,0.41739530321017826,0.4176222560430804,0.4173065340464457,0.1087481022975636,0.10854379066823241,0.10876507883808613
20.0,50.0,120.0,120.0,0.8958290804056477,0.8631523937866832,0.8761251195750419,-0.0348124633041576,-0.1145131829545392,-0.09017686676994484,0.8770854174414184,0.8763887036566061,0.8765490428337694,34.35332627187536,34.3622656758631,34.36613938914941,34.1864376736458,1.5869379323176396,0.2128036134610193,0.49950228045832545,0.4173069626761367,0.4175354552849982,0.41735111771158273,0.10924127483511165,0.10916856916172257,0.10927666451093362
20.0,90.0,10.0,0.0,2.117707546161808,2.104881791240814,2.1116583527643584,-2.749179961872191,-2.926836989546141,-2.8523867919876507,2.111747864115573,2.112157680877409,2.111239728936128,5.913211979498949,5.914565210088242,5.915166224666714,5.891508721879422,-0.650991193912997,-0.021919559854884692,0.43077525589375054,0.13490166087758737,0.13481367564710836,0.13491262679469423,0.2676041647540523,0.26753411191087323,0.26747767138998646
0.0,100.0,90.0,-30.0,1.8055665749130436,1.7874126574793368,1.7943415333506845,-3.0723221744738503,-3.13385363352549,-3.121619913813482,1.7945529017751836,1.7924454710511515,1.7970290092548158,27.6073692522374,27.612837887587016,27.611564013362816,27.443411915667188,-1.045530588652193,0.018711021761369746,1.0004471845535232,0.37217075803789973,0.3721984941874651,0.37239614417388595,0.22558829348384898,0.22589529249866794,0.22615991077281614
90.0,0.0,30.0,-60.0,2.130080457340542,2.030026283963481,2.083318645897481,-0.5505295023228257,-0.8320650680184593,-0.689655943234782,2.108433383691423,2.1085324379480284,2.1060450539106963,5.435547051221456,5.400017339529511,5.3809808681266995,5.183441129432944,-1.4688905476115424,0.051560980872255885,0.04724204050502105,0.04438900116927915,0.043935794940117165,0.044078529627563014,0.26795834616477604,0.26769424257961916,0.2676677464967007
0.0,100.0,20.0,30.0,2.1189895983832203,2.10935820161668,2.114885674651529,-2.2172043370680297,-2.282056606758461,-2.240612365597682,2.1165244856047227,2.114011316259149,2.1143620864057544,8.71773752851776,8.719785816371953,8.712436750272625,8.687714824355115,-0.05437356706797598,-0.028715982378777836,0.5290779223691016,0.16563769955328447,0.16535587001546545,0.1654110504906906,0.2678240725181452,0.26757055388445206,0.267881407736169
100.0,0.0,100.0,-30.0,2.004785698238193,2.00064658219109,2.0025642940841415,-1.2802255515690604,-1.282041195865923,-1.2811946754804713,2.0014505952134933,2.0026929089488807,2.0037149517900326,26.83059212103215,26.83672449884556,26.832402268729112,26.791220463631994,-0.9388140674935816,0.9150658100717592,0.022834856715841782,0.3007458562543105,0.30087357201889847,0.3007603573070571,0.2542851935862197,0.25457336681598125,0.2544039493463848
0.0,50.0,10.0,0.0,1.364934724406752,1.3601405723382596,1.3626798619545024,-2.6208104567470154,-2.6394851356703914,-2.6292195953644875,1.3655708524001253,1.3612573267745036,1.3613424868065518,4.827855815274188,4.828456621159646,4.827636492512115,4.807125122288019,-0.5296437805398442,-0.00022032885568885096,0.2033065444667198,0.09915823189737706,0.09925262597701975,0.09906435606353414,0.17277728897742078,0.1722209293038773,0.17275246292391097
20.0,20.0,110.0,-60.0,0.5358460114160287,0.5041877396250202,0.5270740719871387,-2.823696348040565,-2.869319009438376,-2.842609412495401,0.5322995365149734,0.5270445668065077,0.5274716609660081,30.899244135465707,30.89778429395183,30.901848305444357,30.78135016543331,-1.5519378617056967,0.20331974105973866,0.19929871817698647,0.363753009417301,0.36353713292023726,0.3634636688092857,0.06586472317924748,0.06528558693339592,0.06592494745247732
90.0,20.0,100.0,0.0,1.9083396556392165,1.8805979226809293,1.8975978416188761,-0.9737240996897196,-0.98444182521319,-0.9775897427850435,1.8969248868992596,1.8979916140411544,1.8980464861755402,27.533139889005184,27.525597470862923,27.51806762551201,27.446060855249986,-0.4193454797140847,0.9024987664427164,0.20072741187574997,0.32160819915750766,0.32140979508249096,0.3215631783543419,0.24072653529811425,0.24086053719311123,0.24073288451847105
50.0,20.0,80.0,-30.0,1.0121005421049218,1.0075193043524984,1.009035682513977,-1.884623188088297,-1.89222563258424,-1.889535620994001,1.0098890105306968,1.0085980229971634,1.0088246384102555,22.56120073417966,22.561538299538384,22.554025614544326,22.51874902343906,-0.983017975800044,0.36551414026386914,0.19175726283682698,0.2706343928909403,0.2707854350227202,0.27082085989026217,0.12750892218511498,0.12737390200995644,0.12755636945961246
0.0,90.0,40.0,60.0,2.1270239527483743,2.1193214427916227,2.1222610758461675,-1.6072391378856212,-1.6544398332090282,-1.6174346824410504,2.1211806841527263,2.12226824539557,2.123119443658335,14.263534654710627,14.263250447228867,14.2675343911789,14.214275782291416,0.5126576764848537,-0.018195278705348344,0.7347194951007114,0.2293739024503983,0.22935355564746857,0.2293229130632924,0.2681857835585236,0.2684382424772949,0.2682890817825874
100.0,0.0,90.0,60.0,1.7383629631037778,1.7305187352936104,1.7366635779293162,0.4099426867383616,0.4019524484758064,0.4074882418882965,1.737779696990511,1.7362863000648003,1.7363646451304586,23.856185145754928,23.854917494452497,23.859236757239273,23.831253890720514,0.624866205986941,0.6839359526211641,-0.07289238856787958,0.26017484073323316,0.26002807388559473,0.2602033398238043,0.2209030092362362,0.2207239231070133,0.22091931225520486
20.0,50.0,90.0,120.0,0.4571025880146925,0.4407727427660455,0.4533083224160328,1.264518103270984,1.221206816653889,1.2508228258038847,0.45373135063631254,0.45495373905791814,0.4532180429002112,24.637679735721072,24.658766176045663,24.643469159659812,24.61380689339957,1.598040310493327,0.19042814926038593,-0.029203203411531382,0.27834703183767917,0.27835272892569707,0.2784364870239674,0.058009565324468604,0.05792835362719926,0.05780608447977196
0.0,20.0,80.0,-60.0,0.4793526961467984,0.4708773736223559,0.4753267692292358,2.6653094791021346,2.6056829725436943,2.6334228324005604,0.4757587035308494,0.47484300209039926,0.47711388560757306,22.731562753701397,22.745319777484184,22.74742295551107,22.709017128185256,-1.5703982320055847,0.0033262643738258676,0.19268279487823928,0.27386863862415145,0.2740390354223629,0.27390275492557736,0.0586480606598233,0.05882827735013311,0.05894897058059323
0.0,90.0,20.0,30.0,2.11964655317668,2.1090569420679137,2.114570362982752,-2.202733535082698,-2.26260485754873,-2.2236906750554755,2.114324049013053,2.1132885696767674,2.1162187839040043,8.731154436944143,8.728907018825671,8.728301666710028,8.691119366424033,-0.048136228805477126,-0.025264065791171783,0.5298133874189322,0.1659136787373225,0.16573993261223355,0.16579359687373918,0.2675075264836314,0.26774954113984917,0.2678820280846886
90.0,0.0,30.0,30.0,2.213339246389836,1.966127098729829,2.0652105649212245,0.7195889701043179,0.1984406244840312,0.49814469635589326,2.071779399792716,2.0688100324018768,2.069610211496086,5.863257954204116,5.853595551793828,5.854497353569235,5.843677099502573,0.277548542306018,0.15435789860640742,0.07359452253835275,0.05720185561375648,0.057278793358918015,0.05699790620482288,0.2629606479733776,0.26267917669860236,0.26307898937919205
20.0,0.0,70.0,0.0,0.3939170574549083,0.3901210992509307,0.3918400870187051,-1.3170437003042397,-1.3281956980633225,-1.323042600112963,0.39208921269326596,0.39227874697945875,0.3917308458929704,19.43864483296758,19.441968772159957,19.436064820288987,19.414846220005614,-0.49432597569323533,0.12581300800901798,0.04351050763270743,0.225436086667157,0.22526810075540118,0.2253519421821235,0.04940614267542822,0.0493589841500607,0.049345587509905475
50.0,50.0,110.0,-30.0,1.2453027049371486,1.2213383750829123,1.236129807490446,-2.223150458978485,-2.23139995055718,-2.227099142762798,1.2358914137089776,1.2344205053607684,1.2412797730753478,31.553795787107784,31.556356956937663,31.558969120642534,31.412272029252797,-1.00026753653384,0.5145031709380308,0.4990521704513699,0.38634314161686806,0.3866008986241919,0.3865370538493222,0.15509553903309428,0.15580745658611006,0.15596209001290276
90.0,0.0,110.0,60.0,1.8584227860170963,1.807625773195376,1.8287618513000607,0.2598903981190676,0.2410973033130833,0.2534014057714556,1.8289773129383913,1.8272296346773178,1.8289311240520096,29.75307260687793,29.748973948922142,29.756705999622405,29.673292918661527,0.6137930932570813,0.9286327074786797,0.0036489652923582033,0.3343999696418675,0.3342948277697634,0.3345616267298693,0.23230846687308002,0.232304831980446,0.23252512458387792
0.0,90.0,20.0,0.0,2.117478282423796,2.1129936557552,2.1149405622367863,-2.669840949942448,-2.727253058458893,-2.7058736110304316,2.115120243909713,2.1143991926000734,2.1154208839280537,8.721219400011131,8.725430592843898,8.72104134884149,8.681525022887548,-0.556912516309679,-0.016336201288422357,0.5343051154525482,0.1673879259702612,0.16735609517327873,0.16738123865793295,0.26770392344779287,0.2677524041327184,0.26783562026810126
0.0,100.0,70.0,30.0,2.18026687504454,1.9327216630224529,2.047193319233316,-1.9258865752816297,-2.09282898724098,-2.0257892837809552,2.049682807354391,2.059589589251293,2.057095303263244,22.451882597032295,22.469370516962872,22.450482414971017,22.319186094751924,0.008987958281489251,0.04851381020413487,0.9930387691236362,0.321559308183989,0.32202990203601356,0.32142675947941457,0.259136446740573,0.2600802400270137,0.25882363710559214
50.0,50.0,100.0,-60.0,1.3446612227210857,1.3147317825437428,1.333936911118045,-2.7156975094767954,-2.732008800473183,-2.723158744578843,1.333775799688783,1.3340893333118684,1.3371203316254197,28.842173426587983,28.85800261840903,28.86147503603954,28.72070687671596,-1.514230232196619,0.5149762191610351,0.49795227363942024,0.35688719389996815,0.357082041679315,0.35706201547501076,0.16788527839395284,0.16831711862524087,0.1682705107813954
0.0,90.0,30.0,120.0,2.140026339619353,2.113504726049232,2.125001838628376,-0.5963630193325596,-0.9649253663178344,-0.7031682991740366,2.126866153532486,2.125171004575219,2.1232807429913394,11.492055699383025,11.507999614290203,11.496963451452501,11.434913753216394,1.5199943268978524,-0.05470983544382794,0.6275555550253445,0.19787062416195367,0.19771302159606388,0.19793227191575583,0.26909222959149964,0.26865508769617985,0.26885114432503826
0.0,20.0,100.0,-60.0,0.4168489635622185,0.4036812104698241,0.410306867529221,2.70155792784067,2.589905562332905,2.654731548338488,0.4112830510481487,0.4109752621815192,0.4102455571309248,28.18538314438424,28.18890463544454,28.191885053655078,28.107320670205574,-1.5700531930367854,0.007904564087931727,0.19999648284787833,0.3341014321802944,0.33429287503983246,0.33419822219289386,0.05041154152624944,0.050286642544743784,0.05033173853965445
90.0,0.0,90.0,60.0,1.5725657693911412,1.5654083623690476,1.57082938535026,0.3940735176070787,0.3850272845426705,0.39030208432719976,1.5719825794985212,1.5702211829716393,1.5707665623246752,23.969961437799576,23.97225799990194,23.97385656309298,23.946229921461377,0.6153795935327777,0.6231511513523366,-0.07536265587474626,0.2624568486218053,0.2625485395808605,0.2623591318183852,0.1998208872729664,0.1996935351692144,0.19989135941087313
0.0,50.0,10.0,60.0,1.3762564085961635,1.35759875495989,1.36556464492959,-1.7142288987762055,-2.0072656856388424,-1.8312291796691198,1.3648154420883096,1.364960726853564,1.367239318558713,4.809394366851179,4.806032567962028,4.809150233487137,4.77493095623905,0.4108854329110185,-0.016502995907042812,0.20092388948909534,0.09861751947325598,0.09856556903945313,0.09853787765776416,0.1727608537917861,0.17307251284619307,0.1730586466510355
50.0,0.0,110.0,0.0,0.9804265477442232,0.95371037072577,0.9686982344181289,-0.9186227534922332,-0.9334194743148342,-0.9242983431166483,0.9689307658654426,0.9688356629491253,0.9686596183341148,30.18705408681636,30.18562383532147,30.178176468116412,30.096883028017462,-0.4753627800255704,0.5043333198170528,0.00017685806283648778,0.3427825070466561,0.3428072866597643,0.3426184530435314,0.1231782194294822,0.12315402177522163,0.12315582187779893
50.0,0.0,30.0,60.0,1.1288577296641715,1.0426328112826444,1.0993400902175219,0.3317520581458835,0.0588445173713831,0.24082210450565072,1.1020411714826424,1.1000765533171821,1.10060542773956,8.022418594897742,8.023133477590761,8.025079932059704,8.019486413259878,0.725876667710292,0.15204553588772723,0.05315558802797063,0.09687666713942042,0.09695861142871195,0.09699240032238596,0.13974718265887998,0.13956767391631658,0.13981678087344426
50.0,20.0,40.0,120.0,1.1916435582037408,1.099016564893661,1.165951183541345,0.8861851181822726,0.6035473444955477,0.8104248176893107,1.1678872873678758,1.166771229435377,1.1685114965781178,11.535295077216569,11.538329520932722,11.542165027414109,11.539897630007257,1.7194203313973329,0.21488516913732425,0.15291671076078145,0.14947735598715903,0.1495021648327401,0.14941008399055727,0.1477710044308257,0.14785113667733063,0.14798699046907343
100.0,0.0,120.0,60.0,1.7989057472713748,1.7663888252012572,1.7770552360473613,0.2313918717722946,0.1982198395309363,0.2229126495346977,1.7748914702290397,1.7790146746136648,1.7787316687321484,32.624540663986096,32.610416306603675,32.617765091591295,32.505380797820926,0.6041692833136392,0.9918489251198931,0.0038031018162515318,0.36736519100864434,0.3672641328328292,0.367559088286885,0.22570103727987711,0.22615642122110707,0.22564536867731638
0.0,20.0,70.0,120.0,0.3987176871820461,0.3732416063291984,0.38286015746118524,-0.2913871787861014,-0.4453092961358797,-0.36512599576042454,0.38317093457475215,0.3832433623967904,0.38326718858031766,19.834273734304293,19.843320769380984,19.840176243418487,19.818393495258405,1.575346148117461,0.020009306878333355,0.13287920223566527,0.23767076905720325,0.237796394502457,0.2377176748607387,0.04729892232445782,0.04731504287914658,0.047310501226788586
20.0,50.0,20.0,60.0,1.3491399693922492,1.3239688176898277,1.3384359971929418,-1.0326496198879458,-1.3934515271933663,-1.1534145639264413,1.3385234843859892,1.339894076455173,1.338423390920948,7.400360461931833,7.396025892651128,7.401671791717648,7.3896174667624015,0.6339035061405623,0.051145422695154284,0.24946666288326227,0.12614125268926765,0.12598977437602615,0.12617527780778046,0.16948219132420173,0.1694630247641491,0.16928890685654455
90.0,0.0,110.0,30.0,1.8039548584768668,1.7677760624044674,1.7845255363530186,-0.2697124771576141,-0.2875935306463639,-0.2757838217925815,1.7837866766955461,1.7846833605431123,1.7846790679501041,29.78932795097036,29.771086395451054,29.776366448770172,29.698991473952706,0.08805533189315523,0.9073723806541281,0.002425307255846081,0.3348723112888448,0.33489519871284,0.33491882993200295,0.2267491606372268,0.22686440203539968,0.22675430049287337
20.0,20.0,10.0,0.0,0.9522095350203672,0.876630619368538,0.9087689404731305,-1.3130323671480817,-2.097263442169914,-1.6277631094547351,0.9104816680279814,0.9100676355382258,0.9099588048478006,3.703482923307452,3.7028016535634296,3.7003275168312335,3.6766462530945514,-0.2084694917826582,0.03592258229627122,0.08523479864793627,0.06788076437624034,0.06776615997372817,0.06778600828998149,0.11532720943174347,0.11526447231336061,0.11530461693334333
0.0,20.0,50.0,120.0,0.6060181414942176,0.574746763090653,0.5883487382414776,-0.5148841856673205,-0.6326027719955831,-0.5428696225363592,0.5889387536892744,0.5891235973281804,0.5892530979546327,14.679236010947593,14.680589747635498,14.681795911587573,14.649711802292066,1.5694935409024935,-0.002711792774099566,0.16254922775747202,0.18478995752234928,0.18474180790410716,0.184945480983686,0.0737595007831089,0.0737694753222002,0.07375048638266085
90.0,20.0,30.0,120.0,2.094115703386687,1.868296173307584,2.0084701328199617,1.8504704729758883,1.1783264048330362,1.5962220045801099,2.0102320198106023,2.0138706564641686,2.014986407000969,7.150758764455224,7.151702461229935,7.142278763750584,7.149921113585963,1.9351189795995967,0.24131415559719588,0.156752949849462,0.09507809265964035,0.094929048789196,0.09479264119271956,0.25524524069945964,0.25584986006730037,0.25538269791159024
100.0,0.0,20.0,-60.0,2.223137570461436,1.8332749646753752,2.058075766455065,3.135896953735257,-3.134679420085615,0.8226146178658734,2.064768000968782,2.0610983666458353,2.0610308808580795,6.688720808182884,6.702644268876771,6.711813369447375,6.26419428334294,-1.9015500351819035,-0.09659050755458828,0.33415052588763366,0.12727124009837568,0.12726667690725768,0.12727810031221073,0.2615664694518315,0.2610831193489159,0.26156182434202757
90.0,20.0,10.0,-30.0,2.1157959960331008,1.8428369507289224,2.0565176764794484,3.1407816361794767,-3.135763465605296,1.0530417725788759,2.056027797816037,2.0537760365821836,2.055595086797,4.369625777802239,4.378752762000131,4.378203486814894,3.92224827356718,-1.7806285080675905,-0.05554935700223538,0.3219329369320197,0.10971492513226627,0.1098352018899716,0.1098308087323594,0.2604578260139591,0.2603997042286126,0.2606891002077856
50.0,0.0,100.0,0.0,1.0695086374828051,1.0608211151717866,1.0668666928981498,-0.8886684275875103,-0.8967864853858168,-0.8919710733280094,1.0675039051110404,1.0672814732202867,1.066327667586299,27.340742813573616,27.336388302663583,27.328580371095907,27.291036179185742,-0.46526142914465907,0.5025219593091222,0.00028731433508194726,0.3098030858501613,0.3098996692602223,0.309860752629652,0.13566228055454965,0.13552310896509953,0.13555323731154842
20.0,50.0,80.0,60.0,0.758013032112151,0.7501377016837278,0.7560590616915286,-0.7735161462736871,-0.7963699220952634,-0.7798325273227824,0.7575689499007505,0.7575063670286971,0.7539233391915268,22.858807802958655,22.85267022213153,22.848840550522898,22.80981809920107,0.5590611993389366,0.20515437040689574,0.23999567822544554,0.2786200600805212,0.278146453165417,0.27835681000253687,0.09515967119567909,0.09469265961680373,0.09469707917872715
0.0,100.0,50.0,-30.0,2.127980734830278,2.120816441145486,2.125184514503737,3.1175160948852723,3.0874857904341435,3.097394370128866,2.1277108257481423,2.123905580876213,2.124115204225942,17.014307345954744,17.01427292289992,17.023259905567528,16.947666323870134,-1.056103906087721,-0.020741296849905236,0.8400067076133919,0.2619887461983984,0.26214180234059015,0.2623256446638398,0.26864775200753593,0.26818172997024925,0.2686913991217119
0.0,50.0,80.0,60.0,0.5992247674561396,0.5904212585465598,0.5965252525985792,-1.147036413348199,-1.1859020164271217,-1.1584548590512307,0.5979151830155379,0.596418046786378,0.5965113966823709,22.86101261440603,22.8497111911759,22.86649572725734,22.819753947299755,0.5393422891910808,0.09135332914174167,0.2294760340116512,0.27801869638142074,0.2779890236729773,0.2778334352114925,0.07438265715663811,0.07419650563198463,0.07439174683639521
20.0,0.0,0.0,30.0,0.6673574317249673,0.4290709377234368,0.5555332639047463,-0.4412724514745048,-1.4069348331507645,-0.9409001241872003,0.7084149152977564,0.7133082661043846,0.708707237713194,1.9148064164221057,1.9222591674000669,1.9134660231421474,0.8741286624918083,1.1425347167568771,0.000450284361752398,0.05504586640962389,0.06060894159797586,0.06062598946627695,0.060313440032553775,0.09001656015763848,0.09004493682213671,0.08942125994855088
0.0,20.0,0.0,-60.0,0.9128349424902156,0.7580357754803219,0.8377439726201394,-2.4816103365172486,-2.63614946586767,-2.562154691404974,0.8825638481990046,0.8804566205615063,0.8806529519306594,1.888347894868406,1.8891930018133134,1.8845703771028153,1.2737631756238816,-0.472621779342693,0.0005408356636925067,0.06480264503684872,0.057092069415524166,0.05683277672947748,0.056522671059672916,0.11182352006269776,0.11156918424521291,0.11181217347933071
20.0,20.0,70.0,120.0,0.614352309636543,0.5832094688490289,0.609914104830004,0.1833731721116546,0.0648792840494541,0.16416991480665274,0.6110057473223249,0.6097295443070114,0.6111402506480864,19.980355820178083,19.982340341109254,19.98800737847107,19.964246508221322,1.59996921710752,0.12878032467464098,0.18084878727351997,0.24309203022636847,0.2430335709244474,0.24331673557645558,0.07636607367515462,0.07636826724173999,0.07653723461196064
20.0,50.0,90.0,30.0,1.0958219233783235,1.0776013018010904,1.0872460336299017,-1.6248000486856131,-1.6567401785433475,-1.6412435736391595,1.0871444302735955,1.0887555842232344,1.0860664455013278,26.345530905680956,26.33682694462967,26.341948971238423,26.224853270434167,0.027243391336032697,0.20497720149805618,0.49994889856970465,0.33210536140074504,0.3320550133054712,0.3320403440561295,0.13658779339999091,0.13644805256593354,0.13626258753813172
50.0,0.0,100.0,60.0,1.0846481151514122,1.0621103774968437,1.0728232156478814,0.15882026238468,0.1481619388109395,0.1541868945522975,1.0733068771403493,1.07234235896796,1.0733796919000007,27.33762708803706,27.32971523213509,27.340208463117335,27.29188523030982,0.5822706570614785,0.505265068972308,0.001277784443153677,0.3099663032761188,0.30993752838054534,0.30988006081735975,0.13629012028996917,0.1363022164694174,0.136415174393452
0.0,90.0,40.0,-60.0,2.127046174790649,2.118238613411852,2.1221816062523073,2.6456311064761167,2.5531796099020845,2.577360625271699,2.1229520130615,2.1216613026856894,2.1223195483078054,14.244827484932514,14.250879670763545,14.248093511957117,14.194032515216701,-1.5806036149035032,-0.01436284268267855,0.7382265672908799,0.23033688704930397,0.2303330749647899,0.23018472308266513,0.26829847919152705,0.26823905990235664,0.2683924864142133
0.0,20.0,10.0,120.0,0.9106116596708772,0.7220915340315632,0.8072376269657621,-0.9488206607213266,-1.8260656536913071,-1.33593151953098,0.8384077799298296,0.8433002238620849,0.8380804937928492,3.992052233759616,3.9754441115302317,3.9888809467342825,3.683407138977596,1.3282589995029357,-0.02681789301684744,0.08136572930172602,0.07478017306462614,0.07461493339173395,0.07501710799387815,0.10660540821441167,0.10651694342383156,0.10592157005698363
20.0,50.0,40.0,0.0,1.2246492341592974,1.2143341243765888,1.22077445110923,-2.168860525672147,-2.188197619492081,-2.176211381263535,1.2209569774260978,1.2217315675139189,1.2200992400808521,12.719482295990462,12.71666676335743,12.71436518023949,12.688895094381227,-0.4618419904872506,0.09978086614334408,0.319578599442459,0.18201441321604508,0.18206550568292038,0.18196255453778123,0.15421572683128842,0.15410651902662303,0.1540247383317659
90.0,0.0,100.0,-30.0,1.9194655542546597,1.914735480403176,1.9173643754737475,-1.2794078016857358,-1.2817765763845606,-1.280358213132228,1.9168558600753842,1.9178393929864488,1.917564929480052,26.851721024225455,26.856295211121736,26.85025896845488,26.8121709561655,-0.9435447703312194,0.875941020104562,0.008589748965816015,0.30050067512469236,0.30066579509985464,0.30069053073405516,0.2436032744426829,0.24369345471463386,0.2435677157494882
0.0,100.0,30.0,-60.0,2.1246341324809164,2.1147705736533373,2.1190431893972144,2.71137717602708,2.5358352507861195,2.5837692298077246,2.1192315149424914,2.118881836512206,2.119084763454525,11.485428330129867,11.485258732621613,11.487392617350688,11.438801318449505,-1.5811523328740618,-0.00814741002425635,0.6363469926527825,0.19877317220707028,0.1988246125766649,0.19886961339587086,0.2680887664607531,0.26807043499805827,0.268115648548735
0.0,20.0,40.0,30.0,0.6346695547043762,0.6236862080423031,0.6301995003386826,-2.0892304632947845,-2.137922001203272,-2.106802103410949,0.6301502700010462,0.6310758164048224,0.6305631646983656,11.96970228242479,11.963627317737698,11.955950666217447,11.949069474053434,-0.001211622980466356,-0.001369732654168449,0.14790322328954303,0.15634430821693004,0.15616039264754408,0.15626024630865062,0.07920256207045374,0.07927524111668978,0.07912991607290547
20.0,90.0,100.0,-30.0,1.5937265747452258,1.5706023846560124,1.5805419234528957,-2.838569511406672,-2.87191934902654,-2.861788248339774,1.5802862140347442,1.5813285621217086,1.5804766437189954,29.969408330267978,29.968444177308733,29.964131698932174,29.785290421048973,-1.0253387170430197,0.2103877055898617,0.9000080874666223,0.3907863109992853,0.3909678223381567,0.391035561784154,0.19872731315354827,0.19874418210357453,0.19859994022172686
20.0,90.0,60.0,30.0,2.136052243810304,2.120789557594444,2.128405331669693,-2.090286596952764,-2.121413965820352,-2.1048148871979486,2.1283623814812516,2.128639898363002,2.1280675995777982,19.804857062447745,19.79701410622569,19.799024369096852,19.70355759550054,-0.002174654129319438,-0.004952833470337022,0.9424529381419701,0.29405575851956234,0.29405959399292997,0.2939696584363988,0.2688008542066594,0.26876599062746553,0.2687353624692208
50.0,50.0,120.0,-30.0,1.1656122532406998,1.1323616652289514,1.1508235671629963,-2.234286293390753,-2.261176611960781,-2.248128507162373,1.1527015535664842,1.1507149166182735,1.1511242182536692,34.271640118846605,34.271964247698406,34.26898684249282,34.098798475370046,-1.007625650632904,0.5140334308456669,0.49939597045963074,0.4156510960154418,0.4157895813552631,0.41581209024977356,0.14476273536548667,0.1445341683329915,0.144812060146583
90.0,0.0,100.0,60.0,1.438163969614368,1.4315406460369244,1.4364856142832545,0.4946728857839015,0.4854417735986372,0.49095797376455325,1.436680229274115,1.435952111818874,1.437288204165791,26.570277390746913,26.563662302129703,26.58452282991059,26.542011574560462,0.5957913801808494,0.6037916174856693,-0.1731070664924591,0.2868490712676255,0.28702853484102314,0.2869859428810287,0.18291544027309892,0.18301787875014824,0.18309946671483535
50.0,50.0,100.0,30.0,1.353634585582691,1.3321952165690782,1.3420324246234339,-1.1432503694056673,-1.1561541868495335,-1.1501868568729166,1.3408443599390278,1.3433089882667815,1.3440653207570181,28.85874094546613,28.851900466405866,28.860728399953544,28.725062746136015,0.05699590571370873,0.5189809352998023,0.5009004899622796,0.3570914596897206,0.3570993013737718,0.3572657564382094,0.16897365581614876,0.1693782031410669,0.16907361557865336
50.0,50.0,60.0,60.0,1.3693066002697731,1.3533140257180436,1.3654046237937543,-0.6159763695578727,-0.6558214456230982,-0.6243707841767802,1.3660289774663008,1.3652146103714142,1.3657417211688039,17.811540625484643,17.80580280403683,17.813839249563017,17.781796936404405,0.6175651173157936,0.3168107111194227,0.3643485691895938,0.23375731115106066,0.23387006186500892,0.23406445281654784,0.17247252170344035,0.17244482197153857,0.17255732125847179
20.0,50.0,10.0,-30.0,1.4382188078445248,1.428632755945461,1.4337381088263998,-2.190886607998932,-2.2375257072554464,-2.211904545204201,1.434393971643893,1.433171459931529,1.4340812043145712,4.4320535450720016,4.423665281751299,4.4317307704126545,4.404385198787985,-0.6430753317408386,0.05513225864949234,0.19436659806338732,0.09380836487489949,0.09377301284564239,0.093802613576535,0.1816629674482455,0.18159790346001226,0.1817690462565099
50.0,20.0,40.0,60.0,1.1889599045258492,1.1394425138522857,1.1739149171810894,-0.1568556742829699,-0.3044436549966242,-0.19658039654553836,1.175236172982578,1.1751117946094911,1.1739884555292024,11.48286446201013,11.480935634208015,11.479639266152216,11.480406562479368,0.6755177097042259,0.21899993535361073,0.1458616504017984,0.14781556779939578,0.14793094767183632,0.14787880781975718,0.14888271673535514,0.14872666242195295,0.14874365054364894
90.0,0.0,10.0,0.0,2.11364219445303,1.803233821469184,2.0623232926811563,3.140782188106248,-3.134039431628028,0.9271812774812573,2.060794416701545,2.0614126677964726,2.0632735854896866,4.098533685459038,4.107520493722582,4.096300129106165,3.538651524678382,-1.394353721189946,-0.05782112976450434,0.3097021353422562,0.10596628418404334,0.10614067405272284,0.10608930170398226,0.2611983108310625,0.26151788868657005,0.2614337813778441
0.0,90.0,80.0,-60.0,1.7766571119168308,1.7475505449456534,1.765758351969898,2.756058326158462,2.616306471550544,2.642538110003202,1.7658509491626724,1.7684103924200747,1.7654465768725691,24.788663794169555,24.80112446071027,24.79689073691873,24.649812995855097,-1.5684904492437242,0.020254446028413284,0.8972947739849432,0.33853643694059893,0.3388221466330149,0.33868355152564883,0.22263210025118288,0.22257371150974606,0.22227279820866083
0.0,90.0,0.0,120.0,2.114446561707436,2.1002347000560877,2.107795292855994,-2.6745014505844344,-2.9464795306475917,-2.809954406183705,2.1063930635330568,2.1089205335233268,2.1081299159842777,3.2049421501101483,3.201832884672687,3.2087189448089135,3.1788978584945875,-0.7184239880313606,0.0010536179903605264,0.3322372131595238,0.10441388712736835,0.10438803165701763,0.10450803089666148,0.267189855362541,0.26741265390507957,0.2670894928659206
20.0,20.0,40.0,-60.0,0.7778032548079802,0.7441626294737623,0.7570671728619212,-2.8204194817970705,-2.963887706573293,-2.9146040910923974,0.7592484022982053,0.7558275200107479,0.7559173351506825,11.880054722145436,11.868948640552757,11.875213375483709,11.85968387523539,-1.5052591559181565,0.09876788337145588,0.14640205178420987,0.155016026805274,0.15477586560710105,0.1547828952842883,0.09557799544553533,0.09514109128284375,0.09557365675111225
20.0,90.0,0.0,-30.0,2.1138660345313203,2.101995268931052,2.107796018247533,3.1414211508559817,-3.140565935493992,-1.9152209720469007,2.1060897203455653,2.108687495014294,2.108441727256394,3.203370068912037,3.1995837681637953,3.2058071710776734,3.176498338213539,-0.9044710941517862,0.0010459662499807101,0.33200273999855107,0.10438691943872073,0.10428120969025974,0.10443978827272761,0.2671351363376595,0.2674300499287373,0.267103209486735
20.0,90.0,110.0,0.0,1.4879758952756936,1.4687684482941226,1.479321300235396,-2.346539007832205,-2.360754397026508,-2.354201940252944,1.4814230027227373,1.4802493153838427,1.4779506821902544,32.5833024421558,32.580802797258656,32.58078399807189,32.392261835160326,-0.5058552928451482,0.20432598792188206,0.9002680501735131,0.4175260723956239,0.41729125729498323,0.4168561741276214,0.18595204610562407,0.1855299258460728,0.18566356101941922
100.0,0.0,30.0,-30.0,2.161395103492371,2.049179020899492,2.0924087992446174,-0.1592309684304535,-0.4569725365899207,-0.31836159554370164,2.1055570744308976,2.1048775101496124,2.104658044371519,5.467766078194707,5.477425271740698,5.481713018670974,5.355360100015195,-0.8608658866447302,0.09568166762740733,0.05392134799078924,0.045861338532171364,0.04604764998915672,0.04569082515070277,0.26753453991895965,0.2673221404219524,0.26742273167191777
0.0,100.0,70.0,0.0,2.189636792787195,1.8858822363301504,2.0498199136870245,-2.383092337219122,-2.61253811272786,-2.5208776807652287,2.0599282843359785,2.070562254928026,2.06027829093587,22.45880986172947,22.468749671037596,22.424466207389084,22.313483030946323,-0.5108837872891713,0.06583851137962088,0.9949705451842967,0.32211291977684786,0.3222451952421467,0.3212313772901159,0.2608025077276492,0.26086283764689866,0.25949649629362403
20.0,20.0,80.0,0.0,0.5741023464161132,0.5684783071292479,0.5716443964412775,-1.9152222051621464,-1.937592506430842,-1.9255057309654857,0.5718146577656146,0.5738375774730494,0.570095526183748,22.70847742117501,22.715048954498453,22.70068106878618,22.66320607504826,-0.4993992952969514,0.13943124109634794,0.18688473869517871,0.27309013126870935,0.27336965704616073,0.27300083600238156,0.0715888877652646,0.07136791720395401,0.07113565629771615
50.0,20.0,20.0,60.0,1.307778375321015,1.206560341142553,1.2666194557105734,0.2027874076912671,-0.3324405329264988,-0.002948391003553972,1.2704189813097049,1.268063899650598,1.267015258658015,5.828612242598646,5.829790501349162,5.830339490426706,5.823809134044623,0.8564346937938974,0.11930822960688459,0.12081661040904663,0.0889076587353182,0.08906488554696078,0.0889862040486573,0.1610128301869209,0.16058180331393496,0.16087754243986493
0.0,100.0,20.0,-30.0,2.1224512509418143,2.1104029452755477,2.115378336671894,3.141469303650677,-3.141353145102827,1.8815056058619504,2.1149470278937716,2.115652020887867,2.1155924717643027,8.72570786751586,8.72537613820408,8.723385507571036,8.684006261879363,-1.066042273057869,-0.0079626487909913,0.5346752897460628,0.16750587438558343,0.16746994791488262,0.1674222141191612,0.2677950080691842,0.26787432511001835,0.2677844432535983
50.0,50.0,60.0,30.0,1.3691214889138437,1.3606154073174863,1.366500202066134,-1.1448086614858377,-1.1651813467771202,-1.149385663632018,1.3652908828627663,1.3673503054518428,1.3674037451844288,17.81272822523065,17.812507532203895,17.816172863093783,17.785038284811048,0.09392157430177205,0.31685430614630783,0.3651378848759921,0.2339811893573567,0.2340667003464416,0.23394007235146133,0.17252569300053705,0.17279892524356563,0.1725333678320353
90.0,20.0,50.0,60.0,1.8920485214682363,1.8381629796967511,1.877150696494341,0.2813936330341375,0.1836549427385814,0.2560389047245561,1.878565606433456,1.8774019227434977,1.8781745727176662,13.326782279947372,13.323970764214321,13.327901464600908,13.321908251116616,0.7310438950431617,0.43263147466453744,0.15033735131892648,0.16048551384231124,0.16052866755887568,0.16057382794500363,0.23830364978436885,0.23825377906377365,0.23839718533921625
100.0,0.0,60.0,30.0,1.99834354745748,1.973492396533033,1.9924494529247534,-0.0560788837145258,-0.0909741095725482,-0.06378102167049185,1.9932487671467298,1.9925802697352404,1.9928945511206562,15.412730304464612,15.408848148033965,15.4123684492741,15.406741859966742,0.1761317538480138,0.5106061523331654,0.04398945145927627,0.1691548762087636,0.16896505024946637,0.16903544524235173,0.2531378529307429,0.2530887388193116,0.2531739380041242
50.0,20.0,10.0,-60.0,1.4766846512828764,1.3088760784974776,1.3754416330495218,-0.155103994044576,-1.1023550090725625,-0.6752731386254,1.3914671604753897,1.392916868662729,1.3901427974566358,1.5373357486377721,1.5406936231783457,1.552949391673142,0.9488096929153461,-1.2946173906591876,0.011215317579264859,0.08520147962973182,0.04992827457986671,0.05023664758865907,0.050454337862795656,0.17678581952235328,0.1765890278612938,0.17645285731078364
0.0,100.0,120.0,60.0,1.4976746635706295,1.4770555257167204,1.485813075560267,-1.3808811658241769,-1.5751524569401365,-1.5574934594966592,1.4901439871119138,1.4863072813028368,1.4864847624144162,35.394771900628456,35.37590759948474,35.39080275865045,35.21799327499227,0.5242069646371452,0.018564451283371523,0.9983398513007358,0.45077762755492384,0.4507322911040276,0.45086046155581117,0.18653366761115114,0.18608018939355214,0.18657865035304458
90.0,0.0,120.0,30.0,1.6369065041325546,1.6116927839568171,1.6207151033374305,-0.3143287775515581,-0.3316399927268887,-0.3212410179146394,1.6232408403617937,1.6218046421955221,1.6183874812081407,32.709027906139525,32.69796724719932,32.69764018333661,32.58883418918675,0.07360079108264722,0.9085357432840518,0.001965444260630857,0.3690165067091534,0.36903664114013873,0.36911194383709517,0.20629667141480282,0.20569757607003292,0.20589929285875574
20.0,50.0,40.0,-60.0,1.2465647391182872,1.227790932094039,1.233199232014201,3.1413472590705585,-3.1407404191116046,2.377615369226661,1.2335009027396568,1.2326276747473015,1.2328896770884876,12.705558584227093,12.707912416117475,12.706628792962649,12.677909240162045,-1.503450194619846,0.10916580011058039,0.31980347551403565,0.18181639792240326,0.18180438021040216,0.18176588380776867,0.1556751906102083,0.15559879218564882,0.1557008609824336
20.0,50.0,70.0,120.0,0.5507341301785155,0.5135238970958791,0.5433608869202268,1.0727945970128296,1.0031587016802572,1.0557383182749511,0.5447229859254852,0.5442539309396959,0.5435234361292755,19.275911074575127,19.288818120339116,19.278960731257623,19.25703484236238,1.6133981662300334,0.18094166806446085,0.017312196397413323,0.22073097192676605,0.2208996027445452,0.22070434660783123,0.06909898388431558,0.06894538351447888,0.06899966216952823
100.0,0.0,90.0,120.0,1.7433306650065294,1.7267178379655814,1.7403672910377699,1.4508982280118583,1.433041832274405,1.4467316304054152,1.740564476521224,1.7402566588130872,1.741193238886443,23.87361647577708,23.87859931409104,23.874549684568848,23.849591878001856,1.6725458766849381,0.6877091559460251,-0.06703124854435372,0.26076804112901125,0.260846650707305,0.26078547911574496,0.2212590217091833,0.2213375736955255,0.2213738499292151
90.0,20.0,100.0,-30.0,1.9089686271283408,1.8698579572824163,1.895313330098752,-1.4929067605523962,-1.5040907638505527,-1.499174784463335,1.8949264129771648,1.8970099505500408,1.8947279215318895,27.51652795383647,27.52649042473697,27.515822517465175,27.44026536806252,-0.9430676910283909,0.9012359700657202,0.19818191645283859,0.3211923294203901,0.3215504692673756,0.32128720294643826,0.24061397874757168,0.24059412304532957,0.24032942249922334
0.0,100.0,100.0,30.0,1.6859364628841151,1.671812053912566,1.6793753841107664,-2.07773151641246,-2.102207108129478,-2.0896708950521954,1.679465718740479,1.6797527941465835,1.6794656418027787,30.22439192930064,30.20536947544145,30.20661711446178,30.0170036607171,0.00012190592041753439,0.00632846842191848,1.0002203657197644,0.39804578796171913,0.39826738078000146,0.3982497647594515,0.21116924133413723,0.21116154908790738,0.21114212189377335
0.0,100.0,100.0,-30.0,1.6879663931637263,1.6718024771599571,1.6797411849575552,3.1415699221702886,-3.141587775175893,-1.952465428766089,1.6801153888887055,1.6793050261085007,1.680131201807479,30.20478372238495,30.220289638507225,30.205901783394875,30.01740927732359,-1.0467237125101325,0.00991460494835854,1.0004802561255315,0.39830513066287,0.39810210506201615,0.3983295780134907,0.2111631510431197,0.2111638830951518,0.21126111411510237
20.0,50.0,110.0,0.0,0.9420180822144204,0.9274408867841112,0.9345108016181153,-2.1842197106291583,-2.196568789439778,-2.189359991089796,0.9328335413859835,0.9376840244490304,0.9362444221351937,31.665900397314886,31.68393460495004,31.6730583319041,31.525966396583282,-0.5051127887116516,0.20517540549700003,0.4999754023496837,0.3886245743341319,0.388766906306927,0.3885329470356183,0.11669458195944277,0.11711134672236989,0.11650536464256642
20.0,90.0,100.0,120.0,1.6199662513487263,1.569064345629699,1.5845582979450992,-0.1580047768089857,-0.2589212179815068,-0.23677118339151007,1.5845447391263108,1.584826057314927,1.5832650459390973,29.959074635552923,29.97442256761934,29.972487359875974,29.78536748063812,1.5932628406789993,0.21724345829236824,0.9011141392362554,0.3908761909027775,0.3910761350420262,0.3907324693062295,0.199267299869156,0.19910144007298866,0.1990760729217398
90.0,20.0,70.0,-30.0,1.758532970316339,1.752594498124996,1.7543175352054194,-1.482964114739755,-1.4908833185442425,-1.4889424694757742,1.7547359077487121,1.7544447419042668,1.7535657048264142,19.24018386444328,19.246754894875963,19.238606944386326,19.216433152386234,-0.9094302441863381,0.5834421755634838,0.17970008932072618,0.22936639339354037,0.22933410620132655,0.22919613865349667,0.22260266240866336,0.22245213501488006,0.22248776965611616
100.0,0.0,20.0,0.0,2.2404153944339056,2.0110725073287745,2.0966423599943544,2.1007379073324404,0.2284239129070373,0.9824330149581383,2.09457759811331,2.0961370323240622,2.1010179691975455,3.631655756378441,3.642583790810678,3.65722154576101,3.3299857134626847,-0.8387643688149711,-0.07030886962596454,0.16985100181659948,0.068394477451847,0.06814188622273663,0.06855903222373413,0.26569220003226046,0.2665131489393146,0.26631762973345074
20.0,0.0,50.0,-60.0,0.4798459569572706,0.4475061306952134,0.4569948338062454,-2.352760808735234,-2.457502854765163,-2.4215276837244115,0.4575761220067561,0.4568910547697518,0.4563915016624203,13.989813970219927,13.987421616289284,13.986212072972034,13.984972027343455,-1.5241292516608151,0.10320616144957512,0.04853903872547601,0.16503248925601358,0.16505458805161316,0.16494947521688175,0.05769279997084564,0.05754791382126283,0.057631706282509965
50.0,50.0,90.0,30.0,1.4640671868979125,1.4397556857807403,1.4517041827301014,-1.1154655303136058,-1.1312827153562108,-1.12163173168921,1.4512996592748924,1.4524934163349403,1.4515155441944825,26.156747586130606,26.144127830472886,26.15459764154457,26.039266318238184,0.06941867448948337,0.5151614009028412,0.5010383553084832,0.3286386480206401,0.32876454773875513,0.3287798744992899,0.18321779735176577,0.18325624069490926,0.18311651539884236
50.0,0.0,20.0,30.0,1.2967609254190955,1.0935365140746036,1.1622224459660524,0.1365358044712697,-0.3216674065300505,-0.04386197837696397,1.1698657216822934,1.1688023272868255,1.1682892908164122,4.940556223833729,4.981182982958998,4.959211983153637,4.946608891715494,0.3195698642461368,0.09823473156305455,0.05226963116942927,0.06460262268217423,0.06501908783851346,0.06506926041327349,0.14840670122632604,0.14829086699573762,0.14839950006376806
50.0,20.0,110.0,30.0,1.0185812369646765,0.9919941337516944,1.0033711920177917,-0.7746310167391144,-0.7913494321013983,-0.7823098896398556,1.001226228110529,1.0031389100605768,1.007593434987798,30.78544155218847,30.773945546058474,30.781541771303296,30.662033826075195,0.04767535762276996,0.5092033785787556,0.20093687935958718,0.36122890356049464,0.36106578497839187,0.36135763453337805,0.12634322485287416,0.12714519006198424,0.12687409696517504
20.0,0.0,30.0,120.0,0.5047698897940476,0.3894601585040277,0.46217967097564727,0.6792982933744608,0.0189748035656388,0.47957823096841534,0.46513604613765597,0.46496517523557296,0.4660055685983789,8.648451646557612,8.655935527872057,8.6543596518115,8.635376432806883,1.6386252669552628,0.0546236693191076,0.04986391495007868,0.10840783688787747,0.10850735394187619,0.10861003761811355,0.058632799969949204,0.05875131149129848,0.05878077293659451
50.0,0.0,10.0,30.0,1.246579896570071,1.0812329191041234,1.1422404315456642,0.699299838598179,-0.2404599311174134,0.22739032579765736,1.1701319501742484,1.169468199145628,1.1686674593276734,2.3537450437065517,2.3234767240184566,2.401950702988942,2.0234416299167295,0.6506579143039696,0.03942740911291393,0.0697447230402815,0.054158316607266534,0.05381584353296766,0.05404281481512359,0.14851042962510316,0.14827667877522832,0.14836054831880408
100.0,0.0,70.0,-60.0,1.9515262931526856,1.933421672859322,1.9372195638597773,-1.7081141087827063,-1.7303189864045874,-1.725476722397897,1.9374481121444884,1.937180017364138,1.9364641767079962,18.423199189219,18.42722085003956,18.426427389159297,18.400929661503802,-1.4218917614388682,0.6027920505088348,0.045996321855631184,0.20549821789663364,0.20554584534080847,0.20554344888898138,0.24610212324604183,0.24598418017015422,0.24602005291702161
50.0,50.0,0.0,30.0,1.706949349574117,1.7003985001156334,1.7036317755556925,0.759923733176865,-0.8369344214929334,-0.03805321256280603,1.7069767927499873,1.7022019257773269,1.7022986686358597,2.6202306507257567,2.6279695549858832,2.6246980593271085,2.591143249636632,2.053481204249479,0.0007056470697236259,0.21869675327859844,0.08529497533896904,0.08560525101145838,0.08540015295461918,0.21620334799492646,0.21561113851363903,0.2162163071095463
20.0,0.0,110.0,30.0,0.4164953251418171,0.3747014549179789,0.39299824758152097,-0.4802537124061836,-0.5327356037019355,-0.507677201896018,0.3945048740853197,0.3946517955973096,0.3910250541939819,30.31726605372494,30.31585523616139,30.31379597278921,30.23549185872021,0.01962194588959006,0.20657883525252196,-4.282754869015795e-05,0.34540949066164955,0.34543954418295525,0.34534331605751795,0.05033142654841981,0.04991227664952035,0.049914541926304505
20.0,90.0,80.0,60.0,1.880700605374034,1.8067152349657392,1.8227442376319039,-1.172167931847638,-1.2754842763898866,-1.257320052178521,1.8213680187205248,1.8238966029154944,1.821487865402395,24.765639847318454,24.761707718740467,24.770008979970207,24.62012481901055,0.5577457256024171,0.21753874507315052,0.9015699554775418,0.3383060159183907,0.3385114343269418,0.3384677332744628,0.22971180457046328,0.22972063249324873,0.2294356735384403
50.0,20.0,100.0,30.0,1.1097747010600485,1.075276880179472,1.0909400899264885,-0.7485625377291238,-0.7646386739874008,-0.755129561842341,1.0907500763034998,1.0901438699858572,1.091806629114466,28.000853428381028,27.99484231724002,28.002566036077027,27.91592583870911,0.057356209396624634,0.5064005626163012,0.20107086376639874,0.3305069472987753,0.33051410211259313,0.33067924557182155,0.13783942037843885,0.13798460961314493,0.13806086618662622
20.0,20.0,20.0,-60.0,0.8924718115155832,0.8499072886297304,0.8684931954477667,-2.48269812661154,-2.7438104137379,-2.643524556017079,0.8669391295652356,0.86981568092233,0.868380628222071,6.305934741495675,6.308808764802768,6.312248284858722,6.283233464928043,-1.3925581203355775,0.07074803636896329,0.09861468470152848,0.09355438697550326,0.09353616796242079,0.0936873585584722,0.10990138967419529,0.11007528082033811,0.10972136681529462
50.0,0.0,20.0,0.0,1.2183851740439278,1.131695371110806,1.1642167539026977,-0.3161614712032786,-0.6582316065779278,-0.4880843306406567,1.1755916231175543,1.1746848076899288,1.1713204785297775,4.8335766401689835,4.867252910606776,4.850084352839617,4.8096149145584,-0.2084271639412357,0.09438146026221753,0.045968505778402634,0.0625290961290323,0.0625424372705511,0.06296941875939514,0.14927073061855536,0.14883087303256068,0.14886813871358984
0.0,50.0,90.0,-30.0,1.0130761985384815,1.0020594784000494,1.0070284623803363,3.141485356678061,-3.1415286996858507,-1.7505274058764198,1.0070421035169923,1.0080229496248507,1.0063456555378245,26.35710855497657,26.36874292095187,26.36321550831168,26.257966778611454,-1.0468474607927756,0.004985809606878754,0.49997722532184646,0.3323872269739741,0.3327108525719428,0.33244386123966013,0.12616403269945065,0.12609041974793667,0.12597744792907883
50.0,0.0,50.0,30.0,1.0353793672267977,1.0131894608756449,1.028759664079648,-0.393580737837282,-0.4348048433799572,-0.4039474267700062,1.0292518605499175,1.0288177139293497,1.0292411456391726,13.657547872628164,13.651501462171707,13.651988498276257,13.653212134230575,0.11324378278705,0.24315178605378931,0.04859513775045467,0.15866235939822224,0.15848511505904123,0.15852125314254303,0.1305568156552497,0.13055333807729602,0.13060568731611996
0.0,90.0,20.0,120.0,2.1292150297373214,2.109180728532114,2.1188281854450404,-0.7245584386059486,-1.365221031813909,-0.9560019134146972,2.1170322945392934,2.1222827257967203,2.1185316181674723,8.576796333297292,8.584505509795322,8.586966368284273,8.504407550450996,1.4118122797827488,-0.08342824469023975,0.5101870144027739,0.16401274263440724,0.16408763340116486,0.16405488449311137,0.26844418240994666,0.26863107428763283,0.26795607543698674
0.0,100.0,80.0,60.0,1.9379133901369407,1.915055251519132,1.9220573461224286,-1.4092625433698875,-1.5712946121137394,-1.542360940496689,1.9230982901505307,1.9229299329833494,1.9213672655983902,25.03505513041903,25.035890955548503,25.037171462112788,24.88441454215718,0.5265621823119363,0.02546365980745693,0.9995431801504414,0.3463388768532318,0.3464597949362574,0.34658089376769197,0.2423749928095998,0.2421422264899855,0.2421869468584884
90.0,0.0,40.0,120.0,1.9939029928788337,1.8298051992130964,1.9414448668011184,1.7698572508869166,1.4164670530295214,1.6592252692893035,1.9426991652765195,1.9453055783249869,1.945477133944279,9.619400477871661,9.621060659904881,9.616959011049184,9.623647822911646,1.8221445003739987,0.3020098462341916,0.07218733993236444,0.1055088972427831,0.10541715148407783,0.10540284337286453,0.2468252774713878,0.24717505159836692,0.24684509096679502
0.0,20.0,30.0,30.0,0.6926688790252351,0.6628189571983709,0.6795101654075434,-2.0735169471161434,-2.1772083164093523,-2.114674844493169,0.6813761823090624,0.6800574016480082,0.6810740635465766,9.312243094234162,9.3214087297296,9.313800961397355,9.274009788724909,-0.0025326942158948977,-0.0017847245647775194,0.130410228853555,0.12896262383743376,0.12874460871011675,0.12859460128947944,0.08573914069267999,0.08565671743629658,0.08586935394196543
90.0,0.0,30.0,60.0,2.214602193674445,1.9306289374198284,2.0509001017929553,1.2007751610991717,0.6097068685629357,0.9581084159316942,2.053591925595693,2.0527879237024864,2.057831262110864,6.0142736646627775,6.001235150254698,6.01119756918216,6.008317550263106,0.8171882584931573,0.16759209928176552,0.08128378253362743,0.061624925302347304,0.06170276907296348,0.061459091842331386,0.26055265346243306,0.2611076179549732,0.261196495647185
90.0,20.0,120.0,-30.0,1.5836849407266516,1.5532011946512416,1.576433969428115,-1.5893884050911002,-1.599689332737066,-1.5956068096206748,1.576604482576207,1.5779180626122553,1.5780722554864994,33.266411938293395,33.271033163377645,33.26509212308185,33.13641124080347,-0.9754266600778089,0.9017898852085354,0.19842750015648572,0.38731792216866345,0.3872389016129223,0.3871144069705423,0.19988716237988152,0.20004718419333903,0.1998933551964267
90.0,0.0,20.0,-60.0,2.2826728206961118,1.672599065725654,2.026461631042708,3.129993140059808,-3.1394487710920997,0.9763352759009568,2.031225339311852,2.027003529259786,2.0316646539449636,6.534464816183983,6.53380224880434,6.549774228594656,6.094747124388324,-1.928924454956349,-0.10541013363129371,0.31486603215030473,0.12321561201308587,0.12306701888791466,0.12343543436494915,0.25711418155252036,0.25717946614614745,0.2577101822534075
0.0,20.0,120.0,120.0,0.3599488156270493,0.3073927999517383,0.34899005446790693,-0.174634909675293,-0.5108699862930078,-0.44195405934590504,0.35220378398709956,0.3513235160412165,0.3540522569229235,33.62335977855786,33.6373949778708,33.62920509895739,33.507828396928886,1.5719567703894983,0.018518806653326225,0.1955356794898989,0.3938120563440035,0.3940936918350304,0.39409389393964506,0.04223716182620558,0.042481659856308765,0.042593244488725195
20.0,20.0,110.0,-30.0,0.5371584326536825,0.50820986189242,0.5272979133293315,-2.3009300580488428,-2.3528745891159257,-2.3201420910493353,0.5284111555546837,0.5314193823264867,0.5272764782274137,30.9011302614534,30.912787147499866,30.89533077113802,30.782381226280133,-1.0283538519594875,0.2031713556042091,0.19964673819920092,0.36351810129282874,0.36391425759751195,0.3635881715009131,0.06591353469092515,0.06578433361473798,0.06542943279703611
0.0,20.0,80.0,30.0,0.4560677812687905,0.4476042133520865,0.45190374663000893,-2.093477158103632,-2.143326999646781,-2.118061304566146,0.4523654500211238,0.452798702608182,0.45236905485735673,22.71104553968334,22.696370325924555,22.699094919097533,22.673905221294905,-0.0008020646162184513,-0.0036804287057790332,0.18214963656521196,0.27280006760915343,0.27274318986035007,0.27265500066357873,0.05586896044988624,0.055879060756923546,0.05581879625836607
20.0,50.0,100.0,30.0,1.0188480684080277,1.001414843937757,1.0078138033716113,-1.631275940962345,-1.65927209132915,-1.6487648069459113,1.0108198154735928,1.0075759067833179,1.0073837767033034,29.010208238749943,29.00348415922976,29.00224509908358,28.8685877133976,0.02259857814298342,0.2082757625021727,0.49997055794863676,0.3598236809065283,0.3596924907419601,0.3593999474821011,0.12633490381591714,0.12593369039892946,0.12632538046599653
20.0,90.0,100.0,30.0,1.5923320601257431,1.5693994717440265,1.5790793154916534,-1.799999690232098,-1.8310376143829443,-1.8214682266612647,1.5803118147358495,1.5800727126062595,1.5774617000864994,29.972763664186036,29.96535423643536,29.96701148151728,29.78754968282196,0.02131184350553797,0.20514965105044522,0.900497297447479,0.39089215923782566,0.39098091992634165,0.39064636599712743,0.19872840751140422,0.19835664191218733,0.19841639535812958
0.0,20.0,10.0,-60.0,0.8359587008662036,0.7572833427729518,0.7958522209960508,3.13757235912029,-3.141342657705992,-0.08357717124780945,0.7972299834583426,0.7975163476795011,0.7982478080031122,3.8875075823291603,3.8867082201126784,3.8866565059156257,3.8502553006367246,-1.436607829810165,0.01679576568282795,0.08044254996854237,0.06975298855970755,0.0696789972817315,0.06966050973056155,0.10090730037341356,0.10104180158800966,0.10099588023998442
90.0,0.0,100.0,30.0,1.5052690712236618,1.5008138493552106,1.5035073151577607,-0.0881324594963283,-0.0925584781399781,-0.08984143662984292,1.5032097143800367,1.5032778141324832,1.504418878308446,26.66344998778389,26.652457204550142,26.659216755897443,26.621474237915194,0.07751513795526864,0.6502686597115307,-0.13685519879796468,0.29038142537328143,0.2899051808892973,0.2902946721332146,0.19130668776778786,0.19145398810223369,0.19145530368359168
20.0,50.0,120.0,-30.0,0.8794293418011667,0.8596475544379772,0.8707150220719896,-2.713084772972147,-2.7473595811438782,-2.7260882791985406,0.8720006915824366,0.8725500751821134,0.8701997610463794,34.358770920898,34.36284549768771,34.35799283476045,34.18939685508014,-1.0317911253761096,0.20255300367415588,0.4998934067036842,0.41733902973963016,0.41755656375183414,0.417598202993053,0.10873923652586663,0.1084864804007669,0.10843483570368205
20.0,50.0,40.0,60.0,1.2174894436715755,1.1999658181070918,1.2105371297846004,-1.1205078806510014,-1.2424172962184847,-1.1537251068784498,1.210887287748083,1.2105485683197588,1.2110368931606068,12.71582592169461,12.714986877104106,12.718622905308017,12.690906404258618,0.5815954428578868,0.09327313547339586,0.31836108617304887,0.18188807478982366,0.18176966155951402,0.18199117117041005,0.15279945616797302,0.15281950741332936,0.1528623572514277
0.0,20.0,50.0,-60.0,0.5985147015661961,0.5868500329366224,0.5931517929868904,2.7145042437488573,2.613178995744649,2.647278018174096,0.5930962030869041,0.5936178428228807,0.5928524268721194,14.65662486926929,14.661503173609448,14.659143247266794,14.640635592529893,-1.5691780933208996,0.0046157596345472885,0.16490867702396358,0.18573822775768706,0.18589922172365203,0.18598077217649825,0.07431590243569397,0.07428072940243088,0.07422004903618222
90.0,20.0,60.0,120.0,1.8169070746283116,1.7620837179533038,1.8051457993311122,1.2091243027142862,1.124276376105713,1.191503218396083,1.8056148280732482,1.8063129626862129,1.8064415469724717,16.350906886107577,16.358705525890105,16.360280842282616,16.334986361153053,1.736714014272716,0.5105811149969647,0.16860875236993003,0.19636283270566943,0.19632257267087497,0.19640428229294404,0.22909774143870648,0.22919856524424298,0.22911609765972413
0.0,100.0,50.0,-60.0,2.128465925838538,2.12219317233044,2.125328196733567,2.6103526219059217,2.5609596034706565,2.574132169669595,2.124655799858707,2.1251184528851628,2.126432343353245,17.008928106951394,17.02350648660008,17.0157425328244,16.947517176743105,-1.5796394786641579,-0.020336895802575694,0.8400586961349379,0.262046670268511,0.2623080022017081,0.2619657935538846,0.2683780818980585,0.26863239299246067,0.26856017853506325
0.0,100.0,80.0,120.0,1.8283658303943395,1.5117079583080035,1.806037388079522,0.979081859949224,0.7890336005276618,0.9598988420274415,1.810731994361325,1.8101667149029084,1.8115132596687422,22.435032052617824,22.449367380753603,22.442264968450623,22.401767553291872,1.692284497198745,0.683048114307642,0.30306349402055377,0.2736284826135099,0.27378393119861,0.27365789943930474,0.22936587458236907,0.22946700419337615,0.2295323547211935
0.0,50.0,70.0,-60.0,1.0112527001620453,1.0059468936260836,1.0080154034119786,2.6301337211360862,2.6067469555103,2.6152318284251277,1.0077330378005842,1.0103055285145506,1.0067859940756732,20.799451670193335,20.80899779382023,20.807407499647457,20.7634760373389,-1.5712294890803455,-0.0001352834039279161,0.40718309050268364,0.2693600651171784,0.2693853337714971,0.2692221236132133,0.12670323305991826,0.1265758162889317,0.12626371937804412
20.0,50.0,70.0,0.0,1.0490590044375918,1.0451738846017982,1.0473994027625588,-2.2281587769268576,-2.239454791481233,-2.2350108741604013,1.0453567061155025,1.0478909241909458,1.049589937538592,20.760612672203198,20.754699052704563,20.761276461658948,20.718475308592275,-0.49527470244466476,0.13105939700864352,0.4011403373250119,0.26804982359298307,0.2682869146612478,0.26815223026739965,0.13137270745830018,0.1318795844006544,0.1315609035377727
90.0,20.0,110.0,60.0,1.8112958394874092,1.7720836992764175,1.7847687816697777,0.0363454335241684,0.0190943939593446,0.029322864140944024,1.7835512510374754,1.7858419704815527,1.7849155495037177,30.406014622692645,30.39611155634343,30.40517778158046,30.284556090187067,0.6125743285937368,0.9358665792108494,0.20351924779749467,0.3540356262874532,0.3539874575390543,0.3541828898303775,0.22633996094847636,0.22649807599797545,0.2262174002764061
90.0,20.0,20.0,120.0,2.1077012223849696,1.884129807348622,2.0338150595464537,2.423757334553773,1.1326058895305695,1.8483417264392545,2.035396252250823,2.042211556334807,2.038269804738304,4.05781713176339,4.05416802555317,4.038216224512226,3.952003215758822,2.0867024716290365,0.12761867199622431,0.18221593931795213,0.07417527044146509,0.07384999842571444,0.07400508824651504,0.25874203753369207,0.259104431201891,0.25824291173445557
50.0,0.0,10.0,120.0,1.171091584149245,1.0148450489064582,1.0927569702282975,1.7263635175991734,0.3216953156195584,1.1179991670987193,1.0984014676968146,1.0976778140061865,1.1032513287278782,3.138257141028527,3.1421237953658214,3.136902896398758,3.0591736023493747,2.1195569121789153,0.04844040389815881,0.08757455821609307,0.06245917979184973,0.06248569799970966,0.06220923666456238,0.13904049145934624,0.13960415291512385,0.13968812068801043
0.0,50.0,60.0,-60.0,1.0619231346641078,1.057122624437324,1.0593883766652996,2.6467294314808987,2.6093880546674755,2.617474471319869,1.0599787079786522,1.0591703021483372,1.0593138690761092,18.123776089764423,18.13148482384359,18.126841531577575,18.092438415627843,-1.5711108754516534,0.0006011560038581052,0.3827644464394203,0.2401331955500315,0.24023791338931783,0.24006913094596696,0.13322983271860525,0.13314775379442909,0.13326123326886513
0.0,100.0,100.0,0.0,1.6869438648074218,1.6718951465751852,1.679629803554372,-2.5998256121643344,-2.6249728256553406,-2.612462521794611,1.680185622469326,1.6788976988858153,1.6801964412902084,30.212473084310364,30.21098189503294,30.210893210161636,30.01746053593466,-0.5234083239638246,0.006990726441465164,1.000419806621083,0.3982516373809562,0.39837957766951865,0.3979489161703107,0.21112124693857515,0.21113597346309726,0.21130288691359264
20.0,50.0,70.0,30.0,1.031420947872128,1.0252209930633969,1.0294200822462414,-1.702779107917415,-1.7225635749569617,-1.7100396003524039,1.0288424109119871,1.029544339532986,1.0304339580578137,20.741033137817602,20.735091320255034,20.722796937903592,20.692373328319224,0.02796806145753495,0.1291601396411599,0.39262498277618085,0.2674053889929989,0.267238149272385,0.2673471537987758,0.12922311961357905,0.1294386180742375,0.12931396083156052
0.0,100.0,20.0,120.0,2.126818528442288,2.1078036332751093,2.1190317995471624,-0.7434158480724519,-1.4187263849970209,-0.9873387696039464,2.1177129924216174,2.121011857043733,2.1194807791003845,8.53180249340755,8.54340087846413,8.541872685391798,8.472576196498206,1.4005294167778706,-0.08889636834363968,0.5072483011534971,0.1632882846683972,0.16299135192508377,0.1632878745572295,0.26835299494401443,0.2685778267532444,0.2681799412006305
20.0,20.0,120.0,120.0,0.525739330283078,0.4774536099686884,0.49670852071750166,0.3968446668750133,0.2785053583491203,0.30584891252686236,0.49817232537272377,0.49813345948469484,0.501419672616358,33.622099665140716,33.624608166092194,33.62853894980694,33.493473582491774,1.5871868279999413,0.2114606034633764,0.19880438398538772,0.3939186377852653,0.3941095305400946,0.39406635208147484,0.0614946015234552,0.06191675174458243,0.06189289566642714
0.0,100.0,90.0,120.0,1.8330544169973335,1.788135317163711,1.7999693585711851,-0.0008781479806922,-0.5212813424250897,-0.4336054737129148,1.7966885875086056,1.8012031744436379,1.8017652383101401,27.58157295773973,27.5915835599095,27.584119841757094,27.417616312134953,1.579308585491199,0.07869385835593204,0.9921053424290219,0.3715455569351661,0.3717685928796837,0.37155508423747063,0.22633697786926987,0.2269826866582221,0.22641525169476928
0.0,100.0,40.0,-60.0,2.126650709440286,2.118981411922945,2.122145492086079,2.639785955856164,2.5497275561469976,2.5731220191142317,2.123072893264785,2.1214701887930922,2.122264944498318,14.24589039570556,14.25088812937955,14.248134539919418,14.193568713053386,-1.5815569836884735,-0.01611569656099647,0.7381469202165556,0.2303126813090569,0.2303039516271221,0.23017656148545523,0.2682940077429316,0.26821223385102655,0.2684053100437118
20.0,50.0,0.0,30.0,1.4840114562608029,1.4727661967947274,1.4781150085167976,-1.28722152857054,-1.902688842553763,-1.5929305303941532,1.4759017299788832,1.478909397725784,1.4794714761205077,2.271873543609965,2.2657513829221596,2.2716878580280446,2.2386465097123334,0.4986240551899614,0.0005622068842956419,0.16391076488812528,0.07406753931937497,0.07388974026821138,0.07406931438729915,0.1872139487825317,0.187666465565286,0.1872898034974288
20.0,0.0,80.0,0.0,0.3743911943174813,0.3664053661365742,0.3702287150119847,-1.2548089298173573,-1.2915968006848542,-1.2767271091697399,0.37304629509950665,0.36994186263138895,0.3692048555362787,22.153540672690095,22.163501115537667,22.144923089473213,22.127901638044484,-0.49903440487442385,0.1375733785034801,0.03779995013750706,0.2551513867781522,0.25537446828403193,0.25518810419362853,0.0468561148302658,0.04641350290272059,0.046810122861833656
90.0,0.0,40.0,0.0,2.008293435220257,1.948852385270875,1.9871158812897365,-0.2985325893893589,-0.4182271857083096,-0.33882124692882987,1.9888521512819137,1.9881477742161662,1.9870860405012725,9.341392535449526,9.339396773960262,9.336695546438081,9.335747156978368,-0.276425722035508,0.28802434754270917,0.05037769216816632,0.09703490641921785,0.09697901956576256,0.09698010683285672,0.252645656077657,0.25241787999935805,0.25250681610204867
90.0,0.0,100.0,120.0,1.4357336052727714,1.4261555206994752,1.4340037805619694,1.5424318540421194,1.5327427787392711,1.5399396018123932,1.4342250408791444,1.4342351488276057,1.4342828778552714,26.56284988752797,26.5842062869216,26.567842032903414,26.540064361083918,1.6428008042238287,0.6021625241962881,-0.17406767483276386,0.286938104727124,0.28687406245611075,0.28673795650136874,0.18271167329951032,0.18271383657882678,0.1826997401186101
0.0,100.0,10.0,-30.0,2.1175083702916893,2.1054808050035945,2.1118566541615666,3.141486492130218,-3.140964829401149,-0.009475993716633423,2.1108066478201293,2.1127575616491163,2.112003657537008,5.954832575471076,5.9559835778220815,5.956227044919731,5.928098561851989,-1.0418888898163283,0.0028732686458759434,0.43314486504153604,0.1356002296449089,0.1355444290903494,0.1355755395615231,0.26753548398103816,0.26768848162673575,0.26743913000696595
0.0,90.0,110.0,60.0,1.4515468312094617,1.4361180309521295,1.4432831577243779,-1.527421185727187,-1.5732491622690898,-1.5628039654743815,1.4409571693434717,1.4457491249415688,1.444794382327726,32.593236122836025,32.58625167872962,32.593424619279624,32.40717953175936,0.5239052131936344,0.008931670230541216,0.9002227308498525,0.4174936343785231,0.417347836539163,0.4175866301285518,0.18094934015531633,0.18141579366678662,0.1808189292466509
20.0,90.0,30.0,-60.0,2.1232887000155745,2.115372908608964,2.118803400106301,2.670064468438072,2.4889829913275427,2.5398275730419657,2.118825991664735,2.1184244253492746,2.119255695080056,11.47604382547328,11.47902798321933,11.479932194772422,11.43219115893742,-1.5934148168168927,-0.02134074154030371,0.6354823367964514,0.19857669098718322,0.1986508155412622,0.19867604529119048,0.26800782658239625,0.26806385232186,0.26811832659006046
20.0,90.0,10.0,120.0,2.116604954199719,2.098507365018151,2.106694929345414,-1.5377189105532618,-2.0816052760987414,-1.7927974849854218,2.103463241577579,2.1073277247955,2.1092673616434103,4.8379385840028455,4.838067667203398,4.84734877214727,4.783141057946646,0.8792755337168657,-0.09332036212332838,0.35811642970876667,0.11768991160168026,0.11759193993839712,0.11780235299099721,0.26671025681783683,0.26745394645933723,0.2669600362259699
0.0,100.0,0.0,120.0,2.1148113772935075,2.1017105374740352,2.1078021598788426,-2.725877244670297,-3.0167047620638017,-2.86655790257103,2.1076091975899507,2.108215988740014,2.1077744120292685,3.2074953374677917,3.2060574801060175,3.205685694337885,3.1786755554112838,-0.7750061153636085,0.0010539038087939844,0.33219992660059056,0.10443990114553219,0.10440381106380932,0.10446695402665516,0.2672493577376459,0.2672657536022251,0.26719436376855144
0.0,50.0,120.0,0.0,0.8172398331645557,0.8045239412322943,0.8104931342611206,-2.586043795958012,-2.6224082739825967,-2.6055967288443544,0.8113195779869364,0.8112525273075147,0.8110285894973023,34.38463639318586,34.378868931512415,34.37832792982792,34.20423775345062,-0.523309152779634,0.007673904968169146,0.5001194304473771,0.41786043756761043,0.41797117655277605,0.41746091689356607,0.1007223015196457,0.10070905715327812,0.1006979837524883
50.0,20.0,10.0,30.0,1.3857300367948946,1.265576429336625,1.3203503287837703,0.2776175919229935,-0.6101624879752403,-0.12060287087272235,1.3247901649533957,1.3226464289186053,1.3211232525565875,2.7180905219415283,2.717679535467393,2.721808715360011,2.67374588227424,0.7436780830466941,0.056398209129234704,0.10767275165952475,0.0612549972711554,0.061485432045535,0.06153792104640893,0.168006274107557,0.16752965156630698,0.16779015993510735
50.0,20.0,70.0,120.0,1.0411812481995515,1.014227814109932,1.0359653698537477,0.75453055025042,0.7055694591161096,0.7443773865345098,1.0364973717030916,1.036036532397411,1.0368330075106766,19.792928794604517,19.79722050560119,19.794500859093763,19.770025208263895,1.6462804162837374,0.329633793769295,0.17971951898488348,0.23939837283463186,0.2396276488523696,0.2395408608913343,0.13097936357618717,0.13101951929321645,0.1310775350056394
20.0,0.0,100.0,30.0,0.4384745723175377,0.4194627251273687,0.42695713527832513,-0.4732349439292557,-0.5091545519934936,-0.49133664413408945,0.4282268256335049,0.4284917520079665,0.42479431630575537,27.522273122040435,27.517533519648058,27.511328951454466,27.4778194652082,0.023438691989092854,0.20360989021331863,0.000251196159804275,0.3134470078141792,0.31343273653001974,0.3130950411331409,0.054572416055782204,0.0541310088155029,0.054101286921563664
50.0,50.0,0.0,120.0,1.706949349574117,1.7003985001156334,1.7036317755556925,0.759923733176865,-0.8369344214929334,-0.03805321256280603,1.7069767927499873,1.7022019257773269,1.7022986686358597,2.6202306507257567,2.6279695549858832,2.6246980593271085,2.591143249636632,2.053481204249479,0.0007056470697236259,0.21869675327859844,0.08529497533896904,0.08560525101145838,0.08540015295461918,0.21620334799492646,0.21561113851363903,0.2162163071095463
100.0,0.0,100.0,0.0,1.9216768056126257,1.9179127300433032,1.9198308299509397,-0.717859430646777,-0.7197785681285629,-0.7187010468396483,1.9209500101780763,1.9196072141649059,1.919125501530748,26.74773956388123,26.743978722082236,26.736041874285227,26.70363130317435,-0.420636219841594,0.8663700843418638,-0.024030015830095647,0.2970514403201548,0.2969048239983745,0.29682091645512865,0.24409281713643602,0.24386098077661963,0.24403587620416345
0.0,90.0,100.0,-60.0,1.5465650383172111,1.5334846058550995,1.5397184291996076,2.646481860527061,2.616832736660305,2.626414667187768,1.5380284770384751,1.5406348136675376,1.541466658297041,29.98219608662462,29.993303407723587,29.990921646144383,29.807850037974678,-1.5703945517645603,0.008759718802870263,0.9001854805136583,0.39093971156409235,0.3913719966364318,0.39131343732706253,0.19326464799645152,0.1936977099793822,0.19337545279927568
90.0,0.0,110.0,0.0,1.7882324003964194,1.760560662861517,1.7761878588351583,-0.794252145906601,-0.8048741023185042,-0.798653507154097,1.7765341505711483,1.7772188636059951,1.774865901573777,29.780466944423548,29.778735030171415,29.77662170003678,29.699110561616163,-0.43597477811006946,0.9028905152543919,0.0004915377766777504,0.33493905003305846,0.334855615029311,0.33471722307172114,0.2259204497942002,0.2257123858894933,0.2256296804203598
90.0,0.0,90.0,-30.0,1.648989582058543,1.6449591452207772,1.6464231855497353,-1.336061238626251,-1.3425508556280663,-1.3408655146495974,1.645433485743106,1.646384462330806,1.6475861080323657,24.330784629064844,24.344800951189946,24.33703775209478,24.302084226105396,-0.947436995947743,0.6878036141488045,0.03758228176898334,0.2754346985000932,0.2753636068343059,0.27526164234612815,0.20898140035191132,0.20925271782509205,0.20911392219570316
0.0,50.0,120.0,60.0,0.8729435267108056,0.8432178811419918,0.8561654660799013,-1.164487324378212,-1.228440111867244,-1.2076694250736812,0.8564993623570474,0.8566897900755098,0.8571691205622288,34.37170015899058,34.35805640708909,34.37434158154953,34.19350696371267,0.5368983730677453,0.17599045853700987,0.5001029804523079,0.41730378881651814,0.4173737408044978,0.4175467484129276,0.10657805304346156,0.10667894875532753,0.1066493075950055
20.0,50.0,10.0,-60.0,1.4620577427928885,1.4433049576655423,1.4524550093993356,-2.399770730221597,-2.5308798486960136,-2.470283958629529,1.452637834884357,1.452028414394043,1.4528624416476004,4.126668012519339,4.128451834428604,4.129808900867918,4.1008643617047245,-1.051111274822533,0.06476552002921925,0.1827897346065058,0.08890600309932643,0.08889636178337859,0.08906190262406276,0.1840346416331456,0.18405786306715655,0.18415239407579093
90.0,20.0,20.0,30.0,2.134045474328655,2.016950434254364,2.084016561726223,1.326716482790565,0.13778254573342,0.7295367760118122,2.0856167510442103,2.0816212762656225,2.088859479075486,3.010587102576481,3.0222607691490615,3.034016127164892,2.953527098842764,0.282501995182426,0.06240626682576092,0.1508906598806983,0.055397369821875674,0.05549102069831634,0.05532889824360222,0.2642675596659732,0.2646879776399559,0.26519089459747375
50.0,0.0,70.0,-60.0,0.9845639359953422,0.969731063481802,0.9728759023653398,-2.015077374054288,-2.0375079948619583,-2.032083576701023,0.9734289143712379,0.9734092455614588,0.9713773167891768,19.237524532711248,19.23800852010488,19.237401447290715,19.212445888764158,-1.4944434543090677,0.32391013576629246,0.047346229276604555,0.2214580571086497,0.22174186380153743,0.22162783684459678,0.12357449279285135,0.1233203291216472,0.12333429408574904
90.0,20.0,50.0,-30.0,1.9099512551971485,1.903639029355559,1.9057391278202969,-1.2913232017440337,-1.3017314507524245,-1.2983134188611873,1.9050032060040991,1.9064593963980245,1.9056057828041182,13.280375077402427,13.279681052263262,13.278841771029487,13.27288947356106,-0.836730592133332,0.4374484364435316,0.14883040004706896,0.15960094069548456,0.15959056080824588,0.15957659128671312,0.24184756285276962,0.24191938450735934,0.2417383763912817
50.0,20.0,50.0,120.0,1.1379259976476668,1.0742060659140649,1.122647809703608,0.818715858888894,0.6567494291608929,0.7803161745788527,1.124643880748533,1.123049054673411,1.1237432353558179,14.301873170083793,14.31189425806345,14.306105667450709,14.290829612863037,1.6853500307824094,0.2573310459188042,0.1631745364506047,0.17962275750740028,0.1797001292021836,0.17943854777639978,0.14224436293217443,0.14213302497058464,0.14232552758613856
90.0,0.0,40.0,-60.0,2.061145200151369,2.0214433083103622,2.036446618368835,-1.2412337723999618,-1.3179428410973442,-1.2898639044729303,2.0360214059350827,2.0359977907076727,2.0357706865473073,9.052030055056107,9.055040541283377,9.052672606523199,9.045424919638334,-1.3322436352023004,0.2690417891234503,0.031183515622279032,0.08816263735636105,0.0881860483154358,0.08821362062447244,0.2586595982790096,0.25863009513334384,0.25863617769276503
90.0,20.0,40.0,-30.0,2.008009087662176,1.994179857519085,2.0036917227383353,-1.0842233746713468,-1.1134038208805412,-1.0938937579261094,2.0034772234882983,2.004192876389167,2.0039073199297452,9.99579781919387,9.997056711591211,9.992221192141534,9.986199981611598,-0.7742254074338187,0.33955948556130255,0.12551057708917313,0.11923236523636029,0.11910721376292714,0.11918962836307759,0.25438610667782136,0.2544360166026245,0.2543466428985649
0.0,50.0,90.0,-60.0,1.013030664364219,1.0001125213694462,1.0068309164464095,2.6446312648381425,2.608945524879525,2.628031306160528,1.0083711561788495,1.006393997913129,1.0062536186460336,26.356741972145446,26.368021397625142,26.364119655031004,26.257650198806758,-1.5704052639051342,0.005445762898971224,0.49983804310388447,0.33249798135720493,0.332473511118503,0.3324182273795392,0.12615135481705655,0.12589039454879694,0.12613265622525596
20.0,50.0,10.0,60.0,1.4141420975031902,1.3927557427997466,1.4046864900130758,-1.0006066216496303,-1.54403715821387,-1.2313177712869408,1.404588394949093,1.4060644206087147,1.4045048052218456,4.8155585012621325,4.811603467446127,4.818586275757364,4.7935516596430405,0.6701402685485209,0.021926823030519342,0.20994047144147704,0.1000036005012369,0.09990153532067411,0.10008324709857169,0.17803141599486433,0.17801765703592048,0.17782826538634333
50.0,50.0,110.0,60.0,1.3661323230092428,1.327936771465091,1.3403717661039287,-0.5585467832911067,-0.5733400007654372,-0.5669982643999275,1.343829894962968,1.338115741785988,1.3400107465829936,31.528910398391798,31.512756792631127,31.518757720547747,31.37251511812738,0.5778736105508099,0.5940680870968522,0.5015548125293257,0.38608692914984655,0.3858856722373587,0.3858265222607563,0.16897452132672616,0.16851427772888317,0.16921205505742942
20.0,20.0,50.0,-60.0,0.7243524316028218,0.7018439414619819,0.7099152462827806,-2.88900935391941,-2.9718679752420742,-2.950150953244608,0.7084889611349704,0.7100757883408992,0.710813404977175,14.602062685217225,14.602920160761593,14.609752780864628,14.573269640654528,-1.5227440445104115,0.11121219879727962,0.1628000079331455,0.18474534350038804,0.18482078266674573,0.18502506063764584,0.08917867889787799,0.08944977948335793,0.08926127235317151
90.0,0.0,10.0,-60.0,2.1143664319347124,1.7850262124658651,1.9373001145665922,3.141532627744163,-3.135515820670918,0.4029430390205002,1.9379415915217315,1.9382635261574517,1.941140583734277,5.028419735540391,5.034479393896736,5.034761878806244,4.937302996165859,-1.6738269280824827,-0.013121327641424077,0.3314039287925001,0.11639428167470295,0.1164091116827495,0.11647049224358355,0.2454587008506866,0.24586747532892142,0.24582496993840872
0.0,20.0,40.0,-60.0,0.6434910525034864,0.631734678195657,0.637762050079684,2.78478471929838,2.6228111998675394,2.668115548083755,0.6385690086922008,0.6383998521801081,0.6374460796132388,11.969205856070117,11.978429497861981,11.975964745097036,11.957856743134341,-1.566997986844425,0.006636534383185628,0.14981164878653716,0.15652035510586323,0.1566439729353295,0.15654757171119746,0.08024099578106253,0.08010222616867892,0.08013503574910712
50.0,20.0,40.0,-30.0,1.211137922720908,1.195771450909357,1.2014577534140847,-1.7031738730829198,-1.7375106732709442,-1.7243399171371672,1.1993009516264184,1.2033158460956688,1.2014723564850434,11.41627706853401,11.435732393897542,11.421855055212436,11.421226554595911,-0.8896896122188103,0.22632757056947092,0.14172141586035916,0.14654550030421357,0.14670300942371203,0.14655424402621545,0.15218020013411465,0.15244842151754634,0.15192983054479464
0.0,100.0,50.0,60.0,2.129341287799403,2.1219442545237794,2.125275902008142,-1.599192236116105,-1.623460907316208,-1.6055119233323825,2.12507610059322,2.125721204482846,2.1251460484901004,17.025930011911885,17.027642367020373,17.0205628287412,16.967517715893624,0.5166817716383407,-0.016632751476077366,0.8369777945797423,0.26115510136136405,0.26080495321965425,0.2608613167374266,0.2685349249026749,0.268562759159871,0.2684586663675041
0.0,90.0,110.0,0.0,1.4500375579071856,1.4364546176249242,1.443379900208627,-2.6061882496410798,-2.623613884757205,-2.6148800234356053,1.4449221747410388,1.4406581749981728,1.446012576562214,32.593832658187694,32.593202781759636,32.58686103987081,32.407757505269984,-0.5236205240502191,0.004588635469868214,0.9003736103564224,0.4175287209054203,0.41757305307188675,0.4173490165394306,0.18079556562469234,0.1809484564353205,0.18147570782243377
50.0,20.0,120.0,0.0,0.9234324820987384,0.9134242787512924,0.9187928960972302,-1.3241545116847555,-1.3385124303311475,-1.3317762573337169,0.9199602601944669,0.9181867476151714,0.9218626113749759,33.53680297025248,33.53291244927034,33.525609386586844,33.404275199936265,-0.48382968115386193,0.5053487446434484,0.19998437113098372,0.3922531079478707,0.3922722031917473,0.3925925200397447,0.11576050798698012,0.11601165141934247,0.11625711005511546
90.0,0.0,100.0,-60.0,1.9181478716152989,1.9129294259661065,1.9159357023678518,-1.802532672466916,-1.806184298433823,-1.8035228922597113,1.9158595042332036,1.9160530808631355,1.916112760201972,26.841929951590764,26.858601849876578,26.852984870675265,26.811362849845427,-1.467231490922914,0.8751598907079019,0.008041776257781888,0.3005295507781254,0.3007453547350481,0.30043904081131523,0.24343322316956126,0.24346262592158255,0.2434331060303651
50.0,50.0,90.0,60.0,1.4681244255714525,1.4394985265707243,1.452503250501522,-0.5893886965815568,-0.606293478593659,-0.5978028397271687,1.4522042274988778,1.4527305459869648,1.4528102752165613,26.156238581877965,26.148109407080657,26.152481020041442,26.039531743572105,0.5930673277209988,0.5154808655741115,0.5012091268935346,0.3287765950351086,0.3285742624553332,0.3289536659662556,0.18328255830378024,0.1833365558062857,0.18328413311608105
20.0,20.0,40.0,60.0,0.7392368558702118,0.7122415955928546,0.7310454009009645,-0.8519272366845274,-1.0164911097719351,-0.8977695041796052,0.731960313081409,0.7323320675858194,0.7306078928173358,11.89894476031015,11.894603768935328,11.89248715171233,11.88197622660041,0.5813361541096089,0.0865369015360846,0.14720939556844173,0.15509478007303606,0.15508034128604534,0.1549553673818305,0.09230644321643096,0.0921436157237535,0.09208985842978497
50.0,0.0,0.0,0.0,1.1355570126122234,1.0603302940500456,1.097416561352898,1.5362022847419567,-0.1286532026554046,0.6775224491756872,1.102148068556476,1.1008730024785676,1.104444638244343,1.8525795320197636,1.8141969228143653,1.8282034565136358,1.670737843533873,1.0102074128749008,0.0005009181861370492,0.09205251460854748,0.057871929990127004,0.05787436586244218,0.05732921581290942,0.13948794418385088,0.13986772690815014,0.13998743129122368
0.0,100.0,30.0,-30.0,2.121675628361986,2.114698135954705,2.1185338408907115,3.1414536856642985,-3.141351392480886,2.8891252641796377,2.1184957896060737,2.1188573477598482,2.11843844079096,11.482730566779171,11.485862032043089,11.478623241364355,11.438538762841423,-1.0636913150568743,-0.015247878959150384,0.6361652210428799,0.19888446710375435,0.19877505963798492,0.19876826982694407,0.26805755128025194,0.2680562886056146,0.2680081190203569
20.0,90.0,0.0,60.0,2.1138660345313203,2.101995268931052,2.107796018247533,3.1414211508559817,-3.140565935493992,-1.9152209720469007,2.1060897203455653,2.108687495014294,2.108441727256394,3.203370068912037,3.1995837681637953,3.2058071710776734,3.176498338213539,-0.9044710941517862,0.0010459662499807101,0.33200273999855107,0.10438691943872073,0.10428120969025974,0.10443978827272761,0.2671351363376595,0.2674300499287373,0.267103209486735
50.0,20.0,50.0,0.0,1.1382076956022809,1.1293288021195311,1.134634629764914,-1.279244867197172,-1.299747604439628,-1.2873058074212878,1.1342630255204533,1.133899608047615,1.1363997295444224,14.280834804172256,14.274279123027508,14.268465054484002,14.25543510618558,-0.4067076140616644,0.2625488845366765,0.1586496662183547,0.17885059740299578,0.17849330834694047,0.17885050095030353,0.1434607622383646,0.1437204393036778,0.1437778082670512
100.0,0.0,40.0,-60.0,2.1056313533785844,2.092384785300359,2.0984197615426825,-1.2243433157318926,-1.2731570827752097,-1.2560303563473154,2.0987136806937934,2.098131529588026,2.09870687313749,8.910201309312027,8.915636193898774,8.909362883849306,8.905831151295036,-1.3298252183464536,0.2675307408989862,0.03280185735290419,0.08525097807642334,0.08513093016392749,0.08509779719565766,0.26657348595840036,0.2665671723736619,0.2666406493910282
0.0,100.0,30.0,0.0,2.121330162293259,2.11449760439155,2.11824273603479,-2.674989794156718,-2.697776761962122,-2.6897751860265213,2.118173860813121,2.1177910263104764,2.1188885056863507,11.480882660475563,11.48569590009497,11.481904627541013,11.437396452851138,-0.5444397449480032,-0.020380295214981282,0.6358775529447485,0.19875540836180727,0.19891836529385948,0.19870756956081326,0.267924149869843,0.2680128461750887,0.26806780694759125
0.0,20.0,50.0,-30.0,0.5969697733676798,0.5855043596053802,0.5916824713036656,3.1415218185581493,-3.1415181557960707,-1.9851826870618583,0.5908878261500811,0.5922017637892848,0.5925512250429548,14.649844723785113,14.6651238249779,14.653447435582072,14.639045294529256,-1.046588031580264,0.002142270040965653,0.1645338222100592,0.18584581945830062,0.1858013068441563,0.1857821576155515,0.0740240842961699,0.07422524295029338,0.07406957845253076
0.0,20.0,60.0,0.0,0.5465062611589675,0.5430215959240039,0.5448259497896586,-2.618766155489653,-2.628149239449307,-2.623990275484675,0.5432539123904979,0.5448083188244517,0.5469958373253955,17.335018671909793,17.344643779770994,17.332895174491554,17.317050688460235,-0.5240251837804745,-0.0006773786536735545,0.1745837646662883,0.2146664440142811,0.21514775236595354,0.2148801058481937,0.06774531362722387,0.06821118212914788,0.06803727262030491
0.0,90.0,10.0,0.0,2.1184809955318906,2.105422309278013,2.111598836304765,-2.679080596193585,-2.8047204912355728,-2.748808721418395,2.1116824884641785,2.1114910116037855,2.1116975348648475,5.947711747091423,5.946643614294745,5.945328262510324,5.921550034461587,-0.5953623320097279,-0.01179649086126249,0.4327742966904147,0.13534668337627564,0.13539782399056863,0.1354545426864254,0.26751653216667437,0.2675128559576889,0.26753526283773016
100.0,0.0,70.0,0.0,1.925864915704988,1.9205459286643785,1.9243053713004887,-0.6753798460377567,-0.6822023906884801,-0.6768825669907104,1.9244748351046321,1.92419354453558,1.9247293182388663,18.426582254918472,18.42666095663729,18.420992703291144,18.40128721507554,-0.3757521251452633,0.5984772630517005,0.04326561400523517,0.2052808208598502,0.20533673220772186,0.20530031089992287,0.2444081540550626,0.24444533813111727,0.24447583060400976
50.0,50.0,120.0,0.0,1.1665667889459612,1.1410445666644409,1.153472632276497,-1.7108458997473128,-1.7317250158538815,-1.7230738492705682,1.1526535618999327,1.1555794156445125,1.1537749470204046,34.27724596957869,34.27943903047589,34.261994210989734,34.09954707177496,-0.483896867969473,0.5159233878688544,0.5001497233711866,0.41588519793863554,0.41570942337268485,0.4157121394676576,0.14505601970912474,0.14519879185787718,0.14480246197446722
90.0,20.0,80.0,60.0,1.6464093359915255,1.6366664028654234,1.644642913601437,0.1168931440109153,0.1050450501356622,0.1143190712925105,1.6449703374943063,1.6458399807086717,1.6437428516602075,21.885208031896397,21.880019814991144,21.888842939145345,21.855361688800993,0.6366861115380655,0.6229982204904724,0.1273509607785823,0.25444356967499016,0.25467926722530027,0.25458817476893597,0.2088302856106087,0.20869124681929202,0.208578864605249
100.0,0.0,90.0,-60.0,1.8120390506867203,1.804866686043116,1.8063296951521448,-1.823299040082096,-1.8309990661071365,-1.8288796427084757,1.8054949628646004,1.8067690596525114,1.8066696597374963,24.20716712497156,24.22059856645818,24.210379608570822,24.17644447186916,-1.4617051868386275,0.747832632512534,0.036784835947881456,0.2727924901297678,0.27300201176380606,0.27291157845204994,0.2294025639344191,0.2295493277655847,0.22936803272568895
0.0,50.0,0.0,-60.0,1.4419062558019289,1.429359409610527,1.4363550679907982,-2.607995129798562,-2.634883247202467,-2.6227945702933537,1.4384516678044794,1.4375093030109882,1.433656894557459,2.2006676137774113,2.216481583846307,2.199731049297017,2.1693504030147963,-0.5312640961720495,0.0005451042912567732,0.1543056503523734,0.07183869192532265,0.07199583168106795,0.07172638086387877,0.18249173093390048,0.1818646817854944,0.18199463056135026
50.0,50.0,40.0,30.0,1.5124304195578262,1.4873233860501645,1.5050469830580813,-1.020013674410141,-1.1018559056521458,-1.042454353907702,1.5052801907725837,1.505318128719177,1.5058732439878333,12.322800445986172,12.314061403407075,12.313175406916637,12.288023824141122,0.16101117524794153,0.24905329916527044,0.3102285757568949,0.17502984999791665,0.17488334038985376,0.17499964794001716,0.19045530800929392,0.1905240875118565,0.19051771775375198
20.0,50.0,70.0,60.0,0.98921989395058,0.9803643045891052,0.9870473681723277,-0.9920306213839628,-1.0238247252760782,-1.0003555934057302,0.9875924235580268,0.9872347624937822,0.9872201431727579,20.556043850043995,20.556360057608284,20.561643484957706,20.513798303773765,0.5626559019262043,0.17802629405718604,0.34525963467789855,0.26206424305603915,0.26188629451776796,0.2621057740891041,0.12410884603354068,0.12405115552804097,0.12410419634163589
20.0,0.0,70.0,60.0,0.387672812581134,0.374760629166655,0.3835645127148088,-0.2465384033297403,-0.285904604757208,-0.2615501320440369,0.3840395415403324,0.3839898647752676,0.384002646361003,19.431383062293047,19.418409568326393,19.42526485790661,19.403298554802284,0.5523875340968192,0.12355230109960999,0.040542738802061,0.2248881995895071,0.22491459721075682,0.22501021093036108,0.04837196327158354,0.04836395001362772,0.04836118965040842
100.0,0.0,30.0,60.0,2.234401677551881,2.052270828679513,2.1136615802074212,1.2941233917827448,0.7223855089888287,1.053463532934396,2.115651254405368,2.116278858703667,2.119967630262819,5.740948263049983,5.7508554193200485,5.73596212691938,5.7330539244548895,0.7982552230690056,0.15070560728883736,0.0800081191791687,0.05628757714699292,0.05629061521308933,0.05594816680416511,0.26854436542712173,0.26910948032752396,0.26902206207733126
0.0,50.0,100.0,0.0,0.9402909785457156,0.9261479611395206,0.9324260479438584,-2.5992400759158567,-2.6114001689661617,-2.6048401540590334,0.9361935837867716,0.9333633156302746,0.9300762430325691,29.02361752226404,29.0186585773389,29.009886751688317,28.893378578973085,-0.5231334017696221,0.007205332735290864,0.4999722448829443,0.360093593922519,0.3600299888555026,0.35982974315873567,0.11685882744866223,0.11609119721905603,0.11646821048070467
20.0,0.0,90.0,-60.0,0.3753605063721517,0.3663836934370567,0.3698807516147309,-2.246902416197673,-2.3083748706753826,-2.2815214534895274,0.37003504547498833,0.3710034468507,0.36979546082910436,24.88924429079515,24.88945682665526,24.898328274197286,24.852595534184452,-1.5487545698489253,0.1561459631141584,0.0340260181180569,0.28596975246163825,0.28612571953085125,0.2863942650967231,0.04673942025966499,0.04671957091788621,0.04660654036294356
90.0,0.0,60.0,120.0,1.822401778071001,1.7602574160639506,1.8093709881875244,1.4459866320309542,1.3564001371359782,1.4276313146410307,1.8097731599545925,1.8106378868885116,1.8109343105863798,15.698106394353456,15.703586934079523,15.701843885400237,15.69505257742827,1.7333061665710785,0.4802283809304149,0.05258382646079061,0.17551334081586908,0.1758084326871447,0.1757014960973832,0.2298604097376841,0.2300157942994472,0.22990590724510443
0.0,50.0,10.0,-30.0,1.3705865638663537,1.3591610139748376,1.3649845225159534,-2.8510819551439206,-3.03990143748195,-2.956373844965951,1.3656113873761897,1.3646363619953126,1.364974011579533,4.813383874859457,4.813360740304575,4.816361684871632,4.787840869183004,-0.9691384972042763,0.012645457181262212,0.20257935201457913,0.09904300950332372,0.09898887302306751,0.09895222526979486,0.17289542680087802,0.1728142801119597,0.17294422868127735
90.0,20.0,30.0,-30.0,2.1085625221478943,2.0765909502638245,2.0995199044973987,-0.6008436188272039,-0.826815461481152,-0.6916831274136247,2.099915269282183,2.1012840923193212,2.09848268349419,6.154015310293822,6.152051679190446,6.1511133460931715,6.158736120127841,-0.7121699647343863,0.19241583537122256,0.10114023787694952,0.06831873478210644,0.06821051473891808,0.06834371005406277,0.2668194147298035,0.26663685303596624,0.26646412411828024
90.0,20.0,80.0,-60.0,1.703943733222589,1.6937091564866813,1.6959366448767315,-2.0505809971645084,-2.0624891140535446,-2.0596744293274045,1.696357364106198,1.694374333191252,1.696858158239675,22.09347065707498,22.09944788299665,22.09829178475746,22.058718921567092,-1.4545887875122416,0.6464598356528385,0.18876356364867436,0.26187027541011426,0.26189389540104874,0.26189099956403167,0.21492999358434067,0.21499220529801494,0.2152459138885868
90.0,20.0,10.0,0.0,2.11726394603599,2.009515864384193,2.090733455257468,3.139067358672781,-3.1377569829729257,1.2905364361854361,2.0910913712101302,2.090295808437965,2.0911739880776397,3.521282883094147,3.5344094240619888,3.535874771630625,2.8504111368254015,-1.0281594207750506,-0.0521671725724209,0.2923990675234163,0.09917504566834945,0.09937948116441127,0.0994024297613345,0.26508451759119406,0.2650937794045481,0.2651855686732904
0.0,100.0,10.0,60.0,2.116883466235832,2.1021964659681687,2.1108027862633434,-1.9649745850363023,-2.2029550144308923,-2.069644289691777,2.109706516169691,2.110757071879098,2.112501151492582,5.823161358358964,5.820508921429796,5.824764092363234,5.76905475155421,0.25396996278430495,-0.047259643444096,0.41707721998182556,0.1325751021514196,0.13255989911017785,0.1325473230164475,0.2672772778796334,0.26763386509748505,0.2674980783171361
20.0,20.0,0.0,-60.0,0.9911991513792504,0.844144332879571,0.9221604899687749,-0.9777438748898318,-1.698394664523588,-1.3407871363366546,0.9513625465320972,0.9546183742822952,0.9511997498270709,1.8968297951025355,1.8838148790798432,1.9080347448909734,1.4027520940700147,0.7486473970873593,0.0005559910563612677,0.0721238609545796,0.05746991392769531,0.057261027116277896,0.05747095822802423,0.1209360019313899,0.1209381877774891,0.12047369489865861
20.0,20.0,90.0,120.0,0.485182322368803,0.4725585798084722,0.48295691613453084,1.717750371881959,1.70797939844965,1.711918126834869,0.4840118376792491,0.4824740442747845,0.48354082970250983,24.31486320143663,24.323333610185674,24.325662234705984,24.299107243540934,1.5944673659833801,0.16307294907372785,-0.1150409682697663,0.2676077461228563,0.26744431773653493,0.2675664244079477,0.06228535052031056,0.06221017933450042,0.062424209239059406
0.0,100.0,60.0,-60.0,2.136705438014599,2.122027895681493,2.1282115783130724,2.603796891387065,2.565355319889921,2.5778689390277987,2.129481251380729,2.127055106372317,2.1278025228068627,19.78145746349436,19.78581888948722,19.787685843890305,19.700505627776337,-1.577803170303707,-0.022508422183314603,0.9418280436612356,0.2938184336364817,0.2939057154180526,0.29390210683801415,0.26876276333921373,0.26855227102241214,0.26885681995218724
0.0,20.0,110.0,-60.0,0.3897894634625903,0.3720138349641262,0.3794613668799582,2.686109656468549,2.601344912486712,2.6537192842130937,0.37897875570334233,0.3823658642684281,0.3819228941825198,30.912067608742834,30.92888204232245,30.926820578334464,30.808312647014997,-1.570198820258131,0.008023709486921434,0.20006014625151045,0.3638150984184802,0.36414598934367803,0.3639866721768353,0.0462232123512511,0.04657715890875681,0.04617394060820572
20.0,90.0,120.0,-60.0,1.4850344027202742,1.3636053576692706,1.3855355833918481,3.051668551867209,2.7907801247667945,2.8296378141473517,1.3813976041007319,1.3876679031776336,1.388632585131987,35.180720874998414,35.192969720629065,35.19170580414601,35.02053734924513,-1.5584321468234452,0.1741480335470938,0.9018636247314523,0.4441988011617862,0.4447180909407868,0.44449431856223154,0.1731918218523775,0.1741044201617815,0.173307655572206
20.0,50.0,50.0,120.0,1.1595799813128105,1.1358162688333215,1.151416386864037,-0.0992770314172406,-0.2659063992277256,-0.14653204242519005,1.1521674139395253,1.1515288823408025,1.1516318755348887,15.404547068986442,15.407643747637886,15.405539643162408,15.376319127286516,1.6121550804823819,0.10047143515605682,0.3508996765372868,0.21058743043676312,0.21061168484466833,0.21064060587794414,0.14518449008184373,0.14511533686136552,0.14519631072846548
20.0,50.0,90.0,60.0,1.100075075075808,1.0780230489828058,1.0881382964047177,-1.0802145636282718,-1.1323395784413235,-1.112580379382819,1.0871156237419863,1.0887108083716261,1.0891834533214195,26.34120501843161,26.33752869024898,26.338158817626685,26.22238213424741,0.5511488725050998,0.20745000018644452,0.4992179568268643,0.33209742465381903,0.33204373320663216,0.33214335586841287,0.13647119223074727,0.13671568870654022,0.13651093437449882
50.0,0.0,50.0,-60.0,1.0789461975767822,1.0444387804879591,1.0533317045337978,-1.9122457839594795,-1.9766040010942196,-1.9601783986012726,1.052701757075022,1.0520656582144505,1.0538650540468104,13.628415202350348,13.634920339683653,13.634258769418059,13.629546070081766,-1.454911856361409,0.24862073190953937,0.04772453613488025,0.1582251331763646,0.15811581258416266,0.15812267188682647,0.13347682967995955,0.13362743383353184,0.13369574341255622
50.0,20.0,80.0,30.0,0.9645659953056012,0.958646017969686,0.9625301764023403,-0.7923682545867634,-0.80187210390474,-0.7959110481788184,0.9621846806007424,0.9627079575676312,0.9633008920889866,22.474181173774426,22.46008862364323,22.470308041779134,22.429652714660776,0.06234643906747181,0.35352470464112296,0.16318769792664464,0.26765443153109164,0.2674532775357739,0.2676388731823294,0.12159223004574161,0.12172865621185838,0.12166313698098861
0.0,20.0,20.0,60.0,0.743545198584617,0.7237779384144118,0.7317355857500729,-1.594087906584902,-1.831325152894404,-1.6766575886500208,0.7309332795468957,0.7317262130010797,0.7334153693161781,6.610038582578866,6.605572501627257,6.605542581416834,6.598347692170326,0.505419862192192,-0.00739267413759093,0.10855054727461194,0.09958472574109713,0.09944153055000506,0.09953313373279443,0.09226287038607364,0.09257730243106613,0.092473026403521
20.0,0.0,60.0,0.0,0.4172240857210313,0.4140631245124794,0.4159611395101774,-1.3555526246920708,-1.369154606974741,-1.3615080533206572,0.4158660558738587,0.4164724571318165,0.4159740285695679,16.716618208633296,16.727710133302875,16.721512872511614,16.701884839059243,-0.48787586809153727,0.1130841197012205,0.04699605836765098,0.19540561404601442,0.19550613512535933,0.19527502133412564,0.05243952232782845,0.05246013815471222,0.052373109588459844
90.0,20.0,20.0,-30.0,2.2590018838706563,2.0059039554863216,2.0988779025490962,1.2530474461284868,-0.3990911057544066,0.25505767504949806,2.1009830128365743,2.0958403349984662,2.1017498572080386,3.1931198539416714,3.1787426557558325,3.202015624610575,2.978235329119362,-1.237742629013878,-0.038898163917222624,0.1549753552557017,0.0594379829208512,0.05911968336291168,0.059149431001859494,0.26620588697147324,0.2663033880471558,0.2669537150141479
20.0,90.0,0.0,120.0,2.1138660345313203,2.101995268931052,2.107796018247533,3.1414211508559817,-3.140565935493992,-1.9152209720469007,2.1060897203455653,2.108687495014294,2.108441727256394,3.203370068912037,3.1995837681637953,3.2058071710776734,3.176498338213539,-0.9044710941517862,0.0010459662499807101,0.33200273999855107,0.10438691943872073,0.10428120969025974,0.10443978827272761,0.2671351363376595,0.2674300499287373,0.267103209486735
0.0,20.0,90.0,120.0,0.4441726378003026,0.4373312540080658,0.44223507654301897,2.346574327735954,2.300048871844285,2.319853470253865,0.44336379014494126,0.4418781140517537,0.44245892125514136,24.12082653873046,24.13570959664953,24.12550643746284,24.104650936569154,1.5789817880660622,0.05582484979020387,-0.17110346193510453,0.26077241594419087,0.26082474521058907,0.26067407891994515,0.05771271202234208,0.05760146396506282,0.057767368176358774
0.0,20.0,20.0,30.0,0.7401039069882085,0.7253906230610504,0.7313443682898562,-2.1024653388539467,-2.218320341242632,-2.1433809056177267,0.7323577838758498,0.7313818837967363,0.7317467925012383,6.615184070456566,6.609035165359416,6.615197146013985,6.602716479822235,-0.00866400384854931,-0.0033364595006300283,0.10881659289852463,0.09931260185794329,0.09936786162813964,0.09934546535646345,0.09242123962733556,0.09234572475498307,0.09246956095556035
0.0,50.0,50.0,120.0,1.161403087573178,1.0221508288250585,1.1035240775831054,-0.497991661114654,-0.646168554882661,-0.5396160595399523,1.1184238260893025,1.1178639248038718,1.116058253057795,15.4551875212139,15.468617363174442,15.463456806770402,15.427450373025298,1.5688367633266738,-0.00404347800465254,0.35458662284206705,0.21098529459289353,0.21102019299051356,0.21109090128658817,0.14090087289290884,0.1406172953986547,0.14069490574935498
50.0,50.0,80.0,0.0,1.2780514576365989,1.272810925903158,1.2758810643278224,-1.7016181334521996,-1.706914739962744,-1.704332054405031,1.2762483670089844,1.2747657853815615,1.276833976140772,23.280597614416962,23.273015289844775,23.276358959831153,23.220469414953037,-0.45806070377246155,0.3856292710512848,0.4131956792713416,0.2937537067421195,0.2939929259484873,0.29398234130605805,0.16075881412551313,0.16083924702283495,0.16103354694853364
20.0,20.0,20.0,60.0,0.8428274188174815,0.7996740719821702,0.8229535039684011,-0.7656412642109537,-1.2114485254983345,-0.9354570861484065,0.8239129824756799,0.8240341925840998,0.8240638489348737,6.555956242696516,6.552742984882575,6.561950518669139,6.53870033729096,0.6360534488526826,0.045996172657770146,0.11289370784769923,0.09930804426088469,0.0991682994803159,0.09935477531095438,0.10415449941666545,0.10418250279231113,0.10416589381228873
50.0,20.0,90.0,60.0,0.77941637463602,0.771285376055772,0.777317133415481,-0.0539119948763042,-0.0707651323338333,-0.05917527096608859,0.7781743132818264,0.776865527939536,0.7776036181810225,24.883254269591877,24.874555787952893,24.879012497406535,24.8409668296347,0.5707289790576809,0.33291876255476194,0.05939592746910049,0.28717478924308343,0.2867325670925243,0.2871221345782667,0.09850098514984824,0.09840638224437032,0.09857369976284062
20.0,20.0,70.0,0.0,0.6135768789366698,0.6083920646706775,0.6112141209033132,-1.9236976937677488,-1.9432934388201584,-1.931472079896915,0.6092318759465718,0.6127616230393101,0.6122346175653421,19.98934498527426,19.99545006258989,19.989855723788864,19.96631390017081,-0.4944164160513221,0.1294275259960049,0.18141080430862871,0.24303279951003925,0.2433708945828695,0.24309071856337447,0.07641218672597598,0.0768008329772976,0.07635616202035848
100.0,0.0,0.0,30.0,2.070568843698621,2.067088701034167,2.0688008936597893,3.1365936261170297,-3.140762317001184,0.22751467709115542,2.06809549464693,2.0698905218859442,2.070645032923972,3.199924975510583,3.197773866821724,3.1949336003069115,3.1693337126271413,-1.3028168315014999,0.0010220812728871577,0.32527986268045594,0.10423391996234135,0.10425763202371838,0.10413409668858022,0.262217245723511,0.2625514180236366,0.26231973482545584
50.0,20.0,80.0,0.0,0.9925580914180832,0.9896876442459588,0.9913643484254694,-1.3586374557661305,-1.36294989845808,-1.3606846725333568,0.9906266639579777,0.9926288561325182,0.9911994010997827,22.53845036821741,22.545029060049565,22.539853751850536,22.501744412536258,-0.4603834801076336,0.35966239714121945,0.18515827705602933,0.2700826063045876,0.27002153244274024,0.27008262397831717,0.1252915839539153,0.12535556740302536,0.12510935944037085
90.0,20.0,80.0,-30.0,1.695067537639268,1.6906901577178868,1.692112551226863,-1.5343943693704647,-1.5397959783566753,-1.5380208950595875,1.692801453170193,1.6929742571388873,1.6906198711829306,22.10217243665952,22.109591168373672,22.094140326383297,22.063270226165344,-0.9312655421370061,0.6449981844208713,0.18915128280975468,0.26203966910037424,0.2620738612127355,0.2618307030946266,0.21477832773145808,0.21449576847375812,0.21446550407067033
100.0,0.0,100.0,120.0,1.5957029520614014,1.583997385509926,1.5932504370751785,1.549732890951251,1.5380234680325624,1.5461737019719577,1.594624982254091,1.5931000143349994,1.5928218560582919,26.456447390671112,26.47502100773028,26.462490180254512,26.429859998007057,1.6508836533388238,0.6668523218823891,-0.1776304868157424,0.28431145544371433,0.28445236051827055,0.28433505450505425,0.20299655673233777,0.20277152787061498,0.202955823699467
20.0,50.0,50.0,60.0,1.1522132926799733,1.1402107366528058,1.1487041938458569,-1.1486717696238071,-1.2180621935249647,-1.1651474832195672,1.1484178848767388,1.1496348735489026,1.148793674121627,15.385576922781846,15.384329891608335,15.385057449557442,15.355752581660035,0.5678807458261435,0.10799419246483585,0.34716994451212757,0.21006074999547883,0.21007991881346158,0.21011817345084755,0.1448429504979152,0.14488473208590102,0.14472986046535724
0.0,90.0,80.0,30.0,1.7772047248733895,1.758784886098239,1.768085429418825,-2.075445580805793,-2.096993649490441,-2.0917767598421997,1.7676672294407638,1.7696326543825585,1.7680130400615772,24.802070255772254,24.80181851608528,24.794969257435866,24.65638026295389,-4.276189091887081e-05,0.0038487451130572027,0.8999968129609397,0.33879687071040343,0.33899015777780306,0.33881867798810106,0.22278549746727153,0.22282486604469856,0.22259943646758756
20.0,90.0,70.0,30.0,1.9995747100805203,1.9846141856188733,1.9941088690576725,-1.1585445022336414,-1.1786508982343062,-1.1650060914875753,1.9950646570243926,1.994569255866929,1.993029154020208,21.265393429174253,21.258599405163814,21.260225631033872,21.18554832045933,0.11379302227035362,0.5338299257183102,0.6907358591024123,0.2899638984730006,0.29003404703084235,0.2899823111287019,0.25222678068871096,0.25197398977667157,0.2520446374046038
0.0,50.0,70.0,120.0,0.3025653042309846,0.2386049295367843,0.29364927852077277,1.3646177886041078,1.2543392637626811,1.309429063160528,0.29578778118847954,0.2954873606805724,0.29489230812633943,19.158190992581748,19.167724092354334,19.16584490210009,19.13575493807679,1.5931871611382433,0.09418599140578286,-0.02205772363707052,0.2159819132620159,0.21645066207965752,0.2161522187853124,0.03785278637357812,0.0377509518832741,0.03777212730627257
0.0,100.0,70.0,-30.0,2.2247144950034423,1.8269310707275423,2.0978930104210654,3.141452846950029,-3.1412781819151867,-2.025093553525242,2.1643797570985672,2.159837334946692,2.1647195079720616,22.361418297012026,22.36711191894171,22.357838702117967,22.182729837662777,-1.0141551263819233,0.15057833395582268,1.0017135876776249,0.321112942452633,0.3212598833994936,0.3210404313708777,0.27280459632065673,0.272848459127572,0.27342059225860105
20.0,0.0,60.0,120.0,0.4192170679295131,0.3753482217641791,0.4100436885080532,0.7513588429913509,0.6181324660506448,0.7227379645079907,0.41097792501336977,0.41091969721020766,0.41110944166472885,16.723635853518857,16.72130735793976,16.729788635754783,16.704644398691247,1.6058956951810066,0.11074097023786077,0.047290763888567074,0.1953503599664527,0.1954828242974815,0.19553099330465226,0.051751876984276045,0.05176914625322568,0.05178191013834973
50.0,20.0,60.0,-60.0,1.1160132167620318,1.0960097292097402,1.1012246505210455,-2.3410981870357115,-2.3791244491001864,-2.368757785327238,1.1003183674724233,1.1009845111021166,1.1016843091389235,17.049604727212827,17.05331237252169,17.052665601188107,17.024453963817816,-1.4767787156576795,0.30325228326650117,0.1730063693296338,0.20950365214858024,0.20962132777698073,0.20962404878701535,0.13920856482657865,0.1393761761391665,0.13928530179497756
0.0,20.0,0.0,60.0,0.9128349424902156,0.7580357754803219,0.8377439726201394,-2.4816103365172486,-2.63614946586767,-2.562154691404974,0.8825638481990046,0.8804566205615063,0.8806529519306594,1.888347894868406,1.8891930018133134,1.8845703771028153,1.2737631756238816,-0.472621779342693,0.0005408356636925067,0.06480264503684872,0.057092069415524166,0.05683277672947748,0.056522671059672916,0.11182352006269776,0.11156918424521291,0.11181217347933071
0.0,100.0,70.0,60.0,2.199207780968691,1.8360824350614853,2.0280513922750494,-0.9230267175585862,-1.601368033806632,-1.2931065841806384,2.075947323453764,2.08005905785908,2.0637602029077384,22.310287094216612,22.29147046170854,22.277916336937572,22.143076493733446,0.5593185717434244,0.17471650689746582,0.9612399192329676,0.3190917894049119,0.31852501624504176,0.31818920141123014,0.26287495058594784,0.2613396437710965,0.2607988753270292
0.0,90.0,50.0,30.0,2.127970328272679,2.122240465911702,2.1250479843172982,-2.111342990303459,-2.1310023255251265,-2.120841476853061,2.1246641340981482,2.1256758043016437,2.125054716497328,17.01578117519126,17.017481353992476,17.01200869139248,16.949962991797168,-0.005557720771347796,-0.012108089446503654,0.8402653026956196,0.26221646346396427,0.26216346180235045,0.2618812946493367,0.2684886441886433,0.2685553694560239,0.26842285597724125
90.0,20.0,90.0,-60.0,1.6444461491183524,1.6364325395998538,1.63850523878997,-2.088434259224317,-2.0948816243223614,-2.093432935346207,1.6382770899407222,1.63789775128536,1.639209797905267,24.905879413610897,24.915875544361505,24.912766458456115,24.867625323464317,-1.4712307751674165,0.7030763372030995,0.19504069079809047,0.29367983582191937,0.29385601388326404,0.293644940377613,0.20763670400542814,0.20775864310324424,0.20780213785799037
100.0,0.0,60.0,120.0,2.004548684443737,1.93720244860023,1.9896198242662186,1.509299965058683,1.4146471450821545,1.4885557058794532,1.990093259073135,1.9906104993265052,1.9916566078456848,15.462326613831815,15.465421699350042,15.463882743894127,15.461047886902515,1.747624443496833,0.5143568598526135,0.053436496452725114,0.17091813542262455,0.17087773136875506,0.17072171829347305,0.2527420476918236,0.2529362983742389,0.25286862286215694
50.0,50.0,30.0,-30.0,1.609505398775981,1.6024279288146794,1.6051275039343018,-1.895712410635728,-1.918201526231014,-1.9096076034240088,1.6030872534066896,1.6061859785627586,1.6060831896459435,9.349685096850868,9.358645462717318,9.358625728436268,9.343072449166522,-0.8003279042056376,0.2167194592093225,0.2680267758506811,0.14159301499273125,0.14184123209592858,0.14178720147182652,0.2031756686304723,0.20355993486309765,0.2031742595375538
20.0,90.0,0.0,0.0,2.1138660345313203,2.101995268931052,2.107796018247533,3.1414211508559817,-3.140565935493992,-1.9152209720469007,2.1060897203455653,2.108687495014294,2.108441727256394,3.203370068912037,3.1995837681637953,3.2058071710776734,3.176498338213539,-0.9044710941517862,0.0010459662499807101,0.33200273999855107,0.10438691943872073,0.10428120969025974,0.10443978827272761,0.2671351363376595,0.2674300499287373,0.267103209486735
50.0,0.0,120.0,60.0,0.9950939140339052,0.954878775017359,0.9663634199449973,0.1185890053397148,0.094490309018406,0.1071521610651493,0.9662839551077562,0.9669265747484008,0.9672480445331846,32.97983795371292,32.969427003228475,32.97994151522899,32.865344596970154,0.5677267738864308,0.55038205042021,0.001374720310214456,0.3745279995129521,0.3744689524198253,0.3745108316640445,0.12276229857687752,0.12288115969236375,0.12279674625329082
90.0,0.0,50.0,120.0,1.9016549949819967,1.8006919116432527,1.8753954597266924,1.5662329696807762,1.392259122092098,1.5213482135133192,1.876260097551137,1.8772138938503915,1.8779675273696668,12.706628285302145,12.711270217027106,12.706488503783888,12.71318803745892,1.7704824156759091,0.397300320823047,0.06016523491774149,0.1408569143403195,0.14082497746335854,0.14077374700478623,0.238300429533955,0.23851243144183845,0.23839476831804093
50.0,20.0,80.0,60.0,0.9559355779390344,0.9480621814441036,0.9542316143990226,-0.2328836753331,-0.2465287685197846,-0.2366687351309352,0.9547217175402463,0.954213247819846,0.9544025527685728,22.41696488689341,22.40876648657504,22.416393262410352,22.376972057548702,0.5861444403441849,0.3536851081450065,0.14868850243462173,0.2659380632251155,0.2658931879175941,0.265856312341222,0.12067245349426103,0.12063612383116869,0.12069122829208631
90.0,0.0,120.0,-60.0,1.619679128025746,1.5727628583596294,1.6067022138848996,-1.877607041530938,-1.8970210963123624,-1.8890966017724915,1.610214288977222,1.6076974378213869,1.605942349571042,32.69099601191818,32.70223038222906,32.70039953031452,32.584765245688615,-1.4978681651809158,0.8996238792147642,-0.0028694087971543026,0.36874550407883167,0.3690946474847909,0.3689057142321297,0.2045422994337731,0.2040263479812044,0.20434938885104384
20.0,90.0,80.0,30.0,1.8363258486997345,1.8066838584415423,1.8169633013770892,-1.7576254446410708,-1.8030021100985072,-1.7929255160801032,1.8179345387883254,1.816569419297522,1.816727132723915,24.77191590860974,24.769621364965424,24.762685730538507,24.6220316194759,0.03275042092167737,0.20795916305520795,0.9005516266498916,0.33848461989164574,0.33842397492856346,0.3382967605220239,0.22899319465454235,0.22886303087775098,0.22901962518487204
0.0,100.0,110.0,60.0,1.5835275020059103,1.5684388698003562,1.5768386985273601,-1.5353438714054333,-1.5704222898488782,-1.5642380640094962,1.5792109747837397,1.5787772557170554,1.5748365334426824,32.79189275189851,32.786249260501165,32.79547496242376,32.60827182959393,0.5238301483133248,0.008322895526428004,0.9999564172074077,0.42427684756182016,0.42374088851564956,0.4241182075000322,0.19835735383715755,0.19780319080064018,0.1978713704252703
0.0,50.0,110.0,-30.0,0.8739685358464261,0.8598895813535693,0.8674746151038634,3.1415898235462505,-3.1415892787154958,-2.7607620622702793,0.8681479993380383,0.8678501459628547,0.8696824547294094,31.673062483407506,31.689292876353424,31.68094086236859,31.5447366197144,-1.046965843756492,0.005885489067963148,0.5000048813089172,0.3887026170951933,0.3885221263294856,0.38884624079016367,0.10793674551407202,0.10811976208937316,0.1081490426983361
90.0,0.0,110.0,120.0,1.8029176264063476,1.755670405107016,1.7787986485470713,1.299869198842733,1.2803684515433922,1.2922145321876028,1.7776888422318986,1.7791163936243333,1.7801005380374428,29.78639379908659,29.790165650038244,29.78870099302617,29.707913959158557,1.6586009481676627,0.9047328673041569,0.0039596237270538345,0.3350760076770609,0.3352570928513259,0.3351714022701824,0.22596123813276497,0.22625931055327997,0.2260788534371167
20.0,0.0,90.0,120.0,0.4165391770129125,0.4040248863130364,0.41377011983418804,1.7519320831327296,1.7326358437001863,1.742760017004111,0.4132069072383371,0.4128834455757858,0.4164894621777556,24.37109067453548,24.37600160232781,24.378644212299406,24.34605595954619,1.5905392603400608,0.1363018943246039,-0.10573982629683562,0.2691470129057878,0.26892666594902154,0.2692171462549574,0.05329045992080013,0.05371031868312787,0.05374214325602755
100.0,0.0,80.0,120.0,1.858907382476272,1.834957159340312,1.8537964428734506,1.3636055955483266,1.3383240586957246,1.358199220517632,1.8538839855562275,1.854376696188728,1.8542273103190274,21.326841556596456,21.333379479105826,21.338030951657647,21.311279892545024,1.6962293404203639,0.672880532766853,0.03849149832594775,0.2390148658341433,0.23918204514916677,0.2391520826965641,0.23551103344896743,0.23556157004900857,0.23549666529921004
90.0,20.0,110.0,0.0,1.726768911302861,1.7168480512450155,1.7222232204370378,-1.0267932822639758,-1.0384830344752125,-1.0319795637495204,1.723665031560252,1.722662559714312,1.7216469985264788,30.432791190519296,30.435395657107385,30.41943909084043,30.315601660798595,-0.43781302683547346,0.903164192122219,0.2003557924127252,0.3545452798874045,0.3546712814965125,0.3544575231189125,0.2185677486386208,0.21833713283905293,0.2184549034272929
50.0,0.0,0.0,-60.0,1.1355570126122234,1.0603302940500456,1.097416561352898,1.5362022847419567,-0.1286532026554046,0.6775224491756872,1.102148068556476,1.1008730024785676,1.104444638244343,1.8525795320197636,1.8141969228143653,1.8282034565136358,1.670737843533873,1.0102074128749008,0.0005009181861370492,0.09205251460854748,0.057871929990127004,0.05787436586244218,0.05732921581290942,0.13948794418385088,0.13986772690815014,0.13998743129122368
0.0,20.0,70.0,0.0,0.506602641754334,0.5027129133071823,0.5045373329794713,-2.613590138788131,-2.6383544676939272,-2.6266428988535346,0.5070020214546638,0.5034147365643613,0.5037540311714749,20.039354907519662,20.03465738418042,20.033689346043346,20.00481796279482,-0.5240412384620698,-0.0011461655118134935,0.1830164107507447,0.24406457835509568,0.24395210422022617,0.24399878527404184,0.06283028998746751,0.062417115409934595,0.06288435907778306
20.0,90.0,120.0,-30.0,1.4536182310484342,1.3777879711527987,1.3937724608087287,-2.7621503731977053,-2.904634891261177,-2.8831155891650893,1.3992250806594815,1.3893116380058987,1.395247708174192,35.177985956123095,35.18823006426712,35.17768757876796,35.01565611504519,-1.0320466348355517,0.20852401425255793,0.9008780588211861,0.44448894298204766,0.44410322916056694,0.44449618841154004,0.1745880677037594,0.1741187512513459,0.1753446771883111
0.0,20.0,50.0,30.0,0.5886370398135141,0.5777992748993814,0.5832973832337396,-2.0878822523281517,-2.133753083040677,-2.105674599022568,0.5846199877413407,0.5823768700649189,0.5834088164406961,14.658805679684537,14.639709112260968,14.650104818291846,14.626755859570999,-0.000847768941568092,-0.001410183993899419,0.16182909795308537,0.18548278057656065,0.1854217228197281,0.18563506899241478,0.07305221293666457,0.07289195228375799,0.07317587230683316
100.0,0.0,60.0,-30.0,2.0159881748332062,2.0092613260681285,2.0115477284007888,-1.105936473550437,-1.115723969470288,-1.112761711683392,2.0116569108999847,2.0121638216405855,2.0107299123805937,15.412429448399466,15.413895150201471,15.40828328131645,15.403975425280635,-0.8692005402406622,0.515887634606087,0.04782626814262424,0.16944255454746607,0.16951676413156255,0.1693071848097967,0.25559146589334625,0.2554775489730606,0.25540969884339865
50.0,0.0,30.0,-60.0,1.1762421677001964,1.1353093570465462,1.159277182639819,-1.6080525306437468,-1.7218203740833211,-1.6771748414570522,1.1597851122070693,1.1595057736786187,1.158907558421522,7.7153475269645275,7.720673139319933,7.718886081629032,7.712354050381279,-1.3616833366352266,0.1510868436299623,0.0328461942475136,0.08844016977658067,0.08852337378523667,0.08851884219353613,0.14726655879417944,0.14715521925339525,0.14719755282971794
0.0,20.0,90.0,-60.0,0.4502807204383609,0.4427840069349943,0.4469482508553405,2.720249668458316,2.6257833046743726,2.6488499659403413,0.4468888019295374,0.44658446303497157,0.44887332176742734,25.4477746568745,25.46815222251285,25.470321456782536,25.414326908587388,-1.570058952732668,0.00682485149684232,0.19990492920705968,0.3041689683979731,0.3045361549848294,0.304494328248912,0.05490641078946323,0.055141598401552284,0.05519945703534798
0.0,50.0,50.0,0.0,1.1083468318917578,1.1057849684421974,1.107250182584629,-2.6257137883503443,-2.631244343060676,-2.6289622076858836,1.1087393695479875,1.1067603051345007,1.106437386350997,15.451956834887243,15.437918729026183,15.443413484262086,15.416442611428206,-0.5251103232887777,-0.0024246274277511548,0.3523966734917196,0.2115205062121976,0.21138322477438912,0.21140384517359154,0.13957825915168873,0.1392799834315494,0.1395312814108098
0.0,90.0,80.0,60.0,1.776723311836114,1.7597383149880723,1.7676555039491866,-1.5069066866214185,-1.571646957418478,-1.5593540944376585,1.7667130023621946,1.7675642329285133,1.769902506675842,24.799735822304463,24.791706345251963,24.804978625495497,24.655022131338452,0.5245088166492891,0.01043691021727528,0.8994418332286157,0.3387911790096275,0.3386812044229674,0.33897924267882645,0.22246363551923998,0.22284869521141906,0.22273885231770807
100.0,0.0,0.0,120.0,2.070568843698621,2.067088701034167,2.0688008936597893,3.1365936261170297,-3.140762317001184,0.22751467709115542,2.06809549464693,2.0698905218859442,2.070645032923972,3.199924975510583,3.197773866821724,3.1949336003069115,3.1693337126271413,-1.3028168315014999,0.0010220812728871577,0.32527986268045594,0.10423391996234135,0.10425763202371838,0.10413409668858022,0.262217245723511,0.2625514180236366,0.26231973482545584
20.0,0.0,110.0,120.0,0.4427755615457105,0.3737122090092271,0.401520652550613,1.1658909536740665,1.0434210520313032,1.0728509327027431,0.40256996626696334,0.4026500470266105,0.4004017294973951,30.302265019233005,30.313699576784227,30.311168803792143,30.22910578518538,1.5908321010837532,0.21101907798361882,-0.0021421485906904965,0.3451630480315916,0.34529011110780294,0.34521221207868763,0.051310629427988905,0.05105302280081865,0.05106155383430623
50.0,0.0,30.0,-30.0,1.1457587040412305,1.1381129851582508,1.141618244641644,-1.20773475740423,-1.2177953744568049,-1.2131985496763673,1.141189945853597,1.1422391915686565,1.1414590981835049,7.8191964722268334,7.827979968973006,7.825958004985852,7.818849011634471,-0.838903520522073,0.15280099783595133,0.040158397403936064,0.09144372611563271,0.09156277925079849,0.09147753657514406,0.14494291956014504,0.14499210966270676,0.1448488648124012
100.0,0.0,40.0,120.0,2.1069697987319715,2.017952075841943,2.0925881876297012,1.8496607850757076,1.503754371724254,1.7494755734390726,2.0921397225808622,2.0950679054331793,2.094520288112304,9.281766431523655,9.28312159668445,9.279302721772188,9.286743208052973,1.8330472559723836,0.30447071982400564,0.07390475059225639,0.09860032227149823,0.0985369383936059,0.09845353359814127,0.2658604176844583,0.26616421971670107,0.2657920129180263
0.0,50.0,110.0,60.0,0.8738200115153809,0.8532362615762525,0.8659582100351678,-1.5011138500099386,-1.5649604883831758,-1.5507245121112694,0.8669220389529988,0.8665927174587343,0.8683597130321883,31.67424397605426,31.671963827872272,31.685447797318908,31.541745498562843,0.5242717141855723,0.011426519383704203,0.49864215158680664,0.3886204752638851,0.38825568368841695,0.3887617936567708,0.10778216496303819,0.10794685662805459,0.10798972935040003
20.0,50.0,30.0,120.0,1.282338657834978,1.2604292319340251,1.2713881557046427,-0.0523094901796543,-0.4440323402551864,-0.17956304141844925,1.272681481029915,1.2722092027322922,1.2704241144021526,10.094966821785707,10.099310852962983,10.093526875657275,10.076953722861669,1.6346147647123574,0.06007579297021115,0.28928312406171947,0.15427933781521633,0.15432492617616705,0.1543142409366477,0.16087590879484415,0.16059287543769207,0.1606505060274438
20.0,50.0,110.0,120.0,0.9483919019938464,0.9283954948495424,0.9373523195166709,-0.0167770978171816,-0.0991531147318318,-0.0805237379960639,0.9376705675923817,0.936344692225388,0.940881771238725,31.670319011374676,31.666829504297713,31.677285292950494,31.520828607310428,1.5899246193720933,0.21283073653571358,0.498183981894885,0.3883852305275846,0.3885001605737285,0.3885389248160996,0.11680424224658018,0.11722186841800998,0.11736065876960342
90.0,20.0,30.0,0.0,2.107312866017436,2.0194216331734616,2.080772596926062,-0.1223237867814491,-0.4645043578874238,-0.2629529621817918,2.083308723882421,2.082332982742322,2.0809539858512616,6.435750606384446,6.429180934062988,6.433389734847504,6.436670329899422,-0.17175913757428454,0.21091221942292934,0.11699381490011848,0.0765090852484711,0.0764795683341544,0.07664301901108671,0.2645240239096839,0.2642220630744917,0.2643508850365368
50.0,20.0,10.0,120.0,1.302374848802201,1.196421026962437,1.2506104512169376,1.31290989057999,-0.0217214102376655,0.7339941005974373,1.2535567148259397,1.2508246117558552,1.2543298442426296,3.740834950057813,3.7469139854774633,3.7374926295838704,3.726324788702891,2.0625779723603412,0.05261779894843906,0.134777898076901,0.07722774930066163,0.07731980923886951,0.07709172909252558,0.15861139232456264,0.15871144348007615,0.1590602203941161
90.0,20.0,90.0,30.0,1.542423881878799,1.5362088474987472,1.5405038098295112,-0.3427677477357794,-0.3511263710436023,-0.34561981628026706,1.540924853351497,1.5413130615886035,1.5397832599521373,24.48340785761841,24.476608459167565,24.481112298708723,24.442934112258953,0.09378372116613148,0.6504256205934431,0.05616987394183077,0.2790925570611278,0.2788716041491128,0.2790813805727861,0.19571999869901208,0.19558391276132334,0.1955505897419423
20.0,20.0,40.0,-30.0,0.7605074788123051,0.742360123717841,0.7502663704108437,-2.3740347332450127,-2.436556843719907,-2.4157090590239503,0.7495844274707868,0.7538630994659636,0.7481784214356784,11.884343861639051,11.895365753701052,11.885166496902881,11.87010120296457,-0.9840262960912038,0.09511910636471645,0.14725843725820087,0.1550516031004999,0.1553369039648244,0.15491215617728749,0.0949026159369321,0.0947294113487032,0.0941834627791153
90.0,20.0,100.0,-60.0,1.9091767581956216,1.8698667964491733,1.8936438183564273,-2.0170299029836007,-2.027616860009006,-2.022660810480212,1.8947223943910831,1.892668193181836,1.8941337442189417,27.51241468478538,27.523134034519224,27.51808984244681,27.439862737307138,-1.46675392019147,0.9004866650665106,0.1977540167297454,0.3213701801698352,0.32135911951644797,0.321168752813784,0.2402611936245033,0.24018455516405715,0.24043760769593675
90.0,0.0,50.0,0.0,1.9054357400429376,1.881755767682888,1.8978098034114728,-0.5254231822909421,-0.562624400771379,-0.5364179952503594,1.898280680895015,1.8984012211679044,1.897690907489393,12.610316360769158,12.607519523561077,12.605751000219175,12.604417165715175,-0.32359646037909007,0.39456717117413037,0.04859737749230583,0.13782744287635276,0.13779833280331705,0.1378738542811301,0.24114564346799752,0.24107421470974544,0.24106036285352891
50.0,50.0,30.0,0.0,1.5977718565188317,1.5755576279142065,1.5902789299471072,-1.398422615844638,-1.4819611945021185,-1.4272731393304876,1.5898589298082577,1.5914549041576693,1.59059863391183,9.42354478598463,9.421911846134023,9.421158990935805,9.412464753813985,-0.28468602808609145,0.21117222642094863,0.27283575093825385,0.14313380074095017,0.1431028873722204,0.14302959086927877,0.20145362691358476,0.20154979851717442,0.20134246564781313
20.0,20.0,110.0,120.0,0.5573995853569419,0.5216034183754974,0.5356657275187314,0.4313701751265841,0.2786663146524163,0.32269956480034917,0.539812686074601,0.53423775150769,0.5373928532653505,30.889607296532184,30.894218149658318,30.89811709007192,30.775716568112365,1.5903705544971067,0.2115321855982843,0.1974609186212162,0.3635311835939596,0.3633214848443915,0.36338331693822556,0.0667187020841238,0.06645174801700092,0.06712069694281174
20.0,20.0,60.0,-60.0,0.6778639756313404,0.6641214284363349,0.6673871053135014,-2.916110829839016,-2.978496873272718,-2.961619267204483,0.6673526968577098,0.6662183227445196,0.6682922969218056,17.292604827015865,17.297709905081962,17.29978168543936,17.27623024233051,-1.5332055079340245,0.12374927944968492,0.175431212145475,0.21425262530247566,0.21431864120466737,0.21435801736586899,0.08364756063410406,0.08375691254657919,0.0838978456125109
100.0,0.0,70.0,30.0,1.9163936690070984,1.9036876115049317,1.9136890114299003,-0.1400890350021272,-0.1556722839437348,-0.1435626410289452,1.9142655096168346,1.9135476735775379,1.914082378137832,18.406212948468333,18.397607631239776,18.39825170864095,18.37748106847649,0.14666275573834958,0.5928992782084416,0.03585799081890127,0.20437889685409358,0.20413380362789163,0.20445500688124543,0.24310878161156127,0.2430810931080386,0.24318119598344096
20.0,50.0,100.0,0.0,1.0114591381147315,1.0000778989740522,1.0053384768137617,-2.1711133016797493,-2.1866920273749457,-2.1792505252513883,1.0065167585600086,1.005188940058901,1.0065938334488689,29.00964027008799,28.999013367233776,28.996267872644086,28.869617978866142,-0.5013759543377404,0.20469039376750614,0.4999771515902133,0.35978651510914234,0.3595078211123532,0.3598250321531828,0.125840585279606,0.12581043820049442,0.1259943321931927
50.0,20.0,70.0,30.0,1.02346723407691,1.0161731368367677,1.0213112756999772,-0.8131186088422988,-0.826015874237399,-0.8163941581523281,1.0222465571875812,1.0213861075875954,1.0208034725148152,19.775765471138154,19.77102006470755,19.769950046331605,19.74743989759083,0.07472820778889837,0.32618868645387017,0.1726206823914102,0.23874251139423572,0.2387611808573122,0.2387564560699781,0.1292185906505485,0.12904074487438003,0.12915420902873218
90.0,0.0,40.0,60.0,1.9989862264059788,1.8891114288187525,1.96071655010437,0.7387222920090326,0.5055619044165185,0.6631905917553045,1.9630725836325127,1.9612578875746611,1.9636022354516602,9.474612959711765,9.47331801467647,9.47821550628217,9.474290309779807,0.7725624349799913,0.29453536218057313,0.05958235993537529,0.10098927782496712,0.10104307111456044,0.10104415443190885,0.24916466569503626,0.24923248819835575,0.2494637904875555
20.0,50.0,100.0,120.0,1.0194620033473936,0.9788044796991308,1.0065680946734878,0.0117113218149713,-0.0920818931564187,-0.0663966148592588,1.0088424788764785,1.0074529112021389,1.0070840044878813,28.989264743606547,28.99566445191488,28.992059557364136,28.85886627367746,1.5939079226970774,0.2134465173956327,0.49591679556103435,0.3595004616559555,0.3594325381743135,0.35921846977778654,0.12619262272762644,0.125990981441196,0.12614363491799022
0.0,20.0,60.0,-30.0,0.5534598249398389,0.5468528336740622,0.5502647442057247,3.141591636271805,-3.1415838851633344,-2.1999495359282273,0.5513213284343195,0.5508934261818512,0.5491892720058986,17.344070547431805,17.352808384549455,17.34784309744976,17.32507613768875,-1.0469831398952456,0.0015093796188649195,0.17656197747205227,0.2152335349428927,0.21523775544226761,0.2150695394272445,0.06884647549433714,0.06857846362365246,0.06863994137165694
50.0,0.0,0.0,-30.0,1.1355570126122234,1.0603302940500456,1.097416561352898,1.5362022847419567,-0.1286532026554046,0.6775224491756872,1.102148068556476,1.1008730024785676,1.104444638244343,1.8525795320197636,1.8141969228143653,1.8282034565136358,1.670737843533873,1.0102074128749008,0.0005009181861370492,0.09205251460854748,0.057871929990127004,0.05787436586244218,0.05732921581290942,0.13948794418385088,0.13986772690815014,0.13998743129122368
50.0,20.0,40.0,0.0,1.1953745754330352,1.18035539901366,1.1898034993031703,-1.204651357749463,-1.2419334093236467,-1.2173618209487542,1.1899370213062137,1.189764621686945,1.1902921373302398,11.444670163093498,11.447665264694338,11.447763032073462,11.44435143992106,-0.3683449071625252,0.2234230542773859,0.1431945913999119,0.14707133677468065,0.1470342426377419,0.1471166327777651,0.1506951644602019,0.15074101623379588,0.15076524161070534
50.0,50.0,100.0,0.0,1.341449101410192,1.329295273503165,1.3364006993385764,-1.6711834776648045,-1.6836478386834095,-1.6774941343542495,1.3377141945341084,1.3382664736003398,1.3355539527689018,28.864558924424873,28.865462026820378,28.84548897460508,28.725353150420666,-0.46699627248164455,0.5153631411723592,0.5000521898460989,0.3572301294293263,0.3572378405372403,0.35703366488819904,0.16864128869862408,0.16837242351667436,0.1683022433964936
90.0,20.0,0.0,-60.0,1.95242467205409,1.944867383071731,1.94826158485913,3.139970491446401,-3.1378317446585475,1.0911664197604267,1.9481654672828383,1.9491689054629042,1.949539341216003,3.0253757610793492,3.0209352439996167,3.0279409951466367,2.9803178366824117,-1.2896359676687374,0.0009384571868202221,0.2879551585067652,0.09808919527456259,0.09805956323209128,0.09823278080850228,0.246989293288842,0.2471656392469145,0.24702789198354097
50.0,0.0,20.0,120.0,1.3001094643365114,0.985180291569807,1.1060388392311038,1.6137549367341637,0.6452763679433475,1.2220215770113099,1.1104788531187793,1.1099957049799165,1.1138422034415982,5.4283930099082465,5.4266017781625235,5.429315219231687,5.436629631283967,1.870408987254693,0.09993073896779311,0.07378937417384446,0.07545922835939903,0.07535483445227281,0.07539727025603812,0.1406721954484177,0.14109128080113784,0.14117100257802911
0.0,90.0,120.0,-30.0,1.3692966405484908,1.3501259907723042,1.3578750425030977,-3.072653989632772,-3.122055374652532,-3.1137606666033775,1.3564271512643276,1.3601998769233132,1.3617496721349076,35.19058589420239,35.198760457968106,35.18618382434548,35.02625275311495,-1.0457886202014315,0.024694174949050393,0.8996826928523451,0.44426948215242035,0.44463143255648857,0.44442262540016303,0.1698771231392083,0.17051086873948884,0.17003809109494414
50.0,0.0,90.0,60.0,0.8248169896438627,0.8182833994724872,0.8234002734692673,0.2835308319366783,0.2660042101073018,0.2762656851533951,0.8232401979783017,0.8237427693304071,0.8238669100765831,24.466114891007997,24.462902605057256,24.46889650768812,24.434686240399426,0.5725783387179506,0.33981008078450703,-0.05050014040857479,0.2738230636680229,0.2736569040077147,0.27384994153549325,0.10485514239506492,0.10492828065827073,0.10486682611744269
90.0,0.0,0.0,60.0,1.898914120178604,1.892189458283237,1.8954210072259627,3.13839474870168,-3.139742724211459,0.6611013387522473,1.8960825175746827,1.8961291984511066,1.8961492750846056,2.941786351929215,2.9406610104924855,2.940664313836636,2.9003154572021472,-1.5862433580242545,0.0008833001585143343,0.2726302107907991,0.09558949341936883,0.09560429351537485,0.09558912133430428,0.24036467690286584,0.24037189163227532,0.24035998614333642
50.0,20.0,90.0,-30.0,1.0415687110179146,1.017891025298536,1.0290296059743407,-1.849281929723424,-1.869724619907609,-1.8601309194689764,1.0301489693738293,1.0288057144377905,1.0294428517559875,25.277539388711315,25.27919549285859,25.271611915616283,25.23090533087248,-0.9882498639039394,0.42316924737039807,0.19903733741016738,0.30093184021182895,0.30087701536964956,0.30050982551692634,0.13006399507790983,0.12997702992191038,0.13013430435727735
50.0,0.0,120.0,-60.0,0.8944034308802689,0.8632203253914331,0.8845143259485001,-1.975841141979853,-2.008900821274854,-1.9943897231159975,0.8851584583090827,0.8868008950675718,0.8858602845193186,32.98314292993488,32.99812283347801,32.99611639848938,32.88294192754512,-1.5303950871808856,0.5037546846477644,-0.0016048746832705053,0.37462460225731664,0.3745888534817433,0.37467803371558106,0.11255503800007723,0.11263378485503153,0.11242290906132664
50.0,50.0,20.0,0.0,1.6851320779822003,1.6394209622511295,1.6669508997232079,-1.101059106217486,-1.3434582311720955,-1.197012662410385,1.6666342143152046,1.6689318143008463,1.6674732038031677,6.396229568331146,6.391052829237073,6.392714839326772,6.384552344421059,-0.12343627170663637,0.15689738614451007,0.2318666955717077,0.11105606770370667,0.11094861034954621,0.11103672109486014,0.21140229762865417,0.21150789277291024,0.2112213959068886
0.0,20.0,70.0,30.0,0.4984589593431849,0.4920571650131833,0.49529395749705907,-2.0957849716836456,-2.1344918746242576,-2.111553956945104,0.4949050136150764,0.497452275570005,0.49421993796459474,20.0319279182408,20.026204998393887,20.018262439296723,19.991006762509542,-0.0007482788391102827,-0.002558321986899291,0.17922031016066325,0.24379387328805627,0.24366904661120023,0.24343669408204766,0.06171198392417042,0.06162974343904525,0.06130004413662091
0.0,50.0,90.0,60.0,1.012856866439882,0.9776195246718132,1.0030279939908364,-1.470011647946321,-1.576811805849006,-1.546842728686686,1.003240159381345,1.0047164928589811,1.002866736915521,26.36121969066223,26.35249005212364,26.361851888842377,26.25076820225334,0.5247765254262359,0.011850059076331292,0.4969795536766943,0.3322823753675076,0.3323096151588625,0.33228660833935975,0.12571828380875583,0.125674252573673,0.1254923355749624
20.0,0.0,10.0,-60.0,0.6864834780775122,0.498509776111908,0.5968047705021142,-1.5382271566327574,-1.9263018937397185,-1.745460798130652,0.7071804954134848,0.7079163712499937,0.7086633093158471,3.0854917417825702,3.067759885171225,3.063096168558885,2.6005326918537595,-1.2381906808121435,0.02699613113911806,0.04180009002652554,0.06081742578547737,0.06087946136006557,0.06059979655164453,0.08954559668021007,0.0897343119572203,0.08966274793514949
90.0,0.0,70.0,120.0,1.7538552277125536,1.7179309828721034,1.7470471196721533,1.3713938478960974,1.3266745283200096,1.362910128207292,1.7479629918107196,1.7470846217847518,1.7480298394759062,18.61905765053424,18.626477691031763,18.62807070693899,18.602325207087063,1.706098967531976,0.5539070265699966,0.045912170150343636,0.20940151253638425,0.20948942521414254,0.2094056825492135,0.22192210434488144,0.2219409223143053,0.22204439114243096
50.0,20.0,20.0,120.0,1.2895129469833673,1.1474533831283025,1.2335125159806921,1.1596217183305253,0.3143425282312263,0.846127918570333,1.2365736381655996,1.2348233432994449,1.2380846573294133,6.128081490540006,6.132468115353798,6.126653655209039,6.124811206444814,1.8690873271443262,0.11161759800664196,0.1368921126238227,0.09563613296728549,0.09569501725256568,0.09554256926319848,0.1565107354212606,0.15669829483769265,0.1569191805861726
0.0,90.0,120.0,60.0,1.3641509246105794,1.3487613054769598,1.356978774962575,-1.5396339618641872,-1.569410839305852,-1.5629528968119653,1.3545902043521794,1.3598735877263866,1.3613116564779162,35.197734326920106,35.185716618123884,35.195065473251965,35.02602027317855,0.5238317782669546,0.008910074941719527,0.8992371830135754,0.44438851625831244,0.4444120656112568,0.4445160021500404,0.16972242674394394,0.17051294356734942,0.1698606567251464
20.0,50.0,0.0,-60.0,1.4840114562608029,1.4727661967947274,1.4781150085167976,-1.28722152857054,-1.902688842553763,-1.5929305303941532,1.4759017299788832,1.478909397725784,1.4794714761205077,2.271873543609965,2.2657513829221596,2.2716878580280446,2.2386465097123334,0.4986240551899614,0.0005622068842956419,0.16391076488812528,0.07406753931937497,0.07388974026821138,0.07406931438729915,0.1872139487825317,0.187666465565286,0.1872898034974288
50.0,20.0,90.0,120.0,0.8105227413654943,0.7942487267376583,0.8067898799885286,1.2742015591002929,1.251235597663563,1.2640395104030313,0.8065803060242406,0.8072366007249732,0.8076930885960545,24.5458937120207,24.548278409882567,24.545581431270563,24.511220158572037,1.619361006829912,0.33789260801767595,-0.030715838325801166,0.27631678626884904,0.2763318355225679,0.2762593404610446,0.1026501335390773,0.10276447115589221,0.10269543330294827
20.0,20.0,80.0,-60.0,0.59898887794523,0.5847972331107297,0.592541869445953,-2.9354043206905724,-2.968294544118419,-2.953731985995001,0.5915373322477396,0.593191271048241,0.5942385876581854,22.706092038813843,22.726108008868295,22.71205076416395,22.677328268844875,-1.5451457742278796,0.14789152200575886,0.19203461535020436,0.2735055879477662,0.2736895317701765,0.27377161938289674,0.07389618732101882,0.07424120649246559,0.07401206467134745
20.0,20.0,0.0,60.0,0.9911991513792504,0.844144332879571,0.9221604899687749,-0.9777438748898318,-1.698394664523588,-1.3407871363366546,0.9513625465320972,0.9546183742822952,0.9511997498270709,1.8968297951025355,1.8838148790798432,1.9080347448909734,1.4027520940700147,0.7486473970873593,0.0005559910563612677,0.0721238609545796,0.05746991392769531,0.057261027116277896,0.05747095822802423,0.1209360019313899,0.1209381877774891,0.12047369489865861
50.0,20.0,70.0,-30.0,1.054130163161185,1.048515797695504,1.0501549919578628,-1.868460258063473,-1.8780294733891325,-1.8758748500203695,1.0501755260238839,1.0494394905001563,1.050852226688932,19.80242701284205,19.806243985103727,19.806334251000685,19.78102521828535,-0.970790431675156,0.3342617487327641,0.18388918247530425,0.23997112598829695,0.2398906114177712,0.24007650133713773,0.13267064301247897,0.1327495466970669,0.13285321026746877
50.0,50.0,90.0,120.0,0.9259541696883724,0.9090719028837094,0.9226852155230485,1.0752620140027664,1.0502488729613817,1.0679847857029778,0.9233863924590346,0.9226175324706191,0.9231629457524722,24.787614454619096,24.796928285986947,24.796026350028214,24.7548282788941,1.6270558492693743,0.39561801428717625,0.05014536161767453,0.2847470273042749,0.2851122254743254,0.28471661305093876,0.11704409096819458,0.11703669421044094,0.11711866549170089
0.0,90.0,100.0,-30.0,1.5470692447675354,1.5343033074046606,1.5398502100823734,3.141551678300693,-3.1415368826050285,-1.3783939907775553,1.541727506092326,1.5381493458103437,1.540486196336775,29.98573052584468,29.990518026437236,29.98681301299256,29.80809816179192,-1.047089272759677,0.005753863390623399,0.9003255072226569,0.3912832742654622,0.3911194676183126,0.39137222825080464,0.19342068769225118,0.19325406102372691,0.19370242486949846
0.0,50.0,80.0,0.0,0.9556440755754134,0.9509869803069964,0.9536349662782301,-2.6169799146038697,-2.6275422839077094,-2.6220528721659537,0.9557006213975004,0.9531358630788878,0.9526347445136284,23.496272593479866,23.49315541588818,23.48730845414907,23.42997641435968,-0.5240483767302501,-0.0007029488299836585,0.4253408675983271,0.298351630757829,0.2981105802066145,0.2979155014134433,0.1196018011213822,0.11922724038815342,0.11955088106783704
0.0,90.0,40.0,0.0,2.124472299125284,2.117823731573226,2.1216801952709408,-2.64700025068704,-2.6661037565626584,-2.6594979346583267,2.1217759830634235,2.1213549714590636,2.1221950234675737,14.25126627376393,14.245105930363797,14.243652491297594,14.19493498267088,-0.5336023476041685,-0.015374791815030948,0.7381459567283318,0.2303467187768939,0.23018214272893267,0.23035538166952985,0.26820589780539417,0.26823876218229775,0.26829095627374533
20.0,20.0,120.0,-30.0,0.4984677204963113,0.474975139154291,0.4884858858524917,-2.3214643705758866,-2.3634560458029177,-2.3331185497811937,0.49409604016246494,0.49042134297954143,0.4893905883875822,33.62733016655311,33.6328798312188,33.61305235219173,33.496434652948835,-1.0314004683848963,0.20332457312059707,0.19972698689437635,0.3941615912950897,0.3941410281479514,0.3940634399270111,0.060938125774683514,0.060363016592546795,0.06083313891062997
50.0,20.0,20.0,0.0,1.326636239414529,1.2727233573880827,1.3034671313986324,-0.7609153698289371,-1.0231328618002398,-0.8658304240709298,1.303811894435964,1.3054870193561325,1.303963076086229,5.506382870583871,5.499921568988356,5.501043957048529,5.500346091460786,-0.1640874572181818,0.12197069737105463,0.10515696798067699,0.08183432727758605,0.08180359054167727,0.08188691938065423,0.16549721223030422,0.16551783436245868,0.16530844187894664
0.0,100.0,80.0,30.0,1.9304708292466364,1.9145711266857348,1.9213877043396854,-2.059183767127748,-2.094915762594859,-2.0872601290085906,1.9222160095052747,1.9210652837185977,1.9221021590591336,25.044744464132325,25.031389112312368,25.02856181899282,24.88769352441559,0.00048254219722829,0.007924586487044407,1.0003504854780807,0.3464902598745893,0.3465591420292443,0.3463190240112009,0.24210603991279805,0.2421077300743267,0.24225428345907773
0.0,100.0,90.0,30.0,1.7992324813953562,1.7877976260358777,1.7935285010024833,-2.0770072244605395,-2.097007690096432,-2.092236945113343,1.791312140070109,1.7955304553814453,1.7948876681806472,27.61599486866857,27.61680032780103,27.609976985567204,27.443220700276413,-9.330883377074325e-05,0.004271823610977414,1.000089126658942,0.3721176515735815,0.37248022970392625,0.37225143655030857,0.22565691048458505,0.22610570243699793,0.22558291133666092
0.0,50.0,70.0,60.0,0.986935764359233,0.981766203306409,0.9846834020115118,-1.5778409682353018,-1.5962125412583092,-1.588708381186257,0.9837613473451262,0.9862552930160221,0.9848175079462242,20.763588847070473,20.752113168143946,20.7629341507702,20.72866726540078,0.5220966878380485,-0.005351998620115783,0.3958677029157139,0.2678090187340177,0.267940351734629,0.267911433458566,0.12359079151075157,0.12370941200976229,0.12339865850121669
0.0,50.0,40.0,-30.0,1.1722927824238123,1.1665451848491772,1.1695690212204422,3.1415456883311488,-3.14145113109087,0.8431690274664262,1.1708754669815442,1.1686546724205364,1.1693084744867555,12.783461772884008,12.788493672459323,12.788424829477291,12.761535077117868,-1.0473473535766693,0.0010820760192527285,0.322879662408565,0.18327439033965634,0.18331250709653418,0.18322714575811078,0.14756907154351936,0.14737877565128066,0.14767150334696688
90.0,0.0,90.0,0.0,1.634218165979839,1.6316586262286072,1.6331922954476326,-0.8051162984573912,-0.8092142685294818,-0.8067482276088987,1.6340216739894855,1.6328644551753377,1.633000528667104,24.32188584993225,24.31165680488011,24.31268300154103,24.278976357353347,-0.42479100149502846,0.6804967816594032,0.028532875477266587,0.2743648469888323,0.27452184957112913,0.2744202105907023,0.2074870549604919,0.20737394389649508,0.20752769227348247
20.0,90.0,120.0,30.0,1.3987653562383102,1.381222755270777,1.3907995112364,-1.8256952897916092,-1.841569415056355,-1.8370961327810402,1.3880493298110315,1.391825460901069,1.3975666280303878,35.19220555097908,35.17739930043864,35.18191478093506,35.014161680451906,0.015040915779141146,0.2045786962876425,0.8992288142679038,0.4440252248777945,0.4443464759174633,0.44449375438665273,0.1737846549930348,0.1749572590920234,0.17447645561637773
20.0,50.0,40.0,120.0,1.2208027044084562,1.1962084797522496,1.2099936012349317,-0.0755567728371113,-0.3173066337038446,-0.15288342663578935,1.2116263072772488,1.2098516773261112,1.209716558765128,12.745163176246182,12.749133330982893,12.748100278181365,12.71889306688064,1.622512155382156,0.08270235830845407,0.3216490918275755,0.18231744826924898,0.18246471106022816,0.18240366812038844,0.15284432974962275,0.1526043626586484,0.1528326950622296
50.0,50.0,50.0,0.0,1.4483895943873355,1.442317482012256,1.4462368272705672,-1.6243099994117298,-1.6407494039986004,-1.6300750410616338,1.4466807557243964,1.4443782226771726,1.447908630323517,15.091798279765738,15.09018143962793,15.090095798653884,15.062356867068575,-0.4025435064994432,0.2879111787040085,0.34359663366615273,0.20531705654166663,0.20501595399606318,0.20509465593495893,0.18266137217759776,0.18282072966840154,0.18310156602123082
50.0,20.0,10.0,0.0,1.3884276522657248,1.297732527575878,1.3409068432793514,-0.0356709407818956,-0.8226287984489659,-0.390852269015584,1.3456459137315055,1.3444719097084972,1.3415161677305218,2.296630592409614,2.2811936615115376,2.2946085257784388,2.204779356858566,0.2806886351671562,0.05034669988118628,0.09804822376835456,0.05559690212719887,0.055833351882364296,0.055789071348492314,0.17083145693557905,0.17028171700478706,0.17044042035829213
20.0,20.0,100.0,-60.0,0.5855070447921706,0.5546098339983893,0.5723286455324246,-2.803436973771136,-2.8610982455606644,-2.8280429591265563,0.5720630479750008,0.5722233715009271,0.5739308033631271,28.15404466897226,28.161933399207715,28.164851257551554,28.073557803191925,-1.5480095321703484,0.20318403736935226,0.19922993250360813,0.33345344740895216,0.3335472051481519,0.33358005543803737,0.07132592520135765,0.07156510396511466,0.07153812482606887
90.0,20.0,70.0,0.0,1.74422956729166,1.739322997779353,1.7422166674906667,-0.9587991414790292,-0.963956224231876,-0.9605751901675403,1.7421703470165324,1.742675327581677,1.741933595666515,19.232192482271785,19.22940167381687,19.221087478202573,19.202981739223105,-0.3867336669222596,0.5791423342431621,0.1742123336338996,0.22879694916536739,0.22872421273652044,0.22866411423707164,0.22104830099333883,0.22101012614723212,0.22094777568391272
0.0,100.0,50.0,30.0,2.1290995873226857,2.121379887569502,2.1250021256090745,-2.122720394733284,-2.1358448830411985,-2.1292374356052277,2.124960036476404,2.124284317324431,2.126309147068038,17.02520318106888,17.00863362000954,17.00956252375807,16.95564487935145,-0.007012722393948592,-0.01635568830369093,0.8388971428581496,0.2616391700316062,0.26138869998576714,0.26132302117677186,0.2683490149058871,0.2685279978374784,0.2685948931129319
0.0,90.0,90.0,-30.0,1.6539997786009308,1.6424479764191104,1.6476346074021888,-3.1255139671556424,-3.141034005610619,-3.135854990851596,1.647926528748998,1.6483591327470397,1.6482585313855336,27.364869732711572,27.381900946355593,27.37519310783583,27.224052230864977,-1.046959712478438,0.0064137842550571365,0.9002387968693035,0.3645338325523568,0.36473154841060274,0.3647244162751001,0.20727694056643445,0.20730350501268513,0.20727076021670549
50.0,0.0,0.0,30.0,1.1355570126122234,1.0603302940500456,1.097416561352898,1.5362022847419567,-0.1286532026554046,0.6775224491756872,1.102148068556476,1.1008730024785676,1.104444638244343,1.8525795320197636,1.8141969228143653,1.8282034565136358,1.670737843533873,1.0102074128749008,0.0005009181861370492,0.09205251460854748,0.057871929990127004,0.05787436586244218,0.05732921581290942,0.13948794418385088,0.13986772690815014,0.13998743129122368
50.0,0.0,100.0,-30.0,1.0733972935036582,1.0563997541754715,1.0675695342022904,-1.4058075330619604,-1.4171214735269728,-1.4131589446679285,1.0675352723325924,1.0673887850009665,1.0686583718090876,27.3314188734263,27.329517692118415,27.330368524469677,27.287122261790614,-0.9888370630763972,0.5026432798827205,-0.0009243305822830447,0.3097360995291941,0.30983504039558063,0.3096415879377732,0.13558820212235276,0.13572918740682316,0.13574522743006706
0.0,90.0,110.0,-60.0,1.449431098120423,1.4359758776463067,1.4433589003982186,2.639606030957369,2.6186272416771623,2.626740991409184,1.4455016127026297,1.4451830472600558,1.4409689567828978,32.5861770209837,32.59590972634374,32.59276976387162,32.40774151398917,-1.5704428224578215,0.00907095407166955,0.9002743558487857,0.41734541787699614,0.41762290536966074,0.4174926001621494,0.18143128594286828,0.18086754783956632,0.1809139260649357
90.0,0.0,50.0,-60.0,1.953334099947824,1.9104114908604384,1.9227014552820665,-1.501667264151574,-1.5752528499119602,-1.5549430939632527,1.921899455858162,1.9225070761698724,1.9217054139242078,12.519828899868823,12.526980024944232,12.523141664455968,12.514077284388023,-1.3701913918991424,0.3927905198908468,0.040783415128761547,0.1354934305701736,0.1354914034204404,0.13542060316191568,0.24419249885209385,0.24416542062720106,0.24408947226526176
100.0,0.0,50.0,-60.0,2.101487442010785,2.0977474381561403,2.0997704781184168,-1.451691688313524,-1.491681848449807,-1.481416049424784,2.0995961820017004,2.0993751659736137,2.100356721007479,12.21920120877506,12.220135721717202,12.221835283879456,12.210438343355605,-1.356389173908181,0.409109210336045,0.042055994611132144,0.12920876003370657,0.1291501356251233,0.12932169866417412,0.26666724165001365,0.2667592943369069,0.26679729885001624
20.0,20.0,0.0,-30.0,0.9911991513792504,0.844144332879571,0.9221604899687749,-0.9777438748898318,-1.698394664523588,-1.3407871363366546,0.9513625465320972,0.9546183742822952,0.9511997498270709,1.8968297951025355,1.8838148790798432,1.9080347448909734,1.4027520940700147,0.7486473970873593,0.0005559910563612677,0.0721238609545796,0.05746991392769531,0.057261027116277896,0.05747095822802423,0.1209360019313899,0.1209381877774891,0.12047369489865861
20.0,20.0,0.0,0.0,0.9911991513792504,0.844144332879571,0.9221604899687749,-0.9777438748898318,-1.698394664523588,-1.3407871363366546,0.9513625465320972,0.9546183742822952,0.9511997498270709,1.8968297951025355,1.8838148790798432,1.9080347448909734,1.4027520940700147,0.7486473970873593,0.0005559910563612677,0.0721238609545796,0.05746991392769531,0.057261027116277896,0.05747095822802423,0.1209360019313899,0.1209381877774891,0.12047369489865861
20.0,0.0,120.0,120.0,0.41048463953678,0.3450065148016119,0.3679380075851794,1.123888871755212,0.9960694236361892,1.0539498289733313,0.3719810915130344,0.3706540180763622,0.37055379949555006,33.09274596908901,33.103224927914766,33.10187082580352,32.98789701768287,1.5876264692575162,0.21163400180772857,-0.001635846428002205,0.37694661489678005,0.3770331153548962,0.37680872427499595,0.04711612592223031,0.04693453446291751,0.04711234291503613
20.0,20.0,110.0,60.0,0.5533094948689647,0.521806913948515,0.5336957326415573,-0.6854999459732887,-0.7682779772679301,-0.7363609395997254,0.5355417413185737,0.5367334405821533,0.5328287682745465,30.90022359694106,30.890447723264995,30.896840642444804,30.781129037555257,0.5428995675110387,0.20849379627356737,0.19958995004352964,0.36357981712497456,0.36368316445607557,0.3635569388502489,0.06674606701615964,0.0663998362871191,0.06629046691965476
50.0,0.0,110.0,-60.0,0.9841249016019894,0.9412785419867152,0.9671097028310606,-1.954233920796004,-1.9776221114049484,-1.9682517395293413,0.967573785442358,0.9678877686766594,0.966915013846306,30.173380840080355,30.181350699822676,30.17886973536596,30.092452884662325,-1.5226541193776997,0.5032812020231322,-0.0016704068071202816,0.3424833679857111,0.3426671889281443,0.34261100346763085,0.12306535746803769,0.12297857160126024,0.12294971922540103
90.0,20.0,120.0,-60.0,1.5838786520705657,1.5351292143323827,1.5730071793685287,-2.1096297410746945,-2.122387204534002,-2.1188029649431295,1.5746235172185408,1.5742923572664653,1.5744014364549967,33.25343026827556,33.272139394579945,33.26977803983649,33.1351253030014,-1.4991751518436132,0.8996325553224103,0.19711803703025263,0.38692528831962303,0.3872717388171744,0.3872730870754203,0.19953129003994355,0.19953280909533225,0.19958400211728147
90.0,20.0,50.0,-60.0,1.947447465149172,1.908167033232704,1.918646014434748,-1.7530370954392265,-1.8229600116991889,-1.8050136480821342,1.9176208909690278,1.9186750672525439,1.9179706610032643,13.228641005862661,13.232197142768626,13.233466916227695,13.222569570459193,-1.3592015725415838,0.43813740722140077,0.14385064728483646,0.15830290313003942,0.1583207834500063,0.15836627625340688,0.24343986865480446,0.24347614541971238,0.24334978250151434
0.0,100.0,0.0,0.0,2.1148113772935075,2.1017105374740352,2.1078021598788426,-2.725877244670297,-3.0167047620638017,-2.86655790257103,2.1076091975899507,2.108215988740014,2.1077744120292685,3.2074953374677917,3.2060574801060175,3.205685694337885,3.1786755554112838,-0.7750061153636085,0.0010539038087939844,0.33219992660059056,0.10443990114553219,0.10440381106380932,0.10446695402665516,0.2672493577376459,0.2672657536022251,0.26719436376855144
50.0,20.0,10.0,60.0,1.3853494103666273,1.2354159540251983,1.2994488383836074,0.6733279316953387,-0.3862631946179554,0.17251307075442057,1.304313288449708,1.3001923092594354,1.3015695593301062,3.0905180643166013,3.094780149253244,3.096178954529956,3.059881179409564,1.1944705114285195,0.058378971160610776,0.11709295612030159,0.0669394896767241,0.06706074649472049,0.06700390112446915,0.16515702180836417,0.1648123549274505,0.16532536123507402
90.0,0.0,70.0,-30.0,1.765302288461485,1.7576977329331636,1.7609325574554382,-1.248407705212757,-1.2588510549523937,-1.253840677446687,1.7599098247264267,1.7623137480456461,1.7605927775575088,18.62061442214221,18.620464225447652,18.616759431807548,18.595307614931183,-0.9108465191237929,0.5582037378041897,0.04694293122011042,0.20950613693256356,0.20942697733725887,0.209459665817758,0.22369868031483234,0.22376976700076354,0.22347988447698544
90.0,20.0,0.0,60.0,1.95242467205409,1.944867383071731,1.94826158485913,3.139970491446401,-3.1378317446585475,1.0911664197604267,1.9481654672828383,1.9491689054629042,1.949539341216003,3.0253757610793492,3.0209352439996167,3.0279409951466367,2.9803178366824117,-1.2896359676687374,0.0009384571868202221,0.2879551585067652,0.09808919527456259,0.09805956323209128,0.09823278080850228,0.246989293288842,0.2471656392469145,0.24702789198354097
20.0,0.0,110.0,0.0,0.3994157617937648,0.37260278774388,0.38752806485438873,-1.0075489689248829,-1.0593715764576146,-1.0327398972187283,0.38858933138150037,0.3862471700438359,0.3897022655842368,30.320472501427776,30.317304849930423,30.310328088161594,30.23626083402002,-0.5042509368022544,0.2036069324687667,5.1967093842667734e-08,0.3455109105850484,0.345386968559447,0.3453809244648869,0.04919464029936058,0.04935349095083305,0.04961017105440605
50.0,20.0,120.0,120.0,0.9690665221213938,0.9140124099921548,0.929597558708622,0.7912614763252549,0.7565989305411953,0.7665527810181813,0.9315211469240807,0.9302430917633113,0.9285194356086479,33.525115951126374,33.537182635445404,33.53226894730605,33.40385694339103,1.6110794812931002,0.5123378456819775,0.20112392627758488,0.3926743881188056,0.3923125165311898,0.3923350182392024,0.11752018548472977,0.11710863189602842,0.11727720639681645
20.0,0.0,30.0,-30.0,0.5299109192220253,0.5022066948123218,0.5137649742277763,-1.8238917860588837,-1.943652361311036,-1.8866006472415113,0.5160805426060469,0.5130280789961466,0.5141308604727222,8.548755681763511,8.542963172383674,8.542030851396168,8.523266636329488,-0.960683660672615,0.06983655127838558,0.04173927223890296,0.10558862820034075,0.1056221077273564,0.10553493633861935,0.0650770626888362,0.06484495047619182,0.06522926713764285
90.0,20.0,100.0,30.0,1.9207736828386008,1.8904818519518165,1.9047517838190795,-0.4485751333476963,-0.4643988143490964,-0.45399413421437307,1.9060773368595616,1.9041075558992424,1.9039854705725598,27.53292952814275,27.523423668371983,27.522194590487018,27.446443988781564,0.10464689262623496,0.9058960955871875,0.20263210925689407,0.32176001963914425,0.32158217479990886,0.32150401858076455,0.24176348839115,0.24150128001245763,0.24174852303498415
0.0,100.0,10.0,-60.0,2.11925015214594,2.104726433187775,2.1119641268353493,3.107972314118132,2.61581792158161,2.8212320913068445,2.110408715435805,2.1115543178403553,2.11419115424826,5.923866981060779,5.919183199130086,5.923245859639462,5.8867045584379945,-1.4632558791480426,0.021967776507151964,0.43001202671767613,0.13506265943005297,0.1348700720688499,0.13493585670475605,0.2673015539661409,0.2677792705521746,0.26763663524809805
50.0,0.0,50.0,-30.0,1.0546692755745082,1.0415602330043556,1.0456973460307952,-1.4296315717591168,-1.453112619360051,-1.446095643886612,1.046628506832099,1.045784413214458,1.0443745232800876,13.645165994768014,13.649579675825482,13.64381781216276,13.645056198593153,-0.932109829758387,0.24711427610655642,0.04930093407695063,0.1584693974123225,0.1586823423651466,0.15848030860203322,0.13281676527858519,0.13253584791757048,0.13265205940013916
90.0,20.0,90.0,0.0,1.6484974587947063,1.6438428786949166,1.6461448446597877,-1.0084520182737624,-1.0116292580839157,-1.0102535785688442,1.6464898493963418,1.6468987647982911,1.6452689236919884,24.827028205415985,24.824248132286694,24.816711164958345,24.779938543093657,-0.42326853259377556,0.705850238767973,0.17171067697339945,0.29106160351682553,0.2909602647847215,0.290993817029344,0.20888241994141657,0.20873549143545522,0.20869603034842676
20.0,90.0,110.0,-30.0,1.4898010771330796,1.4693247701417191,1.480421249508316,-2.8601831634828643,-2.878690376063036,-2.8727799234159757,1.480710401160476,1.4811056554379372,1.4814472113886672,32.57288618078078,32.59173670778203,32.57252045139495,32.39101965557595,-1.0291122042200254,0.20836942322724852,0.9000343059541009,0.41717332311507255,0.4170919253617565,0.417433150058824,0.18584277671580637,0.1858868627731522,0.18586595009475756
0.0,50.0,0.0,60.0,1.4419062558019289,1.429359409610527,1.4363550679907982,-2.607995129798562,-2.634883247202467,-2.6227945702933537,1.4384516678044794,1.4375093030109882,1.433656894557459,2.2006676137774113,2.216481583846307,2.199731049297017,2.1693504030147963,-0.5312640961720495,0.0005451042912567732,0.1543056503523734,0.07183869192532265,0.07199583168106795,0.07172638086387877,0.18249173093390048,0.1818646817854944,0.18199463056135026
0.0,90.0,70.0,120.0,5.334253465617433,1.6626284482320672,3.493424377779491,3.1306130831158336,-3.114414877379805,0.1303383203889564,6.551885651356074,6.5460043404320025,6.541610741031616,23.470674942433156,23.51136950650476,23.55507578070014,18.622388785147596,1.5465385613642244,-0.07176157644763072,4.326105886657629,0.516491341563557,0.5183898483313837,0.5184783466549139,0.8299140852743307,0.8286426312226517,0.8283417541041492
0.0,50.0,110.0,30.0,0.8731116268430662,0.8599674392754412,0.8678156119299303,-2.0105977461031777,-2.0508890384643883,-2.042029785421078,0.8687671458763577,0.8688074387049319,0.8693228909690377,31.68063186830858,31.677097709161938,31.675789397398585,31.543211609539693,0.002013525569197003,0.02589263716804738,0.499529301405675,0.3884199416887246,0.3887332283212424,0.3885935100210039,0.1080743791837819,0.10814076559393349,0.10815094908931755
0.0,100.0,40.0,30.0,2.123975009543576,2.118157357861288,2.1214422272765048,-2.139441147181301,-2.157761803623197,-2.145533783896492,2.120774344334874,2.120498303138349,2.1231398989959738,14.27948543297245,14.25757657789133,14.26672139333738,14.208671895485221,-0.011932889174179317,-0.01969303534247349,0.7351410592954318,0.22958157963537748,0.22946414843228755,0.22964059044325072,0.2680294605324027,0.2683017599418034,0.268333707010084
50.0,0.0,120.0,120.0,0.9264978641775024,0.8797461910101673,0.8953844193489745,1.1559741998915174,1.128562986400114,1.1434162715346574,0.8953370996756436,0.8961156254557451,0.896221060610107,32.988967766424594,33.003054592290276,32.99860572951793,32.886720606958505,1.6117048737540964,0.5105255992642317,0.0012118133157096836,0.374823263145008,0.37475751840236127,0.3748204284285136,0.11375261298001846,0.113856189019915,0.11375098895142116
50.0,50.0,110.0,30.0,1.2597232440670183,1.2358805119261074,1.244908566887519,-1.1684037456042349,-1.1786740374540323,-1.1744053333524886,1.2425473079245732,1.2472983669543527,1.2466314122114872,31.556224763785156,31.555466744909666,31.560791502110906,31.41270442608487,0.04746610589229811,0.5205133532924359,0.5008390798195879,0.3865014964435921,0.3863881815210115,0.3865101527935748,0.15654950577676363,0.15703555582795897,0.15643222394808173
90.0,20.0,120.0,0.0,1.5836614276383076,1.5751829080169897,1.5794312751582429,-1.0686184720469758,-1.0766329125368097,-1.0728369597041496,1.579968126001266,1.580069799538272,1.580130611959364,33.27630147266263,33.27272973708526,33.257234168550966,33.13868246626007,-0.451690372857819,0.9037010946646756,0.20010351115682937,0.3873217326309694,0.38741803068536096,0.38708469656234007,0.20024974916413663,0.20028796785644135,0.20023807455295603
90.0,0.0,90.0,120.0,1.578435969947448,1.563355805266737,1.5754651505165869,1.4357519208901488,1.419051451305425,1.4308837070047333,1.5766030775864954,1.5747364040075895,1.575934955262102,23.98500884105714,23.982575319752165,23.983828690779227,23.959137453301466,1.6630563719293543,0.6266320419692352,-0.0708145525454407,0.2629629213828027,0.26277298634652935,0.26294065786477955,0.20037656809047957,0.20027709759350187,0.20052311161936762
50.0,50.0,10.0,0.0,1.758942527878817,1.687121639809644,1.7256480972812769,-0.4097936608385624,-1.1450217623715977,-0.7576802991092463,1.726383247712343,1.7292091270338135,1.7252612709910315,3.2268588735485326,3.2232087748295175,3.2345864237469675,3.1948659525692493,0.3719340932416826,0.0778371533132705,0.20119699670708033,0.0827811676100765,0.08270075942470041,0.08304457905792978,0.21919591535426583,0.21906071418136808,0.21869885940296493
20.0,90.0,90.0,-60.0,1.7434121165563012,1.6893698334972864,1.7015294069808777,3.0436413607893296,2.9134593483345523,2.9361574268658326,1.7011028151357428,1.7005982710066687,1.7028220042375342,27.34288588244837,27.346335695633865,27.346522857644015,27.188194981117977,-1.5415359897180754,0.23218795136920395,0.8996969325081339,0.3641085951908786,0.36412799982317834,0.3640071595978359,0.21395208691964476,0.21418667648190645,0.2142201370603821
0.0,90.0,90.0,60.0,1.6525632366618737,1.6413874876187244,1.6472727778415104,-1.5194270584926095,-1.5709857839425194,-1.5613162625310415,1.647424460840077,1.6483927763374082,1.647936044931825,27.37119535441116,27.369933183176812,27.380893773305193,27.22285185548476,0.5241794890171814,0.009607712122719847,0.8998577716171829,0.36459291635090124,0.36450508549361643,0.3647274628910796,0.20725080897074388,0.20729323959984572,0.2071931378838159
50.0,0.0,60.0,30.0,0.991938282698893,0.9778290249865568,0.9881837371377863,-0.4255925169067694,-0.448356907266836,-0.4343046043583406,0.988316035995732,0.9896375070291897,0.9875036993751364,16.455042449480946,16.449978119249177,16.44519862396547,16.433890703098303,0.0905577530539981,0.28123010233099693,0.04570206630228341,0.19014356252492517,0.1901454325174859,0.19006148557809713,0.12553921493863998,0.12543365371270077,0.12526971044218574
50.0,20.0,120.0,60.0,1.0813162185840637,1.040078214436886,1.050300998675493,-0.2099726741845497,-0.2241641327417922,-0.2170399107301028,1.0482425412688114,1.0533299072264866,1.0508785916624281,33.49700637328681,33.495272464897184,33.50450573040168,33.36630315316551,0.5699267007211334,0.5878216149209502,0.20149136958255823,0.39145743893605095,0.3918036553546497,0.39172028146725835,0.13272866502077207,0.13305262162654147,0.13241134852878997
50.0,20.0,90.0,30.0,0.8436179017253966,0.8387635612786756,0.8420790385392624,-0.6966492737333927,-0.7040103548195455,-0.6999833929281775,0.8416463687092339,0.8433595079774598,0.8417404723118155,25.041001106679325,25.0422144106241,25.043210253963764,24.998053335453648,0.05001188350028986,0.35572845344598286,0.11061763039372033,0.292386219909361,0.29245898785768165,0.29232182296361103,0.10656235237907512,0.10658337182125081,0.10635919690421755
0.0,50.0,60.0,-30.0,1.061099363208425,1.0569543622008764,1.058798478227449,3.141584249031999,-3.141349194806603,3.1188957990625155,1.0588123554652344,1.0594091166944513,1.0585659828305471,18.120689536269264,18.135316613835165,18.12435080039977,18.091640964904002,-1.0480836256468435,-0.0015239238441618907,0.382515091072649,0.23998131711855408,0.24032933336607612,0.24009052638742565,0.13318383852345536,0.13315677960691474,0.1330919696519775
100.0,0.0,0.0,60.0,2.070568843698621,2.067088701034167,2.0688008936597893,3.1365936261170297,-3.140762317001184,0.22751467709115542,2.06809549464693,2.0698905218859442,2.070645032923972,3.199924975510583,3.197773866821724,3.1949336003069115,3.1693337126271413,-1.3028168315014999,0.0010220812728871577,0.32527986268045594,0.10423391996234135,0.10425763202371838,0.10413409668858022,0.262217245723511,0.2625514180236366,0.26231973482545584
0.0,100.0,0.0,-60.0,2.1148113772935075,2.1017105374740352,2.1078021598788426,-2.725877244670297,-3.0167047620638017,-2.86655790257103,2.1076091975899507,2.108215988740014,2.1077744120292685,3.2074953374677917,3.2060574801060175,3.205685694337885,3.1786755554112838,-0.7750061153636085,0.0010539038087939844,0.33219992660059056,0.10443990114553219,0.10440381106380932,0.10446695402665516,0.2672493577376459,0.2672657536022251,0.26719436376855144
100.0,0.0,50.0,120.0,2.0955071789426603,1.982563107234811,2.0655644757981184,1.6515193111442594,1.459809570149043,1.6004973642572844,2.066432169563022,2.0677575136875554,2.0684997184487224,12.395884142730244,12.400717855228624,12.397363927639438,12.402811416839386,1.786628817502777,0.41859952257557104,0.062318225757795685,0.13470654881012076,0.13462441432786362,0.1346404531436359,0.26249110374591617,0.26274618782009,0.26258470829138986
20.0,0.0,50.0,-30.0,0.460659961540017,0.4448158624605952,0.4507543769800165,-1.8703319722305396,-1.92850095164321,-1.9092699440569596,0.4502537038778572,0.45114140226667787,0.45162818367705315,13.988845374232211,13.995570229956739,13.989378158961264,13.98897838535369,-1.0013555719792944,0.10131843984969609,0.04888138077532404,0.16500229520156298,0.16520509396801206,0.16516094810159973,0.05677766820510298,0.056962828216200204,0.05684973933881866
20.0,0.0,10.0,-30.0,0.652284033957446,0.4914640416908986,0.5754428413958282,-1.3131467857139596,-1.6841898400759918,-1.5125855351822215,0.6616913780482466,0.6654566916652029,0.6665138564304887,3.226322223940169,3.2609444936757677,3.2291063172238514,2.846678559959982,-0.737370230471,0.027600059960859825,0.04166617293923397,0.06050333299832123,0.060813496971267283,0.061238726787911535,0.08392768971694145,0.08454474559038036,0.08405278829638524
20.0,20.0,70.0,60.0,0.6018010080848111,0.5934926132940774,0.5987283182352697,-0.868413572083004,-0.9030981130584091,-0.879086309972984,0.5997943432180106,0.5991471920045959,0.5977993715458157,19.97397917511807,19.96582368481596,19.965003591527264,19.948652079944477,0.5523906417615524,0.1274487108566131,0.17644566689471586,0.2427881304521109,0.24254793307590447,0.2425329534949911,0.0750838817033642,0.07483510719609152,0.07490451285762857
0.0,100.0,60.0,120.0,2.1477509925413063,2.1243230302726377,2.130468579377382,-0.5497826790329753,-0.5961372427733954,-0.5597360651975867,2.1309611807312225,2.130188323409059,2.1297538912014615,19.76387522384554,19.757464685302562,19.772523359054357,19.73267455021328,1.564623111132461,-0.02147151887425666,0.9378478005297647,0.2912188482761164,0.291251787973635,0.2915569625785161,0.2690476163369464,0.26887370638231667,0.2689629342861782
20.0,90.0,50.0,30.0,2.1287081255278557,2.1229538374608765,2.1253388129305337,-2.1335674942883336,-2.1491590756693983,-2.139672101888884,2.1249125434658063,2.123887054921055,2.12776418222414,17.015731718466053,17.02146084633697,17.014221610332424,16.9485449632794,-0.009120984614528368,-0.021676724638570045,0.8401111828908611,0.26218996190867955,0.26218559166438865,0.2619256343072982,0.26824430664599214,0.2686316351936775,0.268743681420826
90.0,0.0,10.0,120.0,2.113263029891828,1.8605494711350967,1.996625188825834,3.139817893193237,-3.1400498281419966,1.2670299996668304,2.003721692858118,2.004242319809387,2.0002336175283557,1.9877746165768806,1.9717004459854806,1.9723936469543197,1.7037593243602216,0.5472531574456756,0.016653679344284734,0.22754662128142952,0.07854937275345118,0.07862479466871546,0.07864951594129403,0.25434941624530694,0.25391183271068024,0.2538315343463493
90.0,0.0,80.0,-60.0,1.711923775402701,1.7004080827799652,1.702987160287063,-1.8173490925567009,-1.830601198740224,-1.8278639924420905,1.7025656815501478,1.7030149340079042,1.7029918268884743,21.4849160056308,21.495566465846345,21.487057088328903,21.466189600199513,-1.4549611958133604,0.6264304120215622,0.042851061555278146,0.24249474557682804,0.24248829775560626,0.24251124907357716,0.21626712731296405,0.21631577582208605,0.216248710779575
0.0,100.0,120.0,30.0,1.4913432195040124,1.4763056774096976,1.4847326343819587,-2.0772028156387403,-2.101264102747305,-2.0852899919628474,1.4845024152771902,1.4855219400482924,1.4895948354808388,35.391636111878896,35.38098347421385,35.388788271974235,35.21948342467061,0.0003432614593369021,0.009868877098605854,0.9985008505922995,0.45082151855811997,0.4506923705171143,0.450637448127611,0.1858765196355414,0.18652401073277902,0.18636673554771913
50.0,20.0,0.0,0.0,1.2865514971179353,1.2783303383325662,1.2833758021897943,1.0889927753297697,-0.5344085726769479,0.2674880135709825,1.285838350854567,1.2816419498760856,1.2832955688542529,1.9787409660704163,1.9867130165731195,1.9776058735948663,1.9525147688090374,2.249100919886995,0.00042634497290565,0.12405840882248674,0.06419637964323614,0.06443452452795186,0.06413289519362088,0.16276359651663502,0.16243819984900126,0.1629719733710002
0.0,20.0,110.0,60.0,0.3889329417405407,0.361459642891971,0.3773973660159973,-1.3451023327541247,-1.5622600826662254,-1.5074454101785728,0.3800357687182507,0.37753989813437594,0.3799944295257427,30.92480374347765,30.90978261997888,30.925265462121285,30.80339741883275,0.5246993306945705,0.014099535267947171,0.19809242454956194,0.3638360856954501,0.3636403723905239,0.36394186248177957,0.045979330284414095,0.045971496429005956,0.04627589130533275
50.0,50.0,30.0,30.0,1.592566422658043,1.5514862632819766,1.5782458263277435,-0.8806438558267377,-1.05437233091185,-0.9366489284524625,1.57815265924567,1.5798446329623983,1.5789197161483526,9.476496854462985,9.469917662961565,9.47267525128863,9.464418928917251,0.2323919331993817,0.2063398842846762,0.2763300641260435,0.144100949340326,0.144053377207879,0.14425883245115248,0.19996107359800006,0.20005215793327813,0.19984173762662813
20.0,0.0,20.0,-60.0,0.615383246914548,0.5518994444237008,0.5722545619545075,-1.9398805645870385,-2.296250615403918,-2.168513358920734,0.5767516007949088,0.5769440891933308,0.5754429323256757,5.64138139934933,5.6578675430544685,5.639965939064008,5.629699251391803,-1.4177918230626965,0.05444260245469212,0.028750024369756138,0.07210960117799592,0.0722429501182799,0.07213996559651172,0.07312164595917305,0.07297959898723153,0.07296958879276669
20.0,50.0,20.0,120.0,1.3506838777003656,1.3280689496281348,1.336153822013467,-0.0434086664416437,-0.6283159036908931,-0.2705298836081225,1.3381290506349754,1.3363531967577547,1.3345482295428466,7.481423556273149,7.486170046846349,7.484928467274931,7.462565285205003,1.6377311467273912,0.03051909619914936,0.25368536012763404,0.12728166255744738,0.1275473570472936,0.1274567579740593,0.16929505283397606,0.1688396434983145,0.16906384509477707
20.0,50.0,70.0,-30.0,1.0658114447449307,1.0600968468780452,1.06255164275257,-2.7365269485163632,-2.7541280209843,-2.7490488694627087,1.0638261338295323,1.0636013834392954,1.060735896390992,20.766836447546623,20.78546798675471,20.78017966171349,20.734525172838453,-1.0177988392932968,0.13619287815439127,0.4068950355883619,0.26878651299157696,0.2688600785647679,0.2686256376151265,0.13375992976456508,0.13337363649003772,0.13344668963532882
0.0,90.0,100.0,60.0,1.546697408198922,1.5338909282614872,1.5396682846574519,-1.518764760795377,-1.5751929926093853,-1.5618722978152566,1.5413740619397727,1.538228660027359,1.540487602624714,29.993293382490222,29.982011502615066,29.992658858214234,29.807471809087925,0.5240407023762101,0.00950242832178882,0.9001114011049993,0.39131440408373125,0.3909159635616735,0.3913226604128754,0.19339183834498572,0.19327632697844085,0.1936632445766481
20.0,90.0,90.0,60.0,1.734382683254225,1.6851760816518049,1.694591844074362,-1.2235157141927682,-1.2884986071324784,-1.2770107849993222,1.6946994053473652,1.6953534167227506,1.6940561826571472,27.351229255867946,27.35095036842468,27.34251182791987,27.196836328832045,0.5505523032482157,0.21340888060156343,0.901110032152852,0.36417257426714655,0.3642815211397003,0.3642226267118977,0.2133090019283761,0.2132490925393272,0.21317245007928798
20.0,50.0,90.0,0.0,1.0911252857102844,1.076577058536845,1.0849938203986236,-2.1585442979361,-2.186056286850117,-2.1710542228332415,1.0866761055675493,1.0827771411925784,1.0858894545976145,26.346169119526742,26.341143346060452,26.33862240506406,26.225966069976575,-0.49676460571967374,0.20195219845969722,0.4999931795980254,0.332281951804653,0.33212437619271873,0.33212477721913747,0.1360511590388381,0.13597222329130448,0.13643629859904632
50.0,0.0,70.0,-30.0,0.9736457410225644,0.9672699010290076,0.9691728493950357,-1.5025330327554884,-1.5135263593047703,-1.5099843550599688,0.9676180383130013,0.9700007269453133,0.9698909961039464,19.239319964109445,19.2462385389696,19.233818367440445,19.214569214098212,-0.9711359052793622,0.32266125990241495,0.047425257299017094,0.2216560642862715,0.22160226513890682,0.2217014915099758,0.12287347006229284,0.12314516090629034,0.12284919121653229
50.0,20.0,110.0,60.0,1.0232749990003789,0.9903080344041536,1.0025806603775094,-0.2507936786940583,-0.2692927064340287,-0.25961989489908616,1.0066460803723847,1.0003314451682688,1.0023497410675817,30.78533368824559,30.771431040986794,30.782680043364742,30.6629599069222,0.571220975504084,0.508682303737684,0.20116516421258776,0.3613779559090952,0.361180025891079,0.36125297625858693,0.1267574122763397,0.12624857795295655,0.12704216811204755
20.0,50.0,120.0,30.0,0.9340307092246312,0.9074475475058856,0.919842309100064,-1.5239562286602997,-1.5653131190659415,-1.5479991402783448,0.9197708525062988,0.9189715073931785,0.921816037962202,34.35814167211034,34.34756259559217,34.34985671575041,34.17605527252835,0.021021515752610073,0.2749772086488955,0.5004220225635583,0.41723820386260563,0.41728037859777595,0.4170329149861025,0.11468464337847846,0.11494037528768225,0.11502541626852791
90.0,0.0,100.0,0.0,1.814785172276844,1.810831583540338,1.8128660159990504,-0.7373058545559665,-0.7393302789449804,-0.7382675644718244,1.8133237533192008,1.8131728878275981,1.8122937050594192,26.83815635908683,26.831148376330376,26.823289116520797,26.79204966871876,-0.42609702493804524,0.8233407396218375,-0.021773990508694264,0.2989324942358221,0.29879537277796947,0.2988367848062045,0.23048354175169342,0.2303482524462047,0.23038198852919106
0.0,50.0,40.0,30.0,1.1639189828134138,1.159148076946566,1.1615073063045454,-2.102255859855343,-2.128969057772592,-2.111348137843586,1.1617888581367124,1.1605562397032982,1.1624914111462892,12.782129114971452,12.773271140897672,12.773541484230279,12.749909145841434,-0.0027268315871991438,-0.0034107747498878785,0.319946373408962,0.18288604357785113,0.18271383083063222,0.18283845438408539,0.1464219702684403,0.146509108568838,0.14664859102324765
0.0,100.0,90.0,60.0,1.798280424202973,1.7878882413727712,1.793297169484509,-1.522761113278251,-1.5716059676050398,-1.5631144962208474,1.793910949969225,1.7914445929168075,1.7958251779399619,27.61397845814394,27.60454635485892,27.622443313216372,27.442465250042783,0.524046231506847,0.00899847582316261,0.9997779029382714,0.3722870832234858,0.3720649423381219,0.37252109567551245,0.22549304246296392,0.22572459310288295,0.22604184444952985
100.0,0.0,40.0,0.0,2.1066470846256937,2.094682594012084,2.0999915912103106,-0.2286079125133654,-0.3293949867103654,-0.26007353025706953,2.1007294411112865,2.100057748791943,2.0990823419003704,9.045211132865774,9.042697206204693,9.04281035914524,9.041299259499699,-0.2726630170456256,0.28328145539887634,0.04817580448019715,0.0901375173484831,0.090157740462783,0.09020407792798357,0.26686402616296684,0.26665836987932307,0.2667392536687283
100.0,0.0,50.0,0.0,2.099479386259254,2.0714584227777357,2.091379067300327,-0.4391365101351178,-0.4868121240828101,-0.4526920400676956,2.0917625422599633,2.092370424567785,2.091338398679761,12.275733421635476,12.273593200389232,12.272367712922506,12.268922532337859,-0.30826694450744235,0.4130474789501409,0.04884416895044252,0.1308383326046863,0.13093759895527443,0.13092711727235093,0.265774697969582,0.26572872084325483,0.26565022802253246
20.0,90.0,110.0,120.0,1.514796160781377,1.4690162395529227,1.483925229630129,-0.1819611618969962,-0.2617521605848988,-0.247514975858521,1.485090590741271,1.4841358777318059,1.483075125175736,32.57787042807387,32.576899775331036,32.57622430232782,32.390986491511896,1.5894145623233213,0.21548106111050694,0.9009613565822328,0.41693257966548214,0.4174164032201032,0.4172229540928663,0.18636580925188895,0.18613006440609114,0.1862698581887081
50.0,50.0,20.0,120.0,1.6545210055970978,1.5390564109495195,1.6088482708790166,0.8403687176899588,0.0282113074570058,0.5477384972846823,1.61282413488111,1.6083848405263819,1.6120924261924716,6.964151695983137,6.971510913642405,6.964892209503499,6.967249227072885,1.8787718871719372,0.13064863300216684,0.26580150676725367,0.12204411327846394,0.12220742539131613,0.12195196212885999,0.20397413906757367,0.20387718965410778,0.20444259743462836
20.0,0.0,0.0,120.0,0.6673574317249673,0.4290709377234368,0.5555332639047463,-0.4412724514745048,-1.4069348331507645,-0.9409001241872003,0.7084149152977564,0.7133082661043846,0.708707237713194,1.9148064164221057,1.9222591674000669,1.9134660231421474,0.8741286624918083,1.1425347167568771,0.000450284361752398,0.05504586640962389,0.06060894159797586,0.06062598946627695,0.060313440032553775,0.09001656015763848,0.09004493682213671,0.08942125994855088
20.0,20.0,70.0,-30.0,0.6281136490673327,0.6238035522435172,0.6250380483222545,-2.4306127082689524,-2.453389547681057,-2.4458975241313237,0.625717351537644,0.6248990566168439,0.6248253125056126,19.994155473720383,20.002847121206493,19.99645892667868,19.977583638898988,-1.0170361354279953,0.13387484450323917,0.18500822951026463,0.24370997820545454,0.2436686035278606,0.24348588317378422,0.07830932857503485,0.07820494259019709,0.07830061056483728
20.0,0.0,110.0,60.0,0.4303190597262319,0.3728145846011608,0.39509486505859376,0.0691728603227191,-0.0025420284679929,0.018606433938261342,0.39378265653521305,0.39629968484642947,0.39593507114340326,30.31700666885033,30.306399049980012,30.31816756480391,30.233544424668768,0.5433232760979662,0.2077838046732444,-0.0006302563347494166,0.3453195576782315,0.34530348478646544,0.3454632764298532,0.050242654576413644,0.05047925716391634,0.050185027899836
50.0,50.0,110.0,-60.0,1.2453004739506683,1.2147678480220971,1.236195832097675,-2.7452565989691995,-2.754606420550946,-2.7490711008329143,1.2359533762450936,1.2405659402585987,1.2356772423196374,31.5428599905421,31.569353479225054,31.559796993168515,31.409864733645733,-1.5237986011453162,0.5151397894629985,0.498178410026079,0.3863639764132939,0.3866152368910523,0.38626226931601165,0.1558685754749575,0.1558191830516578,0.15524574435958102
50.0,50.0,110.0,120.0,1.2812965615408338,1.231843292544301,1.2471388542911668,0.4286969403488558,0.3891422581825461,0.39784058049631954,1.2453322258335957,1.2491870871844803,1.247376064446883,31.545076382854777,31.56816368407991,31.563553691190386,31.412171156062666,1.6184011094800421,0.5224548634210362,0.5008984993426163,0.38649730366738894,0.38654545454055317,0.3864671038468718,0.1569167699243706,0.1571520315664759,0.15666906952799584
90.0,0.0,80.0,-30.0,1.7038066898333069,1.699271306271583,1.7006998208134632,-1.301568650900412,-1.3072679207590183,-1.3053473693331923,1.7004595512279008,1.7008487017477507,1.7007097864023948,21.48768425889667,21.498645737188493,21.4915075969898,21.469522082561202,-0.9314993674244981,0.625763739621847,0.043272931287347195,0.24260679229055207,0.24267134373585975,0.24244545679621812,0.2159889598803853,0.21603116795291158,0.21597314470678117
0.0,90.0,10.0,30.0,2.1168442805273173,2.104433411959279,2.1112457664856707,-2.354381047391135,-2.404297352299401,-2.3775342042116003,2.1115066698206832,2.1103073606957445,2.1122566665837215,5.921616248263888,5.9201621072500785,5.917604478988766,5.89358627901533,-0.153177722076091,-0.02732587715193738,0.42624668885496625,0.13390837209397824,0.13384192414847312,0.13368737771329234,0.2673700216246592,0.2674759809626476,0.267631058416268
0.0,100.0,110.0,0.0,1.5839094558476834,1.5686961451121075,1.5770722023424721,-2.6098390299287506,-2.619380219828602,-2.615560332272951,1.5747762297297967,1.5795440506425544,1.5788031519745345,32.796176566011184,32.79144548799538,32.78802255412748,32.60910007138761,-0.5236714787151968,0.004425537567341863,1.0002013748324532,0.4240475541730866,0.4243313151516253,0.42373490413418985,0.197898612549092,0.19839359072082038,0.1978005274769494
0.0,20.0,20.0,0.0,0.7383289516983381,0.727497590626472,0.7323094890934978,-2.603195427110045,-2.6229331117152928,-2.61447491573423,0.7326037310583655,0.7338917562825252,0.7315620885390985,6.629376084118218,6.616101730543538,6.617601823049342,6.605368605020464,-0.5235018624975324,0.00047730521940777046,0.10910175219190309,0.09943566786107597,0.09972022363901305,0.09933833156395037,0.09266661802497271,0.09250885378090652,0.09237745002034972
0.0,90.0,60.0,-60.0,2.1369006679773785,2.121947441951397,2.1282677026010166,2.6062933034786444,2.566852113724509,2.579953108259725,2.129179271706231,2.127411738349533,2.127836870226713,19.781797524638243,19.78780333201464,19.788577003108312,19.700870229532676,-1.5774636122264982,-0.021233854738410822,0.9419041440515236,0.29380183776018487,0.2939211682557018,0.2938764808524858,0.26876465931923615,0.2685987796321616,0.26882365310299433
20.0,90.0,100.0,0.0,1.5889205556476131,1.569233203306322,1.5786190528500488,-2.332652248869114,-2.3549194012458767,-2.345535187838684,1.5791074458578667,1.5769716447230149,1.5804860978502462,29.972796265233445,29.972021377997862,29.960335872681775,29.787287212465454,-0.5023286450042058,0.2045974902993871,0.9002365822896965,0.3910392611939937,0.3907152393667172,0.3908499134451771,0.1982418199367517,0.1984288820294004,0.19868917171300465
50.0,20.0,100.0,60.0,1.1131527680909274,1.073364495415636,1.0906016352895482,-0.225338045007769,-0.2405249862183732,-0.23226584314478008,1.0915422112129003,1.090736379106634,1.0893723284336552,28.005160027152897,27.994089043611524,28.000680056976798,27.916984949970654,0.5809256805016287,0.5061106276230821,0.20129451077159738,0.33070001069139243,0.3305078685698342,0.3306837325805232,0.1380677697214,0.13778914866169162,0.13789837553753911
20.0,0.0,10.0,120.0,0.588656654500784,0.4218141310545003,0.5069158312683244,0.4344346611770189,-0.8269121957780519,-0.14853162756364222,0.5580276775030579,0.5575213591952782,0.5563729197138045,3.644658269281647,3.666242120028314,3.6581268077081694,3.4502176693367863,1.649151019726706,0.008411792528616974,0.04809486705248028,0.0643748756556993,0.06476351200793523,0.06484321355367804,0.07061655916205051,0.07040057090726112,0.07046083980192848
0.0,90.0,120.0,-60.0,1.386181292749284,1.3501528730248102,1.3595728132051508,2.764818325090149,2.639585909569349,2.6580780971791533,1.3615179666780572,1.3636389494055075,1.3577071028956678,35.18858073042963,35.197895747274686,35.20032843797994,35.02696452855562,-1.568666796113159,0.03572427659765458,0.9003937274808581,0.44450077466667126,0.44463657100990717,0.44440342554274087,0.17071657670396245,0.17023686185389703,0.17001648230746585
0.0,100.0,40.0,60.0,2.129590823365212,2.117705961447535,2.122424674483908,-1.6119158828502982,-1.6675390785708106,-1.626757685765923,2.1221751791523547,2.1218521873426206,2.12308771574131,14.26216071785588,14.255028719538663,14.25541504220024,14.215716305896654,0.5105732186996639,-0.022029636465937998,0.7340539469188464,0.22920385825561623,0.22907100072935954,0.2289480483716639,0.2682345706686222,0.2683620299573558,0.2683801957893164
0.0,20.0,120.0,60.0,0.3606740439291249,0.3422499791046347,0.3522695936843652,-1.3743958953258268,-1.552763498734363,-1.507710397132925,0.3573080268397069,0.35568978560108094,0.3535521975232539,33.63864529121353,33.62947955904246,33.64396205926463,33.514557530995766,0.5245115985157456,0.014906059680408631,0.19877412793839422,0.39425875335457716,0.39400898563861475,0.39433120953962014,0.04304394477835708,0.04256362991641757,0.04278747546335934
100.0,0.0,10.0,60.0,2.112742740259183,2.0964518718149625,2.1043547653493118,3.137623442303931,-3.1391697061734907,1.008695515400484,2.104850800478678,2.1061966393578744,2.1047607006185247,3.1110956777989682,3.1093065962013906,3.0901045149820114,2.4738062381486183,-0.23033789971495816,-0.04364968732928473,0.28105330187091687,0.0946091368377766,0.09465552146579817,0.09452640923154469,0.26703372836337214,0.2670212027206767,0.26684263225860383
20.0,90.0,90.0,0.0,1.7014088282845874,1.684975440767437,1.690906403622966,-2.3151924500943037,-2.337592084162147,-2.331745370528666,1.6915550483892057,1.6911317258477054,1.6913597508680727,27.342457955853366,27.352559315110636,27.352509556323074,27.19734568745215,-0.49738597208339747,0.20698619710761182,0.9002109687722363,0.36415959451491603,0.36423305546947016,0.3642219637175473,0.21281915111594513,0.2127794851900249,0.21286237658306856
90.0,20.0,80.0,30.0,1.6483056075048017,1.6418618266747944,1.6467891668438144,-0.4144156871862109,-0.422781529688732,-0.41711714436517167,1.6474351931466724,1.6468644228636997,1.6464928979889786,21.91221647607838,21.901472701261778,21.902307883803388,21.874726390100143,0.11322502947281234,0.6243547720445023,0.13259971160429254,0.25539085229529984,0.25509994836337174,0.2552064468519993,0.20901179846063414,0.20888423827167715,0.2089613994033858
20.0,90.0,60.0,0.0,2.1357472422697805,2.121653508581396,2.128165618245517,-2.633475569983464,-2.6532325019198173,-2.644818970261848,2.1294696425271553,2.1268341250768463,2.128268792188413,19.799975054264795,19.794794883319398,19.79266970296695,19.702118976572773,-0.5284407302705991,-0.014650847078246081,0.9421252123059721,0.29404481980789016,0.2938124643434304,0.29388530294389514,0.26873500785005017,0.26858781713159136,0.2689057679914865
20.0,20.0,10.0,-60.0,0.954434871889656,0.9027439596004287,0.9270176131410685,-2.0830619611771075,-2.2718271906108747,-2.184435795255733,0.9331350261422874,0.9334166089528065,0.9324284433308421,3.280198883964969,3.2750469679552987,3.2810631535686428,3.1994172548183606,-1.1202678042226144,0.044299983039554285,0.06965105959562125,0.06076132376923717,0.06093089123739777,0.06095787813282009,0.11831814406124815,0.11827150636883203,0.11822531790594405
0.0,50.0,40.0,60.0,1.165329138369607,1.1574504754076227,1.1606547588954368,-1.58144170092477,-1.626213467118585,-1.593234422441918,1.1604833469331692,1.1616755085565218,1.1599219134612675,12.777426183040104,12.774602665708327,12.773912176012514,12.753223433631456,0.5201675104602858,-0.00470161560787904,0.31905930350659634,0.18248716612339766,0.1822872269086891,0.18230710451369475,0.14650440933181494,0.1464387743019751,0.14628223009377714
0.0,50.0,50.0,30.0,1.1022033043957316,1.0991477580853275,1.1008443592201977,-2.1031866642689088,-2.121950358540808,-2.109618401115315,1.0997233458680091,1.1012163542089433,1.1019369878142296,15.442545664674627,15.43813510119501,15.42964156309993,15.40683762266302,-0.0019555557270845778,-0.0035847153347084034,0.3497640037593469,0.2110715309651571,0.21109863583742577,0.21097740172137663,0.13853012810696672,0.13881448242989522,0.13862566762690548
0.0,90.0,90.0,0.0,1.6530543376440403,1.6426418673762286,1.6474991672569295,-2.609625174577573,-2.620292395946385,-2.6162009373225206,1.6478316289597006,1.6473652843768463,1.6489015120193495,27.37894144248808,27.36839475178066,27.369353163439218,27.223742327450907,-0.5237189263559138,0.0035283745395743643,0.9001633991734739,0.3646694148611487,0.3646620929463435,0.364496332651777,0.2071608784666112,0.20729836029056437,0.20734493609376087
20.0,20.0,60.0,-30.0,0.6687906750646911,0.6614054350212729,0.6632656773190884,-2.425789984322755,-2.4588273900514404,-2.4474034067540136,0.6644108084380163,0.6626237293413966,0.6627034276522431,17.295675973726276,17.30247528714787,17.299946296542547,17.277345122443926,-1.0102503478596696,0.12151845136996897,0.17530688121001028,0.2143157588404152,0.21426409316077497,0.214263568853572,0.08331149624629616,0.08310738849435584,0.08332464212294481
0.0,50.0,30.0,120.0,1.253069535777321,1.2159290280718746,1.231689328647548,-0.5312317149504403,-0.7451133857483193,-0.5891820801304603,1.2323172906496576,1.2353301045638552,1.2291798963924896,10.175601988910985,10.169334141268939,10.17584031163376,10.120835208827721,1.5583455691314827,-0.011772457817019003,0.2851562029479433,0.1548031243096075,0.15525199945579019,0.15504210552981781,0.15608763189861113,0.15565120732239382,0.15526567846919673
20.0,0.0,80.0,-30.0,0.3867467165388347,0.3809642370572995,0.3833366727844355,-1.7901863931495,-1.82980952465415,-1.8101213323506549,0.38155805245260493,0.38396862328890335,0.38503756208024176,22.16231672638159,22.16638739501128,22.162717475890712,22.138302018857747,-1.0218425753866893,0.14213578013076203,0.041044469504407176,0.2556196337311187,0.25570306043816543,0.25561268201874665,0.04813907223157653,0.04855410669478876,0.04824941914961064
100.0,0.0,10.0,120.0,2.114637108241335,2.047722860807585,2.099671757324195,3.1407477659749725,-3.1375880132552845,0.7884692466226775,2.103343091566698,2.1017265664412372,2.0982866708025782,2.1896013020082123,2.180870914727696,2.170037726205593,1.8658507785948215,0.047503157731607355,-0.0007853437433140217,0.2575764019492665,0.08469857194049318,0.0846751444231837,0.08451802094419955,0.2668626243609351,0.26622215322100834,0.2664217413130123
20.0,90.0,60.0,-60.0,2.134473735051569,2.1228164447344007,2.128190138860341,2.5836948440525838,2.546899048181395,2.5560672129359774,2.12736295225195,2.129635744913851,2.1274113033330457,19.772144310976635,19.778845834173737,19.76773208072019,19.697386566472986,-1.5813573044459874,-0.03582372845272318,0.9411004106549009,0.2935818290344855,0.29362170542074,0.293596226056208,0.26879965575545006,0.26881305590933846,0.26851370347751735
90.0,20.0,50.0,120.0,1.897384245928933,1.8051009403580387,1.8747747331685343,1.3202791457720495,1.1522057459413837,1.2796054822711562,1.875992824622427,1.8760106139337027,1.877184741792897,13.387761568870202,13.390927329087845,13.389171088250603,13.388139758236061,1.778090549381772,0.4342382673040261,0.16042693799820876,0.16255552270257137,0.16258892337275965,0.1624185347878799,0.2379914409792163,0.23813968204149275,0.23814113005984702
20.0,50.0,30.0,60.0,1.2804784687551158,1.2579531559046708,1.273575133106056,-1.0855992712871092,-1.2886412934581166,-1.145089621344186,1.272671460830023,1.274983466809637,1.274315280242625,10.043579145927017,10.043851010636592,10.048238676103805,10.031436445936412,0.6023325103349924,0.0747931160771424,0.2856010122682811,0.15346854714100486,0.15344105782401032,0.15348316904447223,0.16095748199691323,0.16117330621949336,0.160873724554655
20.0,90.0,90.0,30.0,1.7023120324670724,1.6858095744948551,1.6905965305660344,-1.7929468013986092,-1.8158173336089665,-1.8101839401840192,1.6901122551935184,1.6922076119414813,1.6910032964789212,27.365732965184815,27.34057861243193,27.35242679768407,27.198032207473506,0.0260260957163469,0.2055746180226266,0.9004602654586293,0.36430726361485516,0.36422082356161617,0.3642883698569706,0.21281518578121544,0.21290062438096433,0.21264030272008774
20.0,90.0,120.0,0.0,1.4295719216044571,1.3871241747139438,1.398220442020567,-2.2825300625118343,-2.350229727237849,-2.337911130512449,1.4019327939536306,1.4018310673620276,1.394886900124856,35.18668191479009,35.178912486559334,35.174957970711326,35.01223995931212,-0.507150986255834,0.22425237201894943,0.900029599428173,0.44448666254165425,0.44445559484258557,0.44399170801687293,0.17590797384631573,0.17499548054116784,0.1750564045810653
50.0,0.0,90.0,30.0,0.8508083931380493,0.8455901258733656,0.8491286690317115,-0.3473825731910357,-0.3568229324028917,-0.351198895170017,0.849440131822536,0.849865724375822,0.8486703241010018,24.59927846421285,24.592704326877165,24.59290897269825,24.556970443581314,0.05145808158874662,0.3588403143148931,-0.013647410689069028,0.278044005953546,0.27805312701965157,0.27792496621535706,0.10806145903135911,0.10795241879107043,0.10790125686801226
50.0,20.0,20.0,30.0,1.314973859931836,1.235326254651204,1.2836744039792103,-0.2816361499282003,-0.6748708473524987,-0.4373940372432283,1.2865560509676592,1.2853781053248776,1.2834610046558892,5.676469776440532,5.672307737456178,5.677017540202623,5.672170813781543,0.3465082539475185,0.121161424015353,0.11326634627946186,0.08561071658453412,0.08557437211254326,0.08564916754178425,0.16317368314173708,0.16277985920442772,0.16292804793655724
50.0,50.0,70.0,30.0,1.3007225828464626,1.2929265196551043,1.2982920691181308,-1.1708561345211044,-1.184018028489909,-1.1742467450123455,1.298192663330571,1.2999756474728301,1.2972686765693602,20.54094451118179,20.540974282360157,20.53435149352734,20.492480446718538,0.07598646743302816,0.3448471660930737,0.3839355397189108,0.2636312120796533,0.26378177422558036,0.26324560004763414,0.1639805039067774,0.16389374375157423,0.1636514474984044
50.0,50.0,90.0,0.0,1.454891281647477,1.435028112556692,1.4466093267913807,-1.64183225238573,-1.6578741905023064,-1.6481866120068518,1.446506968116169,1.4464730495061224,1.4471158463887361,26.152054683158685,26.155313986629118,26.14788038065122,26.039428037446076,-0.45456407016136624,0.5123452993533236,0.5001822251524766,0.3288482853265726,0.3287184841517822,0.3285750512807157,0.18250210437743009,0.18258330801475922,0.18257323845740753
50.0,50.0,40.0,120.0,1.5177192963549992,1.4482105581227924,1.4981390793770653,0.5501391271612754,0.2896312812364394,0.4832938195990647,1.5000215293807486,1.4978307009993441,1.5003440611157877,12.379776414035382,12.386861519194463,12.379305230749022,12.356859353769519,1.7257742244186092,0.2401824691546587,0.31910685428471164,0.17657478749031724,0.17667939963141788,0.17660870454154542,0.18958754791368945,0.18962920016585533,0.18989987391475904
0.0,20.0,30.0,120.0,0.704660325229899,0.6633716055536756,0.6848731076058612,-0.5100637204089535,-0.8690921790866495,-0.6237077072521082,0.6896475982691228,0.6894823180716074,0.6846750955507788,9.332578722609892,9.321453909082567,9.337268800363832,9.288778987611634,1.5593333834414655,-0.009885123216750696,0.13025237465194853,0.12961397012964374,0.12982313513113566,0.1298371828577558,0.08709325950752426,0.0864271310534767,0.08646708020907933
50.0,20.0,70.0,0.0,1.0378203574927207,1.0344647629040318,1.0362733945961222,-1.347321724776719,-1.35195388233694,-1.3497671058746195,1.03633868772782,1.036611702094949,1.0360967104996766,19.799711132750588,19.793997657043626,19.791223875945906,19.769717197674144,-0.4480963256415352,0.3300311228012357,0.17954384593304637,0.23965954670617867,0.23956418150390196,0.23940364003068393,0.13104311810390323,0.13101015640442754,0.13097868624519282
0.0,90.0,110.0,-30.0,1.4504020844214245,1.4364489375241627,1.443452713443218,3.1415802225413003,-3.1415881347477974,-1.3761327279008195,1.441436467225202,1.4458301081792455,1.444591061852832,32.5878173741861,32.59855559413937,32.58446696172948,32.408081516955036,-1.0471506671338757,0.005449977633943488,0.9004336737395751,0.4174593106981836,0.41754871981204217,0.4174797353554091,0.18100248807911393,0.1813934117611415,0.1808433785444393
100.0,0.0,80.0,60.0,1.8466676251212344,1.8338977121602291,1.8434879391831438,0.332683194206711,0.3191543161586573,0.32938465126085564,1.8448255489089802,1.843242107857331,1.8430292652667926,21.293102080176407,21.282011900784042,21.281927149149272,21.26392000170035,0.6478460760911571,0.6651388966327381,0.024501337503989282,0.23757614120105464,0.2373448781778945,0.23746193267944912,0.23431377816465623,0.23406925299766337,0.2342857245122388
0.0,20.0,70.0,-30.0,0.5134856061723321,0.5100136711885102,0.5117303323536962,3.14155771722536,-3.141570313316201,-1.8231951950119352,0.5128100385995342,0.5108922247529669,0.5118319975108752,20.042839399916602,20.054761778821117,20.048325074049277,20.015525928579272,-1.0471254138326707,0.0011803171897493286,0.18595139352692563,0.2443422719545902,0.24453207978253505,0.24445734558307727,0.06360447200050998,0.06348601234486806,0.0637362086626426
0.0,90.0,120.0,30.0,1.3632390800602416,1.3488220147423051,1.356887708019417,-2.083444650520432,-2.096703662576175,-2.0921023609822753,1.3594729131767935,1.361092718519281,1.3550715327589928,35.19816035219025,35.185217532943234,35.19203075283955,35.026052966003924,-8.824944047748813e-05,0.004162118458355835,0.8992206126733694,0.4445267670683529,0.4443535790330104,0.44432039252663236,0.17045534754768799,0.16990342844933387,0.16973676871624047
100.0,0.0,40.0,60.0,2.1085312297965406,2.080896400556143,2.099948371187388,0.8169008360802974,0.5955555615771715,0.7515785924136492,2.1007626401389254,2.0991343919563397,2.1009971352701333,9.13775165054502,9.140445915744182,9.142355555067294,9.141204099172374,0.7802197431776136,0.29319164430906375,0.059469272910897424,0.09371370748149703,0.09380869340999187,0.09371503238915797,0.2666978864097837,0.26672252799510787,0.2669332975302395
20.0,0.0,80.0,-60.0,0.3943266485704172,0.3825927409988857,0.38678846374865417,-2.3071444155838483,-2.348971192332632,-2.328512052138931,0.3862393292327431,0.38840064391623985,0.3867863306278224,22.14983317793321,22.161103394708096,22.169886526290565,22.1367426842809,-1.5451762290175755,0.14363230906088295,0.040802525427994146,0.2555132530881244,0.25546747170529144,0.25575243688814314,0.048815719580521284,0.0488522556133553,0.04862714529220449
0.0,100.0,80.0,-30.0,1.9597575380148309,1.8548903686731404,1.9235420169076065,-2.4243011296798085,-3.098825131046619,-2.9599523641205856,1.922571919538684,1.9279089275143564,1.9251105224798075,24.947105909348206,24.95112354121394,24.949074806055304,24.803003031930288,-1.026913069633383,0.1383443707655324,0.9768379914278436,0.3443242441363807,0.3445149082657989,0.3446147082543536,0.24268487093648658,0.24301177211436312,0.24234811325985928
20.0,20.0,10.0,120.0,0.9433043739029752,0.793740977181812,0.8742669907337296,-0.0683793776128024,-0.9566273917651484,-0.48739613215514355,0.8758774758909119,0.8767790453616222,0.8744443294066597,4.083372610752106,4.088194707140303,4.091603520357634,4.042761226808179,1.5804811697326724,0.0009529418217147852,0.09752154047013356,0.07494290377506234,0.07527355279811047,0.07513317494585288,0.11101499952243661,0.11083228318733572,0.11070862868805885
20.0,20.0,30.0,60.0,0.7979314641879158,0.7441912167931071,0.7774442734218624,-0.8161780693436054,-1.0693914342437354,-0.9043064516594517,0.7775167713063849,0.7808136943587305,0.7787562183092149,9.229748245803536,9.22624449971255,9.222812867793703,9.200123705490753,0.6022712275317531,0.06830056407647508,0.13142595899010767,0.12721860652695569,0.12722791204061035,0.12730072300447182,0.09836522059191956,0.09852372838483064,0.09810862636998854
20.0,50.0,90.0,-30.0,1.0932135940772711,1.0730231237546315,1.0852858861074306,-2.677082799750541,-2.708558355838877,-2.6913950845440167,1.0840044761610723,1.085304729684874,1.0872404907439772,26.340079175518433,26.34438294649367,26.339136114754194,26.2242585263955,-1.020166439462812,0.20336848461150775,0.49945608272433045,0.3320143277355062,0.3321469946891953,0.33211275229041953,0.13599476924043571,0.13638933357089217,0.13622672870976862
20.0,0.0,40.0,0.0,0.4775434342099273,0.4646285708904544,0.4710558083493775,-1.3785189941724774,-1.4424971280050636,-1.4090485652539488,0.47087502137557874,0.4719334029903084,0.47187771638559306,11.28397960295217,11.289384495267873,11.284527617103606,11.271109435535923,-0.4646096800610735,0.08391881041402133,0.04707549009012825,0.13570854988504544,0.13577249394323415,0.13577623194407337,0.05947862242219293,0.05961726153920347,0.059486979840317276
0.0,100.0,60.0,60.0,2.1321890432734536,2.124445472929072,2.128146619595217,-1.5887311933808757,-1.5986090824097463,-1.5931669651982416,2.129215534564178,2.1283030083116765,2.127253528150712,19.76792190117162,19.774904199704025,19.764762635693526,19.716623914486664,0.5196749881642073,-0.012413880479993797,0.9398453535992369,0.29261125284041317,0.2926100474875038,0.29258038938871506,0.26882795649109453,0.2685855689089071,0.2687200198791658
20.0,90.0,20.0,120.0,2.127752060628809,2.1089999594292888,2.117681164224133,-0.8145033450325129,-1.442905306479789,-1.044828851526309,2.11659893361593,2.121155141343102,2.117044981465442,8.470725059348513,8.474475421955843,8.480644753862105,8.417066938543734,1.3798842872903536,-0.0988303675159854,0.5017642381697941,0.16192131460991585,0.16213345511604588,0.16221856783408256,0.2684066881040104,0.26845404257388944,0.2678540613273283
20.0,90.0,110.0,60.0,1.5090953298479126,1.4693364860422418,1.482496729575673,-1.2581419412882549,-1.3074303236372844,-1.2981867201928452,1.4822598257161232,1.4833827520921246,1.4830839192071152,32.58157371450741,32.58023394412673,32.57961490359526,32.391512679438804,0.5419663449903869,0.2121062270481871,0.9008226254314564,0.4172634343320839,0.41696926782992355,0.41758706955347263,0.18609085907299794,0.1861553752176963,0.18603813839497527
20.0,50.0,30.0,30.0,1.2837096172999576,1.269084299026795,1.2778893647986558,-1.6041378518810148,-1.7222356920790869,-1.6396415383314196,1.277513933953958,1.2787257704505468,1.278227792194379,10.03362380989856,10.032228319339156,10.030030599627132,10.019044209506072,0.08419433137517965,0.08018249844745441,0.2848086190746685,0.15321426426649348,0.15310627759382558,0.1531729931675562,0.16153602644402074,0.16162214872540553,0.16146290803133273
50.0,50.0,0.0,-60.0,1.706949349574117,1.7003985001156334,1.7036317755556925,0.759923733176865,-0.8369344214929334,-0.03805321256280603,1.7069767927499873,1.7022019257773269,1.7022986686358597,2.6202306507257567,2.6279695549858832,2.6246980593271085,2.591143249636632,2.053481204249479,0.0007056470697236259,0.21869675327859844,0.08529497533896904,0.08560525101145838,0.08540015295461918,0.21620334799492646,0.21561113851363903,0.2162163071095463
20.0,90.0,20.0,0.0,2.1172179192400247,2.1127189709189764,2.114703978510345,-2.719691496089849,-2.800757205654645,-2.7710849834572824,2.114624141419092,2.1150993758368144,2.114495190424939,8.703247088992129,8.700931234722464,8.69957901328118,8.664330145306034,-0.5808374795878067,-0.029265224542344405,0.5326001715657989,0.16702114864573406,0.16701241880975118,0.16706906092442483,0.267773509547776,0.2677473965916245,0.26769146158580437
50.0,0.0,40.0,120.0,1.079990870503278,0.9718117692456284,1.0512544312240957,1.2397355430825512,0.9676449834559344,1.1667268276806795,1.053180616586378,1.0526205149204564,1.05421427022765,10.926977082962415,10.930192267120928,10.927498010991656,10.924984300594875,1.715433012143378,0.19792668091423987,0.05841920047224832,0.129742921046213,0.12980145432294318,0.12972207735286848,0.13353706436810106,0.13366972986790493,0.1337344989197936
50.0,20.0,90.0,0.0,0.997443645304358,0.994005255421035,0.9955929285737029,-1.306349087044763,-1.3088510357308536,-1.307551709006861,0.9949358916506518,0.9962824007714909,0.99588808223484,25.224905940540925,25.212958667502498,25.21756044759141,25.17252322605241,-0.46596359761106027,0.41291126484611784,0.17803388143130686,0.2985998637655804,0.29877337400632936,0.2988198873572222,0.12579169101060417,0.12591430885313032,0.12575157509963564
20.0,90.0,30.0,0.0,2.12072511084362,2.11465310497504,2.1178546007174006,-2.698725540508511,-2.7374705642928805,-2.724079627013029,2.1175429716630934,2.1185040122816634,2.1176870213003576,11.473729893967544,11.473262949661825,11.466321587438424,11.429179714938925,-0.5540159041221481,-0.030556828040591115,0.6347699612253658,0.1985705209833572,0.1986463725008313,0.19844087908414876,0.26798336757652574,0.26800666826983444,0.2678850081595701
0.0,20.0,120.0,-60.0,0.3612095692422472,0.3458867556904457,0.35338793633516546,2.690940003081297,2.602173740717429,2.6632669450574515,0.3570740569758465,0.3545692787866754,0.3574538851638614,33.63117275064074,33.64168221507681,33.63842548449944,33.51759368763649,-1.5701586055175107,0.010512666824423788,0.19999991827011004,0.39400315918857404,0.3942987859706228,0.3942699199044289,0.04276022716840936,0.0428215877208286,0.043136867597111446
100.0,0.0,40.0,-30.0,2.105655417782936,2.094604357731078,2.0993873332921043,-0.7508151445764498,-0.7869508964025405,-0.7630459205122628,2.09965434585446,2.100029686915481,2.0984152927400417,8.989373797920766,8.991574796592177,8.987978443992267,8.985695018698543,-0.800067782631003,0.2770626224976187,0.04178140431898905,0.08814989688695658,0.08820396934740597,0.08799059838241038,0.2668106254302577,0.26665556874208124,0.26659920578099316
20.0,0.0,60.0,30.0,0.4140766780401195,0.4004675322282842,0.4083888047561416,-0.8114649194825733,-0.8608493840536319,-0.833132763704719,0.4083254074245481,0.40973706771234286,0.40815594367755853,16.71412509914577,16.712096953993658,16.710997151580177,16.695233907884184,0.03514304557751986,0.11113833592463503,0.04537347328353201,0.19510139210627647,0.19518695935820118,0.19525922679233068,0.05156152726146395,0.0515384918556864,0.05137125690331443
50.0,50.0,120.0,120.0,1.1993734849329818,1.1426232365903422,1.160944212660013,0.4044216261628066,0.3635572428261324,0.3766037722504737,1.1612886321868436,1.1594121343749493,1.161838059040907,34.26262644604013,34.27505128068611,34.27828143010298,34.099372495875635,1.6109254925034553,0.5220357395900469,0.5013298976586372,0.41574346582305366,0.41584922978099964,0.4156609875019339,0.14575279311801603,0.1458483439240281,0.14608731530462823
90.0,20.0,40.0,-60.0,2.0580120388915706,2.0164250353053204,2.030687785785808,-1.5043629363309718,-1.5958473160063258,-1.5639955107533627,2.0302007318680784,2.03011554698513,2.0298468824715794,9.832551287982607,9.836645981475868,9.83378196236587,9.818249276963126,-1.297791477172775,0.33374007828607083,0.11262038596832233,0.11481199652189059,0.11483348007758547,0.1147381927760017,0.25777570445418185,0.25772688220255807,0.25773237256777876
0.0,50.0,90.0,120.0,0.2598072549682209,0.2438896433915557,0.25688529915048847,1.7702614988614211,1.7081042680286602,1.7250697689341974,0.25769403869158747,0.25592461972019015,0.25941257618403357,24.525269415798547,24.530295486078955,24.533279223444417,24.4996301230377,1.583159680563972,0.08590840270272694,-0.06927820091593691,0.27421299261300186,0.27413447645129246,0.2741972469485706,0.033515880040226466,0.03373616663610645,0.033945343622026426
50.0,50.0,60.0,-30.0,1.4015538983744544,1.3944383230272714,1.396490708671548,-2.1888728875907937,-2.2021779921460483,-2.1985160811186213,1.3970083943675642,1.3951891641249414,1.3971208809144282,17.851104245648983,17.84697971514944,17.847989455292527,17.817830800684984,-0.9515335547517677,0.3235736809619128,0.37681210708859103,0.23512284790731788,0.23522699106303538,0.23529737330046505,0.1763020509724842,0.17631891902311964,0.17655591145241467
0.0,20.0,110.0,0.0,0.3896230915611808,0.3732187789579522,0.37952684488475635,-2.5490634663764986,-2.5907265980491103,-2.567100158184965,0.382400885530522,0.3818136974594643,0.3787766373931967,30.928631894001434,30.925211259670387,30.911720548534927,30.808082355318255,-0.5227156851433525,0.01115675395372237,0.20001310433491915,0.36407498856919407,0.36397308066312256,0.36378527394747073,0.04657517185373491,0.046139189735934456,0.0462254656602347
50.0,50.0,30.0,120.0,1.5887228058773513,1.4915449596085693,1.5567979206667624,0.6687333569616196,0.199970123004227,0.5263250872493498,1.5596275356291833,1.5563013057177484,1.559763565246064,9.63364018650816,9.641258678331916,9.637445137449903,9.63085655611632,1.783243691129675,0.19080759844116624,0.29105306184962854,0.14782153049773689,0.1479741859845626,0.14787173297671016,0.19717463870241417,0.19719516337490356,0.19761167554390646
0.0,90.0,60.0,-30.0,2.136632104057571,2.121746579604407,2.1282783992690315,3.1236940149872097,3.095511545207944,3.1057072405888504,2.1289157400478325,2.128255768120124,2.127414653896696,19.786016788202904,19.78995567432961,19.787614222505105,19.701325958598026,-1.0535142087350349,-0.02007229994628037,0.9419602909436982,0.29384023694005046,0.29393834001771557,0.29392863728691365,0.26884096495448256,0.2686443066001248,0.26873430529216236
90.0,0.0,120.0,60.0,1.7087927281736432,1.6691452662320374,1.6812712335029667,0.2174038878646674,0.195648179776665,0.20966157751126782,1.6790067528657997,1.6831146927823828,1.681939780918294,32.67419553729968,32.665203306571435,32.674375420549744,32.55894875280127,0.599915213577236,0.9412444549777449,0.0032853033572206734,0.36845486883064194,0.36837204991243455,0.3686716717934653,0.21355360618149102,0.21389836085938646,0.2133931759275879
0.0,20.0,120.0,0.0,0.3600869373021166,0.3459531920143612,0.35306287558805294,-2.571756418969162,-2.6070712631209854,-2.5864634985873334,0.3536834055869455,0.357688868065304,0.35664912605479776,33.64368199607548,33.63826974025006,33.633332347847855,33.51765176642669,-0.5231894768710917,0.007975995850125657,0.1999537082958769,0.39429619110587333,0.39443070565424476,0.39411538409634045,0.042794949847210176,0.04315358167209244,0.042650780461101226
20.0,50.0,100.0,-60.0,1.013853699523381,0.9896778682690134,1.0041727784079808,3.0682897047834885,3.043341504727245,3.057296856517671,1.0060655340862346,1.0049733206856029,1.004441530248146,28.997854987451543,29.007355512876096,29.001610830317606,28.867717214359512,-1.5485717425355303,0.204671064659935,0.499106093921871,0.3597280669282882,0.3596847589228977,0.35938909568616506,0.12584163540187662,0.12566363269488534,0.125767325991976
50.0,0.0,20.0,-60.0,1.2890125711072626,1.1624982324800732,1.2258802738868948,-1.119728406105666,-1.280940475231416,-1.2084525572030722,1.2675908818441404,1.265562566031441,1.2675426367972298,4.472829895182204,4.45911105711884,4.474544372378437,4.240302599705148,-1.2895184520670324,0.07444077678251938,0.0363197231729089,0.05838804617840668,0.05789008543377431,0.05811674315438108,0.16078740461653906,0.16079495001641517,0.16105091706436658
20.0,0.0,120.0,30.0,0.3867749681460351,0.3443261639260858,0.36367489983666024,-0.4771003703471698,-0.5710673012531685,-0.5231542949491197,0.3683834512615474,0.3665806950343358,0.3666530387983041,33.109750701822584,33.09796717428262,33.10213008677492,32.99175455469738,0.01663886017375441,0.20903314208502738,-6.739839150956622e-05,0.3771240901272294,0.37706827039397345,0.3768242374438181,0.046617514935779404,0.046400630118286414,0.046633665885614815
20.0,50.0,0.0,0.0,1.4840114562608029,1.4727661967947274,1.4781150085167976,-1.28722152857054,-1.902688842553763,-1.5929305303941532,1.4759017299788832,1.478909397725784,1.4794714761205077,2.271873543609965,2.2657513829221596,2.2716878580280446,2.2386465097123334,0.4986240551899614,0.0005622068842956419,0.16391076488812528,0.07406753931937497,0.07388974026821138,0.07406931438729915,0.1872139487825317,0.187666465565286,0.1872898034974288
90.0,20.0,60.0,0.0,1.815950910367618,1.807888536470232,1.8137011186713756,-0.8880442139046675,-0.9005258091657828,-0.8911307114477744,1.8142789398601622,1.8135970425179841,1.8138149832725734,16.32945272804699,16.331115896403837,16.323234080344974,16.30322153060328,-0.35687218372779267,0.5123837749800436,0.16401335360178976,0.19550688839317795,0.19558596535195624,0.19559954526574375,0.23013841117037295,0.23008789610867914,0.2301714448725836
50.0,0.0,40.0,0.0,1.085335023749158,1.0693489838660282,1.080302438791359,-0.8474621930379337,-0.8838068991342068,-0.8586049915748378,1.0805104329441526,1.0808247802733872,1.0803513052066758,10.827576144392156,10.827046845991068,10.824407326644753,10.81612104506429,-0.37480039963306966,0.20208200296832887,0.0480238304220603,0.12682373689415946,0.12690049586498336,0.12685579497522576,0.1371689895944421,0.13714919105321205,0.1371107544355347
50.0,0.0,100.0,-60.0,1.0734034620908983,1.0575853616227082,1.067078573603138,-1.9301330864107384,-1.9409714674321448,-1.9366498988822816,1.0664510297805234,1.0678083770190798,1.067363342242177,27.323686698175404,27.33616709162756,27.332799129724258,27.286965070591293,-1.51246309000899,0.5025332355116031,-0.0009459110596177683,0.3097308459056989,0.30971858985151607,0.30975846872293206,0.13559139191287384,0.13569803078874274,0.1355308132222441
20.0,20.0,60.0,60.0,0.645055539427794,0.6335004380602008,0.6420210273587308,-0.8684411438604925,-0.9250303405284998,-0.8879966016672354,0.6426485144110737,0.6423612078094683,0.6418734280280903,17.291471828643004,17.2784828699004,17.283122594772415,17.258830866604573,0.5589072662999864,0.11575685794016137,0.16997486629064268,0.21374251126483088,0.2135497121795283,0.21374625212766188,0.08064527802902188,0.08054450971124051,0.08056794716689888
100.0,0.0,20.0,30.0,2.2585513485760464,2.0019603176884737,2.100497804708099,2.1024813957603468,0.5400325359803533,1.230389170909004,2.096922946242194,2.1018943213997034,2.1038620586664054,3.0253583438799456,3.0492166649712873,3.0500888889334568,2.893357057363373,-0.1478764682697439,-0.027263814322163737,0.15163870342001684,0.05651755834357514,0.05643671130906506,0.056713254013970545,0.2662943830357128,0.2671738620647223,0.26655162196693616
50.0,0.0,80.0,120.0,0.9303260285945664,0.9085063778526782,0.92524781568566,1.117729242938348,1.0877714053556775,1.1078005737228882,0.924977141788915,0.926566314809459,0.9253848177417224,21.97590007656071,21.97985775873419,21.98061281437038,21.956065560917132,1.6343304689795943,0.3519342535022948,0.03866455494189733,0.2517696874125684,0.25192588076232414,0.25193719166231066,0.11748086202968042,0.11752120857382302,0.11733973552368947
0.0,50.0,50.0,60.0,1.1031244811351846,1.0975270456374695,1.099572011533227,-1.5805476262288352,-1.6028310818097673,-1.5892654012839118,1.1000124928805703,1.0988099819104933,1.100175453200386,15.439787618562827,15.438104829146456,15.445568074923672,15.407696880381646,0.5213197522582825,-0.004486301538215282,0.3489447825461487,0.21094532439260294,0.2108416879276065,0.21093722926492686,0.13842837703495442,0.13844571984922802,0.13859782158603282
20.0,0.0,40.0,30.0,0.4729193885048392,0.4482989598968266,0.4631883364292364,-0.8622418849373052,-0.9678981205245998,-0.8997561955092372,0.46531002950251893,0.46276285312649873,0.46379015595497597,11.292071312349075,11.283897496431045,11.286529375059349,11.27520131707319,0.057657267850997077,0.0819389243937881,0.04722380149870485,0.13576984188675875,0.13566751852114217,0.13567410245977699,0.058567915523027356,0.05838018100172659,0.05871444915496883
20.0,90.0,110.0,30.0,1.4898453257084538,1.4684922035175485,1.4795982530454679,-1.8127435803048253,-1.8375513907635463,-1.8301484813221875,1.4793533216835755,1.480395140053011,1.4808997994422197,32.59385772022195,32.57405241923456,32.57386581552247,32.392288655586725,0.01777584769995027,0.20484511327762178,0.9004074545928198,0.41702059839676653,0.41744587140965017,0.41721415923854765,0.18563318145933103,0.18585476971486936,0.18574257766163596
0.0,100.0,40.0,-30.0,2.124578164799752,2.1180835595224754,2.1218516271289434,3.127795685117293,3.076369451741624,3.09057669553682,2.122057426179235,2.1229279875389753,2.120629531353637,14.241625688406875,14.248450318421817,14.244180525721417,14.193466221825657,-1.0593417883365956,-0.018956643465724964,0.7380037550111691,0.23012024215344282,0.2303835346820725,0.23017499495766944,0.26841122764366765,0.26822696764405485,0.2681398379821335
90.0,20.0,120.0,30.0,1.606077848559165,1.58228422659801,1.5889772337955217,-0.5432319871838986,-0.5545677812587637,-0.5481703458466894,1.5901911469287577,1.5897754516385962,1.5882589449471523,33.273298439395674,33.26641679551954,33.26742745610227,33.13746481443616,0.07234530264402758,0.9093072464795454,0.20172192114194482,0.38725710496545906,0.3872026471332879,0.38742388878708367,0.20157434406339694,0.20134838172065367,0.20141877749034412
20.0,90.0,70.0,-60.0,2.1350848476144497,2.0938752841753496,2.1203877252833854,-2.7096941283173424,-2.7789606038105004,-2.724293579826823,2.120054606515044,2.1199981755509305,2.120411557211733,21.36886727101145,21.373747047083064,21.377349862890288,21.2902722875586,-1.4493075359731575,0.5721721089301371,0.7486999939188408,0.2941884072426661,0.29456266845657697,0.29435323457133356,0.26804571751265066,0.2680982583176872,0.26810307480825807
50.0,50.0,10.0,-60.0,1.8052526859319369,1.7600227207100467,1.7836244310143405,-0.6445117933317789,-1.4225633865939582,-1.0592998211960207,1.7822238400326005,1.7875533830906742,1.7834257740307156,1.5605208887588344,1.5532813597333115,1.5648916780719715,1.4409698187515625,-0.30060195111783466,0.043832646749136665,0.16830380854891913,0.06493142424436639,0.0648248361066247,0.06516172197621939,0.2264949458144478,0.22664499682052627,0.2259686779468224
20.0,0.0,20.0,-30.0,0.5569550684397829,0.5375069355394612,0.5489374447352549,-1.718636131657389,-1.8637038232170653,-1.780463778479665,0.5493689560722763,0.5491381611873034,0.5493875320702674,5.74339695189525,5.741045112964031,5.738408635810087,5.731535459036764,-0.9054069369583778,0.051336352602296506,0.033123662271577446,0.07385378994954982,0.07381996594156194,0.0739620865510791,0.06952631077234508,0.06951987263896163,0.0695638516374223
0.0,100.0,0.0,-30.0,2.1148113772935075,2.1017105374740352,2.1078021598788426,-2.725877244670297,-3.0167047620638017,-2.86655790257103,2.1076091975899507,2.108215988740014,2.1077744120292685,3.2074953374677917,3.2060574801060175,3.205685694337885,3.1786755554112838,-0.7750061153636085,0.0010539038087939844,0.33219992660059056,0.10443990114553219,0.10440381106380932,0.10446695402665516,0.2672493577376459,0.2672657536022251,0.26719436376855144
0.0,90.0,80.0,-30.0,1.7762091360549663,1.7590490371646972,1.767467228885695,3.1415896989881342,-3.141591515675999,-2.4380015431451842,1.767385355218954,1.7667377167068552,1.7698017667017192,24.79341738896482,24.798316580588423,24.800231706751656,24.65471309125557,-1.0464339196069932,0.009508621301509484,0.8993076669277613,0.33873868094895465,0.3387445973894132,0.3389509645191072,0.22246150632902378,0.22275309578291544,0.2228276150769463
100.0,0.0,90.0,0.0,1.7942381892749089,1.7917182105110547,1.793194915189526,-0.7712107753170967,-0.7749408973989296,-0.772637073106428,1.7935734686092928,1.7941840610049877,1.7921271267064345,24.200233958002837,24.187476523760775,24.183467339796806,24.15537274660449,-0.4154755523885248,0.7404892115091882,0.028127026249321934,0.2721377679349119,0.2720975402966822,0.27188601455115624,0.2279580683338183,0.22775318204529343,0.22769631345667557
50.0,20.0,120.0,30.0,0.9432547908503236,0.9183137347808112,0.9262996547522994,-0.7964441753061919,-0.8129863681136957,-0.8051696610351785,0.9291500298564023,0.9274777542194211,0.9252244740198445,33.54065227671284,33.53040056181846,33.52780888601969,33.403748064661904,0.040128984682946164,0.5100596645513809,0.20078157628213886,0.392711000596152,0.392213664761314,0.3922851979865456,0.11720925282815424,0.1166883750480782,0.11691051712879656
90.0,20.0,70.0,30.0,1.728531052112669,1.7190128776021425,1.7258271413993236,-0.4212250647591242,-0.4343971462102926,-0.42402790420449604,1.7264055803617142,1.726402308618578,1.7251708874680893,19.196077877820354,19.187308394724926,19.191375212726697,19.167967015911824,0.13566399804066273,0.5729391952009909,0.16312312559820952,0.22743822768613406,0.22736227502096448,0.22747311039729987,0.21905787466709614,0.2188980967386088,0.21890564444591476
90.0,20.0,40.0,0.0,1.99954911500598,1.9546766828030184,1.984665926657466,-0.5673306739087476,-0.6681439352756374,-0.5999800322533383,1.9855763871383552,1.9860881578522696,1.9845556476417554,10.083233340363648,10.084602635193773,10.081244667762952,10.079126039779238,-0.2518005392467206,0.3413090883797859,0.13193665019241876,0.12145401146182744,0.12142199477736323,0.12146081124112758,0.2521377917907644,0.25200855449418225,0.2519418665108133
20.0,0.0,10.0,60.0,0.603443039712667,0.4583278558804964,0.5279760204493111,-0.2004124106009744,-1.0931831145823452,-0.6305209841469246,0.5827450511142542,0.5837633956683872,0.5847995362468386,3.5145366903819815,3.5094917454172236,3.485855543278544,3.28152428263259,0.7186868467812729,0.02011650739547806,0.04461508828096181,0.06254516689660988,0.06232524467060384,0.06232344602250761,0.0737636498255398,0.07399901095574754,0.0738359422432232
0.0,20.0,90.0,60.0,0.1441768624457848,0.1257154720439971,0.13776641447402158,0.1916465990877413,0.0146654504341804,0.08238680601481152,0.13994385055348302,0.13748804109505258,0.1410872428038098,24.77103744512304,24.74681626655581,24.76883615890813,24.72374711631529,0.5319630453734818,0.059127499182632486,-0.009035407419231601,0.282121447054098,0.2818293484792432,0.2819543107927178,0.0176932893354061,0.01789184851960205,0.018166716662434378
0.0,100.0,0.0,30.0,2.1148113772935075,2.1017105374740352,2.1078021598788426,-2.725877244670297,-3.0167047620638017,-2.86655790257103,2.1076091975899507,2.108215988740014,2.1077744120292685,3.2074953374677917,3.2060574801060175,3.205685694337885,3.1786755554112838,-0.7750061153636085,0.0010539038087939844,0.33219992660059056,0.10443990114553219,0.10440381106380932,0.10446695402665516,0.2672493577376459,0.2672657536022251,0.26719436376855144
0.0,20.0,20.0,120.0,0.8715455867167752,0.6220107541547129,0.746630716384779,-0.548657539488147,-1.2513412327992708,-0.7990401618942187,0.7485532976299873,0.7526251718434379,0.7497616051185498,6.6516209966345565,6.661371034739141,6.653622911542155,6.586970925634858,1.523327947384371,-0.019736376167086015,0.10770335662664385,0.09963770162845469,0.09971361869975626,0.09998493447046275,0.0948140112584469,0.09499483102505496,0.0944804525844093
0.0,20.0,110.0,-30.0,0.3913283848614438,0.3700489442759458,0.3793319807804833,3.1408809469871373,-3.141477360966028,-2.8567937380992454,0.38194039223878806,0.3792588525594298,0.38167150846149756,30.922800446553232,30.92784433460208,30.927201677320436,30.808366084289553,-1.0466879636580604,0.007075660544517514,0.20006249881770108,0.36399063454567815,0.36406051491689334,0.36413150884177675,0.04621943436980009,0.04618266664913542,0.04650649557196255
0.0,50.0,90.0,0.0,1.0128609093266796,1.0020868456279803,1.006980414698086,-2.597911251536153,-2.6254067903913096,-2.6101641008507,1.0062493207589707,1.0062047160212244,1.0088556381714697,26.367697493025965,26.363972831498486,26.355688326341593,26.257969378849282,-0.5233345475524732,0.0043392955240408974,0.4999761723736283,0.3324179602504248,0.33246556787944415,0.3325115188611832,0.12585427540391939,0.12617758782590024,0.1261911635588234
50.0,0.0,10.0,-60.0,1.382884318601777,1.1050609820331785,1.2441131923968674,0.4631886748712195,-0.7563845525692647,-0.2209883194763391,1.2864282091284631,1.2795768684589552,1.278350873239564,2.027779494902879,1.9508056964695921,2.00522214920741,1.2819889417745136,-1.9505078700170344,-0.015350478869127498,0.07508510729527745,0.0536424399383655,0.05352176824347166,0.0538535097518809,0.16301109004304937,0.16200378644079913,0.16290768876502854
50.0,50.0,0.0,0.0,1.706949349574117,1.7003985001156334,1.7036317755556925,0.759923733176865,-0.8369344214929334,-0.03805321256280603,1.7069767927499873,1.7022019257773269,1.7022986686358597,2.6202306507257567,2.6279695549858832,2.6246980593271085,2.591143249636632,2.053481204249479,0.0007056470697236259,0.21869675327859844,0.08529497533896904,0.08560525101145838,0.08540015295461918,0.21620334799492646,0.21561113851363903,0.2162163071095463
90.0,0.0,0.0,30.0,1.898914120178604,1.892189458283237,1.8954210072259627,3.13839474870168,-3.139742724211459,0.6611013387522473,1.8960825175746827,1.8961291984511066,1.8961492750846056,2.941786351929215,2.9406610104924855,2.940664313836636,2.9003154572021472,-1.5862433580242545,0.0008833001585143343,0.2726302107907991,0.09558949341936883,0.09560429351537485,0.09558912133430428,0.24036467690286584,0.24037189163227532,0.24035998614333642
20.0,20.0,90.0,-60.0,0.6388969720491763,0.6201846817975589,0.6257172664904652,-2.791295207971197,-2.8244319284820985,-2.8129916037163576,0.6258066758851552,0.6257538927127845,0.6260471477719584,25.415884005645257,25.41853786060103,25.423313379914443,25.372629172315392,-1.5428602252470318,0.2025133071933836,0.19950217125777012,0.30345923431237876,0.3036564146595613,0.3034614276741962,0.07824140809615986,0.07827667035785157,0.07828272448027147
90.0,20.0,60.0,-60.0,1.85231092787528,1.8263671176515592,1.8321537939089123,-1.9019236565672304,-1.9416873675789608,-1.9328443979805603,1.8315500734784986,1.832112593753168,1.8318029499280208,16.31082080987632,16.314521799470405,16.31822817162947,16.288138738743417,-1.4023949025398779,0.5171925694922168,0.16496557599116013,0.19543093380022455,0.19539806835182483,0.19550021815912533,0.23241304659295794,0.2324444416621074,0.23237756649320582
100.0,0.0,0.0,-30.0,2.070568843698621,2.067088701034167,2.0688008936597893,3.1365936261170297,-3.140762317001184,0.22751467709115542,2.06809549464693,2.0698905218859442,2.070645032923972,3.199924975510583,3.197773866821724,3.1949336003069115,3.1693337126271413,-1.3028168315014999,0.0010220812728871577,0.32527986268045594,0.10423391996234135,0.10425763202371838,0.10413409668858022,0.262217245723511,0.2625514180236366,0.26231973482545584
20.0,0.0,10.0,30.0,0.6199142881023599,0.4679505207542774,0.54132664297327,-0.608432687283352,-1.2491218005685634,-0.9267032171101008,0.6061551443372875,0.6065138303156169,0.608267082242443,3.428862355624912,3.4351658514381502,3.442825587922932,3.1648398207639654,0.2382095286203555,0.02372695086526985,0.04338656773527082,0.06173107710825951,0.06141174522909759,0.06204833071148153,0.0766818177033115,0.07688680173713319,0.07687746442570587
50.0,20.0,100.0,-60.0,1.0997560371288972,1.062690765320288,1.0842618088958333,-2.3138301652665314,-2.3331187040704022,-2.3243881106672335,1.0844276752486894,1.0835758874324493,1.0853900104962726,27.987555064155952,27.994268252982298,27.99764620119957,27.910723257979676,-1.5137634106315738,0.5035417892055336,0.19837355249032088,0.33024506753705113,0.33045099573637143,0.33048219328863254,0.1370309582926156,0.13715738814335537,0.13726214586813132
50.0,50.0,80.0,-60.0,1.296302707227077,1.2873205691277485,1.290619587064204,-2.759659092899623,-2.7742176290506118,-2.7703376612922317,1.2903422929469703,1.2893251417769962,1.2921480377509111,23.313744950677197,23.318322606371986,23.321465644338694,23.262287694945062,-1.5055989070172027,0.3844831989998818,0.42663489108876657,0.29527407338338085,0.295086099548532,0.2954448910427271,0.16252063266902925,0.16274216432143454,0.16286937220433095
50.0,20.0,120.0,-60.0,0.9267362828258636,0.8931192501213029,0.9169106453068184,-2.36853623928478,-2.383945563630647,-2.3771819249932853,0.9204623217352607,0.9183451923163698,0.9168665694753787,33.523015656104675,33.53435762369952,33.528696989440554,33.401166688742464,-1.5310873752003247,0.5043839233397878,0.19836377155831306,0.39251712406240546,0.392262943504706,0.3921168459127554,0.11605671100443363,0.1155839771134323,0.11584711255298419
50.0,20.0,60.0,60.0,1.0755723664897878,1.0565701547997572,1.071856906262998,-0.2687775190194841,-0.3050096926823363,-0.2763294863372904,1.0730166066610252,1.0722889570620608,1.071368065848601,17.039082351698333,17.035182031261407,17.03687118853712,17.011805140434333,0.6151428059411939,0.29464908128055517,0.16686399776749022,0.20896669945800864,0.20879792954953144,0.20882197667997304,0.13574361659944434,0.13554279455523868,0.13563072530925124
20.0,50.0,10.0,30.0,1.4196796289340283,1.399615567136544,1.4108424601777811,-1.413688732147539,-1.7893860505202772,-1.5752253092206934,1.4099968809889913,1.411942526034519,1.4116658877369288,4.739062452305576,4.735276309821269,4.735748299048896,4.717479582463233,0.22485819404409352,0.033229392103188725,0.20687412569266053,0.09881877864666545,0.09870009774637106,0.09872880022726928,0.17869659671800547,0.1789111090200882,0.1786667447897706
90.0,20.0,100.0,120.0,1.921293481057028,1.86109303867664,1.8979733223002118,1.1194540199508072,1.1027278941417136,1.1131559322872413,1.8984139340904873,1.8982950650101318,1.8986032318730555,27.528511972070152,27.545604138504633,27.536300447791398,27.456694382394318,1.6750534822593064,0.902449113063933,0.20386724617571655,0.32190610965065325,0.3220174063471198,0.32178545378986617,0.2408502147526012,0.24087773305743662,0.2408815496764758
90.0,0.0,70.0,0.0,1.7528159418347489,1.7482019324424416,1.7514124062279675,-0.7244495909001395,-0.730400158427291,-0.7263734770369635,1.751057201829782,1.7516328548880784,1.7519549837101145,18.61458797307628,18.616381556364058,18.60520470103737,18.587851571403874,-0.3880957231379207,0.5544509101897422,0.043380366124579184,0.20912112288803383,0.2090344149825861,0.2089851972356763,0.2224174037458757,0.22252384606158107,0.22244481431915195
100.0,0.0,50.0,30.0,2.094456121523784,2.045311115667789,2.080397366730331,0.0874937521451313,0.002264928126669,0.06435230547256689,2.082061493170411,2.0804831359866434,2.0810280229722027,12.30073264027423,12.292479473256938,12.298039362208161,12.294061537411949,0.21467822584079835,0.41270610068989805,0.049838827828369875,0.13144129274856375,0.13135872179070618,0.13156372342990555,0.26438329007319183,0.26425272448440196,0.26445955799324256
0.0,20.0,90.0,0.0,0.4500374172036328,0.443886520055544,0.4469241526375987,-2.581081813717136,-2.6093409792472686,-2.5955889021963197,0.44667795687724704,0.44928511768202545,0.446370248708359,25.473441169854738,25.470806389447343,25.447773368240135,25.414484944719455,-0.5230896852666083,0.004910176680692588,0.19996492265951835,0.30460126576649965,0.3045522331045043,0.304177962812637,0.05521035104162863,0.05519367291713044,0.0548570122099245
20.0,0.0,80.0,120.0,0.3778243649090411,0.3572005398544025,0.37243889619195797,0.8491719873378835,0.7968013354641469,0.8266219022585234,0.3724080394153152,0.3745557072770013,0.3724332673039872,22.1419990502728,22.144894707246934,22.155143882951553,22.123894620961398,1.5955622424336213,0.1385172462216454,0.036887632655420464,0.255125789712889,0.25503657226485804,0.25521797318876915,0.0471059944438962,0.04706807810416475,0.0468379252922438
20.0,50.0,20.0,0.0,1.357873455556741,1.344703770892408,1.3517487590675086,-2.0234808615800493,-2.095594789542761,-2.053267577893169,1.3504416189523945,1.3526309625864965,1.3528714998201645,7.3215554338067905,7.318160887673806,7.322917000848694,7.307549802282385,-0.3742275160368412,0.06914691212849088,0.24470270261136992,0.12456565329969753,0.12458248658403298,0.12452698378153913,0.17097462263447866,0.1712875278701442,0.17101462292583536
90.0,20.0,120.0,120.0,1.6230652438230009,1.57384275189233,1.5878261185063172,1.0247670472355686,1.0129959168411458,1.0198453180737783,1.5885826307092656,1.587327379131692,1.5877078969716507,33.264593707647904,33.281173249434964,33.277109544353486,33.14376815493761,1.6430743550071205,0.9088023074707691,0.20397348765349552,0.3873267143237643,0.3875592676266444,0.38763764956468155,0.20124859756794292,0.2011626332286977,0.20133793186632204
20.0,0.0,120.0,-60.0,0.3820547399252508,0.3216768942201085,0.35392039720399865,-2.0027461291164816,-2.188033554578645,-2.087760020352863,0.3727190997993192,0.3740876644220542,0.3738170796730437,33.095543108908736,33.109517691299885,33.11027180254189,32.98903949884282,-1.5546246646905684,0.2030165592017515,-0.0004224903582230379,0.37715697461874764,0.37733510346312554,0.37717768313571814,0.047340137595477956,0.047488344352776456,0.047270621080996354
20.0,0.0,70.0,-60.0,0.417002571191769,0.4034496710885324,0.40656911401140156,-2.341908398775393,-2.3850782765514857,-2.370443241964805,0.40572863723934477,0.4071931082597889,0.4069684453541799,19.444994797420417,19.44287309839131,19.453058535745175,19.421644852510997,-1.5404362806894636,0.13063026856641685,0.04570492357795376,0.2255712020191462,0.22574644782891634,0.2255556984145667,0.05118807635489274,0.05134256975400968,0.05114619998258983
0.0,90.0,50.0,60.0,2.129414692770838,2.1222105841260506,2.125200243364344,-1.5927558378615962,-1.6153250418039249,-1.5988094535143023,2.1249286597494876,2.1250595121394986,2.125745732420431,17.005363709565895,17.00901343385309,17.004988748831288,16.965555173819357,0.517947969006977,-0.013218509696002743,0.8375436110179532,0.2611533379234967,0.2610370538716586,0.2610473259527263,0.26843763189582237,0.2685647774189129,0.2685433639316659
20.0,90.0,50.0,-30.0,2.1295672566711827,2.121615030748243,2.125268727824365,3.093733025697024,3.0606722412159044,3.071675284524025,2.1255210991630085,2.1252137132100293,2.1253943863100297,17.002003548716566,17.013794921708215,17.006375083486734,16.943950664785692,-1.0609663835042402,-0.03376316681920276,0.8392811618733118,0.26184302754148675,0.26217171060942107,0.2620124939634768,0.26850948114701495,0.26850634586305466,0.2685566998777665
0.0,20.0,90.0,30.0,0.3128098993810229,0.305210895563523,0.30927675833484686,-1.880843434885513,-1.9688412093041083,-1.9183117996579298,0.31043310547837755,0.31076620429339996,0.30910131629811616,25.23384539074513,25.225023371433057,25.225040150233053,25.19980113718829,0.0032355513665040855,0.023690790117205776,0.1314408663817809,0.29711025801098473,0.29688671779814835,0.29698162602851436,0.03779328947879479,0.037607801388285546,0.037582409179524934
90.0,20.0,0.0,0.0,1.95242467205409,1.944867383071731,1.94826158485913,3.139970491446401,-3.1378317446585475,1.0911664197604267,1.9481654672828383,1.9491689054629042,1.949539341216003,3.0253757610793492,3.0209352439996167,3.0279409951466367,2.9803178366824117,-1.2896359676687374,0.0009384571868202221,0.2879551585067652,0.09808919527456259,0.09805956323209128,0.09823278080850228,0.246989293288842,0.2471656392469145,0.24702789198354097
0.0,20.0,110.0,30.0,0.3873521350157684,0.3653957890495363,0.37896282296937533,-1.9083598722010784,-2.0542013989752697,-2.0173573173678996,0.3799332328104845,0.3815672670818694,0.38027826939509574,30.923772597202053,30.919280622281885,30.918436476398256,30.805704807892678,0.0013747590192151658,0.016703978251764926,0.19913300073020904,0.3637884156111452,0.36392603857119926,0.3638164715436844,0.04630754157651362,0.0463271176294217,0.0461328519109226
20.0,90.0,50.0,60.0,2.129287064145976,2.121879639501412,2.125179805489274,-1.6153505806143178,-1.637500628833363,-1.6210150820594968,2.124015991439598,2.1257930003612864,2.125589544272983,17.034154817662635,17.019163553602088,17.01634673340295,16.9646456249902,0.5137599076266871,-0.02442664734836984,0.8366407200146451,0.26109325335118566,0.26093640574873905,0.26083073800520057,0.26842891676102565,0.2686671225705492,0.26840063542827214
50.0,50.0,50.0,60.0,1.4379959264383595,1.4135572478626957,1.4321437860450414,-0.5680433074229987,-0.6406557816386532,-0.5870643650911417,1.430990850927981,1.4335052945408757,1.4332065459956265,15.084766318998517,15.078655873872979,15.085602954565946,15.055577482387099,0.6432012863986751,0.2839791197206557,0.34007723090698516,0.2046822879238397,0.20470162056471364,0.20492081172776588,0.1810383910094309,0.18130829708263071,0.1809945666105342
0.0,20.0,80.0,60.0,0.356187189189979,0.3478317824216501,0.35326292575456714,-1.2551397790501682,-1.360865564302061,-1.281791599028757,0.3534698936219165,0.3534978022893272,0.3543417145519437,22.538724677540934,22.53728064879539,22.54625950174725,22.5034237758274,0.530330444787304,0.03846973455981906,0.13329683214382584,0.2672175713648935,0.26727719172850506,0.267395184288449,0.04336001001877311,0.04345582992517928,0.0434755592170138
50.0,0.0,80.0,0.0,0.925210448162888,0.9223351205125372,0.9238792610620401,-0.9825709354793732,-0.9927732239562468,-0.986952351830741,0.9249165159695539,0.92346919118252,0.9235100028821857,21.981745754215066,21.9811888318854,21.97683823894026,21.95647835651598,-0.4601628155870403,0.35156286945968285,0.03850540912730765,0.251964796898569,0.25192316332822134,0.25174731359656494,0.11728251216036947,0.11712364872626702,0.1172918565843282
20.0,0.0,100.0,60.0,0.4582332208642373,0.4220837426236257,0.43495163221543814,0.0823405999422271,0.0154338486534756,0.03843394423633818,0.4331182331344362,0.4358432025159281,0.43602787734149073,27.513087720200534,27.508408600254494,27.513650685882226,27.473507077410567,0.547471676504282,0.20746759808154322,-0.0008353767442239487,0.31306189530269,0.31323572761545754,0.3133760383561226,0.0551434831374497,0.05551247669889931,0.05516148532117087
0.0,90.0,30.0,0.0,2.1207019334183155,2.1151486236409154,2.1182626881295,-2.659114007409358,-2.6884158295694287,-2.678596798859937,2.1182000568704487,2.1188004048098272,2.117840321450614,11.485405810208983,11.484855820945949,11.485261893332554,11.439149262730906,-0.5413169411045416,-0.016972135982336593,0.6361230303759963,0.19882144215778838,0.19892868160345875,0.19866111534105496,0.26805693631960475,0.26801019032953705,0.26793845606516403
0.0,100.0,30.0,30.0,2.122088107265992,2.112887951716461,2.1181560583896886,-2.1650379802736057,-2.203590230980535,-2.176051194871158,2.1186158142536855,2.117309376824488,2.118689933411994,11.513457584253597,11.508365458918204,11.516605811292811,11.45483672345842,-0.0233023735158181,-0.02393767059504645,0.6321366783146536,0.1979053188630104,0.19778725859968468,0.19776776629660775,0.26792119015571403,0.26792493839924253,0.2681043723192743
50.0,50.0,50.0,30.0,1.4391942695312818,1.4247603786939358,1.4351889053873013,-1.0952303867967836,-1.1378866057104955,-1.1077739100949684,1.43574435620889,1.4367172895577167,1.4338454161831395,15.084025189313321,15.077149340097248,15.084528224118294,15.053760892725943,0.12010075978430389,0.2853050402835309,0.34022973707869497,0.20479415853386004,0.20481662021380082,0.2047284414340622,0.18167793749490616,0.1814355500605047,0.1813265952394984
90.0,0.0,60.0,60.0,1.81618751723546,1.783631959907596,1.8083546737958076,0.4059803946440287,0.3590925262941243,0.39570307490856493,1.809364820724285,1.8086660087545807,1.8088260874518898,15.662952510558943,15.660517816272064,15.663217590787331,15.654921650239954,0.6854254709635825,0.47706218558406405,0.044809200941646504,0.174365677476754,0.17424802689038665,0.1744084285263391,0.2297710757908719,0.22969772734958485,0.22978875678598115
90.0,20.0,0.0,30.0,1.95242467205409,1.944867383071731,1.94826158485913,3.139970491446401,-3.1378317446585475,1.0911664197604267,1.9481654672828383,1.9491689054629042,1.949539341216003,3.0253757610793492,3.0209352439996167,3.0279409951466367,2.9803178366824117,-1.2896359676687374,0.0009384571868202221,0.2879551585067652,0.09808919527456259,0.09805956323209128,0.09823278080850228,0.246989293288842,0.2471656392469145,0.24702789198354097
90.0,20.0,80.0,120.0,1.6495441510514954,1.6281084833681765,1.6459054318412676,1.202618900590428,1.1772929008948303,1.1983039107587852,1.6467626271593334,1.6459204858586485,1.6462169878706587,21.78322193788021,21.796661576498227,21.790973473681507,21.764215334548975,1.6839113023581147,0.6203479550915802,0.10500631634621646,0.2514960659054929,0.2516804983536091,0.25154349136870974,0.2089394546179936,0.20888646197387375,0.20898464876921138
90.0,0.0,110.0,-30.0,1.7905095541095053,1.744988688545248,1.7746500677296573,-1.3104236004051166,-1.326105252476842,-1.319929130764651,1.775188785709629,1.7743696660533488,1.7752937435459728,29.770589939710987,29.782489214639945,29.764847832127277,29.693489863718632,-0.9596858659842841,0.9014201415130768,-0.001985197828979488,0.3346706180643485,0.3346613597265384,0.33466262241789774,0.22555932810384904,0.22556813513124702,0.22567271805732217
20.0,20.0,80.0,30.0,0.5546485258306632,0.5456134306511088,0.5506866878824254,-1.385795998588068,-1.4098642348375732,-1.3962456135469417,0.5479808798414177,0.551099997576795,0.5540534809118358,22.67908676047528,22.67751381470077,22.680940743077134,22.635675308731066,0.02349874115940203,0.13518823343542066,0.17826063128790462,0.2721307287804873,0.27215499968464824,0.2723928481646913,0.0683585060604187,0.06912022521626848,0.06871571755971854
50.0,20.0,20.0,-30.0,1.341763965485684,1.3128609709256436,1.3283417530890975,-1.211642418984355,-1.3433668364987543,-1.26988555917193,1.3284781586265197,1.3290418054344972,1.3288580070398441,5.271610948860862,5.272550779532398,5.269510898366668,5.271095247739992,-0.6748128229100837,0.12098885211986572,0.09477566362096411,0.07670686711022762,0.07649026648264662,0.07663967607726759,0.16856379022103327,0.16861080525769248,0.16853573899628277
20.0,0.0,120.0,0.0,0.3762975662297497,0.3311450108281488,0.3555383136758262,-0.9556850480717022,-1.1391303305271814,-1.0441315714507406,0.3715054497299601,0.3710430971162731,0.3684898684747778,33.10890990086437,33.10662764081112,33.090377052741935,32.99053125228168,-0.5073439219058412,0.20414140896521943,9.810499782937081e-05,0.37740188995706603,0.3771521590363966,0.3770255073858305,0.04720355845482743,0.04680106866459582,0.04686761536716082
90.0,0.0,20.0,120.0,2.148874067718749,1.8521735281843212,2.0116824352102447,2.8386742193908683,1.386773908539687,2.1471595173462945,2.015518484309224,2.0230684279290885,2.015984251583018,3.4185859913714016,3.412990086515464,3.4109835185109385,3.3150116350278873,1.9124282523335079,0.08215243160587479,0.14888534925142738,0.05985077635149397,0.05973716314607952,0.05987450667898928,0.2564445598472759,0.2565024593317015,0.25553976702708836
50.0,20.0,60.0,0.0,1.0855545495023835,1.0807880680680777,1.0836614988965376,-1.3228952749880882,-1.3333987724919156,-1.327241683325774,1.083853011661954,1.0843569347072468,1.0830824421631144,17.05233682637087,17.051801368232255,17.047080800645137,17.023836879586373,-0.43121744723480976,0.2977585022117621,0.17065950727741483,0.209340834586358,0.20944541433672875,0.209270977933937,0.13718021792619528,0.13708177245831793,0.13703261214310644
100.0,0.0,100.0,-60.0,1.9904060026646653,1.985296700400786,1.9881190385144725,-1.8046409480633585,-1.8063656588546408,-1.8054941893453795,1.9875361690491065,1.9888730109137132,1.988081185302198,26.830363416644072,26.84556077551433,26.84027799523277,26.797242068825504,-1.4631996976452044,0.9086454758237164,0.02109559958739709,0.3007960255442633,0.3009177072896941,0.3008007654466554,0.25260430907306725,0.252664103239738,0.25249687714898206
90.0,20.0,10.0,-60.0,2.112539236613931,1.8409903873248552,1.995845371408824,3.136852001411688,-3.141449264858232,0.7623099204742508,1.9965867178238377,1.9941072711144172,1.998093903904426,4.976387093740597,4.977785125734929,4.983153402826606,4.814288053750694,-1.9088203549517464,-0.032280313929307934,0.34033884742764053,0.11708118774456201,0.11707340463798013,0.1171395902208271,0.25274903836902374,0.2529454059995621,0.2532553403025732
0.0,20.0,0.0,-30.0,0.9128349424902156,0.7580357754803219,0.8377439726201394,-2.4816103365172486,-2.63614946586767,-2.562154691404974,0.8825638481990046,0.8804566205615063,0.8806529519306594,1.888347894868406,1.8891930018133134,1.8845703771028153,1.2737631756238816,-0.472621779342693,0.0005408356636925067,0.06480264503684872,0.057092069415524166,0.05683277672947748,0.056522671059672916,0.11182352006269776,0.11156918424521291,0.11181217347933071
50.0,50.0,60.0,120.0,1.3466726828846685,1.309591279193452,1.3385407007192194,0.5238415083296515,0.4351389136591416,0.5062276303607277,1.3395448233674334,1.339182961015234,1.3387411356238839,17.64664022024499,17.656375474679162,17.64563261069767,17.624311548322638,1.6690458134826087,0.3277134119967432,0.3280552768622838,0.22917270934243755,0.22929850233479762,0.22910350806337915,0.1692658972044389,0.16916081607467273,0.16921120791120353
50.0,50.0,100.0,-30.0,1.3406188661045082,1.320141515285917,1.3337559116447626,-2.194902514148213,-2.2078116457401795,-2.2013675891738935,1.334830103911326,1.3322819565326558,1.3367433101318775,28.86009630904183,28.855495803773483,28.85265057719539,28.72332704045532,-0.9907147395905734,0.5142168283570318,0.49881588522774745,0.35714656105516307,0.357093361572322,0.35706056187048485,0.1678465539448493,0.16809633387658884,0.168407661263712
50.0,0.0,10.0,-30.0,1.3040161346373869,1.0964865321041264,1.1852760154682564,0.2528588070900891,-0.674378998871298,-0.23032760339357775,1.2323175682774543,1.22584218240119,1.224571873489809,1.9113391551729886,1.8728673839885268,1.8418472375643682,1.1856918336199054,-0.7394238835063427,0.013889487946315206,0.06641103417992018,0.05148228130396404,0.051485362862662296,0.05151897314486762,0.1561870932077551,0.15515449485912372,0.15598201526680538
100.0,0.0,30.0,0.0,2.230502328329434,2.052899528562104,2.1098567270780513,0.3079250535063265,-0.1068806194773572,0.12697396000884348,2.1192861078953578,2.1164897451576645,2.115163484901551,5.525411192902907,5.534064842694565,5.522777747960783,5.470619190646462,-0.29662050762379577,0.11883177593006364,0.0630812607840454,0.04772903634366615,0.04822913684437295,0.04836963193766965,0.2690611157968196,0.26861279401622024,0.2689324708642955
20.0,50.0,110.0,60.0,0.9526983450084608,0.9312048234599284,0.938202085522253,-1.1002359083187867,-1.139230919698588,-1.1311765054734535,0.9399510342324392,0.9394171969549288,0.9379822179203098,31.679262422569348,31.67806873339398,31.665775738724527,31.524517153944288,0.5426083674267617,0.21117332214707038,0.49989313009566877,0.3885522540408034,0.38851367014827,0.388512426983649,0.11734700126776268,0.11711881290552233,0.11718635438455419
20.0,50.0,50.0,0.0,1.1611406857145083,1.157131205800608,1.1595725657588982,-2.2009707203927467,-2.20953738841861,-2.204991310992512,1.1598057184994872,1.159054761930792,1.1601669523682498,15.392848616692396,15.393233289405,15.39602569113792,15.36636906549057,-0.4781652781597884,0.11123160466439626,0.3505714343929941,0.21049858962274526,0.21055447163577934,0.21051381011285028,0.14611137815113728,0.14617126659444887,0.14625982877728386
50.0,0.0,110.0,60.0,0.99963523354223,0.9530165332468208,0.9742418715313318,0.129124428165348,0.1107181739130008,0.12176411019973676,0.9740756832543856,0.9741218110121865,0.974157287498265,30.187493139639688,30.17991399727274,30.187204177866008,30.097855007430415,0.5721164076588479,0.5073433842716709,0.0012087391767319924,0.3428393935237464,0.3427031712855087,0.3428810303505484,0.12383360851273836,0.12383672623430729,0.12383429018671152
0.0,50.0,70.0,0.0,1.0010155944862356,0.9970707314710128,0.9988465304420194,-2.62470046095813,-2.639141680057114,-2.6315665313265426,0.9999397307313963,0.9965110238377598,1.0010015372808774,20.789158661487203,20.794001022313978,20.782512177088456,20.749742241078973,-0.5248120697561197,-0.003899779661062856,0.40271810032633815,0.2687443844103857,0.2686482742361041,0.26881592598641296,0.12511850584468945,0.1252677063957644,0.12569182408302995
50.0,0.0,60.0,120.0,0.9989476680456324,0.9503631151465955,0.9889962555404945,1.138028372386351,1.0576947316498888,1.1209446654311488,0.9888752607033335,0.9903448984464918,0.9905272333143627,16.47054066111008,16.477682343989805,16.471709060250237,16.45704359481158,1.661417745317566,0.2815725251400614,0.05036479179072549,0.19080128017165365,0.19087726882535758,0.1908541064893719,0.12550968937398926,0.1257096152372992,0.1255260957205035
0.0,20.0,100.0,60.0,0.4162348457954083,0.3884469821702773,0.4072620460225833,-1.316887861328859,-1.5785252150823377,-1.502197792218698,0.4079070514935008,0.40754422933334794,0.40880662173647847,28.18426708356029,28.17762062672767,28.18258338859803,28.100279103551234,0.5250211387089198,0.014482267912142183,0.1973910137413735,0.3340077678641926,0.33390909060569923,0.33410354498123307,0.0499047762470887,0.050020517489277605,0.050062019400672605
50.0,20.0,30.0,0.0,1.258354848806031,1.2296907586990238,1.2475514577803088,-1.0566235304903966,-1.1578247775345174,-1.0942644050512602,1.2471620915024404,1.2494392280753497,1.2475746907203058,8.5627276828882,8.567976763930647,8.564159591485684,8.551944935338287,-0.30173254999148497,0.17801910298597426,0.12447297025585229,0.11532081700105032,0.11524226776472009,0.11514669107496363,0.15827870339327976,0.15832865237483093,0.15802514261185935
0.0,50.0,20.0,-30.0,1.3025907268304993,1.290328187444305,1.2955625318351593,-2.980042206894756,-3.132059047099632,-3.076913987117666,1.2961089115079123,1.2955798064604271,1.2955463394654194,7.459082282015613,7.461699881120034,7.460988775261118,7.449707384698406,-1.0309989427388528,0.008743711471033332,0.24754842406697128,0.12662525924708148,0.12672396367253544,0.12672078248248658,0.16393250610382168,0.16385692591525935,0.1639285113079684
0.0,20.0,120.0,30.0,0.3622269764728465,0.3480590822473584,0.35537061373018297,-1.873936685750244,-1.9880714311312453,-1.9599710078499015,0.3593894872950724,0.356609811044787,0.35909074196862106,33.64579684457846,33.63734530576573,33.63710858452021,33.51603366933581,0.0020927421461050164,0.029175889626730407,0.1995340255808461,0.3941611382965818,0.3943505382930724,0.3943238080352281,0.04307760028112606,0.04302540587572994,0.04338612392844317
0.0,100.0,110.0,-60.0,1.588944478193156,1.5703286615891587,1.5778113431536935,2.698404605760332,2.63967329469839,2.65021662205407,1.5811411501451242,1.5745597805786966,1.5795790012305682,32.78649148667223,32.79117509129316,32.79397238424819,32.6085386246989,-1.568693972575073,0.030059929438496297,1.0002195058992345,0.42373395898920574,0.42402429249153495,0.42425051049506174,0.19795944637658577,0.19777912643447232,0.1986003303000858
20.0,90.0,10.0,60.0,2.1174944307221137,2.1040394433831957,2.110216880754305,-2.0714485525840862,-2.2441693868525565,-2.1461304336931124,2.109528754099874,2.1095000309984235,2.1119411606900815,5.76416811639774,5.758013003319387,5.758958320018751,5.708248216164365,0.21270528140113956,-0.05375280865071473,0.4131526915729374,0.13150064940537545,0.13148147033529767,0.13158757795216164,0.2671794018540289,0.26749545726748847,0.2674975569532074
50.0,20.0,60.0,30.0,1.0755958027264778,1.0652200187550918,1.0733898099032737,-0.7947053700976109,-0.8175641974751072,-0.7994906308727391,1.0736834238013373,1.073260306916047,1.0738882792740136,17.041027413451083,17.033394405113246,17.039755879059282,17.011984114481272,0.09168467148700009,0.29518697182082493,0.16703921681749748,0.2088858431023593,0.2087801576713405,0.20899126141218652,0.13578215724783077,0.13580489516870742,0.1358609579605085
0.0,20.0,100.0,0.0,0.4161928806926102,0.4057509753901932,0.4101607594002441,-2.5636265149533592,-2.6328587280003903,-2.594117826874993,0.41078438160307,0.4101130068379459,0.41102609424270936,28.18837805016714,28.192424583562186,28.182282945126204,28.107354149925637,-0.5231397429243291,0.005365930632018521,0.20004545159070233,0.33424329829600163,0.3342059788926367,0.3340813245528517,0.05025471640511285,0.05029707224467993,0.05038600992391529
0.0,90.0,50.0,0.0,2.127661892910944,2.121833748768124,2.124835076615002,-2.639439322042236,-2.649913004241268,-2.646363255915908,2.1266661892972913,2.124721460050688,2.1233324853677393,17.023162614966196,17.01176992593587,17.00303255880458,16.94887051231478,-0.5295204335588858,-0.012837105486841692,0.8400980014675944,0.2623747237714232,0.2620800272263617,0.2619780398275905,0.2686700654283457,0.26825065028126827,0.26848240323078754
90.0,20.0,40.0,120.0,1.9908656262314088,1.8422725516717484,1.9453509146704668,1.5102611803433668,1.1754024004757115,1.4084939802933616,1.9466303450646525,1.9480106876533092,1.9497015880195827,10.3262565373214,10.330699552281349,10.32602210857095,10.335995188052518,1.8394162403366954,0.3456325490962683,0.15398203498470245,0.12807528205212562,0.12804064449964767,0.12794938609284268,0.2470409958913336,0.2474286118815663,0.24725097577204241
90.0,20.0,110.0,-30.0,1.727555069250432,1.6984739276145973,1.7196094943233775,-1.5459455003586382,-1.5605307376358837,-1.5540779140083687,1.719531203343963,1.7201735491787258,1.7213566473356692,30.427833780113584,30.431882045689218,30.41941736957285,30.31163783707717,-0.961535241456461,0.9016123099604156,0.198150316002947,0.3545187457038784,0.35452890998685815,0.3542773078196654,0.21804906056883835,0.21827420984903234,0.21817810447653413
90.0,20.0,40.0,30.0,1.9935256837980129,1.9228430945278543,1.9702913979516896,-0.0457933688092867,-0.2061554758513478,-0.09586675032608985,1.9723112572976098,1.971368096128265,1.9708185014517148,10.14381191045791,10.137351817041896,10.143285589763618,10.139624042530084,0.2705257319290859,0.34175730188208503,0.13579673332905934,0.12286969663687893,0.1228453198629954,0.12296312931043056,0.2503355970018261,0.2501483288597113,0.25027265384657016
0.0,50.0,10.0,-60.0,1.3811106460673104,1.3623095954393816,1.3706767742535861,3.141437486997543,-3.141414533812679,1.8053298202046915,1.3695662225332015,1.3708673348313043,1.3719119115470737,4.744359384307471,4.741325242201072,4.743775939482282,4.711540587836014,-1.3967598001196686,0.02667896615791675,0.19926491370729033,0.09782638057620628,0.09773681601885571,0.09789463866491895,0.17347617223296086,0.1737749663966783,0.17361209788974793
20.0,20.0,100.0,60.0,0.5991603833313173,0.5635888911807038,0.5782354250050885,-0.6670983430844176,-0.7599961226252286,-0.7232525041186659,0.5789443443559512,0.5780176884545819,0.5786352170010958,28.163459436726864,28.155220620829382,28.16157009396509,28.072723638563023,0.5468315432711713,0.20731559495358667,0.19934011658990813,0.3335610125392778,0.33346961597779023,0.3335944037204097,0.07220892586892126,0.07216808414537747,0.07229025714996481
20.0,90.0,70.0,60.0,2.119433792772662,2.112703699876311,2.115826294049494,-0.3124379014733724,-0.3256716310323246,-0.31587287732237435,2.114700722754053,2.1172358787393883,2.1159141312900016,20.519530464828026,20.51917657015801,20.525935342614943,20.46807667378395,0.672257384409581,0.6715195698317407,0.5506150383931443,0.2711670827068689,0.271480789143732,0.2712923858475532,0.2678562953606099,0.2680166663332925,0.2676950826805311
20.0,0.0,0.0,-60.0,0.6673574317249673,0.4290709377234368,0.5555332639047463,-0.4412724514745048,-1.4069348331507645,-0.9409001241872003,0.7084149152977564,0.7133082661043846,0.708707237713194,1.9148064164221057,1.9222591674000669,1.9134660231421474,0.8741286624918083,1.1425347167568771,0.000450284361752398,0.05504586640962389,0.06060894159797586,0.06062598946627695,0.060313440032553775,0.09001656015763848,0.09004493682213671,0.08942125994855088
90.0,20.0,50.0,0.0,1.8987521037118436,1.8803499470249896,1.893574111271165,-0.7736827703839043,-0.8055624561251808,-0.7822553850947269,1.8938100399362021,1.8937928944371663,1.8940983967642706,13.30264782323345,13.301264745511352,13.299790387943991,13.295576297898593,-0.3143915969574737,0.4355453781632547,0.14970735596357682,0.1600947950646732,0.1600208418240434,0.1600771734096207,0.2403058822424263,0.24034947432733855,0.24034731556060962
90.0,0.0,80.0,120.0,1.692987476750136,1.6709983655783514,1.6887886058178352,1.323289902628668,1.299309358533817,1.3180530118611848,1.6891113637765247,1.6891039038967584,1.6892281070570896,21.474209204710156,21.48937107566115,21.47981110087612,21.458633468146964,1.6855836213325388,0.6203603689273731,0.03838871494957103,0.24205869142338565,0.24205589105997025,0.2420506044392397,0.21454118063579392,0.2145507084933559,0.21454402942047418
50.0,50.0,10.0,120.0,1.6942811863799885,1.6121160078386223,1.6512677864428051,1.0084531754979342,-0.2649188831917823,0.46087316207127654,1.6554492552607936,1.649124706703574,1.654151649529836,4.572566545054876,4.578675073299056,4.57025340923713,4.5570521705645035,2.037492434925411,0.061062032941071535,0.24596236111934158,0.10198200836772646,0.10211494876124114,0.10185970420733444,0.20931531039795637,0.20915615027161458,0.20995474868062025
20.0,0.0,60.0,-60.0,0.4439213540176535,0.4252604319246627,0.4298915110767748,-2.359737455198152,-2.415314103280125,-2.4019735326834275,0.42884775479366166,0.4303408866262961,0.4302111454401219,16.722036285882037,16.721251685607676,16.730585007548473,16.704774189612827,-1.5338119785129454,0.1172451876837569,0.048261879925013414,0.19539227383134922,0.1955583200351167,0.1956461669504829,0.054109759296394916,0.05428146721380824,0.05409965245007309
20.0,90.0,30.0,30.0,2.121626966332677,2.1114946349979355,2.117786536168026,-2.194200490555628,-2.2247245162977944,-2.2048652401582762,2.118043429514874,2.1173455570333104,2.118299920843652,11.51619131362419,11.515824038939053,11.511398028468959,11.447042977061917,-0.03133191833360961,-0.0324988028778621,0.6312666957310595,0.19773406405673974,0.19779391032010574,0.1976018636018586,0.2678803263444134,0.2679310519584142,0.26803384386748447
100.0,0.0,70.0,-30.0,1.93857709304258,1.931899250007718,1.9336561836997483,-1.1983360477324068,-1.206349505939648,-1.2040430809999767,1.9323647689462984,1.934953880250758,1.933658338068506,18.42950904648197,18.437380659388346,18.430076936132913,18.408285869995932,-0.898491164089979,0.6022050610792294,0.04685456338855016,0.20576072858927014,0.2057240191766387,0.2056278228351503,0.24561191444039826,0.24576504274314429,0.24543921241089034
90.0,0.0,10.0,-30.0,2.114330948428314,1.7851321633685782,2.00618608376325,3.136957956768531,-3.1397875963027766,0.6611113519616884,2.0063911561081005,2.0051270194231976,2.0084118491964404,4.717604151586758,4.724959649916516,4.728111106365529,4.450178706185693,-1.6047029541744937,-0.046711439758919,0.3283518910363473,0.11349844373597805,0.1136132461316455,0.11359908288001326,0.25409925157368246,0.25435157125579455,0.2545157938555604
50.0,20.0,0.0,-60.0,1.2865514971179353,1.2783303383325662,1.2833758021897943,1.0889927753297697,-0.5344085726769479,0.2674880135709825,1.285838350854567,1.2816419498760856,1.2832955688542529,1.9787409660704163,1.9867130165731195,1.9776058735948663,1.9525147688090374,2.249100919886995,0.00042634497290565,0.12405840882248674,0.06419637964323614,0.06443452452795186,0.06413289519362088,0.16276359651663502,0.16243819984900126,0.1629719733710002
0.0,50.0,60.0,0.0,1.0536840645551435,1.0494905797361591,1.05173634815874,-2.625903738079407,-2.634238579322498,-2.6298223574338744,1.050780432140373,1.052672058759781,1.0520202587571061,18.11678302336672,18.112212842210162,18.105873984447502,18.08090298462481,-0.5249053356003436,-0.0030381814330290805,0.37938635790357056,0.239870001113079,0.23985371264085756,0.23981003618909558,0.13222452026725887,0.13238116910397743,0.1321361290921563
20.0,50.0,10.0,120.0,1.4436375108100858,1.3971372551457686,1.4119100052056155,-0.2043993867514768,-1.0532465571889829,-0.564895099625177,1.4118248844808272,1.4131250732808112,1.4101140004822434,4.904854639290517,4.9045953479302895,4.910711604842937,4.863251650104202,1.5514075987106626,-0.0033099003692486344,0.21291478409202072,0.10095431579115456,0.10098184143779083,0.1012754046947488,0.17897416855642534,0.1787754782658038,0.17860261418286924
50.0,0.0,110.0,-30.0,0.98310019328802,0.9414425016893272,0.9676752768268767,-1.434270620414596,-1.4539401899165116,-1.445670470750254,0.9673621500526572,0.9681707946390836,0.9686477488519278,30.17695224028578,30.18496282723055,30.17688220218777,30.09395325183374,-0.9990377442021451,0.5035549820010741,-0.0011136068837220407,0.34266689286866686,0.3426824400095258,0.34261045934529427,0.12300588209362931,0.1231626110013371,0.12305383041334585
90.0,0.0,10.0,30.0,2.113036724755984,1.969642176972897,2.074215105669371,3.1357990840042307,-3.140576891618909,1.1752863956567519,2.0771349072863825,2.0776676152287203,2.075589271447334,3.35187450617535,3.3723855146522776,3.3456333275334122,2.656940179729635,-0.6497465047923395,-0.049804116554032246,0.280836031945519,0.0964677686874263,0.09674233157438683,0.0964742288798323,0.26349086016681283,0.2632991268909079,0.2632198885639057
50.0,20.0,50.0,30.0,1.1305518622248474,1.1109443394094778,1.125506669504047,-0.752902317864208,-0.7981427948779439,-0.7658226489453327,1.1265148054133587,1.1255719885599498,1.1255215333666515,14.271072749056817,14.26980676858684,14.272896150707519,14.254066961954981,0.11590258211525864,0.2601722189448564,0.15724343184726045,0.17864245190536301,0.17860606036397889,0.17842328325960097,0.1425526865001839,0.14243552551664415,0.14254716542289322
0.0,90.0,0.0,60.0,2.114446561707436,2.1002347000560877,2.107795292855994,-2.6745014505844344,-2.9464795306475917,-2.809954406183705,2.1063930635330568,2.1089205335233268,2.1081299159842777,3.2049421501101483,3.201832884672687,3.2087189448089135,3.1788978584945875,-0.7184239880313606,0.0010536179903605264,0.3322372131595238,0.10441388712736835,0.10438803165701763,0.10450803089666148,0.267189855362541,0.26741265390507957,0.2670894928659206
20.0,20.0,50.0,0.0,0.6974999952816717,0.6947620554781196,0.6963291678143311,-1.919381864228673,-1.9397998260401372,-1.9275966464238232,0.6952792263668393,0.6975997928019463,0.6964200166933189,14.597623128533352,14.610756803720804,14.595856351885725,14.57341071689086,-0.4778157867516089,0.10570859661218228,0.16170249730617436,0.18477540235366013,0.18496292935632466,0.18467729275933598,0.08758038963239094,0.08773985678611239,0.08744339553229626
50.0,20.0,0.0,120.0,1.2865514971179353,1.2783303383325662,1.2833758021897943,1.0889927753297697,-0.5344085726769479,0.2674880135709825,1.285838350854567,1.2816419498760856,1.2832955688542529,1.9787409660704163,1.9867130165731195,1.9776058735948663,1.9525147688090374,2.249100919886995,0.00042634497290565,0.12405840882248674,0.06419637964323614,0.06443452452795186,0.06413289519362088,0.16276359651663502,0.16243819984900126,0.1629719733710002
20.0,90.0,120.0,60.0,1.4153887863361188,1.3817135547516797,1.393661656612288,-1.2712817641353935,-1.314543175487802,-1.30445118437669,1.398784211940209,1.3922987727506608,1.3945237122469045,35.18857553701768,35.17970197452737,35.183470877106295,35.013321402759196,0.5391969625640823,0.21258465202164795,0.8995548385517529,0.44456093570425,0.4439893042451336,0.44445510386302883,0.17482538967715894,0.17433173508462715,0.17512095618583942
20.0,50.0,50.0,-30.0,1.173572550128693,1.1662813650568475,1.1686845084116098,-2.6970551574777644,-2.7257811770129643,-2.718209979262626,1.169110065784317,1.1675437790180485,1.1693426006526773,15.397130352135608,15.405091142421046,15.40192574547484,15.372195809718413,-1.0003345756085107,0.11492516554934162,0.35292132163317386,0.21075644230577886,0.21088164490765932,0.2107619332549622,0.1472351730501963,0.14727311231559287,0.14746955322158403
20.0,0.0,30.0,0.0,0.5127154747117686,0.4849223769548673,0.5023991568496897,-1.3726078272132056,-1.4721799031817877,-1.4033396882819127,0.5044646042310629,0.5003468813613752,0.5059126987629315,8.571231478696975,8.556074611634997,8.564009103093552,8.54485788459031,-0.44036093135113624,0.06723819379840205,0.04321179092947741,0.10628220406479857,0.105563008798973,0.10603648300263453,0.06334288529359752,0.06353621677838409,0.06407655403772564
50.0,20.0,30.0,120.0,1.2459009977562858,1.1209972312803338,1.2047332382579454,0.9938629613647026,0.5021674257973245,0.8415980429178589,1.2072437391333848,1.2056041863495677,1.2090205696249572,8.798358243827304,8.801245708214509,8.80022381138767,8.79706296176388,1.7736797480321305,0.166531837372072,0.14324731033888738,0.12110577322396941,0.12119237698245795,0.12105483401809408,0.152742948086488,0.1529725169132048,0.1531727383782184
0.0,20.0,100.0,-30.0,0.4185971498501069,0.4035110354751466,0.4103226367015468,3.1414067742089578,-3.141233134948086,-2.6323203041065852,0.4103020356181466,0.41141975469604025,0.41095716621162337,28.18279874563163,28.199228812405416,28.183425739959585,28.107259237584515,-1.0464826068780948,0.007574521498925683,0.2000468869615727,0.3341659923661654,0.33431685364018143,0.33419415355020793,0.05033969269126134,0.050424340209227606,0.0502819104270408
20.0,50.0,110.0,-60.0,0.943273114119558,0.9185239415367382,0.9335547476746043,3.054776932453765,3.0306425313057264,3.0468060695505947,0.9348298260503402,0.9326541996213601,0.9373671608967259,31.66960418576736,31.665009753568253,31.684010710811513,31.524558047604266,-1.5523213780869463,0.20490994207707539,0.4992649457121572,0.3884562082778749,0.38865445489845235,0.3886714186173007,0.11637328701779324,0.11671163807341489,0.11696626799178858
20.0,20.0,30.0,-60.0,0.83207491681281,0.7936964625821286,0.8097116402790955,-2.6909072119504294,-2.909096672019983,-2.8314061528405436,0.8095556699872744,0.8096033768181354,0.8094327867783007,9.134061824769933,9.131599468099012,9.131009433325154,9.114813808442268,-1.471722565839132,0.08598838273732012,0.12531571781069945,0.12491746917064751,0.12483334379704551,0.12485275021768251,0.10227679314234084,0.10226210700703173,0.10226233127068486
20.0,50.0,80.0,0.0,1.0079727876327451,1.0002083055969833,1.004167608986523,-2.2128895549347964,-2.2260278594230347,-2.2188589993182113,1.0042344036981823,1.0018282436935146,1.0070134427314148,23.44067461493595,23.435015709153227,23.442192320084974,23.395697426284944,-0.4985857941701399,0.14936711586426996,0.42195598791292543,0.2971511661601855,0.2969724000272636,0.29746927840067644,0.12564679866537098,0.1259740547468102,0.1262993931184136
90.0,0.0,20.0,60.0,2.190976550338549,1.9446803383377336,2.053042323233836,2.040315994549776,0.7320065885191124,1.4136724879658953,2.0541874335727974,2.05805475999417,2.061928403804358,2.915709919691414,2.921019664963593,2.9102874374071708,2.8593678770988085,0.6467083163344093,0.0320560028174139,0.13876036224331587,0.05153444521041165,0.0512968758532293,0.05124128562505515,0.26077412713598064,0.2617498002269607,0.2612602933711825
0.0,20.0,20.0,-30.0,0.7437313483442611,0.7250865608513961,0.7341186058996773,-2.936010831338365,-3.117342805703688,-3.0449628611447417,0.7355296559017431,0.7348492117494714,0.7335166835545746,6.615784867151358,6.616149206048082,6.615633119811078,6.601932588490421,-1.0314920362923277,0.007157187247496994,0.10906724932751088,0.09950280167961871,0.09958819429141919,0.09949753566589431,0.09291823004177456,0.09265043046617905,0.09273422786198132
0.0,90.0,60.0,30.0,2.1371553099717078,2.121170596523541,2.1282585975999333,-2.0586659047872296,-2.100206864633261,-2.072745162354078,2.1280421364329896,2.128696786347899,2.12818427721439,19.8074797763689,19.79908991872872,19.803560824795188,19.703065900758464,0.0030472280130922915,0.014431681145187421,0.9422794154350319,0.2940771246533429,0.29415719333278967,0.29409946200223186,0.268775183557196,0.26879063791423036,0.2687199551732046
20.0,90.0,40.0,-60.0,2.126103047700889,2.118759144505101,2.1217539035280035,2.6071296626810416,2.514950990734823,2.539700299395701,2.12198787736218,2.1212965771910843,2.122080960436225,14.237398459110954,14.239039152761402,14.240011837675182,14.187574395719164,-1.5890867979872494,-0.02953703394438738,0.7370869391020082,0.23000348753346123,0.23005056805350627,0.23004949522828536,0.26821669640771506,0.26822569599545887,0.268311301027663
20.0,20.0,120.0,-60.0,0.5038226743250742,0.4630768322336328,0.48879412646393644,-2.8363721771004533,-2.889698199961143,-2.854869517732032,0.49261708908470014,0.4902050757503367,0.49275017672368543,33.62907470322641,33.62536058749737,33.63083743814112,33.49606391618206,-1.5549615323381534,0.2037306127399993,0.19942446039806186,0.3940318677959289,0.3941012437691094,0.39407288365440346,0.06066616643075114,0.060702972155512284,0.060984910843445664
50.0,0.0,30.0,30.0,1.1323494597762027,1.071216902898222,1.1111891708330994,-0.1822539624353476,-0.3745449076270851,-0.24704327980248042,1.1127323211775442,1.1122276375095752,1.1115711995495148,7.965714395408735,7.961717363248269,7.963864821028461,7.960119746408911,0.2043138238628394,0.15253384159698452,0.049123865583466104,0.09532047552695395,0.09530052394491459,0.09532407816182929,0.14123331618965032,0.14108475173636068,0.1411464646526527
90.0,0.0,50.0,60.0,1.8976345018359944,1.8379911462287508,1.8820146868333956,0.5255392716206139,0.4223691379126826,0.4985406748607067,1.8836147974136053,1.8822633758965932,1.8831179538794924,12.643557397778046,12.643811111909223,12.648780970857175,12.644607844177127,0.7226095698970102,0.3938795818213452,0.05118924702290958,0.13875732906711266,0.1388220243630478,0.13880122304649686,0.2391528813353989,0.23909021360671665,0.23926023818830439
20.0,20.0,10.0,60.0,0.885421024053403,0.8538538067216437,0.8692790913202626,-0.7789867602659512,-1.403128850990346,-1.0391169092934498,0.8693299897151402,0.8717613227756066,0.8692750286893364,3.9514061124184234,3.9494378847131815,3.953919786289422,3.9292724714030034,0.6924604499297617,0.020576276517020542,0.0915818363395362,0.07233954354339499,0.0723821426288128,0.0724580669135783,0.11025841268317123,0.11024341791917276,0.10993098272423368
20.0,90.0,90.0,120.0,1.8144991573834504,1.6851158950057064,1.7126148857323942,0.0806894190949828,-0.240726799412616,-0.18668823399670645,1.7117506379271976,1.7107635329052604,1.7117140703298088,27.33763820229357,27.33131624416343,27.33452142484957,27.18117641903008,1.6019588856148692,0.2496159560876625,0.8996799180744656,0.3640641814299266,0.3638774307730027,0.3638924958203742,0.21536911106041162,0.21536731038872678,0.21547300889055382
50.0,0.0,110.0,30.0,0.9967377167936928,0.9565377137157114,0.9752037194929252,-0.3942385740327035,-0.4127155840487844,-0.4012862039452275,0.9752536454585794,0.975486038714651,0.9746327117008105,30.189698053658002,30.181271533847497,30.18218671219469,30.0970306841896,0.04854911322237654,0.5078360034299202,0.0010627527391732791,0.3427375591918604,0.34272088667492606,0.3428054741565907,0.12401808526653257,0.12394259137294346,0.12392387980898542
50.0,0.0,60.0,0.0,0.9979128926398976,0.992101761594391,0.9961487771854929,-0.9580396487640505,-0.970982143249016,-0.9627001686856752,0.9973664219128617,0.9972002753621234,0.9943763027124031,16.46226778792881,16.458956907323575,16.454672468703297,16.441125535868455,-0.43231774916820354,0.2836648392583091,0.04798490912059489,0.1904501499489128,0.19051176566425823,0.19038012022308232,0.12664123897807697,0.12626931083514076,0.12630070330151205
0.0,90.0,120.0,120.0,1.364357354415325,1.3487141018737678,1.3569955020871094,-0.4384993072405365,-0.5226016251007868,-0.5102442659888047,1.359635384527367,1.361397595917869,1.3546114970001282,35.18543207254376,35.19346700348258,35.19396847304784,35.025182654037145,1.5713516077995018,0.013971502035464144,0.8990078581514142,0.44442111880743895,0.44440302542578747,0.444344322523133,0.1705191209731755,0.1698890339717048,0.1697082350893451
100.0,0.0,110.0,-60.0,1.96627624902928,1.9058767611004548,1.9451444134533924,-1.8087033262043293,-1.822530512791821,-1.81641877753044,1.945571072686529,1.945769652886085,1.94599449261616,29.644747574279542,29.658104154799748,29.65439173731443,29.57497101671797,-1.4751640297774868,0.9806771406642597,-0.0029009308809415796,0.33213891167537846,0.33229573073509167,0.3322265021076007,0.24728286436143745,0.24733564401241534,0.24730330608765064
90.0,20.0,90.0,120.0,1.5012398877605488,1.4844508150933589,1.4985351922738623,1.3320672591164675,1.3161584736320002,1.329053850123528,1.4994358788068174,1.498543633574041,1.498644757962919,24.240851466683385,24.254673059932514,24.248268230144134,24.215807834485094,1.6606908098624544,0.6173705878464703,-0.01473214046026888,0.270992402456762,0.2709743374782063,0.27106076263020445,0.19052339063988466,0.19041166882305033,0.19053352105842739
50.0,0.0,0.0,120.0,1.1355570126122234,1.0603302940500456,1.097416561352898,1.5362022847419567,-0.1286532026554046,0.6775224491756872,1.102148068556476,1.1008730024785676,1.104444638244343,1.8525795320197636,1.8141969228143653,1.8282034565136358,1.670737843533873,1.0102074128749008,0.0005009181861370492,0.09205251460854748,0.057871929990127004,0.05787436586244218,0.05732921581290942,0.13948794418385088,0.13986772690815014,0.13998743129122368
20.0,50.0,50.0,-60.0,1.182453105747957,1.1692525092120247,1.172894294222177,3.108307706029296,3.0373058962507984,3.0539406516433756,1.1719332897055048,1.1741764894865605,1.1723079462142472,15.401976541772926,15.404070010892086,15.39760786188235,15.369340947823272,-1.5224480907763578,0.11873181277348353,0.3530042337875014,0.21082018843967376,0.21082548806511414,0.21069656396664652,0.14791752836899916,0.14796895881164424,0.14767898642657873
50.0,20.0,20.0,-60.0,1.3850924139319185,1.1895754594270167,1.3493152789119247,-1.5394468408535773,-1.7999906270121395,-1.632990242419026,1.3495337011934576,1.3502323834212857,1.3487151064100678,4.950416520604022,4.950855216640638,4.955637470118932,4.945382774318376,-1.1927324133196533,0.11503925501254676,0.0789601181523517,0.06841346347486293,0.06855647166979079,0.06848679053372919,0.17133573135820018,0.17123750594677253,0.17115675535177
50.0,50.0,40.0,0.0,1.519849167571857,1.5090234812148455,1.5160498333942602,-1.5440115880814014,-1.575905295769203,-1.5541304034696213,1.5143364977215823,1.517785557232942,1.516623141803891,12.310383603772443,12.301594530535347,12.306347557153817,12.277211048424244,-0.36015775093554175,0.25279352599779054,0.3106329375214301,0.17485265861943977,0.1748674840408403,0.17484944016191722,0.1918278611558108,0.19210613754911968,0.19167628733877867
90.0,0.0,80.0,0.0,1.6906908457923684,1.6876992314028678,1.6896182499607282,-0.7726671952101081,-0.7778930039333803,-0.7748374387649067,1.6894787875734103,1.689661044063304,1.6898711349819526,21.487055980265787,21.477181348232673,21.47141298804019,21.454594984268855,-0.4087903077800366,0.6204859065097005,0.03736024010372506,0.24195286220537987,0.24196167751496891,0.24197942221373306,0.21458870840264557,0.21463223607467644,0.21462087433393043
0.0,20.0,10.0,60.0,0.8234733508678849,0.7711228572537329,0.7920711817299391,-1.7112741162122054,-2.068510001009246,-1.8722603225538423,0.7924213144492323,0.7927874634860801,0.7932900268122571,3.9691953948617944,3.9717381352306322,3.9715005983294294,3.9054203540763552,0.4316070804805814,-0.010955262793628006,0.08280374776544577,0.0717078686621989,0.07155715477636608,0.07170293196559221,0.10030490703612203,0.10040888312293754,0.1003633023299354
0.0,90.0,30.0,-30.0,2.1228160511022667,2.114537663175643,2.1186282484157712,3.140747742124834,-3.1414659693151106,2.6770971027277892,2.118854670549995,2.118604756543365,2.1186444788914227,11.482177025783127,11.48699754647564,11.480877708322739,11.439512371398324,-1.0615167807802792,-0.01287276291917484,0.6363311031603478,0.19890306627928403,0.19878939042378982,0.1988004053637613,0.2680577903716186,0.2680370794582898,0.26806798495413175
90.0,20.0,30.0,60.0,2.1053477960562805,1.9406212788386372,2.0417185504318174,0.8646529986290584,0.3565639511233943,0.6616166428714523,2.0457677121259317,2.0426054897697905,2.0462272336798524,6.808202660420655,6.812972905480618,6.814104152023605,6.810869335195959,0.885466401681185,0.22902648545629864,0.1365912478761766,0.08638178519911546,0.08657630034974946,0.08644185793336695,0.25942362912597033,0.2594825890868403,0.25988202741931044
20.0,50.0,60.0,30.0,1.0926332818065252,1.0855573551348174,1.0898687174699906,-1.6942286692436304,-1.7163171581225565,-1.7002039823135462,1.0905639969812873,1.0902553923043845,1.0892226099632232,18.066296664977116,18.058781075563157,18.057064791756762,18.025363087214327,0.03482199434058982,0.11997046076405601,0.3726230155978132,0.23862175850138861,0.23837109134873374,0.23851401742501777,0.13727575071434378,0.13710075319545303,0.13712977280121913
0.0,20.0,80.0,120.0,0.4122009329993731,0.3909987656320783,0.40771004397097127,2.242582109441368,2.166799505099517,2.1873596622047513,0.40612361263219626,0.40745551735499747,0.4113946766347077,21.453978241040996,21.46894880052646,21.46896196871589,21.435705260717242,1.5828492778556447,0.0647452414500647,-0.13223929452893254,0.23238154103908332,0.23256593725271815,0.23247311267368198,0.05272134070262443,0.053404429109806285,0.05319179358768821
90.0,0.0,0.0,-60.0,1.898914120178604,1.892189458283237,1.8954210072259627,3.13839474870168,-3.139742724211459,0.6611013387522473,1.8960825175746827,1.8961291984511066,1.8961492750846056,2.941786351929215,2.9406610104924855,2.940664313836636,2.9003154572021472,-1.5862433580242545,0.0008833001585143343,0.2726302107907991,0.09558949341936883,0.09560429351537485,0.09558912133430428,0.24036467690286584,0.24037189163227532,0.24035998614333642
20.0,0.0,110.0,-60.0,0.4030492501240225,0.3585688302703277,0.38565211045604425,-2.039587939155342,-2.1103529524320392,-2.0766907305986604,0.3877489668229847,0.38717523079782823,0.3851198069891675,30.306105568390798,30.31595932409009,30.317555800743524,30.2345636379974,-1.5515422193709234,0.20256215314635787,-0.0007986626290386766,0.3452813503606385,0.34548106036743154,0.34530347531303457,0.04938823334358388,0.04907538887221766,0.04916339473118109
50.0,0.0,40.0,-60.0,1.13301196042008,1.091383240301178,1.1037630146274333,-1.7880772274020282,-1.8960046426170096,-1.8653117883927999,1.1029677370296869,1.1034252181934772,1.1030280675498185,10.757600506538678,10.762081399011208,10.76322557812702,10.746882233128598,-1.4192127035161852,0.20467720098486766,0.042257707394975974,0.12504976265490655,0.12505078243612094,0.12520552144850267,0.1400457776261065,0.14005307915148202,0.14000226754781478
50.0,0.0,60.0,-60.0,1.0281500883263346,1.003912561744627,1.0104492154381475,-1.9769984499258253,-2.020313961262389,-2.0080928056507124,1.0092385141823144,1.0103464329755432,1.0111467962538863,16.455914361170205,16.461276203916086,16.456281981860364,16.438382925080788,-1.4782178118981648,0.287788009679806,0.049094652164963594,0.1905072812318416,0.19050254826116766,0.19057536181805984,0.12806166289437906,0.1282936944669177,0.12815863415822748
0.0,90.0,50.0,120.0,2.150420653589456,2.1192264678539487,2.1285080247441996,-0.5549145919686888,-0.6452995711506081,-0.5725227211877333,2.1290890427332263,2.1299844563363655,2.1265858956159964,17.009263694057744,17.018411343523756,17.021334112032513,16.980152554102396,1.5611766130351308,-0.024668355887731336,0.8361242444180107,0.2599807141494762,0.26030675367484146,0.26045098601116395,0.2691677006814546,0.2688393053830605,0.2687486629792707
100.0,0.0,110.0,0.0,1.965797544885426,1.9368033457248095,1.9536288920520457,-0.766649703876117,-0.7773997991513111,-0.771368363132467,1.9539177035451174,1.9538808241978314,1.9531457952804987,29.663540146425994,29.658411543369212,29.649583963106142,29.57860468141263,-0.4275034359978564,0.9858322141775469,0.0005991825402989393,0.33246987282090645,0.3324254802934831,0.3323620693888521,0.2483632921391183,0.24826117076087506,0.24827736503439293
50.0,20.0,90.0,-60.0,1.0156515615669977,0.9794954124151966,0.9927985168536223,-2.389448471429209,-2.413724873199236,-2.402239340776278,0.9930242275944602,0.9936621925398562,0.9935679908020791,25.282963437117466,25.282660699585225,25.286757342715042,25.238241383191884,-1.5142718990760053,0.40595194201099344,0.196564105982472,0.30072708413520005,0.30069928746560104,0.3009270800330523,0.1254430030349595,0.12550144117415632,0.12543330158063118
20.0,90.0,70.0,-30.0,2.132966571811677,2.101052332060513,2.120976036462625,-2.1822216042135194,-2.22672645701232,-2.19273245324853,2.120819376085403,2.1197028578170807,2.123159956184653,21.35658286244516,21.35835918198755,21.347984154832034,21.27195937790821,-0.9248704119219079,0.5758542277117161,0.7442457647906212,0.2939628657344435,0.2938501209642397,0.2940195361749312,0.2679937565233957,0.2682822706375496,0.2684193522175171
50.0,50.0,100.0,60.0,1.3549218803095,1.3299120116767214,1.3411542355400814,-0.6201931860407113,-0.6342562282352319,-0.6279646141577011,1.3437607747996387,1.3405383486316695,1.3410238998312733,28.86575151799476,28.846792923196546,28.863492902791176,28.72624562038338,0.5804976944100497,0.5181145259814004,0.5011561665102666,0.35725950787596017,0.3570727610854284,0.3572765068432089,0.1691116286495087,0.16876080430703255,0.1691778538947506
90.0,20.0,90.0,-30.0,1.6396996174482434,1.6347287514102984,1.6363344952420302,-1.5700684085315242,-1.5741266647179597,-1.572332721121169,1.636394872503749,1.6358379708562336,1.6367808601932001,24.918219445163196,24.925277158325187,24.9089771128659,24.873472721101017,-0.9477893276451267,0.7021199637342527,0.19629280354913,0.2938304377997316,0.2938994305571413,0.29393936237540963,0.20740578533889895,0.20745614815892066,0.20752166999802096
20.0,0.0,100.0,-30.0,0.4325411721327872,0.4114242481869223,0.4242245870764473,-1.5101266310506405,-1.5546885435511364,-1.5354944185401314,0.42248543352904155,0.42591028192541047,0.4257893828039173,27.509455774884,27.51905830832743,27.515055494493634,27.476027473494334,-1.0239112940112005,0.20226919297985538,-0.0005265415911857181,0.3130463371428413,0.313440273418425,0.3133772023216978,0.053831188998404146,0.05425457641233968,0.05381276865306656
90.0,0.0,60.0,-60.0,1.859115374292387,1.829290943342676,1.8360228535359926,-1.6609092957487084,-1.7024294316849455,-1.6932133182978273,1.8352752147909208,1.8359051870989243,1.8357431283658021,15.638328384140415,15.641723218741916,15.642752557820632,15.630494872489301,-1.4066644384716545,0.48320696847959416,0.04596507393461279,0.1739442176367753,0.17419534874722295,0.17413682417950127,0.23312331879198786,0.2331889938720509,0.23310914966191212
0.0,90.0,0.0,-30.0,2.114446561707436,2.1002347000560877,2.107795292855994,-2.6745014505844344,-2.9464795306475917,-2.809954406183705,2.1063930635330568,2.1089205335233268,2.1081299159842777,3.2049421501101483,3.201832884672687,3.2087189448089135,3.1788978584945875,-0.7184239880313606,0.0010536179903605264,0.3322372131595238,0.10441388712736835,0.10438803165701763,0.10450803089666148,0.267189855362541,0.26741265390507957,0.2670894928659206
20.0,20.0,20.0,30.0,0.8475850768657981,0.8129626675427783,0.8313786505707786,-1.2710496515041725,-1.5331893996542147,-1.3711772407782497,0.8323899276147948,0.8323671591928394,0.8323227070659909,6.516503535071732,6.514909992103661,6.514092727377646,6.494653134246215,0.12785013677714419,0.052205217597371484,0.11048961669713553,0.09850338622083095,0.09850831340939477,0.09840413620581316,0.10524196570611968,0.10524797410909438,0.1052531067226127
50.0,20.0,100.0,-30.0,1.0993938179457567,1.0620801684121606,1.0850037394127103,-1.794457509065249,-1.8094477592793563,-1.801324109975077,1.0862668621464344,1.085002330066499,1.0847438678443555,27.997882862464653,27.9952362236361,27.990609959303757,27.911915577569665,-0.9901353829156501,0.503697707439087,0.19880810679920502,0.3305313227398445,0.3303835106004343,0.33037897266150296,0.13733611830340983,0.13713803393236504,0.137307253792806
20.0,0.0,40.0,-30.0,0.4917686139957375,0.4707734064107706,0.4801051466666573,-1.8665204719518165,-1.9653053248763657,-1.915405790132413,0.4800764055104067,0.4809749943322113,0.47998471406859716,11.280550117970625,11.277971843500612,11.276731074528477,11.26504770406021,-0.98667570780482,0.08615241307422604,0.04678748192268014,0.13553738754173308,0.1356655396670322,0.13558283444959207,0.06069676693091238,0.06068533182471197,0.06056784886507876
100.0,0.0,110.0,60.0,1.9972769190790944,1.947392282681948,1.9667989934168228,0.2816571195736937,0.2604114855599059,0.27423590022532696,1.9664340367022093,1.9658028023965586,1.966600503177036,29.6608409643096,29.65271958338929,29.66440306180649,29.579549449170678,0.6203850543080174,0.9932123104597788,0.004375625774138427,0.33260236063891346,0.332523948036233,0.3326711388069817,0.24985491416418326,0.2498845146910999,0.2499637805668186
20.0,50.0,0.0,60.0,1.4840114562608029,1.4727661967947274,1.4781150085167976,-1.28722152857054,-1.902688842553763,-1.5929305303941532,1.4759017299788832,1.478909397725784,1.4794714761205077,2.271873543609965,2.2657513829221596,2.2716878580280446,2.2386465097123334,0.4986240551899614,0.0005622068842956419,0.16391076488812528,0.07406753931937497,0.07388974026821138,0.07406931438729915,0.1872139487825317,0.187666465565286,0.1872898034974288
20.0,50.0,80.0,-60.0,1.0220436879999628,1.0125794620566335,1.0165711585688013,3.0301080586887443,3.006768075715487,3.013297757513741,1.01755517573838,1.0164069632077173,1.0160662463438197,23.464112947525134,23.46375020802662,23.46121960548522,23.415102798139362,-1.5457302293029616,0.14996860074833024,0.42872323403762214,0.2980538693264163,0.29791861631588373,0.29771170603746916,0.12762111025615433,0.12743024825187288,0.12755839680787345
20.0,0.0,70.0,120.0,0.3972084868007881,0.3656892637230123,0.39081177580936255,0.7892374389309758,0.7273643541050592,0.774080857451824,0.3913512459823399,0.39148616714150064,0.3916723699204499,19.43167738211115,19.437628454659475,19.43958855021587,19.412976459490444,1.6000224506797596,0.1253312803461736,0.04306545074597511,0.22524825778051455,0.22536981442748008,0.22522217017984075,0.04928941930123452,0.049329626677551,0.04931143656781226
20.0,20.0,120.0,0.0,0.5027173013006095,0.4757314295200245,0.48990659670053527,-1.7946334199247815,-1.823245282369801,-1.8074391288494593,0.49126758424847006,0.49384575530165814,0.4931411276931107,33.62666093647534,33.63236156041426,33.62983415085811,33.496980973384595,-0.5077185410554035,0.20442704785133672,0.20002397901846075,0.3940905453508215,0.3942669184540945,0.394072886051146,0.0608654887243407,0.061094363834223245,0.06078092013984472
0.0,20.0,110.0,120.0,0.3880343802848621,0.3234416832938458,0.3731427593594563,-0.1544532240342618,-0.5116700987707267,-0.4293378827170266,0.3740365777472593,0.376669940038077,0.3754198766420695,30.90071316572723,30.916083375653493,30.910252456293968,30.794019775742655,1.5724025401639545,0.01984405617293552,0.1940078140123607,0.3633588571248889,0.3636156905775696,0.36353103434969497,0.045605736799724045,0.04577112915922638,0.04545364402700501
50.0,20.0,10.0,-30.0,1.420190291724314,1.3105928846693256,1.352621802410064,-0.2163574362828975,-0.9716209693437908,-0.6182771087600444,1.3611033811604105,1.362150929266235,1.359207643299177,1.8672573705614999,1.849655421463179,1.8434174509144108,1.618106694655,-0.25036541991372446,0.03777331788247455,0.08891099433649545,0.051425461921285255,0.051421425466343734,0.05148569195596937,0.17289026863799978,0.17267369236791774,0.17251616974023937
100.0,0.0,60.0,0.0,2.0050360237461464,1.9931992459742665,2.0020540203784316,-0.5862967612001412,-0.6020326105410946,-0.5903759662926457,2.001943344202932,2.0026895916471257,2.0022211851884326,15.418220356645925,15.418779711198214,15.41581471389079,15.41140331733969,-0.3464108434697919,0.5138100906214362,0.04699577628196545,0.16941006351667728,0.16936527186040634,0.1695514088607723,0.2543258573299964,0.2543617329784304,0.25427330618585264
20.0,0.0,40.0,60.0,0.4727600829743322,0.4316689824819829,0.4582788663364126,-0.3352474042275408,-0.5125692036202937,-0.393424717192103,0.4584990946063788,0.459993126620154,0.45948980111687493,11.292233607440059,11.294769912407142,11.296224523143314,11.282698990786047,0.5802099810740581,0.08037338970507867,0.04792467042723864,0.1358372630603126,0.1358089785138189,0.1359322073579146,0.05794602098443393,0.058059469722105565,0.0578698610487481
90.0,0.0,60.0,30.0,1.8166437601311172,1.794863261661776,1.8111408358570804,-0.1187184808468484,-0.14835335296492,-0.12589553355851427,1.8122529310988411,1.8111744572866693,1.8112597600223046,15.659890365810076,15.654680514457477,15.655116018324904,15.648674341090844,0.16200270135816214,0.4774176085744174,0.04416898532756427,0.1741464810993648,0.17414780552060743,0.1742434289684875,0.23012162655791302,0.2299960573626085,0.23013521713683432
50.0,50.0,0.0,-30.0,1.706949349574117,1.7003985001156334,1.7036317755556925,0.759923733176865,-0.8369344214929334,-0.03805321256280603,1.7069767927499873,1.7022019257773269,1.7022986686358597,2.6202306507257567,2.6279695549858832,2.6246980593271085,2.591143249636632,2.053481204249479,0.0007056470697236259,0.21869675327859844,0.08529497533896904,0.08560525101145838,0.08540015295461918,0.21620334799492646,0.21561113851363903,0.2162163071095463
50.0,0.0,50.0,120.0,1.039030791705037,0.9627886215020054,1.0213231126018876,1.175039836499833,1.0223403469891437,1.1395994030026155,1.0225608079809023,1.0218714503700967,1.023669162551809,13.689347613349412,13.696908122480579,13.692513972800612,13.694633801914895,1.6831749849875919,0.24168561696664057,0.05449745566257864,0.15981093924980194,0.15980001586355144,0.1597069876896623,0.12961719852867973,0.1297577834440279,0.12983964113496044
0.0,50.0,20.0,-60.0,1.3102632415626438,1.2904125133888755,1.2983817372785145,2.9764548183876567,2.662568396862664,2.7746610393178317,1.2973564746397088,1.2978385127686287,1.2995980699429217,7.4487544876678715,7.446855951762942,7.452076993453315,7.433684304503761,-1.5305037603781373,0.020342334105901732,0.24655218084713115,0.12648872985137638,0.1264608987979057,0.12646050519018595,0.1640539664832085,0.16434058207658514,0.164283223661881
20.0,50.0,110.0,30.0,0.9466946201968924,0.931827680738984,0.9381514833703833,-1.6417212634843985,-1.6612726588080533,-1.6555434364555346,0.9389994150577938,0.9381160886746255,0.9402766623655253,31.68836917996395,31.660400211857002,31.67383780388578,31.524941021437623,0.018975135440832867,0.2106545615707518,0.5000863611613195,0.38851113174788504,0.3884405322737262,0.38854672203144563,0.11708730094120161,0.11722983642907037,0.11734497550858072
100.0,0.0,100.0,60.0,1.6003751527655647,1.5945602301003294,1.598784882250488,0.5084495542372091,0.5006791866182614,0.5057747648105965,1.5983287057217443,1.5991643322544025,1.599297766147862,26.442568802824205,26.436240683070405,26.450548434896064,26.411524394748216,0.6037188062982909,0.6667097934314676,-0.18214457681688245,0.2837152757706554,0.2837252871108377,0.28386521315421676,0.20355512161771028,0.203692040749566,0.20357401621398244
90.0,0.0,0.0,0.0,1.898914120178604,1.892189458283237,1.8954210072259627,3.13839474870168,-3.139742724211459,0.6611013387522473,1.8960825175746827,1.8961291984511066,1.8961492750846056,2.941786351929215,2.9406610104924855,2.940664313836636,2.9003154572021472,-1.5862433580242545,0.0008833001585143343,0.2726302107907991,0.09558949341936883,0.09560429351537485,0.09558912133430428,0.24036467690286584,0.24037189163227532,0.24035998614333642
0.0,20.0,40.0,0.0,0.6381607207866625,0.6262284879169182,0.6333438804348619,-2.6099278676733224,-2.6381208102322318,-2.6196874690112435,0.633126624908806,0.6336260166866068,0.634216886365001,11.975124960855347,11.969581678526755,11.96668191302291,11.953576728460874,-0.5239680638068421,-2.3584332530908582e-06,0.14883674755403248,0.15645187597519147,0.1564004369761695,0.15638990503784572,0.07953326332340126,0.07965857798906506,0.07957997262546998
0.0,50.0,80.0,-30.0,0.9564240604761054,0.9517432390740176,0.9539857894154671,-3.1248909496631008,-3.140991983559847,-3.1353749983145978,0.9532278894970595,0.9544118963498186,0.9547761796489762,23.48156310010106,23.502185071938552,23.481478818564913,23.430502340764317,-1.047011909004784,0.003079297408715784,0.4255206787425438,0.2982458733197344,0.29810272479926725,0.2981618436793753,0.11942337138086478,0.11962707914769202,0.11946197984937018
50.0,20.0,60.0,-30.0,1.1004715010367,1.0923335168477928,1.0954596162769747,-1.8392898282986263,-1.8561900447069164,-1.850255829559862,1.0956259194093627,1.0947903915867117,1.0958923599967823,17.058085700707974,17.058131867896403,17.05391728402686,17.02933224576436,-0.9538283214154227,0.3011361472999258,0.17324597275545145,0.20970914760920897,0.2096669299344183,0.2096278360442375,0.13851968756431116,0.13856054356193784,0.1386576474402001
90.0,20.0,30.0,-60.0,2.229436512288935,2.09103677981226,2.118463807426367,-0.9200438839855584,-1.125502750408299,-1.0440398753644673,2.1181245153111172,2.1202339109000095,2.118691853971722,5.7074504053160675,5.707573828819774,5.707251323557024,5.706655230887713,-1.2872726109638388,0.15168074106024543,0.07529388204066471,0.053351416907934525,0.05323303443570756,0.053383841010357695,0.2691662984287515,0.26923594305148474,0.26897142591463835
50.0,0.0,70.0,0.0,0.9604216986301694,0.956666992778877,0.9587240868923724,-0.975922928707596,-0.988818401230956,-0.9807301905408413,0.9570760165688073,0.9595519320353796,0.960009893646796,19.230959128654558,19.231731830195038,19.23705751762448,19.20630145301473,-0.44834445599694145,0.31902840587907266,0.04439824111710093,0.22134001100611636,0.22142979704427346,0.2213288171831814,0.12150962187591144,0.12189628945534652,0.1215632268381493
0.0,90.0,100.0,30.0,1.5452512421145967,1.5343432564089965,1.5395517856454368,-2.0785753402635554,-2.1002720703991105,-2.0904265860441886,1.5377696398706215,1.5402838055490051,1.5414860583848586,29.99274362426319,29.986130370116204,29.986456278926585,29.8075870402741,5.581603121698199e-05,0.005309536578109975,0.9000953721935534,0.3910006152775927,0.39132545190147533,0.3912409637458009,0.19321633228599153,0.19367642756969333,0.19338123879127164
50.0,50.0,0.0,60.0,1.706949349574117,1.7003985001156334,1.7036317755556925,0.759923733176865,-0.8369344214929334,-0.03805321256280603,1.7069767927499873,1.7022019257773269,1.7022986686358597,2.6202306507257567,2.6279695549858832,2.6246980593271085,2.591143249636632,2.053481204249479,0.0007056470697236259,0.21869675327859844,0.08529497533896904,0.08560525101145838,0.08540015295461918,0.21620334799492646,0.21561113851363903,0.2162163071095463
20.0,0.0,90.0,60.0,0.3514998779997649,0.3441423264386063,0.3486413213519899,0.4019857315434429,0.3719618972133511,0.3858776945246371,0.3496646671007887,0.3484809306191236,0.3493436060147794,24.586835748987035,24.568811664461798,24.579384596314785,24.548968192062908,0.5434882007792516,0.13868516681872928,-0.05239141915012527,0.2759877409311894,0.2758496887083743,0.2759555589201145,0.04488863013549372,0.044854161432779135,0.04500786052137385
0.0,90.0,40.0,30.0,2.1249410993729088,2.1185352454312167,2.1217098756582016,-2.1358033590269723,-2.1491015534306515,-2.1399023381844193,2.1211920319220825,2.1214416652327523,2.1226837094477413,14.252924892464563,14.242912164199158,14.243334501782062,14.198907260787259,-0.010847181643694014,-0.01724159086851395,0.7373361270833863,0.2300410909475173,0.229964934670465,0.22995738326373136,0.26814456923469454,0.26832923521662033,0.2682927797280589
100.0,0.0,80.0,-30.0,1.8693469097977076,1.8643631929290836,1.8659324306927665,-1.2597116632545495,-1.2670296128415777,-1.264481747851033,1.8652952276290395,1.8659761064845162,1.8664182311052557,21.348255996710687,21.345842852772634,21.341032671000125,21.320789043415257,-0.920824494671576,0.6783862692377418,0.04330450297067691,0.23966009055247497,0.23959260234902702,0.23968122307543213,0.23693639509533718,0.23707728092952624,0.236996475768583
20.0,20.0,100.0,30.0,0.5899008950876425,0.5641330700834287,0.5762343301353533,-1.226532307916901,-1.2827149758300052,-1.2533590554099414,0.5756231630331164,0.5760840464447365,0.5777342217847893,28.166478500084732,28.161496860234216,28.16257441419488,28.07511585534748,0.023025734756617438,0.20527888137898012,0.20005183476070273,0.3336197322161008,0.3335275487135705,0.33357612085186916,0.07179630303218659,0.07206565739894139,0.07199110840741463
0.0,100.0,110.0,-30.0,1.585871515251258,1.5689983780865415,1.5772682399965372,-3.105352119535432,-3.1320923976712787,-3.1262838118332104,1.5791864447382957,1.5786617108315149,1.575941558891994,32.7830845779943,32.79773596411916,32.78483724242111,32.608671927350535,-1.0463344529197602,0.015451039904914681,1.0002759228202887,0.424145935819486,0.42393799555807626,0.4239802350353754,0.19829472773463042,0.19789435687003198,0.19797267283607745
0.0,90.0,30.0,30.0,2.120889179908492,2.115428960301009,2.1182766616609126,-2.155943230819475,-2.1904459305939064,-2.1649508791001795,2.119046879332994,2.1167807882170986,2.1192178617686226,11.512942542409585,11.495522836838111,11.508857865596113,11.451272443273133,-0.020277729791886565,-0.020466307122694496,0.6336036928175305,0.19821834961429918,0.19804571500264903,0.19824490659059504,0.2679025495148586,0.2679105988402499,0.26820949659889715
50.0,50.0,50.0,-60.0,1.4841920058571507,1.4600199158350329,1.4664041774438203,-2.61100511713008,-2.6770293620667025,-2.659792425484001,1.4667690501774786,1.4666021302170316,1.464897754693174,15.078150147952655,15.083685360765482,15.08318921303774,15.051656919360434,-1.4465886755643174,0.2955768266896817,0.34519532400799924,0.20498868178391424,0.20522735599078518,0.20500811568226915,0.1855235880699988,0.1852961402211897,0.18532271790752267
20.0,20.0,50.0,60.0,0.6922533396010393,0.6720874959185326,0.6860121700795913,-0.8702379660190868,-0.9585943683687828,-0.8937639457303842,0.686489036112826,0.6865893089496343,0.6861910471943446,14.604094562950367,14.593460380002815,14.594894340078334,14.569273983672208,0.5679860089387454,0.10220053156459312,0.16017041303899307,0.18468178225036014,0.18453125368688145,0.18465271615091797,0.08634308699305587,0.08630092101045021,0.0862834461040543
0.0,100.0,70.0,-60.0,2.223930184599301,1.830168186683856,2.1020354274583286,3.139112140188089,-3.1383310927775883,1.567255403509687,2.164138840754647,2.160789967713649,2.160299445990519,22.390342101105237,22.405685005889485,22.399433076889412,22.261811617932224,-1.5461714214947155,0.11147795409576154,1.0183774029258086,0.32218099684412943,0.3226128335197435,0.32237971655495706,0.2730552261536713,0.272586330222811,0.27301602548326254
0.0,20.0,90.0,-30.0,0.4501749381596711,0.4436382728738257,0.4470329831155463,-3.090872268262658,-3.13818637492145,-3.11724628320545,0.4494191453390771,0.44668488617656266,0.4464217453144371,25.46302322485625,25.45801983520096,25.464489375829885,25.414841826117495,-1.0466336700406118,0.0053713045251331595,0.19999922713359808,0.304471441116649,0.30428436643777634,0.3044512056643036,0.05523542238843121,0.05485965000111558,0.05518300830731648
100.0,0.0,110.0,-30.0,1.9662432182031548,1.9059227141754131,1.948106707334163,-1.2850294633425423,-1.2989027737603898,-1.2931967092619345,1.9482255913392268,1.9492274755922607,1.9485373415613576,29.652359728990902,29.65869262286373,29.64982615305874,29.575196414658155,-0.9514108814651636,0.982260379910715,-0.002182942108465309,0.33225081869822387,0.33234842495918593,0.3322074467509203,0.24768692445215001,0.24772872403569515,0.2476036366699245
20.0,20.0,120.0,30.0,0.5103715442562875,0.482821514589135,0.4964059796075759,-1.2400955009340504,-1.2905142008040356,-1.269649686102704,0.49791136303490247,0.4983966174908373,0.49971679013675985,33.638771193470845,33.62014626730344,33.6289186685815,33.49599770716744,0.016313751194139782,0.21005935524314348,0.200067219757324,0.3941208756881774,0.3942610226134704,0.3941458301472667,0.06155690538460652,0.06178447702175711,0.06171360229013654
50.0,50.0,30.0,-60.0,1.6490680576474286,1.6089014244392157,1.6227466582542631,-2.269945898618963,-2.424362454529219,-2.3731687688853356,1.6219162185898854,1.6226419205722897,1.6219818610532617,9.24338922863183,9.244732433619362,9.247778977111603,9.231329501562524,-1.3133322856938843,0.22335237286991455,0.2593704304154629,0.13937186106950245,0.1394845600730558,0.139414734536012,0.20552253106819401,0.20553436082216844,0.20544728854773361
0.0,50.0,0.0,30.0,1.4419062558019289,1.429359409610527,1.4363550679907982,-2.607995129798562,-2.634883247202467,-2.6227945702933537,1.4384516678044794,1.4375093030109882,1.433656894557459,2.2006676137774113,2.216481583846307,2.199731049297017,2.1693504030147963,-0.5312640961720495,0.0005451042912567732,0.1543056503523734,0.07183869192532265,0.07199583168106795,0.07172638086387877,0.18249173093390048,0.1818646817854944,0.18199463056135026
0.0,20.0,100.0,30.0,0.4161569321766456,0.3982159139596936,0.4089758642054005,-1.9297342796239565,-2.100197396355215,-2.0437732943038958,0.4089695623506229,0.40945524578540965,0.41042072917007516,28.192614764069994,28.18195276231288,28.181285177746982,28.104235150021644,0.0010419413406697832,0.010894063968335536,0.19898428272992433,0.33406781482398434,0.3340735948055691,0.3340690148846694,0.05009261467161044,0.05025705145272275,0.050200624891096314
0.0,50.0,100.0,30.0,0.9404893910633376,0.9200694414034956,0.9314370920183783,-2.037333421797724,-2.0871245015622417,-2.0740387584556674,0.9294087308297883,0.9347131404040414,0.9331017347239159,29.021883759246094,29.015485536392646,29.013188080773297,28.89135747256551,0.0008145876419132209,0.010733318148187218,0.49913691943924715,0.3599033242670737,0.3600461233603004,0.3598795360956715,0.11629135934163773,0.11673949279319543,0.11607317862220996
50.0,50.0,10.0,30.0,1.7401190384228,1.661146482918154,1.7026097890803167,-0.0944043202451654,-0.9219565690303132,-0.4738657414648053,1.7048461971066358,1.7058919318927064,1.7016983378734443,3.679116953054175,3.6842341675407577,3.6963145017797916,3.653840267711319,0.7760635144652671,0.07929171223742376,0.21432969754970857,0.08876015952259227,0.08895045819107575,0.08916749152208764,0.21635816554434756,0.2159686643389451,0.21582635787653243
90.0,20.0,70.0,-60.0,1.772156275414359,1.7561796083936514,1.759652425410013,-1.9935202415613409,-2.014233301987465,-2.0098264446841347,1.7591719867440225,1.7588815790960708,1.760190748637074,19.22973053757648,19.23949831754863,19.23795337663488,19.20963919773848,-1.4325978981610388,0.5851300589145246,0.17923102836879362,0.2291081998354231,0.22919218383301987,0.22922231675425617,0.2230720042177226,0.22320755618252328,0.22324161811285448
0.0,50.0,60.0,60.0,1.0447319124529908,1.0379882301451933,1.0410012328328992,-1.5797909009190136,-1.5959703245946588,-1.5886481668280978,1.040806581816592,1.0407771688490066,1.0416983899580996,18.096868009030366,18.09297563669575,18.101175867800173,18.066069740926682,0.5217994188152666,-0.0048697459733075136,0.3745077094745944,0.23932398393224796,0.23931349838796556,0.2393528392667456,0.130807119822919,0.13091741480426158,0.1309299998769873
0.0,20.0,50.0,60.0,0.5881816194696535,0.5766008806382484,0.5821994850122852,-1.5656161904333443,-1.6239232026533024,-1.5881804186411783,0.5821930916835872,0.5812479536283655,0.5837777935115438,14.648289182160545,14.648378399977103,14.646956706897415,14.625225467182828,0.5223831309760733,-0.0023069279667039242,0.16143889504981185,0.18563379507479089,0.18529709854926185,0.18537748461418707,0.07273459647349662,0.07294222016376208,0.07303906476358003
100.0,0.0,50.0,60.0,2.092253248422426,2.022818146725632,2.073846679913583,0.6108795411501486,0.4935182929220839,0.5795465318224028,2.0757593662539997,2.0741134888767667,2.0751818685538987,12.323789179045491,12.321405576489846,12.326110853494614,12.322053916642327,0.7382616745433144,0.4136540893556793,0.05237738191761046,0.13225377054824308,0.13225508945947612,0.13222900898609372,0.2635599714967531,0.26348467400869824,0.26369093617599604
90.0,0.0,120.0,-30.0,1.6198176285664825,1.587030383522797,1.6097688359632403,-1.3564600726052738,-1.373413640588157,-1.3662639346091883,1.6081061744078085,1.6129206287272326,1.6113425337585623,32.695484649339974,32.7053855148802,32.69514154279517,32.58592594263813,-0.9741238099973529,0.9015592492640895,-0.0017662720802155715,0.36896906299036325,0.36895228897224686,0.368922102663718,0.20460639452554175,0.20498785262114236,0.20439258907268296
50.0,20.0,100.0,0.0,1.0954599364143005,1.0704332451307037,1.0839542580473032,-1.2742583160097092,-1.2904929207902538,-1.2808532478420813,1.0828802768755734,1.084950030957133,1.0842497200089132,28.00072824146411,28.003551749489382,27.99313648837955,27.916338206910385,-0.4666397156346779,0.5028974736585969,0.20020495321039725,0.33057874179316643,0.33065117681406486,0.3304049192875242,0.13706002049862623,0.13723616908090566,0.1369692732166217
50.0,50.0,40.0,60.0,1.5113564258843075,1.4726052276282788,1.5008201885462973,-0.4943835072173088,-0.6284202301683129,-0.52984963450857,1.5023505966184936,1.5021343903375515,1.500094227781044,12.327746926147933,12.330402198309423,12.335913721009565,12.30290621227577,0.6829219472439673,0.24649330353348783,0.3116961948487661,0.17526388756394987,0.17528763743752077,0.17530957626665655,0.19016314643533455,0.18988483524602695,0.18991221460802238
20.0,90.0,40.0,0.0,2.1237684793636245,2.119186942634298,2.1212291709592055,-2.674781443190105,-2.7002200342071414,-2.6924657594530883,2.1214380721138597,2.1205513038147954,2.1217817626762514,14.235703479645977,14.238241009590862,14.238348940033736,14.189164898161293,-0.5410334804307653,-0.02855719510617731,0.7371162604408454,0.2299839848017987,0.2300309797299367,0.23005410060933312,0.2681241537171545,0.2681607620005421,0.2682863481799507
20.0,0.0,60.0,60.0,0.4147206867452606,0.393184781343391,0.4073410161144086,-0.2854722987584219,-0.3480574033390624,-0.3099975693140125,0.40744283760109745,0.40722247156584046,0.4089699809894379,16.7152347997248,16.709724636518324,16.714586570593198,16.694975588849253,0.5586454576269199,0.11077320660114398,0.045274783654504096,0.19526888245207527,0.1950017092793014,0.19522485295508724,0.05124846339881565,0.051434999944395446,0.05145927601654759
0.0,90.0,120.0,0.0,1.3657412369915258,1.3493428460819652,1.3572049022038473,-2.6005650674011247,-2.6134746500013164,-2.6089187426335454,1.3615707098293905,1.3547328911044962,1.3601174128738063,35.1958435452082,35.194702086185444,35.18707006455456,35.026392841368065,-0.5232922890674989,0.009437504202663304,0.8994608835758385,0.44443606800397983,0.4444044563933636,0.44442379360079304,0.1698912188219737,0.16974899309105493,0.1705657806053223
50.0,20.0,110.0,0.0,1.00302916543648,0.987633781980417,0.9956961011957925,-1.3002616876123083,-1.318115655874278,-1.3086346529382247,0.9957056484204814,0.9995675802022338,0.994050232911777,30.78431611744089,30.783469132476522,30.770358399920724,30.662500668665253,-0.47632662468183945,0.5048383940811348,0.2001006197147436,0.3611762267529229,0.3613403665378431,0.36114991825906495,0.12614221695137265,0.12591245318716301,0.12545531085488165
50.0,0.0,10.0,60.0,1.222030674648637,1.0818797326870475,1.1283325859907873,1.0508117576014084,0.0580898553189221,0.5288146828493938,1.145836623890722,1.1405223494653418,1.1447420932940078,2.6156963618520113,2.63717773807066,2.632061180775922,2.3900011154397167,1.1682294427645044,0.045428326173570004,0.07440753886825653,0.05554789645150248,0.05606918911671396,0.0561145261669892,0.14494765905518003,0.1448601116548637,0.14555242523373618
0.0,20.0,50.0,0.0,0.5893181356115434,0.5861654910541034,0.5875952591691487,-2.609883234418004,-2.6338457528673347,-2.6211350399857523,0.5864862057780911,0.5881558985620433,0.588617210839167,14.653483436236096,14.658606408764786,14.657694128184014,14.633324098186163,-0.523960715891799,-0.00022865883971279677,0.1632235709634102,0.18559011842279585,0.18575293880729987,0.18545673475929522,0.07347659087962544,0.07374768747072631,0.07353119834627776
0.0,20.0,40.0,120.0,0.6557918799867815,0.6250541201061347,0.6347338487221026,-0.5064591402525078,-0.7061370512874332,-0.5622454019684744,0.6374659438988106,0.6361192434015592,0.6352436516932859,12.00357425798531,12.003420229546837,11.996741918130589,11.969530958416563,1.5675160932287675,-0.004810151185561959,0.14824482238444323,0.15659567149031767,0.1565332851337528,0.15665572341102832,0.08006107396490209,0.07978843647848927,0.07992944420445926
20.0,50.0,80.0,30.0,0.9374120873743604,0.9252798059135324,0.9314370924647061,-1.6350108248543394,-1.657538416031285,-1.6466495590437336,0.9294124219925252,0.9336367428302573,0.9324054660394568,23.315986876253465,23.306340251308022,23.30744015500354,23.267180786728797,0.026019997822952477,0.154224738408441,0.378964044210941,0.2929146027765267,0.29326823835325994,0.2928690221707965,0.1167320095282116,0.11709612738631356,0.11657295038786836
90.0,0.0,10.0,60.0,2.114013533730624,1.9339401145196555,2.0516092369913728,3.1391094405796838,-3.1380702602517214,1.3658495746751913,2.0561207363984515,2.0565598568772376,2.0549877301035804,2.6208602438467916,2.621670101726869,2.599479862143231,2.058633260328358,-0.008531331205987218,-0.03043938005898801,0.25280697507470357,0.0869739175284179,0.08697585955505026,0.08684221762229284,0.26084499217691226,0.26070053365395235,0.2606445257117003
50.0,0.0,60.0,60.0,0.9918757178870338,0.969176527913238,0.9867294583056566,0.0983896366710457,0.0585398961603242,0.08786443007504025,0.9873907193965825,0.9866765471819416,0.9875523110528459,16.448955459050577,16.451292697389704,16.457940531539215,16.43606308169656,0.6140252326205915,0.2808011880789821,0.045985524770800625,0.19015132762977852,0.19017291355547172,0.19022270072245137,0.12520743270626697,0.12523122355628052,0.12531515545266753
90.0,0.0,0.0,-30.0,1.898914120178604,1.892189458283237,1.8954210072259627,3.13839474870168,-3.139742724211459,0.6611013387522473,1.8960825175746827,1.8961291984511066,1.8961492750846056,2.941786351929215,2.9406610104924855,2.940664313836636,2.9003154572021472,-1.5862433580242545,0.0008833001585143343,0.2726302107907991,0.09558949341936883,0.09560429351537485,0.09558912133430428,0.24036467690286584,0.24037189163227532,0.24035998614333642
0.0,100.0,20.0,60.0,2.1221049672785304,2.109013489759407,2.1159184344355504,-1.7066666186843624,-1.908466758484664,-1.7792182750415722,2.1157782329517993,2.1155848202810277,2.1168164506981766,8.707109202802886,8.704131765242362,8.709847642108635,8.66808410518548,0.44634495426219967,-0.041303485100589454,0.5263013594504677,0.16582727103565997,0.16568969611319026,0.16584945660164488,0.267806998766866,0.2679407091156346,0.2679797077114996
0.0,50.0,0.0,0.0,1.4419062558019289,1.429359409610527,1.4363550679907982,-2.607995129798562,-2.634883247202467,-2.6227945702933537,1.4384516678044794,1.4375093030109882,1.433656894557459,2.2006676137774113,2.216481583846307,2.199731049297017,2.1693504030147963,-0.5312640961720495,0.0005451042912567732,0.1543056503523734,0.07183869192532265,0.07199583168106795,0.07172638086387877,0.18249173093390048,0.1818646817854944,0.18199463056135026
20.0,50.0,70.0,-60.0,1.0689708200443238,1.0612743834129788,1.0649973898961071,3.040654004837521,3.009405379182453,3.019040537544638,1.0661171335736896,1.0638398477925646,1.0654024555566735,20.781335580342855,20.78208527652414,20.77777524568035,20.733018906764045,-1.5407284082652455,0.13938523864176688,0.40685200529451065,0.26861536711502504,0.26869656620046,0.2687442817094133,0.13378010561719852,0.13372584038049729,0.13400057243334154
20.0,90.0,30.0,60.0,2.1240640876231938,2.1132501933793315,2.118823715443357,-1.6740371562552283,-1.7721650097775998,-1.7029780853808014,2.1169477606737113,2.1195609592459714,2.120276716030132,11.472030408428266,11.465016662948127,11.476516011533475,11.447581843359224,0.48617975079193193,-0.03940980706375947,0.6295215960728079,0.19665661104524781,0.19672403598363425,0.19681608537834983,0.26790880565407216,0.2683119483827567,0.2680144294898276
20.0,50.0,30.0,-30.0,1.2992451354501569,1.2866933282542756,1.291968398613975,-2.571732078250511,-2.641799200142579,-2.62047011262998,1.2913161571936336,1.2915884762452645,1.2927678996754677,10.00472710056146,10.003655871500994,10.003697215902971,9.988126436090155,-0.9503440351664483,0.09245898489548113,0.283401617953805,0.1527068359849485,0.1525423264629904,0.15262595695757655,0.1631908825026265,0.1633648709976953,0.1633309986341331
0.0,20.0,20.0,-60.0,0.7512900064542083,0.7290349948627914,0.7370265051227478,3.0432924795226803,2.6882914418194823,2.8221500923217384,0.7374302257238489,0.7371848831966261,0.7376088769143897,6.60189006806179,6.597734711951325,6.601347502261812,6.587181201218138,-1.5371331574219438,0.014806657719206064,0.10817058331795848,0.09935134752829593,0.09928013901901533,0.09922677763300258,0.09309071098321005,0.09312222427822003,0.09315410544415093
100.0,0.0,90.0,30.0,1.7578265292075177,1.7520730330083547,1.756421783319608,-0.1319368982334677,-0.1408322418814322,-0.13559279723999101,1.7586711063457874,1.7545398779531802,1.7563932988365545,23.912647397083468,23.89396697295515,23.89557567730587,23.871693399882158,0.10308478693406055,0.6974449126186198,-0.057624068396247285,0.26203704246381765,0.2615657755429803,0.2617916473039158,0.22333945564688878,0.22303346839583257,0.22358068335565529
50.0,50.0,60.0,0.0,1.3831666764452202,1.379429013845809,1.3815151632413603,-1.675344550853229,-1.6818543476236347,-1.677358274775743,1.3806769083673496,1.3827430900503825,1.3813575204186794,17.84067556916533,17.83636208081253,17.82953347908571,17.806740943395102,-0.42906632434136177,0.3194353465932334,0.3720521900463382,0.23485004339571028,0.23472321381373343,0.23472690973339336,0.17453791250505635,0.17461822355236428,0.17436100233126509
0.0,100.0,100.0,120.0,1.719551720244499,1.6710442969903416,1.6835784164816974,-0.1280214407414718,-0.5292945816599355,-0.46048990433244796,1.6821847849955998,1.6842421912526588,1.6833070891956252,30.195927035567074,30.197300276326832,30.196087767614436,30.004113649078498,1.575840371500469,0.05932535685425079,0.9964507099444389,0.3976352729193445,0.39789852401712267,0.3979778085733782,0.2116546399174721,0.21177143061449452,0.2115377232201814
0.0,100.0,20.0,-60.0,2.118367052829485,2.113104799016657,2.115897042676317,2.84434969205002,2.5258874597920284,2.634783717110819,2.115206721866491,2.1152820806843224,2.117340656060643,8.726114177251496,8.72741165207162,8.730100514227704,8.679565315727041,-1.5657011163848389,0.0056506627189367,0.5342578681276252,0.16738551351636924,0.1673690542292072,0.16739463975636953,0.2677010583269855,0.2679681243285454,0.2679651450281463
0.0,90.0,20.0,60.0,2.121271061273921,2.10807091510896,2.1158523439515187,-1.6926729047271296,-1.8778835719309468,-1.7572623498056288,2.1141857129202997,2.116622206575812,2.11724338751899,8.71086156809444,8.708133132462011,8.713040257547087,8.67653825785145,0.4544069034298361,-0.03698026206036929,0.5272221228518539,0.16584263906717087,0.16576685987311163,0.16584851266169753,0.26774374838880766,0.26812749034436706,0.2678334728432926
20.0,0.0,50.0,30.0,0.4414350592093624,0.4240860434600124,0.4356568237378542,-0.8463015847536539,-0.9179615449191748,-0.8710865313633176,0.436532949270049,0.4362132506160494,0.4357096944277713,13.993366468519463,13.98480906454588,13.984891448271496,13.986001015814109,0.0441782368263087,0.09745852381336448,0.047627651897744074,0.16502835025146942,0.16495487460225236,0.16477739365805297,0.05502830362059751,0.054928046628125886,0.05495964180643638
0.0,90.0,50.0,-60.0,2.127721424077861,2.122227645225341,2.125317983063613,2.61481556025899,2.5637080683719256,2.5769800976346775,2.1244256348738606,2.1249998713718186,2.1267274895330313,17.00830589749358,17.025720986750866,17.017186211891506,16.94779009960137,-1.5790997589958673,-0.018866428803462225,0.8401105782433763,0.2620218567399069,0.26234391929506834,0.262002451374626,0.2683373277856208,0.2686558807048142,0.26857213862325524
20.0,0.0,40.0,120.0,0.4735234840264789,0.3764720708039115,0.4471304564415956,0.7134486283067834,0.271636071960838,0.5954103220111298,0.45028036739871224,0.4482122280264541,0.45033635861114885,11.316020962935024,11.317136541289745,11.322143229821904,11.307330650876832,1.624438831043145,0.07588790835928161,0.050581726736843594,0.13659625985825488,0.13663942424077646,0.1366073428668923,0.05659946799181268,0.056608015759265155,0.05687137189738306
20.0,90.0,20.0,-30.0,2.118402877287455,2.1128125416732213,2.1152925413080292,3.141236915941884,-3.1410419531041223,2.73974533040435,2.115144774933824,2.115221402996605,2.1154823097765694,8.714460084007865,8.71550169249138,8.715550554726134,8.67362733244896,-1.0871965894544762,-0.019445550769814218,0.5336695045990104,0.1672286364357865,0.16725184472751672,0.16722597194416822,0.2677776284676904,0.2678194531242309,0.2678154259024025
100.0,0.0,20.0,120.0,2.1240304579272005,2.014279377306224,2.0956910104507878,2.981975277781351,1.526128389472852,2.310715374722538,2.095866853170738,2.1001537497702727,2.093794556476892,3.1382896829759024,3.1267190067937687,3.1170684044180352,3.0323754059066736,1.8184046813599626,0.06015962002372334,0.15873769146531266,0.05824906595462421,0.05803953944570099,0.05826793160823989,0.266492378316169,0.2662263911766357,0.2656658556915634
50.0,0.0,40.0,60.0,1.0798835501733484,1.0240644727325217,1.0641285071459259,0.200104216820085,0.0624585451716424,0.16256450961691868,1.0655573323891356,1.0646187441998065,1.0650094256086178,10.86789895236805,10.863692856088372,10.868435610607795,10.85840793843885,0.6702251907551942,0.1997443563282661,0.05140687384458692,0.1279579317912119,0.1279056527059185,0.12794468989948302,0.1351658169834722,0.13509746826016217,0.13521602643668293
20.0,20.0,60.0,30.0,0.6448088668562534,0.6380432632127846,0.6426182246627722,-1.396710008398452,-1.437345184236973,-1.411723850834202,0.6425223307931643,0.6424141780515514,0.6434391240143401,17.289496377149117,17.284898101317438,17.285409396156556,17.259616819303133,0.03533387551250158,0.11592813178333178,0.17016362340404048,0.2136031740248814,0.21370471324528728,0.21371627985911032,0.08056695997510872,0.08067483940237986,0.08070300674507677
50.0,20.0,60.0,120.0,1.0865104996445043,1.0446372704525966,1.0787439084838288,0.7746288270087041,0.6881030977396996,0.7582888361132358,1.0795257955712843,1.0788183101094388,1.0800823572301492,17.057881443016033,17.061047091514155,17.060528301097,17.03456174724213,1.66247361063394,0.295221131277154,0.17233595426920634,0.20952100641883664,0.2095676610695443,0.20968153917367047,0.1364775276915633,0.13653979217038936,0.13662831131013922
90.0,0.0,70.0,-60.0,1.77943784926514,1.759612501916821,1.7647090894882405,-1.7569341176265287,-1.782242718521095,-1.7751842183828435,1.7653068578525313,1.76418462885595,1.7639931673227476,18.605740441064277,18.6145489161668,18.618414724864483,18.588306224997915,-1.4342128157999339,0.5589890571775479,0.04612936022131485,0.2092397724248528,0.20938032642142937,0.20934830697030235,0.224158536625929,0.2240070163192779,0.22414808865608854
50.0,50.0,60.0,-60.0,1.4140717866235857,1.39906948822943,1.4025030667344898,-2.6856255645907217,-2.723149823914377,-2.715568181936206,1.4016039206930386,1.4025653151367619,1.4028533557089264,17.839487902325185,17.84838247351508,17.846219631317553,17.81307878524815,-1.4742428675868058,0.3266479441656359,0.3768374572650411,0.23511438889262212,0.23531646268958709,0.2350489923487286,0.17707981136560727,0.17724414946622152,0.17710837046601877
0.0,50.0,30.0,-60.0,1.238535175669914,1.2265419868296246,1.2322172956051973,2.820337066161569,2.614061560980566,2.6772137113783336,1.2323846762162265,1.2317199126718568,1.2328893101920813,10.117947999130084,10.12048999773951,10.121799441336876,10.101674171614068,-1.5604435400309462,0.01153410578994212,0.28740811118118925,0.1546786643659997,0.15472327743573017,0.1546980063603395,0.1555984972922669,0.1556706872183292,0.15574712903305737
0.0,90.0,50.0,-30.0,2.127220015085596,2.1219245735538586,2.125142697306505,3.1201828033998105,3.0931695688674616,3.1008590996545116,2.127652932086479,2.123866043716332,2.124120558400361,17.013714558824457,17.013443639172866,17.0226909353651,16.947921097147557,-1.055450996331276,-0.0189528392570559,0.8400595952878871,0.2620173734727238,0.262130825668082,0.26231796976222327,0.26863969152646927,0.2681838236374184,0.2686889951050435
0.0,20.0,40.0,60.0,0.6346255882607253,0.621240003423329,0.6290607266900031,-1.563927367370184,-1.6456744364945417,-1.59459339595823,0.6270512321016465,0.6314834100768412,0.6296517908366434,11.962092937495566,11.96714919890853,11.965969172646513,11.947238892325997,0.5214789905547801,-0.002793084950713488,0.1475692613873143,0.15635692204004345,0.1563324557807173,0.15635128361074918,0.07901467351892605,0.07935317000907142,0.07878940559086967
20.0,0.0,50.0,60.0,0.441271413944028,0.4098172831014063,0.4323290455114323,-0.3247036136246741,-0.4414483896246603,-0.354552341405638,0.43366422717857894,0.4324652649971023,0.43330356325906133,13.995259761493264,13.989841311354548,13.992076086707774,13.988385904690666,0.5673272711265911,0.09637118282550698,0.04784453167320553,0.16503146769153476,0.16495192581344423,0.16506101324583236,0.05456041786200892,0.05451610442801022,0.05467765963716579
0.0,20.0,70.0,-60.0,0.5152425584975084,0.5100393600931585,0.512189611601299,2.667789650467756,2.618438134865077,2.6335605092784866,0.5117573460341115,0.5120506662432565,0.5133345311565497,20.044566668919735,20.054453243868302,20.051346528398575,20.016118956669363,-1.5703084124836664,0.003102952954920613,0.1861170594228493,0.2444011121639292,0.24446685693451978,0.24443997288594435,0.06355591050517849,0.06375298415079003,0.06371372884500505
0.0,90.0,70.0,0.0,1.9102637376660896,1.898370474933028,1.903811033157479,-2.5631748539656525,-2.6228454787588515,-2.607259975365886,1.9028331623790138,1.9038536040856284,1.9046897697735474,22.23750253298188,22.239644321563524,22.228002924623578,22.11182633833189,-0.5225917910045476,0.009088048224496914,0.899769421521085,0.3143110979616709,0.31444368163639713,0.3143110902392623,0.23999774884337186,0.24023533256192164,0.24010570689804275
90.0,20.0,50.0,30.0,1.892392884891418,1.856058476496928,1.8828195725180077,-0.2453516222067644,-0.3107574939151138,-0.26174096385435947,1.8841327728598753,1.883393391155294,1.8828773463728667,13.31071120275826,13.30723418913116,13.31118892509804,13.305148316821427,0.20803445810593765,0.4333635647540861,0.14888154131066092,0.1601410439228811,0.16003592380153586,0.16014258964206227,0.23908198766924646,0.23892310212184936,0.23901851073285002
0.0,50.0,20.0,0.0,1.2987270611043926,1.288843872929027,1.2938389911892323,-2.620300087239373,-2.6359860500302705,-2.628140557950428,1.2949448268152797,1.2922448149782415,1.294819474102622,7.482506344616954,7.4631626636612864,7.469972237302042,7.452219732758705,-0.5270269657385717,-0.0008319342708609832,0.24747164180115233,0.12687061848989906,0.12672182478184837,0.12674539430680426,0.16358672381780917,0.1635536698647827,0.16391356442981153
90.0,0.0,20.0,0.0,2.248654799167301,2.03249841851246,2.0898767544871717,1.7838082881137047,0.1146078548391092,0.8170173962508125,2.0891253859009176,2.0886787570312846,2.096112843304826,3.2413665367203413,3.2498667404848294,3.266418061987111,3.0367399603919023,-0.7482134518694816,-0.04570006994549477,0.15465755970158399,0.060103682009257094,0.05989101705361502,0.060159401265974896,0.26485048884868007,0.2657309328686932,0.265795549460235
0.0,90.0,60.0,120.0,2.146741122743415,2.12362024599307,2.1302313228557765,-0.546443667978056,-0.588296100175392,-0.5561910950872218,2.1314521633616854,2.129652221287111,2.129298029772391,19.770246008677592,19.762578329269076,19.775790130175675,19.731767775757948,1.5651881210924545,-0.019228067642986426,0.9380066807733265,0.2915647871259565,0.2914256093025686,0.29181286031306775,0.2690591405402089,0.2687674864142306,0.26898520724826913
0.0,50.0,100.0,-60.0,0.9416673840168248,0.9243874431207642,0.9324083495858161,2.637244718824137,2.6091388469246697,2.6277419521389964,0.9300248616755229,0.9362611553990199,0.9335332530178798,29.011181661220803,29.02446294135091,29.01983296116111,28.893573484443706,-1.5704950362578214,0.005640850675070356,0.4999491162466321,0.35984052859552046,0.36013674168300036,0.3600337102515703,0.11645549527887734,0.11687793767077578,0.11609709443742132
20.0,50.0,0.0,-30.0,1.4840114562608029,1.4727661967947274,1.4781150085167976,-1.28722152857054,-1.902688842553763,-1.5929305303941532,1.4759017299788832,1.478909397725784,1.4794714761205077,2.271873543609965,2.2657513829221596,2.2716878580280446,2.2386465097123334,0.4986240551899614,0.0005622068842956419,0.16391076488812528,0.07406753931937497,0.07388974026821138,0.07406931438729915,0.1872139487825317,0.187666465565286,0.1872898034974288
100.0,0.0,120.0,-30.0,1.7752718258496567,1.7305350439715332,1.763594280363332,-1.3344360795205168,-1.3521899619585804,-1.3445050064705748,1.7615903694356085,1.7668193122593774,1.7660048140308702,32.61053834531819,32.61858406592745,32.603933146395235,32.4996581006525,-0.9672855525093611,0.9829066413412609,-0.001962084315342235,0.36707460548992576,0.36713507133776985,0.3670639148270566,0.22409405405615565,0.22461927872319992,0.22396545588174477
20.0,0.0,100.0,120.0,0.4198005549110228,0.4130746182114435,0.4170793392954446,2.127946470399104,2.1023281397438347,2.1133840636718597,0.4145849811070225,0.41887978748166077,0.419277890118798,26.972345698823883,26.967723509120802,26.985615380485196,26.940225092624924,1.5821252542828146,0.09636203619669019,-0.16679929568828294,0.2954132436199805,0.2951841973894495,0.29574020154584874,0.05433402413893428,0.05492780979569127,0.05439658913002183
20.0,50.0,40.0,-30.0,1.2334880834952704,1.2249918938016062,1.2279362174688957,-2.648065261645992,-2.7000590725291422,-2.683941729545366,1.2280144419546677,1.227598347205878,1.2279847832723372,12.711439206082153,12.71557474691001,12.716724357312806,12.68736460016456,-0.9829887358433569,0.10394243543367758,0.3204062389045594,0.18189627708381725,0.18204686590746588,0.18191669861081317,0.15497175940300506,0.15498965527667238,0.15504017567070771
0.0,50.0,120.0,-30.0,0.8191280847444278,0.8039240638082963,0.8105688033848512,3.141291172515796,-3.141526216517568,-2.798434238979668,0.8119441836538012,0.8111621372190598,0.8106400630542926,34.3742309278667,34.39080791898906,34.37079311289761,34.204123144890346,-1.0467773586826516,0.009244907581397776,0.5001609589872567,0.4179024529600453,0.41765917390363916,0.4178668975806952,0.10079980097586806,0.10062153356875217,0.10071305199954213
20.0,20.0,0.0,30.0,0.9911991513792504,0.844144332879571,0.9221604899687749,-0.9777438748898318,-1.698394664523588,-1.3407871363366546,0.9513625465320972,0.9546183742822952,0.9511997498270709,1.8968297951025355,1.8838148790798432,1.9080347448909734,1.4027520940700147,0.7486473970873593,0.0005559910563612677,0.0721238609545796,0.05746991392769531,0.057261027116277896,0.05747095822802423,0.1209360019313899,0.1209381877774891,0.12047369489865861
0.0,100.0,60.0,0.0,2.136023652123044,2.120823174668557,2.1280777342097625,-2.629629087794401,-2.649291083084425,-2.6397840837285824,2.12997297561136,2.126058832139426,2.1281854862347656,19.80515339416814,19.79862056551504,19.799452585405994,19.70210156539111,-0.5276232008014505,-0.011587598383673242,0.9421335622727471,0.29408371667557465,0.2938267080717858,0.2939580967567467,0.2687209750813006,0.26849979894606996,0.26897514954421564
90.0,0.0,80.0,60.0,1.6808413463303558,1.6692713244538495,1.6778345614533672,0.292150703701833,0.2803711751734964,0.28864139969072844,1.678945558628807,1.6770813507829858,1.6780197680149527,21.442968403659698,21.425447459549346,21.44620191682538,21.416737017013407,0.6372813815029805,0.613242884277556,0.025713838838279785,0.24062327471127587,0.24048561725143014,0.2405706073654669,0.21315369531612857,0.21303994794052866,0.21328261926473152
50.0,0.0,20.0,60.0,1.303834329119056,1.0572378218215408,1.1446666194864386,0.609924497637388,0.0383441224948458,0.38715005697141164,1.150655409762823,1.1472179554522586,1.1486635587181044,5.11027231056041,5.093508992363643,5.110386606959706,5.102568569331081,0.839918901767625,0.09998283917932331,0.05838647880558253,0.0679424118811136,0.06771858553401758,0.0677781064688594,0.14584798284639414,0.14555160679964174,0.14597124601855985
20.0,90.0,0.0,-60.0,2.1138660345313203,2.101995268931052,2.107796018247533,3.1414211508559817,-3.140565935493992,-1.9152209720469007,2.1060897203455653,2.108687495014294,2.108441727256394,3.203370068912037,3.1995837681637953,3.2058071710776734,3.176498338213539,-0.9044710941517862,0.0010459662499807101,0.33200273999855107,0.10438691943872073,0.10428120969025974,0.10443978827272761,0.2671351363376595,0.2674300499287373,0.267103209486735
0.0,100.0,60.0,-30.0,2.136402209043133,2.1219431930766643,2.1282148893702746,3.1208778185550528,3.0915566473315423,3.102934342988822,2.128516561903316,2.129028668714732,2.1270031784275605,19.785160148606217,19.788499460649412,19.782355353816484,19.700859319029792,-1.0539669124814515,-0.021754610165918616,0.9418587537731233,0.29387636053626703,0.2939440912204378,0.29388238038297393,0.2688849496917178,0.26869523727181976,0.26863005316403354
20.0,0.0,10.0,0.0,0.6304839114904379,0.4849639332590001,0.5574011338847842,-0.979146026188959,-1.471245784190358,-1.2300765355847108,0.6322650765482049,0.6358972523490679,0.6330885087894338,3.323364707985718,3.3639022679897743,3.3366785456965813,3.0269268819855406,-0.2476351183282838,0.026265468501062882,0.04234807077731513,0.061210056586139525,0.06094915836787159,0.061062050227059336,0.08032999429115167,0.08040283387190048,0.07995787543277941
50.0,50.0,40.0,-60.0,1.561507738417909,1.528918846139519,1.5383657670489372,-2.486406535606674,-2.592213425187441,-2.5617143013528523,1.5383058478267215,1.537041173251354,1.538509613441635,12.25153985757933,12.257877273072088,12.254425693206322,12.223751511195498,-1.4007328987637704,0.262302574253509,0.3069766126443603,0.17391022304915033,0.17378348677582436,0.17388796892663266,0.19458197501590108,0.1946095038636132,0.19475781698505612
20.0,90.0,80.0,120.0,2.119620075402596,2.095012126738686,2.112023318798567,0.8978444279357867,0.8571718439113792,0.8894705845795007,2.1123848681820943,2.111505011959589,2.1124690292437363,22.76698915511192,22.776835715483774,22.771476703514566,22.718937182106067,1.7097012548627888,0.7954412267113391,0.4566915400687061,0.28692106266953965,0.28690812073669225,0.286802673072986,0.2675225741321744,0.267539238225536,0.26764369148372297
0.0,50.0,110.0,0.0,0.873810040509625,0.8601911070218655,0.8674012693093989,-2.6015564291381708,-2.6135615443875406,-2.6077357619080384,0.8699566367656334,0.8678834278723436,0.8676609976933636,31.68816812300395,31.674318902042454,31.67527601365288,31.54461608579281,-0.5233256046659536,0.006458892213985139,0.49994700977521683,0.38882092132156965,0.3887682993464376,0.3883148113696247,0.10816006490195286,0.10789206059991852,0.10814370439166332
20.0,90.0,50.0,120.0,2.149903313436721,2.119783898395933,2.128351098859924,-0.584384674348624,-0.679420285987655,-0.6031708327158358,2.1289843917761804,2.1267155614667987,2.1297776655155647,16.99910836035454,17.01139204852945,17.011384209585458,16.97664885216328,1.5554015869332787,-0.04009150388219873,0.8343504049226579,0.25997692214279405,0.26025551727574203,0.26042145177771175,0.26875137287812734,0.2688480038048547,0.2691498675792664
0.0,100.0,90.0,-60.0,1.813564041567748,1.7880557415731098,1.7954004973455295,2.7710826414232206,2.631027526176978,2.655269088056319,1.7935460530597345,1.7983018711271677,1.7951305504252524,27.605051737645066,27.617097544885155,27.612421754146798,27.441990976317815,-1.5674236111046638,0.033296080147907886,1.0002849150154103,0.3720665199730233,0.3724224440352622,0.3721497641482191,0.22605681619041745,0.2262618540891712,0.22566516019969324
90.0,0.0,30.0,-30.0,2.1883711372852166,2.0404742713746287,2.0852989099734693,-0.2077856381321789,-0.4899077550335886,-0.3633454286084818,2.096276956467137,2.094210113484435,2.091889811820682,5.51665955856356,5.533003191747955,5.5391432432052925,5.437167266418806,-0.8391123752356703,0.10785039525108622,0.054939511969703515,0.046504276868492816,0.04683693384263134,0.04699319592491366,0.266280368889721,0.26575139722406105,0.26596673296468143
50.0,0.0,80.0,-60.0,0.9466647411347384,0.9376500000508944,0.9396050854161363,-2.031375176882828,-2.0478531196053167,-2.042142073249641,0.9395573799047561,0.9389657613626383,0.9402215399664531,21.990366108574136,21.990265535194677,21.995902963907646,21.967835961138668,-1.506289928148188,0.35777766963904395,0.043126095641423674,0.25223079972299606,0.2524244056190863,0.25240083941458646,0.1191075483565027,0.11920794192866317,0.11928370317265763
20.0,90.0,70.0,120.0,5.810541287474637,1.5433901695771668,3.643925498774306,3.139929910776245,-3.137904401046713,0.18062702622149202,6.704652803870143,6.6857672040903475,6.678719938931584,23.52168386329939,23.55022733220831,23.5524399910704,18.60277864534107,1.553106213743576,-0.0608689597644217,4.533999384737076,0.5252053800092628,0.5245403515897062,0.5243180664260298,0.8489790144213352,0.845093342550038,0.8473407026895456
90.0,20.0,20.0,0.0,2.1281373827981573,2.0128606882787707,2.090780362452094,1.1033933879981306,-0.1653558543513067,0.4216756110286997,2.094094028876892,2.086957430510432,2.0925620710904074,2.8266231589705897,2.8329021007002555,2.841110220763285,2.753695005860015,-0.42311988848689436,0.024222838641908523,0.1444294577161822,0.05159222783935886,0.05167999539501325,0.05158783674836019,0.2652984582809378,0.2651019180776665,0.2660068001454394
0.0,90.0,10.0,60.0,2.116567746351223,2.105008162640692,2.1109356811881965,-1.9335212347354611,-2.1708598790430744,-2.036595170819775,2.1100837255864766,2.109947892249645,2.1127101316532597,5.848292543495855,5.8398942613124465,5.844036296769426,5.792965831784059,0.27182250930868734,-0.04436107750162445,0.41871027169632086,0.1328529603864711,0.13278621237034183,0.13278070753767143,0.26722165923054214,0.267564884845601,0.26758097894746574
20.0,90.0,100.0,60.0,1.6124296700768252,1.5701143696775977,1.582102265647481,-1.2457381116394133,-1.3031185617510943,-1.2900813448003399,1.581400172922766,1.583189424065433,1.5816546723873068,29.975514216638516,29.961082225950154,29.973241767084286,29.78668721488796,0.5455553356411148,0.21169518947288973,0.9010131104499001,0.39076297812864674,0.390845065365566,0.39112500068490674,0.1989211843881392,0.1989401515498658,0.1987214674905917
0.0,100.0,0.0,60.0,2.1148113772935075,2.1017105374740352,2.1078021598788426,-2.725877244670297,-3.0167047620638017,-2.86655790257103,2.1076091975899507,2.108215988740014,2.1077744120292685,3.2074953374677917,3.2060574801060175,3.205685694337885,3.1786755554112838,-0.7750061153636085,0.0010539038087939844,0.33219992660059056,0.10443990114553219,0.10440381106380932,0.10446695402665516,0.2672493577376459,0.2672657536022251,0.26719436376855144
90.0,0.0,110.0,-60.0,1.7906553527039146,1.7471248179669567,1.773590221088575,-1.833597373742574,-1.8496408320216973,-1.8429331043507269,1.7725284719976548,1.774335389126817,1.7746087558193533,29.768797646206338,29.772753738077395,29.77148613737955,29.692154079031408,-1.4833470180365822,0.90083953274651,-0.002606269497542911,0.3344413178232268,0.33473613845152317,0.3346297967229112,0.22536020376901192,0.22562223129166536,0.22539430024132887
20.0,50.0,100.0,60.0,1.019364172599822,0.9997021641736388,1.0074462552566699,-1.0969328853002362,-1.1383414436089858,-1.1243666752421608,1.0074855254889419,1.010072559762234,1.0069971368853483,29.00331479494605,29.000203638611364,29.00454476337416,28.867465478404394,0.5462306448720289,0.2086954305116837,0.4994544849496977,0.35943820452745373,0.3598029823081348,0.3596906483380536,0.12628665667239602,0.12622355345910333,0.12593165494158884
20.0,50.0,60.0,-30.0,1.1171706294306256,1.1112491896775265,1.113867273922547,-2.723441684968097,-2.742164781301167,-2.7372493160247804,1.1145834367630851,1.1137527612249873,1.1134664193697141,18.089568861907416,18.09229598798966,18.085544447019977,18.053034264649597,-1.0107927214777006,0.12581968030944238,0.38158410407220433,0.23950702141764013,0.2395366363743772,0.23936820654953714,0.1402588228338156,0.14011814256417712,0.1402426862617746
20.0,0.0,20.0,30.0,0.7129398047461376,0.404102052602673,0.5439772609263287,-0.4775243160819541,-1.8319444780520584,-0.928978051659459,0.5521972483808062,0.5527399498754461,0.5518896742620504,5.8677479017379035,5.869912716672507,5.872392931778389,5.849338869677341,0.1281139666447316,0.04675695278366891,0.04113326954830821,0.07745148241712986,0.0774391305026096,0.07741557952694238,0.06990551500740884,0.06986669961874678,0.06981063644819221
50.0,0.0,100.0,30.0,1.08024071917256,1.0672715127062442,1.072000607745247,-0.3646515850423801,-0.3761756181846515,-0.3692098764921917,1.0717897232457583,1.0727162444935552,1.0718315341474922,27.336394322444495,27.334266484708227,27.33588487664295,27.291642188816247,0.05862313615583491,0.504957487780118,0.001166782370281164,0.3099776476207974,0.30976650625154056,0.30991826587479354,0.13625262390500897,0.1362573544772152,0.13614819194120573
20.0,20.0,120.0,60.0,0.5314629129209718,0.4804271605836191,0.49736182791032874,-0.6883234538932088,-0.767398492692354,-0.7437123173150818,0.5006804904855149,0.498891622853557,0.49810440439379766,33.627965914158295,33.63115166276248,33.62918020565562,33.49565090900979,0.5399819490258645,0.2111015158392844,0.19995169507187383,0.39408142206706476,0.394049105365585,0.3942730660021962,0.06186488671968291,0.06157460022968984,0.06181502979985877
0.0,50.0,50.0,-60.0,1.116468265968434,1.1117171792695395,1.1137496730033836,2.6773866360167107,2.609264427343537,2.623424229059647,1.1126160068898845,1.115491254374313,1.1133118380069154,15.455403270621424,15.464978651300497,15.457023925318225,15.425757679680943,-1.5705243282155625,0.002267872392871748,0.35495204582788503,0.2117226401127169,0.2118869697527022,0.21164153572541622,0.14034609098304082,0.14043961176956626,0.1400716776998568
0.0,90.0,30.0,60.0,2.124089233984762,2.1155608021433485,2.1192658220920984,-1.6262165163482196,-1.7282428866807629,-1.6563897685045055,2.1187534944533164,2.119012850147204,2.120157220328755,11.490031804503014,11.476712420204116,11.48605835933552,11.459006541005483,0.49919423470869523,-0.025527696638059847,0.6315217461030034,0.19704112012188316,0.19680054086006468,0.19701989778316628,0.2680199059779472,0.26819635192383884,0.2681559696140489
20.0,0.0,0.0,-30.0,0.6673574317249673,0.4290709377234368,0.5555332639047463,-0.4412724514745048,-1.4069348331507645,-0.9409001241872003,0.7084149152977564,0.7133082661043846,0.708707237713194,1.9148064164221057,1.9222591674000669,1.9134660231421474,0.8741286624918083,1.1425347167568771,0.000450284361752398,0.05504586640962389,0.06060894159797586,0.06062598946627695,0.060313440032553775,0.09001656015763848,0.09004493682213671,0.08942125994855088
50.0,20.0,80.0,120.0,0.9173353927690088,0.8954091204741524,0.9133353070450705,1.090041143694935,1.0623648400748258,1.083864241680053,0.9141751300101307,0.9129930184403741,0.9139743246308455,22.00730997824969,22.009862573393065,22.015119581548188,21.988895748767327,1.6334831354776875,0.34780556786349665,0.04556272471274654,0.2528374897355397,0.2529265655108353,0.25278833423116714,0.1158643359760865,0.11584772778781506,0.11599053446725147
90.0,20.0,110.0,30.0,1.7455194862228725,1.7242645579955354,1.7323166333830442,-0.5009360184350797,-0.5169372910021441,-0.507453671446258,1.7325740426808727,1.7335621486772888,1.73160059389587,30.43602643687163,30.42187778497275,30.430543595731184,30.31434960564764,0.08629517172887671,0.9085360950823139,0.2022193171322121,0.3546560743741087,0.35441958861388245,0.3547214493312422,0.21983352286529764,0.2196988276702816,0.21959923193140074
50.0,0.0,30.0,120.0,1.122361246164658,0.975275956418586,1.0742049986052327,1.3491034045183794,0.8466904500373155,1.1952726785917274,1.0769043932659834,1.0764970992178753,1.078509300215845,8.166064198209526,8.168094813453333,8.161684439383293,8.165593135983928,1.7674401007734242,0.15005862139048395,0.06387716670745663,0.10086386567009963,0.10093056948403759,0.1007904159409331,0.13652135104952592,0.1367290357306371,0.13677839757544077
50.0,0.0,90.0,120.0,0.831053163212184,0.8172847916433102,0.8281032101170746,1.368277862588672,1.3457128425683142,1.3588301453683447,0.8264788415104394,0.8303921778037139,0.828519552982946,24.407385823247647,24.416613278468468,24.422351602775514,24.390197323737464,1.6196331631396137,0.33803046586348684,-0.06238468224021546,0.27196835597375385,0.2723099180217452,0.2724462614254152,0.10554112133192046,0.10579875794960844,0.10531702282974263
90.0,0.0,30.0,0.0,2.215069832109976,2.008189447701881,2.0818220253714834,0.2362340599651255,-0.2035313471734398,0.05284443470409444,2.0903297096924325,2.087342824545662,2.087343433712539,5.673161778510571,5.69315464003374,5.6772055530370675,5.651355847360562,-0.2701733210617447,0.1364601780524206,0.06554412975734765,0.05152971596959327,0.051971631281484666,0.051800716967604216,0.2653897192391122,0.2650131279998716,0.2653604905715021
20.0,50.0,60.0,60.0,1.0911953505882095,1.0827754177121898,1.088446980457027,-1.1667601556426572,-1.2087973558943332,-1.1749527143076623,1.0884643377957663,1.089437079809053,1.0879492107556337,18.06234937310154,18.05613827018199,18.056479612078245,18.02250174431982,0.5585229775429634,0.1201516040096509,0.3718350409424466,0.23851303025225687,0.23838588780664519,0.23834824358806728,0.13707651135163107,0.1370131712025419,0.13688914509067746
20.0,90.0,40.0,60.0,2.126012310811422,2.118816401160034,2.1221488896319123,-1.6359104865406946,-1.6837735050265357,-1.6478782131600491,2.1212381523397914,2.122436120980348,2.1226298229600657,14.265682127502386,14.258687146575797,14.264753194377544,14.213469734752564,0.5058378049328653,-0.030492517222281506,0.7331169561455392,0.22907181041412272,0.2290543451727872,0.22898079467310342,0.26822967262755915,0.2684123166252509,0.2682455278311248
90.0,0.0,90.0,30.0,1.595857460340914,1.5908138834898424,1.59436170346574,-0.1642202592340736,-0.1732901387793934,-0.1690217326163271,1.5937091407689281,1.5945372579072221,1.5952131443636286,24.054519953049187,24.041343665798394,24.045000860315234,24.018444871647493,0.09417412683122747,0.641360515231893,-0.0510298308417877,0.2652061000886372,0.2649789611434584,0.2653241206828074,0.20262986430345095,0.20281768068141898,0.20272352865440732
90.0,20.0,90.0,60.0,1.4939973793576933,1.4870567776325416,1.4924934684508002,0.2243195358130799,0.212242742924184,0.2194244530722387,1.4914778002915077,1.493202281618605,1.4933836127357094,24.387798549860666,24.38931908271049,24.39756869256808,24.356266279155037,0.6140271946073318,0.6248792918166092,0.023027289595186313,0.2757082769340748,0.27572479058767296,0.2757456587831237,0.189519480488886,0.18976358886441105,0.18952953336844106
0.0,50.0,100.0,60.0,0.94040787755369,0.911589966437706,0.9298700834567912,-1.4918225261745053,-1.568697329823573,-1.5504892428652757,0.9313606481106637,0.9278119503671762,0.9340571616502187,29.016379558444715,29.00813369639615,29.020787654152908,28.888877791776654,0.5244023239655924,0.010933079695434632,0.49789848045696167,0.3598708451474503,0.3597170977961387,0.3600128458662121,0.11581641724877091,0.11616852187124138,0.11659938317743103
100.0,0.0,90.0,-30.0,1.8081139225248903,1.8044742545707175,1.8055769009807128,-1.3035377174395086,-1.3081040574435914,-1.3065183847475783,1.805304106186738,1.80559545851903,1.8059542354567508,24.21187203338832,24.222155492039935,24.215374892693188,24.179946344076214,-0.9381341391334741,0.747762134733099,0.03763966652488351,0.27304578807076735,0.27299500032245416,0.272977763064384,0.2293003724495086,0.22939449808046725,0.22935487495262907
20.0,50.0,60.0,0.0,1.1044453045368492,1.099865201593671,1.1021297021989136,-2.2197419613801106,-2.227020541770793,-2.222568160558358,1.1025583994028683,1.1012066994947078,1.103058052531613,18.07691280875054,18.07572538828187,18.075119604131807,18.041876476683846,-0.4883173455484252,0.12180331405932103,0.3776650413927004,0.23900091913750873,0.23920030956503907,0.23910189890829833,0.13862143109280056,0.13868273086762092,0.13886977590992636
90.0,0.0,50.0,30.0,1.899622404615854,1.8592461646985496,1.887938309083583,0.0006439821097418,-0.0702400281946654,-0.017986404593377303,1.8893236661803479,1.8884298929840668,1.8880376586990566,12.625670990476774,12.621950931204717,12.62559335305653,12.622866130789266,0.19923028100310808,0.3936427116044411,0.04920589430879121,0.13820960100388152,0.13815065398217874,0.13823253510456052,0.2399511778201165,0.2397887310663373,0.23990335695048112
0.0,90.0,90.0,120.0,1.6518792108606606,1.6272296381047533,1.6460221734093887,-0.2328182222708468,-0.5223967225706104,-0.4738278310789999,1.6462597467975586,1.6471006132923485,1.647016230287121,27.356812558905084,27.36665208038847,27.357147336458464,27.210682974327344,1.5750142240656098,0.04096235730686699,0.8951796293595711,0.3642395232009463,0.3644015801390282,0.36425995124171007,0.20709045882315383,0.20719777530278072,0.20709488440155369
0.0,50.0,120.0,30.0,0.8738000087767702,0.8513798908226885,0.8612938847592404,-1.6851955620090238,-1.7289225474903678,-1.7127559263958114,0.8622372824686658,0.8622684369002762,0.8613705162370958,34.37369579186426,34.36752244146782,34.36773695552469,34.19251249249581,0.014040028931886545,0.1853024097593598,0.5002461575896514,0.4174714948216479,0.41741687932729316,0.41722551956984627,0.10738661514181291,0.10726418196988359,0.10727498243608401
50.0,0.0,50.0,60.0,1.034588088126529,1.0002883521929418,1.025274786056608,0.1314034074892462,0.0627464578254073,0.11447595012065963,1.0266144836995965,1.025623573172078,1.025438244839632,13.661340217728787,13.658250903644028,13.665033172215509,13.661182807057164,0.6364615935102246,0.24239018880911742,0.049488563024976895,0.15870874086243605,0.15883218436109284,0.1587574918239149,0.13021245797685282,0.13007360087286965,0.13019348091362815
0.0,50.0,20.0,60.0,1.3016058957919003,1.285254362163666,1.2933978143841351,-1.6009722607661758,-1.7622223210970418,-1.6507412402931312,1.2925421033035376,1.2936689793869502,1.294332986555793,7.481116875267481,7.478113451762869,7.48274391637963,7.45574411028164,0.5020312169461297,-0.009786550657699228,0.24562027075925857,0.1263794546491128,0.12625646443545332,0.12633903397467502,0.1635210038216356,0.16375007157484045,0.16359563648804618
90.0,0.0,70.0,30.0,1.743646683778393,1.7316244995474537,1.7411897061530828,-0.1901330334360106,-0.2043139359697897,-0.19321356047294524,1.7421389993736507,1.7402417095641998,1.7419431372183292,18.596959663586933,18.583116172466937,18.589946475468224,18.56601745183571,0.1344414997187386,0.5493953961110245,0.03664094612074865,0.20816834872276402,0.20813436893845533,0.20829957949077996,0.22111959767429257,0.22110805031030561,0.22135052521689044
100.0,0.0,60.0,-60.0,2.0380443032978945,2.011083178746345,2.0176634470068504,-1.6005797894008391,-1.6396946579841738,-1.6304750078572452,2.0171151380091805,2.0172386212354296,2.017563558846179,15.390577608207865,15.392644333205773,15.393977284995328,15.384122719765227,-1.3925806042869913,0.5158588032794947,0.04561267259132365,0.16891858448439354,0.16888029478460942,0.16889283697120658,0.25620092246652526,0.2562551475827359,0.2562406082369894
20.0,0.0,20.0,120.0,0.6835151966733375,0.4138870142111991,0.4853528899847406,1.0196905066421886,-0.3790809750724299,0.2546951042067408,0.49420014391324885,0.49273203220937895,0.49349931930766017,6.035608127425841,6.0462761626601,6.032969872547799,6.00819459221809,1.655426430944302,0.031231175558672563,0.04804763573794725,0.0821551965421992,0.08242857221279283,0.08222393045278834,0.06229115771414798,0.0622149146764402,0.062404187998759506
0.0,100.0,70.0,120.0,2.133183495425978,1.3382935301505683,1.9409116330303449,0.5867083262166716,-0.5351200206497402,-0.04839946242435344,2.133375334481174,2.1424545537870068,2.137080264751857,21.932175799086128,21.962459227706713,21.904126079033706,21.713584687072586,1.6243066665920616,0.24117347828558192,0.9205849055102415,0.31417303543970077,0.3149293266804916,0.3132301233739416,0.2700080476964081,0.27048326344357304,0.2693536438454508
20.0,90.0,40.0,120.0,2.14866646716481,2.111732231159008,2.126757357122201,-0.6049732474231592,-0.7927397337710265,-0.6492118486169879,2.127429229787869,2.127393988587206,2.1262948848207133,14.276454754369482,14.286252151192663,14.278713811912011,14.213366639377673,1.5420054846052857,-0.050993823183633095,0.7309870040295667,0.2292808737889574,0.22924223740089256,0.2293727202147385,0.26898220956068764,0.26888413133681255,0.2688667356903024
0.0,90.0,90.0,30.0,1.6521840918771042,1.6420545313892991,1.647229489127623,-2.0804216081179097,-2.0975785278589045,-2.09251448574834,1.6484067140978538,1.6474622838187354,1.6475716624699055,27.381213318619054,27.372572450908674,27.36436745949934,27.223575344750035,-0.00011455906138887774,0.003640921028009276,0.8999638089438073,0.36457749156579194,0.3646446486854464,0.3645293477977516,0.20725708864216108,0.20716342755771563,0.2072896723877149
90.0,0.0,120.0,120.0,1.6500261547666613,1.604700185582027,1.6199713348666618,1.256242744955331,1.2335538054880173,1.2470435558248154,1.621347811534916,1.6207687587405357,1.6181878410464916,32.70055564451507,32.71095758259622,32.709496415899125,32.595048165582526,1.6443864395775978,0.9086323426713725,0.004119091770143866,0.369099310355963,0.36940770734678613,0.369296942154583,0.20605698829841942,0.20566648770043183,0.20575636760128183
90.0,20.0,0.0,120.0,1.95242467205409,1.944867383071731,1.94826158485913,3.139970491446401,-3.1378317446585475,1.0911664197604267,1.9481654672828383,1.9491689054629042,1.949539341216003,3.0253757610793492,3.0209352439996167,3.0279409951466367,2.9803178366824117,-1.2896359676687374,0.0009384571868202221,0.2879551585067652,0.09808919527456259,0.09805956323209128,0.09823278080850228,0.246989293288842,0.2471656392469145,0.24702789198354097
20.0,90.0,80.0,-60.0,1.9263361634822396,1.8084477341387053,1.836268357591453,3.1402282364703016,-3.1415005381636067,2.475965332334793,1.8359097630045895,1.8347933757606032,1.8354074533926952,24.738163315469606,24.742811481496013,24.74260831891115,24.590028611417,-1.5314169149111836,0.25299431722548654,0.8954894739967995,0.33798801273736856,0.3378659177552139,0.3377465348150323,0.23129918194916096,0.23126399695205868,0.23137883731200062
100.0,0.0,30.0,-60.0,2.1358550540522883,2.0296841476431804,2.0915280603261612,-0.5024660936952766,-0.7962169427169331,-0.6577203157857471,2.1131021896436075,2.114778575408691,2.1150981451525777,5.359888684188029,5.339687025693761,5.389429203583636,5.148336255191446,-1.4873255896392357,0.04245689600993686,0.04832424825503439,0.04383179443344821,0.0434379529374196,0.044150052986626505,0.26850686154990255,0.2688026025777486,0.26854299291382777
50.0,50.0,90.0,-30.0,1.4577596653846607,1.4277482494428877,1.4473978866293709,-2.162536155678952,-2.176927110929282,-2.168430366316095,1.4474982088155908,1.4471775768534374,1.4483342676946254,26.149801266347293,26.150808799215742,26.139208139442704,26.03459465487058,-0.977957200952903,0.513826601074204,0.49872322132080926,0.3286257799881181,0.328555484749279,0.3286293511879225,0.1826057685691229,0.18269510175858167,0.18274621928067963
0.0,100.0,120.0,-60.0,1.637233170547831,1.4772012936432015,1.519944055701431,3.125403317220597,2.621533422768504,2.759148417858172,1.5193565702827143,1.5207789885488485,1.52224515271765,35.36416427834954,35.373692137203456,35.378526971295855,35.20338045730916,-1.5616817520069994,0.13428774270834967,0.9999849007240901,0.45059654814531047,0.45064533025597614,0.4505302841845325,0.190440908722203,0.19081933963147243,0.19062849691629888
20.0,90.0,50.0,0.0,2.127854751985403,2.122701968775208,2.1252220808768354,-2.659493739695864,-2.6742788992361524,-2.668288961035896,2.125262996922996,2.1257392300113302,2.12498156732691,17.022434247845872,17.01300587319741,17.008815873218534,16.9472678271261,-0.5336598819032502,-0.02398538216966707,0.8398800649843586,0.26221635000059557,0.26186794955799036,0.26208039637797825,0.2685772973678378,0.26852453602751114,0.26845448308540665
20.0,90.0,80.0,-30.0,1.8690954202646928,1.806673956554996,1.8247220486727171,-2.6594536863346008,-2.8490916657819323,-2.8134108728661085,1.8233612767098342,1.825811876771603,1.8238675893819107,24.7474093479481,24.755062156700447,24.75480873077109,24.608921773768976,-1.0114592523407404,0.22844772862732574,0.898370217082726,0.33804656088967705,0.338275405012937,0.3382097850545063,0.22996667890010242,0.23002599327703416,0.22974206148505352
0.0,20.0,80.0,-30.0,0.4789356560070842,0.4718345466026908,0.4757946890139867,3.141521646291601,-3.141545645414394,-0.5490119760817802,0.47760463708818185,0.47615233794819395,0.47528665819671156,22.735747102485586,22.740131790773304,22.730094181726045,22.70979197834977,-1.0470694718730658,0.0017508812235592331,0.1929224368400027,0.27390115409366217,0.2740560446762111,0.273926370621132,0.05900020068694662,0.05871340889080052,0.058893030552554605
100.0,0.0,120.0,120.0,1.7965014197065503,1.7546928600376357,1.769682364243338,1.2767664709165931,1.2539478867970604,1.2679646166254626,1.7712761257735221,1.7700987056740247,1.768045898440844,32.61798685328807,32.62523176121861,32.62842155536537,32.51254043461576,1.651055395182987,0.9881434227662158,0.00470918034302636,0.36746434277202533,0.36769698777440135,0.3675129247283729,0.22505634680423642,0.2246593650039936,0.2248245441845131
50.0,20.0,0.0,60.0,1.2865514971179353,1.2783303383325662,1.2833758021897943,1.0889927753297697,-0.5344085726769479,0.2674880135709825,1.285838350854567,1.2816419498760856,1.2832955688542529,1.9787409660704163,1.9867130165731195,1.9776058735948663,1.9525147688090374,2.249100919886995,0.00042634497290565,0.12405840882248674,0.06419637964323614,0.06443452452795186,0.06413289519362088,0.16276359651663502,0.16243819984900126,0.1629719733710002
20.0,50.0,90.0,-60.0,1.094753398049275,1.072283196553358,1.0854381309465826,3.085819797171382,3.053368114774771,3.0701761728864616,1.0860728284249068,1.0865738772158349,1.0843024573636786,26.335393920243778,26.33835911717335,26.33810716232045,26.2229791849176,-1.543653706016109,0.2043731743021434,0.4991343243451459,0.3320098429395294,0.3321157201565325,0.33204477844103375,0.13638416579495533,0.13616170321878476,0.13611646762272755
0.0,90.0,70.0,60.0,1.6919996544456632,1.6806881015078938,1.6879877572723243,-1.0646487793013666,-1.090120850088231,-1.072693183109234,1.686375331287168,1.6893049025516744,1.6885284706035604,21.59564071950888,21.602328323682837,21.596509016416686,21.51647445441935,0.5798979046056479,0.2698320831516745,0.7022531840031137,0.2959449319315317,0.29610938551590527,0.2960846853534541,0.21285085541401805,0.21312271452428969,0.2127515407886817
0.0,20.0,10.0,0.0,0.855921100230443,0.7393798171302342,0.7995189728826778,-2.2003850594190038,-2.9164729118672006,-2.5638124617667435,0.8051550555781459,0.8042169752805062,0.8019043392549038,3.9762064069398533,3.9718174035617784,3.9670547945989845,3.94066498865421,-0.50937741988511,0.0019381101311280822,0.085219453865775,0.07142648135668021,0.0715280383658388,0.07128962668395951,0.10198407671488696,0.10158511973822194,0.10170298767022876
0.0,20.0,0.0,0.0,0.9128349424902156,0.7580357754803219,0.8377439726201394,-2.4816103365172486,-2.63614946586767,-2.562154691404974,0.8825638481990046,0.8804566205615063,0.8806529519306594,1.888347894868406,1.8891930018133134,1.8845703771028153,1.2737631756238816,-0.472621779342693,0.0005408356636925067,0.06480264503684872,0.057092069415524166,0.05683277672947748,0.056522671059672916,0.11182352006269776,0.11156918424521291,0.11181217347933071
50.0,50.0,70.0,0.0,1.3216916414313933,1.318997617750624,1.3204487112627343,-1.7063652814776933,-1.7106447947587913,-1.7082091730270157,1.3225881102935448,1.3202306061019797,1.3188492753948566,20.58379512433332,20.574175781351283,20.576795739773754,20.529938954673028,-0.4470807547767307,0.3480337699604504,0.3963339966391675,0.2650950806171594,0.2645453510476602,0.26481846962571953,0.16685487617926223,0.16636462888672984,0.16667279031552948
90.0,0.0,0.0,120.0,1.898914120178604,1.892189458283237,1.8954210072259627,3.13839474870168,-3.139742724211459,0.6611013387522473,1.8960825175746827,1.8961291984511066,1.8961492750846056,2.941786351929215,2.9406610104924855,2.940664313836636,2.9003154572021472,-1.5862433580242545,0.0008833001585143343,0.2726302107907991,0.09558949341936883,0.09560429351537485,0.09558912133430428,0.24036467690286584,0.24037189163227532,0.24035998614333642
50.0,50.0,20.0,30.0,1.6747165434274682,1.610603814787665,1.6488298232221676,-0.6211734852391055,-1.0001397828741443,-0.7629507266781066,1.6496105484360049,1.6514176101636335,1.6490364539254938,6.560481389011461,6.557635156250784,6.563384249701911,6.552529834831956,0.37730828276675815,0.15184503927250678,0.24093410996317635,0.11413741490712231,0.11408931731949505,0.11429259686088075,0.20922160937170897,0.20914878485258082,0.20892609423696065
20.0,20.0,90.0,30.0,0.4358054158872736,0.4184605266819289,0.4279203325623806,-1.33496261872333,-1.3851006699483772,-1.3560968760586938,0.4262991724402583,0.432866420333145,0.4274179102361489,25.273151342792897,25.28236527010843,25.275463477663735,25.22109954874475,0.017149532204180043,0.1238941498014361,0.14313088756396827,0.2982473259765498,0.298629213053027,0.29809453415907206,0.053325085070679304,0.05345161227381821,0.052627854946204894
20.0,20.0,40.0,0.0,0.7464080317044597,0.7342612252373809,0.742116583105508,-1.8959689500809904,-1.9298323686190733,-1.9119595302317665,0.7401276446308254,0.7413474234020614,0.7459620316035602,11.890985775587021,11.891928116753341,11.892564549804401,11.874266408366744,-0.4625412660418875,0.09180861675701264,0.14712146688039807,0.15489965882392118,0.15506930402199098,0.15516142928331883,0.09312684407357673,0.09388015842364318,0.09371492389928869
50.0,50.0,70.0,60.0,1.2984937807859152,1.2871015601954927,1.2956097913150841,-0.6267565573988436,-0.6501781660041044,-0.6323077527231833,1.2972874151506815,1.2956004496851885,1.2946860651498535,20.514555662530267,20.496870235970103,20.51181215399383,20.46298311207479,0.6005887914837426,0.348755453177043,0.37662009283308245,0.2626313597077987,0.2626025692997469,0.262816417020847,0.16367501698669618,0.16333438790906962,0.16356224769866418
0.0,20.0,80.0,0.0,0.4654301590588334,0.4597982373139501,0.46288889181366255,-2.604481495400912,-2.64664163426804,-2.6258321297636256,0.4637957419528576,0.4640894313914121,0.4627268942359655,22.718844681568292,22.718215557356984,22.715155503325384,22.69056740056518,-0.5239318130536288,-0.0009525641025039441,0.18711950615790032,0.2734204289122764,0.27325029438007004,0.27313627735669144,0.05734760229120681,0.05722043254633775,0.05716637801045059
100.0,0.0,120.0,0.0,1.775150663590337,1.7622626936133268,1.7687401350479024,-0.81678212494034,-0.8291444992942707,-0.8221828460920142,1.770567086890371,1.7666114057662945,1.7710251307340976,32.61390223976584,32.61925468655968,32.605497039188265,32.501648718019084,-0.4434357074607662,0.9864421737988144,0.00022203453734740978,0.36727087416434057,0.36715755997228733,0.367020664957341,0.22458881119799437,0.22467748668512952,0.22514132243925064
20.0,0.0,100.0,-60.0,0.4378421025863903,0.4129341633120371,0.4247905576614331,-2.034967139312344,-2.0785901712240595,-2.0586376499447745,0.4262049540671088,0.4261791570623418,0.42269667820970624,27.51006694066583,27.515757616387603,27.51460765451022,27.475606926366517,-1.5474758948184908,0.20272181369091985,-0.0005616432893367402,0.31326184138881763,0.3134423981705,0.31307972937466877,0.05430004383310715,0.053854521987751314,0.053862144970544784
90.0,20.0,70.0,120.0,1.7462765357846508,1.7126949728570953,1.739815087702742,1.138612142610643,1.094330741863136,1.1304657814304735,1.7401035064356545,1.740227712842009,1.7407058838626517,19.22852362801029,19.238808958455515,19.236762298524493,19.211637988426148,1.7074636276591382,0.5783015192810068,0.175951084722933,0.2288548968868692,0.228965725904365,0.22892613136807638,0.22070843424745304,0.2207877136447658,0.22076906492618745
20.0,20.0,110.0,0.0,0.5362362983774731,0.5208497129479004,0.5285082802292655,-1.78101810192705,-1.8169498569386,-1.7954337189852438,0.5264891694342226,0.5306362486523435,0.5324171565469203,30.90390092876129,30.903632232583547,30.900382999002947,30.78298169653345,-0.5046863276268533,0.20394567621981186,0.20000343132628806,0.3635373872642805,0.36362010774883047,0.36374532021317557,0.06550534926055324,0.06621827445758116,0.06571032813744794
20.0,90.0,40.0,-30.0,2.1247752512881584,2.118887033741537,2.1213307260680736,3.097814287236447,3.0423078516494275,3.058456089701145,2.1219997786463027,2.121565013662143,2.120819950511241,14.235128612411474,14.241087964847084,14.232819666350325,14.18691246802003,-1.0665813259433867,-0.03179185882792934,0.7368380826968812,0.22997897313298668,0.23005355415146722,0.2299650205648391,0.26828937981392165,0.26814923252467004,0.26820401087043827
20.0,20.0,110.0,30.0,0.5465168518984898,0.5248713273699495,0.5340844201943443,-1.2252547749968523,-1.2843938379039346,-1.2600828757019324,0.5385316540517575,0.5338862887755356,0.5339961733696464,30.90740848630907,30.887016893365306,30.894282317358215,30.781860614991324,0.019315381235619947,0.20846759776398358,0.19995601487494402,0.3638512560935419,0.36353393241063364,0.3634311510408625,0.0667026503410296,0.06617042067816485,0.0667224996521127
0.0,90.0,60.0,60.0,2.131212604906113,2.1242323351335166,2.1282349004159595,-1.582585544978402,-1.594001551291345,-1.5876427621561866,2.128127531416198,2.1278705670594698,2.1290577119004994,19.770018030267014,19.780739326127556,19.780114365384968,19.714168874883615,0.520564001159488,-0.009009026206731876,0.940678806992534,0.29264777954420096,0.2928693012576823,0.2929577938698265,0.26863302567563396,0.2687295913971584,0.2687885951034956
50.0,0.0,120.0,30.0,0.912082995556531,0.8833675282739236,0.8930182927804061,-0.4160581599453389,-0.4425162075527505,-0.4268837269441977,0.8930696008543529,0.894722290853885,0.8937722267514195,33.0024323725603,32.99229084845282,32.997175054522145,32.88655682609223,0.040801332292450136,0.5090810155761349,0.0009050470245519919,0.37479017840098305,0.3745553267210573,0.3748365407371819,0.11354247627455132,0.11361964208496865,0.11341477977882161
0.0,90.0,80.0,120.0,1.58893262374616,1.5469543772724594,1.5817597650836295,0.6949199730630385,0.6359168214233415,0.6840442380563838,1.581974531755339,1.582749470667119,1.5824247416599913,22.997961361411804,23.01238923985504,23.0000388890483,22.95347238563927,1.6680420125407003,0.5634618426836818,0.3966152996345439,0.2881764356722282,0.2884134734545329,0.2883427642710897,0.2001052650200152,0.20015712350434242,0.20005466214035922
50.0,0.0,90.0,-30.0,0.910824641763218,0.9067222139174536,0.9080263853612904,-1.5166100136940193,-1.5265500488583943,-1.5219890568429577,0.9079512579387703,0.9087687503491766,0.9076784115999984,24.755144914110875,24.758669155509068,24.748141390084218,24.715556024963234,-0.9917943975301657,0.3891171015526449,0.03730839319164112,0.28339516828309,0.2835153091957083,0.2836616540257183,0.11528105248152079,0.11523239375514019,0.11515044071252271
0.0,90.0,80.0,0.0,1.7777459519333827,1.7599131160365582,1.7684429139500297,-2.598832433671483,-2.6195757203050585,-2.6142267402341535,1.7702894025412386,1.767723489808879,1.76836111712936,24.807931887583898,24.799905022148913,24.79173433621208,24.65713648117517,-0.5235143855721043,0.004607793287831405,0.9002424189482645,0.3389957878408883,0.338913323275161,0.33875631407145007,0.22282873895595592,0.22260427957602877,0.22291425231286846
90.0,0.0,40.0,-30.0,2.017128406586929,1.99477938326479,2.0073547677628065,-0.812253407511593,-0.8537044638275816,-0.8273834790635481,2.007574635714014,2.007665175771437,2.0076722740958703,9.237554837202504,9.233962154378132,9.23286694148112,9.228030782800813,-0.8022453389532674,0.2820170326578631,0.04349777157945757,0.09394109753886559,0.09374762056734784,0.09394595837547169,0.2550237429926165,0.2550292175091283,0.2550301211505406
100.0,0.0,60.0,60.0,1.997605543221624,1.9612288047611863,1.9892581948714958,0.4687991354291358,0.4167350412791946,0.4574485556178219,1.9906756757052817,1.9891289486532915,1.9899113687047665,15.420653465653439,15.417005993953799,15.420370136512185,15.414854949495552,0.6995621056742299,0.5103916152028245,0.04480604422382776,0.16919459491468022,0.1693357543235051,0.1692973030491228,0.2527501510764765,0.2526566993833133,0.2528501543799086
0.0,100.0,120.0,120.0,1.532797606791837,1.4764114026691015,1.489615598493371,-0.1852042505077734,-0.5306319441150206,-0.4829136902806432,1.4892244288231282,1.4894690903578052,1.49413783276548,35.37038481840938,35.38183511137671,35.38229380603985,35.21519275088222,1.5731755396068487,0.038759459036589526,0.9984570759899626,0.4505514931585591,0.4506390287541833,0.45068861078552047,0.18643125752153686,0.18705415900285413,0.1870071966256479
50.0,0.0,90.0,-60.0,0.9142917343361774,0.9077471875170235,0.9093618183913097,-2.03523750139212,-2.047852982362168,-2.043221175978826,0.9098262296514402,0.9089257319489735,0.9095553512373135,24.74905393485639,24.74930516137757,24.756152585533982,24.71235030890454,-1.515306510133486,0.3896691165470324,0.03652858289075715,0.2833295538880151,0.28361218283441986,0.2833574828996262,0.11536422477102554,0.11534299654461275,0.11546080589383019
90.0,20.0,0.0,-30.0,1.95242467205409,1.944867383071731,1.94826158485913,3.139970491446401,-3.1378317446585475,1.0911664197604267,1.9481654672828383,1.9491689054629042,1.949539341216003,3.0253757610793492,3.0209352439996167,3.0279409951466367,2.9803178366824117,-1.2896359676687374,0.0009384571868202221,0.2879551585067652,0.09808919527456259,0.09805956323209128,0.09823278080850228,0.246989293288842,0.2471656392469145,0.24702789198354097
100.0,0.0,70.0,60.0,1.916740139259505,1.8971365673423275,1.9128016009825635,0.3842507739329,0.3604478468875597,0.3791876515371545,1.9139136746307917,1.912657282808269,1.9129934180526404,18.404409356316712,18.400887210766,18.40391618897904,18.38018317273284,0.6702244101680519,0.5928152401242613,0.03630852833825118,0.20447432322757822,0.20441146298373797,0.20431939347556125,0.2430519182497018,0.24293243377844495,0.24309022844889627
20.0,90.0,100.0,-60.0,1.6061308127325518,1.5729319382938116,1.584222935195918,2.969117744903601,2.8938599537933025,2.91080212849709,1.584997328000592,1.5857570757331625,1.582147818293133,29.9598879459378,29.971527130973815,29.969811224683134,29.782121136514096,-1.5478791078131444,0.22095238533868014,0.8996240009232193,0.39085211947111503,0.39106446263376543,0.3906392743605371,0.19941244101623407,0.19905542645372695,0.19896765458208232
20.0,20.0,70.0,-60.0,0.635658901620111,0.6266005149362632,0.6284635065655485,-2.931330991115346,-2.973171501936329,-2.961735396376048,0.6288494320514249,0.6283107108465764,0.6281864009985025,19.99916654694771,19.99707978984499,19.99926465909789,19.976995719143282,-1.5401900384006701,0.1359268799915461,0.18514294812434226,0.2436027973009013,0.2434973631099563,0.24368125410330263,0.07873771207468697,0.07863929439825425,0.07871004935410268
0.0,90.0,10.0,-60.0,2.118702473290033,2.1051294563995047,2.111825179903863,3.140517169408778,2.6379788428764184,2.8483983055484496,2.1102204642697164,2.111851838081976,2.1135928836525677,5.912903884302581,5.908851537332376,5.91353083247296,5.877363840253656,-1.4486722027220629,0.024604100887678927,0.4293152142432533,0.13485399034399925,0.13475239290404578,0.13474558194207206,0.2673401731744085,0.2677625321583479,0.2675656543836272
50.0,20.0,30.0,-30.0,1.267995995914221,1.2612694550449324,1.2639229809086654,-1.563505186581349,-1.5814184815165595,-1.573316953584411,1.2620108431065218,1.2646571551521102,1.2650164694790011,8.486445683775209,8.499013649653737,8.489856607853032,8.4763087049345,-0.8200925109156867,0.18066376182984115,0.11940285996110915,0.11331971364272375,0.11339294478516156,0.11353289020802868,0.1600993905769956,0.1604858694780079,0.16013707497605456
0.0,50.0,120.0,120.0,0.8171222428437924,0.7888329676304264,0.8084103787943332,-0.4161928716758161,-0.530814215450772,-0.49911339686386824,0.8092031734000137,0.8090236425696514,0.8098905647216136,34.37464676965433,34.380380310929496,34.37606917929273,34.1999900323011,1.5715083755399968,0.014139797521643793,0.49805716513817966,0.41731805993030197,0.41773378561745456,0.4178263493551991,0.10041575824368404,0.10049600120864974,0.10054468063563067
50.0,0.0,70.0,120.0,0.9624405781191504,0.931573864760601,0.9563919206950263,1.1200290978076923,1.077981045508194,1.110808284047556,0.9575315311877672,0.9563312866935189,0.9570740718931442,19.235019308044873,19.23346322804159,19.234420066087996,19.2104322176812,1.645875345961587,0.31810151934158354,0.04518928262171991,0.22130477454640324,0.22149778083793834,0.22144895389313926,0.12139696848574194,0.12134300506843519,0.12150406437758765
20.0,0.0,20.0,0.0,0.7242664391749677,0.3761754947248629,0.5566145202971218,-0.9589916426958404,-2.0274558613454325,-1.349242954958095,0.5640115527446619,0.5660683807721882,0.5654442437257144,5.8084431521541555,5.816429404319395,5.818958421261924,5.788488181497105,-0.3853099616390896,0.050084378966460966,0.037982340545101426,0.07592403426994998,0.07612667089017873,0.07612580294711453,0.07149745393053134,0.07166425498818656,0.07142631824567235
50.0,20.0,50.0,-30.0,1.153522010611712,1.1407552554818794,1.1454934453490613,-1.7888437108607709,-1.814414648049043,-1.8051739841959684,1.1444497588328486,1.1466792123703453,1.1452621630729334,14.273771466686398,14.271093124987196,14.271136164018161,14.25182993039618,-0.9289995005783795,0.26551491341344097,0.15949587470478127,0.17854790577679253,0.17887854739815118,0.17886404952162416,0.14502474205317945,0.14513225638033256,0.14485565354864724
50.0,50.0,70.0,-30.0,1.342804315221744,1.3373479878659773,1.339047656453005,-2.223048943268329,-2.2345989455258604,-2.231579920869814,1.3386279569545214,1.3375961887840815,1.3410281575202068,20.593315911640808,20.600477968760853,20.599052344825346,20.548437432300883,-0.9696586098092462,0.35307397313160405,0.4036990132636403,0.2652185004360371,0.2656293559521632,0.26575742577061334,0.1687233827783948,0.16903432657794418,0.16918467426648218
90.0,0.0,50.0,-30.0,1.9132658808701448,1.906510993405816,1.909578049250898,-1.0450395726986483,-1.0545992400163666,-1.050483556312648,1.909463922095499,1.9097122422975452,1.909292093960664,12.580944631395917,12.581748530442988,12.575904521301076,12.57290926496878,-0.8465535796444046,0.3947977078168226,0.04655995241481539,0.13705428122889166,0.13715881311000025,0.13702186192661553,0.2425653808914572,0.2425443652655092,0.2425138924667553
50.0,50.0,80.0,30.0,1.1801335175780914,1.1741663242342626,1.1784795851762642,-1.1150091816885694,-1.1250683134733122,-1.118502155996903,1.1784494191814567,1.1787728671771704,1.1787097870222496,23.08953472626941,23.070147985741656,23.088933474639457,23.038425230509795,0.06383535831765157,0.3724724146691619,0.35013771836937685,0.28765619073159254,0.2875591723886767,0.2877103260800705,0.1485916886863709,0.1486238700361919,0.1485958408737485
50.0,0.0,120.0,0.0,0.8916156774675975,0.8793558716782346,0.8858379272820981,-0.941366845772476,-0.9629536741141166,-0.9500634221350912,0.8873496718957204,0.887052857249546,0.8860037240187425,33.00394586315643,32.99904062157991,32.98854522497179,32.886465138291626,-0.48312917531112765,0.5048055403280185,6.52704120521553e-05,0.3746637294544533,0.37478360416156775,0.37477310885925663,0.11273757581704612,0.11256330145195938,0.11261668422651407
0.0,50.0,10.0,120.0,1.4145014582228497,1.3667724743900211,1.3863303810663254,-0.8739255749725575,-1.647870354672843,-1.2017386058986204,1.3843661902497133,1.388199314936515,1.3848802924761556,4.5955012058193985,4.600378539226827,4.602974312964753,4.559598170403095,1.277916904422147,-0.04041140579205495,0.19150411946105186,0.09446983733880535,0.09447115700722734,0.09455828118585693,0.1756627260455129,0.175730026338359,0.1752505391596611
50.0,20.0,110.0,120.0,1.0336338877593167,0.987319089777125,1.0049677279885727,0.8182133724488894,0.7762949503585477,0.7893377486906398,1.0025272927094646,1.0053319258002114,1.0084871755058222,30.76890658560878,30.782647812794284,30.78392105627424,30.661346518324933,1.6185538213795063,0.5101824496205372,0.20071521767462283,0.36111799926775373,0.361138206619269,0.3613264512690286,0.1266096910389643,0.1273442198297054,0.1269765495281701
50.0,0.0,40.0,30.0,1.081224859745352,1.046136948491052,1.0710055882395304,-0.322407073567229,-0.409253850431293,-0.3471666527575309,1.071747201043431,1.0716991556329725,1.0712515841867747,10.848032124422375,10.84411180954018,10.843795342692694,10.836190708862603,0.14756263687407184,0.20069876307657453,0.04940741265572583,0.12736743139081957,0.12725634176034675,0.1274035599827903,0.13603538565352652,0.13596887167517613,0.1359779199978551
20.0,20.0,50.0,30.0,0.6937627641845024,0.6803123288314206,0.6881970336438537,-1.395579491091097,-1.446083058203695,-1.4120741939923067,0.688316519988147,0.6879826061044552,0.6891230524851376,14.599166709313476,14.592879573834553,14.59810895937404,14.56875724274558,0.04482278372303013,0.10334061783241145,0.16023385794584646,0.18457476286213564,0.18457123806238263,0.18466065156932485,0.08648801119569459,0.08659215603095415,0.0866404367409789
20.0,0.0,70.0,30.0,0.3849775354112971,0.3758642057594659,0.38220748514143155,-0.7676374091202193,-0.8085954133807448,-0.787349669601343,0.38291866048540446,0.384263224399627,0.38056446916022163,19.432360341902704,19.428699795175852,19.418517861317298,19.403938382093948,0.02867123144133431,0.12309296031470816,0.04062922412410214,0.22502855259272117,0.22515890194661245,0.2247421670791106,0.048439244419611505,0.048135728598508024,0.04796650923172909
