P,Q,V_mag,V_theta,I_max_tail,I_min_tail,I_avg_tail,Iphase_max_tail,Iphase_min_tail,Iphase_avg_tail,I1_avg_tail,I2_avg_tail,I3_avg_tail,V1_avg_tail,V2_avg_tail,V3_avg_tail,V_avg_tail,Vphase_avg_tail,P_avg_tail,Q_avg_tail,V1_inv_tail,V2_inv_tail,V3_inv_tail,I1_inv_tail,I2_inv_tail,I3_inv_tail
20.0,90.0,0.0,-60.0,0.253369247870915,0.1738769832178484,0.21696574146959463,2.4329347695665327,0.7731447590796892,1.7013433504800628,3.4462959263790305,3.435408140076702,3.439015787610228,9.452844727364635,9.431983739121756,9.39958618317008,0.1474115530065688,-1.854181972948303,0.00807359378318103,1.475639578705814,0.5163639694389968,0.5153193325269716,0.5159382967823379,0.4352557672798113,0.43434672527743656,0.43573770939848816
90.0,0.0,50.0,30.0,0.3768346138136032,0.0294240307969675,0.2411486974208081,2.666481509265951,0.851113773829956,1.7555403954588702,5.11573055240786,5.118254710199514,5.114499028344282,17.515460062086913,17.61665307433331,17.63091744933578,0.22006694300760027,0.21893098627230703,-0.0582474452034219,2.8777836555117897,0.7490611364679772,0.7494355990483832,0.7486071315954348,0.647812481058055,0.6475308942601803,0.6471037837517442
50.0,20.0,100.0,60.0,0.5684277337376207,0.205648275696152,0.41673650771891996,2.690118555213856,1.7106107696930757,2.1767130576873512,6.009013232962441,6.024334520185223,6.01476091178148,26.7923955203371,26.8755058580333,26.743616493096148,0.32001454212805486,1.0100765613322888,-0.06779520247252906,2.663295119033547,0.8229597381596354,0.8206322836780418,0.8208696048422496,0.7626213452030082,0.7631280220629463,0.7612520440493988
0.0,100.0,10.0,-60.0,0.3108804805409358,0.0254358587519632,0.18764463866972728,2.9641238772137117,0.1479481296927115,1.3758413991557052,4.037617822039637,4.03888307831992,4.034911994655015,11.184167158359447,11.233909482543087,11.152416186360913,0.16451649292447504,-0.5163612020649967,-0.04442712637261036,2.0137150386643703,0.5976240075753325,0.5977194945626488,0.5961514423769062,0.5108941318111513,0.5107041759720163,0.5103956079160441
20.0,0.0,70.0,30.0,0.4244079785114659,0.1041229298342485,0.2992523566716953,2.2426620753694317,1.1158148391286475,1.681862074406919,5.210406238331255,5.208865106742602,5.213117974050651,20.72481368287513,20.78414075307875,20.81171120898782,0.23198070386676722,0.42612640988226397,-0.0493573483157445,2.595610282123069,0.7512789966910509,0.7515998827308661,0.7523643463338712,0.6595310176719965,0.6597763343383319,0.6599925807123946
50.0,50.0,110.0,60.0,0.6125079084501274,0.2449856381532809,0.4535564321219395,2.696294456007405,1.70780686445551,2.1768220128107023,6.034209511752707,6.038193039521879,6.035057437678818,28.60113864131424,28.57602201509027,28.600725296282857,0.34967557139370703,1.0195518926972689,-0.07127310313211759,2.2614172552487193,0.8043931101372795,0.8045881764970294,0.8036645561446747,0.7652068766397725,0.7653655223261395,0.7648042923921379
50.0,0.0,90.0,-30.0,0.5323199281072638,0.1831923223687893,0.3852407360167386,1.1431324476643785,0.1285381448417442,0.6221716170363484,5.818647383968302,5.8156959473076855,5.817817927652667,25.013302341537134,24.95374598218804,24.648376677670857,0.28665790403328045,-0.5925004059087328,-0.08028141085307032,2.747389867147496,0.812191372276228,0.809005576698248,0.811920071752188,0.7368772655223884,0.7364068424672774,0.7375069720522864
90.0,0.0,30.0,-30.0,0.3090957512498292,0.0167174097499073,0.1901524087690469,3.132510282776451,-3.139626090584759,0.6389303295036637,4.761955572043664,4.75808912187507,4.766530084106024,14.646237522328132,14.648206183802102,14.532868553913252,0.1974102452789379,-0.3613628907163758,-0.04896209824790294,2.75269054308551,0.7100662194794625,0.7108441027918588,0.7100393161593964,0.6019667521712895,0.6024366038405586,0.6029913618542134
90.0,20.0,20.0,-60.0,0.2911708470582933,0.0313681104433838,0.17397067956655937,3.116822505318193,-3.12076828766801,0.2960694159347137,4.509251490488481,4.5117026644274825,4.507110848467948,13.11864540984849,13.133356183222263,13.093404136641547,0.19362012934336653,-0.3859792461062628,-0.04120562929011101,2.5378114912396685,0.6730695381454925,0.6733550488810621,0.6725482402180563,0.5707141066034778,0.5703722271974971,0.5701572985698062
90.0,20.0,40.0,-60.0,0.3407124290110046,0.0018096829747389,0.2115074076880221,3.1090650368806285,-3.0369675367438123,0.23101674502736447,4.992917940355158,4.995423367809591,4.996242644082609,16.132871004325274,16.25927355020515,16.165552670450104,0.20981907165345365,-0.527546390132536,-0.05302727565603505,2.913401789459611,0.7404239777625073,0.7390923590842128,0.7408285912388436,0.6318830379783834,0.6321715971649772,0.6318484289549885
20.0,50.0,70.0,-60.0,0.4211207894667745,0.1207512913098727,0.3014123493016777,0.6518577637805446,-0.4073425352574975,0.11458123532378373,5.213557758374602,5.209228494134214,5.206488561463815,20.79954311495352,20.804588239418187,20.790324543182,0.22744293499392296,-1.1439417541685886,-0.05933652184890843,2.5929332001480865,0.7537060330638646,0.7543912508400923,0.7543347605164608,0.6600600548995993,0.6590967542149526,0.6597161204363727
0.0,20.0,60.0,120.0,0.4144832397232528,0.0561733932082367,0.2729735866190294,3.138056082602552,-3.1411784925316883,-0.15752404566330622,5.236461459149063,5.21523740047879,5.230799514722422,19.321104782626215,19.363408144128652,19.34983135278826,0.2348182946625002,0.8715047158895606,-0.06165146120971222,2.8453993174402155,0.7616134161927565,0.7610782298941401,0.7603464721810712,0.6613021750543944,0.6605563079432716,0.6632811975405046
90.0,20.0,100.0,120.0,0.5665973211054479,0.2007223995390893,0.4145159676453321,3.1402204869906245,-3.141035095574892,-0.17201240375221233,5.983931308737466,5.975576587772899,5.9707968913529506,26.789261886681427,26.755193681094465,26.80966361363054,0.3193715750539245,2.05877991960751,-0.0668946382411141,2.6214760411349403,0.8169676429229323,0.8172880513216384,0.8200360662843471,0.7580941974417172,0.756444274542209,0.7574003781459167
0.0,20.0,50.0,30.0,0.3786604930046279,0.0144608624682814,0.2406216631267347,2.788648267995101,0.5658887315832768,1.7440886315222248,5.19015256562086,5.191081246097301,5.191127570213571,17.69726404007827,17.710561323032444,17.811187602372918,0.2302252379493802,0.21252573946567913,-0.054186468322139345,2.9762178830608907,0.7568826063904047,0.7591687060244063,0.7591422394251048,0.6569458371008129,0.6570281929175784,0.6568937802073184
0.0,20.0,40.0,-60.0,0.3395546389555226,0.0025232543307649,0.2123269273794133,2.775515980276825,-2.927610404380609,0.21727341969609748,5.004942274032212,5.009717668112559,5.006463477786155,16.157501203838358,16.210991477406584,16.15820025120471,0.21208546757487184,-0.5029145028549877,-0.051615166792685206,2.9241000120202405,0.7406971699237082,0.7397755194877822,0.7419853739423594,0.6336946729560392,0.6337521655164755,0.6332002532999357
100.0,0.0,70.0,-60.0,0.4277129276030038,0.1354858226271151,0.3044548053560465,0.648080224343592,-0.3855290899524788,0.12499876598067552,5.298413974971522,5.296198964081442,5.293854832678058,20.950022008525544,20.965687656019494,20.958853159441833,0.22725386559665103,-1.1609459062925584,-0.07000888999318033,2.702181827635834,0.7681940586255805,0.7682833146369547,0.7683321962248202,0.6708289070536937,0.6702306824986086,0.6705206945107268
20.0,90.0,40.0,120.0,0.3455795480067953,0.0042544107183445,0.21738677584450775,3.13987643031738,-3.1392937805053527,-0.3409602228553145,4.817620428981433,4.8100682882252785,4.816498702147563,15.729909349228667,15.803880701289856,15.830361674544198,0.2091470874925765,0.5688385904996134,-0.07218543230495188,2.6510882173639407,0.7092631153592375,0.7114087242951612,0.7098821009500745,0.6090070789721257,0.6088584371044439,0.6097829242485467
50.0,50.0,40.0,-60.0,0.3385864868795949,0.0027163427137768,0.21199510274676148,2.829888529298978,-2.9816711729807093,0.2232112689715798,4.9806403627103535,4.985600966343536,4.979573280804665,16.112725523008752,16.12031784520421,16.264898749396902,0.21001189696213898,-0.5341985712391656,-0.05427274080711018,2.8956607990674987,0.7376044163335876,0.7387078858522708,0.7379395558392333,0.6306238906389324,0.6305560098700986,0.6297943469381952
50.0,50.0,40.0,0.0,0.3399722323506041,0.0065916402474342,0.21337835864272234,3.134527476726773,-3.108304971780334,1.1632246146516099,4.976509394426684,4.968358526852442,4.973636314946015,16.07483219215885,16.090283354490257,16.091085875528357,0.2151530338153669,-0.17770217459141852,-0.05425644610878828,2.871291362849326,0.7352710635700271,0.7336517367373964,0.7349327613784713,0.6291733429226632,0.6287737576178054,0.6298522613964591
50.0,20.0,110.0,-30.0,0.6203660044508619,0.2459737612563496,0.456483140406925,1.1388075752080815,0.1097793024988926,0.6059033947393899,6.118792668918952,6.1114282791456285,6.118444662074499,28.643233131665376,28.64371792751068,28.634107956870636,0.3536439350638311,-0.5585168780200012,-0.07176509318539538,2.3716993815946896,0.8157816193333748,0.8138179062225056,0.814904295391489,0.7750167971815362,0.7749725032840235,0.775932186386353
20.0,0.0,100.0,0.0,0.5761234731048873,0.2122721237930636,0.4197237787163882,1.657512360477478,0.6545892549577152,1.136873204326219,6.068799385502583,6.0610157290549225,6.0710348480761755,26.763740829952994,26.74440798145346,26.92072047514796,0.3214542101954333,-0.048407041061190564,-0.07066330551004438,2.7083921016020676,0.823889700823783,0.8277743796899191,0.8256975314326661,0.7682611722332775,0.7686038929530733,0.7694730162247202
20.0,0.0,20.0,30.0,0.289776533073013,0.0349252829150526,0.1724364682425943,3.1363613620679778,-3.130801807347889,0.7828303490962841,4.505080616549118,4.505175192219697,4.514925850992203,13.096077281441083,13.132288502602592,13.171362120965432,0.18748515511829927,-0.059654105403982215,-0.039601126223645956,2.541978959817349,0.6735940627363285,0.6738262655592261,0.6751091263024103,0.5694363809950329,0.5707469152324984,0.570671386752913
100.0,0.0,50.0,60.0,0.3771408963827241,0.0210787452348537,0.24130387196148528,3.137751980442633,-3.140596205013848,1.6937891282123452,5.143260041994373,5.144351392152166,5.1461592773063245,17.65013263101603,17.651576744037364,17.60141686696858,0.22566600575018678,0.5294128730570256,-0.05877162474095065,2.909448540922183,0.7524239862555943,0.749738402101375,0.7513688578159247,0.6509621097908881,0.6512597001617094,0.6510813490708778
90.0,20.0,50.0,120.0,0.3811659266439545,0.0113720868128611,0.24192273072316844,3.1400130459623354,-3.140153143637069,-0.2029996951591374,5.156759162819914,5.142704695277516,5.1504488049342045,17.791170879174242,17.823014036214936,17.801396564957265,0.22801775804973248,0.7000894747640264,-0.06392481568798494,2.9411253494197,0.7563921658319409,0.7563491485627718,0.7569674087180465,0.6516905115191677,0.6508524961460668,0.6527390852619553
20.0,0.0,40.0,30.0,0.339468015125062,0.0105871298810935,0.21218995411887778,3.133817793288983,-3.1390965129792474,1.2984431326849608,5.02036581382891,5.021981900907779,5.021884998260672,16.21603682475545,16.225851656440827,16.27634749047752,0.21675147360261215,0.11301365097451446,-0.051613833450872955,2.9431619369796262,0.7417895740288901,0.7433375093666778,0.74432533455134,0.6353368290730987,0.6354787354909534,0.6353305420760859
50.0,50.0,0.0,30.0,0.2565106237877631,0.1811469297691457,0.21848228325794947,2.7670995481436664,1.1309240310165898,2.0109382481812945,3.4358048008735333,3.4194642146685617,3.4204052027971086,9.353589744447632,9.377460343572313,9.374348205900622,0.1482135504541131,-2.140513941723588,0.00792737668632801,1.4607477162450835,0.5132610939392747,0.5115967093476903,0.5118130900101385,0.4338445794275978,0.43191661387517677,0.4340159948406134
0.0,50.0,20.0,120.0,0.3164985293454442,0.0099946141476092,0.20449164838819223,3.1289242512665925,-3.1413269578022445,-1.153503859629943,4.205715807850813,4.204587023864406,4.208474801008038,11.782185484073388,11.826257339742876,11.668917338984057,0.14647298825455096,0.18506131948137394,-0.0477257274878185,2.0668467505557833,0.6111045272844385,0.6100365040969549,0.6106951787737785,0.5320135173805358,0.5320310580881061,0.5325451109404377
20.0,50.0,70.0,0.0,0.4164244787112163,0.1378345104239918,0.3023292147965967,1.6763224668370558,0.681030464857997,1.162869907409332,5.112829598864971,5.113433974414919,5.1158914456144275,20.571517979474656,20.57682540064493,20.57595715655109,0.22377286585218314,-0.09801889598355222,-0.05886907473018412,2.4494303057667786,0.7368713773034475,0.7368144949541899,0.7371180422728457,0.6472796108479328,0.6476899554994757,0.6475665294660784
50.0,20.0,40.0,30.0,0.3377747478710328,0.0146899656822778,0.21222678839001058,3.133754167678879,-3.134843985023356,1.2525685888229317,5.031948273232056,5.028273329715252,5.036714140319028,16.260465643992767,16.288245794198108,16.346024311279532,0.21957640647684834,0.1255599434127149,-0.05194482582494238,2.963975940735389,0.7439016188552762,0.7450534485649357,0.7458036083760174,0.6362092398576401,0.6367845346511297,0.6372632574315954
100.0,0.0,100.0,120.0,0.5651485372702778,0.2064953410473512,0.4133984349974636,3.130584599899912,-3.1404030004590244,-0.2532962643748743,5.997446311572007,5.99296748115532,5.987391205540655,26.80557166100921,26.82665934105018,26.816367765696405,0.3214261252150696,2.052647075991745,-0.07316231526766583,2.6424628687905805,0.82046498028082,0.8196847725148337,0.8216196286095019,0.7600447947959682,0.7586681816221551,0.7591475250506834
20.0,0.0,70.0,0.0,0.4184836334554442,0.1206323137516364,0.2998283877006834,1.7001319215024036,0.6328157426878872,1.1600432569788919,5.195240057191509,5.19092703058626,5.202698390725164,20.706963368433733,20.768501662887388,20.748243716366613,0.2289903631898104,-0.09730777390427121,-0.05324257533836497,2.5751555583387677,0.7511910092547688,0.7501268732647001,0.7507758669063269,0.6572003393470458,0.6580326571257821,0.658604591275578
50.0,20.0,80.0,30.0,0.4681093254318779,0.1382016621255312,0.3380628800827264,2.202294546869173,1.1549687685235317,1.6711113735660503,5.493389627960702,5.49103139536004,5.484138874019643,23.117074716254844,23.038825480604853,22.987812605350484,0.25976413235618856,0.4435781736065823,-0.06651682548529128,2.7260371858109744,0.7909339778986171,0.7888455398505858,0.791055552266254,0.6958434804562291,0.6946953813439164,0.6951138310589635
50.0,50.0,110.0,30.0,0.6146621395988626,0.2431919024577122,0.4549174831705966,2.169825539067659,1.1795394764808218,1.6527925218038875,6.095851058063369,6.09803998832271,6.095057164054962,28.658059102372665,28.68242613252322,28.67712224714293,0.3508768481187356,0.4951860277284701,-0.07104593566438792,2.3544067733819034,0.814017189128483,0.8153211537165818,0.8140021847417805,0.7729451251777737,0.7727983812410438,0.7724977185043567
20.0,20.0,120.0,-30.0,0.6674535871393278,0.2575004172863872,0.49102908155306174,1.1546079345216935,0.0913627343666362,0.597856502600867,6.225034150359521,6.2288230553828114,6.224288023506677,30.759241622078534,30.749595793966364,30.76491949146952,0.38819934659205857,-0.5455610817827639,-0.07400287848126089,2.140078813147975,0.8193793474606228,0.8191252731060787,0.8194629471468828,0.7896695258085782,0.789593976524751,0.7890717234083934
90.0,0.0,70.0,30.0,0.4214094919529165,0.1085058903423292,0.2992425844880117,2.230682846518699,1.1484025437468102,1.6821220811468767,5.198229459026934,5.202528573989992,5.20673051023967,20.701560314405324,20.760112004672578,20.79772101411926,0.23111887164539663,0.42494646775153244,-0.05012638076368229,2.581798543719868,0.7494904140334611,0.7506297805588196,0.7512499651392994,0.658227411826942,0.6592214321919875,0.6586715261010966
20.0,90.0,30.0,60.0,0.315453752980437,0.0044214333527576,0.19287407855469071,3.140243059062332,-3.138438350353644,0.6159357452222513,4.624449446497686,4.6202363614831725,4.621725800338282,14.303954354532209,14.253784227440054,14.295557470768575,0.19651275551384248,0.24639973124368672,-0.059773270700701826,2.5640404162379835,0.6882682302964787,0.687716142586226,0.6872076338356196,0.5847484502620854,0.5844880046407763,0.5850330545987055
50.0,50.0,90.0,120.0,0.5078540826756651,0.196836395267168,0.37494444225423745,3.140626828560769,-3.140806269427374,-0.295378817842356,5.521541308491106,5.536101760611447,5.523368925891708,24.454088419629798,24.273348689105575,24.32955795599655,0.2825882603885781,2.03369724689581,-0.0673693930446267,2.3129561702641386,0.7612081852624105,0.7615831107502948,0.7646142989780004,0.7005290667606624,0.7010034410028689,0.6992433925918909
50.0,20.0,50.0,-30.0,0.3769870441014481,0.0208565606773026,0.24087327782716444,1.6713284223318268,-0.3345442709870311,0.7005601380498645,5.111030538428413,5.109445393896624,5.1122229015415295,17.57763067308397,17.689075153931128,17.76279893056195,0.2176393445190405,-0.4738501094524597,-0.05688308052725302,2.8970737945822376,0.7530178673175367,0.7513117233211971,0.7512079700665076,0.6467320681590427,0.6468931708035568,0.6467671510878894
100.0,0.0,50.0,-60.0,0.3690944084803241,0.0342206029770953,0.23807344431145272,1.0679912871244317,-0.6358597076846336,0.18428575929420082,4.993513822380951,5.004919756609568,4.996234315711425,17.39792870557054,17.492409962968548,17.407392933868806,0.2029537494441171,-0.7515253068186756,-0.05163416057688656,2.763592429422743,0.7386842914516707,0.7372080962892995,0.7369410553692965,0.6328461065946889,0.6331777431644671,0.6316491302765695
20.0,50.0,60.0,60.0,0.4003128963054134,0.0766847946697748,0.2708394641393674,2.9162495837280176,1.619724568101118,2.2429525280031197,5.0836636262009005,5.083015366649678,5.086529204293732,19.165209826508523,19.005059529457558,18.883575146191344,0.21959832622879633,0.7527588200059778,-0.061724004333569976,2.651092395840724,0.7407456809868067,0.7379730793705851,0.7407269571634687,0.6432172582586749,0.6436159912051028,0.6440986457376441
90.0,20.0,120.0,60.0,0.6590368332654035,0.2595817806919569,0.48768014123377385,2.710318714926792,1.6804955368580765,2.166443864732669,6.206561285221951,6.22878641382508,6.211884308013916,30.704414681526757,30.680581047399443,30.70206129707519,0.38708552963646153,1.0333386671147529,-0.06303112763576607,2.1296351801046134,0.8168430900799024,0.8169875597742107,0.816744335904909,0.7885687561520777,0.7893303025628666,0.7864279757119914
100.0,0.0,60.0,30.0,0.3945841765267966,0.0712178695271762,0.26937937851882954,2.3749521247535736,1.057031914039422,1.713247552445553,5.1151742661569735,5.109265469355779,5.109023768229114,19.085813358030006,19.00387952636401,19.106908520638587,0.21957967170077558,0.3278528779995519,-0.05385777886299288,2.696726305620319,0.7439030446872752,0.7463197844076517,0.7455409396056395,0.6471357475422038,0.6464837106169384,0.6472649952863889
0.0,100.0,40.0,30.0,0.3402734072603765,0.006121695279611,0.21247269879396208,3.135863414340247,-3.1241918789815792,1.3503885853870916,4.940947084859235,4.934106370688164,4.949057151157814,16.05634004767736,16.104272616902286,16.109450337437064,0.21552371241169638,0.11233432411449627,-0.061287616531841164,2.8311739389894397,0.7301370478158624,0.7303558696182184,0.730864628457326,0.6242695510177566,0.6252405492140627,0.6261534743207746
0.0,90.0,10.0,-60.0,0.3110512754280565,0.0299347059095289,0.18675093892356798,3.009345579354544,0.2024586722044702,1.455820342791416,4.026541022596454,4.0312998275670875,4.0264429888578,11.14472625136742,11.180882760768743,11.123374891183735,0.166471980105038,-0.6166041742338635,-0.04404154377691436,2.0066795585804527,0.5960118919538465,0.5964328271797851,0.5962576082848912,0.5097177701180384,0.5097266367640324,0.509152031950822
0.0,90.0,120.0,-60.0,0.6709759014619527,0.2585074132134831,0.4919534055136528,0.6281754330245075,-0.4333250765694495,0.07302747381311306,6.251664896623758,6.2528189808893995,6.253426957802172,30.758061170680026,30.771795608580543,30.77822295751097,0.3880935195565111,-1.0686069715481985,-0.07247982967766388,2.1764687073488114,0.8226400493613856,0.8224079881491886,0.8224763221900413,0.7927229221407014,0.792912975211626,0.7927729959376623
50.0,0.0,30.0,60.0,0.3041549347619342,0.0321195152083354,0.18864008534207327,3.1404183815190274,-3.134137161169833,0.5597545457781374,4.800447806232241,4.794015775275304,4.8026866822829275,14.729592163647988,14.691444560889233,14.65573342776198,0.20205361571957123,0.3072559182808284,-0.04899487535099357,2.7970386146796544,0.7161655801136465,0.7147240701685381,0.715237119726916,0.606628309504518,0.6069136695699769,0.6077108362252065
50.0,0.0,70.0,-30.0,0.4192956243485767,0.1451335388070341,0.30357452866256335,1.1489992747964086,0.1655597433595463,0.6460835568942779,5.188031762548271,5.189239889283828,5.188174083309504,20.716786779506045,20.72677298957754,20.74574209249522,0.22424649532940527,-0.6320002358776751,-0.06657536078358392,2.5506625676594967,0.7496388388654804,0.7500777114231415,0.7502238068743649,0.6569472015549668,0.6569918056954657,0.6568081176529964
100.0,0.0,80.0,120.0,0.4636088377800729,0.137599818625533,0.3357022569489148,3.140122202170913,-3.141163332674091,-0.24653558767698375,5.356020341211885,5.36407818575198,5.366336383971571,22.664277307215517,22.68077254694103,22.783863818961894,0.25803517820082245,2.0183925155485753,-0.05626312171634871,2.522016053196107,0.764902028038795,0.766863073288052,0.763948922270177,0.6785514124876718,0.6800593347187086,0.6788290633087314
90.0,20.0,110.0,-30.0,0.6191470864965574,0.2455234410572513,0.4565285022677248,1.1464772255521711,0.1111587365404028,0.6069813285371745,6.114698070786848,6.106385184931005,6.111000297403706,28.64835836242351,28.66676908567911,28.628158163681398,0.35341571052036097,-0.5605566326282029,-0.07336950329234038,2.368835372400172,0.8166533090835475,0.8146943323177561,0.8144513032183558,0.7745490051983528,0.7740847287486743,0.7751416000386692
0.0,90.0,100.0,120.0,0.5600838438510646,0.2207401321681129,0.4152226006769669,3.1393720366021203,-3.141261893184649,-0.2997689232439812,5.739704423309127,5.764399839950889,5.760203435548284,26.567830516391368,26.548804174615608,26.540259419621883,0.3131260432829998,2.0400001923689923,-0.0813499687366857,2.2822439538258403,0.7853230087048116,0.786437900044614,0.7861968254545133,0.7285375652514327,0.7312071129172241,0.7282137734703851
50.0,0.0,30.0,0.0,0.306843035240869,0.0297167828099507,0.1921631198007654,3.139225345673275,-3.127464881620371,0.9156383349910568,4.783977250477973,4.7938393206513945,4.784352503624799,14.787889000820126,14.787525817118034,14.784516616782897,0.20247871275985982,-0.20624855467332318,-0.049423505870587456,2.8038637799317034,0.717235352425184,0.7175050207262852,0.716948514082144,0.6059863723778756,0.6061161187391446,0.6047887349637583
90.0,20.0,90.0,0.0,0.5302850122650327,0.1750059124681148,0.3814102040828303,1.6703304918879258,0.6424017730889802,1.1424943185151857,5.882714768929502,5.881060148508636,5.875719894748462,25.32720770660597,24.916568908351735,25.090580806579823,0.29153079484292665,-0.06646393124809508,-0.07526166439657814,2.892766286771601,0.8251399300605128,0.8265076016567974,0.8287340587451772,0.7448888758741821,0.7445742855319526,0.7449116853444515
100.0,0.0,20.0,-30.0,0.2940760965667297,0.0222203604583716,0.1741453482920297,3.1082023332635687,-3.0887022373698856,0.6450992335414207,4.482199891717685,4.481119489607047,4.481477934617257,13.021194283179867,12.996497617880081,13.050615320983994,0.18755007138029678,-0.3424972515530217,-0.04161596816856304,2.49882057453886,0.6672184102228546,0.668495375738798,0.6678760861685827,0.5669389492249954,0.5668305009664328,0.566937899386804
0.0,20.0,30.0,0.0,0.3066496106951428,0.0351325922667885,0.1935735370347277,3.128955373363909,-3.104617289478419,0.889891398232699,4.813776177532137,4.8140762069799266,4.810142427048315,14.859012399188446,14.870095609214165,14.850168841639077,0.2062980647903994,-0.21602379403132063,-0.04804717442967781,2.8414586093368266,0.7212654680366652,0.7213711750015663,0.7206362638036763,0.6090896825777339,0.6087243456584968,0.6086421911060451
0.0,100.0,90.0,0.0,0.5265904056531581,0.1844394858747955,0.3822212764828954,1.651289791157756,0.6688611081777246,1.1460521558571417,5.725991883742911,5.726205728799084,5.720598257255938,24.82239248499143,24.564945529535525,24.925036492868813,0.2849444899460531,-0.0647264904168989,-0.08012336979081205,2.619193804860254,0.7960622954283999,0.7999314985165438,0.7990017786373939,0.7252224895664504,0.7253331547199571,0.7248809425154079
0.0,20.0,50.0,0.0,0.3775643510717231,0.021626383446523,0.2418453744839524,2.201084526937048,0.1963064874111244,1.2303537315360777,5.1557909230803505,5.140728468240179,5.143928745309189,17.670497939269865,17.738109374170627,17.702021313394553,0.22340704906068667,-0.1652396942940566,-0.057640774166530906,2.9313382008974234,0.7565098951314593,0.7542793679258849,0.7549166870376718,0.6517766278065155,0.6502073886103755,0.6520765904054967
90.0,0.0,80.0,0.0,0.4755292812141171,0.1483526009295995,0.3413746713973424,1.6838954856498816,0.6437290982809609,1.1507892817352445,5.582106017000606,5.587954707815072,5.582142307569029,23.145357420397175,23.18791534474692,23.135636143618967,0.26006750351579844,-0.08310229528557593,-0.07458198332276834,2.8479837299127406,0.8049870747243443,0.8040064575301945,0.8027616342965357,0.7073474462062611,0.7074251392611786,0.7065517309042074
20.0,90.0,60.0,0.0,0.3894874923802048,0.0985080375945569,0.269560490925114,1.7947797272988115,0.6415060621128491,1.189086942330977,4.987593994064048,4.983645451792484,4.988383509914115,18.690096849438703,18.683325023865642,18.703868418334626,0.20811995056827642,-0.11658282053685977,-0.05720880372931675,2.5039053843199786,0.7217030771659997,0.7234252670672289,0.7219129192097269,0.6309843038262952,0.63109089048446,0.6315882317830948
100.0,0.0,60.0,60.0,0.4006087509418276,0.0666691359517664,0.2696245711273624,2.951510196764538,1.5605900500119425,2.234686720250312,5.163704959629281,5.161236619157371,5.170239208988411,19.03713812424741,19.256645742057135,19.12041971123913,0.2255929825944208,0.7400323924759499,-0.05509720877523373,2.76003572927087,0.7523694203564387,0.7506725256959444,0.7507836430234572,0.6534497132006005,0.6537529339351532,0.6541527302938072
20.0,20.0,70.0,-30.0,0.418310918740401,0.1385843926263726,0.3029212604387299,1.148120641183538,0.1629028910797218,0.6448028129437268,5.176865672519203,5.178446255492879,5.1767925919920215,20.720971735346854,20.72613050329133,20.732032973969293,0.22431568467265298,-0.629461084058414,-0.06529716527819782,2.5399628191274584,0.748610701557897,0.7492266299629127,0.7485844282736626,0.6555757629950185,0.6555507179518281,0.6553909359120178
20.0,90.0,100.0,60.0,0.5679216512847016,0.2105966357287291,0.41847227370443185,2.696743260645225,1.7132240416614248,2.18297995110205,5.912177834367687,5.911789559129011,5.903710236129553,26.955219652127735,26.922423342303794,26.886624746804696,0.3164572719068466,0.9986060296380461,-0.08662939175866664,2.5671664514006585,0.8176681589299145,0.8164825828525689,0.8171117849346238,0.7495264879047335,0.7483671793792198,0.7485202727843137
90.0,20.0,100.0,-60.0,0.578849174484119,0.2179426056067443,0.42318463456076993,0.6029986819767932,-0.4002457998601713,0.0917290094561379,6.043094504523505,6.0571896612687555,6.050372352309321,26.82066898870722,26.839541246735354,26.717617860980532,0.32006321395991005,-1.100930866473055,-0.07435202269206295,2.679638456644832,0.8238810629055255,0.8241672631457988,0.8224432254366242,0.7666166296810258,0.7674917896744742,0.765813787473025
90.0,0.0,50.0,-60.0,0.3654229275746713,0.0353863792599706,0.23697873295894237,1.0183489005526638,-0.6630501713285162,0.1800848655922185,4.9855985747236815,4.990826193878784,4.983164153134963,17.34888826979896,17.4223435019633,17.349799052989688,0.20124749775978326,-0.713899283212264,-0.05038528776557404,2.741504827580222,0.7359539160398102,0.7344989437240184,0.7336098302535908,0.631501871108035,0.63124045335224,0.6305176039398076
0.0,50.0,40.0,30.0,0.338719812967323,0.0087582814347661,0.21238074628661494,3.139924240336904,-3.1178504229930297,1.3237851522372441,4.984573846263094,4.981824999979552,4.983869868947374,16.10270546405831,16.129833833234628,16.058401510417465,0.21538858438960665,0.1266544876243971,-0.05448928893341906,2.8812040061481943,0.7358129435337984,0.734877477828608,0.7352430365486392,0.6305779131732033,0.6304250640204243,0.6307663323399905
50.0,50.0,10.0,0.0,0.3075841305432605,0.00685742701367,0.18700801797138045,3.135642395816411,-3.1402701049040416,1.7144677663163586,4.088537978717938,4.0726843671022435,4.0763260562896155,11.14121437709132,11.158898796637988,11.179222756824048,0.16160360019068784,-0.701512454932997,-0.041684487879891215,2.052319543996772,0.6008268003314229,0.6021547216034432,0.600333093572186,0.5163172438053761,0.514706339956043,0.516950416213802
0.0,100.0,20.0,0.0,0.2899614235128747,0.0380894845790058,0.1760465632918363,3.1326064823606763,-3.1403466594397305,0.8581538896320525,4.407428360383944,4.416368905232019,4.407959839780069,12.897068804071646,12.871856166789986,12.83599948336686,0.18891686438140298,-0.22016142571770356,-0.04975810417625377,2.4115163355426,0.6570225670690744,0.6575768071963791,0.6577896404377662,0.5582512202396076,0.5583255627602687,0.5571625696361557
90.0,0.0,50.0,0.0,0.3710449698736558,0.0362098181993095,0.24086380249533346,2.077392180537181,0.4034163932195356,1.2308398725951533,5.047267434518339,5.044751866201749,5.041365638125581,17.62625520827373,17.474318573168375,17.47687708856086,0.21120391046001138,-0.1292948776018693,-0.058188020653180815,2.805695457539351,0.7413342806971186,0.7431700504216855,0.7417374390247025,0.6385797274021373,0.638037026859188,0.6385035963819011
100.0,0.0,50.0,0.0,0.3720963041806598,0.035539262052949,0.2409104272406218,2.1102218459003947,0.3697950372625891,1.2330876696660056,5.063054534571036,5.064499588891366,5.061791899477319,17.588382832085912,17.440878561643295,17.6205270960324,0.21366654310617691,-0.14190886467565594,-0.058574761390725455,2.8259225024638748,0.7436552299849927,0.7452689461234425,0.7429698261949844,0.6406959049414587,0.6409530780915448,0.6405469472779645
20.0,50.0,80.0,30.0,0.4673724848328366,0.1487652897831403,0.3361038474469556,2.1862613116184457,1.1830434908538108,1.6785439841809537,5.522818621772661,5.5091874506973655,5.518625192373198,22.848281538701695,22.761572879857148,22.83606029205071,0.2617462401841992,0.4393195689461554,-0.06247015005195203,2.6978137362789982,0.7837455516015382,0.7851269510682826,0.7850665844823426,0.6984002709905511,0.6979358655254166,0.6998167167932059
50.0,0.0,0.0,0.0,0.2881265113587337,0.1778684777032965,0.21972648802429615,2.893962530047375,1.021658543790578,2.0200226817465428,3.4212220250964975,3.416800454301731,3.432790490931018,9.335085328020954,9.341403033685166,9.375066708183326,0.1488154500766398,-2.11708056267528,0.007978191048741652,1.452730594631178,0.5113278816605654,0.5110678317466435,0.510720381150942,0.4318667877041278,0.4333267734318672,0.4338929113162815
90.0,20.0,60.0,0.0,0.3918651384265503,0.0764238829392668,0.2694374278322639,1.86224629979264,0.5508278059498382,1.1914555367837014,5.072211575158378,5.072111380269015,5.065595225356275,19.01882916744885,19.060716384376846,19.019417729428888,0.2150047057338881,-0.13562408880311846,-0.05530147535869155,2.654834300603842,0.7423606235341239,0.7405532730348177,0.7407112764997323,0.6424058769702249,0.6414633894929611,0.6414762980402514
0.0,20.0,100.0,-60.0,0.5814794330985846,0.2159955122846151,0.42340619524585443,0.6042906665336233,-0.4077469620232521,0.09140900821510903,6.086296845209455,6.09904779230677,6.0930705955121836,26.888331847141025,26.900094684226154,26.79258286594694,0.321175048206076,-1.1010390988949739,-0.07363655821561715,2.750842731051503,0.8311697372451645,0.8315458817630764,0.8293866354394095,0.7719918103634827,0.7728199151688924,0.7712970147015772
0.0,20.0,80.0,-60.0,0.4838421260753636,0.1525463101241395,0.34174762294770383,0.6325146146055118,-0.4013178584408639,0.10720023419881754,5.652979048562166,5.640104475700246,5.634568292182497,22.95631449116054,22.986316400647066,22.902689723565274,0.26159846937202663,-1.1347794927230461,-0.07171544232155186,2.8459489371006934,0.8008774970926997,0.8000246182556503,0.8004027590042273,0.7156014747805257,0.7130984808779482,0.7149249188239688
0.0,100.0,100.0,30.0,0.5683419968946828,0.2134793752596156,0.41575258582010055,2.1692985847304485,1.188777864939322,1.6603813196614214,5.962086949094279,5.9672295678307155,5.972183045051846,26.702522865000713,26.63668670595688,26.676178878044038,0.32011460154989846,0.47760239503670904,-0.07449832025458332,2.5674637682353443,0.8110565650482339,0.8130701810647947,0.812300209089365,0.7553665815649083,0.7567041053985554,0.7561740019420236
0.0,50.0,100.0,0.0,0.5740499321218806,0.2130475219907235,0.4210291405670411,1.6518437551402083,0.6608074921174723,1.1312714237566948,5.980179667022996,5.981352596756236,5.9989170462501455,26.746513282279864,26.882886949620136,26.879124511934535,0.3173914422616018,-0.040361325693734934,-0.07875899979200315,2.6318731414858267,0.8207738368005744,0.8218697301402708,0.8190880446640365,0.7571205110987819,0.7595048272622295,0.7591864769510616
0.0,20.0,90.0,0.0,0.5289893096988693,0.1753151063095819,0.3809124906437244,1.670102349951036,0.6451845119340056,1.143046378589875,5.876114886407987,5.876781608391933,5.87133583689271,25.275775979178153,25.172016570945857,24.865382380055994,0.2916135542501756,-0.06721856832692248,-0.07521167005070238,2.885713316290484,0.8270884618173031,0.824368225791366,0.8271374659436876,0.7444892453027135,0.7436372289756734,0.7442775457354384
20.0,0.0,70.0,-30.0,0.4157229201401466,0.1433273447620809,0.30151962078108224,1.1398712851219577,0.1630270794269143,0.645059678216895,5.1815899699989485,5.183795768045092,5.1821362302064315,20.748819543720007,20.748695381045554,20.77010615764383,0.2250517133967759,-0.6275554895722323,-0.06506813926521192,2.552558973329546,0.7505197474536167,0.7511757881018915,0.7513172017534913,0.6562224250259633,0.6563129712191837,0.6560080103697437
90.0,20.0,0.0,60.0,0.2893625697600522,0.0882834101181298,0.21917804107602445,3.129796406928094,-3.136731702461905,2.2241361332340115,3.446733916469654,3.430633662576224,3.4361940043928594,9.392210470294744,9.432355731302405,9.383631651182036,0.14977924842206727,-1.918229172743122,0.007462253148930003,1.4858295087395597,0.5139234409536744,0.51355881187263,0.5130260874998746,0.43498367212193434,0.4337234330078309,0.4356855518360311
100.0,0.0,120.0,0.0,0.6602624440200319,0.2571906578369984,0.48719491434580153,1.6799474337800178,0.6189820522584724,1.12105596418838,6.172394287389256,6.169103951733707,6.169973844853868,30.66410127204112,30.68750695189722,30.693001648571247,0.3889427129752953,-0.018281678300968638,-0.06857599595448596,2.061807109605032,0.8103941294382714,0.8112668632743009,0.8103210623563082,0.7824839694885717,0.7821857198236466,0.7826131689212376
50.0,20.0,30.0,60.0,0.3017684189219511,0.0403368809764701,0.1894081375753488,3.1395502669424338,-3.1387729584059243,0.5136525178300686,4.837182290247786,4.829226769265532,4.834665024900272,14.814635397604086,14.799941990710677,14.752472509067866,0.2054133369288664,0.32224350795161005,-0.04738993398428003,2.846381617380001,0.7209018350808044,0.7202975528403336,0.7210787650277959,0.6113726908298902,0.6110362030333065,0.612029530399725
90.0,0.0,30.0,60.0,0.3073091873231986,0.0194396985979819,0.18856262897738735,3.135892655513876,-3.1382724380237352,0.6049653804367302,4.754463651498964,4.753206026484301,4.758376217638303,14.626894089930603,14.588158754270165,14.49427101004089,0.19815989192955494,0.2823442109509593,-0.04948523328351852,2.7361178664100434,0.7084979843668631,0.7071262722678419,0.7090088299023857,0.6012194716692004,0.6016757336035278,0.6018304575871831
0.0,20.0,110.0,60.0,0.6195739537352131,0.2375257300649464,0.45523281549585526,2.6931772766345623,1.7057645951716065,2.175679103064116,6.127403231682431,6.125986824919733,6.125144585034152,28.743943779603303,28.740685488604093,28.753394248737344,0.3503608103962709,1.0187119503662039,-0.06965213638227824,2.4134496008467043,0.8206571417714527,0.8206660366702497,0.8204057474055515,0.7766677247211417,0.7763642408904642,0.7765322918124011
20.0,0.0,20.0,-30.0,0.2929597079966623,0.0285696945342468,0.1735071838412777,3.076860909538192,-3.126073142666079,0.5983536078565134,4.516112564848208,4.515639484044621,4.5195786475292605,13.19957215024213,13.165799367588386,13.204639740623385,0.19003887593507587,-0.3714983709890924,-0.04089314367626053,2.5530339744107686,0.6752886888334669,0.675471269542993,0.6756756032530827,0.5710735115474832,0.5714969737312645,0.5715583114166746
50.0,50.0,100.0,120.0,0.5610146560733806,0.2154439679091857,0.4161663353397734,3.141387588109561,-3.136872016642713,-0.2729104093806813,5.800758839582274,5.824821350865364,5.822893334203904,26.736148488668885,26.71802710734121,26.66806988954029,0.3151024507653558,2.0374845720286476,-0.08545854375775933,2.396261675771199,0.7985903251334752,0.7993133038928958,0.7995507922801293,0.7361382249389661,0.7389590604128193,0.7360968606436858
0.0,90.0,60.0,60.0,0.3990183244481097,0.0820388382956487,0.27268609294220897,2.906925309672505,1.6501445280639202,2.248634934600343,5.036424300921225,5.035994171261853,5.035812935943858,18.83723036694679,18.915912283777043,19.042974520883863,0.21716456242445456,0.7374859836187143,-0.06524809030118034,2.5795028331797325,0.7322794113332981,0.7326398525687869,0.7323434696896394,0.6376268336227765,0.6375962606210881,0.6372487686452474
20.0,50.0,60.0,0.0,0.3902810949357032,0.0877456427172871,0.26822755671164555,1.8083327945455363,0.6060380286075845,1.1866484998431173,5.0313426660483325,5.028629416092441,5.031169688805912,18.72176989245555,18.736301359331154,18.812627834765706,0.210844364944114,-0.13405352973926138,-0.053399833697438226,2.5618309457988993,0.727782251224139,0.729897764429994,0.7279880188977046,0.6367005566879214,0.6366441437828892,0.6369663945560133
100.0,0.0,40.0,0.0,0.3397212338176189,0.0023899472314262,0.21262657628188372,3.0883091352533745,-3.0996956596343623,1.2347367948361705,4.966916199980077,4.962500550323983,4.958180112370095,16.243084304223856,16.21816072000732,16.112038885186486,0.20960521708860916,-0.20085343557380936,-0.05643488491270866,2.8808268878573164,0.7369587380877455,0.7378846331549256,0.7374292753225444,0.6284029190486907,0.6272477800560766,0.6279020063625254
20.0,0.0,40.0,120.0,0.3374182802982989,0.0036054041615594,0.21308768761915947,3.140016638331118,-3.141360312978836,-0.23533801652410688,4.961313870714627,4.94210848554655,4.95779371189734,16.188341290791158,16.230584096244932,16.213503179718725,0.21155732112323164,0.5826904977882446,-0.060128438352721636,2.8656281953563854,0.7366163879067157,0.7355473083780213,0.7352281145096717,0.6262277137124186,0.6258191963936027,0.6282560838466303
20.0,90.0,70.0,-60.0,0.4260213739697759,0.1230818091761961,0.30093414651661915,0.6479544903582048,-0.4038205304891684,0.11564424926541493,5.192276634100611,5.1934333642450525,5.190120605610546,20.769557219664303,20.756468051082162,20.74558147802917,0.22732092193242134,-1.1437880971927623,-0.05990928043143936,2.566608965380855,0.7505657396136433,0.7515114431455779,0.7517002607638483,0.6576406132189817,0.6572930267678975,0.657224597913643
20.0,20.0,80.0,-30.0,0.4813742766731605,0.1553284076210418,0.3441943729786544,1.15872968869102,0.137313678819851,0.6388946382840663,5.554830028408843,5.5661574598077035,5.550210532243423,23.00405291481141,23.08131496694483,22.92573967847993,0.25735586210081296,-0.6246492918158095,-0.07891485052649452,2.767144797009309,0.7969601694610658,0.7945716755642385,0.7950705979756099,0.7046515405831985,0.7039782105905452,0.7026139046353016
50.0,20.0,120.0,-30.0,0.6674328560441126,0.2581723402049665,0.49066487520800195,1.154075118854439,0.0908412068341538,0.5972077825968342,6.21133664067487,6.208186734317741,6.209512510702784,30.719109724125854,30.76596941792986,30.74017712497786,0.38806399196125047,-0.5449408234664344,-0.07334552948440302,2.119516049382032,0.8169388979559975,0.8173019719940089,0.8170331149163349,0.7873841419514366,0.7871691561915345,0.787535525686725
50.0,20.0,60.0,120.0,0.4146659689897258,0.0551221273381851,0.2720277424419731,3.137354276441513,-3.1376066219513,-0.14484487517435493,5.267884473077709,5.252325123682885,5.259551810667847,19.34793357957683,19.353613816184026,19.35244773764817,0.23695535470988402,0.8891159246358337,-0.060407583798628886,2.882727110113919,0.7641296261825974,0.7651846850256049,0.7635011385229449,0.6658052990427729,0.6647955810972624,0.6668413085966501
50.0,0.0,40.0,0.0,0.339856441863215,0.0028160485853222,0.21394454484840592,3.137487994822445,-3.094179218117299,1.1640362896840104,4.991174644452329,4.987203618160458,4.980142328179493,16.313315213772146,16.268204045248034,16.23524895863485,0.21300502316015613,-0.174076985672239,-0.05609182958017321,2.9190770176733194,0.7417432378523355,0.742595883678269,0.7413051738181111,0.6315715414028861,0.6302289632555886,0.6307630588424598
0.0,50.0,90.0,0.0,0.5304601274419405,0.1768990899679115,0.38087539997216546,1.6665951118399347,0.6420685556006217,1.1445293787363513,5.840453930678395,5.8386942224569625,5.839357297028395,25.086290379796544,24.77595020068226,25.144032442875748,0.2903524046054086,-0.0679609675959289,-0.07681332439589862,2.818450875609549,0.8167790955270876,0.8198171809110892,0.8199694462019423,0.7393350292962634,0.7399779692043442,0.7398045350096959
0.0,90.0,40.0,60.0,0.3417246678433223,0.0012570932964254,0.2138377841106356,3.1282451566174103,-3.134478241801344,0.9524663755963728,4.88510884225804,4.885827798096583,4.903083893541627,16.004400440941783,15.998459557283729,16.00826469232686,0.2113597554939272,0.3792727134999018,-0.06453071245140678,2.768412244653499,0.7238840280657914,0.7239722307644877,0.7243557906759113,0.617410780810192,0.6196482352226402,0.6196455499846968
20.0,90.0,20.0,120.0,0.3174311213692861,0.0037078543661836,0.19952255183280374,3.141231051757871,-3.1313567274582392,-0.9667914006996371,4.237155337861039,4.234459486599755,4.2304145266049895,11.991254689314571,11.84396371819943,11.854273957136089,0.15263579360910362,0.2421108907060298,-0.04817000269822202,2.108922129848497,0.6173065694302763,0.6177110918416718,0.6175905940403291,0.5359579157860473,0.535325526894759,0.5357609900642277
20.0,0.0,90.0,0.0,0.5315102182982165,0.1745106566614082,0.3817897111015506,1.6662253695876816,0.6355370525198689,1.1435207377029404,5.879851474631631,5.8744279500145655,5.873607466508095,25.24486730974638,24.86907721553935,25.201274855598303,0.29129579313324644,-0.0678902779543624,-0.07695834401317955,2.886765150135035,0.8244977472682035,0.8267871012453255,0.8277743049267721,0.7442058168372521,0.7441310935847698,0.7445839442838132
0.0,100.0,120.0,120.0,0.649185059044811,0.2612729289241404,0.48354958789854996,3.1378357561053227,-3.1382052695155127,-0.14116796965323494,6.127302249859295,6.102859205451452,6.096679656782634,30.606074985582346,30.51701562182953,30.56706185840202,0.3854110844272599,2.08065371060658,-0.06504343723157117,1.9531241118304363,0.7991722770124301,0.7982658937086636,0.7992731019223752,0.7761744586130441,0.7723923935633977,0.7754750229774042
20.0,20.0,0.0,120.0,0.2910528133209361,0.0907102603907754,0.2191955217349998,3.1346596193327745,-3.1228870539205063,2.2095720287341507,3.453702413441625,3.439280252863343,3.444280620929897,9.366397633120657,9.442076492101435,9.429376817636511,0.14978702960543475,-1.9327352421396453,0.0075701533408211105,1.4879873000324446,0.5147106708553354,0.5143779208205069,0.5134383014863502,0.4359442575525487,0.43480571044615357,0.4366374052861057
90.0,0.0,120.0,60.0,0.663064687026059,0.2552736390214222,0.4874659050719345,2.7141441498518564,1.6797423450019058,2.1683378390048396,6.21780590580657,6.236382378791974,6.22431742642929,30.665782152926887,30.70894497074283,30.688782694212325,0.3876733743054591,1.0308841374667093,-0.06249718863910046,2.129451641364599,0.8158137102919503,0.8166887813857837,0.8164847111875381,0.7897713740419853,0.7905251289952543,0.7881382585567642
20.0,20.0,20.0,60.0,0.2864475236566756,0.0423035272313431,0.17072236905612,3.131693561740568,-3.1414994905133606,0.24046684945569205,4.503211899490466,4.495043974886242,4.5031747130341335,13.08767499356234,13.091800074955634,13.06863247022782,0.18568874628284301,0.19012116220316005,-0.040346806254667425,2.5267474403024277,0.6729209117964318,0.6711555566740666,0.6724217322653117,0.568919368792295,0.5689938911790183,0.5699229451612038
100.0,0.0,0.0,0.0,0.2756940777113807,0.1779091896215913,0.21867822329318792,2.692271010433527,0.7857139397707507,1.8185480440071482,3.4260732941888086,3.4281327495383116,3.4268365866081507,9.339908732307745,9.362943714265718,9.359984235210765,0.1478828990471134,-1.9317102071540886,0.008291619025785426,1.4474538522960076,0.5110348226171381,0.5110427849653155,0.5122267715636732,0.4334653234129311,0.4335735074340204,0.43330028081638544
0.0,100.0,50.0,-30.0,0.3779089464797384,0.0274094806047614,0.24174662445936504,1.64639246975375,-0.224427469839047,0.708130906515497,5.105984791693623,5.107632667151282,5.101758753611338,17.502718081040214,17.57943721848333,17.635175280916744,0.21976614165404698,-0.45002663375193486,-0.05908576080904808,2.8628852730584966,0.7463352176440688,0.7472741180576037,0.7472225705537788,0.6466375197107466,0.6459626012503902,0.6456301345663755
20.0,0.0,60.0,120.0,0.4143782389117329,0.056294090337566,0.2705393101066042,3.1329325248461197,-3.1405159483580443,-0.152114164203131,5.270292209544215,5.280169418768506,5.272410737473845,19.287046432620652,19.277336584890783,19.263933732248503,0.237025349718403,0.9101052629369039,-0.05650097862877904,2.882245498816401,0.7623149133645076,0.762519481290646,0.7650009795124805,0.6679351486221703,0.668119603040392,0.6668609569309084
20.0,20.0,20.0,120.0,0.3163529659087771,0.0047706251890515,0.19226584525993587,3.139065191056869,-3.141273206877452,-0.6965454393325082,4.296623011692916,4.292889890549335,4.289456561603673,12.13433791379108,12.197280514496828,12.28400583212667,0.1660073049320365,0.2680578108519609,-0.04806181922620354,2.219159000324589,0.6310085685829473,0.6307219212303428,0.6301084933807347,0.5436091249816188,0.5428010853802739,0.5428399979975493
90.0,0.0,120.0,-30.0,0.668603944754907,0.257864931945582,0.4917423886287928,1.148855933449516,0.0898516077525711,0.5968381660999053,6.240408722844414,6.237871780636593,6.237307767699732,30.747175601084194,30.74792757587033,30.756048678074503,0.387882444335698,-0.5458173707313344,-0.07457612441510877,2.1520530691023163,0.8198421906731191,0.8199284157214451,0.8202030905136881,0.7911690060724327,0.7907707165321987,0.7911203454519004
90.0,0.0,60.0,-60.0,0.3825563180951285,0.0919221959849187,0.2667456624903397,0.7328421738897489,-0.4361781613053305,0.13158824599939972,4.971433473820436,4.980431835097018,4.981240895678157,18.822509360856053,18.83590907234629,18.808505239770355,0.2007751003793703,-1.1452302339892826,-0.04933346454428254,2.546760982227708,0.7306371773550222,0.7289563087393809,0.7292006146985455,0.6295940251222298,0.6308894275758462,0.629700379864762
20.0,90.0,90.0,120.0,0.5097293871493251,0.1999923617882871,0.37448751513338174,3.140262278710884,-3.141431985021109,-0.289963958737981,5.521019268517414,5.523390249557641,5.511822376388453,24.36272956775245,24.330365322797107,24.224344286791986,0.2823096615610387,2.033253700107358,-0.06815131803901481,2.293256696383369,0.7604288481253539,0.7595662757530399,0.7606691590498241,0.7000987173709163,0.6987657487750433,0.6987163546850633
100.0,0.0,20.0,120.0,0.3183112414171105,0.0625797908838231,0.21843997871141146,3.139738274470071,-3.139391777753683,-1.355658781704881,4.099036437477137,4.105160736963175,4.10744957384212,11.389576448430441,11.433820956514793,11.4093595038587,0.12575946699054236,0.09113141872380263,-0.04340246863126438,1.9437764449271342,0.5937515097884243,0.5929068471120269,0.5932914206798757,0.5188407140705548,0.5197757371774663,0.5190941498598833
90.0,20.0,10.0,0.0,0.3018557343785988,0.0055162199539936,0.17596022295822042,3.138089609346621,-3.1390764353219955,1.3588533338621067,4.135566972254001,4.135303798368232,4.134842181022467,11.496103805611959,11.534327100032739,11.466854080527598,0.16481772908596873,-0.5904657358266648,-0.03700784986045491,2.1548733981907664,0.615908047103536,0.6158971479925569,0.6148895867990426,0.5233325592619781,0.5227921598282645,0.5231413816783721
20.0,0.0,40.0,60.0,0.3386512865032569,0.0070270339904877,0.2119595174883879,3.1403499864937348,-3.1397119571803302,0.8819445918089819,5.015923992618259,5.011642327738888,5.017271178983811,16.204726573862914,16.20260307180332,16.13963602431234,0.2167135696723687,0.4319622490602605,-0.05248838033210517,2.9287971192475304,0.741436278036724,0.739433488820836,0.7408872407047016,0.6343279405150678,0.6344394341123654,0.634957442763193
0.0,90.0,90.0,0.0,0.526729451052947,0.1861561384671758,0.38205180862246135,1.6567821972139114,0.6592198245003612,1.1469014205388786,5.7239991910978745,5.7226337328144465,5.728216699618295,24.60419878522356,24.88921032360085,24.929995317268894,0.28511635515182765,-0.06953159217917178,-0.08032506810263557,2.6367619613587463,0.8017877761350768,0.8015488086350389,0.7983478211105127,0.7251065785825171,0.7255527260652609,0.7251047530799518
0.0,20.0,40.0,60.0,0.3371004282382072,0.0138995596176932,0.21212495803840234,3.1389679695573607,-3.1387788363954803,0.847656820960503,5.045103416579128,5.04386819242359,5.043826154485575,16.32840831068136,16.312011545518548,16.27672653399685,0.21899080987446204,0.4246172599394648,-0.053076217198725316,2.9758497906219117,0.747109300715689,0.7450153132261165,0.7467001410233435,0.6383459742267883,0.6381672943515732,0.6382511813210632
0.0,20.0,90.0,30.0,0.5256874178226081,0.1683771275300229,0.3782604648255427,2.1891568616459387,1.169227772948603,1.6646921510299066,5.853151928247704,5.852670345252619,5.852151354877928,25.308443641077023,25.13358971754138,24.885489803685353,0.2925923124180711,0.4590508765503716,-0.07209748215211836,2.8715230283099573,0.82539446780605,0.8224650808075726,0.8260352538113102,0.741246550256342,0.7409564454666218,0.7417797018972524
90.0,0.0,90.0,0.0,0.5304297462107773,0.1760696854544716,0.38209381793074465,1.6642232375390713,0.6508623400397956,1.1430166600580853,5.877328985578403,5.872386300725986,5.877680216472629,24.969151589202617,24.976559501536116,25.327174112991315,0.2909203376677651,-0.06744955325308083,-0.07674228231354155,2.881559302920455,0.8247493142363442,0.8276905389589179,0.8251797161169308,0.7439924741306305,0.744490402181641,0.7443632139959113
20.0,20.0,0.0,-60.0,0.2910528133209361,0.0907102603907754,0.2191955217349998,3.1346596193327745,-3.1228870539205063,2.2095720287341507,3.453702413441625,3.439280252863343,3.444280620929897,9.366397633120657,9.442076492101435,9.429376817636511,0.14978702960543475,-1.9327352421396453,0.0075701533408211105,1.4879873000324446,0.5147106708553354,0.5143779208205069,0.5134383014863502,0.4359442575525487,0.43480571044615357,0.4366374052861057
90.0,20.0,40.0,60.0,0.3376079623185732,0.0133960715501502,0.21163222512831184,3.137959413216621,-3.1415502250486904,0.8501609925834113,5.038488574290818,5.034976584633706,5.03993999645521,16.28737494511964,16.287434126983378,16.229258143845573,0.21866479958429655,0.4241329941265278,-0.052420946632361486,2.9653453157608283,0.7458091099561264,0.7439323120864906,0.7452315698017941,0.6372069965198982,0.6373327659227394,0.6377708232487288
100.0,0.0,70.0,60.0,0.4296681839758518,0.1031706524940278,0.299503325918284,2.7796663156640387,1.6293633075675138,2.2049259717596,5.229540523045888,5.226471606904978,5.237223661561795,20.747664805634354,20.705869330190225,20.748843260572304,0.23541488692124396,0.9513708056991603,-0.04703756009972747,2.606413282642175,0.7503592037572625,0.7529638320196029,0.751840928239304,0.6614945351865068,0.6625411766201103,0.6630737070808385
20.0,90.0,100.0,-60.0,0.5809916234881097,0.2101317240027791,0.4214554316567253,0.6179202877161396,-0.3988982189896438,0.09046441160814055,6.086834575441141,6.088297794476923,6.082116717492194,26.80001425454976,26.880476681059797,26.782695921088685,0.3215184184912306,-1.097466114097224,-0.07313382665811027,2.734656624680168,0.8304371737208777,0.8271109230913607,0.8279243152751383,0.7716222407634256,0.7709129729529601,0.7707634644719276
100.0,0.0,80.0,-30.0,0.4836229573506409,0.1565450728530095,0.3464698917887726,1.1478044375519276,0.129830050565198,0.6364016002130488,5.5454163423094265,5.557309015133027,5.5518374438100935,23.09130648635186,23.04714720762002,23.02622263804134,0.2555195258473744,-0.6216518407978888,-0.0839731094184415,2.7665023460008404,0.7964878105343312,0.7960961945579418,0.7963179963121981,0.7028787657454669,0.7038604221533485,0.7022461450869013
50.0,0.0,100.0,120.0,0.5650984280008363,0.202822825145436,0.41404408102393125,3.1414098204261967,-3.140713071189815,-0.1757549302443773,5.993923530663841,5.9888899882857345,5.9840558026806185,26.777286228516058,26.788359755268434,26.730275212993913,0.3208771261151603,2.053007549313635,-0.06766458881468061,2.6212158030853487,0.8174541894809411,0.8161863057857537,0.8184622605177226,0.7596452173043172,0.7581672879212701,0.7588172471951552
20.0,50.0,80.0,-30.0,0.477252128882044,0.1584266396919796,0.34227555264093334,1.1528321570293365,0.1349072718374385,0.6396788930392318,5.5490578457046045,5.548689962637527,5.537895174141153,22.849075632346455,22.813671800080137,22.853584776796104,0.25795201535645457,-0.6228269482286247,-0.07512302670073898,2.712399093929632,0.787972853023077,0.7871734409097508,0.786801020331297,0.7030995235282371,0.7018345809690358,0.7017781513533006
50.0,50.0,90.0,0.0,0.528914576204774,0.1806632834528945,0.38142289696972786,1.6647220449526856,0.6554897085274529,1.1443027462144408,5.833466189947275,5.834048226716538,5.8298364838759404,25.215929292126447,24.88169615400416,24.85334944864798,0.28951325507641,-0.06721505699521482,-0.07699399227148714,2.8032480571233918,0.8168074934159738,0.8161293836578731,0.8189577878713257,0.738802137490602,0.7385894623822952,0.7390351762826823
90.0,20.0,110.0,30.0,0.6144441507377354,0.2434434821364542,0.4553901841866839,2.1728163158803278,1.179577615924328,1.652655918626981,6.089647093295716,6.094488485603289,6.097297793061847,28.72074330878831,28.705203538148083,28.733300671460455,0.350359054281383,0.49283234317912294,-0.06973107638021475,2.3603823632933825,0.814420480930494,0.8145138135924289,0.8153639906412945,0.7719696575771077,0.7729737513175096,0.7723525092085387
0.0,50.0,120.0,-60.0,0.6717490280657796,0.2583578737074499,0.4927575021870654,0.6279026125548154,-0.4367812248554441,0.07205376115120957,6.2843379134744435,6.280514808589188,6.2810418154695205,30.772645487866562,30.79883871332756,30.80186678283774,0.38816010445215127,-1.068316421714811,-0.07183403055972894,2.2180527780526145,0.8263332793158636,0.8265272414699371,0.8262954377305892,0.796633461407295,0.7961731529051168,0.7966874582973091
50.0,0.0,30.0,30.0,0.304790510336511,0.0368242216291115,0.19027012879538766,3.1412520032414326,-3.1201685557610834,0.9982314626013982,4.799724683610286,4.797333428197036,4.81060454907479,14.729002720636712,14.733651988698995,14.77645500540314,0.2038153842493939,0.03639960808362897,-0.048198715376537825,2.8095422038353086,0.7166749165848857,0.717087650589815,0.7173394728010365,0.606550977140919,0.6079209178846733,0.6082453554129041
20.0,50.0,80.0,60.0,0.4609359644860932,0.1521940236397891,0.3352270341533016,2.701232634965759,1.7149059068005297,2.194718085429138,5.415664927790116,5.426394878250224,5.419583506530145,22.59539823204149,22.55774905026281,22.612976961910125,0.25833792303699155,0.9768655643785324,-0.059396210463068526,2.546424069333064,0.7668710843948725,0.7668238549141455,0.7663548872622514,0.6866021941100398,0.6872332557068119,0.6856896347919877
50.0,20.0,70.0,30.0,0.4287748348400511,0.1029886173104001,0.2997368039486608,2.256830974539737,1.1113807470448362,1.6820074086990913,5.229701873062406,5.216942357046934,5.224929182560111,20.744867358372346,20.739802249766935,20.86219224852371,0.2340852924231882,0.4245963431985815,-0.04869209288889113,2.606258568170183,0.7519875412952743,0.7529901830113371,0.7530337098484339,0.6612638904533303,0.6607479943354225,0.6622629070897357
20.0,90.0,20.0,-30.0,0.2929807306100377,0.0270896275967603,0.17715565199131597,3.115473542249036,-3.1404930746775155,0.6952061445531161,4.4040923310372095,4.409139994587241,4.40464259826075,12.894593315105032,12.92815165681588,12.847464119696143,0.18912157081920014,-0.398572900658892,-0.04972634596059291,2.413610346767698,0.657256032049636,0.6571136289077599,0.6578516540120161,0.5575166270491396,0.5575619859462203,0.5569180952299947
20.0,50.0,50.0,-60.0,0.3791269968668324,0.0210231622962224,0.2408960618319637,1.179553511158771,-0.8934278169427592,0.17632459192134914,5.0951143651013595,5.096908997072853,5.098588705687472,17.63288855062339,17.544732610182805,17.68612144149816,0.21506384543190327,-0.6867389981407481,-0.05407284715029279,2.8778683794302045,0.7495547589383513,0.7498391848180919,0.7484675243096441,0.6446658958634675,0.6454006577814945,0.6449525150785058
50.0,50.0,40.0,120.0,0.3434265628208026,0.0039329609748505,0.21409081190520773,3.139370343338249,-3.138184801612661,-0.3004932776582522,4.8358426753687,4.83665533649203,4.838116236233413,15.717924657459546,15.690554474311785,15.61441307036229,0.20836541909927442,0.6437264922376146,-0.0661834112236481,2.652888791604217,0.7099673028034917,0.7078199237388373,0.7088580319458291,0.6119068533238089,0.6121430242475984,0.6120784149849985
0.0,90.0,70.0,60.0,0.4233263678368688,0.1289120143544247,0.3032462912045333,2.7318304840471934,1.7366438169222098,2.213840240563855,5.075898434246793,5.0609892180858305,5.088198182095206,20.52777018788001,20.53420952465505,20.5303754285023,0.22579286022960968,0.9461021047361088,-0.05798787564676636,2.3894023062813687,0.7296377495343116,0.7289766525053317,0.7294745763526519,0.6409475389328422,0.6424698972303791,0.6444611262803173
50.0,50.0,20.0,0.0,0.2900297276180065,0.0307892536647922,0.173968326085225,3.127094545575329,-3.139593128156992,0.829934241214548,4.461347675259895,4.453631417389488,4.462543505429201,12.932547784608264,12.967322767867365,13.006803992927946,0.18917882282824977,-0.2962065424154991,-0.044154449879150584,2.472837066897317,0.665200303327082,0.6651562220453838,0.6648456495478575,0.5636096440153658,0.5638068466014086,0.5647814817264282
0.0,100.0,20.0,-30.0,0.2912778296143131,0.0341232206005195,0.17539088403438297,3.130993587611127,-3.116740573253064,0.6468271813797928,4.423812996838399,4.417214045230607,4.412525476338545,12.801259041129835,12.801325672909083,12.810114960226898,0.19179434052544272,-0.38298412398650306,-0.047961040044880464,2.4103142301468563,0.6567956613920525,0.6561135265805346,0.656473878097947,0.5595284272454758,0.5580520868293437,0.5589560091028387
100.0,0.0,90.0,60.0,0.5218043662827789,0.1660054633114213,0.37680703441804164,2.706055729393656,1.6945943135318189,2.1867479384332156,5.808489163317396,5.807975132083368,5.804956286888132,25.279163266381534,24.870405888765173,24.923365389990384,0.29186196484905536,0.9853472870804977,-0.06939546515710239,2.802021237046125,0.816143762066443,0.816116654934529,0.8193162773579106,0.7354367956506265,0.7353858403119168,0.7359299816352912
50.0,50.0,120.0,120.0,0.6489347278847232,0.2611115702621689,0.48416433493184796,3.138154525402272,-3.1294615615678816,-0.18527377724236896,6.0555302138041744,6.060078374206843,6.055036416325112,30.57750281015526,30.62303016824047,30.632629895576574,0.3838190763802282,2.0752346670320976,-0.07282567839140675,1.9065547385259591,0.796817254066805,0.7979233914865378,0.7972590701780432,0.76830868203736,0.7682256449880763,0.7676931623505667
20.0,0.0,0.0,0.0,0.2939488819559211,0.1611479878704752,0.22051761728621988,3.0316160661586267,1.211444033519067,2.091832263440019,3.428232144108593,3.431967733089982,3.421432651848734,9.320902507763169,9.397679297533394,9.35259575644678,0.14993213094129276,-2.100962530645259,0.007706891592846183,1.4648045424123557,0.5111552285083595,0.5112434395415344,0.5108322557816185,0.43416690185736223,0.43332689642164035,0.432898605774101
50.0,0.0,80.0,0.0,0.4736858126669582,0.1491541278602372,0.3405377219339018,1.677159108170032,0.6482296813829697,1.1502619936190188,5.56652535310751,5.571156097302228,5.5667376964204855,23.155094498568282,23.16061780111495,23.128249589362955,0.260202495813725,-0.08298499643654217,-0.07355317849335788,2.82938427821364,0.8030442827553606,0.8023878804000547,0.8012176064707954,0.7052539615458573,0.7053851079781721,0.7046732912018111
20.0,0.0,40.0,-60.0,0.3405429510370581,0.0035351377069151,0.21210478018476606,3.0438336955891305,-2.98708624067077,0.22997622375225826,4.9807890444898035,4.980016962424294,4.984784344822619,16.175682908454863,16.159929868771158,16.04129678233255,0.20887387621331516,-0.5287546369367211,-0.0523545466302214,2.8940137652140243,0.7369491655477058,0.7374477566146121,0.7386619329312357,0.6300209689722621,0.6303999197892636,0.6306658753340666
20.0,20.0,20.0,-60.0,0.2924207629398865,0.0288648267909905,0.17421248273978682,3.138623582326584,-3.13777361824128,0.30077435417467097,4.507561199058001,4.504506051402305,4.510555031929911,13.106180126335186,13.13110637127707,13.16368633789794,0.19235880812574335,-0.3696498879206119,-0.04142440021876791,2.536023859911345,0.6721048979649765,0.673330378210705,0.6727518029681068,0.5698241989761575,0.5701507859981527,0.5705505379789174
50.0,50.0,110.0,-60.0,0.6281815653192702,0.2420890679118098,0.45870263588672877,0.6135972540228128,-0.4200424145935023,0.08115379934412645,6.184880716826868,6.185599754937693,6.175799320512734,28.776102996670794,28.8319647284106,28.76625296199793,0.3535908835638248,-1.0828408421880935,-0.07069826500881121,2.4873256147990084,0.8286719059516887,0.827853583544928,0.8260262365321717,0.7843535125235545,0.7832091048535769,0.7831051050650666
20.0,0.0,70.0,-60.0,0.4224947907364764,0.1352075212440038,0.30261390323374177,0.6456173485630152,-0.3806789185110183,0.12127205541191005,5.260952465802528,5.259539735906541,5.261114742705394,20.90589778937102,20.90484532412327,20.89480980005274,0.22740490517838133,-1.154745650132718,-0.06599416497192458,2.6613743538317842,0.7633025752624322,0.7632285990085318,0.7635639984426283,0.6659658322411558,0.6659543354466522,0.666162321801229
20.0,20.0,50.0,60.0,0.380274311434016,0.0166194121662346,0.24120664952850093,3.139721821964353,-3.141072850253101,1.5558148626521522,5.1749563217789065,5.183081269421046,5.173148899582053,17.821690078132967,17.761292870751852,17.745995636878224,0.2281321510309524,0.5427351799123434,-0.058284385184652364,2.967463070908113,0.7582005979777776,0.7570499430203771,0.7585879154318125,0.6557081693696406,0.65552021865578,0.6543594146888316
20.0,0.0,10.0,30.0,0.3099094055441266,0.01470967126729,0.1887716037215284,3.140116711786863,-3.141506589822223,1.364203832694554,4.102008309186993,4.093237055928202,4.111055939938272,11.204349714699388,11.223553745388159,11.246098514351694,0.15653430034198831,-0.6006609647159095,-0.0369323323137895,2.0860800369541046,0.6059427566731297,0.6050021841285058,0.6045189539864333,0.5176176028115033,0.5190932411864262,0.5200198704280435
20.0,20.0,100.0,0.0,0.5740362037802728,0.2138298636164372,0.41985847756648226,1.6545924236265537,0.6610122338018191,1.1316165860740446,6.044221923243795,6.038699611225291,6.054390962819682,26.82035631558817,26.788448785730015,26.778702113991553,0.3199858822322037,-0.0405243465291286,-0.0708901713422043,2.6841558666464573,0.8228608450870101,0.8238402793311294,0.8231518852528433,0.7649957543582556,0.7661173564613207,0.7670298167306914
20.0,90.0,30.0,120.0,0.3252977794020923,0.000956984826568,0.1968564274947081,3.136320652723511,-3.1342411680879065,-0.4415062997236498,4.563353095945834,4.559399412822378,4.567520526293772,14.123776017694684,14.026553033489684,14.101495593844385,0.19163701800923705,0.46258455334853893,-0.06475569592797649,2.4687489920324617,0.6768846345010012,0.6764329264043304,0.6762453295250124,0.5766694673874362,0.5773650261432152,0.5778981562436067
50.0,0.0,10.0,30.0,0.3093019982210671,0.0105159552239913,0.19089575285291283,3.1410868661436977,-3.135343378585885,1.4067903464042044,4.088181326359048,4.077309658643704,4.097376611669075,11.133426140106383,11.148965933826853,11.178032142874445,0.155932572976102,-0.6776933992328348,-0.03799817829630264,2.0624494674862954,0.6022411320576735,0.6015981140765635,0.6014199592032976,0.5157310121045853,0.5171665105412689,0.5184012684094667
90.0,20.0,90.0,60.0,0.5226611641018155,0.167426248739421,0.37670389512685093,2.7064665401649437,1.6997079583543655,2.1869354609737575,5.800992456046504,5.805267680880555,5.805773443012545,24.964667431094774,25.242951081065698,24.808405502522984,0.29160919235263033,0.9846792678553813,-0.06919101835617748,2.795682683647527,0.8187735767652491,0.81491742780449,0.815577846750717,0.7353573499263943,0.7351220838437827,0.7351320318270376
90.0,0.0,70.0,-60.0,0.4187866906794295,0.1424546219772421,0.30345689583398,0.6243721718152698,-0.3687350469862829,0.11956358434968131,5.233099778400629,5.23861974725395,5.2371671739426615,20.82488154027861,20.81800036993637,20.813230394942753,0.22548529546642107,-1.1529637259938088,-0.06351702285349298,2.621572203105477,0.7592583812921534,0.7588877124588822,0.7593519673359712,0.6628672017363605,0.6633728638263852,0.6626923531216556
20.0,90.0,120.0,0.0,0.6576104299546988,0.2584049968069072,0.4867782101883284,1.6762582576176146,0.6242225068053288,1.1235322973194248,6.150402748493937,6.146610962402748,6.141895036965453,30.715317473798425,30.67188679714194,30.69185125579376,0.3883717378335162,-0.020754095444643232,-0.07285938096313727,2.031028147451598,0.8083497969308723,0.8087947137717646,0.8088290011954746,0.7798949724748724,0.7788753341071963,0.779313603928037
0.0,20.0,90.0,-30.0,0.5344288203759819,0.1809014684582254,0.3845698009079377,1.147676139595542,0.1211630865544836,0.6220937444147249,5.854347117472992,5.854260317074083,5.858210120213909,24.745332278261063,25.103871258743407,25.06348194110422,0.288480671760186,-0.5930435933820849,-0.0801331711360225,2.818028410727203,0.8195491377065388,0.8197153301385741,0.8169562114748402,0.7417591941897088,0.7419143065094256,0.7415528559317801
20.0,0.0,100.0,60.0,0.5734838500026384,0.1997394645435581,0.41650891156067243,2.7025892019615587,1.7085171648317987,2.1797317745959885,6.067408825237653,6.083385341973713,6.075164094489011,26.8797983015807,26.8233549414549,26.795511802858986,0.3225828459433747,1.0040664352125979,-0.06573322094018087,2.74350189035318,0.8288281622186469,0.8298202553946155,0.8293850934721391,0.7697460242512006,0.7707118619848876,0.7688689719302876
0.0,50.0,110.0,120.0,0.6067638769736904,0.2487992956948356,0.45128378041031647,3.1389224547403933,-3.141575755820513,-0.1968462314445831,5.946853426644524,5.949951450466889,5.948267399954497,28.508004816380414,28.533337730881733,28.511765834211307,0.3474620960849116,2.064862937789446,-0.07310642414154059,2.1333170668635257,0.7925235540354623,0.7925769571051168,0.7921461590536165,0.7540879425880104,0.7542449381872905,0.7538350501260533
20.0,0.0,30.0,30.0,0.3054236013793808,0.0352566278512925,0.19061920431362736,3.118768374124595,-3.1413928981048698,0.9659291728002287,4.808534963982201,4.804498786719541,4.815845700999476,14.749605222102801,14.750383292127394,14.78050202407929,0.20415325896936592,0.02302019640743476,-0.04646177238853901,2.819303353966959,0.7171141542342341,0.7178640227848739,0.7185177113344092,0.6076811322369712,0.6085811549349437,0.6091307483150266
50.0,0.0,110.0,30.0,0.6175363328517166,0.2404476248606472,0.45600762694086483,2.169202886021477,1.1784290996666484,1.652600781134391,6.109754626365454,6.109502083758873,6.109429000684712,28.742012043427412,28.752981712229328,28.75377611238324,0.3501461696054463,0.4930113750306069,-0.07037271058317103,2.3903657254389987,0.8182489973890604,0.8182528596762013,0.818095075274626,0.7744870947077326,0.7744080983606737,0.7744258880087447
0.0,100.0,90.0,-30.0,0.5268291591618955,0.1876131999381253,0.3836860759321472,1.1260588715053867,0.1401597711044613,0.6220970820107526,5.713132188884117,5.7084493241825065,5.717267034685216,24.480923660331413,24.838274147446118,24.722156472997348,0.28397613386131537,-0.5891404452160016,-0.0803005360316676,2.584240543533401,0.7949521801540976,0.7939782723213578,0.7919863041435524,0.7236164594137106,0.7236624358695158,0.7240406444827779
90.0,0.0,30.0,0.0,0.3065651643553929,0.0242006187764537,0.1902813669169926,3.133176900027429,-3.1336604950845417,0.9440078184292113,4.767866976424313,4.767295314455794,4.760999502242636,14.747507913024032,14.71801150889227,14.641995523350383,0.19869663448862376,-0.2166671601119846,-0.049930554354795105,2.7720145826939935,0.7129891153996452,0.7142830887412079,0.7129633644456459,0.6033545967988753,0.602504794487816,0.6025875307652103
0.0,100.0,80.0,-60.0,0.4814240044677192,0.1569499928730842,0.3420606986989566,0.6193634934412079,-0.3915090230712502,0.11476441664983689,5.556701275531338,5.562371897051865,5.555853367663687,22.816722078768727,22.8039154245516,22.80329174281803,0.25863494511441953,-1.1442696639869026,-0.07347413651086573,2.72620530055271,0.7892675679425706,0.7884138843853813,0.7870657770399169,0.7041512395800436,0.7042267275411049,0.7033955300810371
20.0,0.0,90.0,60.0,0.5244383171666032,0.1649879188693516,0.37740568549796394,2.7103149129811794,1.6833336005994886,2.1869087420283413,5.822978897087599,5.827057363138875,5.824570908671381,25.272650968859825,25.04497094084717,24.84008028270284,0.2920095254010716,0.9844677209189567,-0.06996545418486023,2.8272740725483594,0.8204450549386408,0.8180607653766715,0.8215009379219658,0.7376884515006984,0.737778282572265,0.7380494264599683
0.0,100.0,80.0,-30.0,0.4748316066846484,0.1625040427531148,0.3446996396837975,1.1386057711124196,0.1481547806349296,0.6364289201992624,5.42768281032333,5.440018681358201,5.433363116853155,22.821751789106806,22.82912073295175,22.83561218394391,0.252285064233314,-0.6169033999402294,-0.08275704510901458,2.5923049403722445,0.776850424754947,0.7770108611229352,0.7773173139011768,0.6881480371883866,0.6889805737404752,0.6872624508983346
50.0,20.0,50.0,30.0,0.3767553251151481,0.0167941061462025,0.2405439813010383,2.8011176861494844,0.6098864580549881,1.7460133330947543,5.183160195982358,5.179861931975167,5.185275007688141,17.713144652833606,17.74673345019303,17.80277292976616,0.2299876965532633,0.19660145741040014,-0.055288005644914644,2.9711788180367016,0.7570139426114788,0.7583179016374134,0.7590727989362591,0.6556578571102271,0.6558673256740903,0.6562976213106191
0.0,100.0,70.0,30.0,0.4244928020102914,0.1276409387625721,0.30176094166273104,2.205431051378605,1.2026134794172627,1.6878242523587885,5.093731702834234,5.08969580844675,5.090240601112301,20.385122570035197,20.377421817181833,20.339201775601914,0.22644883339053765,0.43144473059226757,-0.05653925300924089,2.3817100187271962,0.7264694036053769,0.7267298176705499,0.7254472257093576,0.6448328079865953,0.6442966865185066,0.6449088466099525
0.0,20.0,30.0,120.0,0.308017016363803,0.0039874070694266,0.18956118638577849,3.1351199515020403,-3.140991745403882,-0.31519145965270123,4.69885954201788,4.682957581662528,4.6964976082697305,14.46047650267293,14.506015749926885,14.494082158309148,0.1946443500597109,0.48875400841085165,-0.0540326625984607,2.6591139468693874,0.7005343162667259,0.6998842928783667,0.6995744531766188,0.593183022740656,0.592896677905288,0.5948922155803208
0.0,90.0,0.0,-30.0,0.2548167937184602,0.1695715412270017,0.21664599956141548,2.622474833788229,0.876978034096793,1.912140433415381,3.4651462008242273,3.4728530566061795,3.4563854170648427,9.466670754534967,9.46551864396466,9.445819429956439,0.14697125056832613,-2.0942008254933526,0.008768797283964508,1.4774680433484315,0.5161214498733737,0.5170665127419791,0.517479075047583,0.43929720330794103,0.4381787699885234,0.4371677671768736
20.0,20.0,60.0,30.0,0.4023383787493208,0.0621985730876516,0.26984554804944455,2.4174264342815626,0.990210058389562,1.7097498588737563,5.165635105918289,5.166505168318028,5.159140735941422,19.260446484028723,19.05679503375308,19.217417242851877,0.22471271218742633,0.3095054866187897,-0.05459193588562991,2.7667078605510427,0.7510774808800053,0.7538572731744708,0.7536166367191169,0.6539610720910161,0.6535655730913912,0.6534319505247611
100.0,0.0,90.0,0.0,0.5304362799514697,0.1766988785008323,0.38186648820675834,1.6651011931737745,0.6461942823058088,1.1430587400977377,5.872934798303299,5.8679702263764435,5.8725984012369405,24.965873769367224,24.96323768458395,25.321251029869426,0.2908790237104871,-0.06755910176249959,-0.07663030452561359,2.8746203596491706,0.8239840163058316,0.82687114835789,0.824464960850449,0.743458962655756,0.7438901394119161,0.7437668955446428
0.0,20.0,50.0,60.0,0.3756673777864281,0.0149256219163478,0.23955698713297166,3.139168280224909,-3.141385390231414,1.482837446321618,5.190626550313179,5.190644514112265,5.191451787585277,17.802152625298493,17.810319553133617,17.749237247412147,0.22910573960622627,0.5452877984849359,-0.05806714273535981,2.9855021443906216,0.7609484957302611,0.7582201698636182,0.7598415584101936,0.6569138066170399,0.6569748022677747,0.6569114826873146
0.0,50.0,90.0,-30.0,0.5314489763068889,0.1866481756939878,0.3850920592145906,1.1440534138750225,0.129143509415845,0.6228873746581066,5.762076288821172,5.766618924407847,5.761542120527465,24.995476934012203,24.888023642327084,24.630289488257738,0.28470185530598996,-0.590634436080858,-0.08203871269651639,2.6763126212104043,0.8052653339320588,0.8030771482917014,0.8055987068013274,0.7302743555831495,0.7299445755297295,0.7300773175884382
20.0,0.0,60.0,60.0,0.4031405316786697,0.0605474090556965,0.2695316887711914,2.9572875625359885,1.491871889726828,2.2302133285621384,5.207762092943364,5.207165674856718,5.208190708423328,19.290657047196657,19.344375397727045,19.11045160127833,0.22883798834917232,0.7117644013948116,-0.05439919583419414,2.823370081627046,0.7583852433292478,0.7574986702145656,0.7590609613873432,0.6592050177843359,0.6588720813927422,0.6595253028964234
20.0,50.0,100.0,-60.0,0.582880465214531,0.2133557595702526,0.4222937586416836,0.6080143636125934,-0.4029176441521706,0.08990551912079207,6.1101871804047825,6.11645532093927,6.108147114637815,26.85455047836097,26.904451588562583,26.819120776321007,0.32198503056268285,-1.0972622323289112,-0.07182069699482617,2.7765548000391096,0.8351575592275586,0.8314497191807914,0.8312830631146243,0.774874838460868,0.7745166848826501,0.7737799057701151
0.0,100.0,70.0,-60.0,0.4212016029984853,0.1339984987006109,0.3028648860288689,0.6345358431701047,-0.3722132698635611,0.12028059570731175,5.185245059211393,5.186040219550397,5.187684273355387,20.7103952041085,20.724389041348545,20.73024797046451,0.22522429350656165,-1.1533451636027525,-0.06353029941228756,2.5503507627585162,0.7495228691166342,0.7496366904242407,0.7494449795221765,0.6564820967304413,0.6567770097834071,0.6566521350695438
0.0,50.0,40.0,120.0,0.3409700101269741,0.0048105839885593,0.21372867805977694,3.1385737850223654,-3.121820044457013,-0.26097126799069753,4.876750099181377,4.879854508727379,4.8694255543778135,15.844123999466216,15.847257409633995,15.909551322528936,0.2113232853498228,0.6547793506028181,-0.0642022900672104,2.7282919070469687,0.7185677968567015,0.7199436273674031,0.7173975492521004,0.6176361882397677,0.6167407754126303,0.6162552595460082
20.0,20.0,120.0,120.0,0.6542035643959645,0.260126088033185,0.4861683125662172,3.132318429297387,-3.1345545020987813,-0.1832431576283404,6.140236899207047,6.138560746092383,6.141487127041922,30.679528088763238,30.662227763192373,30.663489460461534,0.386256999788861,2.0792597493748866,-0.0678168318650578,2.0164621029262877,0.8068696293971348,0.8054880913061161,0.8069949587069131,0.7784023568089552,0.7785389863870632,0.7787801593929521
50.0,20.0,110.0,60.0,0.6171755945808092,0.2331651148896588,0.4552411315178268,2.691598588825708,1.7051192522225882,2.1748581293071028,6.153031978613963,6.1517945742445175,6.153371585205735,28.813426343431434,28.80478582529474,28.81640650994927,0.35079491227209214,1.0178985917705892,-0.06947703630179516,2.4654369352389063,0.8264442346876846,0.8262073890560208,0.8265183401444259,0.7798072536414336,0.7798260232120695,0.7799782647754743
20.0,50.0,40.0,60.0,0.3402883665489481,0.0026728394824331,0.2149295891372702,3.138572480627491,-3.140091330856241,0.9267092332779489,4.92839810608285,4.9232725499657946,4.925611096158395,16.148129539492572,16.112838990558366,16.151519998784504,0.21310555164137365,0.4044102770268854,-0.061613139622174184,2.829184481920486,0.7318251601830839,0.7309682895351539,0.7304850154870294,0.6232058632174201,0.6229529740886716,0.6236163567438964
20.0,20.0,40.0,60.0,0.3365997999450102,0.01175490771733,0.21193941420224083,3.138477570868174,-3.138598409648522,0.8872469745647679,5.015422782172902,5.0185758468123245,5.017536628728356,16.28640038589038,16.260456687837316,16.23351593966469,0.2164365571015945,0.42387601254782237,-0.054523417681343236,2.9405443814761774,0.7431877851139335,0.7412518086583144,0.7430033003737295,0.6348046988709986,0.6350581875706204,0.6346007664112623
50.0,50.0,110.0,0.0,0.6143379511980617,0.2460531962485669,0.4548528858332603,1.6517538061589674,0.6482902636548818,1.1288610789424938,6.080160552155376,6.081651801623478,6.083820607399781,28.638304857078868,28.63787672012892,28.65798985935989,0.35213632816373097,-0.029449781644707573,-0.07051671821137406,2.320402659289156,0.8094871452250963,0.8100497960495682,0.8100537548661604,0.7707310938174927,0.771122054740488,0.7709906405880238
50.0,0.0,100.0,60.0,0.5736696550190358,0.2047553251102443,0.4167627065029277,2.6954358534446548,1.707661534172806,2.1804600390644713,6.058406916478241,6.074688472554208,6.066041239131612,26.857943972242044,26.8128254942895,26.767270534685156,0.32228097634742026,1.0038216412906873,-0.06682140943268396,2.7255537632766194,0.8270497131009013,0.8279766673052512,0.827210593662942,0.7686391919683204,0.7695868083451233,0.7677117949742088
0.0,100.0,60.0,120.0,0.4181127801678852,0.0562459698386197,0.27740250986055975,3.1409197335259296,-3.1408667486847577,-0.13703937971031793,5.152337511484974,5.150782508929031,5.157479237030021,19.121628052373026,19.144534673840667,19.212041490447756,0.2344967521717096,0.8562498269115749,-0.07698455951941496,2.711916088887746,0.7463132627670274,0.7473950300789366,0.7470090980362205,0.651782207584174,0.6525793818089947,0.652682673014159
0.0,100.0,70.0,-30.0,0.4164654206623804,0.1439915163717108,0.30351041547099944,1.140111298971166,0.1779217012278015,0.643539800843156,5.111495440115859,5.110635297266528,5.109897736080602,20.542761385104832,20.534258622360852,20.54021946888628,0.22272047277487872,-0.6275166849543987,-0.062224926778734785,2.4365829163333186,0.736064518650865,0.7357585641675642,0.7357729644929693,0.6471876736565009,0.6469876308303935,0.6471117600149211
0.0,20.0,60.0,0.0,0.3998765533836632,0.07419245343298,0.27057901768600473,1.8501171431625592,0.5550279643122041,1.1901792399074287,5.092654006713661,5.094930135119595,5.0886464458885206,19.035748928660038,19.09063732838702,19.081626006960196,0.21717064398134786,-0.11107614064807993,-0.0552473151511261,2.6796952103048404,0.744699454589583,0.7428871203618276,0.744133508983114,0.6451012352956573,0.6445095945252335,0.6441394759949173
90.0,0.0,110.0,120.0,0.6136412222231796,0.2385370588672268,0.454205921653996,3.1415697745645024,-3.1406650336733617,-0.2022830606260808,6.088041297421466,6.0859539312959505,6.086441044956504,28.70641888937326,28.714421309652902,28.7169369887524,0.3492805152293797,2.0650057252069107,-0.06989045265530773,2.3554803161096385,0.8149011590804213,0.8147350512490006,0.81447419215839,0.771594287834412,0.7713895278899293,0.7716508861253829
90.0,20.0,50.0,-30.0,0.3780887851935886,0.0211191296091341,0.23996960405814632,1.671569967699318,-0.3160411155838701,0.7015714138250914,5.108172661086067,5.10460686723738,5.105334851029613,17.553180237732978,17.697992777172782,17.708622089580473,0.21650606534008998,-0.443526546926238,-0.05634515183224779,2.8888215785790625,0.7514072707862687,0.7505058170369342,0.7502359605628816,0.6464154857798049,0.6459259006441948,0.6461562166850733
0.0,100.0,70.0,60.0,0.4285409862715749,0.124617734485866,0.30205195217173847,2.7569271011597394,1.7251858130066575,2.211298505334005,5.139157582420084,5.1446312923320505,5.138439094099808,20.418511585462795,20.37662835812699,20.440242157822013,0.23147841670068844,0.9508032585171522,-0.055541143050950044,2.432585933912388,0.7308290342982107,0.7314720226290883,0.731062509497414,0.651215677482311,0.6512997192895675,0.6504102822354824
0.0,50.0,50.0,-30.0,0.3762095899530946,0.0237761719256506,0.241615722973436,1.6591032609047422,-0.2869548873989177,0.7060633531760853,5.10031807812565,5.102787161585246,5.098673478640728,17.696430224211433,17.543973614894764,17.710220690853447,0.21768377255158725,-0.4520695064994537,-0.05829961432762824,2.8820793394080377,0.7494453509081543,0.7511765097698869,0.7494210030181517,0.6455650713542367,0.6457236810676358,0.6452624176368452
20.0,0.0,120.0,120.0,0.6688962668539606,0.254060594317643,0.48961113871517475,3.140813153486707,-3.1322369303320734,-0.15860358370750827,6.259931051771024,6.244259936998804,6.245134492429384,30.79835244185842,30.720172666398604,30.75396574623357,0.3850532970779767,2.0842121998401364,-0.06056076565279132,2.1795401911063825,0.8214989493037498,0.8198527147709583,0.8220659466892121,0.792986373361527,0.7911525679583339,0.7931700992262469
50.0,50.0,0.0,-30.0,0.2565106237877631,0.1811469297691457,0.21848228325794947,2.7670995481436664,1.1309240310165898,2.0109382481812945,3.4358048008735333,3.4194642146685617,3.4204052027971086,9.353589744447632,9.377460343572313,9.374348205900622,0.1482135504541131,-2.140513941723588,0.00792737668632801,1.4607477162450835,0.5132610939392747,0.5115967093476903,0.5118130900101385,0.4338445794275978,0.43191661387517677,0.4340159948406134
0.0,90.0,20.0,-30.0,0.2939709521911369,0.0293998575362702,0.17686077628855368,3.1040829458284684,-3.122183871758816,0.7038605211730251,4.4215382922938895,4.422735862347581,4.42487788789655,12.946274472780756,12.981923487241337,12.91175386461552,0.1903527496528279,-0.45322519835255254,-0.04820118019761223,2.4364504715932465,0.6600505848132973,0.6610837315344044,0.6606726748153313,0.5592569607671516,0.5597005469336357,0.5594978684515765
90.0,20.0,20.0,120.0,0.3204877259756304,0.0056288538207373,0.19405850981760925,3.1412977078006588,-3.1410984824943324,-0.707934266988671,4.289962501038836,4.28744872158792,4.282417852113038,12.069292737541446,12.172900418324643,12.212064495081732,0.16430554218360613,0.2758098145626446,-0.047514969679709425,2.205244911368765,0.6283901266342147,0.6283879786846228,0.6286579926629163,0.5429896801949233,0.541895718523596,0.5418965755160133
100.0,0.0,40.0,60.0,0.338841076868587,0.0011468002734135,0.2118841787745615,3.1316332663398887,-3.1398426704093225,0.9114896064068276,4.982956669658799,4.986432890485965,4.987399539719754,16.183697367682452,16.16220756932696,16.098895158044616,0.21360433529532333,0.415697595293023,-0.055558622456280786,2.890606593276199,0.738154319954323,0.735364438818605,0.7376960561977033,0.6306539678276758,0.6311769750436479,0.6307123016851837
20.0,50.0,120.0,60.0,0.6558805821163204,0.2593642543720617,0.48603511472805955,2.715573157614165,1.6802011440044102,2.1697810026427953,6.137966668185005,6.147691575746566,6.141598927717828,30.64952129541331,30.645022763572026,30.635916652093503,0.38722463778452676,1.0301608342915358,-0.06863126586744132,2.0183192420195146,0.8070050743488163,0.806844487366307,0.806147713789981,0.7789571500006542,0.7794553159322372,0.778209301725871
50.0,20.0,90.0,-60.0,0.535035873955476,0.1809495406098163,0.38590320735042577,0.6172865411473812,-0.4046517702685523,0.09760035187504743,5.872340371657484,5.874234817144907,5.870068255242948,25.213601831264377,24.889609017097044,24.8874891532535,0.2881344899903962,-1.117105652950975,-0.07979356873554379,2.842823461445379,0.8210481232796715,0.8198468562109543,0.823102560919054,0.7437870597369501,0.7437760660306005,0.7439570698354634
20.0,90.0,50.0,-30.0,0.3770700664536308,0.0278300852247279,0.24199761109223444,1.6272721703054336,-0.216396190416023,0.7096833368635881,5.085100442716855,5.086817150052522,5.082865518575689,17.66040646485225,17.50460527679672,17.67035337165106,0.2170206602226467,-0.4576770070996748,-0.059499759945972466,2.8572750040474966,0.7466326805395461,0.7484544957770033,0.7466337314853598,0.6435990574078301,0.6436937572763491,0.6433269238523412
20.0,0.0,30.0,-30.0,0.3076990599824468,0.0234470562224,0.19101255549583354,3.08778316296076,-3.125395805067104,0.5732407653420669,4.794765466444916,4.79069542253071,4.79943919444255,14.743619848846317,14.72202436881441,14.700790167302415,0.20165073817383508,-0.35523482524357564,-0.04819023594010269,2.7999195159768586,0.7159094569501154,0.7162680959670208,0.7152570188651052,0.6060625007122602,0.6066031323044759,0.6071362745074657
90.0,20.0,120.0,30.0,0.6638728700031145,0.2576375677251767,0.48792989966810174,2.189779190312462,1.150425388084482,1.6452498466675216,6.220992456084973,6.220929235672397,6.227166804606341,30.704222374911346,30.73587461803338,30.707172127415305,0.38811083247664596,0.5058760108696468,-0.06500948009397177,2.130230120151423,0.8175706979344861,0.8165693836240855,0.8166963551091467,0.7885613047229544,0.7892772596282137,0.7893326814477233
0.0,90.0,10.0,60.0,0.2926051827573018,0.1303561415203494,0.2210681689117283,3.1363413946247403,-3.1415532168668365,2.3603985471240136,3.822819466543939,3.818837079414806,3.829935460051632,10.090459053148493,10.124596867107918,10.149946475631289,0.11700463711252385,-1.4579215365459135,-0.0238119242421768,1.7350091295915844,0.5564698266451549,0.5548165003037788,0.553458600776258,0.4830207346104541,0.4838368630398204,0.4844219748311853
90.0,0.0,20.0,120.0,0.3186639996953804,0.0689394963559181,0.21917771118769064,3.1383767241303597,-3.141475044764088,-1.3525062207366285,4.079126878498191,4.091192674434552,4.097935030261639,11.337142992048097,11.324295401606506,11.386505441493576,0.12350428867798262,0.03287782227274183,-0.04156709647119417,1.926611822268458,0.5908440092312022,0.5900107984317962,0.5916669528433275,0.5163512146572486,0.5187647709371915,0.5171465850635446
20.0,0.0,120.0,0.0,0.661773446310016,0.2575114802179974,0.4876283699413824,1.674928126793789,0.6182853810827299,1.1206874178498463,6.177546108132149,6.173231228126142,6.176663948439225,30.709950719578067,30.677991165329495,30.67933230576974,0.38885397284886136,-0.018511611277301405,-0.06946270277472304,2.0707362178130704,0.8113752958917829,0.8114273676757969,0.8116042215841833,0.7829547779490679,0.7828974216458349,0.7834492209301482
0.0,100.0,30.0,60.0,0.3100929876862436,0.0165124485606808,0.1901892080821884,3.1283094549983272,-3.1413063424589898,0.5321016457865915,4.6814613238970715,4.6876112246096735,4.690241500194649,14.335093563489691,14.358938113160717,14.305841517256288,0.20375707755048691,0.2867265667414452,-0.05638332023152967,2.6256513929653407,0.6933051647882008,0.6939876751835045,0.6948620762298523,0.5924161901629954,0.5934453242658133,0.592705989404609
20.0,0.0,80.0,120.0,0.4724176794020406,0.1260894396471613,0.3372743001752074,3.129945810575517,-3.1404685779036003,-0.22031591528940622,5.369696421012016,5.374778234841413,5.376478546783603,22.641144583394922,22.83846019003259,22.755116113849134,0.25743964003319414,2.02672502139385,-0.05470825210222267,2.544195433874045,0.7675504702320564,0.76818285562456,0.7654994490347291,0.6803974465882935,0.6809944064836836,0.68035112523369
20.0,90.0,120.0,60.0,0.6543913462876125,0.2593301192432889,0.48590810666540807,2.7181574219944413,1.6819377210058457,2.1697839616235317,6.1341116767559685,6.131717052753163,6.131343908191885,30.668705897520564,30.625345779609212,30.637030192670252,0.38672480312862695,1.0304703081680313,-0.06910144484783463,2.0022343701778604,0.8057430435927789,0.8052226480297204,0.8049559218936417,0.777737200774003,0.7774134258654011,0.7777120411856425
50.0,50.0,50.0,120.0,0.3805624507714905,0.0205173493741898,0.2426435073512352,3.139725566112083,-3.133292901282392,-0.21959228979411266,5.027122394885617,5.027731925492971,5.0303832725300595,17.324792293278204,17.335458284876925,17.278902155619903,0.22081922427191228,0.7907516905667358,-0.0698121215649909,2.7203277351160806,0.7301786292880793,0.7287266546059215,0.7312215057298769,0.636261769671201,0.6365076418032486,0.6364161196968622
50.0,0.0,80.0,-30.0,0.4784604974757253,0.1575626823143507,0.3451392456081716,1.1653987640923025,0.1292238064334917,0.6362416279949508,5.529891806563885,5.5453765341139265,5.534452593302301,23.08862533010035,23.05330781516609,23.007566251359947,0.25573350628258223,-0.6204639016075968,-0.08184557114274567,2.7516461358817828,0.794916063553942,0.7943388707153753,0.7947452722690631,0.7012815734977177,0.7020069303747141,0.7000069342939467
50.0,0.0,120.0,60.0,0.6608632790661071,0.2572881842504249,0.48751837653703367,2.7137805300576314,1.6808501524201016,2.166992302923749,6.209320271784334,6.234487287673824,6.21402634911155,30.663977030245146,30.679069523176913,30.708426636635675,0.3874915155813578,1.0320323953629216,-0.062285476370506104,2.125565054293437,0.815113105792335,0.8160968111413319,0.8166048738456174,0.7892706780241241,0.7898807211599786,0.7865987923885527
20.0,50.0,70.0,60.0,0.4251804525354743,0.1164772165247891,0.30254392815626435,2.743238939746863,1.6850918583131451,2.2047654096787324,5.12329913951235,5.12276475696443,5.110007760033273,20.690230052176588,20.639106207242016,20.7209967357506,0.22804606643053046,0.955375528085405,-0.05754727580698567,2.481883393869625,0.7407895357132829,0.7408050095961091,0.7401328846017957,0.6491791122293469,0.6476393565650657,0.6475914376957985
0.0,50.0,90.0,30.0,0.5264343542082438,0.177772081796219,0.37837332782288513,2.173855759107404,1.187978099963627,1.6661732852981148,5.8132268431956176,5.8102720410456,5.807512523051963,24.979354111827668,24.784617569302444,25.203689017191365,0.29071712979990544,0.4579819202193313,-0.07348666023694439,2.787951952467409,0.8142295531709701,0.8177449040060256,0.8161277730648203,0.7360611075990412,0.7361055586901367,0.735811568651817
20.0,50.0,50.0,120.0,0.3802429130018062,0.0209656450040006,0.24246928488754643,3.13946600825956,-3.140224231207706,-0.25789412563219827,5.0370572897125445,5.038573357124664,5.038180567525454,17.380860771537236,17.326840362077682,17.251854033773547,0.2226630591645284,0.765097715509404,-0.06858701738161108,2.7321385871880475,0.7318259652975038,0.7303163797172666,0.7310656310815716,0.6376251509946577,0.6376607980310873,0.6376070634921587
50.0,20.0,60.0,0.0,0.3930408589936566,0.0689221741170096,0.26968351106725424,1.851715007300609,0.5277227371293891,1.1903331237792403,5.07847237955118,5.082071220776357,5.07436699741196,19.038208006804116,19.096481530790218,19.050658613595743,0.21647022655913634,-0.13231488557441648,-0.05571108227199803,2.6667265551588306,0.7438302867062598,0.7418193594434705,0.7427604557453196,0.6434053632462248,0.6427982046015637,0.6423143671216243
90.0,0.0,60.0,120.0,0.4144075646309014,0.0615687330050322,0.2727511410413629,3.1411932860765237,-3.140558853583943,-0.18697968211039778,5.183704392302268,5.17121511977929,5.174129981680508,19.120501568421684,19.138189583238606,19.170506606131685,0.23079446610413343,0.922330955349267,-0.061416911210968476,2.7558446504552077,0.7507757019870624,0.7506616312340403,0.7498374746074912,0.6554714402003979,0.6543407495087272,0.6558653743715873
50.0,20.0,50.0,0.0,0.3785396017601487,0.0204138366872823,0.2422017649398809,2.201291198583398,0.2223409291999837,1.2331396002604598,5.154733866479032,5.13819297880139,5.141207486119013,17.696030797898743,17.780590585855187,17.69417645252687,0.22308922086807498,-0.16039421803179113,-0.05887063572214772,2.9317550051867394,0.7570095710953505,0.7551387146205019,0.7549162568995194,0.6515616279753667,0.6497549859629803,0.6518839254853598
0.0,50.0,80.0,60.0,0.4619242624595436,0.1496553725815007,0.33472994890192975,2.707273015974131,1.7202747438321833,2.196427163710352,5.435722137316937,5.440911539682004,5.442090602351252,22.560119644988987,22.696371014169827,22.614571516325533,0.2597407345511288,0.9733168850466499,-0.057341447902167136,2.575527730050487,0.7695731364204627,0.7697586178538213,0.7686737567667982,0.6886832782671141,0.6892870433929348,0.6886066617158142
100.0,0.0,100.0,60.0,0.5712322742009887,0.2046886152652675,0.41617093662533433,2.6901769239121798,1.712691322879911,2.1811773618555086,6.042495647390209,6.055136370059298,6.050300141782546,26.851826968888183,26.76051912006276,26.756838759262052,0.32201300805060346,1.0027713942684873,-0.06710825328885081,2.7010305983730927,0.824376008889669,0.8254629163755711,0.8254910896061257,0.7663248835707069,0.7673225445846382,0.7658340595357176
20.0,20.0,40.0,120.0,0.3391170818039206,0.0052764472229206,0.2146599583395378,3.12625049093904,-3.1382139062303818,-0.24379777966654792,4.966565068138848,4.9550971260761205,4.970052949260423,16.2209166586005,16.27295646971043,16.30463570142165,0.214857162388533,0.6000749655781957,-0.06042120922927944,2.8843947728220742,0.7385998878286972,0.7376663211980165,0.7381413032581191,0.627229904428563,0.6277467107316143,0.6291718911516845
20.0,50.0,0.0,-30.0,0.2682398174902793,0.1776439182222982,0.21847279626903007,2.793943065675444,1.1763302785538576,2.0588335361784402,3.422251190058797,3.416819299569316,3.4140440477133502,9.368749908992623,9.373649837201713,9.352924895360001,0.14824125197090512,-2.1350461815871147,0.007836231054958733,1.4556967875902085,0.5131008537218229,0.5124843137032327,0.5100906149929174,0.43272753746597564,0.43176597194201544,0.4324290239343411
100.0,0.0,60.0,120.0,0.4149043973960766,0.0608337281281229,0.2728029151952535,3.141533595237307,-3.1378544817655425,-0.17555029718966036,5.195638451895113,5.181153989121684,5.18215043811742,19.134729713125623,19.135549874903795,19.19989818479358,0.23144598290535479,0.9122450816838735,-0.0622340189237776,2.7665825083872644,0.751166164734879,0.7522410273964989,0.7510782228782495,0.6569577749347225,0.6554023709973296,0.6571301947915669
0.0,100.0,110.0,-30.0,0.6174260100567281,0.2455813791754559,0.45544836852794574,1.1315896523676472,0.1180938461111899,0.6045323059507705,6.0846840353778395,6.078504674080106,6.083455302542551,28.581087982910415,28.58279462178065,28.6453263786236,0.3526789528562575,-0.5504281426536696,-0.07124293592935022,2.305564827990953,0.8061946139765772,0.8075447287845121,0.8082554730876983,0.7708871718806568,0.7706723718835587,0.7714545026973892
50.0,20.0,50.0,60.0,0.3753645743187553,0.0155169041204693,0.23912713527667478,3.139991030894292,-3.1378673094732763,1.4933281442204,5.197296302100376,5.198612115302043,5.199663282864234,17.8362426416213,17.84310194360556,17.773885255570953,0.22923718916300603,0.5397623444819235,-0.05819362816041181,2.998049571736192,0.7626698972438484,0.7596670595465578,0.761322141199339,0.6577744435507088,0.6580121955817818,0.6578148451759958
50.0,20.0,70.0,60.0,0.4341500462975046,0.0977800132251505,0.30158659563828205,2.790857736318832,1.61239537397416,2.2057694432423234,5.247925327587495,5.239768075842088,5.256269204913705,20.77393045502591,20.714751467771325,20.72462867559457,0.23686267110981474,0.953950163620638,-0.04693999536957383,2.619971916793842,0.7518405080440957,0.7531937196925529,0.7522187180883456,0.6633555794357164,0.6643979059316086,0.6657204308861981
50.0,50.0,10.0,60.0,0.3068777627116436,0.0945635946693611,0.21663949477005126,3.140076310418304,-3.134191410801733,1.76779280901231,3.9314538889290978,3.9353478777316733,3.918282337572876,10.418996218705326,10.405403968100073,10.3892481204027,0.1278305284609834,-1.1084441230238287,-0.03325866141025438,1.8322822412978976,0.5673068394267168,0.5696421084047584,0.569834864345651,0.4982949195844697,0.49655975952786935,0.49600816368582934
50.0,20.0,100.0,120.0,0.5649261715736377,0.2037704994561484,0.4142925314670547,3.139818472908216,-3.1370837931546376,-0.204236162485691,5.996411251300365,5.982095231993221,5.981373981493713,26.87319883333071,26.82258628789229,26.936075794232433,0.3202480542771354,2.0547227619400705,-0.0737386353050622,2.6603057162092716,0.8225964330673501,0.8235434429471635,0.8244066083178897,0.7591036333721252,0.7573650217770507,0.7590205673232968
0.0,20.0,100.0,60.0,0.5706171254646338,0.2039308381381755,0.41660393293177717,2.697679799440841,1.7130093965249726,2.1769959404434256,6.021357227386227,6.034711481852945,6.025246182007226,26.812251524907033,26.9170150801497,26.78339491552277,0.3204393940143125,1.0092342627022102,-0.069171119522233,2.685124326102235,0.8254036897987183,0.8234174250726455,0.8232226843084792,0.7640679162869081,0.7644173372091055,0.762666858932864
0.0,90.0,10.0,0.0,0.3061025360660809,0.0309728683807838,0.1891952193602821,3.136717617161916,-3.135480596866556,1.8096926738484795,4.08297484962537,4.067644023151869,4.071185097064325,11.119312817002754,11.122187712409628,11.159581825374893,0.1612095454817761,-0.7214379661161251,-0.04317612921751086,2.032990184802763,0.5987694851425069,0.5999716601168036,0.598604004314195,0.5157056346336029,0.5140749751318295,0.5162937972470143
50.0,0.0,10.0,-60.0,0.3068058376826035,0.0076051680237483,0.17927991691743925,3.0832363423068387,-3.116346228582476,1.3145299718462449,4.058240135464073,4.061877021711343,4.067474752214351,11.255996296249048,11.2507657670737,11.325326222422065,0.16609030185643947,-0.5163391602322418,-0.0412453425508074,2.055008288565341,0.600894235484256,0.6020492683401941,0.602762772267495,0.5133827849221542,0.514297808060331,0.5140256945712659
50.0,50.0,60.0,-30.0,0.3899198257884939,0.0833298370322175,0.26937286868452703,1.310157679131155,0.0542334250567076,0.6636074827554868,5.019053317794075,5.026934468706892,5.011792640299012,18.985669190001637,18.986080536986012,18.996370329509162,0.2088600003163613,-0.6266533685844075,-0.055618764529531003,2.6011452381562887,0.7356125400200895,0.7361535774690815,0.7356925186792591,0.6362519196250023,0.6354568708893986,0.6343274309325495
0.0,20.0,10.0,-30.0,0.2994497974026142,0.0065831327295813,0.1732813306715388,3.112545157061376,-3.135508796070948,1.4181251812683346,4.116926885826861,4.115988047824476,4.110972258673065,11.482648586187805,11.53837230203969,11.470724475879274,0.1674904083695927,-0.6512048684030689,-0.037386887892020416,2.1350204822031347,0.6137618510866147,0.6144720431244083,0.6117371473195253,0.5206309480213678,0.5202307547570337,0.5204401848232231
0.0,20.0,110.0,120.0,0.6119435903661358,0.2411840883564307,0.4539342405046631,3.1399087053345247,-3.1317589938422428,-0.21691838203072644,6.0703141204593924,6.070197458026244,6.069175002813356,28.675012506871557,28.677601401243752,28.68825691565621,0.3491432061940519,2.064605378395393,-0.07196845492048927,2.325574068310064,0.8119052447736601,0.8119531973052868,0.8125653864938619,0.7694861583389495,0.7693662717857602,0.7693745716609801
0.0,50.0,30.0,60.0,0.3055936233822962,0.0229300866735592,0.1906154072913843,3.139433185242522,-3.1405822247516344,0.5817580648943527,4.744458338694674,4.741838917682131,4.728365659413934,14.633425882725891,14.65570459853133,14.657264267478691,0.20025958442472977,0.2881017667010457,-0.055595797127718935,2.7258758045990255,0.7086792241618916,0.7088507177813792,0.7074716192928959,0.6006050449686879,0.5986210801380533,0.5989110337147808
0.0,90.0,70.0,-60.0,0.4216387249361271,0.1209378380766531,0.30063521977940355,0.6572132875358766,-0.4107597215782543,0.11652520591940094,5.208484378332453,5.209665735332053,5.2092550633001835,20.80413107841987,20.766965646919882,20.779018061971435,0.22823471128303124,-1.1449946433748301,-0.06050198335448586,2.5886733687290238,0.7524345780173951,0.7540968006265655,0.754157143218499,0.6595045274278221,0.659566860723988,0.6595297598229911
20.0,0.0,110.0,30.0,0.6185491491970053,0.2400031926847998,0.4562280253513578,2.1734291116876587,1.1720566861106616,1.6530778368242618,6.139109717925966,6.140464392251176,6.142590217163968,28.790860466597817,28.790829828260133,28.809231810692634,0.3511198130825563,0.4912948696957592,-0.07190282715236303,2.440540430986646,0.823409866578829,0.8234173296672888,0.823991211200955,0.7781422207325871,0.7785742535026441,0.7783739394211628
20.0,20.0,10.0,120.0,0.3034217446089932,0.1669619257562389,0.2299170619763962,3.141017412770345,-3.141456798193451,-1.0368708425115405,3.6817288563220334,3.67533769560255,3.67739476701667,9.609841750004682,9.632323674271916,9.612187329245414,0.1056859858055702,-0.9419339877969318,0.002927596607628053,1.5835852964326542,0.5330601084764477,0.5327481531954212,0.5327401119313622,0.4653929852243062,0.46488715862067886,0.465668116528769
20.0,90.0,0.0,60.0,0.253369247870915,0.1738769832178484,0.21696574146959463,2.4329347695665327,0.7731447590796892,1.7013433504800628,3.4462959263790305,3.435408140076702,3.439015787610228,9.452844727364635,9.431983739121756,9.39958618317008,0.1474115530065688,-1.854181972948303,0.00807359378318103,1.475639578705814,0.5163639694389968,0.5153193325269716,0.5159382967823379,0.4352557672798113,0.43434672527743656,0.43573770939848816
50.0,20.0,30.0,-60.0,0.308060915101716,0.0224024060527248,0.19016765153368517,3.0943238606999843,-3.1320929238553545,0.218774200948774,4.808495243354136,4.815122084518301,4.814811245357383,14.700836996294813,14.704034444601783,14.704478585128252,0.20369639450416463,-0.43091448924982695,-0.04694366932017497,2.813309246791127,0.71581961798251,0.7165924048446808,0.7175067307135446,0.6085792548635829,0.6093560068598326,0.6085360019769281
50.0,20.0,60.0,30.0,0.4027442137762634,0.0574147165549147,0.26968835838334393,2.425463582513841,0.9649705296276498,1.7083448593447739,5.184646715881344,5.18531771946808,5.183785113790097,19.17400844321159,19.15290882182029,19.379891745421038,0.22701984886331553,0.3257127598274144,-0.055507425936474064,2.7958631909631317,0.7555025235026337,0.7566316847569899,0.7555736379554364,0.6563510302416794,0.6565427095146363,0.655900543544065
90.0,20.0,100.0,30.0,0.5744374560548852,0.2064523685690838,0.4171534704112729,2.1752454310761253,1.1817938159346268,1.657755811305519,6.0677559762231565,6.071659462505892,6.078497309698307,26.850063633183126,26.787896430537437,26.848633219630255,0.32250067152257433,0.47863888918345715,-0.06874782886492829,2.7351497191369902,0.8275194013079473,0.8298107863436525,0.8282088806492538,0.7685523942465268,0.7700715381157455,0.7696210914970151
100.0,0.0,80.0,0.0,0.4765214837783526,0.1493286623255164,0.34123583893060805,1.6811255847072866,0.6476007962650325,1.1511511197839641,5.572613552337697,5.5777204485458265,5.572945501828292,23.129512573702875,23.17033330071084,23.123446717481222,0.259875086600474,-0.0833621698677554,-0.07477587444902821,2.8333998757047167,0.8034520711328861,0.8026015960092362,0.8012616591304393,0.7060808666714318,0.7061955833370424,0.7054090130911963
90.0,0.0,30.0,-60.0,0.3094569784183544,0.0102889164607044,0.18889159382366286,3.122975074849309,-3.026670421316681,0.29488335894070933,4.75899133423341,4.760304571519126,4.762747081835304,14.55447434506533,14.656537801829336,14.509885505370637,0.1960203505741972,-0.4110686970142282,-0.04811633317597146,2.746469715910737,0.7090011716414137,0.7091611003807536,0.7097021709131931,0.6020083202844302,0.6024500693432957,0.602296486214358
0.0,50.0,110.0,60.0,0.609491590902294,0.2436842510293172,0.45395849827179346,2.6900816041372986,1.709684479448523,2.176626192478453,6.057232611433783,6.0559613976286455,6.055871058077441,28.621212877300444,28.60955394837397,28.636902174454256,0.34973061745781026,1.019167009253494,-0.07084180127599683,2.2942094357771454,0.8081547402602393,0.8084193734838518,0.8075336045827723,0.7677713245697213,0.767623140021578,0.7677363167406195
0.0,50.0,10.0,0.0,0.3060174282081856,0.0077811568187377,0.18414222686262527,3.139543897869252,-3.140839115180708,1.5986572499020189,4.094497989162298,4.0797932205278356,4.081088604706412,11.234276482320091,11.258774945235558,11.265173520662284,0.16361361150698436,-0.6779762331916175,-0.0410711758240545,2.075491776152309,0.6034344485072515,0.6054589838180254,0.603561320096082,0.5171691340415365,0.5154850525977018,0.5175923494008465
100.0,0.0,60.0,0.0,0.3901304915167339,0.0908507997086556,0.2685162400499795,1.7979310402201891,0.6073843813864999,1.1912199594646695,5.01525923405253,5.008305280406177,5.008450531358918,18.835806907743613,18.84138388267977,18.794240467039042,0.2089633348925498,-0.14956780236116873,-0.05371877748080773,2.5614457007347093,0.7311801706452766,0.7285913698319259,0.7298286399468903,0.6345806165069727,0.6336695481800131,0.6346130316609375
90.0,0.0,90.0,30.0,0.5258186691966452,0.1760330478601179,0.3794508216565225,2.1848226217559508,1.1745978235830414,1.6650159082549858,5.839409009472927,5.835978349969115,5.839471039321069,25.025217329112827,24.831043095639394,25.25383605086103,0.29103387562868216,0.45877182016355766,-0.07289648976278655,2.834391188889974,0.8185018221108217,0.8222406158484804,0.8206875356859024,0.7391004449681338,0.739869956030931,0.7396290449212742
0.0,90.0,0.0,120.0,0.2548167937184602,0.1695715412270017,0.21664599956141548,2.622474833788229,0.876978034096793,1.912140433415381,3.4651462008242273,3.4728530566061795,3.4563854170648427,9.466670754534967,9.46551864396466,9.445819429956439,0.14697125056832613,-2.0942008254933526,0.008768797283964508,1.4774680433484315,0.5161214498733737,0.5170665127419791,0.517479075047583,0.43929720330794103,0.4381787699885234,0.4371677671768736
20.0,0.0,110.0,60.0,0.6198152019614959,0.2335611576962895,0.4559011006668127,2.6914732528193936,1.7000283748892142,2.17453124443159,6.163453454391905,6.165300004425646,6.163413545818104,28.820379509585557,28.81381132425817,28.83189213429467,0.35113833226812574,1.0175445729192112,-0.06799580304339689,2.4819873355338635,0.8269475848267026,0.8282492329689879,0.8276813622546132,0.7813695952723996,0.7813631467575499,0.7811593129674105
50.0,0.0,50.0,120.0,0.3789042993618655,0.0139613387608446,0.24158824015924096,3.1410287608794527,-3.138093522684148,-0.13252429693407747,5.154017167551906,5.13972402764054,5.1457153892224055,17.758756418448893,17.739560599916135,17.753319025574424,0.22733332709110005,0.7341173692722616,-0.0631392122809094,2.9260599570020496,0.754849132634859,0.7556152727078108,0.7541691705829441,0.6513452466494648,0.6503508651265002,0.6522522997986286
90.0,20.0,0.0,120.0,0.2893625697600522,0.0882834101181298,0.21917804107602445,3.129796406928094,-3.136731702461905,2.2241361332340115,3.446733916469654,3.430633662576224,3.4361940043928594,9.392210470294744,9.432355731302405,9.383631651182036,0.14977924842206727,-1.918229172743122,0.007462253148930003,1.4858295087395597,0.5139234409536744,0.51355881187263,0.5130260874998746,0.43498367212193434,0.4337234330078309,0.4356855518360311
50.0,50.0,10.0,-30.0,0.3076408691130274,0.0167497836937574,0.18293560698762337,3.138999445786684,-3.138579543038227,1.6428300244146108,4.0584527453085535,4.056116178305354,4.060909488771235,11.302987345359494,11.23244797692478,11.244238237901708,0.16625604760799806,-0.7339732433152333,-0.04306622998875316,2.056799665119634,0.601935051234764,0.6002736261243891,0.6024686407878339,0.5131260942076138,0.5135297294007043,0.5134923899273522
0.0,20.0,110.0,-30.0,0.6242743142130487,0.244394473589212,0.4565579970596905,1.1393373659965624,0.1101320611935097,0.6056848203828654,6.121207393206534,6.113326074120368,6.117397868688758,28.642583809120357,28.637461110574602,28.62103353460663,0.3536275032867316,-0.5575656541468458,-0.07110290737804809,2.3697538520348767,0.8153384874045122,0.8131581448667938,0.8141527480155252,0.7754424531082798,0.7749383521324356,0.775970338947818
50.0,50.0,120.0,-30.0,0.6642945523269885,0.2588774929999801,0.49013608796362884,1.1510140257426442,0.0935134777696246,0.5985066505758205,6.212280133025566,6.215559814698398,6.217291218876991,30.75980221581374,30.74907060623456,30.72298272287791,0.38839606290404666,-0.5462134193563106,-0.07425651596558001,2.1223992349364558,0.8177400678413721,0.8175897755810383,0.8175686130830732,0.7877401499933929,0.7883942635642792,0.7879862505212288
0.0,20.0,0.0,-30.0,0.2970719909139282,0.0715391187259649,0.21872132337625183,3.1210702103857595,-3.129145327214263,2.2459918737084554,3.4567155289366704,3.440491696293399,3.4443931389943274,9.391919941865691,9.458727925509004,9.407073567616091,0.1497777205987046,-1.857586126046393,0.007499062047513045,1.4935822483646015,0.5149944541939856,0.5150520044987544,0.5144463733164554,0.4362814092808829,0.43481727541151344,0.4368235143165453
0.0,90.0,120.0,120.0,0.6484349745909341,0.2612329296297488,0.4839853598141244,3.1396362787615293,-3.138272977068373,-0.153581439700071,6.051836360540701,6.053309876507139,6.053047203693471,30.569317490588443,30.62181099139442,30.632210757862076,0.3832978506120879,2.0763597836197585,-0.0734256947533363,1.9012065454620466,0.79606136151445,0.7979982528224787,0.7974835198486226,0.7675064371806646,0.767655899705871,0.7674978191697812
50.0,0.0,40.0,60.0,0.3384092450410323,0.0061919753677388,0.2117527313251535,3.141036391990132,-3.1368691975940384,0.8924737265574066,5.0033473525570455,4.999119714501645,5.004595488266987,16.174848554590202,16.175552987248498,16.109083849494063,0.21614458577954346,0.4295374493254985,-0.05377412515601921,2.9101950130220744,0.7393306792660089,0.7373686072375768,0.7388044226528095,0.6327390788038498,0.6328380548584619,0.6333524381635739
100.0,0.0,110.0,-30.0,0.6203383997675147,0.2442624018819895,0.45783566217782395,1.1379388756047664,0.1066163501418007,0.6081355520328479,6.0766261019123675,6.1014272914758125,6.082584987129635,28.808350134153777,28.78115816414192,28.73354964130004,0.3513992451713852,-0.5596575038750703,-0.07913716090130184,2.35799137046467,0.8164789881639186,0.8168627289001388,0.8163910557927699,0.7720560408064305,0.7728799990432031,0.7697471341942752
50.0,50.0,80.0,30.0,0.4673248073796944,0.1474917190872941,0.3356102075855872,2.189038221315276,1.176439215955771,1.677228859451623,5.506116691797893,5.4972249959127275,5.5053607510843445,22.78761148828889,22.75730429906115,22.753098970106752,0.2613536963260239,0.4411707471600671,-0.061618661706993656,2.6746031287852277,0.7807436235229419,0.7821060888532559,0.7818960724234604,0.6965913317918216,0.6964224573366495,0.6977862043983742
0.0,100.0,40.0,0.0,0.3385147020509652,0.0061659041072092,0.21458821056626268,3.0658770177858767,-3.117315402322013,1.1101613574658853,4.929636977262254,4.9465806590062815,4.943429183836682,16.192300345390326,16.187538195813605,16.14158523424245,0.2133928005602861,-0.18811989932713435,-0.060899547442519464,2.847112566053804,0.732413397538099,0.7324769062021448,0.7335351346323774,0.624611442039028,0.6263350037243648,0.6241819421725028
20.0,0.0,110.0,-60.0,0.6260191172257822,0.245554174078376,0.45982830374027467,0.6170291224396592,-0.4259860159796263,0.08298811271071999,6.084963190704567,6.10838490303778,6.115718120460895,28.822093119287754,28.81674173358997,28.850091786235947,0.3515210454782656,-1.0831266752192301,-0.0808484082195175,2.38967366194192,0.8194901712912029,0.8198530947369469,0.8205987520875011,0.7719498287166908,0.7759388519750664,0.772884958087266
90.0,0.0,90.0,120.0,0.5181724949750588,0.1761958758663981,0.3756937233704828,3.138597658846082,-3.1413165693672123,-0.22062648325328713,5.70675939097518,5.692834239918695,5.697087094956119,24.721442927278744,24.645845312548165,25.050344383275934,0.2884569346808561,2.035823156956564,-0.06826180121444896,2.6268405257940417,0.7967397486526719,0.7998513822969733,0.7977275658562343,0.721973089044199,0.7214665228806376,0.7223903837712953
90.0,0.0,100.0,-30.0,0.5768519897275597,0.2184741991732813,0.42170134644646523,1.1297756920636532,0.128420688110463,0.6128223855507255,6.0325740342333924,6.018695782071101,6.025628851128438,26.658897746151876,26.651176561160387,26.746949679227473,0.31997270285838014,-0.5717841461681765,-0.0720199406566391,2.623980683119032,0.8164954997769556,0.8158298406758775,0.8175517143318118,0.7635463447177111,0.7627197183274675,0.7643877332438185
20.0,50.0,10.0,60.0,0.305444115578275,0.0806145694812892,0.21567685573713877,3.138911228998777,-3.141167359527556,1.6674555142291108,3.945345453473724,3.9452928597463965,3.94190199576049,10.429777563453666,10.464475361020286,10.44675976490835,0.1299141682943883,-1.0554424424286073,-0.03360236704132361,1.8466820916686668,0.5703141582623036,0.5708520940752898,0.5703850695598007,0.4993258777551061,0.49877898023282197,0.4989024475317087
100.0,0.0,70.0,0.0,0.4175646871177591,0.1267161079210878,0.30030937491727205,1.695292691664143,0.6567950915680131,1.1647860510037182,5.1834031099467595,5.183318665728829,5.191294022320646,20.70434717523165,20.748973869284203,20.744091509764793,0.22792483866845678,-0.10059890281183309,-0.05804224837244909,2.557929347243708,0.749776846337055,0.749455867378137,0.7495857994496622,0.6560018184327844,0.6569370807554626,0.6569395078890923
20.0,20.0,100.0,-60.0,0.5813439121029219,0.2153093174859252,0.42329410027095077,0.6044242940658593,-0.407451510674308,0.09151085626731417,6.084658865902118,6.0973841303441905,6.0913828057472115,26.885919410051965,26.899318603826078,26.79129309873823,0.32118808498395623,-1.1010721966024835,-0.07368752281530609,2.7486735601909356,0.8310047075356718,0.8314075450993208,0.8291844286312535,0.7717847080012609,0.7726060791624116,0.771087128943747
50.0,0.0,50.0,30.0,0.3796092071447596,0.021557712559244,0.24214313513711597,2.726040024050473,0.710122095172774,1.750172774150539,5.154967989319857,5.154343649457084,5.158608163360422,17.611716653589916,17.65428917846492,17.71210310433418,0.2273255377880679,0.19225797291956054,-0.055745448062044664,2.926017008181247,0.7520917469181552,0.7536778096119711,0.7541665102249396,0.652260908454474,0.6526589675253552,0.6527563158367852
90.0,20.0,0.0,30.0,0.2893625697600522,0.0882834101181298,0.21917804107602445,3.129796406928094,-3.136731702461905,2.2241361332340115,3.446733916469654,3.430633662576224,3.4361940043928594,9.392210470294744,9.432355731302405,9.383631651182036,0.14977924842206727,-1.918229172743122,0.007462253148930003,1.4858295087395597,0.5139234409536744,0.51355881187263,0.5130260874998746,0.43498367212193434,0.4337234330078309,0.4356855518360311
0.0,100.0,110.0,120.0,0.6035739120856978,0.2477315964047888,0.45071019550271085,3.1354307111438686,-3.141537738178957,-0.23133089464236203,5.931206105986593,5.933691255288337,5.932363517067981,28.504095017524087,28.52934044201572,28.518553708693016,0.34660698819419655,2.0647947775930557,-0.07349592792073151,2.118497702979314,0.79107357069553,0.7915399641458104,0.790833516521805,0.7520806133176176,0.7521922429282957,0.7519144210608674
50.0,0.0,50.0,-60.0,0.372156728008275,0.0249002042747168,0.2393812787589376,1.1327117156184,-0.7276216589214789,0.18209923926047725,5.05582071427498,5.049042448522927,5.058373485112855,17.575322590125413,17.699070211178935,17.5580595007822,0.20978543612598846,-0.7054158093627,-0.054824896106883174,2.843138233019967,0.7487628981271511,0.7461634520642169,0.7460714538163212,0.6392013144674535,0.63944138333733,0.640262884719717
50.0,0.0,110.0,-30.0,0.6213479703667667,0.2437523183000621,0.4570691524526323,1.1367956519774465,0.1127010952254175,0.6078619217363801,6.085510930901778,6.091043994946483,6.0850306331327655,28.752503706805523,28.761695103273876,28.669915295538942,0.3517773799665722,-0.5599687749357338,-0.0765068322935362,2.3505934997140576,0.815933477807349,0.8152332673401703,0.8140998990022691,0.7718206627091015,0.771779444150495,0.7711257454282442
20.0,20.0,20.0,30.0,0.2888311240734619,0.0375876715865809,0.17177153651674337,3.140127878419801,-3.1381615938612826,0.7458358781791509,4.5301099211970035,4.530772180725516,4.5289106465485505,13.167798036596578,13.142379461129837,13.239275979053836,0.1892286097625451,-0.053615872557501734,-0.039069441031546276,2.566208272785847,0.6761930663171646,0.67843970800054,0.6779886806299569,0.5731030321179712,0.5729177453888809,0.5729621471472148
0.0,100.0,0.0,120.0,0.2529372337984105,0.1767110105458398,0.21673269506104068,2.4454241084434685,0.8425097912859131,1.7722405255698546,3.454026947373412,3.4678664554833034,3.4512062832579424,9.451764799960458,9.470433218467521,9.461486257225738,0.14712668270486887,-1.9831977281765731,0.008409707079841887,1.4795705889879531,0.51602958345103,0.517378511736191,0.5171101788135011,0.43813131692772006,0.43779694374626876,0.4359766580863766
0.0,20.0,70.0,30.0,0.4294518952163217,0.1038455909246453,0.29994131424921205,2.2505049665633865,1.105981990540089,1.6820358641701747,5.224923841441503,5.214559367790124,5.224230357605281,20.72101102080973,20.693882740698886,20.811062054554093,0.23383463938871626,0.42747002391293554,-0.04784693747738123,2.5955146112312004,0.7501002725888494,0.7519178587310146,0.7516937368444848,0.6606641091794772,0.6606896077893285,0.6619652661283257
0.0,90.0,90.0,-60.0,0.5322579468517001,0.1803022683901817,0.38426182990968516,0.6163948609383129,-0.3948565476961498,0.09851592195149164,5.84126232075512,5.845474525960935,5.841337398859033,25.192198204505658,24.908679047308098,24.8027372975796,0.28809106932904566,-1.1174451668387166,-0.07943121774571381,2.8041096060042325,0.8173021547577871,0.8159262319503088,0.8189934342060053,0.7400242754123477,0.7401158885882152,0.7401768618543526
20.0,20.0,0.0,30.0,0.2910528133209361,0.0907102603907754,0.2191955217349998,3.1346596193327745,-3.1228870539205063,2.2095720287341507,3.453702413441625,3.439280252863343,3.444280620929897,9.366397633120657,9.442076492101435,9.429376817636511,0.14978702960543475,-1.9327352421396453,0.0075701533408211105,1.4879873000324446,0.5147106708553354,0.5143779208205069,0.5134383014863502,0.4359442575525487,0.43480571044615357,0.4366374052861057
0.0,100.0,10.0,60.0,0.2871895596816092,0.1261924398984852,0.2224436113549079,3.1290764404396705,1.8111193303347093,2.466414120468801,3.7943047343201277,3.7946833713554433,3.789820378931844,10.089320325538669,9.992529881994633,9.991452979463043,0.11401811288735077,-1.5571574922848843,-0.019436760817432293,1.704275206727911,0.550036401047769,0.5525254372200918,0.5510096665917479,0.48020755521956854,0.4797083321077601,0.4796803896780906
50.0,50.0,30.0,120.0,0.3263695590040308,0.0114027946613846,0.19685429981220884,3.1358961638009144,-3.1413691325573763,-0.4534676207801898,4.545256892821479,4.543494952228091,4.5497277574900385,13.87414429940439,13.886183516414809,13.778759346525685,0.18698853064560325,0.49122631874179407,-0.060524721161824876,2.4174615236737864,0.6687408605465591,0.6667889344109206,0.6685753547996542,0.5747670262726519,0.5752000514414707,0.5755536154423492
20.0,50.0,0.0,120.0,0.2682398174902793,0.1776439182222982,0.21847279626903007,2.793943065675444,1.1763302785538576,2.0588335361784402,3.422251190058797,3.416819299569316,3.4140440477133502,9.368749908992623,9.373649837201713,9.352924895360001,0.14824125197090512,-2.1350461815871147,0.007836231054958733,1.4556967875902085,0.5131008537218229,0.5124843137032327,0.5100906149929174,0.43272753746597564,0.43176597194201544,0.4324290239343411
100.0,0.0,120.0,-30.0,0.6680358973705304,0.2586074675920007,0.49073604794743764,1.148272683644893,0.0908674822021312,0.5964895708763571,6.212897921808035,6.210748245064507,6.2106449710591,30.722947700144545,30.71280959062336,30.725578623704546,0.3879088631169562,-0.5451922477345069,-0.0739296219811776,2.112970740200994,0.8159040221984719,0.8159285540842884,0.8163073488324699,0.7877017336860971,0.7874121760808315,0.7877224720220442
50.0,20.0,40.0,-60.0,0.3391571260490005,0.0014516779005923,0.21184815315145442,3.060244439746167,-3.0726189792402985,0.22270358779431157,4.998358934788691,5.0010404814527,5.002961236860313,16.15353415813344,16.226459855413154,16.143189030160364,0.21133731586623,-0.5446107289368218,-0.0521134814161297,2.918440719698749,0.7403035830135417,0.738943442151276,0.7410451223622778,0.6325311688804887,0.6329818128884437,0.6327010113101118
50.0,50.0,70.0,60.0,0.4264510450704503,0.1246054453721971,0.3031081778867991,2.745145326278357,1.6968152046544591,2.206049954675051,5.1127966306534,5.104642649180607,5.103959636139715,20.67914200814003,20.612363097210775,20.676313827866863,0.227171296123053,0.954171936582083,-0.05713444690382102,2.4614659033506388,0.7381346296065479,0.7385687764741359,0.737827238105162,0.6469770250489298,0.6459994407180005,0.6469935868968437
50.0,50.0,30.0,0.0,0.3072308305136266,0.0331680370074823,0.19098176780895543,3.126693966587721,-3.0915880085603447,0.9183984113049616,4.770688146124033,4.7575839837973355,4.7666979421609454,14.593685932674585,14.617088061143964,14.602326381870922,0.20341955338778298,-0.21694665537019925,-0.04868010855487142,2.7526841616847455,0.7103896941769319,0.7088555860437133,0.7098495824786613,0.6025922019425409,0.6020849153880713,0.6037753858580325
20.0,20.0,100.0,-30.0,0.5782298640400741,0.2170930970029883,0.422738298423724,1.1393306182805325,0.128402582102229,0.6063592070078484,6.03607842958283,6.01960750827133,6.034755690954497,26.780895973536165,26.823665200986436,26.802417015519747,0.3187780954796882,-0.5607660539868957,-0.07563954519090126,2.6627477028066346,0.8201167279381516,0.8233318635609715,0.8211377524471434,0.7636343710009681,0.7632325511662171,0.7654565061990911
90.0,0.0,10.0,120.0,0.2640194996521281,0.1837841973785566,0.2304791654006706,3.140892481130608,-3.1415076864621354,1.9171277740928327,3.624163393649132,3.622980168216237,3.629853688494722,9.509005630632204,9.557563335733969,9.510922399413488,0.10539755679077958,-1.2571205209054603,0.02008110109448267,1.5382119401130356,0.5281682504026428,0.5280065265771882,0.5262159432286336,0.45810154379073276,0.458842813653546,0.4590280541855423
20.0,50.0,40.0,-60.0,0.3391564375229056,0.0024901847361154,0.2119011498225082,2.852624540714328,-2.9888656366547988,0.2224219788918714,4.983217733596891,4.987824313669897,4.981627761812337,16.121195725273658,16.129498012662953,16.271792808808666,0.21017970609569533,-0.5375444167149751,-0.054206836180808356,2.899079341558028,0.7379932078630661,0.7390773990221476,0.7384036996311082,0.6309358512987547,0.6308000595664093,0.6300905276142659
100.0,0.0,110.0,120.0,0.6122813447691142,0.2374988104673018,0.45364303473741896,3.139980205003165,-3.140303360380737,-0.187085042189383,6.079264195631278,6.079796031660232,6.079104446268063,28.713478517477206,28.717130342768588,28.716990877058773,0.3490528620059266,2.06504841206357,-0.07009957799127409,2.35361534788129,0.8151790729692896,0.8150648109103295,0.8150866949094272,0.7706333863774517,0.7705914357944189,0.7705547416779919
0.0,50.0,30.0,-30.0,0.3073343723806127,0.0257924832082816,0.1924771172528891,3.095790585048937,-3.130031688011941,0.599102000023709,4.766072617949986,4.772553018226369,4.780765339442753,14.740631007139973,14.749108169183627,14.744952972944732,0.2026508321909233,-0.37637005619563657,-0.05054178065142972,2.781405882167775,0.713729267292452,0.7133679662896256,0.7147778968519561,0.602878775493041,0.6047480066369473,0.6038641053988069
100.0,0.0,50.0,30.0,0.3776408049306102,0.026215850220509,0.2411553635892931,2.690785609252229,0.8126711397846857,1.7557252539796122,5.13339096039984,5.139621660077976,5.1327056166457075,17.58572483086577,17.631382278510735,17.63812007665319,0.2225884344995485,0.2005820456285374,-0.058202375627092955,2.899569018397501,0.7501357261703026,0.7520165910125236,0.7518174286622181,0.6502735447175647,0.6500484310288657,0.6493213655231478
50.0,0.0,60.0,-30.0,0.3903795153174342,0.088559123138096,0.26937777735768526,1.2678487670852925,0.0673403697265876,0.6568244975588188,4.992443666462323,4.9984709613700495,5.008103524000464,18.920735793609733,18.95611117449022,18.894850728569693,0.20637674017302085,-0.6151850935292853,-0.05439657371162577,2.5747342367573727,0.7333559101158754,0.7319048774326843,0.7335104874535153,0.6318058493446772,0.6337415992350706,0.6330067492928979
50.0,20.0,0.0,60.0,0.2914187012784717,0.1029077333539235,0.21945609099155003,3.1246873707058715,-3.135035380233302,2.2693795295448846,3.449419876238811,3.4339718830000416,3.4419860064775114,9.389534425350439,9.448405431934303,9.391414885363742,0.149955603256556,-1.8415745528878158,0.007523987112094345,1.4882996862257678,0.5141914155747387,0.5140566509857764,0.5131843086876589,0.4352515862955777,0.43438731468230635,0.4362810086014621
50.0,0.0,60.0,-60.0,0.3908725951296478,0.0830232863864217,0.26715426955561977,0.7697545495016374,-0.4783662380202048,0.13021840749669567,5.042254786009893,5.041237669514467,5.04485278727789,18.8593593174095,18.847519198801947,18.90116181637333,0.20757683162542143,-1.0589438725200107,-0.04787767535676171,2.611396428448041,0.7356074617991176,0.7348910294462254,0.735175980690096,0.6380412374490035,0.6384592276246002,0.6385054233760055
50.0,20.0,20.0,120.0,0.3139221897708987,0.0072198680988815,0.18894770153287246,3.1413099318237827,-3.14011843848954,-0.6523306848221887,4.308064246288421,4.306045697905373,4.3082665747879165,12.271031066279395,12.37535623215198,12.253336511518633,0.168254955213465,0.267530899715649,-0.04780448361670091,2.2445828905271297,0.6343233279349137,0.6336796060530265,0.6343005848437606,0.5450030909296173,0.5446821092107944,0.5450972021608732
20.0,50.0,120.0,-60.0,0.6734940359596779,0.2572317644209715,0.4929627151148833,0.6242677337060797,-0.4372701167535647,0.07246970682171264,6.292081616920668,6.291955786374603,6.289155304458087,30.79513811489824,30.813738702669152,30.805682005040616,0.3883196732573587,-1.0684501482209896,-0.0723785642659726,2.2336795901120134,0.8277777145096591,0.8277362410347966,0.8277345716229658,0.7978910798578929,0.7975014555412604,0.7975508618321201
20.0,50.0,50.0,0.0,0.376444824213617,0.0323272521053379,0.2414912489873824,2.125961959274095,0.3597135013161515,1.2344465940363274,5.085025677385999,5.083779162159524,5.083528369886868,17.460714295157427,17.54323892484631,17.62905537164245,0.21717288628632,-0.1538744204867479,-0.05932476925490994,2.839481269994655,0.7452107977956548,0.7450055935001948,0.7445012688810903,0.643613828974566,0.6433866427430803,0.6432649167386844
50.0,20.0,0.0,120.0,0.2914187012784717,0.1029077333539235,0.21945609099155003,3.1246873707058715,-3.135035380233302,2.2693795295448846,3.449419876238811,3.4339718830000416,3.4419860064775114,9.389534425350439,9.448405431934303,9.391414885363742,0.149955603256556,-1.8415745528878158,0.007523987112094345,1.4882996862257678,0.5141914155747387,0.5140566509857764,0.5131843086876589,0.4352515862955777,0.43438731468230635,0.4362810086014621
0.0,50.0,60.0,120.0,0.4114962922007849,0.0638619659201611,0.27296567740081545,3.141253455676402,-3.140643345466626,-0.23034510186256638,5.120164223479356,5.115299653801685,5.118657642774724,18.913735880798765,18.934352651340696,18.925854081457068,0.2285499941867473,0.9594476866854649,-0.0664061204474009,2.644346496984642,0.7379510623516449,0.7372939548866362,0.7362835718000826,0.6479255652733125,0.6476190301901893,0.6482270063768643
20.0,0.0,20.0,-60.0,0.294792245984913,0.0171565060542341,0.17339820002877723,3.11615051093534,-3.136062694164263,0.35539732388745915,4.499689430187196,4.502846963435735,4.500243851053385,13.099271055327478,13.054540109053022,13.050753829375523,0.19088553068164865,-0.31793134843683757,-0.04094606548666434,2.524209765863505,0.6712871397502336,0.6718954264605289,0.6712746578079647,0.5694285672498913,0.5694405694054158,0.5691114653237703
20.0,50.0,40.0,-30.0,0.3396236744575833,0.0009556406450981,0.21418114537584668,3.128979099358544,-3.1093610890750325,0.7291923583365187,4.959262480731728,4.9670475320570775,4.9650534249792875,16.195036030428703,16.180733827620852,16.25997219881531,0.21098499496812334,-0.4088317186766001,-0.056764279030013375,2.8870949185114863,0.7380601939664785,0.7379349070597917,0.7379735624674584,0.6278839650667337,0.6287665058098838,0.6276433137370153
0.0,90.0,60.0,30.0,0.3957043995662433,0.0844301365454688,0.2714483174437418,2.344223015213614,1.129667089141955,1.7149395241286018,5.0366161231441735,5.0429027610134165,5.036579461131727,18.888547954730793,18.869940512595246,18.87567512156739,0.21499193586950854,0.35428534576025195,-0.06139583678549085,2.584410613965186,0.7329990497958303,0.7326337750834341,0.7312731359329019,0.6380756823999855,0.6381829655244248,0.6372183421663864
50.0,20.0,20.0,30.0,0.2866105603163533,0.0430785349741853,0.17236379063900023,3.1411150890376134,-3.137940451775804,0.704031511780248,4.53585479085257,4.539743046733887,4.546255846580232,13.215361288795377,13.246204136128359,13.314538164308425,0.19110232157294132,-0.0608116258326472,-0.03917824062193927,2.586664058902844,0.6792980423103134,0.6800888717133052,0.6806601106678883,0.5736204779728187,0.5749882310549969,0.5744965876149589
0.0,20.0,70.0,-30.0,0.4186124903058597,0.1345376493509671,0.302253806057309,1.1487694484865336,0.1557976265816528,0.6450108280886895,5.178100316986448,5.177597613825633,5.1747690209475525,20.714784790685957,20.731396351820635,20.73277633217757,0.22508496754052373,-0.6300178805003378,-0.06443333580676235,2.541216188649017,0.7484749463223549,0.7486768556576693,0.7485647176204888,0.6556969069963251,0.6552583555734695,0.6553512809108657
20.0,20.0,10.0,0.0,0.3053036870602322,0.0098412416584722,0.1772526156098759,3.1399002831425658,-3.1387911065588967,1.3930235996043467,4.127804085342083,4.1259897902999265,4.134800134109186,11.47634822682757,11.490683888590425,11.482776750401715,0.16479893069644583,-0.6295881947353585,-0.03733794095964375,2.149961136928721,0.6152373978316258,0.6132039535342703,0.6152058903369577,0.5217540231522049,0.5227545926199993,0.522548519542098
0.0,100.0,10.0,-30.0,0.3041083693435369,0.0250938319742905,0.1853300553763018,3.133041480936891,-3.131406163499417,1.8109545999238517,4.05633381259746,4.064578966577703,4.061243333173109,11.248156222571362,11.242783520280609,11.200499391505868,0.1640801500052117,-0.6865241534218681,-0.04457259676111359,2.0362293296616736,0.6002881253948836,0.6004824782565699,0.5992758090348789,0.5134995886675129,0.5143479834957199,0.5130600734112988
0.0,90.0,80.0,30.0,0.4641195071129612,0.1588182067431768,0.3363553467878818,2.1774080477626367,1.1971068236077191,1.674980726866809,5.449513496108161,5.455974065667946,5.460658401744848,22.580378885899314,22.65548960876241,22.69423866329506,0.2586955196185456,0.4478300972621181,-0.06366703639151454,2.5889963047845606,0.7714541547465117,0.7727586533469322,0.7713223850676593,0.6902393003711367,0.6916354089788794,0.6906769792124937
20.0,90.0,70.0,60.0,0.4234936741192042,0.1391518620319482,0.30296204844632274,2.720268758667106,1.7486453093915766,2.21540864797307,5.058975124305977,5.055677146624812,5.06733018738448,20.371752067974228,20.44810509697926,20.438273223100037,0.22467292576688583,0.9436618302094028,-0.05763298374151946,2.3517865576105312,0.7236684362704162,0.7242118253521544,0.7246328579267575,0.640027784322512,0.6409504746426564,0.6414360596260344
90.0,20.0,40.0,30.0,0.3375765576265374,0.0135748717639256,0.21251920432468396,3.139322792286984,-3.128592931389739,1.265839224275299,5.035327701945821,5.031475804588395,5.039749349253214,16.259547022971894,16.284012706396414,16.340165218500815,0.2195026297675642,0.11828886236383068,-0.05080025474528661,2.9677165512598185,0.744303544225943,0.7455131231711107,0.7462455599959168,0.6366581744500686,0.637192758429472,0.6376941767961831
0.0,90.0,40.0,-30.0,0.3399300242014846,0.0046334103664552,0.21383401669574956,2.9251839301178144,-3.085371542056976,0.7179706435293003,4.960580272684645,4.962174990442182,4.976645081747619,16.183295328867466,16.24155149804242,16.220754419384797,0.211542474437547,-0.42242875931465396,-0.05849250707947827,2.882418939141676,0.7383038490001195,0.7365569561021292,0.7385186024353056,0.627138219346319,0.6291562112521165,0.6288648204930658
20.0,0.0,100.0,120.0,0.5643240766284056,0.1996195910194041,0.4125123789620513,3.1328294054163,-3.140422976753565,-0.2423022129941944,6.017046559013183,6.014750283300409,6.008323232348936,26.877824444598453,26.840894606089318,26.790114431346932,0.32247035943195684,2.053295570978152,-0.06648596876756653,2.6772401397956975,0.8234318656328524,0.8223386284479638,0.8246306658411486,0.7626733350682766,0.7614071342568847,0.7617761173698842
20.0,50.0,100.0,120.0,0.560444976616282,0.2169196355633882,0.41599664011237353,3.134051564595484,-3.141448730774081,-0.28513525387163174,5.772367555053031,5.796840933247998,5.796608293441259,26.641249706842743,26.67339328229965,26.683969863145627,0.3138850362245412,2.040813593548963,-0.08334196502248077,2.3532810493420206,0.7930393604395368,0.7956665880064389,0.7946615586826704,0.7325033216049782,0.735659893880718,0.7325509299171334
50.0,50.0,0.0,60.0,0.2565106237877631,0.1811469297691457,0.21848228325794947,2.7670995481436664,1.1309240310165898,2.0109382481812945,3.4358048008735333,3.4194642146685617,3.4204052027971086,9.353589744447632,9.377460343572313,9.374348205900622,0.1482135504541131,-2.140513941723588,0.00792737668632801,1.4607477162450835,0.5132610939392747,0.5115967093476903,0.5118130900101385,0.4338445794275978,0.43191661387517677,0.4340159948406134
0.0,20.0,70.0,120.0,0.4367660430062777,0.1043481389813724,0.3013637993506964,3.139823440085713,-3.135456944023804,-0.17158293619156217,5.2543876647967345,5.25556263572876,5.243431869535362,20.791691310044133,20.684082424156546,20.589746267065795,0.23871888065256877,1.4543416134086664,-0.05080853333763916,2.600131493098698,0.7494158189716602,0.7489194048853792,0.7506042511733638,0.665742328869339,0.664288722250983,0.66460485738656
20.0,90.0,10.0,120.0,0.2684475309632317,0.1751273921079229,0.22621807203465924,3.140641853389802,-3.140603772740769,0.13809260334631013,3.7103498955213032,3.707459980241281,3.7014769064493,9.729983631267546,9.69108190465872,9.687503879710322,0.10403588732998525,-1.073803058348351,0.011230754678179787,1.600764988801477,0.5379024546750766,0.5372774622955374,0.5380868276173918,0.46953606566040634,0.4684097382708175,0.4687596294211379
100.0,0.0,120.0,120.0,0.6544263640485981,0.257222853043084,0.4859976639142771,3.131167053073678,-3.1342546782556235,-0.17715126953231644,6.188133004075502,6.169955025169989,6.163784977166916,30.701163393866835,30.62819447600424,30.654302939353474,0.38628146075935055,2.080932168209881,-0.06367705600861076,2.0642561339594514,0.8105548987203036,0.8091012945867171,0.8110177387123924,0.7841130741430706,0.7811063801226027,0.7834136019667961
100.0,0.0,100.0,-30.0,0.5781473420950238,0.2182595098887134,0.42168041419368124,1.1380253256623745,0.1250176162841517,0.6128066399177605,6.032814424379057,6.0200259918250865,6.0228499585487345,26.658222356063877,26.646292642952666,26.743172088820902,0.3198811848802708,-0.5716270644449877,-0.07234166853607578,2.6216203708059433,0.8160683500613539,0.8154760585537116,0.8176465902940577,0.7637973955947385,0.7625879737753777,0.7641332203069168
50.0,0.0,120.0,120.0,0.6663527370907951,0.2559818100861484,0.49001369284454777,3.1403656559798945,-3.1359160389961045,-0.12327470822292019,6.2851914139852205,6.271468680874357,6.272007142613421,30.838114152141777,30.762385063712507,30.79562364167031,0.3852974071192906,2.0836851735042856,-0.0636647905585488,2.217678696557544,0.8259609800474306,0.8245161482698373,0.826511892753762,0.796271415461291,0.7946276933035088,0.7964028233560115
90.0,0.0,60.0,-30.0,0.3839063681379641,0.0974802190905155,0.268534082915222,1.2411006328845646,0.081860142701726,0.6561955517572234,4.964702723202292,4.964707694488648,4.964844204432012,18.772803732993857,18.789775712724193,18.783538682494243,0.2022999787942602,-0.649504651850049,-0.051425150054321654,2.5171075595957326,0.7254969137955519,0.7255040906825398,0.7251033059196252,0.6284611202642232,0.6284802151410254,0.628460304191944
20.0,50.0,90.0,120.0,0.5104758399208889,0.1983489131341178,0.37547757077869826,3.14120480180137,-3.136762234506534,-0.2829694234684288,5.5462652910071535,5.565455622840789,5.54913107332396,24.476560625907286,24.31962294402482,24.41360030318339,0.2829431324219027,2.028902608891693,-0.07182337864411402,2.350003244881087,0.766589387580009,0.7672268648945436,0.7691158481803705,0.7040268514785958,0.7046550312792083,0.7021901103080029
20.0,90.0,20.0,0.0,0.2931098384996038,0.0312719898177923,0.17687443716525994,3.120668340696897,-3.135300158889256,0.8929069558341242,4.400325898566083,4.388766846743299,4.395420118552886,12.792811088822734,12.820700884858105,12.768923148337866,0.1880866465408696,-0.3016855839773979,-0.04906300360986183,2.3945167236637226,0.6556978320448885,0.6543512721233559,0.6547891459832367,0.555830028486305,0.5552031130094999,0.5567155148321628
0.0,100.0,110.0,30.0,0.6123318531845917,0.2445021201182605,0.4542107643533385,2.177252800262413,1.1845174996029673,1.6562669440262725,6.019130884506067,6.015917220526358,6.013472861112086,28.61592736896882,28.636562594124413,28.62224864232178,0.34915889544405837,0.49106541412947735,-0.07513678732396604,2.2360960027067396,0.8031440188211769,0.8029744639172047,0.8025305034003536,0.763042611217575,0.762249236017476,0.7626790633511646
20.0,0.0,110.0,-30.0,0.6235699761420035,0.2452850244034449,0.45763971750126076,1.1351397109453372,0.1048005822111447,0.6074749492148585,6.109050550943917,6.112530509072359,6.103793786999993,28.76161203365226,28.777879223439413,28.675012507239778,0.35232053840767674,-0.5605539193718633,-0.07563398300733203,2.3803790183041875,0.819360236438739,0.8179378669640205,0.8168938990576894,0.7748276773927414,0.7741586475346396,0.7737756427064578
50.0,0.0,120.0,-60.0,0.6733465388939386,0.2598319097074078,0.4937875202652095,0.6234293783983736,-0.4363845097404614,0.07298471702371558,6.283494478836419,6.28836318235525,6.283293940039096,30.79106344428192,30.766633429189593,30.780284686507535,0.3875515973354474,-1.0711174757055129,-0.07568514292532026,2.2121510080020688,0.8259643613628382,0.8255663248719873,0.8261831768839945,0.7971127904362931,0.7970935582420736,0.7964456657101291
20.0,20.0,70.0,0.0,0.4193347234253761,0.1129095490855693,0.29915396501370095,1.6941395701379118,0.6177569319341274,1.1595216745627355,5.201950293560167,5.20708261444651,5.204273662234928,20.729402217376318,20.68265038912152,20.801032828855273,0.2300955969208227,-0.09222414084622416,-0.05264831751045009,2.5763033319133726,0.7497392064786939,0.7515119450727957,0.751035552321675,0.6589201185080605,0.6593095666541873,0.6585766605592529
20.0,0.0,80.0,30.0,0.4692087881936246,0.1391678017702428,0.33827860878570115,2.2029929301212325,1.1567522617831172,1.6690524168646241,5.541974004166388,5.539936702230744,5.536369980980146,23.16902616934142,23.101212243488597,23.097434572076796,0.2608494692464452,0.44875539497260347,-0.06641815691231787,2.800118963350515,0.799282027254017,0.7971574379462059,0.7981142217207835,0.7018054096265176,0.7012526086606664,0.7013945268581302
0.0,50.0,70.0,60.0,0.4274499188144953,0.1167685185246277,0.30260716354647105,2.749843973694508,1.6933352906984245,2.2010089011462957,5.136522373667411,5.145145300440728,5.130096476815792,20.6542483606363,20.681353761429644,20.630506679564306,0.2288599298615343,0.9613404347186605,-0.05515443357268405,2.4896266789417627,0.7406868983208518,0.7391747003209264,0.7402986407237727,0.6514530292460095,0.6505950195832684,0.6494017301041535
20.0,50.0,110.0,0.0,0.6137550382718705,0.2471225360599427,0.45460281264453184,1.6519820396148477,0.6501389893828099,1.1289538521594458,6.06757560680928,6.0701137934831015,6.071709200987279,28.624133464122057,28.623630100866503,28.63898081851509,0.35184406973253596,-0.02959021045997334,-0.07072489718581605,2.3024043961509078,0.8077165400239609,0.8080598610265832,0.8080970845464026,0.7692127984764211,0.7696624328893635,0.7694003277065732
0.0,20.0,100.0,120.0,0.5653332611979713,0.2072764481968302,0.4155621553192568,3.139458204286393,-3.138832523207503,-0.18986010097352926,5.978509237040842,5.959464711781023,5.961801834465452,26.918219272126063,26.844518766174335,26.940045050460967,0.3191669223537871,2.0521633099052696,-0.07866749846387684,2.6417407803976443,0.8217922445746559,0.8229347361069613,0.8234032550438624,0.7565120542560578,0.7545552550036841,0.7569922726577227
50.0,20.0,10.0,120.0,0.3031924767039933,0.1674883162750985,0.22947059641406195,3.141284667271972,-3.141591167930605,-1.523124099799471,3.690438110087689,3.6946314625573122,3.6883136545434505,9.638784173111388,9.609279026077644,9.626586341277173,0.10616354005275487,-0.8733346301487598,-0.0005555087549659753,1.5949896667810641,0.5345020715662296,0.5341466081648272,0.5344423194914368,0.4673247692763694,0.4670999194792135,0.46646645835045014
50.0,50.0,20.0,-60.0,0.2908629655107934,0.0238503945244635,0.17564219370033082,3.121736615670151,-3.129699627307222,0.3407651907540881,4.44303770546801,4.445311798707144,4.454848577802681,12.945051794007503,12.947790409511052,13.008751031690243,0.19127963513910998,-0.3342236314992687,-0.04591645654252443,2.4563885628156568,0.6622820182557658,0.6616518393637555,0.6637624489525221,0.561755606013173,0.5632169237536008,0.5628991385267429
0.0,50.0,10.0,30.0,0.3084502623311925,0.0101774361118909,0.19099804864392422,3.141076737042462,-3.134902475225412,1.1622868208726618,4.082608298917903,4.084056518335954,4.081126360292703,11.132321807052296,11.102980884752872,11.116251430882114,0.1564494698710857,-0.6373615080028838,-0.040646222243550856,2.041782083602331,0.5994667602089425,0.5983433490118971,0.5996797783581921,0.5167180163219239,0.5165241590292117,0.5160674359457833
0.0,50.0,100.0,30.0,0.5706796721229562,0.2105074855531514,0.4187198432533813,2.1778707153900783,1.189204325777145,1.653704856889177,5.9891983536928315,6.004093321817675,6.00742124253831,26.77314643387363,26.87028875043319,26.84371352205265,0.31855453988411314,0.48536888698237235,-0.0744203016109035,2.6520183231548935,0.8223720313383986,0.8220950403428567,0.8208311090918657,0.7594903820797891,0.7617073914822472,0.759697529979815
20.0,90.0,60.0,120.0,0.4113962868578049,0.068142364331351,0.27527284245661143,3.1394701890214054,-3.1411965641416795,-0.2476572297612049,5.0547239685038035,5.049487433367407,5.057892269414653,18.914957961702907,18.94739162898557,18.865784793857475,0.22466054644498826,0.9915046529258659,-0.07365999903882299,2.576143811402209,0.7318484120581791,0.7309762212202111,0.7315152646445907,0.6393563758102749,0.6396326592332898,0.6405157403969991
20.0,90.0,90.0,0.0,0.5267846609771509,0.187354146487563,0.3826569974262699,1.6650310884171662,0.6572318587114603,1.1470841300593786,5.735933357040498,5.734470836728697,5.738209548177379,24.743384741803297,24.698924718960725,25.022588331288116,0.2853229138055997,-0.06963878909836146,-0.07993830770627468,2.6486003498759745,0.8006016490648835,0.8028297772172466,0.8011409653410836,0.7262790276465833,0.7271245071119237,0.7266002387044034
0.0,90.0,20.0,-60.0,0.2920958514310207,0.0240464873474554,0.17642537493956967,3.129749714158633,-3.114486656979182,0.39239963319731563,4.412095472078477,4.407830645887844,4.42347681837153,12.849397428343025,12.81506743800496,12.83419848730195,0.19281715411719513,-0.3677577358702765,-0.04832653207694897,2.4078925669798856,0.6563534109537342,0.6558823764925141,0.6566804037404356,0.5572754375400217,0.5586744035009377,0.5592450489171836
20.0,90.0,40.0,-30.0,0.3403222382080823,0.0008808975182256,0.21437880373918083,2.8789443349689976,-3.0526268315455747,0.7310995691203209,4.943460047240876,4.946072497101381,4.957736568065443,16.128474128086886,16.18937426458833,16.16413590176582,0.2107656801342632,-0.40677836895746555,-0.058325745292184615,2.8596558925526505,0.7351490296650641,0.7336963082420455,0.7355259570930033,0.6251534033820539,0.6269508995249341,0.6265184376551587
50.0,20.0,90.0,30.0,0.5239387030821796,0.1660490313408945,0.3781875706438236,2.194488620244261,1.1719149593315583,1.6644609260999494,5.843793689404644,5.842955980904698,5.840625149996725,25.320611237052166,25.021562169775162,24.905844830275715,0.2922167093864641,0.45943100996312863,-0.07178156404155403,2.8513817952033995,0.8225978676033899,0.8207528876342526,0.8243482456449611,0.7399721646141234,0.7396874830877832,0.7404467622243615
90.0,0.0,10.0,30.0,0.3090225449172604,0.0037603498655052,0.2030647321663021,3.1327563911714407,-3.1367667755356274,1.9145348144741254,4.032224351339673,4.037515189450079,4.040389596018196,10.85732441331874,10.885772984959518,10.89489219137931,0.14634336801298709,-0.8783018866059197,-0.037650554260032464,1.9844034601021685,0.5900390991369737,0.5895097813159915,0.5895497118382583,0.5101980795843372,0.5113165758934806,0.5104898900540751
100.0,0.0,30.0,60.0,0.3059843201093713,0.0219526287832326,0.1888441964622556,3.1394615427533457,-3.141435091151568,0.5783077512980404,4.767854444471206,4.761899894954353,4.767926520730274,14.633401735995982,14.573956728463775,14.535925186774934,0.1997794856585378,0.31889040118137646,-0.04938882434581154,2.7479487395590043,0.709910552956652,0.7086044842363185,0.709077144668432,0.6026584606420544,0.6026575749483036,0.603416879340526
20.0,50.0,110.0,120.0,0.6064240331124948,0.2473857897924014,0.45150157226265436,3.137271398718664,-3.1359778271208936,-0.20942970874304362,5.947281409680635,5.946152509247435,5.945304223319593,28.50285115898772,28.530126576818912,28.537880595219818,0.347558431395803,2.0635617124996903,-0.07512009684627802,2.1312898868526267,0.792464719647649,0.7926211926106476,0.7921792343087347,0.7539270508010656,0.7536838466498286,0.75378076143766
50.0,20.0,10.0,0.0,0.3016464448942461,0.0124522647959629,0.17485361472427038,3.140606195178725,-3.1395096859852454,1.2655628037072248,4.134396040165416,4.132360127589971,4.138914983186899,11.519989819782783,11.543742721696725,11.512629084801578,0.16580863422520653,-0.5816629557440356,-0.037026051747523256,2.158964373981879,0.6159856374375587,0.6152916568236364,0.6163391028831434,0.5229199837686738,0.5229353047691473,0.5234150789779057
20.0,90.0,50.0,-60.0,0.3769760090917907,0.0229477190065009,0.24025480657627254,1.1562586703516606,-0.802577552277413,0.17993503609705688,5.097720432271261,5.096093780628649,5.099026616252262,17.532430913215926,17.6896316566648,17.67691209694347,0.21664151856398353,-0.6765894916937351,-0.056892420313138535,2.877203825949608,0.7504205289659514,0.7490095412767581,0.7488004453998377,0.6450829767412927,0.6451091104169231,0.6451221572805489
0.0,50.0,80.0,-60.0,0.4826794805176944,0.1544567046321216,0.34151536438100566,0.622675202920666,-0.3942984559731397,0.10692990316701977,5.618997040818588,5.606239360186088,5.603096503178043,22.855177117746138,22.90179497479218,22.89329132588145,0.26042269936799584,-1.1329539722285948,-0.07250554013167411,2.7991495520885383,0.7957734132766312,0.7955969321956473,0.7954743995207667,0.7112896139831256,0.7091163797183127,0.7108064046972836
20.0,90.0,100.0,-30.0,0.5724236338313048,0.219169062662639,0.42371996723263233,1.127293623823792,0.1355785818879117,0.6132616433949573,5.900987801264853,5.917640220842234,5.913462219015467,26.868001045762515,26.91861042311142,26.787439779997143,0.3148314013366241,-0.5731993004590179,-0.08724804643525494,2.5357596115570984,0.8144378740380047,0.812845335481652,0.8115305061549553,0.7486739335021154,0.7501085427751928,0.7481171601248365
50.0,50.0,110.0,-30.0,0.6189888705012546,0.2462642107116506,0.4561138236063884,1.1374223951917304,0.1130110102201435,0.6031171807969498,6.100724602594341,6.096154785187998,6.097693270886741,28.60307111273797,28.58631696003479,28.690221213241003,0.35280432941688006,-0.5489534965444219,-0.07169645613874448,2.3301943927168263,0.8078545690429281,0.810913154887207,0.8111253302213066,0.7730994194808974,0.772719289411409,0.7732560697807405
0.0,100.0,70.0,120.0,0.4387244962537433,0.1158257485234803,0.3047037165294926,3.13935875770405,-3.13877986055025,-0.20778471249006006,5.165844356459567,5.165383496912209,5.162674856405419,20.514534754769954,20.700085809893093,20.392253407329903,0.23689311930017304,1.4692631414517419,-0.0640636789892762,2.4635533947784847,0.7368710558948742,0.7339633931393578,0.734623715017139,0.6545210983702232,0.6533912023958883,0.65401204980782
90.0,20.0,110.0,-60.0,0.6243389465135286,0.244396275606255,0.45916416985748054,0.6212372319217493,-0.4235204123581786,0.0840251155906686,6.122867529843533,6.142182264136819,6.143198181030502,28.841779507216188,28.848190637223592,28.81266967364024,0.3523799367548287,-1.0846393649375987,-0.07826901347207911,2.4282435199209442,0.8230459729410861,0.8235335585093722,0.8229588338456707,0.7768391614289794,0.779492194410581,0.777048879377033
0.0,20.0,70.0,0.0,0.4198495747079851,0.1170324162309964,0.2998421054811101,1.7131656076009611,0.6488499152671817,1.159411831820804,5.182027336883316,5.185523421881107,5.189263695203899,20.63836646741667,20.66012402726173,20.753030149619413,0.22937194623189391,-0.09407973728696183,-0.05201175589952603,2.5470201511247104,0.7462483937108778,0.7473092901747613,0.7470240823726073,0.6561221853400103,0.6570755929091094,0.6565247487725556
50.0,0.0,60.0,0.0,0.3928619759838801,0.0823281556353009,0.2690790992069027,1.817583233019236,0.5809736361813844,1.1928112998787956,5.050397177508421,5.04040880872982,5.0332659235687,18.935260932866964,18.9557346735213,18.922034503113224,0.21213638273768498,-0.15024801971894625,-0.05492585482907684,2.611470743780122,0.7369873178972274,0.7352564427411415,0.7353694232765692,0.6392110274139574,0.6369810573630638,0.6382321129714168
20.0,20.0,10.0,-30.0,0.3007068340650215,0.0043354678225398,0.17410872709889805,3.135930005090967,-3.136825784610801,1.4398940522618944,4.116918484616595,4.118325585699582,4.115343165442109,11.46724663502692,11.53632618540859,11.456178390065235,0.16747844557847097,-0.6461123773782769,-0.03765992133611106,2.1357200938621803,0.613830786069639,0.6150265732159305,0.6115568480214905,0.5206621559656397,0.5207381089067559,0.5207178020117166
90.0,0.0,0.0,60.0,0.2756655435323746,0.179482812351148,0.21869062091584499,2.6574461616520626,0.7121149385510164,1.7531504740074724,3.4246089948754133,3.426888207570601,3.4267042854307523,9.346595340125443,9.354519819339158,9.35570816783745,0.1478719379651268,-1.7485972092756923,0.00823695914642859,1.447409292809549,0.5109367613391815,0.511019518849561,0.5121803245741773,0.4332430352550042,0.433519509534392,0.4332144319356458
20.0,90.0,10.0,30.0,0.3066743507583903,0.087081484684385,0.2123553717532606,3.1376631059036413,1.5997295022294875,2.3125562965721125,3.9932032801111133,4.005092762800461,3.9912839034557117,10.650471219462021,10.665899671653701,10.643548956784327,0.1384079885439514,-1.0928170205823577,-0.03770524809789127,1.9085570681974513,0.5792361563347235,0.5801469160554379,0.5791656244577789,0.5063087603130967,0.5059738873214792,0.5045038639063463
0.0,100.0,0.0,30.0,0.2529372337984105,0.1767110105458398,0.21673269506104068,2.4454241084434685,0.8425097912859131,1.7722405255698546,3.454026947373412,3.4678664554833034,3.4512062832579424,9.451764799960458,9.470433218467521,9.461486257225738,0.14712668270486887,-1.9831977281765731,0.008409707079841887,1.4795705889879531,0.51602958345103,0.517378511736191,0.5171101788135011,0.43813131692772006,0.43779694374626876,0.4359766580863766
0.0,100.0,100.0,120.0,0.5607588708071021,0.2152436013284223,0.41507536555433167,3.14074982031136,-3.137519879856649,-0.21654240536097163,5.792774308015525,5.777838931701751,5.776161990899259,26.482583110484676,26.47070040647844,26.598301336577663,0.31345671767085487,2.051670189079568,-0.07864472034795103,2.314665407417812,0.7868722414209791,0.7883549719237822,0.7877316399608705,0.7334599050815138,0.7315693927023111,0.7332603026028821
20.0,90.0,80.0,0.0,0.4710371707941808,0.1590385143599609,0.3401703678644459,1.6627111763822051,0.6664490475948147,1.1538812583070412,5.502262292940868,5.501223291938317,5.51061666254271,22.747806389002584,22.7163840514736,22.813573400650927,0.257322189214393,-0.07964278176958696,-0.07261204274328577,2.6563707029805146,0.7795180938821367,0.7819839553775159,0.7807403162067323,0.6963177875829664,0.6974828588534457,0.6975367644747205
0.0,90.0,50.0,60.0,0.3781256719730188,0.0252494397342218,0.24432156654239756,3.1395938972430786,-3.137185297178188,1.8762394810122778,5.038488455031287,5.037244812642546,5.056439419609372,17.472201061493756,17.505491239483057,17.48498325052832,0.2219686928179546,0.5033247994352609,-0.06806550086395664,2.7741395095378154,0.7372010529378049,0.7371909763575685,0.7376356432001993,0.6368359670598037,0.6390293320750092,0.6393028713829176
0.0,100.0,10.0,120.0,0.2675789801414426,0.1709660545716059,0.22538551353047784,3.140585995279028,-3.1408832946855134,-0.7702197400913664,3.709456285711292,3.7125054907496113,3.7152070013700165,9.778166758864893,9.788821868018804,9.782720374113824,0.10435320219550254,-0.9406183444759864,0.0039614373865645,1.6137289920838995,0.5400118191958166,0.5405734894891681,0.54124364566772,0.4692908436636841,0.4699810409332048,0.46964219078278197
90.0,0.0,20.0,30.0,0.2951915917024588,0.0172675634238636,0.1730066656302631,3.125286583456513,-3.1411257880886274,0.871853621375723,4.446961220317579,4.448610050014481,4.4536435605895655,12.863945671500923,12.929312832951604,12.937422257059263,0.18248719399505725,-0.10562681469343353,-0.04149144154026465,2.4585286582243286,0.6621844922819586,0.663964142256509,0.6645048417880471,0.5623546823301478,0.5632275314755129,0.5630077981806295
90.0,0.0,40.0,-30.0,0.3406520396731696,0.0034559734439854,0.21235135776235928,2.917133331910456,-1.972917587594104,0.7669002068834555,4.9576917149383775,4.956272940964122,4.961106279603205,16.074498762963046,16.218847748496554,16.06167063602988,0.20663221354560996,-0.38269230788081987,-0.05468127114737209,2.8671469237640306,0.735570383599202,0.7344498619442401,0.7361460795573772,0.62713852570397,0.627372570257935,0.6275633106682589
0.0,50.0,30.0,0.0,0.307411918264489,0.0345223801364177,0.19148093845536351,3.133469898782608,-3.1367461315748506,0.9041085170231116,4.779024207978117,4.763860268391464,4.772277410846563,14.65790132983047,14.669138388843658,14.620353239482043,0.2043935404013231,-0.21763319149068688,-0.048548795393759545,2.7690551983778913,0.712489979183959,0.7109324084266035,0.7112777824709843,0.603564631597489,0.6027197716592347,0.604669549525553
50.0,50.0,120.0,60.0,0.6552194291365535,0.2595888273054539,0.48606062700721014,2.714075863764758,1.6796139763719846,2.169528363628563,6.13880625710145,6.144373431158972,6.1398042282828715,30.656240016724567,30.63893755759576,30.62557540340528,0.3871550085214363,1.0300596040781518,-0.06874902254682999,2.0177574485932253,0.8069590325524276,0.8065650932186786,0.8058584194663339,0.7788157992231388,0.7789917836915842,0.7782733949972303
0.0,90.0,50.0,-60.0,0.3764258620127513,0.0211359074693856,0.24036690404100858,1.1804826613800727,-0.8220852376870263,0.17903755893691856,5.098942357385467,5.0968543633952255,5.099064768837098,17.539020381353463,17.693450293377573,17.678092174282675,0.21632759935673657,-0.6733556706803504,-0.05657825698435314,2.879090223079428,0.7506384022334766,0.7490166610701775,0.7489261471951448,0.6452427296398124,0.6451289525266112,0.6451993593719575
0.0,90.0,70.0,30.0,0.419717975557178,0.1338740266503993,0.30294937085369245,2.2098929729922534,1.2075284359531322,1.6834660541115194,5.069581481237095,5.079587051059294,5.066676805570788,20.537321762105567,20.533627520673996,20.517325096860368,0.22433266125558454,0.431617505153003,-0.05785405494138872,2.4009969706419314,0.7309260952016557,0.731255605962858,0.7307382613609436,0.6429549665689451,0.6425419560666988,0.6412579232542331
0.0,50.0,40.0,-30.0,0.3401080163731602,0.0034637379024017,0.21414608018207698,2.9857740471962204,-2.800169720956336,0.7217459016124801,4.963004542345542,4.969064075477344,4.97642917745763,16.176321552599752,16.242595694017684,16.246132270806648,0.2113841813330684,-0.39791312626516184,-0.05623542576168055,2.8929051685542855,0.7391217971071069,0.7378891288519727,0.739014930722703,0.6279479136474372,0.6296932299942636,0.628780521895268
20.0,20.0,20.0,0.0,0.2911901806533242,0.0381692495222059,0.17437291662615426,3.138157711390361,-3.1097169101516067,0.8092451765133423,4.5352862209774285,4.522102066285884,4.528428133372169,13.26689546798462,13.26483516910736,13.199480639376844,0.19160987673617785,-0.2895245467276538,-0.03970541100742663,2.579938004948487,0.6802208996698372,0.679623786078065,0.6784026262461728,0.5728497175181133,0.5719461452940363,0.573707904072385
20.0,0.0,30.0,120.0,0.3122755843258767,0.0065573904209397,0.19025919747487452,3.1340274845522376,-3.1389986686242204,-0.3436645460775785,4.643173688390635,4.629321496400752,4.640103845956511,14.250609278883331,14.308568650344064,14.259827222257897,0.1900914482880936,0.5091428822323955,-0.05555923236292135,2.5755740072256343,0.6904897919808393,0.6896748014091715,0.6887167824870057,0.5863559052083792,0.5859680035704037,0.5877239080572518
20.0,20.0,80.0,0.0,0.4744718282784899,0.1449578062935766,0.33987413059587457,1.674523059764614,0.641973112727737,1.1537807243521294,5.562995800635113,5.569731343781152,5.559849735775569,23.206643345545416,23.173854105559965,23.083571498641078,0.26120860969593096,-0.09016978689478622,-0.07290049558772037,2.825716212220341,0.8026966112154063,0.8003488676779922,0.8022823250060316,0.7051493061295782,0.7047486366272441,0.7039481644834421
20.0,90.0,110.0,0.0,0.612737744788616,0.2474581547419208,0.4541154814728024,1.6506968003330955,0.6506318755309343,1.1285034587039284,6.05034927025192,6.049225713050962,6.05330140603881,28.566410409532324,28.58937871595113,28.6356955098386,0.35129711826328763,-0.026791943516055444,-0.07180088209539866,2.2723894822959063,0.803715079225966,0.8067806331532373,0.8051950962742312,0.7667727672747974,0.7671566762125082,0.7672242070214245
100.0,0.0,110.0,30.0,0.6235266926392434,0.2372116276099997,0.4564751750204048,2.179076163952679,1.1750374777878354,1.6533482989301993,6.1472523062295705,6.143001989947841,6.140243132797962,28.81194166017921,28.822565963836205,28.805571784883924,0.3509426477784333,0.49234099916050217,-0.07207751203745266,2.446452203661391,0.8251445304554283,0.8245639497562223,0.8239822569048549,0.779179653847669,0.7782185296218238,0.7787991317670244
50.0,0.0,20.0,0.0,0.2921492231633176,0.0344585762981019,0.17464980578913225,3.1410446911550225,-3.139906554815089,0.8335479467419299,4.4964700462859435,4.5034514069437455,4.495897733274138,13.159447724873033,13.190410356080465,13.190162859564278,0.18918582431807107,-0.2645969769640169,-0.0419631684729954,2.5398723801814986,0.6744968777196788,0.6745265761332669,0.6741157025327887,0.5693175068115659,0.569381569163536,0.5683821036097664
100.0,0.0,70.0,-30.0,0.420937160989294,0.1487018482689643,0.304970298496519,1.1562031789183913,0.1707158373330453,0.6460034285970322,5.18526299842857,5.185316507657747,5.1852544682562876,20.681249919983,20.68970957430374,20.715366312085965,0.22340380245739305,-0.6330388064182702,-0.06671674529999184,2.538498761532389,0.748174987593899,0.7486614960666506,0.748951188680964,0.6565220776672229,0.6565467795344562,0.65651314960637
20.0,90.0,120.0,-60.0,0.6700864848347199,0.259138852030757,0.4920857091162114,0.6289164915868924,-0.4355256109286888,0.07360683720280324,6.259619966196319,6.257415506175412,6.263807084324259,30.785947490690518,30.79252980184468,30.76388031456512,0.3882579225899154,-1.0687853419454039,-0.07319345173837657,2.1878170343285515,0.8237378765124341,0.823325849438337,0.8233784178406134,0.79329973253697,0.793871960423856,0.7941274608853984
90.0,20.0,30.0,-30.0,0.3064664209958186,0.0283447387382603,0.19137754728903605,3.124047703062789,-3.1275310357801938,0.5716414800897458,4.809343459177178,4.806650162345389,4.81940915987796,14.796446719890465,14.810909039735467,14.771468984021208,0.20336810815013268,-0.37945141777853353,-0.04819174018630183,2.8255462369414692,0.7195148986249184,0.7187047218567962,0.7187775695305184,0.6077843630184501,0.6090398778285797,0.6093678455361805
20.0,50.0,20.0,-60.0,0.2936165059365999,0.0222742356686233,0.1757242437079051,3.10559023777696,-3.1307198774876475,0.3336862642990529,4.448715568135357,4.44980169619712,4.4604160359916865,12.960407530668132,12.95824922165031,13.021383479791105,0.19188695712796805,-0.3514829112814299,-0.04556689252859351,2.463224441073705,0.663216510210265,0.662529282264679,0.6648435790891537,0.5623884949150689,0.5638369862276711,0.5636589134203845
50.0,50.0,120.0,30.0,0.6578541839593861,0.2592094448769306,0.48719254723807587,2.193882104923732,1.152098855643756,1.6451848873072301,6.169753137427628,6.178606828661949,6.180479100605531,30.675504785559063,30.705697842863927,30.69153580220623,0.3877412063993783,0.5063296265948375,-0.06753937546310056,2.071057169331053,0.8111596486152001,0.8117457663747941,0.8116897596515515,0.7826372747959426,0.7839862767977697,0.782855199389452
100.0,0.0,20.0,-60.0,0.2982886569428662,0.0130827035874685,0.17401090369393718,3.1348314614865544,-3.1179242119582966,0.3621239909188533,4.466119149631345,4.470095695822585,4.472549523401526,12.95958649152689,12.913437812356666,12.922292864734597,0.18811684696090208,-0.34344557997126707,-0.04214076079298517,2.4774768713575157,0.6646793858770449,0.6652299762992929,0.6651982384910088,0.5649676043137878,0.5657630137994274,0.5653414502147255
20.0,20.0,120.0,0.0,0.6608052930042818,0.2579462172688717,0.4875525319382419,1.6813151667095474,0.6196607525704552,1.1214554851724565,6.157996694201392,6.163891326370362,6.163104175776511,30.705405656384077,30.728852332410202,30.664142178736704,0.3886030815436962,-0.019941869217704918,-0.07215007276299497,2.0570516625828454,0.8113098424680626,0.8105116472997348,0.8109535282417752,0.7811250437825809,0.7817084891872407,0.7810175117641479
50.0,0.0,60.0,120.0,0.4115246320301261,0.0562756156568281,0.27046882355781804,3.1310312644410088,-3.135737692884032,-0.16062734067387513,5.254407978862781,5.257743565362388,5.253976315965868,19.238562575806448,19.2593654447615,19.27601354922551,0.23628512950631858,0.9053684650179571,-0.05873061976865918,2.8604914378915502,0.7605500074589899,0.7610394331607249,0.7619022878510334,0.6654437140609744,0.6654079627435135,0.6648743218373486
0.0,90.0,0.0,0.0,0.2548167937184602,0.1695715412270017,0.21664599956141548,2.622474833788229,0.876978034096793,1.912140433415381,3.4651462008242273,3.4728530566061795,3.4563854170648427,9.466670754534967,9.46551864396466,9.445819429956439,0.14697125056832613,-2.0942008254933526,0.008768797283964508,1.4774680433484315,0.5161214498733737,0.5170665127419791,0.517479075047583,0.43929720330794103,0.4381787699885234,0.4371677671768736
100.0,0.0,30.0,120.0,0.3229348897880073,0.0051626142968026,0.19506433802096146,3.138060394238396,-3.137611647295606,-0.37836575454750015,4.575282651757802,4.559810664683322,4.5728656784596735,13.98773883448299,14.069866572918576,14.04463476914119,0.18711492972066354,0.48400647260012414,-0.059272906194806074,2.4754028992235115,0.6769764148588171,0.6766558816093272,0.675560793524019,0.5776713207097637,0.5773084251319741,0.5792829264509896
0.0,20.0,10.0,120.0,0.3007377342600688,0.1535878204026944,0.22914464544114338,3.1409859015279427,-3.1407718139180094,-1.4539128380846693,3.7023056437651567,3.698689228049212,3.696680050917479,9.666689590291222,9.60648125038497,9.659722014189185,0.10625575042095652,-0.8848908173255435,4.014759378603381e-05,1.60211035803639,0.5352386029703874,0.5348101898205051,0.5356536038765499,0.46830311731438784,0.467654536646939,0.46804571725796756
100.0,0.0,10.0,-30.0,0.3101498465692571,0.0160189467198101,0.1849634856730439,3.1405457961762875,-3.131142197203018,1.5630366946217835,4.077771333149144,4.08917549387206,4.080358678387494,11.25685025827044,11.234872288240574,11.261791170766823,0.1619113920371964,-0.5952666235968669,-0.04110056987166804,2.066638560891751,0.6020711786619439,0.602983674891922,0.603620448633489,0.5167719685054374,0.5169750588245791,0.5154066446173131
20.0,20.0,110.0,-60.0,0.627808936830052,0.2445287344931499,0.4587510137839123,0.6172758464233633,-0.4246411418028755,0.08265558472785549,6.143693359324583,6.149217875108691,6.142791195984637,28.79789678731344,28.83656133789747,28.757056299158503,0.35289478639798116,-1.084500139526168,-0.0746129386017189,2.4369240953635996,0.8234413572869246,0.8238229095489032,0.8222425046536982,0.7792049369554529,0.7791059384332003,0.7784473130253504
0.0,90.0,50.0,30.0,0.379597681603758,0.0281138539447757,0.24567755491766272,2.685981300319153,0.8230990409149145,1.7575939309505206,5.056323946818633,5.074754558563757,5.058666192569106,17.5958870945378,17.587263919491594,17.535746715651754,0.22090494832663016,0.17090439443541963,-0.06608459427329759,2.810484439577523,0.7418678902168143,0.7412442639540496,0.7427172772062695,0.6413838264983615,0.6416628547194355,0.639324330487396
20.0,90.0,100.0,30.0,0.5689678958628434,0.2132654397295387,0.4190966772006559,2.167878565968608,1.1900622937482004,1.6559150507464586,5.929481277864635,5.945576005689367,5.941560894085398,26.94753611144062,26.845023411784204,26.856580330206835,0.3167689383542736,0.4802738901482626,-0.08205876929958096,2.5935764036160562,0.8177795618163203,0.8171903397044907,0.8187882956515854,0.7520885879165813,0.7537697316819253,0.7516943082853108
0.0,100.0,90.0,-60.0,0.5310052793941523,0.1831204679054633,0.3853820601196386,0.6237943976863487,-0.3963324888752137,0.09988487755742886,5.793965733178778,5.789786476122799,5.794137756670338,24.65583573110032,24.93755141592048,25.03617528148719,0.28565377473188064,-1.1187018849731776,-0.08171646506554157,2.7200911118372226,0.8088939190013857,0.8113719907618008,0.807189318280133,0.7338076654440627,0.733814120800613,0.7337528160616195
20.0,90.0,60.0,60.0,0.3971530070163996,0.0814203932111723,0.27228630683645894,2.890677541828774,1.6480057936239003,2.2519991333643627,5.01702176574168,5.013828278398786,5.0088529930659895,18.894141504188312,18.755582154277842,18.85524838772575,0.2162949013802757,0.7493301726259823,-0.06529576499272187,2.543317390355262,0.7264265647066046,0.7290841757534804,0.728272480549252,0.6349699089859507,0.6341817328496122,0.6347135476987915
50.0,0.0,60.0,60.0,0.4070787225604803,0.0629455583457017,0.27019869536558916,2.962860602805156,1.5139422115496468,2.2327141502854686,5.189753044937406,5.19034786725699,5.190134568385363,19.223405237563117,19.306780808661937,19.07241762904578,0.227925730056262,0.7141588564982356,-0.05558897767773473,2.793508716281002,0.7554369229225385,0.7539802979785277,0.7556438744214818,0.6570616253684745,0.6566639619280032,0.6571568819744082
0.0,50.0,0.0,-60.0,0.2688845232676308,0.1732953323907179,0.21831513747433312,2.8608514653870056,1.1538213746079409,2.0978707924647533,3.4245127234138146,3.4323491642193904,3.418552675938987,9.388594699739777,9.37343712088642,9.358224682214008,0.14792565105024028,-2.07574029022514,0.007785800372943345,1.4604857069374675,0.513003603425133,0.5117918378222047,0.5118860575665758,0.43403045072897795,0.4333004410439886,0.4322016053910413
100.0,0.0,30.0,0.0,0.3074772986116178,0.0290345144089827,0.1911033604892907,3.1126315230175905,-3.135099758632293,0.9289417139292804,4.767592182881484,4.774425881193463,4.76615275491135,14.75562158193452,14.699304205674677,14.705864749765782,0.20016173833510634,-0.22592125741510588,-0.05036297249617201,2.777908616069448,0.7138597776062447,0.7147550640058161,0.7136048586767165,0.6037247559438681,0.6036216056924298,0.6027168347504411
20.0,20.0,30.0,30.0,0.3030647088638134,0.0368086468631172,0.19030958701774547,3.137353046851754,-3.12891643301638,0.947934803117569,4.828212858058899,4.831237982843486,4.829073663633903,14.744179289037119,14.747409330307612,14.832965846573199,0.20621042017449676,0.03594220363408935,-0.04563885590514107,2.8390950859752104,0.7181538024200614,0.7204104056201005,0.7203297685660714,0.6110448301381459,0.6111108954468734,0.6107818209836883
90.0,0.0,10.0,60.0,0.3077195514675074,0.0583592673935118,0.21865364947019245,3.137090571387929,-3.14121259569362,2.00421716164871,3.894368938440367,3.889249736980926,3.8864959022019625,10.248468784242133,10.210065614920964,10.340012906237657,0.1241333508670557,-1.2278694585944114,-0.027330295446965892,1.7982444731204517,0.5636948903436166,0.5647144585640521,0.5622389223757146,0.49255737930419263,0.4915435726481116,0.4922588492863635
0.0,20.0,40.0,0.0,0.339733249805785,0.0065711439396115,0.21484747054751344,3.139335728531841,-3.1339386867147723,1.1014783109980462,5.009825986467591,4.99664513572672,4.995827006056767,16.30635990999978,16.290413452567208,16.288515585394236,0.21632601470627819,-0.18031633375775355,-0.05391393389082937,2.9417321911169485,0.7445076857108265,0.7445967686239933,0.7426035450085406,0.6333172533240777,0.6316434359753388,0.6333173835352123
50.0,0.0,120.0,0.0,0.6613144073446822,0.2576968515874016,0.4874510748775672,1.678956956869022,0.6171851277961663,1.1214745818818437,6.176544118542673,6.17510194096606,6.1747338240531064,30.689764833044467,30.686818412108842,30.683742787447255,0.3890727921907702,-0.01853719876608031,-0.07018419261865005,2.0675692459734916,0.8113889256452669,0.811918171806946,0.8111944238202182,0.7831215657654306,0.7829258720177137,0.7831301496958423
20.0,90.0,0.0,-30.0,0.253369247870915,0.1738769832178484,0.21696574146959463,2.4329347695665327,0.7731447590796892,1.7013433504800628,3.4462959263790305,3.435408140076702,3.439015787610228,9.452844727364635,9.431983739121756,9.39958618317008,0.1474115530065688,-1.854181972948303,0.00807359378318103,1.475639578705814,0.5163639694389968,0.5153193325269716,0.5159382967823379,0.4352557672798113,0.43434672527743656,0.43573770939848816
20.0,50.0,70.0,-30.0,0.4164717301234741,0.1410891340006308,0.303205366463468,1.1402251220613984,0.1716447228777216,0.641951958949346,5.132855806671439,5.134076451126592,5.132341929310031,20.600156658716617,20.616615759861915,20.6022789973976,0.22319448958933558,-0.6255944079798865,-0.06167357661894104,2.4756022194893164,0.7410646654539613,0.7410194881535407,0.7408336972505807,0.6500340308119916,0.6499527382577412,0.6498111034240548
50.0,0.0,40.0,30.0,0.3382129587420253,0.0093859925311081,0.21263112578793442,3.122872680684233,-3.136602395807972,1.278086727477837,5.009377788690326,5.005691187916067,5.014072785676521,16.17994857415759,16.215283461847267,16.25945904024326,0.2172704357515768,0.09898567533436652,-0.052045811868385444,2.9282863520113662,0.7402173615733999,0.7411091134983695,0.7418863971514047,0.6334079633209226,0.6339578148511903,0.6344417994724477
0.0,50.0,0.0,30.0,0.2688845232676308,0.1732953323907179,0.21831513747433312,2.8608514653870056,1.1538213746079409,2.0978707924647533,3.4245127234138146,3.4323491642193904,3.418552675938987,9.388594699739777,9.37343712088642,9.358224682214008,0.14792565105024028,-2.07574029022514,0.007785800372943345,1.4604857069374675,0.513003603425133,0.5117918378222047,0.5118860575665758,0.43403045072897795,0.4333004410439886,0.4322016053910413
0.0,100.0,20.0,120.0,0.3144368503424997,0.0077062267617059,0.19461534080642123,3.1414861440255994,-3.1384455556138464,-0.9222803630496713,4.26473293082903,4.253803080474721,4.257690023232683,12.015715099074612,12.085676924354651,12.088022695274526,0.15924906239112005,0.2542562813758779,-0.05105469214139831,2.155209504793299,0.6251742306951937,0.6227079776422099,0.6225408488147381,0.5390971600495998,0.5381199361191983,0.5392165525867831
50.0,0.0,90.0,30.0,0.5259767336663719,0.1697124687334086,0.3791655808158413,2.1960844839967586,1.1667105469010153,1.664706545646773,5.850063046667131,5.847383873583096,5.847538653701921,25.105195865087772,24.85283210661334,25.274583927702253,0.29186971529108474,0.45853695308675096,-0.07302237576465843,2.8570715623942533,0.82075137887739,0.8248153814645373,0.8235046925025222,0.7405756116719728,0.7410455664208369,0.7407758378718865
50.0,50.0,100.0,30.0,0.570297143217747,0.2140973651328649,0.41973114513303655,2.1711291085172326,1.1868044954464387,1.6537019122231977,5.963537980385957,5.9815190703635075,5.980296948144849,26.83135804611349,26.813928740179435,26.851080865725507,0.31717175333586745,0.48447957123701807,-0.07633982126005753,2.622416202942112,0.8193397702520756,0.8198653169463207,0.8187535743468315,0.7564954559707298,0.7586924141220621,0.7562283640097017
20.0,0.0,120.0,-30.0,0.6669712880458629,0.2570737586917516,0.49146322095978734,1.1492641369037166,0.090661580348815,0.5967037464177205,6.229566031379285,6.229301581492116,6.232182364655413,30.75852904850297,30.75968054939312,30.711573842971294,0.3879586029851816,-0.5453106231825439,-0.07385715068141385,2.1437891802123743,0.8194792493398697,0.8192200976176804,0.8188650760665779,0.7897474101634229,0.7900739052184035,0.7901209051663521
0.0,100.0,80.0,30.0,0.4620509262261793,0.1634982504997897,0.3370873982256978,2.1755186964752578,1.2190654163074968,1.6803157634170796,5.368338671377166,5.363704291775414,5.368351093239207,22.540400926275247,22.53115725906632,22.599982906393336,0.25529213498259135,0.43706262390702466,-0.06466594101485085,2.4745844785773192,0.7591593735889213,0.7604821001619531,0.760619453807658,0.6795056208413257,0.6795383871382387,0.6801713735057563
20.0,20.0,30.0,-30.0,0.30723930868929,0.0275295632264876,0.19268142062910515,3.121363310194901,-3.1190652077047383,0.5716755026643712,4.804136188355488,4.805044793437068,4.819895027846968,14.79943692106838,14.82593619321712,14.774608319897927,0.20407017403518857,-0.353167238478429,-0.048105102591706604,2.8248495638446665,0.7194898862324762,0.7185809592828726,0.7193491636716629,0.6072118068639307,0.6091847130647702,0.6090434861633641
0.0,100.0,120.0,-60.0,0.669399338915384,0.2594512825594671,0.4924443778148375,0.6246727526603567,-0.4329003319956702,0.07365920764974322,6.2518297081984455,6.254294846537514,6.250935541333507,30.767895878098795,30.755514210940063,30.756277154870396,0.38775877510145207,-1.0703785165654696,-0.07582722703605434,2.167335953031721,0.821812292656652,0.8218506467476046,0.8220132760809172,0.7929301926110414,0.7928405937774025,0.7925051790930004
20.0,50.0,90.0,-60.0,0.5344331232572357,0.1816232105865583,0.3851120863222395,0.6247978490853807,-0.40508667348177,0.09760119193322864,5.876899705096429,5.8803825364973665,5.874971484123996,25.197546291416373,25.08255804834499,24.815355684612513,0.28906549618802585,-1.1169815645650338,-0.07975569078818773,2.8574647952734136,0.8236872598942819,0.8211439021030594,0.8240926980121238,0.7447275743815817,0.7442591863760265,0.7445223460553217
50.0,20.0,70.0,120.0,0.4402311946711975,0.09758361899849,0.3013501233399461,3.1411441565227007,-3.140064638483492,-0.18206828870881703,5.261542807199677,5.271923611795998,5.263779835938161,20.760736222119398,20.681083053865795,20.936429449427752,0.24109220292177375,1.3429535016053116,-0.05177477657393062,2.6428874732761267,0.7530982962268075,0.7562210369124694,0.7554634731286712,0.6668688521648902,0.6676744131510656,0.665706226012334
20.0,50.0,90.0,0.0,0.5273617602533144,0.180438470516426,0.381401838711051,1.658341449684717,0.6597014741236173,1.1440650449799152,5.83065624780019,5.833526833900704,5.828659685508982,25.22052763916897,24.83071551326933,24.8947834871201,0.28942650340647635,-0.06693045627674872,-0.07671958015902607,2.8018245820693695,0.8165515609218763,0.8163483202544823,0.8190009135604873,0.7385063385283481,0.7386323222464273,0.7386828361690029
50.0,0.0,20.0,30.0,0.2895021482276246,0.034005784268919,0.17212355224264764,3.1409693337089144,-3.1390975939219365,0.7709129065506609,4.492841649511454,4.493753333548548,4.50460875196627,13.081152451549318,13.115432541764749,13.15335351313067,0.18734024326804527,-0.07508934655076356,-0.04087769515797708,2.5276089453607775,0.6719596928193694,0.6722526098045425,0.6731742177850338,0.5678910619707266,0.5694358652402706,0.5692631291851725
90.0,0.0,80.0,60.0,0.4687115649315033,0.1383518876368919,0.33741405442467465,2.7243612518518243,1.6802179286878869,2.1928893556069906,5.461991352719239,5.45585807535743,5.459284684605212,23.021094151754415,22.99314961738473,22.97897879240249,0.2590803382673728,0.9700882774927536,-0.06339859657877125,2.6856589004658318,0.7853262603942708,0.7847031573561191,0.7860437673218486,0.6913025374451977,0.6908956156788236,0.6918674061346766
20.0,0.0,30.0,0.0,0.3064949175068912,0.0301363326421153,0.19191345631552423,3.124661156803965,-3.1245568943312327,0.9142909946245021,4.803914047059576,4.804131595597686,4.797850934044026,14.841157791542992,14.812946247099761,14.80331692323199,0.2026523341169585,-0.22297454530186506,-0.04901824037755402,2.8249056619063224,0.7194499433677204,0.7203504709300703,0.7189802715351659,0.6079338922848412,0.6072391832031198,0.6071920742071426
20.0,90.0,90.0,30.0,0.5210772657153416,0.1842866124677211,0.37955072268691226,2.177416639618637,1.1879449719610546,1.6689830291699896,5.7261471838687275,5.7262329653367985,5.729898327370118,24.631855113202583,24.942523361486117,24.990031153624862,0.28684156894909146,0.45586464151864875,-0.07754734249678913,2.6548910723687325,0.8029771926353947,0.8034395048484396,0.800559985420976,0.7255436645773667,0.7258441535829256,0.7252322228190585
0.0,20.0,40.0,-30.0,0.3398387877948163,0.0025971033123157,0.21348367105760582,3.059657747177843,-3.085766545724139,0.7008886886054551,4.988704311229774,4.9888699013771705,5.0020450972086845,16.222734323788856,16.33001099444686,16.271903682264707,0.2117568032418124,-0.3872399976188148,-0.05476820832704749,2.9255120128099175,0.7431023901805929,0.7408447432654351,0.7433302990593357,0.6307090608855087,0.6323742187985427,0.632216948665931
0.0,50.0,30.0,120.0,0.3254599117512645,0.0029906825167054,0.195293001902108,3.139394906539036,-3.1355946239183776,-0.42092427415321143,4.566540220396532,4.5756026052728895,4.56162361149407,13.926060535666565,13.999463830644975,14.058163017789733,0.1914149038453463,0.5108196490380356,-0.060899784912444715,2.471057175797648,0.6752986690370542,0.6767774892029441,0.6749864255084513,0.5787453115276165,0.5780953171408733,0.576855668394964
20.0,20.0,110.0,60.0,0.6171224679093396,0.2392530589886982,0.45492938789698956,2.693160906108767,1.7057138051002283,2.175595658876527,6.110817314436663,6.110519326299145,6.1088130693289076,28.720382694235784,28.714435101665508,28.725323413074058,0.3502652397866618,1.0190259699358342,-0.06939990737167016,2.3873762244337904,0.8179447053806856,0.8178937378085344,0.8176210618005002,0.7746606920441987,0.7743937029731733,0.7744099706354219
20.0,90.0,30.0,-30.0,0.3084138415098368,0.0236483961577824,0.19225027527190464,3.1132751065925954,-3.070872051446453,0.6392550181518677,4.727279024966926,4.731576671191684,4.74512275201546,14.605024945754534,14.626204913107713,14.594914955957583,0.20135552845976348,-0.362221035085908,-0.052890114511035105,2.7213865823773618,0.7069179242964854,0.706509752273261,0.706561424552285,0.5976953907171592,0.5999334967044455,0.599369329392718
0.0,100.0,60.0,-60.0,0.3974672355626593,0.077346652984871,0.2690501408010834,0.7838535958960191,-0.4847875967914532,0.1405990462712431,5.0277804174337,5.050300115309695,5.033875811152618,18.980978218180795,18.968987538514327,18.949228624334562,0.21000614467398218,-1.0444808378123056,-0.05302191778744707,2.611648026201666,0.7361442851800598,0.7369402936795109,0.7359772754016713,0.6379979624256773,0.6389069965823752,0.6360325145901198
50.0,0.0,40.0,-30.0,0.3409494192241398,0.0016752773338478,0.21292455464196594,3.0282115437435237,-3.0046009995767564,0.7315437620681344,4.980027552337807,4.974580093731847,4.985028779610724,16.220762229128766,16.179674262232588,16.10097328506294,0.20986722946296063,-0.39454615783332153,-0.05487930916066147,2.894491921681854,0.7377011557103099,0.7383288797491961,0.7384578859486715,0.6294939542731699,0.6299890233777283,0.630846137804693
90.0,0.0,70.0,120.0,0.4347875374732493,0.1107481099337168,0.3004488228640414,3.1355218471819177,-3.139882578848772,-0.24458827062038,5.219568424125571,5.237160366794644,5.226676079780872,20.666943471398113,20.69065170836153,20.718474040674458,0.2372250487621981,1.6351199896570499,-0.050908924193883875,2.580695572134997,0.748210585037409,0.7485439741893173,0.7489671176592612,0.6621274492265439,0.6630477521553937,0.6605892651574287
0.0,50.0,60.0,-30.0,0.3914479836432628,0.080758525964011,0.26986588673608136,1.335010141658219,0.0462999342915718,0.6607947907482306,5.021426188818792,5.028409616189314,5.028961184987246,19.015718441667765,19.050053276271246,19.030006494896657,0.2098698122563677,-0.6216856204016494,-0.056363525034563836,2.6167089012683573,0.7374907139858711,0.7376533814421163,0.738068561650871,0.6358990749910579,0.6369089162943377,0.6358679037890667
20.0,50.0,90.0,60.0,0.5219827819524229,0.1808487731855689,0.3783637957917625,2.700359333858468,1.7216670768793512,2.191695848298639,5.717497482303386,5.715733961732399,5.720673439223025,24.62616758538845,25.01165107479229,24.947534269627784,0.2871867960318965,0.9812036033597145,-0.07621962204151041,2.6477058394647703,0.8025400679902115,0.8028545432108377,0.8002794001447588,0.7244305340562828,0.7243895884528532,0.7241778599810249
0.0,90.0,30.0,30.0,0.3075156148847173,0.0249133941804673,0.1895931660281491,3.133695058543021,-3.1193791935830086,1.0144074027493806,4.714324326341608,4.713096594098192,4.7115353085919685,14.416514322020605,14.449333052383412,14.403745394865057,0.2008111274439564,0.036112561758485914,-0.05340109271403376,2.6683047921853866,0.6998327990779565,0.6989637633218257,0.6993536173885684,0.5964370770974686,0.5960534203399751,0.5961810213275229
20.0,90.0,100.0,120.0,0.5599686918987062,0.2186075113968368,0.4148173146753834,3.1373456149488628,-3.140401557079406,-0.2748704741644572,5.773739205557726,5.7977119484844035,5.793960664102315,26.599449630322404,26.637116962859483,26.632582160370312,0.31423269724522457,2.040412571443356,-0.07971646495105573,2.3459021449299073,0.7920703760572015,0.7938242730207874,0.7924082453270846,0.732823009263225,0.7354499089743333,0.7324455874648762
20.0,90.0,90.0,-30.0,0.5317324515966506,0.1875088008654314,0.3849428771140859,1.128989391063254,0.1461115868007731,0.6242368537433884,5.741687028813704,5.743838431146412,5.7445973910964145,24.639967710278498,25.031570110253174,24.735699501785863,0.28404120005726474,-0.5948648989580156,-0.0835429408662856,2.6466090026445888,0.8036717188986627,0.8023923706757534,0.7993579324299068,0.7278494300033902,0.7275731730094394,0.7273189854991462
100.0,0.0,110.0,0.0,0.619656304456706,0.2451447651732147,0.45721385440671203,1.6594366434503394,0.6418575085101805,1.129787827086376,6.091552102475105,6.0973128992000785,6.070903278787274,28.827694979206154,28.763095398691565,28.737700673355125,0.35039288781196093,-0.03130851663278393,-0.07529708098456817,2.3614605866184917,0.816077817200175,0.8162885099028958,0.8161901772822421,0.7734417008781992,0.7709138764663176,0.7702042642415375
90.0,20.0,20.0,0.0,0.2887662356448834,0.039236411135029,0.1740598498112465,3.1399860699171787,-3.1125000798443296,0.8202898854808243,4.5374792972660005,4.531432283136362,4.53088390620226,13.294304456691544,13.284366683358234,13.271414961190493,0.1907664596829507,-0.26826594680381394,-0.04008770915978674,2.5899163987633798,0.681565450906619,0.6814042967576508,0.679353663233266,0.5736374519958788,0.572883287581857,0.5736917105813879
20.0,50.0,120.0,0.0,0.660676582180824,0.2577430721603776,0.4872795291151334,1.675720930067195,0.6207969879663957,1.1222965510961396,6.146446342982436,6.140832215128479,6.141443081527586,30.674739004799406,30.71141809616632,30.71419582454378,0.3883466548689783,-0.019877365810195623,-0.0718167662776851,2.0325285891816756,0.8088074830850589,0.8089190275233509,0.8086212106356031,0.7791457288774822,0.7785121258250834,0.7792023419739263
0.0,100.0,40.0,60.0,0.3425542626770915,0.0053909902905369,0.2129042614133603,3.140731532968216,-3.1358678863709457,0.8819248735511378,4.936569871677274,4.935874838854647,4.931936196403929,15.952975200826849,15.980781681138678,15.936121553619056,0.21657527563649823,0.3824898719217575,-0.06254094403298659,2.7985415497998214,0.7263026978610092,0.7251147843161476,0.72698877015452,0.624836885998395,0.6241978464429104,0.6242109252685343
0.0,100.0,60.0,60.0,0.405819883405219,0.0721545548879864,0.27293635233829205,2.943220378819843,1.5927363493548363,2.249764352853139,5.109448958943357,5.108885161359154,5.106252839778754,19.121753206082428,18.865073168087452,18.989334526070007,0.22458179767946967,0.718931940517585,-0.0654140087886479,2.6568441281584687,0.7389513019088231,0.7399512589552736,0.7406085212762048,0.6465228223357149,0.6466362346579866,0.646691825787246
50.0,50.0,70.0,-30.0,0.4181543973408159,0.1432780460380426,0.3032102859769801,1.1461944206226022,0.1723754799065628,0.644021948506567,5.145677633247144,5.145918701224786,5.144889248708782,20.623218839736456,20.63780147891548,20.630034772828964,0.22377684523204847,-0.6282838187438489,-0.06319813698450955,2.4909770022986595,0.7429155410818953,0.7428888890475087,0.7426755668412954,0.6515825470116869,0.6514727587992575,0.6514324827955215
20.0,90.0,10.0,0.0,0.3093945931138112,0.0411826670072898,0.19393629542029878,3.1382455295353644,-3.1401227517265617,1.9782375555285339,4.072423771817952,4.077272760185326,4.075630641351146,11.075222110257844,11.035324181475005,11.071820919809806,0.1572897424732662,-0.7121978197334528,-0.042688903019535006,2.0183351443963304,0.5963556480683011,0.595884851000626,0.5978764743897361,0.5156682992618085,0.5157798683714276,0.5151972918972624
90.0,20.0,0.0,0.0,0.2893625697600522,0.0882834101181298,0.21917804107602445,3.129796406928094,-3.136731702461905,2.2241361332340115,3.446733916469654,3.430633662576224,3.4361940043928594,9.392210470294744,9.432355731302405,9.383631651182036,0.14977924842206727,-1.918229172743122,0.007462253148930003,1.4858295087395597,0.5139234409536744,0.51355881187263,0.5130260874998746,0.43498367212193434,0.4337234330078309,0.4356855518360311
20.0,20.0,0.0,-30.0,0.2910528133209361,0.0907102603907754,0.2191955217349998,3.1346596193327745,-3.1228870539205063,2.2095720287341507,3.453702413441625,3.439280252863343,3.444280620929897,9.366397633120657,9.442076492101435,9.429376817636511,0.14978702960543475,-1.9327352421396453,0.0075701533408211105,1.4879873000324446,0.5147106708553354,0.5143779208205069,0.5134383014863502,0.4359442575525487,0.43480571044615357,0.4366374052861057
20.0,50.0,50.0,30.0,0.3795297980425465,0.0268046352320364,0.24432063749276667,2.69447387925195,0.8022545306788423,1.7499460339166497,5.09517721373526,5.107340321031061,5.102507942210372,17.631779267945582,17.608092817295987,17.58426759514331,0.22246565595762827,0.1893437500386257,-0.06271599792276777,2.8567602486679657,0.7467562827292894,0.7457266172412172,0.7468697473064259,0.645568003495184,0.6465366875431429,0.6449099582056628
100.0,0.0,10.0,120.0,0.2633904246408992,0.1814585163790378,0.22932038780455458,3.141551555438193,-3.140542540701843,1.3369712952163646,3.6351937160854293,3.6302969509532823,3.6333074182089433,9.544253843206333,9.568136192314661,9.513831703889554,0.10455595218936534,-1.2050632234450689,0.01716778369735547,1.5463379788657052,0.5298282684682148,0.5282772687109394,0.5282409405471031,0.4595429569162321,0.459298676812889,0.4598857626932487
90.0,0.0,40.0,60.0,0.3391050972825161,0.0027062992540233,0.21235186247447177,3.130346085331451,-3.139437034098459,0.9233825837012306,4.971226392009431,4.973985823887587,4.9757184276189355,16.139027444931504,16.11680855104176,16.075851253516955,0.21301730541510622,0.4188016963836016,-0.054979653940532176,2.8720957452442524,0.7357409489968895,0.7332309715712321,0.7353131481751826,0.6291203798774704,0.6296620232000897,0.6292551244813422
20.0,20.0,50.0,0.0,0.3773494282232282,0.0240225244672987,0.2415765624015436,2.182532939216567,0.2547999848088064,1.231194611081203,5.134525196357014,5.128354932518015,5.131154997745848,17.644857465593347,17.63240677492866,17.728024134408315,0.22125753323128822,-0.15126907662396963,-0.05788944723656783,2.911101352577759,0.7536258385754664,0.75255760966534,0.7523225114064604,0.6494229763731879,0.6491236294287314,0.6497070329210755
100.0,0.0,0.0,120.0,0.2756940777113807,0.1779091896215913,0.21867822329318792,2.692271010433527,0.7857139397707507,1.8185480440071482,3.4260732941888086,3.4281327495383116,3.4268365866081507,9.339908732307745,9.362943714265718,9.359984235210765,0.1478828990471134,-1.9317102071540886,0.008291619025785426,1.4474538522960076,0.5110348226171381,0.5110427849653155,0.5122267715636732,0.4334653234129311,0.4335735074340204,0.43330028081638544
20.0,50.0,110.0,-60.0,0.6254542151830673,0.2423630627258076,0.4583805737922117,0.6159694324971647,-0.4198869568873029,0.081543495927538,6.174442885996292,6.174396290900738,6.166752652774372,28.767099662085045,28.821580509524576,28.75492282452383,0.35347596309514107,-1.083175829642061,-0.07155766823320546,2.4727173973454777,0.8272271679654415,0.8267451454135303,0.8249163575287534,0.7829062221425858,0.7819321354713284,0.7819375474549167
0.0,20.0,90.0,120.0,0.5151642037726847,0.1743027770634189,0.37577755114121186,3.1365011918488395,-3.1411217434097067,-0.26468180586041146,5.687762443740391,5.695848757454936,5.694093696877699,24.8530674328585,24.992889807341705,24.582646637122316,0.28794779539679255,2.036287904851888,-0.06913505924248516,2.62124700606904,0.7997114491333958,0.7962689314931165,0.7986239624183048,0.721197125464565,0.7212082319394764,0.7209694096881532
20.0,20.0,80.0,120.0,0.462148836755207,0.1433943358805938,0.33422854934190216,3.13736636307962,-3.138817217990971,-0.250119178603738,5.380309029628494,5.386265049492265,5.380103688752459,22.494476695617333,22.54312449437929,22.50934934233209,0.2585820544482206,2.024209730516193,-0.05269158283751817,2.4934420378233706,0.7601229463995693,0.7590918488947274,0.7590909733546451,0.6821250007127969,0.6819324401104494,0.6810364234510854
0.0,90.0,40.0,30.0,0.3417346223560351,0.0021463194902493,0.21345549017768667,3.116814424366344,-3.1262982876751844,1.3605354949558193,4.929293384339154,4.938497378633589,4.933686135483809,16.038669046700775,16.022931352224553,16.002666588416965,0.21286926327379035,0.10455202352496785,-0.059494461714424185,2.814567274905939,0.7288933402467255,0.7270013115762136,0.7277927009281576,0.6243563608426927,0.6249334693976127,0.6236785895712174
20.0,20.0,40.0,-60.0,0.339103923334061,0.0040183891775697,0.21189611938574293,2.8359574005836863,-3.1092928438003704,0.21787150650359668,4.991123230380626,4.99355878645095,4.989882530764778,16.105127574744625,16.18605280054832,16.262508307865154,0.20976708302758998,-0.5223472384280169,-0.05253241004653102,2.911136420565959,0.7396247956519826,0.7394253041541079,0.7398191088012452,0.6317789655246564,0.6316499834348767,0.6311834322565855
20.0,20.0,110.0,120.0,0.6117456741483653,0.2379585311649516,0.45358039824293434,3.127677771544674,-3.14137735450907,-0.2226191544698537,6.07787028664239,6.076336381615399,6.076178543781273,28.699924738577558,28.70933991924768,28.704938029754764,0.34962461620358554,2.06468549211481,-0.07154502724219096,2.343986248068021,0.8140491141128591,0.8141781196860927,0.814568012562722,0.7703416782494323,0.7701473792843503,0.7703328721021377
100.0,0.0,90.0,-60.0,0.5353873931340823,0.1863388455720871,0.3881564050517875,0.6186951267572933,-0.3954971072585436,0.09832098149311684,5.82394060140403,5.827905216614775,5.824448506159362,25.069792109035372,24.77702533140503,24.75729732206525,0.28531720308294173,-1.1177785559782865,-0.08114108665348564,2.7514168575414173,0.8115715349231809,0.8096999187687384,0.8128258312511328,0.7377727392600921,0.7380680449438608,0.7379787712677074
20.0,50.0,30.0,0.0,0.3069897107495973,0.0281788224095898,0.1906638767039138,3.133628539077258,-3.126144824319153,0.9035948939298256,4.781459998901326,4.765890769215445,4.776907915661913,14.638708312902194,14.634624820980084,14.63651323843817,0.20349009790330486,-0.22594281320713902,-0.04961874128683877,2.767552192406407,0.7128340337221442,0.7111522971536226,0.7121652344894203,0.6037526074945,0.6032061678165032,0.6052258166040828
50.0,0.0,0.0,30.0,0.2881265113587337,0.1778684777032965,0.21972648802429615,2.893962530047375,1.021658543790578,2.0200226817465428,3.4212220250964975,3.416800454301731,3.432790490931018,9.335085328020954,9.341403033685166,9.375066708183326,0.1488154500766398,-2.11708056267528,0.007978191048741652,1.452730594631178,0.5113278816605654,0.5110678317466435,0.510720381150942,0.4318667877041278,0.4333267734318672,0.4338929113162815
50.0,50.0,70.0,120.0,0.4268299746335606,0.1333158397176719,0.3033240640014616,3.136707783830711,-3.139505089199333,-0.2904121254420562,5.0583466517728475,5.064135635831879,5.057737145895951,20.299650811247258,20.322236239656327,20.2481573475283,0.2273354601722304,1.9844741630957003,-0.05922081248285622,2.315910548688914,0.7190309883782039,0.7184935356160478,0.7179014426562665,0.6411727250537607,0.6409234271213389,0.6402586116486116
90.0,20.0,50.0,-60.0,0.3759384159346535,0.0196332909139869,0.23979282760672532,1.174302070626123,-0.8216223618386982,0.17958714594077427,5.073339399645849,5.070495605032525,5.076710041926502,17.532003698840143,17.649241047765152,17.60316379604726,0.21190372466145554,-0.7127213614823178,-0.05352953045067977,2.858863753118535,0.7498512939206753,0.7466752673128803,0.7465390019631489,0.6417145538851066,0.6421557813691323,0.6423193990399083
0.0,50.0,80.0,30.0,0.466382856450484,0.1442831833089296,0.3360121075943464,2.193485851635355,1.171287928118662,1.6777182675140765,5.510460124273884,5.492913510916811,5.500886221966782,22.863376032590498,22.774125842379924,22.92123938952833,0.2614571785096762,0.4392639279253158,-0.06191379128271412,2.688626519971461,0.783045681145971,0.7849713717395638,0.7846230848049182,0.696642535603149,0.6956104649668958,0.6978079508152678
20.0,0.0,50.0,30.0,0.3797366892436097,0.0196139534440872,0.24207293200665592,2.726869219279489,0.6982203438823826,1.74921682551227,5.160573761967142,5.16149068080911,5.163858223805302,17.62289736071526,17.662962972120678,17.730377864507957,0.22762116364681187,0.18897137758760116,-0.05537111864124009,2.9348846738627126,0.7529245474646651,0.754612061315494,0.7550678439367726,0.6531158175783505,0.653466835530795,0.6533687963012398
50.0,0.0,100.0,0.0,0.5778401648742293,0.2126402330711732,0.4192979754288767,1.6552730846073866,0.657212048614556,1.1369856616037508,6.065104707610499,6.056378360588417,6.067590532551296,26.769654832143733,26.75703374129658,26.91335076614832,0.3215921092766836,-0.048870644683051224,-0.07049196142214927,2.7063520928132236,0.8237011108103794,0.8275573674003399,0.82583118358525,0.7677257677050972,0.7680742622980119,0.7690479000754132
0.0,90.0,90.0,120.0,0.5089880630504295,0.1986888842524817,0.3745099056530631,3.141431457015048,-3.1413625211708256,-0.30305114229442265,5.524556589908775,5.538301098943514,5.521387564152942,24.436671295223388,24.29872109713933,24.29542216287433,0.2826838696643688,2.0303172936179483,-0.07028038671329268,2.3098608763832793,0.7617806837704795,0.7621404760330682,0.7642230292577272,0.7010876841945725,0.7007858388683407,0.6992273421847057
0.0,90.0,100.0,-60.0,0.5805174703541087,0.2109080141305871,0.4215319135654352,0.6182320984995062,-0.3962169402617899,0.09058516830621946,6.075208744018477,6.076471003768269,6.069807859734464,26.777546184252287,26.861007800582414,26.75698267349862,0.32106920587615706,-1.0975356407956958,-0.07329142740615037,2.7135384633491837,0.828459282036105,0.8249863663562561,0.8256830726695963,0.770172186476732,0.7693709325854786,0.7692480043361456
90.0,0.0,0.0,0.0,0.2756655435323746,0.179482812351148,0.21869062091584499,2.6574461616520626,0.7121149385510164,1.7531504740074724,3.4246089948754133,3.426888207570601,3.4267042854307523,9.346595340125443,9.354519819339158,9.35570816783745,0.1478719379651268,-1.7485972092756923,0.00823695914642859,1.447409292809549,0.5109367613391815,0.511019518849561,0.5121803245741773,0.4332430352550042,0.433519509534392,0.4332144319356458
90.0,0.0,80.0,-30.0,0.4839097556789358,0.1566674516134335,0.34666026812484185,1.172658294346539,0.1302318895696158,0.6356893098945616,5.567031934499487,5.5784043364397125,5.57354860095219,23.1159511106705,23.08645713189892,23.07242874976997,0.2560680087711443,-0.6207500598226067,-0.08340584697430255,2.799502384097312,0.8000340718091796,0.7997309263836885,0.7997742622488104,0.7055846234631543,0.7065688980341145,0.705008157938059
90.0,20.0,80.0,-60.0,0.4822604763084719,0.1514224285710781,0.3425186720149991,0.6321555737994385,-0.4113108379378205,0.1074597071277036,5.6399863152593595,5.630124206221044,5.627671571572809,22.89869646250772,22.938774030243206,22.891985316242348,0.26037861609445084,-1.1335174304133446,-0.07219593207486608,2.82497525541173,0.7986184771973553,0.7979024120910962,0.7985371184068681,0.7139991514135572,0.7122703095305483,0.7136516353483771
0.0,20.0,0.0,0.0,0.2970719909139282,0.0715391187259649,0.21872132337625183,3.1210702103857595,-3.129145327214263,2.2459918737084554,3.4567155289366704,3.440491696293399,3.4443931389943274,9.391919941865691,9.458727925509004,9.407073567616091,0.1497777205987046,-1.857586126046393,0.007499062047513045,1.4935822483646015,0.5149944541939856,0.5150520044987544,0.5144463733164554,0.4362814092808829,0.43481727541151344,0.4368235143165453
0.0,90.0,30.0,-30.0,0.3070222151036852,0.026263425652757,0.19222255586656872,3.1103289711958464,-3.120618774086884,0.6197848552051015,4.742834653291452,4.748687444725812,4.760709210514759,14.661238103714357,14.6833321402703,14.652583599140755,0.20243525423646566,-0.370669055455652,-0.05244362730761393,2.744631986197554,0.7098425845241801,0.70945971629446,0.7094063729989124,0.5997742484616183,0.6020327773400771,0.6012681656963471
90.0,20.0,70.0,60.0,0.4280229941632256,0.097881225305269,0.2997068459611218,2.7882241299999717,1.6080501259726787,2.2042610547345727,5.251990042934573,5.246769872741075,5.258978343318866,20.840976400628048,20.756116130104296,20.833402931324613,0.23756788111644137,0.9514760348699034,-0.04754787909359678,2.6426288109448572,0.7553174912840454,0.7572543439608397,0.7560077862196986,0.6640827836523137,0.6651333613044075,0.6658940356610668
90.0,0.0,20.0,-60.0,0.3004247343740797,0.0025758925307738,0.17392203330322642,3.140482079353157,-3.106639437566884,0.42261255564774014,4.46347590034612,4.469169918641545,4.467078789071217,12.922592721302541,12.909587373520058,12.914362210715211,0.18595896225917008,-0.29460283588579667,-0.04184923298502877,2.473922996478145,0.6639996414599788,0.6646579261483698,0.6654680296404928,0.5649282280591924,0.5653333219692017,0.5646978359512005
20.0,90.0,0.0,30.0,0.253369247870915,0.1738769832178484,0.21696574146959463,2.4329347695665327,0.7731447590796892,1.7013433504800628,3.4462959263790305,3.435408140076702,3.439015787610228,9.452844727364635,9.431983739121756,9.39958618317008,0.1474115530065688,-1.854181972948303,0.00807359378318103,1.475639578705814,0.5163639694389968,0.5153193325269716,0.5159382967823379,0.4352557672798113,0.43434672527743656,0.43573770939848816
50.0,50.0,20.0,-30.0,0.2927395729943208,0.0302093737452865,0.17565749959325688,3.133507630437419,-3.131657358365079,0.6569208811157284,4.460989048525557,4.466374442362101,4.466550374140098,13.073246849144104,13.112191208130762,13.100752774755843,0.190400268899661,-0.40412149030370814,-0.044877430780877,2.4945849287909634,0.6686070398093341,0.6677203781776265,0.6687365295077475,0.5644531852911545,0.5652227705387285,0.5644048993158145
0.0,100.0,60.0,0.0,0.3951230284235071,0.0892885244220539,0.272680055276327,1.820247158371417,0.6133074325110572,1.197377319648578,5.00687339607957,5.010676810129558,5.004727975260909,18.93395390942942,18.948346602650936,18.819992772826343,0.2120774370506565,-0.16542012159520167,-0.0618729976089345,2.5592129262982253,0.7315806530131077,0.7290848675990081,0.7310379232696493,0.6342170013973375,0.6338736037736199,0.6335119996929838
0.0,100.0,60.0,30.0,0.4015843362989091,0.0779790546591472,0.27194168147624437,2.3981282538596425,1.1010793778591956,1.7246804680926398,5.086346259186492,5.083605607351837,5.0804814842738,19.0177548736514,18.924413198012825,18.860573753458855,0.22099683840657264,0.2922225801473816,-0.062166226420057515,2.6302858758351646,0.7361783256998576,0.7374144927867154,0.7379488572294163,0.6437733314840224,0.6429787722532777,0.6437979771947457
20.0,50.0,60.0,30.0,0.3957211354130101,0.0827132978039386,0.27020741754776695,2.349419876878537,1.122812214170145,1.7099466117876516,5.064237768853395,5.083949661266655,5.073192999912636,18.88213344818214,18.89363584013151,18.85221149067385,0.21603768049305724,0.3434709777459206,-0.05613702486320803,2.618938479770459,0.7345817631169513,0.735668859234286,0.7355469199386081,0.6423674067058788,0.6434555852865242,0.6410386017518745
50.0,0.0,110.0,-60.0,0.6232494566848933,0.2445334478769447,0.4599329376286555,0.6196478859685319,-0.423678368246991,0.08231052704346013,6.082905050381953,6.104431388168042,6.11192942870025,28.817561670874465,28.836090213243608,28.854701468965036,0.3514817589711444,-1.08253229843989,-0.08123046119090592,2.389647693424814,0.8198019561573414,0.8199329229699743,0.8206032714282637,0.7716212031636909,0.7753805817279348,0.7725494367080329
0.0,20.0,80.0,60.0,0.4670033881899194,0.1359693084323716,0.3363241854367674,2.731846133842305,1.6744089716472716,2.1934604531917983,5.428858437468672,5.419960222325302,5.428281627336434,22.79364091203732,22.914167530986045,22.937587628990233,0.25949177989120137,0.9675321821925069,-0.05936644723152755,2.6274846379260652,0.7774351145268881,0.7793351427482729,0.7776334969946456,0.6868659686327032,0.686650591043971,0.6877299173230188
0.0,90.0,60.0,120.0,0.4111727654104884,0.067931533002465,0.2750406589891653,3.13930344384136,-3.1358250681644977,-0.25209149815223425,5.057016934575659,5.042682622886636,5.050133941763091,18.908569962000858,18.794059554133327,18.87349271857206,0.22344511782352575,0.986533392991971,-0.07288820150174538,2.5602971919019333,0.7295176965747473,0.7296637165681662,0.7287358705802113,0.6390606065289928,0.638497373143033,0.6402904858038825
0.0,50.0,80.0,-30.0,0.4791141115600621,0.1549712831665052,0.3425855928484057,1.1468466909247308,0.1387603044115749,0.6405192685225207,5.5466781244432495,5.5491711142637445,5.537582243861286,22.849422385000185,22.843070610532056,22.869389483270215,0.2577583058164018,-0.624144848124157,-0.07633220675940004,2.7152590619334487,0.7889436820794367,0.7882285779798297,0.7872765287189437,0.7030148985165338,0.7019627860004964,0.7015068794063771
0.0,50.0,80.0,0.0,0.4727569521083191,0.1530418588018381,0.3377705042718652,1.6644988398675469,0.6570630663638704,1.1588767473640764,5.563718022624569,5.551090820813694,5.545070561755253,22.955663291453618,22.847701992441888,22.972301589285422,0.26201426538670786,-0.09172594344653455,-0.06828180048053646,2.7544457791419035,0.7908670531819452,0.792022101526166,0.7922147476994644,0.704203535263821,0.7020136006710522,0.7035485355138096
0.0,50.0,60.0,60.0,0.4043862741435948,0.0721527001281453,0.2714910976338234,2.936803206629555,1.597394662044836,2.240961299987982,5.124114012290299,5.121778754954278,5.116585511188142,19.01708224939348,18.891603727498403,19.151169522569965,0.22334112517877708,0.7299875723134269,-0.06015018691606251,2.6845164004925794,0.7428673239279647,0.7443663466008071,0.7418653903641369,0.6486083566938023,0.6481900279340549,0.647876051396798
90.0,20.0,40.0,-30.0,0.3393274519869517,0.0026347503453504,0.21298684528961603,3.140520186010889,-3.056301432379182,0.7035621388127953,4.993015447941945,4.987474054055438,5.003431591855968,16.26910800663235,16.266827231573675,16.164262885685286,0.21158096726965905,-0.39321481131774366,-0.054446400170572465,2.9193020207205387,0.7410189929792347,0.7407239053691829,0.7414304121162951,0.6309057006610833,0.6320611829556809,0.6328625076648354
0.0,90.0,120.0,-30.0,0.6633945183299546,0.2581816541338085,0.4893917057819914,1.1529656042392384,0.0944083365203633,0.5988689620809585,6.208787034858733,6.208916425413377,6.2069527464600025,30.71618567571797,30.71598141793249,30.718429302421438,0.3890312435400744,-0.5466357129228275,-0.07321387123337539,2.1112059809780916,0.8163511644118334,0.8163850521417039,0.8160332094723233,0.7873454948362675,0.7871332179019992,0.7870968475678409
20.0,0.0,10.0,-30.0,0.3050259496169394,0.002491843272691,0.1782340706903855,3.13399174416349,-3.1357556799917736,1.5207889054591694,4.109501537097628,4.117194324823688,4.110395603772461,11.434372255428993,11.405980576154077,11.421321098345713,0.16491359077885429,-0.6026829455534343,-0.03872920370574495,2.117747953252211,0.6108565382506718,0.6102277603130838,0.6092097979650618,0.520335801715306,0.5207768578554911,0.5193869140909129
90.0,20.0,50.0,0.0,0.3804364998947523,0.0202012317908816,0.2419603026703883,2.200482017585883,0.1838258297801335,1.231198297069337,5.14856848535668,5.134910592976815,5.135805746549846,17.645571035914582,17.75995844169744,17.693430421162436,0.22198415245806383,-0.1643944978157258,-0.057777729485959266,2.924051222584581,0.7562412211790653,0.7538734484721591,0.7540789171434046,0.6510531635134165,0.6493051473780785,0.6510107701312725
20.0,50.0,20.0,60.0,0.2931619326708798,0.0146355682065851,0.17648596571264158,3.133746976717382,-3.1378288801175502,0.32268308767071846,4.387750439761215,4.385476973138457,4.37354131426969,12.710263902134521,12.770410503932016,12.73630433130116,0.18117240672020793,0.11209260117285835,-0.04930929867669633,2.3721026797641716,0.6520616892370967,0.6531197771483802,0.6521727504187879,0.555449841679855,0.5536341349080716,0.5539176271451118
50.0,20.0,120.0,60.0,0.6612728074646274,0.2596858248142172,0.48774768860561524,2.7127766028244773,1.6821358275557727,2.1676862925100586,6.193568194529282,6.212450072495898,6.19862139153177,30.700949461571142,30.669012809116595,30.68369657016502,0.38686538659616176,1.0322605816417787,-0.06553540837501733,2.107295944872498,0.8151694407112766,0.8148865008155549,0.8145722266486257,0.7866555343564261,0.7873783770565025,0.7849219385520697
0.0,90.0,110.0,30.0,0.6133255438854684,0.2432481116744439,0.4547039750498278,2.1695698061924054,1.1818470143787174,1.6535820028550097,6.080572078252169,6.081510622695489,6.07875143649299,28.621166115795198,28.648249420875555,28.646529236556123,0.3506964553539612,0.49529780297786485,-0.07174757769731573,2.3232524930092597,0.8109943276229904,0.812310856152064,0.8109198063777175,0.7709584016167023,0.7706949410349834,0.7705382001514216
90.0,20.0,90.0,-60.0,0.5357731973539077,0.1836257572143529,0.3861261767133961,0.6112971071450034,-0.3954067765567439,0.0983406720616757,5.85941488810748,5.863578717441851,5.85860862022519,25.1883820721747,24.904839134080785,24.824726862593387,0.2875845724051926,-1.1176966949408125,-0.08039099761875367,2.8213983897115047,0.8191283274086351,0.8175732966599253,0.8206686530334857,0.7423470820403649,0.7423619267057946,0.7423685955478493
90.0,20.0,20.0,-30.0,0.289960844487774,0.0368428343451203,0.17385611676540683,3.1344919503354705,-3.1327709556546344,0.5807349769870861,4.533307285345273,4.537935293605773,4.546895672975358,13.303672867937381,13.29762033596996,13.273343803351217,0.1909076917998362,-0.35699824207794256,-0.04039347823308164,2.5884649804342494,0.6809012359235601,0.6798145380342081,0.6806709352579725,0.5732775046332744,0.5749634502891938,0.5743987554989461
0.0,20.0,100.0,0.0,0.5750653949150487,0.2108843221416525,0.41953703991154406,1.6558874874268776,0.6570168216759039,1.1326115600911197,6.067574012076537,6.062647717102009,6.0769008487124,26.85952512022464,26.82678612151478,26.810691322816588,0.32104862638968984,-0.04227715799713836,-0.07168976654011543,2.7208329042585353,0.826519118758088,0.8284268932195582,0.8268716754124633,0.7679541366519648,0.7690881520559459,0.769906769958437
20.0,50.0,20.0,30.0,0.2903367622354249,0.0352875151015362,0.17282049033698085,3.1374823336602704,-3.140225858967776,0.7602453929457171,4.447194850820312,4.4416231009761695,4.441967543810126,12.85749082776534,12.896829534413845,12.87461144673588,0.18567618461873064,-0.06010668973827848,-0.044898326374003227,2.444619889738436,0.6619816092753876,0.6615591156372901,0.6611672631127159,0.5623000586895279,0.561661340795183,0.5623142272014565
20.0,90.0,70.0,30.0,0.4181237342112343,0.1351041115991478,0.3027035482958634,2.194138155593464,1.2098504783098083,1.6876788171570698,5.079494238391237,5.0699001905142245,5.0725778983049254,20.5193960056436,20.49582093928018,20.52675353958487,0.22411280944533665,0.4275535110529377,-0.05830566386278154,2.3986353089838985,0.7314903776379271,0.7313902812011851,0.7302508216408137,0.6425786117921164,0.6418265484616537,0.6429593191972662
20.0,50.0,80.0,-60.0,0.4813694079029654,0.1533216514553971,0.3413952481648208,0.6365899831107171,-0.3925998994065509,0.10629737507432448,5.641040589972832,5.6238508940955585,5.624433997481159,22.90938714988092,22.955628671267558,22.939984447353076,0.2614192678990457,-1.1325256878504246,-0.07201869787831157,2.833139413936103,0.7995272234068782,0.7990084437357045,0.7991404349272369,0.7137438401593806,0.7114831441923782,0.7137347848766785
50.0,0.0,70.0,120.0,0.444046390380389,0.0993958098286783,0.3021198027769743,3.1376023964989206,-3.141282001359229,-0.16858948208873328,5.272376565156851,5.273665236159524,5.276328135396106,20.9911318228514,20.97309185307332,20.719755410467783,0.24095127749410386,1.3709837411735952,-0.05163018491104103,2.6678939208412804,0.7605798994461646,0.756993235593221,0.7594311437458606,0.6674797607081376,0.6676238865566962,0.6682013507118658
20.0,0.0,0.0,-30.0,0.2939488819559211,0.1611479878704752,0.22051761728621988,3.0316160661586267,1.211444033519067,2.091832263440019,3.428232144108593,3.431967733089982,3.421432651848734,9.320902507763169,9.397679297533394,9.35259575644678,0.14993213094129276,-2.100962530645259,0.007706891592846183,1.4648045424123557,0.5111552285083595,0.5112434395415344,0.5108322557816185,0.43416690185736223,0.43332689642164035,0.432898605774101
100.0,0.0,70.0,30.0,0.4229749074093689,0.1088367402661433,0.2990906905216427,2.2284408412798307,1.14117014935819,1.6832516242127824,5.191841554474261,5.200763313340484,5.202326663520774,20.698177122881898,20.76093715591055,20.793564025250184,0.23109631133864886,0.42435053166336806,-0.0507805535364363,2.57582927809493,0.7487886926977353,0.7498994484396201,0.7503986302369868,0.657753477784205,0.65896910827386,0.6578321506343175
0.0,20.0,0.0,30.0,0.2970719909139282,0.0715391187259649,0.21872132337625183,3.1210702103857595,-3.129145327214263,2.2459918737084554,3.4567155289366704,3.440491696293399,3.4443931389943274,9.391919941865691,9.458727925509004,9.407073567616091,0.1497777205987046,-1.857586126046393,0.007499062047513045,1.4935822483646015,0.5149944541939856,0.5150520044987544,0.5144463733164554,0.4362814092808829,0.43481727541151344,0.4368235143165453
100.0,0.0,50.0,120.0,0.3795014188690991,0.0171380672899484,0.24251773631048493,3.139036832067872,-3.1400759986389994,-0.2006774660738373,5.102191919228651,5.0868593603154215,5.10074848690212,17.668920519084867,17.730047468238634,17.698138979202003,0.2244410483944245,0.7465066296963637,-0.06685029641608875,2.8683453037490327,0.7481956954909462,0.7490047070047346,0.7485234996969053,0.644509911466563,0.6442352598317606,0.6462189650307115
90.0,20.0,30.0,60.0,0.3021738054862514,0.0373577417960504,0.18931184667277504,3.140891704918868,-3.1392758486396635,0.5155006049757288,4.833904445651082,4.824072168410079,4.830187970029469,14.804726904172117,14.777496407677903,14.73417783709427,0.20466397070867723,0.3168808641459232,-0.04699223447220829,2.840102322525065,0.7201055539490561,0.7196843559075593,0.7202378416821068,0.6108464710346795,0.610376367366378,0.6115959609852057
20.0,20.0,10.0,30.0,0.3077151128373857,0.0044194255174549,0.18297351857848249,3.128696254470584,-3.1319562630691054,1.0245515252493271,4.127628596434024,4.11868057788033,4.128093975353783,11.336396160710434,11.32885661933286,11.344911322179225,0.1595332978054544,-0.5185118694041899,-0.03620270036860685,2.1220462581825412,0.6101263190936591,0.6114909311169171,0.6102942227827599,0.5212762459310958,0.5213125698009701,0.5227415765759333
0.0,50.0,100.0,-30.0,0.5750053737744923,0.2168378874881496,0.4237234923332364,1.1342406227611803,0.1298490389480573,0.6080360335303056,5.973869297261305,5.969564485256492,5.976329163232917,26.856542922445,26.84874576491454,26.952533315540805,0.3162404455653206,-0.5653527703987431,-0.08352736644969193,2.6199121825128415,0.8196148908656479,0.822018939795908,0.8198235568345845,0.7564636194723713,0.7569081067453797,0.7573088935372408
0.0,50.0,100.0,60.0,0.5680368669740498,0.2100639823651979,0.41742532497115775,2.689589733592439,1.7142572441834438,2.178499537230305,5.946138665487652,5.962526421482171,5.941892578459371,26.980793964449486,26.872109235971507,26.88766514657599,0.31777755507730476,1.0042819951213222,-0.08027131734749178,2.6180219139917895,0.8208538270028464,0.8191711867465676,0.8218675915525007,0.7549327614331648,0.7545374084809693,0.7524154426145017
20.0,0.0,110.0,120.0,0.6201912433030387,0.2250375674895529,0.4543344976682094,3.1408412490337154,-3.1401113431713856,-0.19127109560036384,6.131677006825966,6.131477642827196,6.131979473537666,28.808356345389303,28.80429263808458,28.80997208213915,0.34968995773689787,2.066730026013015,-0.06694066672966195,2.442633431076306,0.8238979002070346,0.8237456714069954,0.8242292715909298,0.7771808077438247,0.7772325307299145,0.7772573695186208
0.0,50.0,90.0,-60.0,0.5347796105936626,0.180558678100777,0.3849010804033754,0.6233666759725249,-0.403266826284446,0.09790266624582937,5.876596094359919,5.879196789748449,5.873367738833492,25.207566709083295,25.06595689440629,24.819667445245692,0.2890810284799559,-1.1177853598543124,-0.08038283928213212,2.8568123391320417,0.8235014275046652,0.8211079250858409,0.8242183066633151,0.7446365906421571,0.7440564314218324,0.7444210077612649
0.0,100.0,50.0,120.0,0.3812777099130164,0.0091995864343307,0.24508549047346057,3.1402499653310554,-3.140859087938405,-0.2512057428593233,5.045004443965564,5.040062666569877,5.0433342430123504,17.511136259547328,17.56247250316807,17.565664797647887,0.2279868410310061,0.7293625368319325,-0.07585803315276808,2.7718944246087824,0.7378591492720488,0.7383732500471412,0.7369851745480591,0.6381518233990309,0.6379377045279053,0.6385963160095833
100.0,0.0,110.0,-60.0,0.6260794574580123,0.2442291712122714,0.4610678818162418,0.6228892586407387,-0.4321810281466671,0.08027569974708756,6.081766303680228,6.096674807898811,6.1072150464939305,28.79447931405331,28.859927510313675,28.871140212070944,0.3513253166914156,-1.0817986584476593,-0.0839847779853424,2.3926023390014963,0.8209725425589448,0.8205355866485541,0.8205526428712635,0.771120068423894,0.7743355663772187,0.7723505376913864
20.0,20.0,70.0,-60.0,0.4213394078419352,0.1249604278045879,0.30177189652764214,0.6427290398613746,-0.3939937658836936,0.11858761323813073,5.258973519794519,5.253663750405702,5.2522326142081015,20.894659824792008,20.90917323389672,20.900571015756416,0.22825132808670565,-1.151802169391783,-0.06397879131994569,2.656602583058969,0.7622988193585208,0.7624627738327356,0.7625843848158014,0.6657055614506163,0.664775679674651,0.665496484884183
100.0,0.0,30.0,-30.0,0.3096861402268485,0.017157901051774,0.1900744745644555,3.1403683459187564,-3.0744038925918957,0.6245727019806528,4.765639763264824,4.762307351931085,4.768821618523125,14.667200416461428,14.63189453797516,14.570470613332002,0.1983533763858291,-0.3662137895868315,-0.04891349085808738,2.758466323286818,0.7107475622659936,0.7114877958512719,0.7103031863530938,0.6025226903271691,0.6028501286241594,0.603334309570408
90.0,0.0,30.0,120.0,0.3229450025376753,0.0015447962786102,0.19627129146742522,3.134945810916268,-3.1401648182869,-0.3926796016871199,4.552277424668657,4.539503815710646,4.550423841248198,13.893652352519481,13.971743480497723,13.967233353907558,0.18498101582397414,0.47190080722283523,-0.05892980262393666,2.446204412742512,0.6730268458387509,0.6728575748539916,0.6719654961617866,0.5750194986375041,0.5747233585127518,0.5763070673668266
0.0,100.0,0.0,60.0,0.2529372337984105,0.1767110105458398,0.21673269506104068,2.4454241084434685,0.8425097912859131,1.7722405255698546,3.454026947373412,3.4678664554833034,3.4512062832579424,9.451764799960458,9.470433218467521,9.461486257225738,0.14712668270486887,-1.9831977281765731,0.008409707079841887,1.4795705889879531,0.51602958345103,0.517378511736191,0.5171101788135011,0.43813131692772006,0.43779694374626876,0.4359766580863766
20.0,90.0,30.0,30.0,0.3084995098383298,0.0192540831479847,0.18937500845373353,3.1378700787797493,-3.1392477428367536,1.042801638629871,4.68700421183865,4.684961997521145,4.6846507076908885,14.327575335716894,14.357555082912526,14.31235068968989,0.19859682867594505,0.03975722029981887,-0.05421884117904019,2.6295736590563497,0.6948688390944724,0.6940954212990733,0.694189741407528,0.5929016440056392,0.5925621963156974,0.5928066561921206
20.0,90.0,20.0,30.0,0.2942163738910936,0.013948995855031,0.17583196986722005,3.134531780717676,-3.1395796235693965,0.795544331162972,4.3917330356891044,4.389982099075277,4.385851532450451,12.66283699215273,12.689005994784065,12.640854383798233,0.18383908350735878,-0.11051319174404603,-0.04974726019124216,2.3623644814989926,0.6495698548931806,0.6504400420911093,0.6514510399895959,0.5556651593400193,0.5548034611722015,0.5550867390419462
90.0,0.0,120.0,0.0,0.662699830862838,0.2576226208421827,0.48822415593932234,1.6838309989535352,0.6178266472604566,1.1213795241375226,6.195960527352581,6.197485210894843,6.196156451136371,30.708595840308398,30.725698126181722,30.724269421989046,0.3890292274872783,-0.019503712717828452,-0.07066896672011028,2.1004138978124223,0.8147185359725726,0.8153105939890366,0.8146619633619482,0.7857615665737386,0.7857815609198567,0.7855958316932324
20.0,90.0,20.0,60.0,0.3114762440899484,0.006166940541121,0.1819818529537204,3.1410098419683967,-3.141149088435751,0.392438586693256,4.35095856926119,4.34665864552483,4.337705485116777,12.549974953812322,12.603691789929737,12.587952799392196,0.17913311066252507,0.05086298986496276,-0.053299746854634,2.3137079441161092,0.6451683785336608,0.6449837962790721,0.6436600702743059,0.5506428743944128,0.5489249625150486,0.5494408477108993
50.0,0.0,50.0,60.0,0.3764781641988315,0.019065746524172,0.24037183627291353,3.1392338140448053,-3.139907433783662,1.577085887098149,5.167551581484135,5.17081660874383,5.171585401118049,17.74099977202402,17.73717183059347,17.668558913882507,0.22705402302772718,0.5519562661374524,-0.058296973952067004,2.9511204049244926,0.7572529684861781,0.754279338952591,0.756237093132854,0.6541472950329296,0.6545781598256148,0.6541591550689828
20.0,50.0,30.0,30.0,0.3054861248213569,0.0319012511809969,0.18955775336303313,3.1370472650529533,-3.139155666797289,0.9843933617205334,4.764490517126236,4.760715868468325,4.762672764770046,14.589813300012906,14.606191154904886,14.544085875031085,0.20185323333030175,0.042351493119945925,-0.050752612820010375,2.743331094953966,0.7093699100868444,0.7076571271070894,0.708731609775187,0.6025379363364929,0.6022602123095754,0.602736129883193
90.0,0.0,20.0,0.0,0.2948289650966135,0.0209814864528826,0.17434018802199847,3.1251864838892662,-3.11745519628355,0.907996478681781,4.466679820752111,4.462105881546021,4.458371998057995,13.023122911857639,13.04443109271916,13.006272054632456,0.1846725624260551,-0.264261052663319,-0.042511710044871295,2.4902469951335466,0.6682102310100029,0.6686414463651131,0.6673298212250877,0.5648590588478375,0.5639327050747587,0.5644877055997726
0.0,100.0,50.0,0.0,0.3793361392991349,0.0272752870338957,0.24584998848435613,2.160735075559204,0.2943110875296535,1.2380339613275482,5.071413621765866,5.086190915594191,5.078570763801476,17.642906143860962,17.67667950898109,17.625142972549533,0.22186109746893795,-0.15355525633785858,-0.06569494777632084,2.8437118987391496,0.7461692768561399,0.7455799034804631,0.7461905951890871,0.6427921698138451,0.6437064712368856,0.6417526378019331
50.0,0.0,0.0,-60.0,0.2881265113587337,0.1778684777032965,0.21972648802429615,2.893962530047375,1.021658543790578,2.0200226817465428,3.4212220250964975,3.416800454301731,3.432790490931018,9.335085328020954,9.341403033685166,9.375066708183326,0.1488154500766398,-2.11708056267528,0.007978191048741652,1.452730594631178,0.5113278816605654,0.5110678317466435,0.510720381150942,0.4318667877041278,0.4333267734318672,0.4338929113162815
50.0,20.0,40.0,120.0,0.3369798517171293,0.0054335779986952,0.21391743432421037,3.140080325586931,-3.123985164703265,-0.14238591363289857,4.986739689354038,4.97293351141797,4.985213863736039,16.254781266044144,16.3378405187468,16.314363076098,0.21593166679597015,0.6092554130281531,-0.060386539624632175,2.9079517316390193,0.7412636674404529,0.7405367971402284,0.7398276601942645,0.6298434047097148,0.6296522151718081,0.6313656431187347
50.0,20.0,60.0,60.0,0.4140171403432562,0.0552713504146857,0.27150192390123834,2.997650793306436,1.4688890632038174,2.228839792446155,5.243691600347823,5.244732583607535,5.252675838312194,19.339507939531643,19.231119308988642,19.193740206618614,0.23390227628785187,0.6967846798906264,-0.055672218500595796,2.8523840377709546,0.7608914504862725,0.7589312309189302,0.7608143305015466,0.6633632788618682,0.6646446015471772,0.6644992765636984
0.0,90.0,60.0,-60.0,0.3976023757003312,0.0653179149978999,0.2665575499165428,0.8251130196512968,-0.5652123679670134,0.1351889650893426,5.113332593655515,5.113414627439492,5.110717186917557,18.972387766251057,18.940319057820478,18.941289280693493,0.21631973092672602,-0.9730552439276744,-0.0481495573825879,2.687996566168023,0.7439112909418659,0.7428303526376415,0.7421865804594959,0.6472684353227898,0.6470902912553156,0.6470284802682817
100.0,0.0,0.0,30.0,0.2756940777113807,0.1779091896215913,0.21867822329318792,2.692271010433527,0.7857139397707507,1.8185480440071482,3.4260732941888086,3.4281327495383116,3.4268365866081507,9.339908732307745,9.362943714265718,9.359984235210765,0.1478828990471134,-1.9317102071540886,0.008291619025785426,1.4474538522960076,0.5110348226171381,0.5110427849653155,0.5122267715636732,0.4334653234129311,0.4335735074340204,0.43330028081638544
20.0,0.0,80.0,-30.0,0.4813541002535381,0.1549449221703339,0.34492640422320586,1.1548614595944422,0.1246415912530656,0.634080540795228,5.5579795662446205,5.568160300605833,5.564022171818816,23.12228251636688,23.09283537447415,23.073733270008326,0.25697878330343227,-0.6184348552884613,-0.08088488027967758,2.7967560045477016,0.7997977167599937,0.7992211978274192,0.79914598257059,0.7043641615692185,0.7052825008553244,0.7038832578367377
50.0,50.0,0.0,120.0,0.2565106237877631,0.1811469297691457,0.21848228325794947,2.7670995481436664,1.1309240310165898,2.0109382481812945,3.4358048008735333,3.4194642146685617,3.4204052027971086,9.353589744447632,9.377460343572313,9.374348205900622,0.1482135504541131,-2.140513941723588,0.00792737668632801,1.4607477162450835,0.5132610939392747,0.5115967093476903,0.5118130900101385,0.4338445794275978,0.43191661387517677,0.4340159948406134
20.0,0.0,10.0,120.0,0.2833136707368665,0.1847821308176188,0.22949207940912275,3.140183556264575,-3.140835357762006,0.15392133229777274,3.663412438646837,3.6556643320752236,3.647618078394921,9.542545864769803,9.569511603583498,9.549972398631045,0.10404335981271412,-1.0912999946704682,0.011647868562789435,1.5541285330952699,0.530857271499909,0.5303573095531607,0.5300705687552093,0.46344090632282814,0.4614224978601318,0.46237602264777167
20.0,20.0,100.0,120.0,0.565455148100812,0.2094426288513731,0.4159223624839461,3.141511892224487,-3.139283985988496,-0.20421718955622553,5.945595392600423,5.927410058014556,5.9291480346476115,26.911987304696314,26.875615547161228,26.889926605541167,0.3180595086993979,2.0498412274771622,-0.08181366639051085,2.601388627798398,0.8188301147187672,0.8192997515297549,0.8193396691510461,0.7524392976305948,0.7504015572509388,0.7528147379576016
0.0,90.0,40.0,-60.0,0.3397427880471821,0.0031962476865354,0.21235181015758403,3.118434346314631,-2.431746025033309,0.23019342400884418,4.980813304892548,4.98350488847737,4.985940773149528,16.092692995275428,16.085240162924435,16.068468767207776,0.21245023738996094,-0.5113182067799931,-0.05368186086639654,2.8826148463492127,0.7352550724032877,0.7351061727873176,0.7368270195344033,0.6302886166775359,0.6308343160842635,0.6305864612745606
0.0,50.0,120.0,30.0,0.6598907525909086,0.2575546965932754,0.48704935736800625,2.1950034955727387,1.1540224831826886,1.6454223297141648,6.167519709315902,6.1768637903951,6.180572167691537,30.67315508077386,30.682940919737433,30.69724793347014,0.3877318999286947,0.5060162425549396,-0.06748061860831378,2.0670193947267577,0.8107882039070601,0.8113189611153819,0.8114411355430039,0.7823183366958555,0.783967649582528,0.7827374871017493
50.0,50.0,100.0,0.0,0.571970566330055,0.216140681105496,0.4218015756958489,1.6413201077246224,0.659211399838467,1.1313075447181364,5.964774787311283,5.965583152397039,5.979645894205499,26.813581649142524,26.819408970423645,26.90115357919255,0.31680958746545546,-0.041030230928164546,-0.08094455071677191,2.6149511301585773,0.8188339781228365,0.819700600293308,0.8196172745960205,0.755244753993069,0.7572232820103554,0.7569492414059787
90.0,0.0,40.0,0.0,0.3405479827078409,0.0012369304229312,0.21276127746503007,3.0806242204535934,-3.033206929671584,1.243029443061062,4.96717412062711,4.960066821676873,4.958205507723242,16.18360679176575,16.222740543239436,16.080121690369115,0.20922233795367243,-0.18764861673608516,-0.056030891818332276,2.8765184236632013,0.73662734065746,0.737011698799307,0.7369312193939475,0.6282604022364513,0.6270276022907912,0.6280093941863516
90.0,20.0,30.0,120.0,0.3111346377268107,0.0036917380624556,0.19021157420397197,3.1384499538054453,-3.1200192032459237,-0.29583183447892325,4.684717959230741,4.666353382428486,4.68020210625206,14.365250600578506,14.447155179299184,14.426783215494238,0.1942551901364511,0.4822477361132993,-0.053640439881146106,2.633235766014833,0.697435761637608,0.6966442160848237,0.695837616256089,0.5912748269236965,0.5907525332973668,0.5930171853648439
50.0,50.0,90.0,-30.0,0.5300091213753658,0.1860634961014998,0.38497819972045805,1.13101200422211,0.1384434141289682,0.6226218972567218,5.776348137734937,5.78170343716466,5.7770633251052175,24.89795588957929,25.025045161321607,24.63769662166648,0.28523705208136635,-0.5921372226705826,-0.08180749607069784,2.7001590505139403,0.8086896322814556,0.8055688064432873,0.8064515704323268,0.7323560968338039,0.7318264451281502,0.7318106069943163
0.0,100.0,70.0,0.0,0.4147083623913659,0.1456944365674541,0.30355203747449555,1.650004348043094,0.7159548984955976,1.1655672759367328,5.050104149491329,5.0534360082472745,5.053325786929862,20.43170282243869,20.400104519082838,20.400893818647912,0.22118301848971988,-0.1000074222236817,-0.06046416885338545,2.3499883573965685,0.725170176767644,0.7248674045751131,0.7253281422933873,0.6395946309736767,0.6400249569854685,0.639610255261199
0.0,90.0,50.0,-30.0,0.379030705504371,0.0271914558957902,0.2421940496092522,1.6456836664808503,-0.247672894314597,0.7073709040227776,5.090663683469148,5.093486671405511,5.095620430656967,17.56418125020853,17.630165785316244,17.737405812067166,0.21791704652262336,-0.44384073216187553,-0.059906314456104184,2.8699442600076384,0.7498288757925549,0.7485288922118337,0.7486515877479079,0.6443136276459708,0.6450790031542056,0.6443669077953076
20.0,20.0,90.0,0.0,0.5314790457721291,0.1755203380780378,0.3813297155347621,1.6697748353724984,0.645061500530241,1.1440624280167324,5.886521726154126,5.888737690494873,5.880584281438032,25.167463161869904,25.280478688944843,24.878551013035043,0.2918046518959647,-0.06822174523222517,-0.07623840280318832,2.8947033623928196,0.8290169029995793,0.8252765059488077,0.827094344272526,0.7462009470876508,0.7449129632436706,0.745264482271904
90.0,0.0,120.0,30.0,0.6621001541165528,0.2576930881777677,0.4880264742780502,2.19118012058006,1.148937926261463,1.6466472091257842,6.2126314735779955,6.205012131290694,6.209701791371452,30.727734502442797,30.708835917962624,30.724604657607717,0.38811170626322944,0.5046945669978146,-0.0668791517738063,2.115855805140805,0.815863414978396,0.8165956127424606,0.8158434387336204,0.7872119689203197,0.7868561331000999,0.7878444144638637
50.0,50.0,80.0,0.0,0.4727046662006658,0.154328434245414,0.3381156555742807,1.669397527471359,0.6586493318448845,1.1565188532832875,5.572400483422477,5.563166747057705,5.563639756799683,22.924645591780358,22.834117927179406,22.88357947045282,0.26164377032281927,-0.08749729644232775,-0.06640131481702577,2.7558026285994686,0.7904840678817385,0.7910001649032706,0.7918738267922885,0.7051995863033205,0.7041259568810532,0.7054638785832912
90.0,20.0,80.0,-30.0,0.4788449992106706,0.1553848784015688,0.34457538035449903,1.1601505424599354,0.1205292392878829,0.6380020024036579,5.537069149234991,5.5515438393527194,5.535506847280621,23.068292687395004,23.064282705720387,22.930132712903184,0.25661509414939926,-0.6224902983275324,-0.08063431997577326,2.755571696392127,0.7959659514668089,0.7941159938610687,0.7946626756111559,0.7024304986555371,0.7022723557239585,0.700506052479579
100.0,0.0,80.0,30.0,0.469506402890999,0.1401601510244736,0.3382486377446782,2.202798587614436,1.1585221089538644,1.6704216545089108,5.533968042491188,5.529707697867081,5.526446234876168,23.127715828924003,23.087808583464604,23.07293657580401,0.26078737059904805,0.4461261279922975,-0.06948671063781303,2.7826231841919076,0.79755174358656,0.7958378542388059,0.7959707973697752,0.7007160151607104,0.6998569043037356,0.7002888148424253
0.0,50.0,10.0,-60.0,0.3054172306704864,0.0077188094089903,0.18135725556367266,3.137862923372897,-3.121698418814139,1.4665243566840598,4.023943117117191,4.013314439554643,4.0225239719946195,11.230118703142628,11.226532077878566,11.237434332834702,0.16813929577135914,-0.6902733453133513,-0.04281153708983297,2.0227826879032866,0.5976474752035413,0.5971477097649214,0.5974808162100528,0.5081973387884219,0.5080094666714072,0.5093427024849733
0.0,50.0,80.0,120.0,0.4570841577918612,0.1707366067922486,0.33908718156336476,3.140577752685794,-3.140488979051681,-0.2965740130638416,5.19920392662349,5.194203683555054,5.202804690084182,22.387199153815768,22.400119168277612,22.40339014963218,0.24869101188190532,2.0210723893047984,-0.066902061263449,2.2661496341480687,0.7377019182136516,0.737304280025615,0.7371196083289654,0.657898821911309,0.6584337354453887,0.6591239360032749
0.0,90.0,90.0,-30.0,0.5296663082327502,0.1842272931695715,0.3845123666542548,1.1390279344036036,0.1299225984992877,0.6235690777110947,5.764654493611759,5.770166035509066,5.765860855425809,24.943849609159585,24.977376665760065,24.62090028880416,0.28514574610320054,-0.5924714562498733,-0.08298981818436207,2.683526981771671,0.807054370920304,0.8041552351254775,0.8056479167615066,0.7307510764030273,0.7304087024880311,0.7304488157619872
20.0,0.0,40.0,-30.0,0.3391517231396579,0.002846316901176,0.21263400503338742,3.081273939688808,-3.0278263962215752,0.726270204222351,4.982845835119257,4.978931896984995,4.992685046024779,16.216361535945662,16.291836411150516,16.13720140826634,0.20995882437542138,-0.3992799968068962,-0.05477572195640526,2.906032526270157,0.7401086278588509,0.738723371914886,0.7408504250234228,0.6298060245661599,0.6308590659906498,0.6313852293971404
0.0,20.0,70.0,-60.0,0.424217353745577,0.1248342172596116,0.3015639194615928,0.6509669810282884,-0.4157361683029568,0.11619042413086154,5.235315721192288,5.231742506013555,5.230048861818352,20.856420529209565,20.85547841219101,20.83844767409483,0.22781644761944786,-1.1472528976121703,-0.06117874497456981,2.6241719852775316,0.7576433998705586,0.7583021984529972,0.7584353997438752,0.6627883399205063,0.6620557013294017,0.6625766681436972
20.0,90.0,30.0,0.0,0.3083003282647736,0.0310590236973399,0.1910037785864674,3.1155562959551104,-3.1398162200207262,0.9720122975708297,4.712658054881989,4.697683641267346,4.706746543963251,14.467478456626164,14.480828123204939,14.427374074233375,0.20129593999379683,-0.23596550071718012,-0.05262184058503724,2.674632526828644,0.7012362721566889,0.6997095868599326,0.699804497467541,0.5951405098090473,0.5943925192748362,0.596327481851384
20.0,0.0,60.0,-30.0,0.3912959840525715,0.0881902510917597,0.26870273521160626,1.2762055085773352,0.0695061280385496,0.6592142759726777,4.996567848429217,4.9998816772136205,5.004747422904616,18.910389564635782,18.970065169423542,18.92158513137897,0.20609305855249313,-0.6545457429377611,-0.055145721639601,2.577686802178621,0.733412213761216,0.7326907913808477,0.7339367012633007,0.6324210619021094,0.6334033236877837,0.6330099350645726
90.0,0.0,90.0,-60.0,0.5375521826543177,0.1871908421952329,0.3885309616906591,0.6156598246046261,-0.4014855373419277,0.09810153433843301,5.854940066812371,5.853311391707844,5.8525310825289685,25.113960101269896,24.763092722573756,24.879403450402556,0.2862338023705855,-1.1173450516860528,-0.08161717200140227,2.794728797698397,0.8149728953268723,0.8149949532347182,0.8174681181458396,0.7412836909863146,0.7414347404355293,0.7418185246809555
90.0,20.0,120.0,-30.0,0.6675661880833899,0.2578927977459131,0.49062589846805066,1.150948906883261,0.0890510037441646,0.5968445087794321,6.2139836278564395,6.213169368472993,6.21398472655663,30.711465846258022,30.759725202065887,30.744139913583673,0.3880687080608818,-0.5450887552904854,-0.07345820076403173,2.1240014064984787,0.8173439550908633,0.8175605544182966,0.8174356333099643,0.7878704206463442,0.7878369451733659,0.7879204426572772
20.0,90.0,100.0,0.0,0.571392652236231,0.2155698319105264,0.42174964090402184,1.6478094110131103,0.6606163648596944,1.1345140584481663,5.934305872639789,5.944741711705843,5.934467730018587,26.96133098691894,26.978405267422037,26.80677156140101,0.31587137235960333,-0.04647679062791771,-0.08448142807491231,2.5942202918755717,0.8206593878623042,0.8170326731266213,0.8193285694734456,0.7527684925732288,0.752772725632633,0.7515693555446413
20.0,20.0,70.0,60.0,0.4305845078739132,0.1014354399990347,0.29902775681523597,2.774276091061681,1.6248118895792911,2.203934672080213,5.2434752383334295,5.245926211599146,5.254649075995335,20.6754385622548,20.76664740756756,20.67268945950623,0.23649528095630368,0.9561878374969107,-0.04637918752032795,2.615178402796769,0.7515760652894485,0.7520302113028113,0.7517130471255726,0.6637640052321098,0.6649041961325379,0.6647671379950796
50.0,0.0,50.0,0.0,0.3766358352141742,0.0283227722251885,0.24163436167800798,2.158923219218672,0.3091426406659218,1.2341702111354353,5.110073800513476,5.1019016832799835,5.103089712918675,17.55462502836245,17.728969125171325,17.610060561145946,0.21857476620153354,-0.13901144326934792,-0.059028947546714,2.878581240810828,0.7507984135552449,0.7490193522354631,0.7495528866219444,0.6464476020321669,0.6453247006254783,0.6463586585470853
50.0,50.0,90.0,60.0,0.5199435792747926,0.1827373306684618,0.3780528597476889,2.6961743404842187,1.7247350084829496,2.1912750621501256,5.705587276398703,5.70418617123933,5.7065906494695025,24.603709390880663,24.959772258714267,24.960023429929603,0.28690993179440594,0.9819040521400869,-0.07532348461260387,2.6300121888923558,0.8002104965090632,0.801120246549211,0.7982998940178752,0.7229868123171518,0.7228014838935155,0.7224545882651034
0.0,90.0,80.0,60.0,0.4585823154215362,0.1629483036208947,0.3379096862135654,2.683539166847083,1.7479818361452408,2.1936288553698446,5.3152242303696555,5.330510745762969,5.312984487551056,22.57000913055674,22.578573099457813,22.4948822068025,0.2526705058153958,0.9774675771931864,-0.06573837457888006,2.430070195662241,0.756121677561798,0.7541533515260964,0.7557008282806984,0.6746463848855204,0.6742875184563466,0.6723309841556935
0.0,50.0,50.0,-60.0,0.3778422598855875,0.022075532054751,0.24015032057767513,1.15999892796414,-0.8391810672585185,0.177123971336626,5.0921686985492975,5.093885618874197,5.096802089801096,17.60955749387463,17.57843872085453,17.6962671597465,0.21466775808113508,-0.6754392756904003,-0.05451144378108198,2.878094325232722,0.750408427091308,0.7495334003571287,0.7485331650796396,0.6442837418616794,0.6451020523372988,0.6446431186109165
20.0,50.0,70.0,120.0,0.4255228646929037,0.1334535545174334,0.30354666504022365,3.1390328031920127,-3.133984252669547,-0.3187549274955624,5.053002893602652,5.062980486105794,5.052681830143568,20.358418508447897,20.349136912300324,20.311011322374053,0.22683227907150755,1.972440244014155,-0.06019599594345758,2.3248969531190014,0.7199926117828206,0.720344298313093,0.7198591521887682,0.6407153631163512,0.6406098629780982,0.6394647055989099
90.0,20.0,10.0,60.0,0.3104576951307473,0.0093713305599941,0.1942139188255775,3.1401522503235397,-3.141200657638936,0.38198360231602213,4.093928352420473,4.091551279670889,4.0891485720957474,11.059040742982958,11.065872693868984,11.060731428335092,0.14903513310596136,-0.4842549299096341,-0.03516266619329175,2.051433223972738,0.5994920100943689,0.600123112992386,0.5994941033654158,0.5180269442088834,0.5171893525472052,0.5175916535369051
20.0,20.0,90.0,120.0,0.5141170978958858,0.1804427917305756,0.37628332170897444,3.1384264536165505,-3.1415184934888205,-0.26815035271761734,5.6588838703145985,5.664098431037011,5.666734314617286,24.5144864305449,24.945072124645932,24.83470898867346,0.28624691365861316,2.0346811484286107,-0.07155621398407606,2.5764986744052125,0.7946253756223071,0.7950705133376813,0.7919720708225167,0.7174447187804107,0.717946542723661,0.7169193651838206
0.0,50.0,30.0,30.0,0.303763870956674,0.0356867228000099,0.18984187833259142,3.134864663163198,-3.128064131403627,0.9676821479695619,4.781037109831785,4.776281969529072,4.775938288027629,14.597955227206143,14.620467604792678,14.58450072406339,0.20413888572744843,0.049509672319407276,-0.0491665087981673,2.7611760060905897,0.7099776697908445,0.7108088323505731,0.7104136685086242,0.6046583451155375,0.603971309136048,0.6045664435218013
20.0,20.0,90.0,60.0,0.521519418230082,0.1653017698369035,0.37658814688339054,2.7203790111832435,1.6948866609017472,2.1874026312368584,5.801719076039622,5.79898462373282,5.804377613417932,24.75891618442192,25.082269731736133,25.1773400392742,0.29162526257964666,0.984403183024082,-0.06974229280860458,2.788334457404396,0.8160379737728042,0.8174969387126415,0.8135610823970142,0.7348748463799194,0.7350678232363728,0.7347671120039072
50.0,50.0,30.0,60.0,0.3070833663433064,0.0156823060105602,0.19177644659674498,3.1400178322786503,-3.1395224441737635,0.5903619405995543,4.701016370401041,4.693982950188538,4.686984075733552,14.497251631846881,14.501693896055288,14.537290259580889,0.19888347435133163,0.2865302663410496,-0.055013889388443635,2.6676802314299346,0.7012122890941151,0.7007640950749133,0.6995953926898691,0.5946625720466809,0.5930063170105846,0.5938234826349358
0.0,90.0,50.0,120.0,0.3818609444190201,0.019637732407565,0.24514578974431508,3.1400102393095386,-3.132838783257299,-0.23357597539927416,4.997561667686102,4.985132290766317,4.991910301233696,17.328895673465006,17.394942646535334,17.352156358884173,0.219563637834113,0.754913837105505,-0.07640502244325685,2.6912372951078503,0.7282016396274266,0.7280787947243486,0.7283647160639266,0.6317155859196838,0.6309087225001652,0.6326141280695536
0.0,20.0,90.0,60.0,0.521499265327232,0.1655153833019203,0.3767894574139129,2.712268442933772,1.69937217575581,2.1872924939350744,5.813391518904428,5.811150716488575,5.816955947621929,24.827888676770872,25.260989675907812,25.02586379287034,0.2920445097283007,0.9847551908349348,-0.06922846472876888,2.8102693126158087,0.8198116763677258,0.8184162969233846,0.8159525079243602,0.736547002414294,0.7363151089714571,0.736508099615023
0.0,50.0,60.0,30.0,0.4014170481513508,0.0753045738036229,0.2688000820316911,2.3855570611737416,1.083496196998006,1.7147681556473924,5.11420342453806,5.116964766806203,5.120423963826928,18.98035302178027,18.913967294274634,18.976281735985935,0.22098470346804977,0.3202486222329534,-0.055673375479853515,2.671157232535444,0.7400739422426477,0.7408256394927776,0.7413829349465262,0.6472669265362813,0.6482487475589646,0.6478575225128222
50.0,20.0,40.0,0.0,0.3392071241732359,0.0055286212049502,0.21539977228268511,3.0854422200672524,-3.1237157289278885,1.099243429967779,5.0025103165797455,4.999540045178556,4.994193002386801,16.31858826698601,16.32919470775109,16.30114451583688,0.21669170395772508,-0.19201801713247874,-0.05461347153452532,2.9413808061339877,0.7442785050452301,0.744308139196964,0.7429836539573046,0.6330239905539168,0.6320794844745916,0.6323981851769217
0.0,90.0,10.0,30.0,0.3094958361112082,0.070123853427379,0.20572693199094327,3.127099264655296,-3.1413085543082886,1.8381911128538553,4.04280381215731,4.048599557422045,4.039768846744307,10.858948456890985,10.878462345210307,10.864766560637003,0.14928205483716828,-0.8061283829379227,-0.04163193627377895,1.9717203233398022,0.588565433066586,0.5887121392860234,0.5884741192607941,0.5120235745128978,0.5116920030954827,0.5110009187602532
50.0,50.0,60.0,120.0,0.4063767983954417,0.0690815850919988,0.2733316536326743,3.1413177987128686,-3.138954899133813,-0.24467382937409202,5.063984648965888,5.0688879139538585,5.066222402694366,18.826736749376277,18.961918206122743,18.761066700608428,0.2228706234346216,0.9839413584371085,-0.06852772327674206,2.584064322153113,0.7315684822042479,0.7308509016357236,0.7318151304618341,0.6415571780515366,0.6413870301003085,0.6411659432452667
0.0,100.0,90.0,30.0,0.5168758949842976,0.1948189071903206,0.37967907494590114,2.1605878423781424,1.2187057576153637,1.6657171786555973,5.617063007172501,5.619333602662039,5.6175231996605035,24.556228671760678,24.44880316392574,24.717405134802604,0.28270530940149496,0.46572824615332126,-0.074568476374974,2.4685896933281697,0.7798377507896226,0.7835590086753117,0.7808886119848588,0.7115601224785917,0.712194661129963,0.7113956901052213
20.0,20.0,30.0,60.0,0.303008310983637,0.0358797930458404,0.1898451765256272,3.130057381350388,-3.141551954329842,0.5097460128286435,4.816240304346145,4.811283699890565,4.817688765960129,14.761095307761414,14.752312090303588,14.710025753277586,0.2043841686841659,0.325445607047314,-0.04730261096621694,2.8188522586065847,0.7181165906264539,0.716285497125801,0.71776895819122,0.6088222161058128,0.6089925651186654,0.6096130242538766
20.0,0.0,30.0,60.0,0.3052635053752265,0.0305950051401227,0.18964116986020232,3.138892633904428,-3.140096831694956,0.5530617815845934,4.809292580561266,4.800787718298873,4.80686019871332,14.706834850093411,14.68485488034604,14.633446341372398,0.20288317531028396,0.3199425742306822,-0.0465268800662326,2.8032076024783037,0.7157348444082288,0.7152214429754363,0.7155364724248005,0.6078097206511058,0.6074881029285213,0.6085377996185237
20.0,90.0,40.0,60.0,0.345089245543543,0.0019481889050414,0.2144143728980608,3.132166236922379,-3.137671317844446,0.9995256391690628,4.860189332790638,4.864276859877119,4.876645202850957,15.840824170134061,15.910997742518704,15.883695119972705,0.21011218164078116,0.37575894304331664,-0.06458509968290323,2.723607291071158,0.7174814353772115,0.7179881463337686,0.7185545441159135,0.6146659279548263,0.6166580185685107,0.6162148703096886
50.0,0.0,20.0,-30.0,0.2936431952289122,0.0270854646232294,0.17360815318046993,3.135191737750643,-3.132369569842225,0.6091706909039297,4.5021241670972625,4.501597725422228,4.505744626863242,13.149032253227833,13.114817690558867,13.153704620451613,0.18919320503974454,-0.37190504914418354,-0.04148135506785289,2.5333198289414316,0.6727736920230369,0.67287372684837,0.6730985611133944,0.5693039328507051,0.5697501894393986,0.5698094814363481
50.0,20.0,30.0,0.0,0.3065499634483156,0.0350198117444663,0.1934250167362768,3.1250665627226404,-3.1342941207778194,0.8799611045811796,4.811606465940594,4.81260991480493,4.808322171183703,14.848886667539789,14.8625435761638,14.845024561201045,0.20591523827695554,-0.2289314038830928,-0.0478303077648059,2.8392483807805204,0.7208913041220912,0.7211451325059962,0.7203249915944328,0.6088691532041752,0.608538127846075,0.6083666186969203
90.0,20.0,120.0,0.0,0.6605149325096709,0.2567063016729131,0.4873226014576196,1.6790993760100297,0.6169159812656556,1.120965146880076,6.162808891168881,6.163428904559688,6.160943029371274,30.69712118665525,30.678673064248287,30.674144324054698,0.3887277589799855,-0.018861845655711876,-0.07040070216577955,2.0549729576509144,0.8102854977121926,0.810090090078442,0.8101728979968741,0.7815906868218867,0.7813111555705764,0.7812850649504087
90.0,20.0,90.0,-30.0,0.5330860775420603,0.1809203139587183,0.3845979412725457,1.1435386574526836,0.1213128605425227,0.6215535852363991,5.844593304469106,5.845503338276095,5.8499132922058985,24.84234283089181,25.18171329573781,24.841244319831738,0.28805640656553494,-0.5923820003809535,-0.07991881812942372,2.8039965185410534,0.8193616892560258,0.816970004516836,0.816041457647748,0.7405878958353971,0.7405422468078497,0.7406927578722532
100.0,0.0,10.0,-60.0,0.3122569912476823,0.0096379718370858,0.18332717032661608,3.096423301694366,-2.9942242234255,1.2865929026967171,4.061074097620409,4.062542950905283,4.069627223575404,11.190143751991062,11.228085435408818,11.224392334012085,0.1643639662407158,-0.43686496139369685,-0.042299556226988326,2.044146696313127,0.5997443547337171,0.6008294125370905,0.600567721946156,0.5134360368735207,0.5144893821782585,0.5145286253667831
20.0,0.0,50.0,0.0,0.3760120598763378,0.027904837207541,0.24107076484246812,2.143842578344262,0.3110945384615186,1.2301165314944127,5.110896338646838,5.106741442801561,5.10836231208848,17.540490399232358,17.68088663109181,17.71182061489569,0.21813632129277657,-0.16011658230327197,-0.05782876081172776,2.887013812995351,0.7517691349743088,0.7504088718829824,0.7496848872027406,0.6466828162602855,0.6462866249920484,0.6465889818949133
90.0,20.0,90.0,30.0,0.5269930046222615,0.1706669004102136,0.37903133485818813,2.1920231944289483,1.170133167418958,1.6642883516726104,5.85761236529722,5.856288739957029,5.8552401088072,25.346633215119034,24.938232031149997,25.02547661114189,0.29223377379314064,0.4595151381174981,-0.07231600874797282,2.8735183118382026,0.8239315728991728,0.8238092268444815,0.8269281063496305,0.7415403986847099,0.7416762742152501,0.7421857514371983
0.0,20.0,60.0,-30.0,0.3920052054752995,0.0786753874557237,0.2693593062990748,1.320092477410089,0.0148923072941234,0.6573017823648554,5.0338383662190544,5.038112181384959,5.048913865941196,19.02973624300323,19.084866139282386,19.063801677426763,0.21046136036846042,-0.6062935452746092,-0.05552342644035861,2.638985689223834,0.7402604450458654,0.7397976713325282,0.7406545127613604,0.6369716132631656,0.6388192088439691,0.6381993211919383
100.0,0.0,10.0,60.0,0.3069742772317151,0.0508609459669065,0.21733602528498452,3.1352034507705207,-3.136238472042145,1.8894930614764134,3.9131014976030754,3.907666001634644,3.9080990887824174,10.345369642790184,10.328723996741157,10.33507246715248,0.1273096844631411,-1.1270727703056171,-0.029936776335973737,1.8218944915061448,0.5647221907746676,0.5681795050995256,0.5664455004408041,0.4947882944499778,0.49410649543779267,0.49494755576959765
90.0,0.0,100.0,-60.0,0.5788244429525028,0.2213303135168377,0.4247663604533723,0.6018433574334574,-0.4047652596940373,0.0929139539615154,5.981446654329257,6.000342261948157,5.997226017611609,26.77527145030772,26.78897663396469,26.74989495212946,0.3184812232276746,-1.1027138874525217,-0.07961623459454922,2.602303046125161,0.8194253737964392,0.816190259871227,0.8159608596717663,0.7588192332630663,0.7609251536042683,0.7585068968427767
90.0,0.0,50.0,120.0,0.3771092094634047,0.0220890331293903,0.24236314196009784,3.1414766404451835,-3.140599731431,-0.235287875700012,5.082166496743747,5.068205812384363,5.083694539564701,17.669357773470068,17.692777715836883,17.717140171405443,0.2214208943230266,0.738345229605079,-0.06629973440746044,2.851055245991365,0.7479373141040874,0.7470580158791688,0.7467073317801638,0.6418930394382016,0.6421438452943103,0.6438771552731682
90.0,0.0,80.0,30.0,0.4708378385314771,0.1392960920240738,0.3384750226958114,2.2046693336254948,1.15515127022921,1.671071969399121,5.5532410942818675,5.548439154121277,5.544621432615358,23.16113836842833,23.1196730893676,23.086733969440104,0.2613266949185399,0.4453017135507181,-0.07004350990575056,2.807497334323472,0.8004654074925357,0.7984082843143084,0.7984253785713087,0.7031602146497986,0.7021442737841148,0.702682950030897
50.0,50.0,60.0,-60.0,0.3939176267873929,0.0696207128380164,0.2663386278085,0.8122109901270075,-0.5369916829294499,0.12913660006522606,5.089199163746806,5.096338776591866,5.088024906764582,18.976711894484307,18.893505633987605,18.982861031911867,0.21229046077918415,-0.9923236100567722,-0.048294417596945555,2.670037385248076,0.7399479188065264,0.7413864916018473,0.7420730119804997,0.6448158152772598,0.644687683346105,0.6438523439632181
20.0,90.0,70.0,0.0,0.4113937471352888,0.1461297020859284,0.30297732729807414,1.6475040141061208,0.7112489900592529,1.1654000936954307,5.069217666387723,5.070359816745429,5.077148155989199,20.451144650647365,20.455853790051023,20.44850232758792,0.22173713133635278,-0.09988567316432508,-0.060488989429235245,2.3814943659903376,0.7293073261963405,0.7289963874576401,0.7292511225843168,0.6416445616165922,0.6426281800656782,0.6425190029520556
90.0,20.0,10.0,30.0,0.305360270513775,0.0087317350557147,0.18208705612654877,3.141430654327632,-3.14088134281548,0.9365787104005141,4.1207736376409,4.115128572176995,4.124103639981621,11.384308849168926,11.373287075857709,11.43361994001505,0.16070918378628074,-0.5280282277459611,-0.03672948527568256,2.130722521355899,0.6117994129258777,0.6118134674927601,0.6112106952348852,0.5204837587117014,0.521149067597059,0.5217975603819446
0.0,100.0,0.0,-60.0,0.2529372337984105,0.1767110105458398,0.21673269506104068,2.4454241084434685,0.8425097912859131,1.7722405255698546,3.454026947373412,3.4678664554833034,3.4512062832579424,9.451764799960458,9.470433218467521,9.461486257225738,0.14712668270486887,-1.9831977281765731,0.008409707079841887,1.4795705889879531,0.51602958345103,0.517378511736191,0.5171101788135011,0.43813131692772006,0.43779694374626876,0.4359766580863766
50.0,20.0,110.0,120.0,0.613503596573223,0.2313272412619531,0.45386195384914335,3.1415003003119684,-3.14107533638146,-0.20586413293430442,6.090796422169658,6.091957833504143,6.091364874625267,28.733319802024113,28.748719340866288,28.745482929719508,0.3493314060730167,2.0654662688156296,-0.06868482296843183,2.3715008881904955,0.8162588190977819,0.8170576504351315,0.8169167978313325,0.7721199174476527,0.7722029225768337,0.7720560211463748
20.0,20.0,70.0,30.0,0.4268099313118225,0.1061949072877277,0.29955476653662005,2.248619907562193,1.1280163026906715,1.6818898923579355,5.22658313737314,5.223490211136771,5.227176174061194,20.71963452907504,20.69409516143546,20.80184329810363,0.23395013505625475,0.4278524003293145,-0.04731785322648772,2.597116713818365,0.7499233908273807,0.7523081221363537,0.7522375474025765,0.6614254030535643,0.6615982695342946,0.6619998794133289
0.0,100.0,110.0,0.0,0.6167547597989116,0.2437574797688779,0.45459222524011234,1.659672495865278,0.6523866488279212,1.133314241981532,6.047350502164392,6.0432025206475,6.051695969512464,28.6161947093694,28.614937384990334,28.622308678824787,0.3512920996641519,-0.03623897255496685,-0.07668822242365139,2.279226724368652,0.8073228316492139,0.8067193082987105,0.8073339992814158,0.7660785175326493,0.7666416510940117,0.7671401242318308
0.0,50.0,120.0,60.0,0.6550756716549783,0.260037695001581,0.486071452408486,2.7141849946917747,1.6816036012909126,2.169334827633366,6.136578042274014,6.1452943729560525,6.138574437502063,30.647457734980595,30.629058996883444,30.62004572251842,0.3868659389823003,1.03048127702435,-0.06830109849640448,2.0161300427880406,0.8067790257396843,0.806365210203125,0.8054994062518416,0.778756563770015,0.7790627108948486,0.7779366679055446
20.0,50.0,30.0,120.0,0.3243649108239252,0.0080581996978904,0.19608983209974187,3.136936634740355,-3.1363965828736258,-0.393133062512415,4.552344905980541,4.551083614797273,4.557965154721299,13.95924381713054,13.900321606563445,13.814824348792797,0.18704954117118452,0.5037866773278358,-0.06080665453258119,2.4318387832083492,0.6704965554066264,0.6691500372781384,0.6707139061617295,0.5755818030698706,0.5762554984574471,0.5765545893005928
90.0,0.0,0.0,-30.0,0.2756655435323746,0.179482812351148,0.21869062091584499,2.6574461616520626,0.7121149385510164,1.7531504740074724,3.4246089948754133,3.426888207570601,3.4267042854307523,9.346595340125443,9.354519819339158,9.35570816783745,0.1478719379651268,-1.7485972092756923,0.00823695914642859,1.447409292809549,0.5109367613391815,0.511019518849561,0.5121803245741773,0.4332430352550042,0.433519509534392,0.4332144319356458
20.0,0.0,100.0,-60.0,0.5792002835193175,0.2217175530404475,0.4237921859276567,0.6106656521903678,-0.4031594748848176,0.09277319354519413,6.017161054091897,6.032512136883052,6.02767897924588,26.812694897875026,26.827688707533003,26.73890531292102,0.31924961319015466,-1.1022929122807568,-0.07709281646053603,2.6485970059245125,0.8217894736860551,0.819925583185245,0.8222900046766447,0.7632436356185873,0.7646542268192207,0.7627637856190274
20.0,20.0,40.0,-30.0,0.3396979541182101,0.0030080165009754,0.21363751043041765,3.0511935822506224,-3.1043184048774117,0.7058509664132052,4.984327242106141,4.984975699373925,4.998353467091232,16.21294111799333,16.31477836024998,16.26056626359238,0.2116786375486692,-0.4059194798789611,-0.05485515120961409,2.919329098257021,0.7422514853057511,0.7400130796331947,0.7424973111364109,0.6301796178705987,0.6319184153760653,0.6317015256446136
0.0,100.0,50.0,-60.0,0.375049443386149,0.0299487163210044,0.24166614844449325,1.096899792262472,-0.7452008885218815,0.1817470919918747,5.06248507727589,5.061616331191046,5.062562748933274,17.471604702760374,17.529072648753772,17.648006182025696,0.2127138658123774,-0.6702673972444926,-0.05746092460187983,2.826327484671332,0.7439367808504952,0.7433606147954127,0.7437532761009438,0.6406978296258548,0.6407454513259625,0.6405318211256081
100.0,0.0,0.0,60.0,0.2756940777113807,0.1779091896215913,0.21867822329318792,2.692271010433527,0.7857139397707507,1.8185480440071482,3.4260732941888086,3.4281327495383116,3.4268365866081507,9.339908732307745,9.362943714265718,9.359984235210765,0.1478828990471134,-1.9317102071540886,0.008291619025785426,1.4474538522960076,0.5110348226171381,0.5110427849653155,0.5122267715636732,0.4334653234129311,0.4335735074340204,0.43330028081638544
90.0,20.0,70.0,30.0,0.4294189322105723,0.1001908005917844,0.29989017366976073,2.260135253608869,1.0976061903337486,1.6819040195588233,5.228799300025042,5.213645339604,5.222801799844132,20.756234736661888,20.757384267773624,20.860435443970818,0.23373539723287132,0.42442439689670974,-0.048398919409507614,2.605044089434051,0.7523126897280448,0.7529243731480808,0.7532849551153955,0.6610004722947478,0.6602941128453389,0.6621438720345373
0.0,90.0,60.0,0.0,0.3900673504807387,0.091156783708566,0.2690452541826579,1.8141051421223515,0.6307460591635398,1.189581014716003,5.0090775302839745,5.005785180835384,5.012819389440067,18.652793050836312,18.676010254923373,18.751107408576907,0.21015099366807546,-0.13528647248087397,-0.05538831192588732,2.5265834773771094,0.7234448414782846,0.7256154906650587,0.7234735261276798,0.6336821797567286,0.6341374684593345,0.6344974369506952
0.0,100.0,30.0,-60.0,0.3085985726353484,0.0219717661084016,0.19150419340961203,3.049055090310425,-3.078698755100428,0.25625800140266486,4.716402520569514,4.724699416350878,4.708277762335374,14.542197208823486,14.542665708664698,14.493758649630532,0.20213680278761254,-0.4642034104507497,-0.052966078345518,2.692293167505349,0.7034192632993947,0.7030542394954872,0.702349009128171,0.5976783490121461,0.5966904239608777,0.5956318602032615
50.0,20.0,100.0,30.0,0.5720424319186335,0.2068401639914084,0.41718968529576494,2.168042758926553,1.1853852851170836,1.6558201517742257,6.049784263276158,6.055937625125849,6.061582154174268,26.81622873110175,26.813013775578458,26.77567069393369,0.3215667213683061,0.4818638569508869,-0.06804318152448058,2.70922344249498,0.8258667139244292,0.8261242611737238,0.826019954929521,0.7664620124457853,0.7679753862980007,0.7673933265209241
0.0,20.0,90.0,-60.0,0.536042264329009,0.1796124128461937,0.38573530367693715,0.6221381485046982,-0.4052639647443635,0.09723839588643761,5.892954204087185,5.893735181504974,5.890592284341883,25.258719333354303,24.925763652824422,24.940513954682544,0.28888225890134633,-1.1164739031225612,-0.07933760930697707,2.877632059606617,0.824314243881327,0.8238428306528477,0.8265973643297819,0.7462906331713816,0.746289743200456,0.7465934138516404
50.0,20.0,80.0,120.0,0.4653207195668151,0.1343120277099285,0.33524028080227813,3.1389289895703034,-3.139844459323223,-0.23491277824596496,5.356773129540485,5.373422276078264,5.365204838228969,22.705550834736982,22.58730191213436,22.562156940055743,0.2585714010802947,2.0229024329841856,-0.050540301099612404,2.502770527537862,0.7608777111146622,0.7602999499677867,0.7615922364720957,0.6793847150233078,0.6805460621946301,0.678625255863196
0.0,50.0,20.0,30.0,0.2890051249179805,0.0381875114455263,0.17216426652393305,3.1291492129442258,-3.134921791265809,0.7370210832928779,4.463676838686094,4.458891882271571,4.455561487513148,12.938298287619467,12.952293048105815,12.924585791244276,0.18691556591311626,-0.04655873891786339,-0.0439337108098301,2.467118236035552,0.66393286012432,0.6654176711148692,0.6641397887653675,0.5645716782127369,0.5634976643405467,0.5640688921826276
0.0,90.0,100.0,30.0,0.569144317480092,0.2139425136576232,0.41910320506528775,2.1715852107095874,1.189749356527717,1.6559867916102973,5.922478606635925,5.939585293874492,5.936003008340793,26.923811359553856,26.826329123881017,26.84262342081598,0.31653258400421713,0.4803800290952983,-0.08182273684824032,2.5803311493542185,0.8162098530224692,0.8158140264634807,0.8173449381309001,0.7512307453612804,0.7531008620652725,0.7508855755543988
0.0,90.0,30.0,120.0,0.3239078959610699,0.0102677269369803,0.19647458267507556,3.134196695066512,-3.140510359329871,-0.41998662686860233,4.5651042317788075,4.553294565671131,4.557834046673144,13.935255663445119,14.058878746427686,13.98878225878459,0.19051852932831365,0.44971857907887447,-0.06350155626387796,2.454423673065689,0.6733918383963565,0.6744552049181504,0.6733159665142271,0.5769458191358547,0.575917053375802,0.5774639223186117
20.0,50.0,30.0,-60.0,0.3082268710732984,0.0205818809274585,0.19037109346149086,3.140253878058998,-3.0713508605366533,0.26026098016162724,4.781561151169466,4.783135367257067,4.777707904566356,14.619185001864139,14.621220279779292,14.71127904172759,0.2022944676028927,-0.39694261207644255,-0.04924320451064988,2.7738839151114054,0.7110632911548656,0.7127978817367798,0.7130804058408395,0.6051760258856016,0.6046899499224556,0.6045213676442127
50.0,0.0,110.0,0.0,0.6172584464826898,0.2447166709793239,0.45659498507346624,1.652307398045093,0.646093869993599,1.1306417213593563,6.118412581539618,6.120721688733133,6.107989348771699,28.771388508741264,28.786009733872508,28.718652616374463,0.3512496236556367,-0.03427609938051518,-0.0760234621539739,2.4024218720718733,0.8222266726576631,0.8209289828821043,0.8206933741740424,0.7761594751499994,0.774795827107281,0.774577334953905
100.0,0.0,120.0,-60.0,0.675738526121634,0.2615302827676461,0.4957246540900209,0.6254898171954515,-0.4372747260470357,0.07226190616389383,6.313140117647709,6.3186979147091495,6.314874049897118,30.7948021235752,30.799079795703307,30.786901730952156,0.38698944387894985,-1.0717554496008452,-0.07564055117581012,2.249008870363191,0.8294401006658875,0.8291367952782723,0.8294891957315514,0.8008212780077802,0.801075493449077,0.8003392655973699
20.0,20.0,0.0,60.0,0.2910528133209361,0.0907102603907754,0.2191955217349998,3.1346596193327745,-3.1228870539205063,2.2095720287341507,3.453702413441625,3.439280252863343,3.444280620929897,9.366397633120657,9.442076492101435,9.429376817636511,0.14978702960543475,-1.9327352421396453,0.0075701533408211105,1.4879873000324446,0.5147106708553354,0.5143779208205069,0.5134383014863502,0.4359442575525487,0.43480571044615357,0.4366374052861057
20.0,50.0,0.0,60.0,0.2682398174902793,0.1776439182222982,0.21847279626903007,2.793943065675444,1.1763302785538576,2.0588335361784402,3.422251190058797,3.416819299569316,3.4140440477133502,9.368749908992623,9.373649837201713,9.352924895360001,0.14824125197090512,-2.1350461815871147,0.007836231054958733,1.4556967875902085,0.5131008537218229,0.5124843137032327,0.5100906149929174,0.43272753746597564,0.43176597194201544,0.4324290239343411
0.0,50.0,50.0,60.0,0.378853768650276,0.0236650190790965,0.24483735530426337,3.12893261094897,-3.141567176594242,1.7656979641084234,5.081052826379764,5.075328819660608,5.0813259687731485,17.66116425528263,17.62409973282275,17.667809788935127,0.22312746118166402,0.505900121467506,-0.06524955837334034,2.8462495605022884,0.7469379453775122,0.7458887419857737,0.7456389577914962,0.6424800425190923,0.6426353052746331,0.6433476965431365
50.0,0.0,0.0,120.0,0.2881265113587337,0.1778684777032965,0.21972648802429615,2.893962530047375,1.021658543790578,2.0200226817465428,3.4212220250964975,3.416800454301731,3.432790490931018,9.335085328020954,9.341403033685166,9.375066708183326,0.1488154500766398,-2.11708056267528,0.007978191048741652,1.452730594631178,0.5113278816605654,0.5110678317466435,0.510720381150942,0.4318667877041278,0.4333267734318672,0.4338929113162815
50.0,0.0,60.0,30.0,0.4004892621286601,0.0674851814045632,0.2708211733766518,2.402587623061145,1.0368804145702204,1.712750338926017,5.135598212248479,5.139957454007692,5.133907964187841,19.14855619765812,19.04509385108159,19.249026747975115,0.22185400191087046,0.3389462986648857,-0.05564434184879262,2.7323798135312045,0.7481886575639779,0.7502550359078245,0.7501430252943324,0.6503704116007035,0.6505250150152858,0.6496794990944763
0.0,90.0,110.0,120.0,0.6053319075000196,0.246966138619579,0.4508204680009529,3.1384588462527576,-3.135742588704805,-0.2148070903759995,5.946827504056543,5.950794339934998,5.948414220725097,28.50954328014864,28.51941456441611,28.50121916493817,0.3473712599005512,2.063912323222606,-0.07280577307044214,2.134055058515604,0.7922299732876861,0.7918374374462274,0.7924362517219327,0.7541696638465459,0.7543484971356929,0.7538571189510793
100.0,0.0,10.0,0.0,0.3092304824389952,0.0049874791558707,0.19182845358118245,3.136068984425377,-3.1322517216951744,1.8139888345803554,4.078144491452083,4.076713375717013,4.074905034518331,11.157637035223104,11.190642727781258,11.137841224882816,0.1585671768840946,-0.7238726092648802,-0.04064998646744985,2.0591630408511277,0.6003925622368078,0.6024469042724232,0.6000873396226027,0.5157754648656494,0.5154449363901402,0.5158615978701763
20.0,50.0,50.0,-30.0,0.377076609275356,0.0268899400192433,0.2410730550261467,1.637250607523817,-0.2515516258096979,0.7045686375038496,5.096103818565491,5.093954057611394,5.092925214117346,17.737195257380414,17.587392473345,17.553307765300612,0.21652105062943477,-0.45395250550405297,-0.057384512915877664,2.8705085684464597,0.7476772696486871,0.7490455219798337,0.7493318472508693,0.6447388361272381,0.6444130811194763,0.6449415505272222
0.0,50.0,120.0,0.0,0.6604200801196021,0.2570984276581917,0.48723904460994844,1.677963469251632,0.6213145172266686,1.1217687294796472,6.145364024781347,6.1446735168262565,6.145324718726021,30.67839301805533,30.718111761481325,30.710599865941308,0.38847528709632173,-0.019784303300244242,-0.07179807409902514,2.0370953411197865,0.8098100580812543,0.8089531218550656,0.8089514236076905,0.7792225146452991,0.7791931063647577,0.7792416628843152
0.0,90.0,80.0,120.0,0.4608022242429162,0.1692783649268281,0.3391809593764706,3.137880448792599,-3.140477135455956,-0.3538948232357956,5.17802321342908,5.199249337949116,5.192917227390998,22.22850022937927,22.325642488042124,22.30216251506717,0.24881331033938026,2.017064324984357,-0.06358738792162717,2.2313272473607086,0.7317232906159484,0.733211005835397,0.7317608088631546,0.6571456443242271,0.6589565436607961,0.6562267561706167
0.0,50.0,0.0,60.0,0.2688845232676308,0.1732953323907179,0.21831513747433312,2.8608514653870056,1.1538213746079409,2.0978707924647533,3.4245127234138146,3.4323491642193904,3.418552675938987,9.388594699739777,9.37343712088642,9.358224682214008,0.14792565105024028,-2.07574029022514,0.007785800372943345,1.4604857069374675,0.513003603425133,0.5117918378222047,0.5118860575665758,0.43403045072897795,0.4333004410439886,0.4322016053910413
20.0,50.0,40.0,0.0,0.3403839760812641,0.0027232894884353,0.21288889376489703,3.088451368106776,-3.126275184745597,1.167153742031802,4.977103025659394,4.9714224004144425,4.976642787776322,16.072907057224256,16.099138760490504,16.10910916626427,0.21434631238398325,-0.17824183615469089,-0.05445207274203935,2.873556299761052,0.7357187603233758,0.7342139614446063,0.7354256160183699,0.6293600320772633,0.6292707034657025,0.6300202776839803
0.0,90.0,110.0,0.0,0.6175134963533061,0.2461876384231319,0.4547904104444703,1.6562432208429474,0.6510297792181384,1.1285458086425855,6.058897950922483,6.059583006594924,6.062026324771163,28.563519108427442,28.594703730256153,28.638996203222867,0.3512719638832484,-0.025470090083681292,-0.06934014597050359,2.2791384480560217,0.8041975795754496,0.8067741320788274,0.805191269551643,0.7679925183769538,0.7683632253535952,0.7682386738932556
50.0,50.0,80.0,-60.0,0.4818438857737685,0.1545060328811827,0.3414706440118471,0.6249319630759042,-0.3940377922650704,0.10667177517212108,5.610936010491633,5.5998552672991275,5.596205527226526,22.836558863373412,22.891909759770943,22.884955481961835,0.26019387445414627,-1.1320977710376408,-0.07187128867259815,2.7887691302646096,0.7946938045494918,0.794505852709664,0.7944600112365274,0.7103676730428724,0.7083279261461946,0.7098078250757319
20.0,90.0,0.0,0.0,0.253369247870915,0.1738769832178484,0.21696574146959463,2.4329347695665327,0.7731447590796892,1.7013433504800628,3.4462959263790305,3.435408140076702,3.439015787610228,9.452844727364635,9.431983739121756,9.39958618317008,0.1474115530065688,-1.854181972948303,0.00807359378318103,1.475639578705814,0.5163639694389968,0.5153193325269716,0.5159382967823379,0.4352557672798113,0.43434672527743656,0.43573770939848816
90.0,0.0,90.0,-30.0,0.5325790009063449,0.1821635846797234,0.3858136191517991,1.14343909034951,0.1312798696703835,0.6224676618574969,5.844707256412865,5.841277234086878,5.837168363990011,25.13418034090358,24.75241054878636,24.88340661586527,0.28724733972449645,-0.5933245462218889,-0.08045660075679019,2.7853253593307614,0.8144699329017595,0.8143686168458572,0.8169487518484956,0.7400188181419814,0.7395208842858142,0.7401839993751126
0.0,20.0,110.0,-60.0,0.626610642839763,0.243461743644832,0.45858847816181364,0.6173197808055121,-0.4211861233330868,0.08301608661614919,6.1410207117284505,6.145564642732617,6.141296116042327,28.792536202137708,28.836510018278513,28.75109791097338,0.3528577178630205,-1.0844513970130896,-0.07480229605697297,2.4321361000623485,0.8227931848861779,0.8233294564811788,0.8217027960566315,0.7787338915758192,0.7787921313807237,0.7782532512319754
100.0,0.0,40.0,-60.0,0.340019526367689,0.0046704066837482,0.2123002216033366,3.077551549618945,-2.766711688976228,0.24842521329700928,4.947378821424442,4.948035366358889,4.945311612389807,16.11423234140027,16.146579068406247,16.002033352316218,0.204104405561937,-0.5459051823926366,-0.053755772868371215,2.8542241249168625,0.7334115622327089,0.7343297297916298,0.7346119223287833,0.6261631717261184,0.6257499498119321,0.6258150299460333
20.0,20.0,80.0,60.0,0.4667704459085488,0.1367336140036669,0.3359382646430553,2.7263841697748945,1.673662148912881,2.195337330437429,5.455327111639574,5.445738458865491,5.457671140307382,22.800634928963003,22.871065002935886,22.99325650353865,0.2606800417064546,0.9659040660418989,-0.059774910979065024,2.6604838032304543,0.7806961212812177,0.7831948005075136,0.7810826940765389,0.6899776891548203,0.6903266200592193,0.6913696776253914
20.0,90.0,80.0,60.0,0.4602827083637949,0.1645447847132411,0.33837239415067616,2.684579914417724,1.7470484692281925,2.195344214140225,5.318370704057877,5.325518513623895,5.3085236893960195,22.615862807069362,22.605623417280267,22.624836549331267,0.2525450034445649,0.9736265864739301,-0.06902422418849026,2.44324512175261,0.7587616255772067,0.7578966333082718,0.7584115668676479,0.6746280387866753,0.6734191618348031,0.672373924995309
20.0,20.0,60.0,120.0,0.4138958691404062,0.0586238285507687,0.27353850823521453,3.132881635688584,-3.1371703459443485,-0.20778122231319301,5.2007204030824115,5.18452654912959,5.2024697432805524,19.262589567976388,19.305868669407126,19.315920598327544,0.23323580854783232,0.9111427685357139,-0.06299949910042628,2.802060919629815,0.7573279135501616,0.7563989387545694,0.7558091676175619,0.6569106236055606,0.6571246035781789,0.659167173751715
50.0,50.0,60.0,0.0,0.3913375949881084,0.085489859716081,0.2684279433767599,1.8123445018508009,0.5974327598243978,1.1861281217389805,5.037224697041388,5.0333423929703995,5.0382707368101345,18.729686674398952,18.747028897236486,18.828912680468157,0.21174093497582014,-0.09788957700452912,-0.05361270066550382,2.5691583942867418,0.7280885430712152,0.73053215214113,0.7283634867587003,0.637307218879254,0.6374254254790419,0.6378554971656534
0.0,50.0,110.0,0.0,0.614107712660858,0.244895167163577,0.4548986048066596,1.648234020017893,0.6487897318790972,1.1290424750918224,6.093757760448758,6.097100267938412,6.096902593875132,28.679744973075454,28.68082995018057,28.68331370855098,0.3520865345201867,-0.03036456277619594,-0.07154598455404224,2.351592691702652,0.8137803841797204,0.8137247837415876,0.813697328133235,0.7726116899046784,0.772945699633815,0.7725855334432008
0.0,50.0,70.0,0.0,0.4196404920071699,0.1293019158699276,0.3005550785685159,1.6924945848526287,0.6673420900436476,1.1628928923229451,5.134610359949294,5.131388813360803,5.136504139653172,20.610197360203315,20.633603807038526,20.60614823734755,0.22580832435543843,-0.09690812934540541,-0.058793909063641826,2.4839382894764395,0.7412361088393998,0.7411297080106096,0.7406126920589226,0.6498094918974986,0.6499937979338659,0.6504033647848719
0.0,50.0,50.0,120.0,0.3798537358771941,0.0164131220175116,0.24337042618164265,3.141364930896949,-3.140708645392881,-0.23033262395212878,5.056230799298112,5.069146306790079,5.055748400740767,17.456974297330085,17.519886516751495,17.52020978617325,0.22558883941755678,0.752699431670871,-0.06962749035119924,2.7888849267012206,0.7390957769896466,0.7391100345657287,0.7392007306208564,0.6410501679303126,0.640933209729876,0.6392155047539235
0.0,90.0,70.0,120.0,0.4332666752674337,0.1274958084771357,0.3044907497404831,3.140151160253593,-3.141558671450928,-0.29961391434201295,5.092349738377894,5.1082730504618015,5.09740303454918,20.313822591822955,20.304961811216288,20.321448762619212,0.2304789530722462,1.8717192210645184,-0.06120446770612007,2.353322811217525,0.7217624800903458,0.7219473182778985,0.721992981253086,0.6460055882779058,0.6467043148089855,0.6445079502003377
90.0,20.0,60.0,-60.0,0.3937385809043045,0.0726911452164798,0.2659883015764581,0.8106010855537685,-0.5054952844373202,0.13194589240954332,5.063076767993311,5.06946069892117,5.065776458875939,18.967717367914773,18.89156279531365,18.980987558430144,0.20923574869856582,-1.0669631372346462,-0.049607861097746495,2.648596638340725,0.7390793655946605,0.7396295304051629,0.7404033106384119,0.6412470167993342,0.6416824066034538,0.6408623430209704
50.0,50.0,0.0,-60.0,0.2565106237877631,0.1811469297691457,0.21848228325794947,2.7670995481436664,1.1309240310165898,2.0109382481812945,3.4358048008735333,3.4194642146685617,3.4204052027971086,9.353589744447632,9.377460343572313,9.374348205900622,0.1482135504541131,-2.140513941723588,0.00792737668632801,1.4607477162450835,0.5132610939392747,0.5115967093476903,0.5118130900101385,0.4338445794275978,0.43191661387517677,0.4340159948406134
20.0,50.0,40.0,120.0,0.3445644315551622,0.0068219937979963,0.2136743530686627,3.135234389434619,-3.136916507743285,-0.26665545217388376,4.845971481407116,4.84482319789642,4.847292178676437,15.736003478447742,15.73578288964135,15.651088057303536,0.20862288739222234,0.6620484004272992,-0.06519339926593942,2.6687310561699022,0.7122065745827477,0.7096504125763015,0.7109877359019656,0.6130799205169762,0.6131821104775251,0.6133480789287402
50.0,20.0,100.0,-60.0,0.5813380336760834,0.2154413209003546,0.42311245024022376,0.6077894845432862,-0.4047675930907213,0.091929297754914,6.073045909161796,6.085007979531664,6.079015911254334,26.8585480246152,26.880024170149024,26.765535913025246,0.32094908915074205,-1.101524519103073,-0.07443262131481085,2.7279354545608743,0.8291410551490278,0.8293362336958429,0.8269684942840211,0.7702944034481753,0.7710136429117872,0.7695950661805401
50.0,20.0,0.0,0.0,0.2914187012784717,0.1029077333539235,0.21945609099155003,3.1246873707058715,-3.135035380233302,2.2693795295448846,3.449419876238811,3.4339718830000416,3.4419860064775114,9.389534425350439,9.448405431934303,9.391414885363742,0.149955603256556,-1.8415745528878158,0.007523987112094345,1.4882996862257678,0.5141914155747387,0.5140566509857764,0.5131843086876589,0.4352515862955777,0.43438731468230635,0.4362810086014621
50.0,20.0,20.0,-60.0,0.2936151056000077,0.0283641881481369,0.17430205872531643,3.139864864166732,-3.131920524722032,0.34295372515542244,4.50869532341055,4.505169075072553,4.507357265683203,13.121450325589018,13.114449807278993,13.095264821506444,0.19422498810771485,-0.3393551852277649,-0.04124485073595205,2.5359012947401074,0.6723543782716626,0.6733323136164583,0.6723377486689989,0.5700852912339182,0.5698815506667547,0.5704112483601477
50.0,50.0,30.0,-60.0,0.3077346326269462,0.0209648262773545,0.19024621262012056,3.106458430165891,-3.1304440439392645,0.24349996190893147,4.777950638011286,4.780554953292229,4.77439496869809,14.610032824576475,14.61544141351226,14.709323688724915,0.20204154753313208,-0.4033135072093208,-0.04929817170434218,2.7699276161970228,0.7107422829767562,0.7125102926970793,0.712584965704543,0.6047950405081434,0.6043415876224755,0.6040467265090336
90.0,20.0,20.0,30.0,0.2882702801827504,0.0378989192362332,0.17227752728703746,3.134674822388383,-3.140503504379397,0.7310150625403539,4.5274476026113755,4.530592215491514,4.5409306799654034,13.18598753757735,13.223099189837232,13.281465512649936,0.18978691519863977,-0.07855151041672244,-0.039014022289799666,2.577001634936469,0.6782107395375421,0.6787183137440103,0.679566832402015,0.5723561748546961,0.5741381001838736,0.5736863783363834
90.0,20.0,70.0,0.0,0.4217895405455192,0.1224233298384577,0.30027193605971914,1.705952240265039,0.642757533596832,1.161734440849816,5.178265012105086,5.180590624296246,5.18877203580174,20.66145024152231,20.6983385774006,20.736460977774332,0.22849672494568266,-0.09817303474886217,-0.05442062761025903,2.5476653126444453,0.7472387602077641,0.7473257508113398,0.7473973622345628,0.6554577522308318,0.6567426850443778,0.6563611211902172
20.0,0.0,50.0,120.0,0.3813459544745128,0.0133018484616416,0.24065086861627946,3.139473876080648,-3.126749296581729,-0.13928083027415705,5.164722861675436,5.153253120391343,5.157559034713364,17.76361589557653,17.719499360559496,17.755179189866162,0.22755631220197503,0.7382020013331533,-0.06163421285679306,2.935656692435279,0.7550013114788203,0.7562492241417632,0.7555862608709862,0.6528616697674089,0.6520823562688788,0.6535084300162262
50.0,0.0,30.0,120.0,0.313375834790504,0.0072106183963066,0.1915658876418555,3.13507312102598,-3.1388093173955074,-0.3255195195098876,4.630683031494248,4.613314502021147,4.626396591337718,14.188863732489498,14.279870538498644,14.224940651764394,0.1908723541087624,0.4981349949334837,-0.055854373525593755,2.554849533878565,0.6875031149034738,0.6862883655342286,0.6856287315538492,0.584545085643583,0.5840116196577327,0.5861979044299533
0.0,100.0,50.0,60.0,0.3779025418126064,0.0186795513893175,0.2435811049492252,3.1397547664457357,-3.1388437474777957,1.7102183343450368,5.082319674433356,5.087999233335202,5.073524643756355,17.66624162855274,17.578241992635906,17.569341345088894,0.22381515873742616,0.5247792540041522,-0.07106360967655091,2.826107674978425,0.7436771186756532,0.7427710778401557,0.744286560250238,0.6439672122441062,0.6429642179140107,0.6422004392518857
20.0,50.0,10.0,30.0,0.3095974675963086,0.01522976884379,0.1961514044673612,3.138266743240954,-3.137233817482005,1.4600797777740675,4.074744207317407,4.074209335525945,4.073463680485909,11.023955937206404,11.023033045300695,10.994905623468378,0.15366546347678917,-0.703144259614948,-0.04090953986662073,2.0178023689732005,0.5963871888692077,0.5950527960945977,0.5955067270770827,0.5154320129809119,0.5153751785102476,0.5153762567114192
90.0,0.0,40.0,-60.0,0.3385091088466084,0.0065496279570632,0.21260742472797964,3.0248677452157424,-2.7857941126950747,0.2500792432255145,4.938951114122577,4.9324707389986315,4.938797270976438,16.002607927136374,16.158824243826018,16.056238687821008,0.2018067906622793,-0.5438442257728449,-0.054010951788683044,2.842891115827435,0.733809637082878,0.7325213876301933,0.7329535892430247,0.6244376154786992,0.6243771293948411,0.6251140650428104
20.0,20.0,30.0,-60.0,0.3101563195760093,0.017014585480518,0.19025123292682197,3.0581980773713253,-3.0882742111911274,0.2359016729069102,4.801284043682952,4.806091337311618,4.799641285789171,14.674017153458886,14.688593265014905,14.761893882178597,0.20209005195153526,-0.4178252642835153,-0.04723523156145273,2.80490770826331,0.714522279682997,0.7163097372438046,0.7168061516620472,0.6078460845655876,0.6076239891989279,0.6070322768679566
50.0,0.0,120.0,30.0,0.6634702707177176,0.2568601271857706,0.487866443017451,2.1956095338973274,1.1493148144451557,1.6465418275385755,6.219304035085984,6.210491298539444,6.215690839260366,30.740529577367848,30.70657710416166,30.707875771818962,0.38821640943007524,0.5051393296387623,-0.06624868713040578,2.121133315632113,0.8161620503451784,0.8167052589777017,0.8163994697723461,0.7879700832918293,0.7875203769441699,0.7886668499083105
100.0,0.0,30.0,30.0,0.3061381029372362,0.0334993443739281,0.19044355539644248,3.1390961420945045,-3.135440697730667,0.9971781922618776,4.775160114677881,4.771440001769092,4.782578037111377,14.64236860250544,14.653587782782907,14.674321673134243,0.20240088390815505,0.02899094534254974,-0.04792983939571425,2.77036669869336,0.7115091105772369,0.7120702311309087,0.7127001876796053,0.6034944241556904,0.6044113170922847,0.6049215425905904
20.0,20.0,70.0,120.0,0.4377651505103924,0.1125026439017918,0.3015645708102443,3.1394995465732274,-3.140238630059319,-0.17325431580205877,5.231489006789398,5.2184787801262,5.220703963986816,20.641183837393914,20.661318632837986,20.582940481231457,0.23639805134212424,1.5882886867462858,-0.051333767428700945,2.5606270747967828,0.7465278861583267,0.7444051468885988,0.7450807102128095,0.6618846910725529,0.6602661644403388,0.662071081214388
20.0,20.0,110.0,0.0,0.6157358814863085,0.2448156026118499,0.45575907789232273,1.6519227149961042,0.6456880485212363,1.1301434919075588,6.105717635546297,6.099553947233537,6.1075868906529776,28.709729591193224,28.69173011365971,28.707842800193298,0.3519260059744989,-0.03451974123655146,-0.07319904856383729,2.3738447151288327,0.816393269532332,0.8154486200407449,0.8166771283252009,0.7733704929279969,0.7736381553808186,0.7744035126045502
20.0,90.0,40.0,0.0,0.3405908740455525,0.0007598560715601,0.21314345003733118,3.1096024237854296,-3.1409591764375437,1.2245373890620797,4.943109373973676,4.936683074189347,4.9417578208265,15.982877944259172,16.008712510329875,16.007308227006046,0.21281252972414602,-0.20146894130478535,-0.05696253684396839,2.822285752307354,0.730089243630238,0.7282316584689322,0.7295941883716963,0.625039972343133,0.6248294009399058,0.625681592857909
90.0,20.0,80.0,30.0,0.4712453605213304,0.1375069811674922,0.33801541353309394,2.1966312790587743,1.153236673305847,1.6704023595994761,5.512565408739493,5.508989931517772,5.507889318155798,23.17070104602519,23.067378208103275,23.031071802812406,0.2603833419904735,0.4450819766494034,-0.06611605905879349,2.7597802179528528,0.7942952515930221,0.7922065472696022,0.7945254561435112,0.6979382408584761,0.6974415198296509,0.6979616983627698
90.0,0.0,10.0,0.0,0.3082866954209037,0.0026211637433814,0.19356868790300313,3.129814409214517,-3.139168332340649,1.8344418562881564,4.077378476811668,4.063617845295301,4.06210332496974,11.10273380280788,11.133895556730682,11.085114477231086,0.15618595947406078,-0.7016391089275797,-0.0397711018616196,2.044339779302124,0.5990327081694585,0.5994487474015686,0.5975246437174143,0.5152059227173822,0.5132637079043079,0.5152089032739566
90.0,0.0,40.0,30.0,0.3407884270283458,0.0039431852558083,0.2119266928471522,3.1234000494769347,-3.1303271147263194,1.3702012270216863,4.985456157226235,4.991925478544432,4.9850588372766005,16.094549239425618,16.134483544519867,16.167353995997978,0.21269082481175816,0.10503932794189665,-0.05394627580361413,2.890809123553797,0.7359700195148281,0.7380777837766759,0.7382119513451851,0.6314000322910351,0.6312673663042104,0.6304872544505912
0.0,100.0,100.0,-30.0,0.5728095433692549,0.220559643949698,0.4212572399772533,1.1312248898196788,0.1383887159423744,0.6089991436187766,5.928396704505026,5.911649021799976,5.928972562145901,26.599234572676302,26.71985134398706,26.717118692886665,0.3163782793058677,-0.5629543112910141,-0.08033883952401735,2.504857643122201,0.8058813919254283,0.8073687705759836,0.8054473779791876,0.7499087603934653,0.7497922623712887,0.7519602117377814
0.0,50.0,0.0,0.0,0.2688845232676308,0.1732953323907179,0.21831513747433312,2.8608514653870056,1.1538213746079409,2.0978707924647533,3.4245127234138146,3.4323491642193904,3.418552675938987,9.388594699739777,9.37343712088642,9.358224682214008,0.14792565105024028,-2.07574029022514,0.007785800372943345,1.4604857069374675,0.513003603425133,0.5117918378222047,0.5118860575665758,0.43403045072897795,0.4333004410439886,0.4322016053910413
0.0,50.0,100.0,120.0,0.5624368397945753,0.2135075529156082,0.4164935451015191,3.1359006242643828,-3.1412290250031885,-0.27194512291807743,5.81667450203479,5.834752128472713,5.838465255387744,26.783558089848196,26.748620292086706,26.808204542793625,0.3153131064047781,2.0386328070603854,-0.0868643698434326,2.4322756143059787,0.8025820765238428,0.8040327292770856,0.8040735322343024,0.7376060484963074,0.7405114697054995,0.7382582530421335
20.0,20.0,100.0,30.0,0.5745701582436679,0.2068895662756821,0.4177325775057714,2.176115397653206,1.1842288841788038,1.6558199799768065,6.0625257131811745,6.072027748687737,6.078667908412211,26.875299061329777,26.869430916080283,26.77504919258322,0.3217774519181531,0.48179199949918966,-0.06958290201153533,2.7334813209976514,0.8281021975114626,0.8283655947497472,0.8292707036098901,0.76827413848432,0.7701995325341592,0.7691706556856978
20.0,90.0,50.0,120.0,0.3807806205118577,0.0186294077843345,0.2461723729017455,3.1415504572923183,-3.140404841188855,-0.22834526536159191,4.992422134135378,4.9864337622307735,4.9939317659405615,17.406698383524994,17.423921510736506,17.486280978351523,0.22079840598327527,0.810086879651269,-0.07745353613740193,2.7044499514117217,0.7302602232793196,0.7304144513439931,0.7308606345972641,0.631149830275979,0.6314834747020178,0.6321838229444703
50.0,0.0,10.0,0.0,0.3089594716798535,0.0082167060274357,0.1832943411368687,3.138235890459784,-3.1371424339789726,1.6382672339370368,4.098594339502788,4.097046579631653,4.098038391967254,11.32963757259857,11.34961655975754,11.2831765006354,0.16178901360033873,-0.6567519273988361,-0.039411597427747726,2.1005012985591107,0.6075447324455867,0.6078379465331936,0.6061526843553178,0.5183189736759167,0.5181577313829681,0.518618372390408
90.0,20.0,100.0,0.0,0.5777984241894515,0.2110647978424605,0.4190509166005845,1.6525852394387155,0.6565829372313147,1.1340356951596209,6.063539030654171,6.0552911425655225,6.068421168000328,26.839822285030085,26.73666718811727,26.835598905247625,0.32139718027533937,-0.04355831500699143,-0.07087943980028368,2.705640805375858,0.8231886344048379,0.825695505999441,0.8267195931213442,0.7673099518474708,0.7680658429418176,0.7691726407459819
0.0,20.0,120.0,60.0,0.661389095973299,0.2567634579068248,0.4879403453259601,2.713715676553846,1.6795715279462131,2.1670335692215055,6.196292270205773,6.21351139077124,6.200022025194684,30.704339347684314,30.669355229559578,30.679289203169173,0.386841684208734,1.032882178200775,-0.06427921056294805,2.1102539219070713,0.8156815066303955,0.815104224382965,0.8146272952476152,0.7869269282530001,0.7874737967751182,0.7852359964169325
0.0,100.0,30.0,30.0,0.3049493389043021,0.0324726401389821,0.19146512734575333,3.136966739481534,-3.1342088797003966,1.0114994465208553,4.711538196664312,4.702444959587958,4.715271603354514,14.584610679513464,14.577531222085923,14.537822505132198,0.20404496056781501,0.03774294429699838,-0.0566310886490067,2.688765900892266,0.7029152038618558,0.7032966281148381,0.7028810213021162,0.5950785534179323,0.5955282249072811,0.5967680238525415
20.0,50.0,80.0,120.0,0.456096528010851,0.175390536461915,0.3390484930857858,3.1385241950298823,-3.1379323300682107,-0.3017468929261927,5.18522033082511,5.205004789260431,5.204988311843651,22.337885687401574,22.387835224232134,22.353370134986655,0.2485377504641314,2.015088445753845,-0.0684411233622721,2.2520299124504257,0.7357690371809084,0.7369829538402883,0.7363850252026851,0.6576286107456573,0.6600692532683841,0.6576671170570493
20.0,90.0,10.0,60.0,0.2846912962275473,0.1588291876568878,0.22500180193248256,2.996711205457112,1.6798612875308274,2.3164025550980814,3.7619757806249603,3.7627789504091775,3.7616758589716164,9.836447973609381,9.918882534108162,9.888527222396,0.11016250367734558,-1.7761209390337436,-0.008018911407231757,1.6602386752603728,0.5454985789046017,0.5436987774700336,0.5464786435786052,0.4760287946162133,0.47597488914743435,0.47591805517097907
50.0,50.0,70.0,0.0,0.4157741285339067,0.1328337771285333,0.3020339151681023,1.6753738720463178,0.6864479255720868,1.163083565185257,5.120756488782624,5.121027706605172,5.123869341836821,20.599701677416583,20.60705820992455,20.60279614661203,0.22425729914243522,-0.0988235778506155,-0.05937660517059583,2.4636028627850903,0.7387151998855208,0.738590479015101,0.7389565104563388,0.648246902964981,0.6486658677209228,0.6485859607221894
50.0,0.0,40.0,120.0,0.3382277360816612,0.0035850952054194,0.21284768429383646,3.133726874127404,-3.1377523837524026,-0.2410201537811694,4.948343841901815,4.9326410386927675,4.943978864134076,16.140805144271443,16.175266668262367,16.158371448156515,0.21176598770474492,0.6094058096631871,-0.061769757935381184,2.8428307983245253,0.7329605481480275,0.7335480840878222,0.7320281483635191,0.6249203586054863,0.6243818738854764,0.6263772883417985
20.0,90.0,50.0,30.0,0.3780000613382533,0.0326775243083648,0.24504916035978025,2.657097082922295,0.8743202964321767,1.7728763922462438,5.024231670559072,5.02201259749753,5.017806349806477,17.51644077867942,17.458481311907093,17.41796899111711,0.21650474515360976,0.19064448172440854,-0.06738311033098895,2.7583907565822,0.7362749947646061,0.7368062598736521,0.7360606622879123,0.6358191261866908,0.6350798030874653,0.6354645401240118
50.0,20.0,120.0,-60.0,0.6733944389392462,0.2601780720725198,0.4939582114333208,0.624517402160552,-0.437109557436235,0.07251600650032392,6.300374926366714,6.3031585216754085,6.2971911911232255,30.80238205362309,30.798923613568522,30.78901873316486,0.3878878479320976,-1.069829226849067,-0.07354362764917739,2.236500022658664,0.8279918272315198,0.8279955015615819,0.8284877002513625,0.7992029344778563,0.7988107069286814,0.7984506597256881
50.0,50.0,100.0,60.0,0.5689905140617212,0.2140775186960508,0.41835360700636204,2.6923806032318804,1.712891511234521,2.1805981148839124,5.923769411048121,5.9346581900717235,5.917834569159538,26.972649277732522,26.88005816429438,26.865173585307698,0.31679097870270345,1.0018996044789943,-0.08362170313131097,2.5825612964345934,0.8182364946856168,0.8163778517635989,0.8191087877563241,0.751703240925219,0.7509906015586062,0.7496986299763636
0.0,20.0,20.0,0.0,0.2887895057864192,0.0390495779165767,0.1744901997234648,3.1074789315932927,-3.140963623098149,0.8089567017715057,4.539876698993498,4.529574800622095,4.532531861180425,13.305519089047358,13.28396616029907,13.263688223533132,0.19177980560662702,-0.26024258495054287,-0.04001164805102843,2.5898131476170843,0.6814123655320655,0.6811750063718799,0.679410398512199,0.5736362331354142,0.572753504231279,0.5741227220863288
0.0,20.0,20.0,-60.0,0.2913353273281706,0.0278247616358087,0.17428586945391378,3.097185948967113,-3.1256777908843736,0.32040836105752063,4.513009176348341,4.5135640804850485,4.513927124936112,13.125767049557444,13.151488749775234,13.133009548910396,0.19357917902510705,-0.32079592328043977,-0.04075143701300098,2.5439308217182686,0.6727963709621383,0.6749299028264285,0.6731083006181703,0.5709259800938169,0.5709406538202138,0.5709526236372476
0.0,20.0,100.0,30.0,0.5736550916053043,0.2088396699422773,0.417474503463911,2.1729150964404225,1.1864838749677282,1.6562978283108374,6.052777240934819,6.060969973942947,6.066784725991108,26.863161044034495,26.84728992384109,26.750379064206847,0.3216146226813886,0.4814189207626047,-0.06996692191626368,2.7168451096366404,0.826887818001207,0.8267675679934056,0.827522638206262,0.7670056400819119,0.7686972165429161,0.7678265366511364
0.0,90.0,30.0,-60.0,0.3093223284114906,0.0191447798981802,0.1902097202260131,3.12233500162187,-3.0859001829801715,0.2715910108533994,4.7593118551289555,4.76592232994396,4.764719104362066,14.573830083715668,14.541865463499821,14.548357661025776,0.2032514026338082,-0.4162814721857343,-0.05005918037750876,2.7413968538560463,0.7068927467296627,0.7084459982114726,0.7085458933515854,0.6024393604029509,0.6030690701231338,0.6022770119064217
50.0,0.0,80.0,120.0,0.471194912829705,0.1314644618265295,0.33768804785242124,3.1388144795243287,-3.1391139135952137,-0.22768472587488667,5.346147712858359,5.3502089770386165,5.354704735571776,22.56738640651329,22.7351703497225,22.74851291958494,0.25655958743715007,2.0251936738826006,-0.053478787582304586,2.50141179912457,0.7626767921016473,0.7636683196110237,0.7596090860347176,0.677211313118539,0.6782665593735769,0.6774928325761029
0.0,20.0,80.0,30.0,0.4688771401138824,0.1298824659526644,0.33746561127047764,2.2126828444084103,1.1288022515272629,1.6684122020777776,5.505399424709106,5.502268364158014,5.501460292043755,23.16667031005581,23.066626630839092,23.019894197140594,0.26070243395186865,0.44651473809835696,-0.06418052707656711,2.7529059471414103,0.7932481068648287,0.7911370485676454,0.7936361264501482,0.6970396478848814,0.6966165960389223,0.6971052809533996
0.0,100.0,10.0,0.0,0.3084024943985699,0.0382772832508249,0.19135948003974237,3.1315304476079517,-3.140192050858203,1.828268845691973,4.060766986156302,4.0559701985865715,4.063577980901497,11.149887273003348,11.149792350897162,11.150679844668932,0.16168400104808087,-0.7577509111411329,-0.04443421735210228,2.0340663109000636,0.5983846367102503,0.5983820567020192,0.5985378511477762,0.5131715055739839,0.5134689177482298,0.51420279026854
20.0,50.0,100.0,60.0,0.5671809578642927,0.2138224522369884,0.41800319990013957,2.688916047950631,1.7120833097229575,2.181792583328514,5.899743368008532,5.91034849083158,5.893888138215415,26.93144190539323,26.841419678484442,26.830137167551495,0.31634717442495086,1.0007294808540055,-0.0850581568495647,2.5440421115999228,0.8143465808973981,0.8124694789811036,0.8153248742321679,0.7486452168175713,0.7479511822426383,0.7466924523056565
100.0,0.0,90.0,30.0,0.5260344821663301,0.1766639967791637,0.3796414935679772,2.183037359718424,1.1755156027028115,1.6653079827549384,5.8401402547705175,5.836587471697979,5.83977434166047,25.026661384634043,24.824286780921568,25.24660286695211,0.2909021586209974,0.45854650963361704,-0.07320097392676417,2.833371775475529,0.8183813449727573,0.8220678686437313,0.8205721443308558,0.739194268189194,0.739912910362035,0.7397014581292772
50.0,20.0,10.0,-60.0,0.3005593830146146,0.0096225366618924,0.17535309730397802,3.133126966166796,-3.124809068434009,1.3760768031680326,4.05314603484337,4.060009744619391,4.054525314670339,11.384633000487444,11.340790643741483,11.371581373266059,0.16784658329702767,-0.6169784410829692,-0.03927972560131862,2.067121333277862,0.6029371410838437,0.6035868514089119,0.604401568362876,0.5131501710921162,0.5134829673471507,0.512372292271169
0.0,20.0,40.0,30.0,0.3376903554524575,0.0120593614846987,0.21241573344283085,3.129581492772518,-3.1390036328661424,1.2408435624810894,5.038707907958132,5.037948632210362,5.0392699945849735,16.223073382315388,16.23687002070987,16.331406856520612,0.21981692903252023,0.1232410372822433,-0.05059305406156755,2.9648201242584067,0.743381297927383,0.7454012891468458,0.7454026046851251,0.6375072144922858,0.6375592832322458,0.6376771698271061
0.0,50.0,70.0,-60.0,0.4216311656344469,0.1211668769067204,0.30118705851048194,0.6524360108958269,-0.4045017344269716,0.11515511898790304,5.21851881930306,5.2149923977856405,5.211195609509683,20.81438555568638,20.82153000438119,20.804671481720504,0.22776184671262317,-1.144542903244566,-0.05998949962921629,2.601308543915981,0.7547862181394132,0.7555147888877621,0.7554284532776216,0.6607667214674996,0.6597633679589557,0.6602835936774143
20.0,50.0,120.0,30.0,0.6576991686958031,0.2583502830499254,0.48689641782999743,2.193635063006487,1.1530719348698544,1.64559094063068,6.165883196296202,6.172418238223875,6.1779384938328255,30.67602831093558,30.68830561275001,30.69785920144843,0.3879181559034985,0.5056606466704674,-0.06825699094099391,2.063397902787781,0.8106550100051525,0.8111957392528875,0.811170396224649,0.7818984859092456,0.7834234443980591,0.7825626290788279
50.0,0.0,90.0,-60.0,0.5358600243202674,0.1872084912524259,0.38692538837199225,0.6124233788704804,-0.4013143885449028,0.0989079139203017,5.843502085832982,5.843194854925959,5.842634440437974,25.1202353887504,24.75914918922356,24.888120369846686,0.2866994485870546,-1.1175355541062655,-0.08106168995855376,2.7875429596529564,0.8143018423375793,0.8145525433578582,0.8170295187087923,0.7398582693955418,0.7402307370141891,0.7404508313627862
50.0,20.0,90.0,120.0,0.5131257696255251,0.1674303935355566,0.37525567941977245,3.1408390086013287,-3.135853956262153,-0.180492794094821,5.689790783640827,5.691595508411474,5.689713906263851,25.051457756246812,24.69753100308931,24.670938862814033,0.28822115483662397,2.038398018672746,-0.06575299229696951,2.619610161278817,0.7967593468632654,0.7957346222609345,0.8004958029581084,0.7205807726486543,0.7207245147881214,0.7211964209732311
0.0,50.0,20.0,-30.0,0.2911528757333582,0.0323039752221193,0.17561165851535865,3.1025079980464305,-2.962629375090509,0.651480371079988,4.471021946601477,4.476339886838995,4.47759053683156,13.115809350886371,13.154964150382632,13.12805390158733,0.19124488430881234,-0.39519129265533964,-0.04459200282167786,2.509008335769161,0.6705813525793348,0.6703264821647608,0.6701358070973016,0.5656919071515291,0.5665576630338526,0.5657915226029189
50.0,20.0,90.0,0.0,0.5303592271346218,0.1733663833273111,0.3810217614796809,1.6606115670912618,0.6402384217827415,1.1433929587408376,5.882563801718236,5.881430854641023,5.873113244473598,25.335649617173097,25.058896865928507,24.931901399851366,0.2917174885525648,-0.06716722484107163,-0.07551009818363273,2.8910203818422513,0.826413518468485,0.8254597809548193,0.8283088700577335,0.7451651192476768,0.7440659774567467,0.7447888654919181
50.0,50.0,10.0,-60.0,0.3066091819377206,0.0065258108306573,0.1837905938393448,3.1154346397096986,-3.113784774451484,1.4783062668241174,4.019702016700514,4.009495669624241,4.016970211265696,11.213760974112084,11.182010982159808,11.193458315085026,0.1677540971127402,-0.6370303848109339,-0.043677285335716395,2.0119680810448326,0.5972808968612234,0.5951751460993205,0.5963920075038166,0.5076858833057203,0.5073956532639209,0.508659575128855
50.0,50.0,90.0,-60.0,0.5338827844255327,0.1795057694853155,0.3845969938647613,0.6230836058746458,-0.4032723944805296,0.09780374662050743,5.877532270561974,5.8815513286914545,5.875834576221121,25.216876155841145,25.081561047331153,24.826562665624767,0.28937503387489805,-1.1174089397572917,-0.08004359466232075,2.861761593160363,0.8240732208249313,0.821707298114377,0.8247427391912794,0.7448146034771067,0.744410529419453,0.744604358051073
90.0,20.0,0.0,-60.0,0.2893625697600522,0.0882834101181298,0.21917804107602445,3.129796406928094,-3.136731702461905,2.2241361332340115,3.446733916469654,3.430633662576224,3.4361940043928594,9.392210470294744,9.432355731302405,9.383631651182036,0.14977924842206727,-1.918229172743122,0.007462253148930003,1.4858295087395597,0.5139234409536744,0.51355881187263,0.5130260874998746,0.43498367212193434,0.4337234330078309,0.4356855518360311
50.0,0.0,80.0,-60.0,0.4862620885155408,0.1560486536626613,0.3433046301380786,0.6336141013094398,-0.3993439077126188,0.10992380134264086,5.644442418877,5.636954942442742,5.632433530181996,22.934511146569278,22.936653639733514,22.854350820735228,0.26007961438970734,-1.1379660172660082,-0.07409463131733426,2.825935249774768,0.7989273002641163,0.7979550168539035,0.7985163602327593,0.714680634674657,0.7130344074978607,0.714179203454629
90.0,20.0,80.0,60.0,0.4676239061928668,0.1366407857448674,0.33662931481990427,2.722508691118714,1.676525880617186,2.19266570973548,5.438756524725716,5.430964455989481,5.433522920599108,22.904539256691322,22.9668329517928,22.930333657812,0.25938679910451773,0.9700142153634282,-0.0610951729637117,2.648403008006568,0.78042782114868,0.7807130834811707,0.7809752656765675,0.6884388452520873,0.6875826692508687,0.688735446038804
0.0,50.0,30.0,-60.0,0.3081392454908211,0.0202643331638452,0.19069147546244186,3.095888320577478,-3.1164888194947,0.263647982438806,4.784915248021676,4.790992445129618,4.786407833293378,14.62976495442315,14.635475506123408,14.654500106804996,0.20372772330060115,-0.4160018520198808,-0.04845572921232698,2.779542196817131,0.711712812555559,0.7127803038310233,0.7131458714103251,0.605793205587612,0.6059598481226655,0.6052278768094906
0.0,20.0,30.0,30.0,0.3029277136316982,0.0387855214925137,0.19041326665414304,3.1352017628430264,-3.1188548192236305,0.944058962558231,4.836301637896617,4.8378666969494875,4.840577690452401,14.800751212926842,14.82134290030975,14.874215725518326,0.2069440556918343,0.04598635585704834,-0.046326357722869,2.856389539044048,0.7209938356528715,0.7222105611133759,0.7230552280841541,0.6117783689747084,0.6122762975055666,0.6121373348035033
0.0,20.0,120.0,120.0,0.6574896766603735,0.2591198367069643,0.48653141388071175,3.140009864614635,-3.1399200164243006,-0.0796701871022326,6.144012830897247,6.144542939902509,6.150165499903103,30.677166752057417,30.669543765448438,30.679950327833613,0.3854064874941686,2.081304052117415,-0.06622258768630819,2.027868009527113,0.8077945024347584,0.8069065407561629,0.8082636547394361,0.7788680165311995,0.7796034226980426,0.7795643200124996
50.0,0.0,70.0,0.0,0.4202606509790963,0.1264799064317668,0.29995691346873515,1.703887358501076,0.6542794094850859,1.164495673967609,5.180249973631005,5.179155101460211,5.185437281582167,20.678847268710452,20.738378353297836,20.73418607231512,0.22828271173005957,-0.10057280346434472,-0.057751346704988965,2.5506301901006543,0.7484652610969897,0.7481611947706476,0.7485697292103826,0.6556551748857308,0.6562336109206152,0.656327281508947
50.0,20.0,110.0,0.0,0.6164937815166937,0.2444150420683282,0.4557999157048748,1.6494184146963071,0.6450180592019799,1.1301031561583272,6.118909009199607,6.11309177839928,6.121146344177073,28.736798489242638,28.72258805205736,28.74222919394964,0.35202831786301647,-0.034583516599011474,-0.07359720218192478,2.3996417509286188,0.8191746700296724,0.8186387284995684,0.8194202654527662,0.7750564075463064,0.775366145146982,0.7760723086153304
90.0,20.0,50.0,60.0,0.3764652598396494,0.0166116994595092,0.2396024991679158,3.1405821187374614,-3.140989575874906,1.5288426255719396,5.188321252210879,5.187155563770338,5.190609242918994,17.776611086459486,17.765659370586793,17.692728902657656,0.22896603107262634,0.5506009841243688,-0.05690227619516203,2.977766782198149,0.7596791770994827,0.757240367143527,0.7587933323855551,0.6564758073952797,0.6566915541706172,0.6568317730807466
0.0,100.0,120.0,60.0,0.6518433543882765,0.2605569469229756,0.4838846711756414,2.71680465118075,1.6863941549909542,2.1728507829394,6.106269533284918,6.105379793691667,6.114268981557772,30.5786539628021,30.60555832274201,30.588417114203533,0.3869898988282884,1.0278133279592392,-0.06865807589733565,1.949843654049909,0.8000210280221782,0.799616452844852,0.7991260688876765,0.7739543546166255,0.7748915385578974,0.7750427382114382
0.0,90.0,30.0,60.0,0.3122536732754275,0.010487905512636,0.19241289696113645,3.131301575328504,-3.13927056265666,0.5706026204406769,4.651157364871235,4.645367706859234,4.63929534876603,14.353863986644715,14.349867194362378,14.392735321874268,0.19786540380913437,0.26728995681762596,-0.0599976291456694,2.5968598165777617,0.6925744085419351,0.6922275073100246,0.6912240452520458,0.5884094684502684,0.5869836769477426,0.5876807281907198
50.0,50.0,80.0,-30.0,0.4792168275539433,0.158616402725232,0.3425968559623164,1.1524246415076316,0.1390745576462058,0.6406434604634954,5.542216205654527,5.542555119041865,5.531996489415486,22.83999063890419,22.79918895121617,22.83100623985783,0.25748787805113815,-0.6242375875160185,-0.07639161922669957,2.699342202680951,0.7869011141758093,0.7860504019539634,0.7855539106742245,0.7022552193424929,0.7011176605750972,0.7009724383871321
0.0,20.0,20.0,60.0,0.2873907799000398,0.0403151734927455,0.17076817152635507,3.141251012257726,-3.140624811624591,0.2163601227561149,4.516754422405208,4.506698659370039,4.511614169514544,13.125082130539603,13.128789496878747,13.081359177080984,0.18646857886925322,0.20119632161286358,-0.03947878385827082,2.5408894693328468,0.6740952483028297,0.6739741872082118,0.6738679509419464,0.5707322785588693,0.5700849538397734,0.5712658954487465
90.0,0.0,60.0,60.0,0.4018773401240762,0.0670434898302801,0.2684164953631845,2.9276326580335232,1.5582048849470689,2.2375732470091654,5.156196915755029,5.15130280643089,5.171413811640771,19.022578553900633,19.1386868510174,19.184510998813888,0.22433400153778577,0.7310054801493258,-0.053609398058053835,2.7529516228110396,0.7516644574348261,0.7502614228337979,0.7493942290710643,0.6517748877753405,0.6536390072233154,0.6539509094979403
50.0,20.0,60.0,-30.0,0.3928689719710937,0.076182440284586,0.26923960908763217,1.3369405319383152,0.019246879702028,0.6550678514936642,5.047674462695111,5.047224246603624,5.063738000134006,19.029072055462905,19.095091638301504,19.03461695820771,0.21141925662027325,-0.5550070919004988,-0.05543133220543176,2.6491929493543744,0.7417182978309789,0.7407930477277479,0.7413891048056497,0.6383205711332686,0.6402350048586083,0.640323342370496
0.0,90.0,80.0,-30.0,0.4752235921620801,0.1583637632603226,0.3419216672857906,1.1492878229027048,0.1472337476194282,0.6406177916632837,5.497668449787575,5.498435167342291,5.488928516016876,22.76884548099975,22.74771312361082,22.7560226898281,0.2563205593270996,-0.6236727239089256,-0.07601851857247995,2.6436792707120436,0.7811439474418578,0.7801629767596436,0.7792514607414842,0.6966384038570265,0.6956216111238946,0.6954429743717423
50.0,50.0,50.0,-30.0,0.37505016399245,0.0286484932431013,0.24075323570946552,1.641873796230788,-0.2177089858021472,0.7047411825932371,5.09754150910168,5.097643569531554,5.098409966956452,17.743592275822134,17.593747524440566,17.563627649828057,0.2161703870745353,-0.43747918033970407,-0.05745193028033956,2.8743316952815436,0.7483414167640101,0.7496488548179513,0.7498522119860928,0.6449266607889663,0.6451166316737887,0.6453619688774295
20.0,0.0,60.0,30.0,0.40031249867819,0.0685772111396637,0.26939539818004876,2.389515747833814,1.0486401644336174,1.7112305284360154,5.138247025217671,5.142220441159383,5.133911336018863,19.183035462481048,19.07784032801252,19.25547538386232,0.2220125222182789,0.3295259895857028,-0.05490454456876191,2.7429739901440007,0.7491324748384881,0.7516217565417523,0.7511014312440655,0.6507878205320838,0.650538720894779,0.6498737758143178
50.0,20.0,80.0,0.0,0.4727652337788366,0.1465187204172792,0.33986198313579735,1.6816536392617225,0.6465150129874523,1.1533484071345075,5.556181556529121,5.557705788290861,5.5535118186833765,23.202919948359956,23.15423939060952,23.06235057595504,0.26081276718179575,-0.08927547438131417,-0.0730214098563809,2.814427030821053,0.8015537006098676,0.7992313432510699,0.8009491388129379,0.7037957410053025,0.7035130526732921,0.7033556501020904
0.0,20.0,120.0,-60.0,0.6744457625047997,0.2596391206722566,0.4930917337182572,0.626666385164559,-0.4344852895189556,0.07239444900537087,6.283124926602922,6.283150570607099,6.278905317072424,30.792663824691115,30.775628690064753,30.774128427297494,0.3879004264191534,-1.0693283698240326,-0.07313486525587934,2.2126697693804265,0.8256936655205851,0.8260140016077139,0.8256343523830432,0.796829506396205,0.7963250392017693,0.796316829787553
50.0,20.0,30.0,30.0,0.3028131554371917,0.0385467336737431,0.19120182087518506,3.1333327732782887,-3.133273005813121,0.9381808899548394,4.830066341995667,4.8282503392544,4.838166962138126,14.783814952115513,14.799769947978026,14.876240966406487,0.20759141141170248,0.04044973263439028,-0.04617414209726079,2.8491610833816936,0.7199803241345825,0.7214355463723597,0.7219959252687909,0.6105443089902138,0.6115773627182652,0.6118355643682849
0.0,100.0,80.0,0.0,0.4698739205885736,0.1629286403998932,0.34022966286697526,1.659956342866577,0.6708001440538575,1.161556485546165,5.4376506473180735,5.430849297538946,5.438471973609553,22.618523794695545,22.578956409846906,22.632187575600334,0.2552205434259432,-0.0935398625868469,-0.07256137422488321,2.5458320987343233,0.7681433487568595,0.7681831422832891,0.7693492436803797,0.6880712650474782,0.6881714334775019,0.6891144385586468
20.0,0.0,90.0,30.0,0.5265318098524946,0.1691001684881474,0.3792478826861285,2.200817192784516,1.1689338593727006,1.664441948270073,5.865445060989526,5.863410690717066,5.862446673217597,25.11390349702527,24.924848169450936,25.34137767832018,0.292600087191798,0.45807178794281705,-0.07378640502388109,2.8851839709264,0.8241893795402198,0.8282953978750327,0.8266484558048198,0.742676472338297,0.7430072240053167,0.7425722985310109
50.0,20.0,50.0,-60.0,0.3738118715194057,0.0252612127120555,0.2397942278320408,1.1953356618124928,-0.8681767715703187,0.17599386692104216,5.104998989785075,5.101286766475869,5.109614730955281,17.607113305742025,17.730360470860738,17.71136379239141,0.21477507914752406,-0.678287634758185,-0.05421918837880203,2.899467957825907,0.7543889834886524,0.75164144102291,0.7511556162901172,0.6456004832047744,0.6462141949884262,0.6464410198743646
0.0,50.0,20.0,0.0,0.2900146854748502,0.033983440099613,0.17290371069879393,3.117862752141904,-3.103691851631853,0.830656064400677,4.4790014372737375,4.46933800463185,4.480376235475923,13.014456000631164,13.05647669662563,13.061341305941422,0.1892669620288801,-0.2872292110782288,-0.04372219703053617,2.4993559198148043,0.6692007412693465,0.6681439853797305,0.6688726704022218,0.5656991645038999,0.5659031784334206,0.5670881882021402
90.0,0.0,80.0,120.0,0.4644801243074024,0.1366348749554905,0.33537040380814614,3.141212421414444,-3.1390941111716386,-0.25600079406949483,5.379500349934378,5.391813979072266,5.388577612294894,22.735967520267682,22.730329944539086,22.813060459299066,0.2586846990444635,2.015059824272824,-0.058794122442894725,2.556762962913132,0.7691927445954437,0.7709438345397808,0.7688678675631022,0.6819048894535243,0.6832146187814218,0.6815082938921494
50.0,20.0,40.0,60.0,0.3356974864647962,0.0137992926961541,0.21122673730628064,3.136310581337776,-3.141277379761097,0.8642554693796645,5.0417044247268255,5.0391795062954925,5.043816251723224,16.352669689974796,16.33666744964167,16.282313233494797,0.21818107708879142,0.42430491333247145,-0.05500529815428637,2.973165258451779,0.7474972517588289,0.7449572256154444,0.7466175644756746,0.6375962878803084,0.6378229301004775,0.6381130970561432
20.0,50.0,10.0,0.0,0.306172943584153,0.0142313434994299,0.18582376523381747,3.140928465150941,-3.136042802854955,1.6740686028375256,4.085332709672604,4.070768388175629,4.074305608774163,11.183384861197133,11.20045400215506,11.217247338539085,0.16267068457132933,-0.6795010918025981,-0.04155771855906954,2.057668662836914,0.6010879622529609,0.6031193360593542,0.6011950011206031,0.5159788549256947,0.5144863756538572,0.5165927654736624
50.0,50.0,100.0,-60.0,0.5830189294435442,0.2133536014232712,0.4223169215773323,0.6085626542199879,-0.4027633721097486,0.08998865363626178,6.108549942393294,6.11464225410715,6.10674620740166,26.851071727822905,26.899450124396356,26.816814520413192,0.3219119835300796,-1.0973168813892686,-0.07194356977454738,2.773435700108554,0.8347944012418362,0.8311690810114257,0.8310273842058494,0.7746422732408977,0.7743143597295676,0.7735956638054683
50.0,50.0,20.0,30.0,0.2898565578974029,0.0345116806868467,0.1726599848665184,3.140913163981128,-3.140156034001933,0.7726438762793562,4.44001726084984,4.433181809218257,4.433396097000899,12.848057194495532,12.872855815560657,12.846326624017921,0.18510083590225843,-0.07892331429717762,-0.0459268476204066,2.434138777061766,0.6607021262923332,0.6602697692647045,0.6602333110582489,0.5613508637809094,0.5605160140760096,0.5613352468557318
0.0,90.0,60.0,-30.0,0.3980275581165476,0.0760401669329988,0.27087493877487795,1.3227076035842538,0.0432470884991287,0.6601764676065618,5.0499359646779265,5.050795344271406,5.060601211317164,18.978584840155953,19.064417391575663,19.004166351856522,0.21295621505856127,-0.575216747341107,-0.05753233215700116,2.635281807761324,0.73900415364189,0.7393510874208676,0.7391933982440779,0.6389942463399182,0.6401478670196626,0.6400838930784846
50.0,0.0,10.0,60.0,0.3070599718093623,0.0064293946832216,0.2074029431554282,3.1411328084713985,-3.1348747699951183,1.279407056941792,4.000876454902114,4.000646747380941,3.991182992424519,10.666772643077051,10.658275969910317,10.699024155681846,0.13707564959410848,-0.8311284222905405,-0.03378726519172501,1.9273747715057719,0.5807695056558254,0.5835045384514688,0.5809905160284693,0.5066062508518078,0.5052056318637524,0.5053783055882287
50.0,20.0,0.0,30.0,0.2914187012784717,0.1029077333539235,0.21945609099155003,3.1246873707058715,-3.135035380233302,2.2693795295448846,3.449419876238811,3.4339718830000416,3.4419860064775114,9.389534425350439,9.448405431934303,9.391414885363742,0.149955603256556,-1.8415745528878158,0.007523987112094345,1.4882996862257678,0.5141914155747387,0.5140566509857764,0.5131843086876589,0.4352515862955777,0.43438731468230635,0.4362810086014621
0.0,50.0,120.0,120.0,0.6505086788659257,0.2613916780914514,0.4844041905616884,3.139030330827737,-3.129815228824486,-0.1728427793177349,6.06734568476113,6.06763382163629,6.068845028072621,30.592261142376046,30.611831824579305,30.629667803935476,0.38408448590384237,2.077510069229564,-0.07225617953010631,1.9183636904438677,0.7975999385599207,0.7987568647343601,0.7989887259902421,0.769330894502724,0.7695447750934568,0.7695066377149181
0.0,50.0,10.0,120.0,0.2671901358100388,0.1649222247617199,0.22680042638616976,3.1415530133406824,-3.1410056417796137,-0.4694294763204472,3.6897320257708603,3.6851355925899107,3.68383113617854,9.691887686199106,9.62722658133753,9.665664311418093,0.10363341928554702,-1.0069583712942483,0.007085485847732077,1.582402094429424,0.5356499832625424,0.5348897630296985,0.5366864326794412,0.4666722548818858,0.46589330726275774,0.4664585121977757
0.0,100.0,80.0,120.0,0.4700718803246629,0.1638314937259709,0.3380896096243485,3.13652020790672,-3.139502391269145,-0.261925009770798,5.257165146807647,5.264593475514714,5.257504160850798,22.12238881892932,22.15310352427556,22.201453484442048,0.2532237222873371,2.023258558832265,-0.054852356008270674,2.2665682962578573,0.7316589664553915,0.7322266264025562,0.7311944823454696,0.6666877383530618,0.6667426038673139,0.6654313758023082
0.0,50.0,0.0,-30.0,0.2688845232676308,0.1732953323907179,0.21831513747433312,2.8608514653870056,1.1538213746079409,2.0978707924647533,3.4245127234138146,3.4323491642193904,3.418552675938987,9.388594699739777,9.37343712088642,9.358224682214008,0.14792565105024028,-2.07574029022514,0.007785800372943345,1.4604857069374675,0.513003603425133,0.5117918378222047,0.5118860575665758,0.43403045072897795,0.4333004410439886,0.4322016053910413
0.0,90.0,20.0,0.0,0.2910629443438328,0.0346986043292311,0.1762452147867196,3.139833748061692,-3.128719589215405,0.864729307803927,4.41437334209138,4.4037129879210966,4.409033103226817,12.85630925259248,12.8809236694943,12.835351504021505,0.18926100532268378,-0.37119163261778326,-0.04828390710700777,2.4149987553818524,0.658049489757489,0.6569967246936816,0.6579298171440824,0.5577055872723236,0.5570071771353098,0.558415958723675
100.0,0.0,10.0,30.0,0.3091730215134005,0.0087239448449629,0.20048304787543778,3.1399281714408325,-3.13479084541091,1.8162918434089572,4.050980141690565,4.056712651804805,4.054240536737493,10.938582847487401,10.934714396741624,10.9657981173476,0.14889414324058023,-0.7541287359035659,-0.038250921159804205,2.0014890667441856,0.5922199910215674,0.5926902636938911,0.5927697079664422,0.5127518928975351,0.5133192919676229,0.5124267371996284
0.0,100.0,10.0,30.0,0.3087552783128172,0.0689165203913431,0.20517838711293337,3.135766426228447,-3.1403356680584023,1.8141299130354083,4.0514633952028625,4.049737038895425,4.046544047421306,10.85211287634706,10.865026371963346,10.873086700960291,0.14946784285420434,-0.7865151215750121,-0.041276586883156496,1.9717073433857393,0.5888693530556016,0.5899141277564746,0.5894184592145185,0.5126187410298135,0.5119023760024154,0.5123027244210102
20.0,0.0,50.0,-30.0,0.3729358135175499,0.0281303250810726,0.23943528208671905,1.6073379483785668,-0.190166391458492,0.7023159512525867,5.07915736260092,5.075755387369125,5.070924124973021,17.477762630509474,17.50751541756488,17.58504882114528,0.21228229166843354,-0.4505526822004707,-0.0539851461729386,2.835794419320096,0.7447399829668311,0.7450145095322858,0.7433127094430328,0.6428835669460965,0.6418521529786014,0.6420814882544932
90.0,0.0,30.0,30.0,0.3065629837731936,0.0288801938431909,0.18941606766151875,3.126345429391038,-3.1320477573532246,1.0229200605382804,4.771938500142733,4.774521363216988,4.777048264848323,14.645693447784735,14.633774415699946,14.662664656911407,0.20006063225213322,0.030851144635344312,-0.04887263874149416,2.766034475651812,0.7107308040973107,0.7121317436973708,0.712727241731652,0.603698701478658,0.6042888208456445,0.6040000100670971
50.0,0.0,90.0,120.0,0.5141785849386546,0.1614863550595889,0.37413907118547723,3.1401393803871644,-3.1309077197461432,-0.2054586938777597,5.705662033628356,5.697890149862895,5.7012639949683175,24.60227908151951,25.02782103712487,24.81541406273476,0.2895928596209077,2.038477503472861,-0.06329690691380654,2.642103563923747,0.8013817630942746,0.7996144577832773,0.7968906014125197,0.7228652242970943,0.7216106211961438,0.7223843322771384
20.0,90.0,50.0,60.0,0.3780753516760786,0.0278016703232371,0.24326305636130377,3.1403627954060624,-3.140445284326011,2.0033015267895355,5.033000433327615,5.03955506144186,5.035301259464889,17.27487409658696,17.335552496532852,17.40397656178694,0.2201579462694685,0.5138530914183886,-0.06642349938924598,2.7417228573617916,0.7317117082721003,0.7342101329038186,0.7324992009133359,0.6374708158033578,0.6377178873115439,0.6368461828178719
50.0,0.0,100.0,-30.0,0.5757761200307677,0.2194755202484878,0.42144325729515736,1.128778317158304,0.1270341987678348,0.610764171456167,6.039702882549412,6.020203537902995,6.027402026478763,26.720758441028664,26.609828153848284,26.75178772188514,0.31985765486721,-0.5669674904771057,-0.07197254390001515,2.6306181699623536,0.8152873870655823,0.8181476008157842,0.8180446570185868,0.7641545173810644,0.762728757527274,0.7651960518935612
0.0,90.0,70.0,0.0,0.416042803401833,0.1454976991932559,0.3031256513042367,1.6520482006195705,0.7095354141138226,1.1620911511595549,5.0534827186767535,5.051916643656593,5.055235341370396,20.402924324379132,20.404986699947827,20.404775222947283,0.22136547145377428,-0.09492355679416307,-0.057421722127299804,2.354497416920628,0.7254982036846925,0.7252879133656406,0.7253951235100627,0.6396842609853111,0.6399098534350854,0.6401210692613842
0.0,20.0,0.0,120.0,0.2970719909139282,0.0715391187259649,0.21872132337625183,3.1210702103857595,-3.129145327214263,2.2459918737084554,3.4567155289366704,3.440491696293399,3.4443931389943274,9.391919941865691,9.458727925509004,9.407073567616091,0.1497777205987046,-1.857586126046393,0.007499062047513045,1.4935822483646015,0.5149944541939856,0.5150520044987544,0.5144463733164554,0.4362814092808829,0.43481727541151344,0.4368235143165453
50.0,0.0,110.0,120.0,0.6137156548636428,0.2299880541282141,0.4539971345132324,3.1386344451641133,-3.137609095685074,-0.19255917128111696,6.104401370659541,6.103818143749228,6.107139557989002,28.757970503479275,28.759875629601783,28.766172877870048,0.34925651303632127,2.0655524669773113,-0.06932791873131545,2.3946278568372015,0.8193077722876371,0.8193020917603282,0.8193245081910945,0.7736065955492599,0.7739626335898644,0.7740422559149012
20.0,90.0,110.0,30.0,0.6140805593517175,0.2437329807515702,0.45436880031649984,2.1749400352223054,1.1814345060497986,1.6548640144814346,6.051728195522517,6.052396334501651,6.051769502326653,28.561931979394835,28.588613126711984,28.59831062122653,0.3501771470692701,0.4949005952650213,-0.07387049523567651,2.2703527387226234,0.8058836541739082,0.8070385660439346,0.8053240680594026,0.7671793908781285,0.7672023610936928,0.7670354656767763
100.0,0.0,60.0,-60.0,0.3857354941581407,0.0892682128256401,0.2675913721819382,0.7406375422560714,-0.4568726835122725,0.12936722778866008,4.985415476646275,4.980223704307971,4.983677609666873,18.81609061068781,18.85244423664236,18.821148580663532,0.2018509655894377,-1.1465617528389136,-0.04908614265854289,2.5516239368009694,0.7308455004781121,0.7299294879141032,0.7293696596362754,0.6306726355776127,0.6305163730020628,0.6311263097251694
50.0,0.0,30.0,-30.0,0.3074921482079977,0.0232427327230156,0.19087224667658848,3.1381293885741544,-3.1330354846448807,0.5934495519594868,4.786779357263898,4.783061113459696,4.7913854264623055,14.718297545138942,14.698637046111553,14.672460388915772,0.2011023754078323,-0.36678531310743673,-0.04867406052758204,2.787580015910175,0.714536006033916,0.7148742723994022,0.713881330426738,0.6050867728938906,0.6056148052957329,0.6060991070867745
0.0,100.0,30.0,-30.0,0.3077415737974362,0.0318638371305388,0.190424041949008,3.1386048622198826,-3.095473440830832,0.6183707872562221,4.752638792701745,4.75575166348157,4.751575164220367,14.526304730433216,14.452930885915032,14.515833368896969,0.20462345997676218,-0.4014706405257396,-0.050310196504417835,2.722047878750707,0.7053592072584037,0.7053515367984737,0.7062102478393509,0.6015910006594619,0.6014423178198471,0.6011028890705027
50.0,20.0,10.0,30.0,0.3077232747233676,0.0086248164566408,0.18061185857382428,3.140310642841396,-3.132293890406063,0.8867642115145191,4.127387576557155,4.1219178679987,4.126087520585742,11.417881577221722,11.405303808038338,11.445688993766398,0.16164061235206895,-0.5220786724786969,-0.036875738534712224,2.138726096656226,0.6126426900020895,0.6131587362066109,0.6122918327995517,0.521474695063645,0.5215370243394156,0.5223610522011248
50.0,20.0,120.0,30.0,0.659328352166173,0.2582367148855797,0.4872224693247072,2.194561601560727,1.1517310342537297,1.6457527077814629,6.192566146914782,6.193772673257494,6.197103371165914,30.683879642731316,30.714698259046767,30.688833645928153,0.3880552234808365,0.5052605136948418,-0.06656290714896863,2.089984051857333,0.8138820434369535,0.8129710247815817,0.8129365391594117,0.785137012796057,0.7856710841881298,0.7855554561027925
90.0,0.0,90.0,60.0,0.5224712569711135,0.1702693496604617,0.37791306068240155,2.7164093771546693,1.7011689485066643,2.1887568989552717,5.808595076102182,5.813330411941748,5.812079464133583,25.219850839166316,25.019298178386062,24.787440498598976,0.29121099384297355,0.9826126580473272,-0.07205449290659713,2.797213060441095,0.8175000393304908,0.8149608690440531,0.818454079642634,0.7358710067040719,0.7361567166665811,0.7363557701969349
100.0,0.0,20.0,0.0,0.2949236566174443,0.0278316692289376,0.17538158974396031,3.140695771396544,-3.1172942520649247,0.8630024297869162,4.466011180949473,4.474427608915899,4.465398233625083,13.032085468987333,13.069860216164333,13.07136586819929,0.18696079875355978,-0.2810906412210669,-0.0426100407113174,2.4981500709259694,0.6688471350195644,0.6688026772074189,0.6687016744642588,0.5655946206911451,0.5656571358300809,0.5644563352756284
50.0,0.0,90.0,0.0,0.5303058637325063,0.1767916521872359,0.3815485688150717,1.6635860621001246,0.6435047010560527,1.143695105910273,5.866400563390094,5.85882175095518,5.860576871906543,25.14908417991243,24.83294573341987,25.217172129923284,0.2907785381842156,-0.0673091769227171,-0.07632866093949457,2.8618540832712425,0.8215510690123433,0.8244342702281535,0.824536622344524,0.7423440931199287,0.7423603026327125,0.742900830200652
20.0,50.0,10.0,120.0,0.267169590234567,0.1729614826769091,0.2272762834071473,3.141581458378793,-3.1415819330319668,-0.14244874695830834,3.6728598667105077,3.67481624941389,3.675028147911006,9.641969469326625,9.649862209706628,9.634172562182881,0.10376466450398457,-1.0596719387602447,0.009589414251300506,1.576852442444511,0.5343013130456064,0.5339723213970641,0.5339183948380528,0.46474512494212344,0.46497618191302126,0.46470966939381236
20.0,50.0,100.0,-30.0,0.5749656781837035,0.2168099505280339,0.4241881834501226,1.1372975425885885,0.1295758634042703,0.6092409281250477,5.949054859997419,5.953515400394463,5.956751552366256,26.89559573929374,26.85275534685134,26.906860261120688,0.31550412224663144,-0.5682391446531134,-0.08492157978447039,2.5929699889300064,0.8182607632815361,0.8178085894332908,0.818636518980019,0.7538047088820767,0.7549173226973098,0.754322623233556
90.0,20.0,120.0,120.0,0.6668393425602095,0.2536692478200735,0.48952590519171335,3.1349317774843084,-3.1392767990522565,-0.15516390486922624,6.238114268637843,6.231578027889259,6.235475888630359,30.782933705486062,30.758676882583185,30.76480323308063,0.3845982299947185,2.084635993326281,-0.06261931274993299,2.1631564043306883,0.8209793174138494,0.8192739479541631,0.8213336070707619,0.7904934043934797,0.7901416102939146,0.7910308326539701
20.0,0.0,90.0,-60.0,0.5388891527220235,0.1879590244843154,0.38708606380609056,0.6179296251330106,-0.3983194893623352,0.0991892170531423,5.837758173432153,5.843331686134286,5.840550359313002,25.103717892620804,24.91681605466744,24.724429467285344,0.2864479420850351,-1.1175672831446684,-0.08102297381682383,2.781197164267,0.8152309686787033,0.8128731200335345,0.8158038017623075,0.7396985711316741,0.7399658369293918,0.7399043875021201
50.0,20.0,10.0,60.0,0.3088537691950392,0.0054587139336039,0.18982080903336437,3.140522590845382,-3.1403954128549314,0.26193334088272385,4.112289026631454,4.105064736332627,4.1031874076580594,11.130898313699191,11.171358425296061,11.17121579682568,0.15250601471481331,-0.44144306782873255,-0.035577495914208515,2.0747711648580958,0.6028210654640441,0.6046948626191226,0.6033255607306833,0.520121966652818,0.5188414733289047,0.5195831252444622
20.0,90.0,80.0,-30.0,0.4770904241585443,0.1562555504221078,0.3423126202691775,1.1447953111133171,0.1427538896457002,0.6405350906158859,5.5025175976422815,5.499192598397969,5.492774264939263,22.757688559993646,22.709926187669193,22.716043820782264,0.2561800392773493,-0.6230125372702033,-0.0761057316733143,2.6365232363719993,0.7802929657814377,0.7788277280490224,0.778931125730597,0.6969294562059221,0.6958060049230714,0.6961822640055699
0.0,50.0,40.0,60.0,0.3390659196296105,0.005998709599503,0.21478497883526654,3.139207665773545,-3.141453674325592,0.9230350708321703,4.944166340516813,4.937210411487487,4.932404863867929,16.175095291677806,16.15682575615242,16.203881631435213,0.21364151421346741,0.4108076472513145,-0.06129902905855199,2.848438011436614,0.7340046461130156,0.733624086187499,0.732735912817169,0.6254382257587993,0.6240655024665558,0.6248846443349242
20.0,50.0,120.0,-30.0,0.6651089569248286,0.2582111058366553,0.49022326363076396,1.1476178778536454,0.0919107904585823,0.5981997758903187,6.216209053191842,6.2193338449860605,6.222487888228154,30.76064562593004,30.75036340812296,30.724461213322062,0.3884042214371407,-0.5455445501569046,-0.07382477248321814,2.1278265263637537,0.8180582209545176,0.8179546473573118,0.8181654670349343,0.7881676692417335,0.788995783652657,0.7885926416859526
50.0,50.0,20.0,60.0,0.2950739004693016,0.0115649269476771,0.17718695274424562,3.141345883688801,-3.141076328860891,0.311954644280085,4.384443942046345,4.384738035210649,4.375231378792873,12.717093341707322,12.773096694025183,12.68459161124929,0.18203503809298352,0.08636730428407045,-0.04949354487549208,2.3678638289841047,0.6520189213590841,0.6510711725325211,0.6524305588300613,0.5550443282193686,0.5538677040733553,0.5538081103443726
100.0,0.0,90.0,-30.0,0.5325786071429626,0.1868949464948839,0.385224962180759,1.140220104450046,0.1315191888625342,0.622159386453098,5.82737362751129,5.820923266105973,5.8200685966254255,25.104114009120952,24.735128785703655,24.80755561617647,0.2868682919124981,-0.5921538741045983,-0.07948555794964819,2.7559958341303563,0.8109057955173754,0.810732832004018,0.8138189021065642,0.7375883873569058,0.737042305332093,0.7381969202575914
90.0,0.0,110.0,30.0,0.6236378854208763,0.2377344364893974,0.45660233600314915,2.1811848193747285,1.174667629536121,1.6534462425647554,6.156939848539162,6.150912542333717,6.1470370604287226,28.822345872116603,28.834574719844717,28.817215028773024,0.3511378701079094,0.49201649147910764,-0.07264051029351651,2.4596830622909307,0.8265834042586724,0.8260241276138138,0.8253929606958627,0.7803642123399226,0.7790428222932158,0.7798520824437623
0.0,90.0,0.0,60.0,0.2548167937184602,0.1695715412270017,0.21664599956141548,2.622474833788229,0.876978034096793,1.912140433415381,3.4651462008242273,3.4728530566061795,3.4563854170648427,9.466670754534967,9.46551864396466,9.445819429956439,0.14697125056832613,-2.0942008254933526,0.008768797283964508,1.4774680433484315,0.5161214498733737,0.5170665127419791,0.517479075047583,0.43929720330794103,0.4381787699885234,0.4371677671768736
20.0,20.0,50.0,-30.0,0.3776708577282914,0.0241984286890415,0.24045685841594866,1.6726364732532273,-0.3109045589056608,0.70175331415604,5.101948320633463,5.098847392076834,5.100577269233019,17.682449909871224,17.52857395658015,17.678181935990285,0.21586083488253335,-0.47968454685281986,-0.055725886313156926,2.8783984395857165,0.749276229240729,0.7502823700126996,0.7490348729358579,0.6452484807883814,0.6454386709556148,0.6456795692547425
20.0,0.0,20.0,0.0,0.2909328909459286,0.033605316892048,0.17356620623590172,3.1388022529168027,-3.1261679090435264,0.8412687921747736,4.519704444369348,4.511660233411018,4.510233881164183,13.232230984312924,13.234973369653531,13.203530997005638,0.18868475101928472,-0.2774469671206764,-0.0409147200382201,2.5629030669495805,0.6784004056090512,0.678241993591965,0.6770171120374107,0.5713164448352428,0.5702346614356747,0.5712590344232173
50.0,0.0,80.0,30.0,0.4680329334057796,0.1396391342073513,0.3382182220381851,2.1899289585879678,1.1549880385880604,1.6706907862592288,5.504125408532068,5.499469779508203,5.497130226669713,23.13106116178021,23.040357399953333,23.040899749109823,0.259852636907513,0.445290224222024,-0.06820326466987832,2.743134068840636,0.7929177674524964,0.7912399367715296,0.7922829025280852,0.6968265928434164,0.6961001251134034,0.6966501221003573
90.0,0.0,0.0,30.0,0.2756655435323746,0.179482812351148,0.21869062091584499,2.6574461616520626,0.7121149385510164,1.7531504740074724,3.4246089948754133,3.426888207570601,3.4267042854307523,9.346595340125443,9.354519819339158,9.35570816783745,0.1478719379651268,-1.7485972092756923,0.00823695914642859,1.447409292809549,0.5109367613391815,0.511019518849561,0.5121803245741773,0.4332430352550042,0.433519509534392,0.4332144319356458
90.0,0.0,0.0,120.0,0.2756655435323746,0.179482812351148,0.21869062091584499,2.6574461616520626,0.7121149385510164,1.7531504740074724,3.4246089948754133,3.426888207570601,3.4267042854307523,9.346595340125443,9.354519819339158,9.35570816783745,0.1478719379651268,-1.7485972092756923,0.00823695914642859,1.447409292809549,0.5109367613391815,0.511019518849561,0.5121803245741773,0.4332430352550042,0.433519509534392,0.4332144319356458
50.0,50.0,40.0,-30.0,0.3393558218130742,0.0009779810805673,0.2141240801551634,3.135896238776657,-3.1332967822060143,0.7263015568751846,4.9564567397872015,4.96530914036302,4.963839443263241,16.19062833739849,16.177171522035422,16.255409225927,0.2109370890735213,-0.4180917742479754,-0.05692541227615978,2.8839206956701378,0.7378280123877649,0.7375135059537828,0.7376192391225977,0.6275519189851725,0.628631493524006,0.6273679710546278
50.0,20.0,70.0,-60.0,0.4204243776725289,0.1241247844790033,0.3012482798162582,0.6397633283573506,-0.3920101667046535,0.1185744051519858,5.240380366528663,5.24205117007889,5.24029073821249,20.87520504344154,20.858523572659216,20.857955685347278,0.22812971717122052,-1.1514268933405933,-0.06323066566172497,2.6358614630895993,0.7589899096675968,0.7600682834989237,0.7601065694029882,0.6636267250487049,0.6635782625405253,0.6634323263841714
20.0,50.0,10.0,-60.0,0.3075154419893449,0.0058385585790571,0.1829221146581374,3.1059217458967687,-3.077382823912992,1.463036263224259,4.023844197551442,4.014303355225074,4.0238703007809935,11.237967528413103,11.20206681357412,11.213603282907934,0.16809311427674542,-0.658603887568968,-0.04338432956121445,2.018631794393687,0.5980375783690157,0.5958761701341259,0.5969441136137584,0.5081990077736689,0.5082701297479528,0.5093291281229873
50.0,20.0,100.0,-30.0,0.5765204809795261,0.2164391294226422,0.4224206131937378,1.1407909182900782,0.1285997424463089,0.6065071308850379,6.027485346774223,6.009080459043879,6.024463826645163,26.771516015017827,26.808569734726085,26.799390834075712,0.3186137635377577,-0.5607534058059248,-0.07578490824089507,2.649319508369366,0.8189045352111224,0.8219064235304835,0.8197843917369274,0.7624554661516058,0.7618413971280148,0.7643011192691631
100.0,0.0,0.0,-30.0,0.2756940777113807,0.1779091896215913,0.21867822329318792,2.692271010433527,0.7857139397707507,1.8185480440071482,3.4260732941888086,3.4281327495383116,3.4268365866081507,9.339908732307745,9.362943714265718,9.359984235210765,0.1478828990471134,-1.9317102071540886,0.008291619025785426,1.4474538522960076,0.5110348226171381,0.5110427849653155,0.5122267715636732,0.4334653234129311,0.4335735074340204,0.43330028081638544
0.0,100.0,40.0,-30.0,0.3394862687641233,0.0021188043732227,0.21195732176878568,3.130448672642147,-3.050270353446744,0.7239088910624522,4.965911912974254,4.968240236369273,4.9715718624761,16.04220615133129,15.994698525979489,16.08150071997953,0.21416581864975293,-0.3998295603607121,-0.05508510680770122,2.8561205534290908,0.7313844587661129,0.7323979659027352,0.7328529422562143,0.6283231616542986,0.6290423425648543,0.6287724313777612
0.0,90.0,20.0,60.0,0.3039045763931918,0.0040379581436622,0.17946880629180545,3.1406409832845568,-3.141411207882229,0.3341226857506498,4.363904210298024,4.363584707145364,4.353444838121939,12.667699812637832,12.677699560100438,12.596550745214453,0.18187506651406726,0.09808162985429926,-0.05256905106483387,2.3337599031949154,0.6475680177017804,0.6467570825860727,0.6475605608105918,0.5524213558182883,0.551088597900044,0.5511977408293788
0.0,50.0,100.0,-60.0,0.582761629490945,0.2133338664036105,0.4222645944755127,0.608264954139052,-0.4021267352136978,0.08991031250467932,6.1050765857387495,6.111188464577718,6.102583473458102,26.84533150779474,26.89595455070969,26.81065858827842,0.3218210795207865,-1.097288010200996,-0.07181808408148266,2.767714467946844,0.8341854738126177,0.8305224349712501,0.8304108281642072,0.774238243590666,0.7738200423024949,0.7730995730896408
20.0,90.0,90.0,60.0,0.5132031617672093,0.1980629934592805,0.378719159628606,2.689713276535273,1.750636642318798,2.1933027108905585,5.5722591371076895,5.564197055093345,5.56654475590121,24.648091336846345,24.485847194571228,24.484462801884554,0.2822641175261167,0.9811734070565269,-0.0737892016742768,2.407365522562987,0.7743000959578206,0.7749612171108332,0.7760669581549993,0.7053777265662073,0.7046667989746034,0.7061189439892575
50.0,20.0,80.0,60.0,0.4680503835882623,0.1242768481565099,0.3361120240793924,2.743502915110645,1.6521366061257132,2.189710534602668,5.445924370424629,5.43967359082262,5.440782926138446,22.908058177699406,22.99248533489096,22.953327006399395,0.2601904581855709,0.9714992629873512,-0.05882557647441729,2.6623637749327136,0.7817852245320018,0.7820936156081623,0.7821070016465576,0.6894614466831227,0.6886161686859024,0.689559189108483
90.0,0.0,50.0,60.0,0.3790906676079454,0.0240050399601671,0.2422753180548253,3.140593878760472,-3.1393388559548474,1.7857111149213503,5.128551374109082,5.1325265029746605,5.133350074371116,17.65794265978996,17.64190586485864,17.588576570369067,0.223736602699724,0.5314131306852159,-0.0589201458715496,2.893737178521141,0.7510965212510405,0.7486096146616428,0.7506282281348265,0.6492472320379892,0.6498327940673879,0.6492463774044982
0.0,100.0,100.0,60.0,0.5646650005963613,0.2104759346957256,0.4148318577512859,2.694239172534196,1.7138546771297998,2.1837365475659953,5.928071331856725,5.940538871975543,5.934547738822143,26.70028307538097,26.742574904053548,26.595242053393125,0.31914066030919824,1.0030976188282272,-0.07774818448388585,2.529514325747247,0.8104514361232866,0.8076972615492609,0.8080142050332353,0.7521157218919136,0.7527370366820162,0.7512275707180839
50.0,0.0,100.0,-60.0,0.5785213229273346,0.2209139664713863,0.42357913369744526,0.6071564871586977,-0.3978956628159686,0.09275351626250818,5.9930532279959525,6.008128360683301,6.005502340529796,26.793250625283164,26.791837377884576,26.720784187062872,0.318735943222944,-1.101308169282022,-0.07713443445984468,2.613612822327395,0.8186425231345318,0.8161542772995847,0.8184905312026435,0.7600813100659994,0.7617503290406403,0.7598779468505574
20.0,20.0,80.0,-60.0,0.481563406765389,0.1496071427049446,0.341956783243658,0.6407765251498732,-0.4143639865196006,0.10722856331615561,5.649556637082485,5.637286930539981,5.636713263140803,22.917513266405063,22.96447463155186,22.9253751391933,0.26123798372520746,-1.1336106958964443,-0.07231889407812615,2.8427276922418363,0.8007339515392142,0.8001611287964546,0.8004390091932294,0.7150483125578193,0.7132576528673602,0.714922659578683
50.0,20.0,30.0,120.0,0.3078069220855997,0.0051130710850167,0.18995384830548476,3.1341855755941013,-3.1380344091605963,-0.3094270337773921,4.708226568593025,4.691435051837691,4.703358646146437,14.456030610774414,14.530088593889984,14.488627979096334,0.19633977243414555,0.523701086578075,-0.05440852784342002,2.666629024928286,0.7015889783393032,0.7012032457067066,0.7000763570585845,0.5944162702736157,0.5938283363267929,0.5959241047888734
90.0,0.0,20.0,-30.0,0.2971510442143983,0.0217274962271775,0.1745237045832205,3.105425202528305,-3.1290458691516574,0.6369342214525344,4.479480407339592,4.479213774671472,4.4840224618932885,13.024307297766565,12.998288119204064,13.025660931368483,0.18673909653255258,-0.3264053910621297,-0.04150770576067416,2.498773707965293,0.668054743180282,0.6684592812823172,0.6682816774527826,0.5664273877787318,0.5670136842006336,0.5670209329306758
20.0,0.0,90.0,-30.0,0.5338666526072142,0.1794138247507796,0.3848930198513667,1.1469686313537344,0.1174665550285527,0.6220109386072377,5.869449159212578,5.871816688872873,5.864941157517589,25.21215560733084,24.936347249581782,24.84262475024835,0.28877033799459806,-0.5935398468962307,-0.08016391732491895,2.8406973182407427,0.8210505975054412,0.8195196875070275,0.8225489111598492,0.7436373443357652,0.7431572821481214,0.7434102434992055
50.0,20.0,20.0,60.0,0.28597232450103,0.0424020136616844,0.17010620411077415,3.141030551922377,-3.1392462633958527,0.21036690596227073,4.522646953876638,4.515119302080458,4.516067221965887,13.154173217560874,13.164404799346206,13.108686035951726,0.1863533228492761,0.2063466776414885,-0.03954812779218555,2.550545617822163,0.6754797777856996,0.6759969733316011,0.6749965758979934,0.5717718941125638,0.5709051752872636,0.5717858058212476
0.0,90.0,120.0,30.0,0.6552525152644841,0.2599772171764546,0.4862195635093206,2.198481420179585,1.1565767968276384,1.6460682351878158,6.1398996503362575,6.147645596018114,6.149429973626755,30.639795280755944,30.66992263618596,30.659512783508205,0.3873980824654161,0.5058362205163875,-0.06851637921651427,2.022497184833732,0.8065206028040162,0.8070900083414224,0.8070288882618942,0.7788264301704317,0.7800171443434475,0.7790305330584456
0.0,20.0,120.0,0.0,0.6620542956146833,0.2584152163263518,0.4875557839482815,1.6741107790445122,0.6189062943010762,1.1212289580253252,6.16275150190477,6.163673276336638,6.169158470651864,30.710792625759396,30.726375725587186,30.66433614668563,0.388590733717035,-0.019203239682081475,-0.07059829320243431,2.0622746297251635,0.8113810168453344,0.8109537763489255,0.811478381298704,0.7812447345699638,0.782026510219698,0.7819461257669372
20.0,20.0,50.0,120.0,0.381570466997518,0.018404493685571,0.2427831279602272,3.137952665203428,-3.141276842583536,-0.2329230945035151,5.130311383277408,5.119322112021759,5.1334392213468,17.762198611709096,17.848361638186798,17.87902699659743,0.22682117753392333,0.6927114769954028,-0.06600938994791493,2.9215601049887887,0.7559733699071476,0.7546393912697226,0.7543496560744734,0.6481504611912253,0.6485940938449756,0.6498991103232359
0.0,100.0,90.0,60.0,0.5081471034534927,0.1968428822677743,0.3776631385057179,2.6708812029884914,1.7548279438531158,2.1858684035644447,5.550353730339901,5.541975301549147,5.544806617857499,24.703176159250773,24.447821556512693,24.41977890528638,0.2811191650147112,0.9956029467363587,-0.06963571108716965,2.3795232981721988,0.7719643172553217,0.7685914675639796,0.7721469138492343,0.7025423416348647,0.7020205862032776,0.7033965553318354
20.0,20.0,60.0,-60.0,0.3937111971950269,0.073248818579048,0.26620588017426544,0.8019785989015074,-0.5084015569214663,0.13034780813288585,5.070009356982462,5.079039019302821,5.075664211686122,18.993619650502623,18.8944396810604,18.986301175238214,0.20991422286185957,-1.0137740396838675,-0.04900738646418748,2.657091701594738,0.7394720419629724,0.7405278378421905,0.7411540276995009,0.6421964298622445,0.6429812373768754,0.641887665129369
20.0,20.0,120.0,60.0,0.6587158994836924,0.2587965920859256,0.48768337257083655,2.7169380406101133,1.6809767446224253,2.167696480669358,6.1873899643031764,6.203375428080797,6.1917485173783895,30.7000210018873,30.66257316426092,30.675839904187065,0.3870130319726692,1.0320401653891107,-0.0654220413800749,2.0962748976921945,0.8143097342503024,0.8139658601520492,0.8134847837144803,0.7856746047268671,0.7862936911746935,0.7842151809357021
50.0,20.0,20.0,-30.0,0.2896778460280848,0.0325644922240663,0.17393789255591857,3.126886649437856,-3.106461153081765,0.5943366708032742,4.526080355270903,4.529648940686701,4.533540400133848,13.303030239162585,13.251731021409363,13.2609695441994,0.19228814519616563,-0.36421930080461545,-0.04139092546122219,2.576715130953451,0.6794336892955474,0.6786172955734416,0.6790588766895456,0.5725206709574797,0.5734578114085978,0.5729995932781258
0.0,20.0,120.0,30.0,0.661500329807839,0.2580333086295191,0.4877312419946929,2.195859728940001,1.1516769905875808,1.6445722332092991,6.20757673042697,6.2170405878818995,6.22186467430324,30.69791969253271,30.711431487507888,30.71117384272452,0.38804842522718597,0.5063486476819143,-0.06509752808744364,2.122217601065453,0.8163189835046505,0.8160559952439237,0.8161171599764369,0.7873399907471349,0.7891073133083862,0.7879100615382624
0.0,20.0,20.0,120.0,0.3187382898971508,0.006435674617131,0.1900266728635555,3.138080768297796,-3.139003523431619,-0.6519993030009068,4.303020705949242,4.301346060930344,4.299108860481138,12.17410313769588,12.302722074601538,12.300869816133194,0.1667724826432281,0.2563456536174979,-0.04756364444054333,2.2352955076285626,0.6330390106671586,0.632795079256915,0.6326442037540942,0.5445738996244589,0.5439148637719763,0.5438601840128107
90.0,20.0,50.0,30.0,0.3790776237756982,0.0174872286445976,0.24123197972524213,2.7837117548006494,0.6074940140100891,1.7456187188067491,5.1892162022885895,5.1863848988087575,5.19106008783326,17.70146120168873,17.74349108659993,17.80378493622311,0.2299689834841782,0.20853484488302507,-0.05478520101824628,2.976061364759173,0.7576192879082552,0.7593443152813827,0.7597011057686616,0.6564793528159603,0.6566429719620692,0.6570320254842761
0.0,50.0,20.0,60.0,0.2914468197455664,0.0262921501122844,0.1745170476199355,3.1400800151991564,-3.1370697739361963,0.2909036762841577,4.409994607535663,4.4135034825067585,4.4016496962357445,12.84809649837431,12.85700535934492,12.789170690668644,0.1826763405094474,0.11177899359229256,-0.04740971837765503,2.4053564739934137,0.6569589768586366,0.6560883441143929,0.6572351784018112,0.5584938998410294,0.5574533957407835,0.5569574414571831
100.0,0.0,70.0,120.0,0.4345387362566347,0.1080740717870854,0.3010519853590623,3.1373572188691004,-3.1336222751006058,-0.20444837842341684,5.216929501221182,5.2371572231722725,5.22478656855833,20.643383512050157,20.697715304237096,20.749088706273636,0.2377402910184836,1.5687306088840678,-0.05184419498821054,2.5796638086091503,0.7477681292066627,0.7486558950636114,0.7486076641100968,0.6620686854839226,0.6630655431684457,0.6601746815095267
0.0,20.0,60.0,30.0,0.4038555287002222,0.0589701347740348,0.2706205198189154,2.4312897807412344,0.967810187510056,1.7092201649223064,5.191354405466991,5.191759439923234,5.189025779609131,19.21547113162559,19.10098886342052,19.34286553532951,0.2270331220177716,0.3186684029687754,-0.055437533005084146,2.7975317492750147,0.7551682894913481,0.7569892573818108,0.7555042763154824,0.6570825905738721,0.657286319487103,0.6567254806362066
90.0,0.0,70.0,0.0,0.4169749808754603,0.1302226550971029,0.29998358249499624,1.6942270127543435,0.6560355480306483,1.1633909763462367,5.2012191279062066,5.201623263333506,5.20517559025247,20.738778912216446,20.793147427708654,20.795322003572807,0.22825142836555584,-0.10088993702797022,-0.05780796357528726,2.5848248649717234,0.7533178776627264,0.7529819731544088,0.7530013308326715,0.6584418174086174,0.6589143456660772,0.6588391634868953
90.0,0.0,70.0,-30.0,0.422966399772797,0.144486892251598,0.30437243761835747,1.1612938563382391,0.1685194404003662,0.648899459434862,5.216312976296941,5.2181624003289535,5.215582937621935,20.788422418569603,20.7906531101398,20.825121489925518,0.2242280160012933,-0.6366202530151488,-0.0702988601886479,2.5871815817374175,0.7541747824178446,0.7548694985833678,0.7552211103030884,0.6605994382556832,0.6605325447259426,0.6602767890387927
20.0,50.0,40.0,30.0,0.3396031655134017,0.0063705489412728,0.21309198226197987,3.129975903274968,-3.126008237361873,1.325046359982207,4.965878012231627,4.96697604109963,4.967203074998463,16.06370092416505,16.085505822468555,16.0476655699181,0.21416247658300475,0.11830988812613538,-0.05573433207635156,2.8576450991336686,0.7336940393483171,0.7319780214368008,0.7326834463472753,0.6284670882429539,0.6285936560625848,0.6284062347720006
0.0,90.0,40.0,120.0,0.3442595342275902,0.0011311371334387,0.21548984632962592,3.140071180428557,-3.1359157884263,-0.28130958108698,4.832684854452927,4.823018605146511,4.826285393717007,15.750294536021578,15.70950217401004,15.689943402519733,0.2079740637915347,0.6020801873509731,-0.07035179722635161,2.6470790199324825,0.709017953603429,0.70978543655479,0.7094108793750209,0.6108954035286168,0.6101680277075809,0.6114310888978303
50.0,20.0,60.0,-60.0,0.3972916731331526,0.0704914837726144,0.2666322488011198,0.8058088871323486,-0.5095107949388185,0.13212909193503736,5.096552207611846,5.093001581274117,5.092369867158484,18.896864690698777,18.906117898740458,18.940837689929868,0.21284811865343675,-1.0255983083601226,-0.04714266481001527,2.6687798076142424,0.7420130065379266,0.740465447819432,0.7408058230497296,0.6449848718871076,0.6445193875412053,0.644925012921009
20.0,0.0,0.0,60.0,0.2939488819559211,0.1611479878704752,0.22051761728621988,3.0316160661586267,1.211444033519067,2.091832263440019,3.428232144108593,3.431967733089982,3.421432651848734,9.320902507763169,9.397679297533394,9.35259575644678,0.14993213094129276,-2.100962530645259,0.007706891592846183,1.4648045424123557,0.5111552285083595,0.5112434395415344,0.5108322557816185,0.43416690185736223,0.43332689642164035,0.432898605774101
0.0,50.0,70.0,120.0,0.4324699216136503,0.1270637747026628,0.3048370391737879,3.1410771057079527,-3.139909881564517,-0.24808459053968712,5.074943911143937,5.081210248291179,5.084505626518092,20.486866545110527,20.551534310437805,20.584988701275556,0.22866748988896385,1.9126323213306602,-0.06394211268173257,2.39375629143008,0.729893288495526,0.7308843180971097,0.7281275038451128,0.6427395042915308,0.6440503513543123,0.6431348877178444
0.0,20.0,0.0,-60.0,0.2970719909139282,0.0715391187259649,0.21872132337625183,3.1210702103857595,-3.129145327214263,2.2459918737084554,3.4567155289366704,3.440491696293399,3.4443931389943274,9.391919941865691,9.458727925509004,9.407073567616091,0.1497777205987046,-1.857586126046393,0.007499062047513045,1.4935822483646015,0.5149944541939856,0.5150520044987544,0.5144463733164554,0.4362814092808829,0.43481727541151344,0.4368235143165453
50.0,0.0,70.0,30.0,0.424998015110937,0.105736451854261,0.3000006307502364,2.249125874243196,1.1158139233949151,1.681527884047276,5.200998394039879,5.192499246640621,5.202465443038858,20.696192713830737,20.72543040922804,20.777019674421123,0.23169902836768608,0.4270283697360878,-0.04883029285124634,2.5736031778596082,0.7487994311751924,0.7488528268665747,0.749490997856444,0.6577964985396815,0.6579262201494942,0.6589990072934293
100.0,0.0,60.0,-30.0,0.3886184048938464,0.094696647982648,0.2690850617723506,1.2612466916040628,0.100955097411389,0.6587165882783459,4.973342968509214,4.975871212868585,4.975505730008585,18.81377648598448,18.859128370131447,18.831409330891297,0.203658374864899,-0.5978028947864071,-0.05383829296535454,2.534125327616419,0.7280806618909935,0.7280398385279363,0.7283296191855253,0.6297180665323662,0.6299277480953879,0.629630497662967
20.0,20.0,30.0,0.0,0.3057260869567491,0.0311313032239676,0.19221645020092729,3.1388264348369,-3.122350023602863,0.885962712626811,4.823520463956997,4.808390733724486,4.808818887312774,14.844819655338373,14.84332220149035,14.787040830349696,0.20499023210339595,-0.2173773162839917,-0.04845715725579957,2.8383431385233457,0.7222366381380355,0.7217368072725954,0.7202788830860233,0.6095148578763834,0.607690414916498,0.6096393742141533
50.0,0.0,0.0,-30.0,0.2881265113587337,0.1778684777032965,0.21972648802429615,2.893962530047375,1.021658543790578,2.0200226817465428,3.4212220250964975,3.416800454301731,3.432790490931018,9.335085328020954,9.341403033685166,9.375066708183326,0.1488154500766398,-2.11708056267528,0.007978191048741652,1.452730594631178,0.5113278816605654,0.5110678317466435,0.510720381150942,0.4318667877041278,0.4333267734318672,0.4338929113162815
50.0,50.0,50.0,60.0,0.3780823300085302,0.0257754334549843,0.2435632999556153,3.13036434130739,-3.1399792459707565,1.8563014054026874,5.065646056664479,5.065156701379381,5.082769312935968,17.586142515854895,17.576771581832947,17.564985560300475,0.22215196145435467,0.5253760397076995,-0.06405545411804389,2.820821530466532,0.742809467478934,0.7425908108785184,0.7431220880033879,0.6403390042627752,0.6424726601904996,0.6426532720794267
50.0,20.0,20.0,0.0,0.2863922818980399,0.0432516623906206,0.1738215920289408,3.10508163975021,-3.1336306251134984,0.7951832185049355,4.543429100920801,4.536021449635138,4.5369813510950125,13.332122932728808,13.319400553463154,13.304136224281143,0.19198659641425575,-0.2718579171699473,-0.04070381763139489,2.598440035510149,0.6828581129429211,0.6826054919018023,0.6806885068136752,0.5742754580888741,0.5735312058020692,0.5745200433656783
90.0,20.0,10.0,120.0,0.3014001500395731,0.1794623962295083,0.22986441486355938,3.141522720819836,-3.141459305864993,-0.961793524224285,3.674359126044751,3.676150650868617,3.677302762434128,9.607088348893685,9.589625065048526,9.615187612127954,0.10564369395710627,-0.9463646768188372,0.0031425665860804123,1.5825719410460521,0.5323586346360972,0.5332298111653204,0.5326589601147904,0.4648965191279917,0.4652558691117033,0.4650312797822431
20.0,20.0,90.0,-60.0,0.5367093164876053,0.1810493368538302,0.386080323043492,0.6194282025667193,-0.40767050024253,0.09664329209532331,5.898414954273011,5.897478676325329,5.8956902006093,25.257891205600757,24.92765054997615,24.946712558503535,0.28887937422888227,-1.115872570640472,-0.07890471069455467,2.883673050393395,0.8246577475459396,0.8243425219320867,0.8271793968870123,0.746864394031006,0.7468118077869078,0.747329952396168
0.0,90.0,0.0,30.0,0.2548167937184602,0.1695715412270017,0.21664599956141548,2.622474833788229,0.876978034096793,1.912140433415381,3.4651462008242273,3.4728530566061795,3.4563854170648427,9.466670754534967,9.46551864396466,9.445819429956439,0.14697125056832613,-2.0942008254933526,0.008768797283964508,1.4774680433484315,0.5161214498733737,0.5170665127419791,0.517479075047583,0.43929720330794103,0.4381787699885234,0.4371677671768736
90.0,0.0,110.0,-60.0,0.6276090326524896,0.2453202236652899,0.46117727636829403,0.6239142991956697,-0.43196423657776,0.08029496120001094,6.085935032335936,6.098168504261804,6.109081286766121,28.79881445878832,28.862751930123714,28.86791984662598,0.3513146562189846,-1.0819042473367517,-0.08412954695253227,2.395611183774043,0.8212698412172987,0.8206093843740832,0.8208002555039506,0.7715204086099702,0.7744465107577031,0.772795161390226
90.0,0.0,40.0,120.0,0.3407247508827679,0.0042782936286129,0.2146806039050515,3.135443214282951,-3.138188372568135,-0.2676951794822546,4.889854746471109,4.877726598448202,4.8926052460663545,15.999164029339044,15.994013389378553,16.047274979213228,0.208342670567646,0.5979863450283593,-0.062449085485420566,2.7682663818198723,0.7247949208968046,0.7243346948145991,0.7241081110690754,0.6175304211252621,0.6179711742601524,0.6194945685389428
20.0,20.0,110.0,-30.0,0.62310365827125,0.2444204405666259,0.4567125487041267,1.1419373464482898,0.1102582070522353,0.6056538920900085,6.12721060762215,6.119739838330976,6.123023484048389,28.648886775143488,28.644302244610593,28.631763549092664,0.35385446132067144,-0.5577842675449864,-0.07124625922929675,2.378643239547543,0.8163722257839965,0.8142476425500265,0.8150758942778568,0.7762515118115499,0.7756952525292266,0.7766769270825253
0.0,90.0,110.0,60.0,0.6106019416144254,0.2441682007144138,0.45316403940786626,2.690330237393775,1.7116610124151317,2.177177626298877,6.0387374159936895,6.038944697920309,6.038960697009552,28.65461286295721,28.616898301504452,28.634117356677233,0.34941447381387125,1.0186161441482475,-0.07205142670549164,2.2751164987751604,0.8063558984434849,0.8066038544736522,0.8067016465535101,0.7654605250263978,0.7655324948592847,0.7654939895168342
50.0,50.0,120.0,0.0,0.6590550923296689,0.258174918266902,0.48732247187049765,1.6759036056160284,0.6204085929673873,1.1226245473114123,6.149138469767708,6.143930575573773,6.145961070829208,30.684576033668904,30.713107426349865,30.71662707129256,0.3884397946396505,-0.020284762428534605,-0.07268090928680991,2.0374821395290916,0.8094050448363227,0.8094204949313066,0.8093623620662589,0.7794394487910498,0.7790416589945222,0.779678437054038
0.0,50.0,90.0,60.0,0.5206248392675946,0.1807183602070272,0.37780819239490676,2.696284471799001,1.720544220149021,2.1903581692994973,5.721230637284637,5.721480099872065,5.72385342442458,24.871838803390325,25.068170054791523,24.631029244935338,0.2875740884289202,0.9852633753305668,-0.0740604406709309,2.65493812983297,0.8047407985394788,0.7996106901466555,0.8015496475387988,0.7249982434414362,0.7245028765228648,0.7251232089862234
50.0,50.0,120.0,-60.0,0.6735624713119226,0.2584257388260133,0.4931219335486638,0.6260579152233795,-0.4376221215392601,0.07237810403733651,6.291366431013198,6.2902288831794015,6.287635111062918,30.7949507483402,30.812217017983166,30.796146659270228,0.3881602937037893,-1.0688083306764045,-0.07278429586424742,2.229992883664472,0.8276017301634647,0.8274133159440239,0.827219945535706,0.7977412795137997,0.7972589462863271,0.7974382103181357
0.0,50.0,20.0,-60.0,0.2936401770178398,0.024825057521411,0.1756577202828932,3.123124936343209,-3.122043451684067,0.40275815707907703,4.459954056557965,4.458670577949227,4.470918450955857,12.987079606357879,12.984266775712527,13.022802962808637,0.1925354514705628,-0.3692081486201438,-0.04446784444967305,2.4746373877804233,0.6648456091649114,0.6638787481404097,0.6658184897316218,0.5636318461885208,0.5649590914729096,0.565130384121641
20.0,20.0,90.0,30.0,0.5264694108253531,0.1692773062247962,0.37842329980556116,2.2003440308590214,1.1685147899840462,1.6644885152539142,5.849696474311793,5.84890888273175,5.847974975763252,25.28757670230461,25.13773047660747,24.86429938492551,0.29238617536547157,0.4597062878610484,-0.07163648781875581,2.863384824099448,0.8247479561525786,0.8214327267331735,0.8250931767054026,0.7408578679222063,0.7404298981933451,0.7413006455307948
0.0,100.0,20.0,60.0,0.3021496384866612,0.0066883275423266,0.17713812592205921,3.136473466753636,-3.123840829281986,0.2369879655715112,4.377002619670965,4.382187115907877,4.380099214396582,12.679562796483525,12.621084007534392,12.670387636584193,0.18599793055754396,0.1256006889415418,-0.050992171137133155,2.3518624029574746,0.6493873992967655,0.6502327414790141,0.6487799359667737,0.553919950490976,0.5543625846706004,0.5537531382981161
20.0,0.0,50.0,60.0,0.3779242356243258,0.0190917941406311,0.24041154875932297,3.139778957425862,-3.137195294013956,1.619635577539975,5.175413434833705,5.177439744345385,5.179976180900223,17.7539412279365,17.755901875053407,17.68914347589387,0.22738594631138712,0.5235791585857966,-0.05608428296209671,2.964092396653064,0.7585676232903562,0.7557164363368438,0.7574928650850354,0.6550297432043842,0.6555319389139505,0.6552499564217316
90.0,0.0,100.0,60.0,0.5732408102333113,0.2036535930313101,0.41615508766114523,2.696566810580873,1.70696365322249,2.182109464563512,6.061508077472016,6.07205986271309,6.066930238490976,26.888904261774183,26.795604696498277,26.79218131459787,0.32294091389994767,1.0005794683119904,-0.06903646452435884,2.732104090711962,0.8275048899368367,0.8286610959328917,0.8291694077753411,0.7686052404502239,0.7693881936299208,0.7680857077737281
100.0,0.0,100.0,30.0,0.5731470895520505,0.2118894405904652,0.4178103281128795,2.1749139709014704,1.183226269867537,1.6606690201710272,6.027453517752643,6.027663770806355,6.034891048662774,26.72460815685415,26.76390361300292,26.881600428955092,0.3209765283647416,0.4746945669883781,-0.06869294528370859,2.666091453651179,0.8206852866932802,0.8229939626560636,0.8223081979029739,0.7635373482379985,0.7644778464428408,0.7642633426505817
20.0,20.0,120.0,30.0,0.6639874230596507,0.2583094376900242,0.487739550123681,2.198940908887358,1.1493538642233243,1.6450143553552787,6.203300764628128,6.20899714351721,6.214433791208099,30.701860406744455,30.714677587200736,30.702738773567123,0.3881226151989545,0.505939850606565,-0.06583432577221818,2.1135321117194996,0.8159779054709562,0.8153529388493755,0.8154279981337562,0.7865907199223434,0.7879854655378931,0.7872745028344542
50.0,0.0,110.0,60.0,0.6182380076814281,0.2347701463753561,0.4555976120690943,2.689533916692791,1.704721577036873,2.1752036935184225,6.144209811461918,6.145705713141851,6.144750957877166,28.791929413093605,28.782261466086403,28.80077362150562,0.3506865773470266,1.0173820224679804,-0.06874605698227888,2.449011700652809,0.8238025960801875,0.8248786853422772,0.8244539781327573,0.7788782488391376,0.7789547375401309,0.7787886438395281
90.0,20.0,0.0,-30.0,0.2893625697600522,0.0882834101181298,0.21917804107602445,3.129796406928094,-3.136731702461905,2.2241361332340115,3.446733916469654,3.430633662576224,3.4361940043928594,9.392210470294744,9.432355731302405,9.383631651182036,0.14977924842206727,-1.918229172743122,0.007462253148930003,1.4858295087395597,0.5139234409536744,0.51355881187263,0.5130260874998746,0.43498367212193434,0.4337234330078309,0.4356855518360311
50.0,50.0,40.0,60.0,0.340166636247676,0.0029111874936262,0.2148558222244769,3.1328125023872326,-3.1366854446967563,0.9239094579587936,4.913875997854215,4.910413755189488,4.919637279936458,16.12100025307394,16.07364493038179,16.094304799636603,0.21229501233501433,0.37905494924037914,-0.061378443788209607,2.8109069045902904,0.7295999413823654,0.7285482132326847,0.7284942296418454,0.6211731576409574,0.6219571683631726,0.6224782459342414
20.0,0.0,120.0,-60.0,0.673130125523745,0.2604254906388554,0.4943539618372744,0.6265370624546296,-0.436321253045596,0.07290502990953175,6.283756743279096,6.29095307446608,6.284134197759188,30.78852776344834,30.75432398927574,30.785169764147998,0.3872664791714355,-1.0711747576193387,-0.07600011807722619,2.2101164621059834,0.8257890172332251,0.8253076607067306,0.8259086315450532,0.7973383192173324,0.7973756717064067,0.7964253037799779
0.0,90.0,30.0,0.0,0.3068933662576497,0.0329852015889869,0.19099459424747414,3.1386625619145065,-3.1399787375739523,0.9567303429167376,4.738638172659997,4.723656157375336,4.7330926385717795,14.558369108966428,14.571443692352329,14.51311462968049,0.2026987438236172,-0.22867172921394802,-0.05155663248283949,2.7129289709018347,0.7059964935146472,0.7044279835296612,0.7046162617816107,0.5984189569970552,0.5977086837055523,0.5996425044178779
0.0,20.0,0.0,60.0,0.2970719909139282,0.0715391187259649,0.21872132337625183,3.1210702103857595,-3.129145327214263,2.2459918737084554,3.4567155289366704,3.440491696293399,3.4443931389943274,9.391919941865691,9.458727925509004,9.407073567616091,0.1497777205987046,-1.857586126046393,0.007499062047513045,1.4935822483646015,0.5149944541939856,0.5150520044987544,0.5144463733164554,0.4362814092808829,0.43481727541151344,0.4368235143165453
20.0,0.0,20.0,120.0,0.3172733432127158,0.0171971607911353,0.2080370681955016,3.1400749865696107,-3.1408557068177214,-1.064637507605715,4.219317156083037,4.2129639964997,4.205714032296882,11.814811548348532,11.760433746325766,11.686493924038823,0.14666545427135697,0.17339353571117738,-0.04708537057198478,2.0777215925770225,0.6106755579151193,0.6120874102540547,0.6103767915641642,0.5336788057163145,0.5321290178239696,0.5331519649719614
50.0,0.0,70.0,-60.0,0.4236313940289181,0.1337222212503891,0.30262185742058323,0.6383925801911069,-0.3796093850275778,0.12232397448425598,5.256189486702909,5.257237033344596,5.258023089307886,20.90023296441177,20.885810918183946,20.879297817280566,0.22738282339089746,-1.1560596259977247,-0.06671079393912363,2.6532416235311063,0.7620673254093616,0.7625893494383275,0.7624282126437225,0.6654788436062508,0.6657012655141794,0.6656132217511663
20.0,90.0,70.0,120.0,0.4331036349584494,0.1283898818429746,0.30412980370472725,3.1372556535973923,-3.1353356703647104,-0.28157197183609356,5.105922810057185,5.10391383248921,5.09618869529284,20.33413653423395,20.244969970032894,20.267998941998663,0.23046024976959328,1.8767110755440684,-0.06074988999931573,2.3515219052600744,0.7207757429895661,0.7211604132192502,0.7218525832235908,0.6467620110490269,0.6456219743130869,0.6458784111745446
50.0,20.0,80.0,-30.0,0.478943707404448,0.158043461971335,0.3435695880018967,1.1538949010983284,0.1295679894961328,0.6380887502024872,5.519916707292927,5.53384780548309,5.5155634975217245,22.964874602511696,23.023819706305822,22.875875066029092,0.2565163917571236,-0.6221020231801494,-0.07864204931307439,2.723710240718871,0.7924624780456639,0.7903935002826287,0.7906781925794005,0.7004057684217391,0.6998095608477972,0.698136130766319
0.0,20.0,80.0,0.0,0.473504364142396,0.1414619607893676,0.3392616055313767,1.6752126409765058,0.6364913653084433,1.1516673048470887,5.561122379230516,5.564608228402251,5.564125520337658,23.226699383816747,23.16980965318136,23.086277257488806,0.26155881263876063,-0.08793875726936481,-0.07173631732096239,2.830071515317777,0.8030792833856759,0.800832432595442,0.8023545679894789,0.7043242351035465,0.7047620000520505,0.7043484062521499
20.0,0.0,0.0,-60.0,0.2939488819559211,0.1611479878704752,0.22051761728621988,3.0316160661586267,1.211444033519067,2.091832263440019,3.428232144108593,3.431967733089982,3.421432651848734,9.320902507763169,9.397679297533394,9.35259575644678,0.14993213094129276,-2.100962530645259,0.007706891592846183,1.4648045424123557,0.5111552285083595,0.5112434395415344,0.5108322557816185,0.43416690185736223,0.43332689642164035,0.432898605774101
20.0,50.0,110.0,60.0,0.612637792259499,0.244375962035505,0.4538280227504872,2.691214619216749,1.7046248088745068,2.177088948130632,6.062767288942541,6.063581090879618,6.061866267012881,28.637964007869666,28.614009016105122,28.649486409345762,0.35023240155619534,1.019353800297017,-0.07187762900013939,2.303636088614714,0.8089751625031123,0.8094006633108872,0.8082688862627143,0.7686091802779835,0.7685584856385307,0.7683974679380706
20.0,90.0,60.0,-60.0,0.3967438429183944,0.0691217363816026,0.2666046536111403,0.8466930912130545,-0.5210349833230764,0.1349404798547165,5.103882589049215,5.100909742478306,5.100939893370652,18.93632611987323,18.9072501753717,18.91507914488988,0.21485834063608109,-1.033546279042824,-0.048291753377788904,2.674688442577617,0.7423974138093963,0.7411431629323625,0.7407677393982117,0.6458733473336511,0.6455630023635974,0.6459704129003032
50.0,50.0,0.0,0.0,0.2565106237877631,0.1811469297691457,0.21848228325794947,2.7670995481436664,1.1309240310165898,2.0109382481812945,3.4358048008735333,3.4194642146685617,3.4204052027971086,9.353589744447632,9.377460343572313,9.374348205900622,0.1482135504541131,-2.140513941723588,0.00792737668632801,1.4607477162450835,0.5132610939392747,0.5115967093476903,0.5118130900101385,0.4338445794275978,0.43191661387517677,0.4340159948406134
0.0,100.0,100.0,-60.0,0.5770628014884134,0.2200618223368956,0.4233892049480397,0.6037211329241935,-0.3940865685274061,0.09303326963478849,5.9577432011163935,5.975583161921035,5.975095771341493,26.821275339734722,26.834508982579766,26.840336092797195,0.3172739607641651,-1.1040895554979466,-0.08003204258131887,2.593269405090293,0.8171229719743298,0.8188354549083547,0.8161183355478289,0.7555947528641309,0.7579875669546844,0.7555754339707111
20.0,20.0,50.0,30.0,0.3771976470284315,0.019438048764498,0.24071492047600537,2.7597741575631867,0.6569467882550442,1.744698202267698,5.180070801804895,5.183787735904634,5.180052508695092,17.664367608490483,17.67081603466629,17.760677154356824,0.22872459305079212,0.18859954656898287,-0.054551811616013204,2.9608073138607307,0.7554347803026067,0.7578594877567317,0.7569763565824649,0.6558764771263531,0.6559098072527093,0.6554165917968895
50.0,20.0,100.0,0.0,0.5759779086659124,0.2107097863276034,0.4194365575447984,1.6564933685502747,0.6552809458770248,1.1327908245538538,6.0730882737859275,6.0683822932776526,6.081187733395243,26.854198172809483,26.775836616643723,26.85345595249788,0.3213198856781107,-0.04212476906763726,-0.07046924317160919,2.725862549982402,0.8252181656246439,0.8286233542562954,0.8281301675169209,0.7687258539738361,0.7697393184443747,0.7705373688784736
50.0,0.0,20.0,60.0,0.2910487367808309,0.0299421479268852,0.17163072937624607,3.1413093396751264,-3.129449003247211,0.3114235819732965,4.462544981500613,4.453537662517027,4.454011719644556,12.91604905700277,12.90870282246482,12.870325943086925,0.18268601009146487,0.13975976263487894,-0.04178386045034946,2.463366889881428,0.6637654449365171,0.6644914222988091,0.6633475888269299,0.5641814027041564,0.5630150385127678,0.5641258387135355
0.0,20.0,30.0,60.0,0.3017573405752046,0.0378633331406142,0.18993521356547982,3.134675948016454,-3.1405967214655672,0.5092124068354116,4.830562463788233,4.824188108191552,4.830348890637753,14.768977157205942,14.781604140232387,14.730554303178662,0.2057317540910384,0.31917287127189364,-0.046636018056390935,2.8371100995430982,0.7199059245373727,0.7186246156094153,0.7198894664869646,0.6105735607895327,0.6105486683487905,0.6113136275112755
0.0,50.0,60.0,0.0,0.3953426334196887,0.0857947123723497,0.2680912051137261,1.8243392392143096,0.5973276384276389,1.1903617857729065,5.06458414456987,5.058120893613528,5.06222965857906,18.758271389014613,18.81582598138055,18.806949397146123,0.21449237846341404,-0.13073552703055974,-0.05298080782014993,2.5988151518390237,0.7316875201419082,0.7326114937373507,0.7324957270522708,0.6407952441756707,0.6402866692975779,0.6412773710876861
20.0,0.0,110.0,0.0,0.6169761390228407,0.2448267274681467,0.4565543556031441,1.6503883327193254,0.6441354297681108,1.1304169604887877,6.1123765328944595,6.115272266875909,6.103803958082021,28.768610183243975,28.780653150719964,28.711190321542954,0.35121111905391844,-0.03385898027928406,-0.07553373236941309,2.393592186549831,0.820955788967672,0.8197814475843941,0.8193156997528229,0.7753663077796673,0.7742437838503685,0.7739426441786414
20.0,20.0,90.0,-30.0,0.5337171031259328,0.1820844524454928,0.3847392250660958,1.1424440522787518,0.12819433818582,0.6211015485576014,5.8477517481009755,5.846432393857784,5.85125131460575,24.769110539977287,24.95427892441634,25.173801714936364,0.2880134362960426,-0.5921273994027937,-0.07947906905500991,2.8081365048835303,0.8169926629120415,0.8196422881163323,0.8164702071102314,0.7406184775042035,0.7412273703273387,0.7407077270261864
20.0,50.0,0.0,30.0,0.2682398174902793,0.1776439182222982,0.21847279626903007,2.793943065675444,1.1763302785538576,2.0588335361784402,3.422251190058797,3.416819299569316,3.4140440477133502,9.368749908992623,9.373649837201713,9.352924895360001,0.14824125197090512,-2.1350461815871147,0.007836231054958733,1.4556967875902085,0.5131008537218229,0.5124843137032327,0.5100906149929174,0.43272753746597564,0.43176597194201544,0.4324290239343411
50.0,0.0,50.0,-30.0,0.3725656330892635,0.0264182252887249,0.2385447659821698,1.6252398860660222,-0.2372992710833874,0.7064384563167665,5.094293819238071,5.088060381505841,5.083206030457763,17.50734585920323,17.601942146816555,17.64519197163021,0.21387676519467821,-0.48738796055373224,-0.055228303662248325,2.862732953718223,0.7481927240581465,0.7481893500397889,0.746859906154745,0.6447594444464347,0.6432636470744537,0.6439024155268752
0.0,90.0,100.0,60.0,0.5661263878085123,0.2124298265977465,0.41782774329146694,2.690123759022078,1.7128720666441417,2.181721283840178,5.914804906984785,5.92392304625619,5.907864195388138,26.97006072507919,26.88704228059819,26.86344851441354,0.316894918982321,1.0001385632749158,-0.08561879194199383,2.572632547952168,0.8176306105558544,0.8157176943866674,0.8182081584343497,0.7504771008844612,0.749614470761548,0.7485616349672869
20.0,0.0,0.0,30.0,0.2939488819559211,0.1611479878704752,0.22051761728621988,3.0316160661586267,1.211444033519067,2.091832263440019,3.428232144108593,3.431967733089982,3.421432651848734,9.320902507763169,9.397679297533394,9.35259575644678,0.14993213094129276,-2.100962530645259,0.007706891592846183,1.4648045424123557,0.5111552285083595,0.5112434395415344,0.5108322557816185,0.43416690185736223,0.43332689642164035,0.432898605774101
20.0,50.0,100.0,0.0,0.5728821546410366,0.2125668066765869,0.4214601243470649,1.650116246490282,0.6576873944547486,1.132178380539917,5.974298186608074,5.97542053585443,5.990263562782938,26.83272624221102,26.840601336243544,26.914496688053372,0.3172898431320407,-0.04181720318810803,-0.08196061504769271,2.6310428631842484,0.8208322449486491,0.8214211548380326,0.8213482068771871,0.7564329019101969,0.7585599836946841,0.7582112441544748
50.0,0.0,90.0,60.0,0.5233006116788979,0.1653920915626849,0.3772248724889542,2.7170149715123184,1.6979085896692954,2.1869486134081657,5.8202520238005135,5.8210604656757825,5.818971359261365,25.290567804500558,24.978283256364808,24.869320847124023,0.2920473922510965,0.9844954229978646,-0.07002614730830856,2.821269610854786,0.8195149317954865,0.8175440003557801,0.8212127701069947,0.7370769687438972,0.7370007995861174,0.7376033028380621
50.0,0.0,80.0,60.0,0.4666571100976038,0.136989272952211,0.33728718795656387,2.7219779311599326,1.6802541401803197,2.1926585663063043,5.437211562567522,5.429450499727182,5.433832433399128,22.964431022037232,22.93956444286667,22.919838762517884,0.25846673169420264,0.9704765226665468,-0.06277519720381415,2.646622926730321,0.7807923390037725,0.780255108162314,0.7814695682178077,0.6880711609961706,0.6875709786023537,0.6887683650976186
20.0,0.0,20.0,60.0,0.2903275171557491,0.0342377788446199,0.17074825962513718,3.1348468863560317,-3.1351309745519744,0.2637252925114491,4.487142917063049,4.477390089804018,4.4813829877379945,13.022059969684628,13.015943336751178,12.966702785072203,0.1833796449607728,0.1822806076540964,-0.04044650410969623,2.4994911425941826,0.6690219902691458,0.6692040057963418,0.6679975633566082,0.5670849492317649,0.5663040352281565,0.5674606353188836
0.0,100.0,80.0,60.0,0.4591067153113776,0.1625494979522924,0.3365164771931995,2.681200830828297,1.746923665214426,2.200687804487959,5.313230548894065,5.321264092709791,5.3160171014916315,22.32670501206372,22.382400637143945,22.355296320718605,0.2544602665901801,0.9685072833467262,-0.059790481374486726,2.382122621400449,0.7470020518829652,0.7489344280898667,0.7472011227279017,0.6735476743088296,0.6737737416864145,0.6728922287226292
20.0,0.0,100.0,-30.0,0.578087918694724,0.2160139274220006,0.4216473669316674,1.1357064255683764,0.1263634713573764,0.61027366718486,6.078124339469067,6.060482865230036,6.06927411281333,26.777391979397812,26.692698493763004,26.822637503833825,0.3208567302990244,-0.5677714272940408,-0.07032462569633519,2.698963946185694,0.8221719347811672,0.8249704615424603,0.8253141306305051,0.7690222954467493,0.7680282617367731,0.7702276840005077
50.0,20.0,70.0,0.0,0.4228003481253814,0.1191660410604214,0.30022484465069654,1.701662755916244,0.633566372479755,1.1604422075139769,5.170297257810472,5.171681432287171,5.179576468429324,20.621496720824883,20.651857471700882,20.722568742550127,0.2286541847443616,-0.09834682521797425,-0.05315713143533646,2.531575194225752,0.7444641068118114,0.745232276208482,0.745087302639323,0.6543856858556691,0.6555659812485841,0.6552875059929156
90.0,20.0,70.0,-30.0,0.4181239227100746,0.138975097534318,0.30306004700000655,1.1526253096591212,0.1603002700432137,0.6441779485888345,5.177143383808474,5.174309524915943,5.172450253936637,20.69515645672168,20.69921286817223,20.699011285625357,0.22454383836083774,-0.6294928954303376,-0.06390715426814028,2.5335434086779878,0.7475685118524092,0.7477290969554744,0.7478750732693429,0.655436885337513,0.6548503333552932,0.655216442172537
20.0,20.0,100.0,60.0,0.5709871305764339,0.2056762773670183,0.4173895053979932,2.6889866868336045,1.7132199742741607,2.1764425816843054,6.014555588897244,6.02941844846866,6.0184917806052685,26.840045213342574,26.893557549933135,26.80127185278595,0.31973710980187475,1.0105597893410652,-0.06956796449308332,2.67956730446491,0.8249406150211149,0.8226379959029333,0.8232869591767301,0.7633665658546755,0.7637536558384196,0.7616747134251843
50.0,50.0,100.0,-30.0,0.5748166293272983,0.2197808084518445,0.4240365321360362,1.1294753231853685,0.1289361057548993,0.6093418027042974,5.949352392719755,5.953870349102912,5.954198525086173,26.896799495161595,26.860175153071975,26.912521041343926,0.3155366063111589,-0.5682848019636118,-0.08484458763210795,2.5938159885619116,0.8183173907693863,0.8177620011375857,0.8189455647141359,0.7539722664830782,0.7547154656265229,0.7541336708250574
20.0,20.0,40.0,30.0,0.3374158472440183,0.0127309499135922,0.2117703668766676,3.1363797448597444,-3.1386775416088484,1.2535466053701907,5.029794844581023,5.03281918807524,5.02890688056402,16.208770118788234,16.20662386730933,16.306604966274325,0.21846474653478268,0.1197736076532143,-0.05097050610016926,2.9530467984556252,0.7421061390347251,0.7443785321575938,0.7438560721329891,0.6367311261954847,0.6366115025274589,0.6362473115134646
20.0,90.0,90.0,-60.0,0.5331424173426687,0.1811279124337718,0.3845391976683276,0.6235184494323042,-0.407204823869691,0.09890975742296543,5.8498160519175215,5.854694727704223,5.851715407578474,25.102199823860857,25.084648818165036,24.749817900160895,0.2884170786075084,-1.1177382010938626,-0.08057867982910664,2.816484295380517,0.8199314268502693,0.8169468626383961,0.8194306902154791,0.7413626010634301,0.7412024866754515,0.7413259592188925
0.0,100.0,30.0,0.0,0.3045097332677884,0.0357570573878954,0.1911956588552427,3.100545786418985,-3.128123875986012,0.8832587803694205,4.723794819702912,4.732803332283779,4.732360950537065,14.626216630944175,14.58975813603854,14.570009674695436,0.20256909769630024,-0.21934684387280518,-0.055166174659699835,2.708941294732216,0.7053317453127758,0.7045486791453398,0.705333866117066,0.5980065094020441,0.5990915833396686,0.5979348920590404
90.0,0.0,60.0,0.0,0.3895949251377794,0.0872217117814922,0.2682148171100944,1.8069774854125829,0.6020282383690022,1.1907393739290935,5.010015624191171,5.00487549461391,5.005465335349714,18.798380479405353,18.815558768097766,18.78830819608555,0.20852254865959718,-0.139137560817287,-0.053371192082160034,2.5541763182868746,0.7301485153180347,0.7279452340442606,0.7288829301067153,0.6339979208858695,0.6333547671639551,0.6340713022243003
20.0,20.0,110.0,30.0,0.6198573161958537,0.2393408931574484,0.45608517408600313,2.176155277025579,1.1754119725689829,1.6529343590284986,6.150825855234407,6.152447270088025,6.153957057139084,28.79035448474439,28.770107935758876,28.803472940643292,0.3517199165751722,0.4916499366054122,-0.07004639683613066,2.4501646215654533,0.8242953907130603,0.8240642665428963,0.8246560562704104,0.7796065003455837,0.7800184748244643,0.779861328888258
90.0,20.0,20.0,60.0,0.2871835710937605,0.0390999649445147,0.17093101913135486,3.13556223816734,-3.1311468395596624,0.23493078902090353,4.514949860215141,4.50608573990312,4.507657322310902,13.104752567521137,13.107519759169561,13.065090075457476,0.1864728771401671,0.20789751585724403,-0.039559255315903805,2.537066137070341,0.6733310602720352,0.6741227214909694,0.6732263435315807,0.5707619694413928,0.5697305616082653,0.5708226773773816
90.0,0.0,20.0,60.0,0.2948001115799377,0.0170940927141232,0.1734709309819323,3.1358638712128437,-3.1294021989114844,0.39557016556042107,4.41183530728591,4.403341685054382,4.407272297731471,12.768279897176871,12.753257326281885,12.687178781873063,0.17819271637727532,0.09780114047874977,-0.04376209693618128,2.396906565848433,0.6551617943625728,0.6543913499901441,0.6549765173718323,0.5575742945633949,0.5569848996900106,0.5580242323367874
0.0,20.0,20.0,-30.0,0.2896611805944923,0.0381316098631565,0.17396162387515768,3.1366475384163093,-3.109815835980626,0.6164013797785223,4.523896623252079,4.532864244615372,4.538238754391738,13.305189232233507,13.31228065466635,13.271956438337279,0.1915328335555075,-0.37914948035583546,-0.04152813280438133,2.5836120212206395,0.6799305129395816,0.6791038154687019,0.6796640492136323,0.5724404754322581,0.574213825626102,0.573037941540439
0.0,50.0,110.0,-30.0,0.6192610745299473,0.2456855373104112,0.4559492979495219,1.1387460388566788,0.1111183957265864,0.6037970876214526,6.100915142902412,6.0966419224458654,6.09800662456394,28.59606684376807,28.59096067045456,28.657236531198933,0.35313536781641675,-0.5503102556553386,-0.0711052349231613,2.3292524015671345,0.8085036144779754,0.809740857075675,0.8107742661521516,0.7731597926352513,0.7727437021235997,0.7732887189872331
20.0,90.0,80.0,120.0,0.4602433105307138,0.1694437929292169,0.3384590273613934,3.1408520847859527,-3.138791398871397,-0.27953562802009124,5.18756890698109,5.211772699949735,5.204284253888616,22.265029285348874,22.330316603158327,22.351594097723435,0.2498908102452395,2.0149152967071053,-0.06342395044898591,2.246616949868735,0.7334079163107302,0.7350554775163776,0.7334682610779382,0.6584766735342518,0.660632327100246,0.6574327846076914
90.0,20.0,60.0,60.0,0.4076962656000772,0.0578878695043355,0.2703923396487449,2.9794684099335216,1.48765060566276,2.2296513715526527,5.221680999742823,5.2241405266994505,5.223981324779019,19.36764840838355,19.302826603076113,19.138553798869864,0.23069710283078737,0.7210276341002626,-0.05564776693274222,2.836144263270353,0.7596314846712223,0.7583964579011239,0.7610588184144353,0.6610014740987492,0.6611664601199904,0.6613327742596059
20.0,0.0,10.0,60.0,0.307894213505543,0.0072788529180913,0.20352040400220733,3.138447675635966,-3.1415627885554005,1.1339038581740226,4.023739805710342,4.014193466068598,4.02432776137302,10.767719133721975,10.7685807785628,10.798202805951574,0.13946250915590133,-0.7586520182764004,-0.03347519025300424,1.9628280496193324,0.5869313447340931,0.5866592048771503,0.5870074314609748,0.5082891368152032,0.5082013930745035,0.5095588068299935
50.0,50.0,60.0,60.0,0.4000155391518513,0.0780155726268301,0.2709389071553461,2.909998809236841,1.6232052025591128,2.24334508495139,5.077861359526231,5.076770269481898,5.081131400950029,19.15020116928382,19.01852580609961,18.863174209799855,0.21947886834827915,0.7458915397147119,-0.06261532787761212,2.642209004543271,0.7395308459855198,0.7365012411335038,0.7394088939974932,0.6424587435495271,0.6428312978635247,0.6434179076997096
0.0,50.0,0.0,120.0,0.2688845232676308,0.1732953323907179,0.21831513747433312,2.8608514653870056,1.1538213746079409,2.0978707924647533,3.4245127234138146,3.4323491642193904,3.418552675938987,9.388594699739777,9.37343712088642,9.358224682214008,0.14792565105024028,-2.07574029022514,0.007785800372943345,1.4604857069374675,0.513003603425133,0.5117918378222047,0.5118860575665758,0.43403045072897795,0.4333004410439886,0.4322016053910413
20.0,0.0,0.0,120.0,0.2939488819559211,0.1611479878704752,0.22051761728621988,3.0316160661586267,1.211444033519067,2.091832263440019,3.428232144108593,3.431967733089982,3.421432651848734,9.320902507763169,9.397679297533394,9.35259575644678,0.14993213094129276,-2.100962530645259,0.007706891592846183,1.4648045424123557,0.5111552285083595,0.5112434395415344,0.5108322557816185,0.43416690185736223,0.43332689642164035,0.432898605774101
90.0,0.0,110.0,0.0,0.6195950068740326,0.2458912066805444,0.45695762690909003,1.6557032419134914,0.6430974060398876,1.1295596997932704,6.0889102332254925,6.091970093819682,6.069624096776826,28.82546717252001,28.757037778320207,28.736099387055077,0.35040374680155256,-0.03109780642735145,-0.07498023118135543,2.3577691987232874,0.8156017751933432,0.8157897196105789,0.8159509009199509,0.7728228125360562,0.770477359005119,0.7701066670985472
0.0,20.0,30.0,-30.0,0.3064076757085562,0.0284855874798955,0.19205800765948933,3.1363450962854342,-3.127189963595116,0.5857618276447235,4.806771809580308,4.805778692852934,4.821572211431905,14.816991800801363,14.8310418411587,14.80089101018167,0.2039246572457513,-0.374417982369242,-0.04870817639402822,2.82885320715287,0.7200115848988862,0.7187796174932101,0.7195641627367141,0.6073929885787871,0.6092512711380873,0.6093470493607088
20.0,20.0,10.0,60.0,0.3087935717510949,0.0080839593236869,0.1950162067985382,3.134463659887637,-3.1380970843303606,0.49973090293576894,4.0752720000790355,4.072541442390433,4.0763073546106625,11.026641179592486,11.047687526681841,11.035589459384683,0.147883650205663,-0.5151560829959734,-0.03524357212795608,2.039618066728002,0.5975344358265451,0.5976125051701349,0.5975607047058923,0.5152383082690779,0.5154976493072942,0.5155954429241236
0.0,100.0,20.0,-60.0,0.2931784421328386,0.0283951658359807,0.17850303541238172,3.0959108966043942,-3.087986428986239,0.47315347966242316,4.395560354430732,4.3976142281937864,4.395547036135244,12.81251686402899,12.816873001827402,12.803838101049639,0.19422140629089754,-0.43727612644909486,-0.049641548482503205,2.3942849749438198,0.6549282381182463,0.6535520972969437,0.6549773963767819,0.5561568576081115,0.5562236943091887,0.5559213063334771
20.0,50.0,80.0,0.0,0.4731232432983713,0.1539825358091943,0.3381713316944419,1.6649955520743618,0.6613168185848334,1.1583420053086069,5.571974748611884,5.56050555570777,5.557074750908367,22.958404920378552,22.837994809349663,22.927452236782578,0.2618270791316627,-0.0901304100470328,-0.06766507845630343,2.7558896796096426,0.7908945173370704,0.7915048877469397,0.7922598400962002,0.7051775284375102,0.7034147675097062,0.7049349274704397
0.0,50.0,90.0,120.0,0.5097913536707095,0.1951096464960327,0.37536812218744003,3.136108101991228,-3.1366983335200183,-0.2940688119733163,5.515986823472345,5.533784045672334,5.528028600961738,24.37039037195353,24.4141176351684,24.531335028679763,0.28288652613381066,2.0300980385491627,-0.07050286325045824,2.3333512951064375,0.7655828098159935,0.7670126307261267,0.7658941065683229,0.699930425840365,0.7016059393084971,0.698915363246505
20.0,0.0,50.0,-60.0,0.3768873315236259,0.0255768105054395,0.23973282774793858,1.1261499748329686,-0.7399944152684439,0.18121036225110584,5.044990836423086,5.0434032321090925,5.049367189734412,17.496439282963177,17.63452431961006,17.521579266393758,0.20935416347920263,-0.7233840663445228,-0.05409674082097398,2.8253030720723764,0.7461394148943656,0.7433399347227143,0.7434752733671728,0.6381929598517142,0.6386726418734161,0.6388102280736622
20.0,90.0,40.0,30.0,0.3416801316773307,0.0039333056241062,0.21459687143529088,3.140288595284628,-3.130769239049471,1.4753394242565963,4.900479642279485,4.913327911247772,4.905685199390567,16.003765521463215,15.96177702015263,15.9383936958244,0.21103672630687653,0.10028686212741715,-0.06077386830435729,2.7784004074603725,0.7243128427868973,0.7233112349673664,0.7244068564793915,0.6209561784106377,0.6216566267164283,0.6199778369385941
0.0,20.0,10.0,-60.0,0.3002479536741834,0.0148016674545448,0.17534286595324186,3.1293462367442424,-3.088473544364608,1.376278078955727,4.061558523370792,4.0682627322453815,4.065250090645217,11.420692606074956,11.379260794413595,11.375902971087674,0.16844536157129072,-0.630485424099441,-0.03899547653273202,2.0770901609739627,0.6049499929984449,0.6050347747417603,0.6049619737484848,0.514051349674279,0.5147951749642395,0.5136429773375597
0.0,20.0,10.0,60.0,0.3091726352574305,0.0100764776168907,0.19144118903131885,3.141043511371984,-3.138584544357005,0.3492555967306925,4.107864178014238,4.102294279899634,4.0977790516082235,11.103754250747736,11.132421419531669,11.124267528859466,0.1506103635725288,-0.47879258095904925,-0.035041774703552436,2.0675138486159277,0.6025781480796636,0.6028058744273626,0.6017239305006215,0.51967561426024,0.518376146769575,0.5189168994458323
20.0,90.0,20.0,-60.0,0.2944619729758781,0.027041285945786,0.17684672728061468,3.10988262662312,-3.135462869468901,0.3921166876651901,4.408913004626432,4.4043706302060635,4.414897140430347,12.817070280367671,12.77878481317808,12.801574231655799,0.192653198428015,-0.3680711089641656,-0.04854036933395337,2.3974004190885037,0.6552104260280854,0.6543430657988769,0.6547528944606447,0.5570864868225831,0.5577862069116241,0.5583967883924505
90.0,0.0,110.0,60.0,0.6206896173404154,0.2343973571774268,0.4559270561867239,2.692984812222176,1.701530208274593,2.1758813939484725,6.168191718301381,6.170637329447259,6.167842512231571,28.83221012364913,28.825217870119623,28.851829569932548,0.351331602532542,1.0157904961901043,-0.07034472557284822,2.488182367477111,0.8285281842241711,0.8289245343191465,0.8286210900905921,0.7820243153341068,0.7820145184445239,0.7816875950325476
100.0,0.0,40.0,120.0,0.3398695746031396,0.0059133042558784,0.21407795201689356,3.1392973241334845,-3.1395697032504004,-0.2458248843892825,4.897103350418014,4.883677886388172,4.899917368061103,16.031237581999996,16.046165231646214,16.080265753490764,0.20882772562976823,0.622033216343178,-0.06339672117985674,2.7799571648994186,0.726435543819355,0.7255455754275689,0.7254562345017671,0.6183190090650252,0.6187445726411351,0.6204438791144002
20.0,0.0,70.0,120.0,0.4442554506430134,0.0926984865665654,0.30189302965828574,3.139376915923619,-3.1408185678997143,-0.16647842041935387,5.298251311797136,5.293581155337139,5.294365938769489,21.07388794222668,20.788817922659764,20.949367611840863,0.2426452684404106,1.326090480210644,-0.05110528412289877,2.7018226742536546,0.7607445281152054,0.7628257718403226,0.7631023199268334,0.6701320472087873,0.6703111858573502,0.6708928421077158
20.0,90.0,70.0,-30.0,0.4174103620196759,0.1389786286171292,0.30327007004417644,1.1424455396239188,0.1750131272715697,0.6442704084617186,5.1265032929353564,5.1293604236810495,5.12536854995452,20.58861462131998,20.607165683198428,20.600916880830496,0.22312458174165248,-0.6282562094449855,-0.06337494098419097,2.463633661668492,0.7393740708709954,0.7396621978254364,0.7390958846373821,0.6493812340184353,0.6492270067706071,0.6488859254099423
100.0,0.0,50.0,-30.0,0.3703484140276373,0.0355261751578653,0.23784556331509302,1.5550012648189628,-0.1294341271531781,0.7039139974586631,5.057703880249803,5.049166345074378,5.047715638260065,17.43907478990974,17.423032422694288,17.475414269755227,0.20943089038924295,-0.4893659803978896,-0.05308958084858961,2.803951867272931,0.7408821778938722,0.7411646130395337,0.7399894582350004,0.6397663488026264,0.6385033312817047,0.6395382578234211
50.0,0.0,20.0,120.0,0.3181768379779653,0.0173763208302872,0.20834673602675446,3.1406820970905485,-3.1406085012513527,-1.0912292506529206,4.209273349935836,4.200445675526162,4.198373659605345,11.683466936455499,11.854436633316512,11.731747993322513,0.14621989336562943,0.19716311852076418,-0.04861297898658887,2.0696023720453103,0.6106324786411396,0.6100578105776353,0.6101422694059236,0.532422141229208,0.5306712276381413,0.5320384731631507
20.0,50.0,90.0,-30.0,0.5305358702891934,0.1854434101604146,0.38500918447659926,1.1336773068701522,0.1298208792403183,0.6225789003744289,5.78443541214655,5.789784572796223,5.784239681558433,24.929255987420486,25.02595449964161,24.640741382463627,0.285560237095083,-0.591541010911706,-0.08141141982084033,2.7109571065520237,0.8098310064864183,0.8064950968256885,0.8078004390597471,0.7333772520080827,0.7327821914939588,0.7327891528428554
20.0,90.0,60.0,30.0,0.3951587708657594,0.0880980911970262,0.2720711160619174,2.347312491660892,1.138807524208269,1.7180874694006376,5.0070086644001455,5.006479684646924,5.004166283248455,18.923104322779984,18.87265116388142,18.837661302728645,0.21241139553793148,0.33765422810946494,-0.06364952470131514,2.5542669321815334,0.730735016488363,0.7291377804001954,0.728771749451976,0.6338389833595224,0.6336051761341319,0.6335892825273831
20.0,90.0,120.0,30.0,0.6555162530898935,0.2593965803949084,0.4860898648947441,2.1911124003375524,1.15575694116755,1.646077347043008,6.138794500027735,6.1431768625181205,6.1448825604987265,30.653120092678293,30.670204732017837,30.64976931704973,0.38755105637309506,0.5056244371862554,-0.06888391199046866,2.0187738250747658,0.8066038898706274,0.806832730463259,0.8065905762419329,0.7785278276263383,0.7793047844910899,0.7787472506333771
20.0,20.0,10.0,-60.0,0.3023046664393158,0.0074394619665519,0.17573680903037972,3.115986545252204,-3.119767058406627,1.3457057807644874,4.060448928968967,4.067407313519548,4.06060746911797,11.412113850489078,11.360629124804612,11.339958132782737,0.16805576598047903,-0.5827709370410828,-0.03946340450201198,2.073190742730087,0.6046324786094773,0.6039798841105564,0.6037637734255955,0.5140692664430041,0.5143785296167914,0.513209651361235
90.0,20.0,30.0,0.0,0.3068564711816928,0.0357443796593766,0.19386337720441038,3.1288725469929477,-3.116290513791032,0.8925783161919091,4.806133164902516,4.813709707571458,4.808832836558118,14.841009307322302,14.869274131967952,14.842367345883556,0.20569279418988434,-0.20677258214830674,-0.04761454637489007,2.8354484673913616,0.7202530766854395,0.720270830403939,0.720678762673278,0.6085116309476446,0.6089315969185717,0.6078801929748532
50.0,20.0,110.0,-60.0,0.6271760069745527,0.2434265069627699,0.4590626241227548,0.614812841246042,-0.42118074761895,0.08277012076142844,6.138008899707952,6.147290314392105,6.144571317098825,28.831813554546784,28.850767073313992,28.78784462692278,0.35245261873649414,-1.0834188074262423,-0.07502142527958462,2.4349175299884855,0.8231004236989289,0.8236578002588095,0.8224272026504235,0.7785047741100949,0.7793621656136682,0.7782143080109298
20.0,90.0,110.0,-30.0,0.6186592245994438,0.24555187506959,0.4567645042266727,1.142687635032847,0.1134740561747341,0.6015577450475664,6.075327519214758,6.062420032773344,6.069937099332346,28.68800826409246,28.63455871870132,28.669312655072783,0.35110912314358106,-0.5502744157267287,-0.07617063753785114,2.3142653480186866,0.8094669477784062,0.8110333717646503,0.8104549268959242,0.769229079162405,0.7685884217586337,0.7702887420822329
50.0,0.0,120.0,-30.0,0.6667133686482919,0.2583252588495475,0.4907256114701622,1.1542895100525012,0.0910503803611851,0.5964449669130082,6.221516071394408,6.218683715845296,6.2227792974572615,30.745644309083463,30.760837391265024,30.705269438154186,0.38814239472558615,-0.5443701829917454,-0.07258918690396984,2.1325377347362284,0.818296711511123,0.8181232391173855,0.817713726973092,0.7885594128499468,0.7887177596130264,0.789122951165875
0.0,50.0,50.0,0.0,0.3754660233121804,0.0314610060648506,0.24134085589488494,2.145945069893295,0.3313452955287861,1.234165595408325,5.103405148174102,5.109881932346995,5.108946824029659,17.59018268244296,17.633457259554927,17.5670989826935,0.21968908190453373,-0.14741143842709695,-0.059239121099521924,2.866257092651057,0.7466412053985447,0.7476284911018938,0.7484307675827716,0.6462145010277354,0.6466926041283863,0.6461161860834804
20.0,50.0,20.0,0.0,0.2896077929829817,0.0315319453253837,0.17384032466401786,3.133768158866197,-3.133500078976509,0.8296368117843248,4.46722043932375,4.459457532438661,4.468244876289604,12.95383003502752,12.991170461011906,13.025666419318961,0.18947122950948111,-0.29613143692859023,-0.0437680538924204,2.48118077712374,0.666367573656433,0.6662084872418346,0.6659350370611047,0.5643533983741357,0.5645346068673962,0.5655093547724064
100.0,0.0,40.0,30.0,0.3398387433013817,0.0070171922773587,0.2123975568807658,3.13993047260767,-3.122186441141954,1.336436062621673,4.990598258941967,4.993580658338298,4.995376808300775,16.09832045741317,16.142541789116315,16.20546854802787,0.2155332775947185,0.12600767374507515,-0.05269696888760253,2.898715787637171,0.7365839128223712,0.7381096811389738,0.7388907175515275,0.6315776782121106,0.6321351694275398,0.6317754099711592
0.0,50.0,40.0,0.0,0.3408450476275357,0.0065721744543487,0.21380373658635196,3.13601384073616,-3.052953659355034,1.1348913301390449,4.982008846101911,4.966932747750422,4.972925162373062,16.133662012540867,16.14628603002916,16.10031106608883,0.21599315767797275,-0.18350166526025322,-0.05421484462303526,2.8804977910913796,0.7366204351126746,0.7349542835491337,0.7355083618763157,0.6294975529569323,0.6283237148454002,0.6303018493020485
50.0,50.0,110.0,120.0,0.6053941025825306,0.2457841786815316,0.45119772176806267,3.138393485176364,-3.1370148299761222,-0.21485372423591514,5.958622411487595,5.961955729355712,5.959751227326582,28.521985922013833,28.54332565409675,28.542644245790914,0.3479186305164123,2.0638233976451628,-0.07415877174377575,2.1554424325851533,0.7949311868503769,0.7946085544981973,0.794764324995841,0.7556050852448175,0.7557583601062061,0.755306168900101
20.0,50.0,60.0,120.0,0.4095755124984306,0.0698616731547778,0.27325975422806975,3.13027006335634,-3.135369200905551,-0.25348061328341787,5.069542689203741,5.0742238236639965,5.069297609128955,18.939624621560718,18.899141418457564,18.742273838832183,0.22304823375500163,0.9680650049437305,-0.06767103873441405,2.5901937604223657,0.7319682560513435,0.7315223481724725,0.7330273547380947,0.6420851433946735,0.6419558246502793,0.6418348976029454
90.0,20.0,10.0,-60.0,0.3017818668704172,0.0092191901874506,0.17491413506019857,3.1336336828100837,-3.119157809237862,1.33998048997395,4.0623540379714935,4.069756241960876,4.071603001108241,11.402010067571407,11.34148698817878,11.432403759824814,0.16791168095247516,-0.6057427768867091,-0.03906560470059905,2.078086823556787,0.6045522523819461,0.6047194800037307,0.6068561879763329,0.5143038161033562,0.5152922016366611,0.5141402281351286
0.0,90.0,20.0,120.0,0.3185888815842592,0.0057331146048849,0.2016048771716731,3.131376714991065,-3.1362089071195958,-1.0141973739373908,4.2123336222030066,4.218278909981877,4.216099595075708,12.014455689994993,11.953438572134955,11.897305638632893,0.1520912511093637,0.20656266533167864,-0.05008820439941541,2.1071579153754887,0.6170869599312654,0.6175354877003033,0.6177936991942757,0.5331179083615308,0.5336466331223598,0.5332209478239489
20.0,90.0,10.0,-30.0,0.3075299724773182,0.0281241371849399,0.18683934858051424,3.1304819959560257,-3.1409073613261467,1.7406059359878214,4.0579745533474645,4.054691051847425,4.048194614066076,11.183478395496664,11.207363356440213,11.15716048365507,0.1649580009699598,-0.6676512520272333,-0.044268157457082916,2.034726290972357,0.5997781853925707,0.5989934787132264,0.5988574534092032,0.5133451578423528,0.5123657409766208,0.512646563664111
100.0,0.0,40.0,-30.0,0.3400398090387658,0.0008438540777677,0.21220349176406095,2.9005510402603107,-2.8461011349795684,0.7487690826570912,4.962471056347963,4.9596144853487685,4.963121971079032,16.18563255269931,16.12330728868448,16.03632116635855,0.20746655051973903,-0.38687876829561507,-0.05500793516653286,2.869842489329154,0.7349260958081419,0.7357797118098283,0.7358754679876252,0.6276563409023075,0.627586071044773,0.6281473555064776
20.0,90.0,80.0,30.0,0.466074534569981,0.1591741533227445,0.33708567473246653,2.177790470814341,1.1980859791642655,1.6744852205866236,5.445293776623013,5.4536395503813395,5.455171811216429,22.693527631683313,22.65117734082405,22.679383986414738,0.25779648071486877,0.44888965773661393,-0.0672756775665612,2.592970571920455,0.7733227025319032,0.7735192665208096,0.7731138532286287,0.6898368174927769,0.6912053427123712,0.6900872611772926
0.0,90.0,80.0,0.0,0.4715926470909981,0.1572684365416628,0.3386367728169467,1.6534723857689533,0.6690533729489354,1.1543016229688632,5.505509120832472,5.5030222372466095,5.5154992041285436,22.650928378766086,22.71411964447479,22.78347660022765,0.2588001518818523,-0.0812203472947586,-0.06866910720432406,2.657299421763608,0.7786797743101381,0.780831430338286,0.779337683868605,0.6967087844797,0.6978877815101954,0.6981445612777342
20.0,0.0,80.0,0.0,0.4751602435312145,0.1444512038986198,0.3405135241051683,1.684752517552676,0.6357804447587272,1.1500914741325479,5.591214515382175,5.598142377976319,5.591862634805373,23.20142436074939,23.202475160655396,23.16631699513547,0.26130697824152904,-0.08373276436574537,-0.07354903517019007,2.8676309863978964,0.8071126322199588,0.8062260014721823,0.8049511984658818,0.7085394044400892,0.7087106650095251,0.7077371914981153
90.0,20.0,70.0,120.0,0.4406968100564686,0.0982624374359486,0.2998493460289763,3.1399722783271025,-3.1415675885086816,-0.17098367065603925,5.265323513524816,5.282324789090675,5.271680589023412,20.774827547788625,20.75000690534373,20.919086192991934,0.24087453234249923,1.4506998660417896,-0.04972248590379023,2.6576386540287555,0.7555740462064278,0.7577796904837165,0.7577175776232216,0.6678376629529946,0.6689281950971696,0.6662492037076928
0.0,20.0,120.0,-30.0,0.6679214789135511,0.2573031885443033,0.49117064443918285,1.1512189457656796,0.090614295261324,0.5974772394510626,6.225843676550194,6.228950697960261,6.225317799023284,30.75605842374315,30.74730232686841,30.756707030612198,0.38808448936775874,-0.5453902709364599,-0.07365805761337305,2.1402819358693383,0.8193437172850072,0.8188549315866985,0.8193784697862526,0.7897053651275302,0.7896606021581931,0.7892242915364337
0.0,50.0,70.0,-30.0,0.4179297704288283,0.1360587729023869,0.30285533961284233,1.1465342524329225,0.1583091907830254,0.64466132118868,5.158271439379752,5.161646938329169,5.157988763355463,20.67719206553721,20.685197069525504,20.678427301204895,0.2240003638628343,-0.6299763475448521,-0.06463450338898617,2.5140651426465026,0.7457463045111913,0.7458767379565924,0.7453335316458937,0.6534004474408358,0.6533328815322418,0.6529194313337814
0.0,20.0,110.0,0.0,0.6142423851130123,0.246296467105227,0.45528804564648095,1.6516585556397256,0.6466614149154966,1.1299120679118608,6.086711205142809,6.0806436156058465,6.08905858321951,28.689021275222856,28.671571787348,28.68902089932129,0.35162712719717765,-0.03394496449541877,-0.07244829588755503,2.3438977595200328,0.8126300845138796,0.8119715634519197,0.813229546386685,0.7709685940373695,0.7713073458284072,0.7720478669092645
0.0,90.0,80.0,-60.0,0.4775591288072675,0.1572492203176267,0.34068920009099507,0.6318978562141802,-0.3821342819852527,0.10783815756641404,5.572094941129173,5.565436566320572,5.561130756393205,22.795267148564207,22.830713169471206,22.796352267329038,0.25925033039777884,-1.131744899654829,-0.07072703670802732,2.73306710596657,0.7885310772426783,0.7877384122892432,0.7884276423279796,0.7056516057890667,0.7040731659882361,0.7050337886717616
50.0,0.0,40.0,-60.0,0.3407300728961099,0.0029727566156217,0.21201481534819422,3.0027575776538904,-2.765718693524211,0.24261747394520894,4.972028751920338,4.97197470357181,4.975998527651697,16.161944249901843,16.149108522309305,16.022624745482364,0.20812755259464713,-0.5328392425891867,-0.05309567150115658,2.882776100427258,0.7357933404318567,0.7363546496947946,0.7373754207976378,0.6289726666109821,0.6293410957684556,0.6295178915622033
90.0,20.0,120.0,-60.0,0.6733616581452779,0.2608979772432971,0.49422072930208466,0.6255822291184505,-0.436239939891582,0.07283624286899941,6.289385066719409,6.289993819824054,6.285683760456328,30.75349085155505,30.793462428793852,30.787754067000183,0.38742208484885354,-1.070654905651181,-0.07516538399473834,2.2141758799656386,0.8257955934467319,0.8262350669360695,0.8263999197431628,0.7976636061223886,0.7971517045958831,0.7971164188401876
0.0,50.0,10.0,-30.0,0.3014641403640877,0.0100596791856684,0.1796314937214947,3.130665285814422,-3.089465382172932,1.640221065286655,4.0616807982147245,4.057094537283233,4.069548448930466,11.310571938592132,11.288796067183277,11.313851155754133,0.16712622651075126,-0.7083579210424188,-0.041874719182928455,2.0690943028422604,0.6036053500455522,0.6021808643646507,0.6049154840964895,0.5132770904922936,0.5140052944929754,0.5144516030500967
90.0,0.0,0.0,-60.0,0.2756655435323746,0.179482812351148,0.21869062091584499,2.6574461616520626,0.7121149385510164,1.7531504740074724,3.4246089948754133,3.426888207570601,3.4267042854307523,9.346595340125443,9.354519819339158,9.35570816783745,0.1478719379651268,-1.7485972092756923,0.00823695914642859,1.447409292809549,0.5109367613391815,0.511019518849561,0.5121803245741773,0.4332430352550042,0.433519509534392,0.4332144319356458
90.0,0.0,120.0,120.0,0.6612833684471141,0.2595096823890229,0.4869366625030031,3.1394072137344504,-3.135827727693076,-0.13033334402450908,6.229214429064888,6.205039470795989,6.199227541592812,30.73098038215026,30.63884718332808,30.686655630962363,0.38644280423948346,2.081416543570003,-0.06299554210800315,2.1145463922253986,0.8149165949581029,0.813952332558378,0.8150048409536105,0.7890451532406046,0.7853351572290315,0.7883793180788558
0.0,50.0,110.0,30.0,0.6143500457131451,0.2413867907650909,0.4552547001304562,2.1754176692546228,1.1805053899107587,1.6522598479471378,6.092960639341371,6.093386039040066,6.093465440841659,28.66791826288685,28.671437502254047,28.671372591015043,0.3504956663726284,0.49493794843758204,-0.06941487059965974,2.3478342550275277,0.8128317057884381,0.8140324945748514,0.8133245374733292,0.7723698435701353,0.7723678731500476,0.7723361857505957
90.0,0.0,100.0,30.0,0.5746958870353163,0.2079122631042306,0.4183238908098814,2.173999640266899,1.1823872304394347,1.661797721623938,6.0608323441566485,6.056237945352502,6.063998990835457,26.759826900844892,26.858225849986752,26.932466437521306,0.3219197434703969,0.472776016326665,-0.07041240845750052,2.7176535195367313,0.8272045371674205,0.8287614620468043,0.8267560454125205,0.767505121176657,0.7679037244978617,0.7683618991878322
50.0,50.0,50.0,-60.0,0.3780551867995571,0.0164571161727538,0.2398125624286453,1.231275955151715,-0.8972183149783439,0.17656411690602236,5.0918566578925555,5.094563365991297,5.095440035244226,17.612764386624452,17.57897101548982,17.70872560139319,0.21527216354058173,-0.6695947133711952,-0.05492058615612325,2.8798770270173,0.750270719018688,0.7496882333596274,0.7485133947743652,0.6443750040773485,0.6450725696359708,0.6444674747944006
0.0,100.0,120.0,30.0,0.6533434994822742,0.2596209062820935,0.48510067372410764,2.1965837458837,1.156783990951267,1.6484113168098657,6.117466105355745,6.113896639584444,6.115690910801149,30.63000753418176,30.618427957062526,30.66109188053892,0.38747789208089395,0.5036374449806216,-0.07049739825109118,1.9786187421531938,0.8031344023770813,0.8036863588569224,0.8033116248780511,0.7755197819948715,0.7752875937201232,0.7757258596443165
100.0,0.0,120.0,60.0,0.6610038203288118,0.2553339233502145,0.48727070635613723,2.7207867292669574,1.6796968850141285,2.1681735587355213,6.212003836650128,6.227120300362461,6.21624288455866,30.659894577305113,30.697755063197743,30.687050486974325,0.38759426693428306,1.0308756847091416,-0.062165329911346136,2.118704748151516,0.8147757413432313,0.8154621651668171,0.8157644755138207,0.7888285938633968,0.7893229521834529,0.7873718818880799
0.0,20.0,60.0,60.0,0.4084502505283675,0.063416314003853,0.2707081700420632,2.9653168832165187,1.5168507406575087,2.2326065399885686,5.202295906843254,5.205859420101809,5.204121790106739,19.241522321191564,19.339566998730565,19.103843748488703,0.2295366723802528,0.7151426402468322,-0.0567820181018473,2.808637833375024,0.7575614531066058,0.7556065079261004,0.7573150698688983,0.6588983045892157,0.6586772125072197,0.658712166143881
20.0,50.0,70.0,30.0,0.4232062868603999,0.1181264154027155,0.3012466258545812,2.2167166974640184,1.165409332574359,1.6767409819984815,5.139058052204253,5.149022634351826,5.146303057600369,20.637419244011262,20.647125449121305,20.58924387053386,0.22775037227135925,0.43916771936958915,-0.05286462927835523,2.493159303302566,0.7412256172265357,0.7394440039332478,0.740359061886511,0.6512454870410603,0.6521662922603517,0.6508534464417184
0.0,90.0,120.0,60.0,0.6546317912619375,0.2609247412847743,0.4860242426310266,2.714676876949164,1.6841478081194596,2.1696187085878864,6.136295358694822,6.140374110705334,6.136107978731743,30.67064003247959,30.624552443363044,30.623778400331876,0.38647413258180624,1.0312004181859529,-0.06872265930315045,2.010734984773719,0.806405182853436,0.8060766232162112,0.805465286413106,0.7784341716584015,0.7784540774253809,0.7779224623418316
20.0,50.0,0.0,-60.0,0.2682398174902793,0.1776439182222982,0.21847279626903007,2.793943065675444,1.1763302785538576,2.0588335361784402,3.422251190058797,3.416819299569316,3.4140440477133502,9.368749908992623,9.373649837201713,9.352924895360001,0.14824125197090512,-2.1350461815871147,0.007836231054958733,1.4556967875902085,0.5131008537218229,0.5124843137032327,0.5100906149929174,0.43272753746597564,0.43176597194201544,0.4324290239343411
20.0,20.0,50.0,-60.0,0.3773484379235877,0.0157132667253121,0.2392081378422347,1.218110678112462,-0.898693434010067,0.17819818954204375,5.085047696764716,5.085955243136374,5.090262315420967,17.572363035528376,17.62486139933984,17.672020107068054,0.21365325179870606,-0.6909243906589053,-0.05363993582134002,2.8759617640682285,0.7509343869749934,0.7489476961288716,0.7482247370015284,0.6433529024145012,0.6441360591689571,0.643792324479755
0.0,100.0,40.0,120.0,0.3438898067926046,0.0071319168263825,0.21712502814206497,3.139390638037172,-3.140817883722495,-0.34328435784370454,4.837573223000339,4.840589697637843,4.840930282306144,15.8264330897318,15.874577055226588,15.87009167781384,0.21384841022358303,0.6676911965145235,-0.07135323913933625,2.68500795191354,0.7141613319030282,0.7153230159560303,0.7143026742301367,0.6122658095077664,0.6126173719318844,0.6122893250623684
20.0,50.0,0.0,0.0,0.2682398174902793,0.1776439182222982,0.21847279626903007,2.793943065675444,1.1763302785538576,2.0588335361784402,3.422251190058797,3.416819299569316,3.4140440477133502,9.368749908992623,9.373649837201713,9.352924895360001,0.14824125197090512,-2.1350461815871147,0.007836231054958733,1.4556967875902085,0.5131008537218229,0.5124843137032327,0.5100906149929174,0.43272753746597564,0.43176597194201544,0.4324290239343411
50.0,20.0,0.0,-30.0,0.2914187012784717,0.1029077333539235,0.21945609099155003,3.1246873707058715,-3.135035380233302,2.2693795295448846,3.449419876238811,3.4339718830000416,3.4419860064775114,9.389534425350439,9.448405431934303,9.391414885363742,0.149955603256556,-1.8415745528878158,0.007523987112094345,1.4882996862257678,0.5141914155747387,0.5140566509857764,0.5131843086876589,0.4352515862955777,0.43438731468230635,0.4362810086014621
50.0,20.0,90.0,60.0,0.5213152897894815,0.1631388685892313,0.3766248294370355,2.711275070628685,1.6973326790845609,2.186552039498764,5.803792359082148,5.80594673165502,5.807437673187908,24.881339348618816,25.263360377441938,24.903220011004347,0.29182280804199257,0.9851156889374322,-0.06894619344477637,2.799097817504348,0.8190916397625908,0.8164328566320173,0.8154191979324764,0.7356636457871442,0.7352855661656077,0.7352487448709357
0.0,50.0,120.0,-30.0,0.6652530888411369,0.2583741925257107,0.4895464263124674,1.151532221132913,0.0934597916384484,0.5985246585581333,6.200423825647336,6.207672653691713,6.203328504920669,30.75666816518666,30.75480905186631,30.712788371479192,0.38847602427972067,-0.5459654797970628,-0.07431209695564263,2.108482078793434,0.8164184734061561,0.8160020057230208,0.8161456080356021,0.7866633630639825,0.7870619980978275,0.7861583727837025
20.0,90.0,80.0,-60.0,0.474759572006772,0.1574721221369969,0.34084948018245154,0.6299842677484847,-0.3894427542450575,0.1062745229189002,5.561211527994551,5.549836911517097,5.549511231810083,22.75362420780072,22.779814913598074,22.825028203456885,0.2586014966978492,-1.1291036505586736,-0.07105042065842741,2.719480987132041,0.7864989493674788,0.7868847498174968,0.7874271378093984,0.7039163470466201,0.702338776150563,0.7037664883359502
50.0,50.0,80.0,60.0,0.4607439124177351,0.1550288364812892,0.3353595179046719,2.696113379260686,1.7233433575203478,2.1945285815578597,5.421289828935099,5.431879989337304,5.423179654554193,22.660133992426537,22.581486557712687,22.618856945337104,0.2583348864415064,0.9772410180835527,-0.06090906868870474,2.558931151406977,0.7685712941147265,0.7679032221962132,0.7684270506811619,0.6873499348225008,0.6877314747174194,0.686286509462512
20.0,20.0,40.0,0.0,0.3394461627555364,0.0078619042404411,0.21366495831489435,3.140770880679181,-3.0968010147618528,1.1257845405940812,5.017165365468972,4.99736896592846,5.00255869830768,16.296311780661398,16.30862588548519,16.265280861936255,0.21533025454223134,-0.17908833282840547,-0.05487302667465578,2.9404558485125705,0.7448234175984338,0.7446895158788328,0.7432382177263018,0.6337070019354922,0.6318891222795776,0.6344248028731881
20.0,20.0,20.0,-30.0,0.2905446794671235,0.0350277205386242,0.17404301250037063,3.137427471808325,-3.1002850690827106,0.6316494042188437,4.516469007710771,4.524588685743688,4.530307218643842,13.269343029454694,13.27972082894869,13.242976725935264,0.1910172656384069,-0.37493790960113993,-0.04171206883162952,2.5718875627168583,0.6783737012364972,0.6776230348280835,0.6781747854338602,0.571453434774694,0.5731631756698579,0.5720972442457191
90.0,20.0,30.0,-60.0,0.3072826780764435,0.0189465730344476,0.1904029600494091,3.010224346835495,-3.125381364814524,0.24130082682048568,4.803224725606641,4.806228538646806,4.81167312331809,14.695128712339159,14.647377585525858,14.656709718999801,0.20380555455699123,-0.4229031289329497,-0.04623440830091305,2.804180204045819,0.7154100454193597,0.714844127767655,0.7158997354565761,0.6075600334593587,0.6086071549820264,0.6082553552608881
0.0,90.0,70.0,-30.0,0.4192444156214219,0.1414358583813736,0.30296938823682046,1.145521422896802,0.1593775864197048,0.6425258352951224,5.127423954464428,5.129637871966551,5.129172332116155,20.57548867086192,20.592836568784357,20.587525571487387,0.22362506041608088,-0.6256422466849426,-0.06142695071501754,2.464957849412708,0.7391179852333084,0.739177222051539,0.7390898874609035,0.6493441675380078,0.6495447960303848,0.6492899063905769
20.0,90.0,60.0,-30.0,0.3957860224903583,0.0819753063125896,0.2710380381707209,1.319551067696615,0.0544721563409017,0.6615788999512292,5.017465897215595,5.020755732556189,5.026699753289724,18.954195543969384,19.00341228624231,19.009233378464412,0.21047879912165998,-0.576067074596951,-0.058057370123067865,2.6015805820134315,0.7355264176308494,0.7357288622857249,0.7357114690849081,0.6350828525363883,0.6362446460124922,0.6356571975146564
50.0,50.0,70.0,30.0,0.4199264306981606,0.1170060820026423,0.30054384840791915,2.2116487789502672,1.1635277904757997,1.6771542025805302,5.1400447187228995,5.1564092447429974,5.152006748177762,20.683233520021027,20.691111274358345,20.63919821448783,0.2280399574777095,0.43740709582963144,-0.05365437773760238,2.508197413708323,0.7434356973091593,0.7416324434959485,0.7429036278429695,0.6516914580672503,0.6532353458792197,0.6511049673391278
90.0,0.0,60.0,30.0,0.3927978391425603,0.0761359461349699,0.26800961481118313,2.3695618511165923,1.069163180124063,1.7147867284160954,5.114651323913385,5.098854930725498,5.106488611741811,19.02718029515189,18.96773799177885,19.040194702905286,0.21837253540030083,0.3295693041413784,-0.052188863837240924,2.6854568846741063,0.7427655305705108,0.7444672298697264,0.7437766058748466,0.6463617613074911,0.6453972725715181,0.6474942864899506
50.0,50.0,50.0,0.0,0.3755473253119546,0.0341173974815447,0.24144831375284795,2.115534125149783,0.3687880837102373,1.2346110493157085,5.082148083970607,5.081193105724554,5.081467873929789,17.453836858145028,17.541925277847035,17.623749054364417,0.21699913393488005,-0.15984754244019356,-0.059337306441119814,2.836119552705253,0.7448307790850109,0.7446745590306525,0.7441711875586762,0.6432413226798279,0.6431128821918466,0.6429550829953959
0.0,20.0,50.0,-60.0,0.3749878994947898,0.0191704760955478,0.23886465712493307,1.1695320340730284,-0.8973519635232714,0.17873060940140123,5.086146578055667,5.085469697694637,5.090093123533463,17.57654786023248,17.640392764130013,17.67783412843673,0.21341706720265452,-0.6937052883430458,-0.05392415469735102,2.8779037797309415,0.7513326588218163,0.7491990983419776,0.7486448073215215,0.6434133021731934,0.6440308964136827,0.643894221768227
0.0,20.0,80.0,120.0,0.4655648934040619,0.1389728690364514,0.3336409041099386,3.1387306481769994,-3.134877753530427,-0.24903096513561393,5.407016897535819,5.424397137127117,5.414707689629015,22.616565382593844,22.691702142858322,22.560716516743796,0.2605195586253109,2.0213281415866002,-0.05330536466843874,2.5535288535191105,0.7677662421609784,0.7659878327207104,0.7666707103891485,0.6860993336365754,0.6868027969007643,0.6846723373825326
0.0,90.0,100.0,0.0,0.5730013097607995,0.2151274980004657,0.42197062774366056,1.647017947079353,0.6578218935750436,1.1329651752269942,5.953995242036446,5.958407069654331,5.959201639210544,26.970601599336767,26.907019075038118,26.849928468970745,0.3160929429030959,-0.044398354905803496,-0.08314103326819142,2.616097131513968,0.8212783495786319,0.8197490060536546,0.8202080184517316,0.7544758621657006,0.7552975395656428,0.754745409876902
100.0,0.0,100.0,-60.0,0.5778277964141456,0.2238260736029451,0.42473835943632904,0.601098931862024,-0.4025927277439295,0.09307277365439662,5.9611039835626505,5.980580639482154,5.97776378363589,26.747546023919487,26.759987747701526,26.733164448334662,0.3179111256777401,-1.102703310064363,-0.07987391190324457,2.571240291885393,0.8160886102117823,0.8132202679089877,0.812468349457631,0.7562394504054786,0.7584677681960829,0.7559659111426719
20.0,90.0,110.0,-60.0,0.6271497979450451,0.2432718919250191,0.4578658730420475,0.6172448068739165,-0.4192690425465878,0.08144385231546741,6.1616347806214,6.156284355067497,6.149615956148187,28.73557864600896,28.791818373185983,28.72040692839134,0.3532940327557796,-1.082438038641128,-0.07055902603620973,2.443937361325819,0.8242351176565355,0.8232031984542523,0.8217026876878246,0.7810262383320951,0.7795122919651017,0.7801840019539871
20.0,20.0,30.0,120.0,0.3088789125828106,0.0028357270011638,0.19017370051214105,3.132455172454702,-3.1364344909041915,-0.3024481136167204,4.684710117831158,4.666988070186794,4.683746305058549,14.409891778672224,14.464558786899275,14.469129287704014,0.194844756942855,0.4937053390496678,-0.054381325269034594,2.640116587687831,0.6982197392258606,0.6974031881270917,0.696968262023808,0.5911737019819618,0.5911054269860572,0.5933130283426933
0.0,50.0,110.0,-60.0,0.6257650500213835,0.2433227396083497,0.45791521849322847,0.6151341159123077,-0.4176860824019555,0.08149397149267203,6.158584630848019,6.1538624724587,6.149280894071595,28.741876859311574,28.79710553889225,28.73432378241136,0.35325358735135254,-1.083146214341217,-0.07162998067566376,2.4465458785798377,0.8243735093964133,0.8240982569696547,0.8225491611199655,0.7805742235787306,0.7794046745260133,0.7800035416779665
20.0,0.0,90.0,120.0,0.516920075727122,0.1574078070722727,0.37410134228013814,3.1405648561974404,-3.141149967410857,-0.22089963318551697,5.730166024157351,5.727135626308674,5.725779894130879,24.873833148678376,25.09029664060998,24.649836352593695,0.29050960600442477,2.039620556484176,-0.060984099359350896,2.685251352025401,0.8062095005005402,0.8020455157350552,0.8031345367064052,0.7261732707178565,0.72472847060324,0.7257948939771406
50.0,0.0,70.0,60.0,0.4303070387733465,0.1035989513132574,0.29948401295486804,2.7770364294926564,1.6250733886035542,2.205477279696404,5.2333530673320965,5.23071528654141,5.240893798250841,20.759053892513403,20.715545890483074,20.754563462685404,0.2356527372999836,0.9508544112613038,-0.047410779786008994,2.611949177315829,0.75115845666095,0.7535707378528141,0.7524608886898811,0.6620136210453025,0.663039501309815,0.6635280763418416
0.0,100.0,90.0,120.0,0.5036844959683384,0.1971175355565141,0.37695768621781617,3.140611520666857,-3.139225133852828,-0.2341102361419641,5.422227189228143,5.423935845516199,5.425315337381785,24.246522732839825,24.362447840000165,24.40738950877458,0.2773701264196495,2.038385352409005,-0.06873800694793762,2.2098986042689894,0.7520376421568532,0.7544854966169461,0.7517094368187702,0.6871085074307407,0.6874734928480978,0.6871088659775447
90.0,0.0,100.0,0.0,0.5774279703421308,0.2148408254384374,0.42019008570086114,1.6635143794702438,0.654948446377017,1.138426800297187,6.057822598194171,6.050692906746127,6.054721677847631,26.76599685605198,26.83055572217959,26.86904074852199,0.3211135445832659,-0.05104765291376322,-0.07178664552950131,2.6952981695647664,0.8242214824498552,0.8249362216699274,0.826022415861136,0.7672364253807257,0.7667187891737578,0.7676168145366156
0.0,20.0,80.0,-30.0,0.4810446631694999,0.1544087125003297,0.34385113615753865,1.149380877777588,0.1266940655665727,0.6395226845689623,5.545566029257706,5.559839441567981,5.5421664655970195,23.01591822474447,23.074317950797187,22.915074535786715,0.2574490473710853,-0.624594794205732,-0.08005958450722163,2.760223084889471,0.7967697952086706,0.7942644681978347,0.7948213171192009,0.7036315722164036,0.7031420532005895,0.7014275087538514
0.0,90.0,110.0,-60.0,0.6228007930925115,0.2434364071742977,0.45779947936302706,0.6119793915574658,-0.4150181513404875,0.08193191671392999,6.150831711814517,6.149299719782832,6.14285446378751,28.734410117129748,28.788748280889735,28.72563334313195,0.3530676735496649,-1.0833499562968358,-0.07240150301676601,2.4352489615698745,0.823470343054481,0.8230190548912931,0.8212675210236664,0.7798178095032265,0.778805184890458,0.7789936374832113
50.0,50.0,70.0,-60.0,0.4237977410895701,0.1221063013417976,0.3016221646086089,0.650175462402499,-0.4034818964119083,0.11577756853022574,5.226830538087569,5.227170848340599,5.222716557200439,20.828845963388723,20.84046568927489,20.824845388806107,0.22788926660741626,-1.1457016621342984,-0.06081344104325325,2.614398982517769,0.7563701185052274,0.757303129690808,0.7570979467869473,0.6620127225804188,0.6614128241041493,0.6614490531737542
90.0,0.0,50.0,-30.0,0.3685083421108198,0.0359565099596839,0.23860046124087714,1.5770759051194791,-0.1662352056334627,0.7023131603514117,5.042835981402502,5.034558906684146,5.037208099100979,17.393874421542534,17.367877373195245,17.418993972741056,0.20802344749271337,-0.4843906998268665,-0.05282373874018232,2.7814586774443453,0.7383918522888024,0.738284615938731,0.7373576349949904,0.6377114253532343,0.6370081642832656,0.63802545407259
0.0,90.0,50.0,0.0,0.3766749054581094,0.0320807984836834,0.24221878520985715,2.124559383892423,0.353675350772304,1.2390064457374885,5.081678354167496,5.085813668232322,5.084393402593687,17.438911886386123,17.53494087361619,17.530620203261314,0.2187363581925155,-0.1411423466321673,-0.06087991698610043,2.823438513746214,0.7418993185658666,0.7428388479032992,0.742959202298354,0.6434717447266696,0.643596402529727,0.6430845934125716
0.0,90.0,90.0,30.0,0.5245861710437529,0.1837708660537549,0.3797165314419385,2.1693266238512003,1.1940297457376707,1.6692938629317156,5.724195815140986,5.724084063339375,5.726493131612954,24.675498782686567,25.064229629763723,24.791043891735697,0.28656823711309526,0.45682319529105775,-0.07781804995547133,2.6481689753730993,0.8040194548301228,0.8012582502746247,0.7996065962989403,0.725515165824483,0.7250979205158209,0.7250835978778881
20.0,90.0,120.0,120.0,0.6488732842912227,0.261911350908812,0.48427964361321446,3.141387491554033,-3.140135201617772,-0.13250157363316015,6.054747792115358,6.058791475538995,6.054927781374823,30.57648293015283,30.62878709441369,30.632291488548724,0.38332993270791244,2.0753853747515096,-0.07376967801103991,1.9045875817826512,0.7965537771866559,0.7980462870911144,0.7973743867829487,0.7681381233107049,0.7681463608222583,0.7676761213311905
0.0,50.0,40.0,-60.0,0.3397197563821403,0.0023710005122471,0.21162355323126028,3.095479745561125,-3.0785082562052937,0.22139543058393915,4.987596336649367,4.993046956751427,4.986505757620633,16.135417567414844,16.15078821025657,16.27877423257326,0.2107246089790224,-0.5510501035604065,-0.05425704579153288,2.906138118937179,0.7386531007255819,0.7398484078734866,0.7394171871658327,0.6315405930567122,0.6314520152647788,0.6306366172386312
50.0,20.0,110.0,30.0,0.6179697694411482,0.2385527732891038,0.4555117881641064,2.1701794797470404,1.1770723208806613,1.6524709132655115,6.1316855590880435,6.131475250511578,6.1348471063869585,28.780068199219386,28.757599428982928,28.784980188391707,0.3511903681651214,0.4923981653810186,-0.06979462296288279,2.424620076416393,0.821629968022351,0.8213279603354017,0.8217534794599152,0.7770343017426904,0.7774512429417617,0.7775109351295191
20.0,90.0,10.0,-60.0,0.3106607623078792,0.0298237325387263,0.18762011178018997,2.892363873831042,0.1946309538093285,1.3961217074300185,4.037836026369698,4.045310978264097,4.036837979039092,11.11401902856076,11.180734835571995,11.121688242783367,0.16497174828865932,-0.5326824238213933,-0.04373244700336762,2.0079432941476463,0.5960502318452616,0.596373840923221,0.5955687754400775,0.5113864588105191,0.5114445587475841,0.5104129114200575
90.0,20.0,40.0,0.0,0.3389744767889432,0.0053075230424661,0.21495447982327995,3.0816043865092237,-3.1088957709403933,1.0970490167116864,5.001010107755022,4.998422407188895,4.993155247627762,16.313104691825988,16.321615330480462,16.30053300397054,0.21587331197714887,-0.18416099335760708,-0.05443658114680405,2.93897166813326,0.7441371508156865,0.74430057560393,0.7426041245991474,0.6328304077655761,0.6319555924534144,0.632229367585304
50.0,50.0,30.0,30.0,0.3056553589850247,0.0308790734428901,0.18974588828401462,3.136596979143321,-3.132542194867638,1.0003871004034959,4.754252963286908,4.751233695881175,4.752361097909956,14.54957288953731,14.569473420604233,14.505444718311924,0.20119354429771966,0.04732343311046991,-0.05061208764885274,2.7283435446902433,0.7075540947851697,0.7057157638998415,0.7067652052464687,0.6013185672508391,0.60103214613775,0.6014161334308787
50.0,0.0,0.0,60.0,0.2881265113587337,0.1778684777032965,0.21972648802429615,2.893962530047375,1.021658543790578,2.0200226817465428,3.4212220250964975,3.416800454301731,3.432790490931018,9.335085328020954,9.341403033685166,9.375066708183326,0.1488154500766398,-2.11708056267528,0.007978191048741652,1.452730594631178,0.5113278816605654,0.5110678317466435,0.510720381150942,0.4318667877041278,0.4333267734318672,0.4338929113162815
20.0,50.0,30.0,-30.0,0.3070904408794326,0.0291270394071418,0.19259621788374798,3.1122618395949595,-3.133499242506567,0.6007559391559714,4.761176993377773,4.768022341568671,4.775506899263171,14.718483533527156,14.733543730045369,14.724661336813925,0.20247132983748484,-0.3533891609877821,-0.050498423220411544,2.7735326273858667,0.7129755335152375,0.712438716521957,0.7140909727624523,0.6023169307450642,0.6041488861353488,0.6031987319570452
20.0,50.0,20.0,120.0,0.3193927653775056,0.0254937880889147,0.20977042803122972,3.141579259371779,-3.138496433369275,-1.1705668605110826,4.180452808814798,4.175537145765762,4.1754607566943225,11.629811802047294,11.60744939955957,11.738300163692804,0.13950097043765644,0.19345429508859446,-0.04598611716337862,2.0292611099029316,0.6067002813438417,0.6056623522856827,0.6053843788859459,0.5287300298663883,0.528215369414219,0.5285024751480559
20.0,90.0,120.0,-30.0,0.6632151219584825,0.2583025738992223,0.48901845425976126,1.151430774853966,0.0943678367361797,0.597868639127428,6.1990099775765986,6.200854465857804,6.204419948344157,30.7000704979305,30.70773985050925,30.721244626691476,0.3889175831567261,-0.5454324320991177,-0.07170394007432809,2.1023458711453578,0.814803423700899,0.8151174500918212,0.814663955170033,0.7859667270478582,0.7866571301799254,0.7864010651137524
100.0,0.0,80.0,60.0,0.4671399714578496,0.137764825817013,0.3373008397094803,2.724516975025153,1.6818803784095602,2.192601721637431,5.452206516194581,5.446137465554028,5.4497052005900715,23.005523976757065,22.96836957496592,22.96307217639127,0.25899150798997317,0.9708654649825047,-0.06321378446570655,2.6723385653517484,0.7835745323984288,0.7832976678874135,0.78435297185106,0.6900434445287793,0.6896645992452505,0.6906459351406713
20.0,50.0,10.0,-30.0,0.3069451558876144,0.0132543873594781,0.18213707087851386,3.138387329914576,-3.136388410072146,1.6341606405837865,4.058268419252276,4.055511852240415,4.061534455673482,11.308756524983124,11.24029172900176,11.252776270858382,0.16635816259148806,-0.7486384937830866,-0.04280802891010408,2.058793390540918,0.6021852217230138,0.6004294973421437,0.6027540041450893,0.5130382285228798,0.5135487003392353,0.5135564669292312
20.0,20.0,0.0,0.0,0.2910528133209361,0.0907102603907754,0.2191955217349998,3.1346596193327745,-3.1228870539205063,2.2095720287341507,3.453702413441625,3.439280252863343,3.444280620929897,9.366397633120657,9.442076492101435,9.429376817636511,0.14978702960543475,-1.9327352421396453,0.0075701533408211105,1.4879873000324446,0.5147106708553354,0.5143779208205069,0.5134383014863502,0.4359442575525487,0.43480571044615357,0.4366374052861057
90.0,20.0,80.0,120.0,0.4645894878523264,0.1354003143862797,0.33548641362162024,3.13661137765025,-3.141140243393523,-0.2617685590139036,5.3802553827082225,5.3960415415947764,5.391523172784983,22.772986811258995,22.684315802441844,22.759424788967614,0.25904216981573996,2.018347717496083,-0.05475308057277021,2.5541787052596536,0.7677360991676004,0.7688886434094753,0.7680326410615989,0.6821533733122156,0.6838134919830693,0.6817278935903363
20.0,20.0,80.0,30.0,0.4695995882662418,0.1342777586652141,0.3378759658818333,2.191441635863994,1.1484420611307968,1.6721966637385928,5.5013435109552065,5.496381595257327,5.495457722344025,23.125574887760838,23.081946558022185,23.01213885372827,0.2603601800391024,0.4413786299628783,-0.06623238438135784,2.7404610898787163,0.7922653149757893,0.7900545436639433,0.792607738950649,0.6965121213238885,0.6957209869424607,0.6965027733364081
0.0,90.0,0.0,-60.0,0.2548167937184602,0.1695715412270017,0.21664599956141548,2.622474833788229,0.876978034096793,1.912140433415381,3.4651462008242273,3.4728530566061795,3.4563854170648427,9.466670754534967,9.46551864396466,9.445819429956439,0.14697125056832613,-2.0942008254933526,0.008768797283964508,1.4774680433484315,0.5161214498733737,0.5170665127419791,0.517479075047583,0.43929720330794103,0.4381787699885234,0.4371677671768736
20.0,90.0,30.0,-60.0,0.3083965996679768,0.0198134150029559,0.19025310598539394,3.1084896850644568,-3.026413023017549,0.27530833182820824,4.748559975354997,4.75446520600083,4.753622427954824,14.532354930554767,14.502132605013314,14.51013366973539,0.20279297586743494,-0.4237221227295626,-0.05033022349128465,2.7253466679732514,0.7049043898813675,0.7064262890113979,0.7064513483337621,0.6010326316472251,0.6016197697171091,0.600916172496703
90.0,20.0,110.0,0.0,0.6209800116658898,0.2435455336963088,0.4571071661044643,1.6585345224943686,0.6463591877126533,1.1306132023121853,6.121136385696826,6.118598981271141,6.121211450918729,28.731139872680192,28.750971812990194,28.72608493207799,0.3514617033429743,-0.034148566284431275,-0.07340655096441247,2.400867266393926,0.8204024030080196,0.8190861203718873,0.8191547013537727,0.7757097230160616,0.7756955630113357,0.7760066320572951
50.0,20.0,120.0,0.0,0.6601671635510848,0.2580069626528829,0.48755699835545635,1.6736902709258736,0.6168636348867352,1.1210129121896206,6.1674059798187075,6.1637756473125656,6.167358982084051,30.694600827028964,30.711294298062864,30.6713142285783,0.38845930217004454,-0.018636309521543246,-0.06950771327027043,2.0615824247490577,0.8109781387410167,0.8107853156639585,0.8109129736311913,0.7817328050418879,0.781684136607823,0.7821969907964222
20.0,0.0,60.0,-60.0,0.3933415818363299,0.0780280956940807,0.2672719583604237,0.7741590714760804,-0.490052477875001,0.12998525559348686,5.042225195778574,5.040531917821454,5.043869145320194,18.854545499435797,18.836219210432763,18.894560297165004,0.20774593287729376,-1.0653368724778802,-0.04760884440826317,2.6093252927442667,0.7351120148217359,0.7344732568723921,0.7348745448051957,0.6380283474002709,0.6383228805356759,0.6384597806178814
90.0,20.0,60.0,-30.0,0.3916171655387565,0.0816134142274875,0.2694746992707327,1.2892135442876378,0.0545977617436268,0.6575765202776525,5.014480058396176,5.021735321983731,5.027076275729368,18.982942000713923,19.03942763592565,18.987525428620383,0.20832633507696302,-0.5740644927171576,-0.05520773258116792,2.6102744391539674,0.7370989083190876,0.7362066808151446,0.7376220729358004,0.6348592603580321,0.6363806823106394,0.6354381301857309
20.0,50.0,60.0,-60.0,0.3939696530860446,0.0685148558785215,0.2657993516926411,0.8181902237047487,-0.541096835457624,0.13246807643334743,5.094969700082423,5.09745857950702,5.095968474862413,18.950948580587117,18.895181995369413,18.97308210535835,0.21336972703927942,-1.0336173357391714,-0.048927178668830854,2.6751716063622064,0.7416819847895093,0.741631691226341,0.7425318503345405,0.6450525680944227,0.6452521065994544,0.6449118084120957
20.0,20.0,120.0,-60.0,0.6747435385292844,0.2609064049353148,0.4943828799989197,0.6271385586395825,-0.4382940376379864,0.07200077548801731,6.306098770248826,6.30696579369462,6.301810559393576,30.810439660743246,30.773591782986994,30.800358829021615,0.3877133500512014,-1.0697306245742746,-0.07343063264044548,2.2408846720477795,0.8283860307775438,0.8280070571177611,0.8283983205581844,0.799837065054038,0.7992814137661082,0.799143827800682
90.0,0.0,100.0,120.0,0.565398062889573,0.2059040410305579,0.41363814597396703,3.139741157933772,-3.1358370455371025,-0.2092457292992934,5.9998296306781675,5.9962337738975355,5.992136094561719,26.807686124737312,26.820926037694647,26.802628466012504,0.32132176171668003,2.053655627357175,-0.07158112370009011,2.6451882631028387,0.8208217222829234,0.8197863191931488,0.821849639000847,0.7603260785305459,0.7592274810450136,0.7596150950945462
90.0,0.0,110.0,-30.0,0.6207021382851599,0.2444387319288201,0.4583151281204994,1.1374576451599006,0.1055429927470638,0.6074423158425251,6.075180198357521,6.101606455825386,6.079938081452187,28.8222098020312,28.793059157472428,28.765975227274215,0.3512831593518887,-0.5589013614043818,-0.07901367242368133,2.3587739902786637,0.8167666605500509,0.8169524427786844,0.8164537343491464,0.7720552012552915,0.7727557424349876,0.7693903230253019
0.0,100.0,100.0,0.0,0.5693991027948322,0.2181727252318643,0.418112026078536,1.6462832911405545,0.6644399834311713,1.1339102781032102,5.974020085412991,5.968527411490405,5.980330795245305,26.725218638672995,26.674648790907874,26.658527864933596,0.3190459249561575,-0.04192927585203765,-0.07354958848395439,2.5706124026268626,0.811535635585564,0.8124070540826257,0.8115747998434477,0.7562414509582979,0.7569698840423756,0.757864091628944
50.0,0.0,10.0,-30.0,0.303956694259064,0.0079502925060492,0.17878926766247105,3.1014452689467813,-3.103194757128813,1.5834088533972945,4.093512673925826,4.101068796761394,4.095462468352208,11.399624257268112,11.370232489962012,11.384995085421297,0.16494017963236685,-0.6354374199113392,-0.03998219212750252,2.0977873203136763,0.6078831354056711,0.6074575037742319,0.60694559177213,0.5183226164702298,0.5188172958076703,0.517428649792014
0.0,90.0,100.0,-30.0,0.573026715206261,0.2203881633598708,0.4240451916930088,1.130253167165881,0.13127836504315,0.6114772948480909,5.922913074602808,5.936596275880128,5.932439853119924,26.918281528213914,26.897785073948253,26.821181036714986,0.3151400699755735,-0.5708564453163336,-0.08699096380426304,2.5637746384257794,0.815217616178774,0.8160272842641894,0.8160521740660787,0.7512482463415194,0.7524488772766104,0.7508185429627677
100.0,0.0,80.0,-60.0,0.486010173992452,0.1517136923748956,0.34525850100070254,0.6322150785242038,-0.4153471851302619,0.10988760548788808,5.6579880341784685,5.653013983640094,5.64830567717561,22.89890911038433,22.93164513573103,22.88604354719693,0.25910246871863596,-1.137632483157827,-0.07551859083833659,2.838522608445066,0.800257940225035,0.7994309230088326,0.8000357090741959,0.7165695516251366,0.7151902677256422,0.7159501093557423
20.0,0.0,120.0,60.0,0.6608364869639601,0.2565506004520675,0.48764686495745374,2.7158370345676204,1.678945096301124,2.1667189506238405,6.212661001111194,6.238995004653216,6.218808219113319,30.6791658406789,30.688867694643495,30.71806422322896,0.38758883537879946,1.0321715274968892,-0.06199560979929233,2.13368040555458,0.8159731822210818,0.8170371102660003,0.8175336078484048,0.7897380923807323,0.7905237613911238,0.7870914571079837
20.0,0.0,70.0,60.0,0.4296599506429672,0.0980011893542874,0.2998767133530544,2.781017252920098,1.6226173502134589,2.20403795755892,5.245580500027175,5.241860558708978,5.253476266605756,20.798063292844397,20.73511241832973,20.84921356179767,0.2358824251970944,0.952618533395915,-0.046324296052047936,2.63496595141286,0.7543243695146191,0.7564370072770344,0.7557379092538836,0.663406240760787,0.6645861346010129,0.6651060030135715
50.0,0.0,100.0,30.0,0.5765477902279843,0.2069675610515704,0.41787613530558254,2.173000003176885,1.182845364273662,1.6603655809645412,6.062756362857537,6.06480631325286,6.070204084870317,26.75223786936669,26.79968992765461,26.939654997706043,0.3221000755197802,0.4747153562600205,-0.06928895763554183,2.722282013858643,0.825439229143746,0.8290691582808754,0.8276565057140199,0.7680297101615605,0.7690876948803183,0.7687083340150676
100.0,0.0,20.0,30.0,0.2919752219507311,0.0276021749372345,0.17261494476197667,3.125928383185709,-3.138043404001598,0.8073914477386545,4.456565092489096,4.4543738752017905,4.466568547184642,12.963953198683674,12.967634686243999,12.98279384376003,0.18437026576420695,-0.09333382091422839,-0.04238957014167432,2.4746692889099613,0.6650364207928442,0.6652538177226991,0.6662954511360709,0.5631364695806838,0.5644356551789805,0.5646614118459826
20.0,90.0,110.0,60.0,0.6114083780942886,0.2453377432740514,0.4533836604278427,2.6901253286428006,1.7139776377468847,2.178367796391696,6.013639991226244,6.016915785105901,6.016843354695289,28.611753385952774,28.556758910945476,28.562824199262014,0.34901445641130874,1.0189758511311695,-0.07372665004813785,2.224632405047928,0.8009931585368092,0.8007161948701138,0.8014643289329243,0.7624063583196227,0.7628895964595381,0.7624802597735606
50.0,50.0,20.0,120.0,0.3172449899200797,0.0208809167415501,0.20903190416640613,3.140689150324762,-3.139226996828803,-1.1634795100100388,4.18413868455109,4.17509446809621,4.17786630970323,11.67399357536429,11.62838407654153,11.756902335609242,0.14073303589363997,0.16781859996178172,-0.04622338482532742,2.035456468966197,0.6078455123743991,0.6063295234624615,0.606431105468847,0.528814668446085,0.5282622199647405,0.5290630218952715
20.0,0.0,40.0,0.0,0.3389713502170206,0.001647944495547,0.21344398149849445,3.1205505401373124,-3.07042611744844,1.1584146892050609,4.999659959796276,4.991394596036618,4.988029914777779,16.320829259045844,16.304187782720255,16.22898871843156,0.2129268263546871,-0.17780004322340723,-0.05561295361613542,2.9292260628431954,0.7427653344879771,0.7435268959658793,0.7424171973185965,0.6323322568920329,0.6308675350886247,0.631971968425032
0.0,100.0,120.0,-30.0,0.6635163611513679,0.2580020717693213,0.48801300433899725,1.153594241403142,0.0947847568875217,0.5992491557903541,6.1689088862559105,6.1714372825227555,6.176407262108097,30.716404320497357,30.71182380952476,30.68354859380216,0.3887608977708389,-0.5458907307006372,-0.07289804466129829,2.0645067294228694,0.8120063006407726,0.8119418023484647,0.8115877176242244,0.7820938061127932,0.7830552307088227,0.7827503480529725
0.0,20.0,60.0,-60.0,0.3923963963077754,0.0685581015376551,0.26619310813110936,0.8133358897873504,-0.5465746847009283,0.1284884104793291,5.0963107475892055,5.10162229149102,5.0964011543595875,18.9574230691872,18.895649939988147,18.994132463344634,0.21274989387739487,-1.0203111855588387,-0.04653644280645218,2.6790593206673976,0.7419699324544021,0.7419382081512613,0.7429840775023624,0.6454970484026171,0.6455857930990803,0.6448728016441095
20.0,50.0,20.0,-30.0,0.2937066062718586,0.0267241963243384,0.17584831521572591,2.9791661081518845,-3.134185705327768,0.5722100983576517,4.46054303476176,4.465633201760949,4.466074935770208,13.068302092048718,13.117559796374957,13.079308433822995,0.19044880288002325,-0.4284237243237751,-0.04519948347680523,2.4923848528062447,0.6681800510834789,0.6681512640277345,0.6681376912366459,0.564422004981125,0.5651182521947108,0.5643928989955552
0.0,50.0,10.0,60.0,0.3063778145411246,0.0469972831119445,0.21035160323202176,3.140663877451243,-3.137924986926487,1.1755292855301727,4.005029544866606,4.00517503819628,3.9941797702783894,10.65101221852026,10.640437793093334,10.642982581490307,0.13774754442160603,-0.8201643712923727,-0.03690492957103273,1.9137714647377042,0.5800459125294174,0.5797769099834466,0.5795750389808475,0.5071526969810819,0.5057349301704774,0.5057716267474627
50.0,20.0,80.0,-60.0,0.4800216978573312,0.1521831001073967,0.34206890574181825,0.6351264729143863,-0.4076455748418309,0.10701070629608118,5.630000979206274,5.622138914101763,5.617765016532073,22.8914990529827,22.93007290940622,22.878812440329504,0.2603088003067777,-1.1326154142639877,-0.0712102063463945,2.813468521653415,0.797342449843974,0.7965425209227682,0.797168773859661,0.7129029360004339,0.7111754312547499,0.7123085004142218
0.0,100.0,50.0,30.0,0.3775627316984117,0.0242468565728067,0.24204013643154487,2.729217235272986,0.7654367944640142,1.7660930097571925,5.113350635145824,5.1129828077633555,5.11503024590069,17.485638658484685,17.500572082747837,17.605888301512195,0.22635657332704828,0.20775000089064408,-0.06246418144198409,2.8518868756051896,0.7430692223540128,0.7453926743284491,0.7453086893560049,0.6470892527388057,0.6472743797950796,0.6472868237900146
50.0,20.0,10.0,-30.0,0.2987951121182305,0.0026337345318152,0.17355363384862643,3.140461542503245,-3.136580391672504,1.4443674197542715,4.112987070246702,4.116004220170027,4.111682963240827,11.517999284115453,11.513669019970328,11.468821674087163,0.167574579882807,-0.6685808892632742,-0.03762671564884095,2.1337696009693463,0.6146498341595136,0.6132541925514496,0.611308243854941,0.5202883888665857,0.5206338670011612,0.5199769691933209
0.0,100.0,110.0,-60.0,0.6212358151814681,0.2459127541931663,0.4585817201253391,0.6162150907670204,-0.4174626585876377,0.0841667507850264,6.066161412074639,6.088137823571546,6.094452848108339,28.792253145774787,28.78595141171403,28.797683169211943,0.3513361176102326,-1.0831612542781295,-0.08036725478857927,2.352866454690444,0.8156521783690374,0.8159703890245174,0.8165591410272925,0.7695583106036221,0.7732564726064867,0.7704068985711077
0.0,90.0,20.0,30.0,0.292121913488526,0.0248888276997888,0.17494726077046865,3.133254019671391,-3.1374117984722,0.7580184766950951,4.4039298484776745,4.401120641633856,4.400579970202087,12.719603257133821,12.749398574040224,12.705782635831325,0.18545555112756498,-0.07617531192637216,-0.04884695352092998,2.3823969020948237,0.6524237325125177,0.6530337760895312,0.6546385925908121,0.5570129262111856,0.5564706303286537,0.5568641550705355
50.0,0.0,30.0,-60.0,0.3089807918586706,0.0147336297171623,0.18967803520569848,3.134935780509137,-3.1351607612489647,0.2624926471783257,4.780559766827603,4.779734041782381,4.787967085460599,14.635213932329982,14.621318455466898,14.550625460833116,0.20023396053394238,-0.4380409647080498,-0.04744754215080978,2.772543961023637,0.712124310003693,0.7116455196557604,0.7117928441956015,0.604413710625568,0.6053269547949978,0.6054541698546008
50.0,50.0,40.0,30.0,0.3388638074106067,0.0014542317129145,0.21310687932560832,3.118882604650633,-3.140572266495812,1.331856770213389,4.959182321289564,4.96513855797274,4.963192841773298,16.097718643593957,16.096798435327017,16.06460358921455,0.21337750596496755,0.11256884102930304,-0.05671329320841414,2.856368405685629,0.7339821929629516,0.7320436955387841,0.7327715360144341,0.6279026037820701,0.6283999163265155,0.6275780483771131
50.0,50.0,90.0,30.0,0.5224372741242254,0.1774521832960016,0.3782966020961861,2.1834158096021574,1.1836652563168115,1.6668171793041457,5.8026264496097015,5.8029136763683535,5.798134494188442,25.15961671953899,24.73405355421803,25.017075339877955,0.29069380337050266,0.45815962285188794,-0.07345428800952966,2.771852878196357,0.8122360614075868,0.8140322463932874,0.8159934793265068,0.7347779607182748,0.7349427063293059,0.7348814083656938
0.0,20.0,10.0,30.0,0.3077750882442551,0.0095711463236839,0.18036912176496867,3.1404080590101247,-3.1359744495796926,0.8767894954691204,4.1286223056132885,4.121263307490404,4.127829925607414,11.407210795366597,11.398544802697153,11.436230466521474,0.16135919967017257,-0.5029025699206628,-0.03619182755240866,2.139625923756765,0.6127220505834261,0.614251277551095,0.6130416531467806,0.5215206445696575,0.5214454775596661,0.5226767433508601
20.0,0.0,80.0,-60.0,0.486282545281641,0.1551051011397797,0.3431145659909452,0.6331754518675985,-0.4002826640367043,0.10927962607704976,5.663739119094514,5.654128563630793,5.649312726359944,22.970032630956222,22.98184150101396,22.90250861740749,0.26091899588522405,-1.1370648383889643,-0.07361055122288575,2.8557035780095603,0.8021383970900541,0.8011333781394273,0.8016881067570338,0.7170559095421613,0.7150874098370404,0.7164984665788086
90.0,20.0,90.0,120.0,0.5201003046208768,0.1625005972337063,0.374454690925214,3.1403471790791238,-3.141563522654358,-0.20961205421405632,5.747882747629125,5.742223674975298,5.7451880940457425,24.760015255399747,24.81461112601519,25.18712858831799,0.2910072211003558,2.0367201945367586,-0.06504361953556645,2.7141704828241795,0.80629223998073,0.8098051866978012,0.8062469525985388,0.7276969446607692,0.727895023570837,0.7276918223170711
0.0,90.0,120.0,0.0,0.6568784861618979,0.2569409947609244,0.48686756168748113,1.6717881281162952,0.6252826217708725,1.1232964874103575,6.144674069666439,6.141826786056876,6.139929875995683,30.699126777201613,30.69005672349051,30.693068660591074,0.38836724976254056,-0.02063388682657493,-0.07284071052471013,2.027833099655872,0.8081391323827173,0.8089564379774149,0.8081605075346665,0.7791120906134842,0.7785653154564297,0.77888072500941
0.0,90.0,110.0,-30.0,0.6189460862572088,0.2461038773980849,0.45680259452812694,1.1366295344489248,0.1122201497532891,0.6016430148401057,6.0901600770378765,6.078008936067778,6.08256810636421,28.673146683044923,28.604238086330543,28.693715839974168,0.35153313667372066,-0.5493205731499134,-0.07435153161709392,2.3255590071013876,0.8093757014016639,0.8116887170478468,0.8116051659804762,0.7712485267694419,0.7703653297507342,0.7719316404812715
50.0,0.0,10.0,120.0,0.2729745523437837,0.1891745838699194,0.22929938689917065,3.141369062126541,-3.141425085987799,0.3814840011911027,3.6513707042826655,3.6505475721322296,3.6378665045903076,9.531422175197559,9.53847071164876,9.543540943591145,0.10369432044774235,-1.1052697186409908,0.01218708129201454,1.5499865120201264,0.52992083037667,0.5309811824870055,0.5295887771989137,0.4624201152286254,0.46077155704964606,0.4608033020869232
50.0,20.0,50.0,120.0,0.3781016266396875,0.0115800446226944,0.24175264728091853,3.1345744545240573,-3.137229137682219,-0.05760940629641936,5.1578237149206405,5.145408042289939,5.154377576262887,17.810073539534407,17.86249245774302,17.819759043375836,0.22938435861816822,0.7738892052370768,-0.06423868093888269,2.9514262675335368,0.7572692490610439,0.7568887433434587,0.7586025252065384,0.651853974225116,0.6513513112340903,0.6529938235277495
90.0,20.0,80.0,0.0,0.4725554510816243,0.1431755776245565,0.3399198064543087,1.6774625703034616,0.6388838457314945,1.1514314882958245,5.5691746337277745,5.573283846073095,5.570214757206481,23.218631009220424,23.16835547784174,23.118434571215776,0.26107634305068467,-0.08614283006770079,-0.07303211812614206,2.839372387025981,0.8040688082772675,0.8025722327636882,0.802841528401447,0.7054716175580436,0.7057106070783138,0.7051445556762119
50.0,20.0,40.0,-30.0,0.3406239772367349,0.001411720369238,0.21330693079238966,3.1348019593949235,-2.76432708042344,0.6987232919128903,4.994052830716708,4.989846405654013,5.007346356079325,16.265683185329202,16.305965908353144,16.21267636996005,0.2122330981203681,-0.3894352018032397,-0.05477446276140627,2.9243226922486607,0.7424524461937446,0.7408363044403721,0.7424366471880932,0.6310360170554804,0.6325986721466078,0.6331539071047575
0.0,100.0,110.0,60.0,0.607243072620552,0.2458488489731686,0.45265861716532685,2.6851444222182144,1.7126654670624075,2.1782296591316084,6.007858559701874,6.009534506086866,6.009309258463412,28.598435724384824,28.57918269825023,28.59500030585625,0.34892594904790925,1.016186549193945,-0.07313052365132355,2.228014194673584,0.80190799129391,0.8026533087071975,0.8022728007560461,0.7616548247264088,0.7618282836712098,0.7616324992590622
0.0,20.0,20.0,30.0,0.2860387904630435,0.0436106519505476,0.17172195052053332,3.140630311852967,-3.1386569172935888,0.7339501515031494,4.534676729746415,4.538096874661122,4.540137612364737,13.197480866252011,13.221670222885253,13.293942199939542,0.18983273525408753,-0.04972613110709028,-0.03878120185271128,2.580004391823647,0.6777326943786579,0.6797483432989226,0.6804736368911388,0.5736182815307909,0.5743408640809903,0.5739587102062848
90.0,20.0,70.0,-60.0,0.42144367398665,0.1319795965784054,0.30197994583564897,0.6447260615434363,-0.3864437355596947,0.11909939124117797,5.253491132686103,5.253357614010885,5.251163466297271,20.894056030636282,20.89611230080037,20.88543905912085,0.22791561248852632,-1.1520384355330129,-0.06380485283464972,2.65026622646286,0.7614770732724218,0.7620508262280558,0.7617789135271723,0.665244485740849,0.6648967833466451,0.664980881379466
100.0,0.0,110.0,60.0,0.6185742489070206,0.2363397049431652,0.45579822542149045,2.6899206587225986,1.7039247714970869,2.175080097495619,6.151753394744647,6.154438260962542,6.152156994874037,28.811222654706878,28.79826384506635,28.82237054730203,0.3508113446092038,1.0166910155752564,-0.06932963734797211,2.464025556576954,0.8257270218113051,0.8262543484289325,0.8259781204190095,0.7799406952394498,0.7800070336670726,0.7796746120171466
50.0,20.0,30.0,-30.0,0.3059273960068449,0.0283158378840812,0.19151921950791403,3.111050140619755,-3.081708360439275,0.5843736361280432,4.809049282442808,4.807490854175044,4.817553121614585,14.806609390220027,14.813124461549311,14.787472249805738,0.20396834309730663,-0.3749673814976082,-0.048222219931128164,2.826443357986677,0.7195291790065925,0.7185066135378059,0.7186888045086842,0.6079118098872439,0.6089707701642284,0.60914065688019
90.0,20.0,10.0,-30.0,0.2998622183317956,0.004844967724874,0.1741695715263766,3.135000677400791,-3.125210279079022,1.4838973364195123,4.1157827559870475,4.120344485080398,4.113418592245589,11.510573309290157,11.489636379647889,11.478970369755906,0.16674585332844005,-0.6363185778754719,-0.03757253752753864,2.1339739153005453,0.6141246301015851,0.6127284220189295,0.6116081107312753,0.5208689296900861,0.5210356791048061,0.5201279373072162
90.0,0.0,120.0,-60.0,0.6776425279643634,0.2610716431260117,0.495793747217047,0.6253857473182753,-0.4379309911677195,0.07203452145892028,6.30998085194144,6.315719152442665,6.3124558313189585,30.78960698357053,30.79258243788829,30.781463583254386,0.3868422934145558,-1.0715894527475813,-0.07524575665069821,2.243652585962433,0.8289152124954264,0.8285616337255503,0.8288901839999019,0.8004078362016152,0.8007477562692675,0.7999953205879847
20.0,20.0,60.0,60.0,0.4097423863432444,0.0620097482243091,0.27079331970379755,2.9597846556938907,1.5173796418144134,2.2322137291631514,5.198359264517995,5.200790838179848,5.197629706544497,19.09062052236806,19.320996904189677,19.250251803669908,0.22926444938892765,0.7154988187028675,-0.057082517708907175,2.802482249383998,0.7570870989508907,0.7556317446599866,0.7555497180097379,0.6585892430040009,0.6580694999949056,0.6576539464370974
20.0,50.0,50.0,60.0,0.377515140118265,0.0249060501549534,0.24358595619058523,3.141022653473094,-3.1392954753680216,1.8410767309356124,5.072569777721739,5.066757333050276,5.085905947719591,17.639036067923595,17.604099588100805,17.623202029519536,0.22246879809998077,0.5136268090229882,-0.06523231366923186,2.8346279105567964,0.7452454476009193,0.7443479262122884,0.7446786276374924,0.6408626612552518,0.6426010264822885,0.6434314825019414
20.0,50.0,90.0,30.0,0.5235551465885055,0.1783206066695078,0.3788232391087661,2.1802785563508795,1.1817655422168103,1.6669424590273572,5.802742609012298,5.803543232759618,5.79894675008811,25.153828603109258,24.731769031047754,25.004747635483955,0.29021683502569995,0.45800267315180004,-0.07406987138528658,2.7692508479258593,0.8119702706853636,0.8139112577036175,0.8157361294558085,0.734808024062079,0.7350471841109145,0.7349387902336297
20.0,50.0,110.0,30.0,0.6175267232221318,0.2423571207568422,0.4555799257198967,2.179301532710202,1.178109577184812,1.6532796234674618,6.110240842100538,6.111764839676867,6.110175156568594,28.668471960968535,28.6888728506718,28.687411169332137,0.35109952540816924,0.494478436424239,-0.07155048665346064,2.369550926643961,0.8155044667996306,0.8168910067427902,0.8156280916564679,0.7746677099918909,0.7746034371906688,0.7743970109896371
20.0,90.0,0.0,120.0,0.253369247870915,0.1738769832178484,0.21696574146959463,2.4329347695665327,0.7731447590796892,1.7013433504800628,3.4462959263790305,3.435408140076702,3.439015787610228,9.452844727364635,9.431983739121756,9.39958618317008,0.1474115530065688,-1.854181972948303,0.00807359378318103,1.475639578705814,0.5163639694389968,0.5153193325269716,0.5159382967823379,0.4352557672798113,0.43434672527743656,0.43573770939848816
90.0,20.0,60.0,120.0,0.4125616662567056,0.0564526119223447,0.27162649138631123,3.141111020511067,-3.1414196117326307,-0.14281386657519626,5.260406076021946,5.2472606244235225,5.250448585167444,19.313341598767753,19.30575957024184,19.34424185602678,0.23583967873541276,0.9087944647691527,-0.059205963475474674,2.869610863996344,0.7622626840644905,0.7636581923737573,0.7622191882298323,0.6650994033292842,0.6639408891736072,0.6656163044262793
20.0,0.0,100.0,30.0,0.5767194802968695,0.2067029178097376,0.41805181382040163,2.174911515041395,1.1814091399230071,1.6601246274939072,6.073359992267092,6.074121600136287,6.0813232007998606,26.77342507629083,26.813837403472792,26.9490000647072,0.3223882815216359,0.47479521640605576,-0.0693855687881506,2.739163674881736,0.8268891715444598,0.8305635315050194,0.8295919642232112,0.7692350087189836,0.7703626457265612,0.7701434538644232
0.0,20.0,30.0,-60.0,0.308244216522965,0.0215615799234383,0.1905700767965245,3.1267044614911104,-3.1141527606470625,0.25095622271855916,4.809753509919286,4.815472108093446,4.8154278124818095,14.6989903670925,14.694789988312364,14.694753121773232,0.20397197682846555,-0.40915198655030033,-0.046556696726147755,2.8145238562582406,0.7153962775966103,0.716859322747996,0.7172684809301462,0.608709723459417,0.6094027752279728,0.6086968867666235
20.0,50.0,120.0,120.0,0.6503782575301713,0.2616292426669055,0.4844418231836836,3.140965513502721,-3.1410439386991817,-0.1721930023223729,6.067046548812159,6.067862498262705,6.066668742624136,30.59105913399741,30.617922327007037,30.63552506776826,0.38397773052077816,2.075983815238235,-0.07311266207535162,1.918496685624052,0.7977897935302992,0.798895784603067,0.7988531571256137,0.7694325866450283,0.7693876518170756,0.7693018791343449
0.0,100.0,120.0,0.0,0.6567417282578083,0.2586868298677263,0.48614607674075155,1.673509174105963,0.6255669888195398,1.1226160285535036,6.122674025652918,6.122310087440785,6.123492217998228,30.659844364630178,30.671661729233897,30.666114479521106,0.3881891005020431,-0.019751941730205082,-0.07185705340252532,1.9996498413302648,0.8057997416527106,0.805114035603292,0.8053691128589814,0.7763380778960134,0.7764241022651404,0.7764265994172369
20.0,0.0,10.0,-60.0,0.3039368821021888,0.0076793715610616,0.1776155491249626,3.130143294845949,-3.124027117040625,1.3156904098103823,4.063260484881166,4.068803612494046,4.073344370637271,11.287560252634188,11.291537303867822,11.351178881819175,0.1665987571237351,-0.5228342486598976,-0.040265573569651936,2.0664604823531616,0.6029440577011954,0.6037654845139606,0.6041868229516323,0.5141576994190759,0.5151305260048246,0.5146333682530891
90.0,0.0,10.0,-60.0,0.3109886618651216,0.0141196858470499,0.18357397803476946,3.0391095752767705,-3.0138084639402707,1.2609217805621573,4.06611032683,4.066148887234728,4.073442843199827,11.196812692902805,11.230027028683399,11.216224334782392,0.16401733993596312,-0.4004069996633032,-0.04190253746485277,2.0471376613061705,0.6003046103191616,0.6011779771853862,0.6009773723707763,0.5139714094720432,0.5149267712722061,0.5151138829755695
0.0,50.0,70.0,30.0,0.4245176772144652,0.1100703506051364,0.3003356702185941,2.2211943784937542,1.138780545820313,1.6782472381498126,5.171931793395269,5.171653943078904,5.178390701048486,20.619064989696405,20.628112727097925,20.569943369946763,0.22970920000055903,0.4412086390204151,-0.05155475246332271,2.522105344770056,0.7433844999697076,0.7421708058377847,0.7420782607333878,0.6545910794385644,0.6553766164294947,0.6553792702115439
50.0,20.0,0.0,-60.0,0.2914187012784717,0.1029077333539235,0.21945609099155003,3.1246873707058715,-3.135035380233302,2.2693795295448846,3.449419876238811,3.4339718830000416,3.4419860064775114,9.389534425350439,9.448405431934303,9.391414885363742,0.149955603256556,-1.8415745528878158,0.007523987112094345,1.4882996862257678,0.5141914155747387,0.5140566509857764,0.5131843086876589,0.4352515862955777,0.43438731468230635,0.4362810086014621
100.0,0.0,90.0,120.0,0.5132780801438284,0.1746164961667889,0.3750330741651251,3.1399938000401737,-3.135277182431836,-0.23183842284834477,5.687084205180377,5.673089331761861,5.675837852156025,24.695861974722042,24.614632216176457,25.009907288435272,0.2880312544325577,2.0373498843090974,-0.06688448246017108,2.597717887051833,0.7935429042218194,0.7964120650594262,0.7944947318240205,0.7195421559116331,0.7188386101465761,0.719786234082963
50.0,0.0,20.0,-60.0,0.2950830185672033,0.0232103227971215,0.1740133216137496,3.140302740216748,-3.127067267353328,0.3630242597678561,4.484719498262147,4.487305615710719,4.485203780412186,13.046585592854056,12.978062313803173,13.001750695403524,0.1912129622742125,-0.3832817424127458,-0.04159819665290452,2.501465902892708,0.6683644305475075,0.6688911469553486,0.6674004276844859,0.5674447205162811,0.567510915802971,0.5672732476323601
90.0,0.0,70.0,60.0,0.427679873584441,0.104798514418125,0.2988299530564794,2.7739298598944173,1.6339412680770249,2.2047652899390524,5.22879054170242,5.228660051283233,5.234348427754448,20.70889364706416,20.713351960927003,20.71661138685533,0.23487675652251366,0.953465126908686,-0.046689911917982524,2.6018363329847247,0.7503784616496487,0.7525112417395915,0.7512227454986704,0.6617686702538516,0.6624035745550736,0.6626091046246919
20.0,50.0,100.0,30.0,0.5746374442800795,0.2126129535956649,0.4199118144737554,2.164125343953095,1.1912423290086835,1.6545550608864041,5.976268622667461,5.994500118128464,5.992598528745288,26.77549938557312,26.859722061496853,26.817531599167854,0.3176172437346844,0.48478627939582153,-0.07619134962009992,2.6301830885119024,0.8203184087899191,0.8202395572894207,0.8189070770507626,0.7581408490734718,0.7603218179673024,0.7577696829792933
0.0,20.0,70.0,60.0,0.4337779573780315,0.1015705308502649,0.30120949238347583,2.7767612021105528,1.6262840373477478,2.2056026328353004,5.251922786088029,5.2464683825998435,5.264412759201598,20.72791602841907,20.734164880677938,20.67275769082296,0.2364468410344798,0.951478987298398,-0.046113144108445976,2.6192823211221086,0.7521528211781692,0.7529503138037263,0.7521373111885651,0.6640268031647109,0.6654554913507995,0.666427153652733
50.0,50.0,60.0,30.0,0.3940930043565491,0.078912939267608,0.26960515938281465,2.361611948000353,1.0995530631997064,1.7090588125346888,5.0689254616341906,5.090779138599259,5.076749878686562,18.899489161321178,18.953654623333293,18.922806416806917,0.21755607542155098,0.3445433842607694,-0.05690579220111573,2.6342957574502486,0.7366795900149636,0.7376318580835852,0.737337962634291,0.6432268681022922,0.6441250991411707,0.6413482123442844
0.0,20.0,100.0,-30.0,0.5782155094717949,0.2149434917378857,0.42253453912223043,1.1416356121981075,0.1275578260656461,0.6062424867486073,6.040255549210333,6.022995509689133,6.038297662412786,26.793994234931066,26.834037657766874,26.816490031731533,0.31889961608502665,-0.5608176454333551,-0.0754218875162466,2.671409271912091,0.8211562848441808,0.8242085363246932,0.8220495641902854,0.7641163462539786,0.7636327185275514,0.7659529628270899
20.0,20.0,60.0,0.0,0.3976607514543464,0.0757289317817403,0.2697532982854209,1.8486740865968836,0.5597290925835435,1.1931345648867022,5.089741855709345,5.08342278968694,5.0785978204295885,18.975710880318477,18.939842761251967,19.043102686270036,0.21631262629794668,-0.12474516869948925,-0.05383076020026582,2.6562195359071037,0.7403505026151641,0.7405929827494607,0.7397973106065607,0.6441951172882555,0.642906479106062,0.6435179222305512
50.0,50.0,50.0,30.0,0.3796381790883444,0.0271840625926428,0.24464742012879337,2.689194645466152,0.8146563875685758,1.7526528564316473,5.090071617920719,5.103165182388946,5.096720296448921,17.628239935820474,17.601275352442553,17.573004653353664,0.22172548249273172,0.18885635701264789,-0.06348228279195398,2.848223687559152,0.7458224964654953,0.7451825241355325,0.7463390023800689,0.6450192341072377,0.6458938966974743,0.6441706393488902
0.0,90.0,90.0,60.0,0.5115740645152709,0.196779420274495,0.37852606512452686,2.67352726464176,1.7528132682656097,2.1916341669693407,5.562934120934415,5.559515253720153,5.556803342100998,24.641805696464683,24.416934195667107,24.63644231364203,0.28184515937368143,0.9820313892356763,-0.07308426951067698,2.405190168929617,0.7729588304522735,0.7762298712723297,0.7769843754729059,0.7045016961417129,0.704113597373992,0.7045998752497413
0.0,20.0,50.0,-30.0,0.376117304232652,0.0226541317591354,0.24072598178151222,1.6771894552081092,-0.2822754796382426,0.7008613114408473,5.116293420799292,5.114187577628947,5.11537954520315,17.662001740074448,17.604508446860336,17.7829839709919,0.21734799273941766,-0.4550171178354499,-0.05600862253927406,2.9028171017966042,0.7527371439968606,0.7531526185228281,0.7513739319427835,0.6472356828267446,0.6474286549998116,0.6473834362678926
20.0,90.0,110.0,120.0,0.6052133977074975,0.2475231603152965,0.4504195890489953,3.136121698681088,-3.1401606224933407,-0.222116067689709,5.942615762648999,5.948380609353569,5.943973311739624,28.511892503576636,28.515055643004473,28.48801154201238,0.3473620103155471,2.0634914182670046,-0.07292872249988816,2.127492719642394,0.791686416000001,0.7914478781714631,0.792209487222345,0.7538015749881272,0.7539312831099823,0.7532337381477107
0.0,90.0,40.0,0.0,0.3405151605685991,0.0055617238688512,0.21378704052175745,3.136888564149284,-3.1081359500868584,1.1773691008087817,4.951136810232545,4.935938426080699,4.941811077571485,16.049796953921998,16.06573035008742,16.015388887295476,0.21449403333888475,-0.19657282271464066,-0.05663202420146187,2.8341745575438053,0.7312744098346756,0.7297135457115399,0.7301921759058133,0.625598642794458,0.6243856425533665,0.6263844494078231
20.0,0.0,60.0,0.0,0.3919846587694982,0.0801463380386908,0.26909482346688235,1.8260329862872149,0.5777034947670637,1.1899155184554757,5.0594511943540095,5.050803706532576,5.0449076713254195,18.972406092210687,18.993031623988287,18.948412633792145,0.21264489346278329,-0.13684259355872305,-0.05382507239445084,2.6291013355792727,0.7390772936067491,0.7374276741349955,0.7377241023439154,0.6403605635546106,0.6384528146567267,0.6395472302761116
20.0,50.0,60.0,-30.0,0.3915352691899512,0.0829157289895117,0.26968182653945016,1.306994135502319,0.0554624478235538,0.6641980555321957,5.016704402320442,5.028352691823383,5.0119873580815755,18.990983200809715,18.987390056691975,18.99611486486171,0.20910389197011886,-0.6109304894590083,-0.05611935263355544,2.6006739462061756,0.7356415692739392,0.7359925889356027,0.7360310552351357,0.6361671797683657,0.6356938816334571,0.6340805937534959
100.0,0.0,30.0,-60.0,0.3103454412469322,0.0071066249036588,0.1893063942577658,3.1356045129638788,-3.056851775055545,0.29272900856564843,4.758551360009695,4.75750931531775,4.762678465897929,14.604208109828145,14.563900856558861,14.482987664194487,0.19709066655534946,-0.4308856727976738,-0.04743064674746028,2.7445207194866152,0.7089943172162172,0.7086657726192288,0.7089962794209508,0.6017601516544192,0.6022481758734807,0.602423693783714
50.0,50.0,10.0,120.0,0.2667888999546831,0.1791296885967977,0.22740841336374198,3.140920614610156,-3.1415473977815607,-0.07854941943286078,3.676906622962616,3.6772304869965438,3.676875328927811,9.635723589496543,9.668068749601794,9.663560151868348,0.10386252124731236,-1.0578586193511526,0.009624188263422819,1.579255799004943,0.5354146415504789,0.5349770091399468,0.5339575938330405,0.4652100763148243,0.465182340485998,0.46514836275310206
0.0,100.0,20.0,30.0,0.2916102274787832,0.0315510611191048,0.17764111603243052,3.1373553914776298,-3.1405065898138678,0.7578318147905311,4.386770288051463,4.38611748822502,4.390917815982753,12.826276035032345,12.81589731626487,12.837183656347953,0.18928245221885295,-0.11846600675890678,-0.051054376690072685,2.387353587198989,0.6543401605069822,0.6540727832014989,0.6545443929014062,0.5546535658225245,0.5552260856295516,0.555304133644867
0.0,50.0,50.0,30.0,0.3787748476328293,0.0253782660911816,0.24319148308879052,2.715473925741315,0.787747950179267,1.7469553402301712,5.1175731939074955,5.124578932806662,5.126140759067045,17.613502002572975,17.63048610874017,17.570778665806042,0.2236921163479815,0.19330742215958252,-0.060592045354802414,2.8806709374236243,0.7497296354690018,0.7475611793048302,0.7481649785885055,0.6479528539470966,0.6490313271018139,0.6480510241652844
20.0,0.0,10.0,0.0,0.3083061874101235,0.0112370750152576,0.18149291160949488,3.137446734650837,-3.137846373870853,1.5786417721490924,4.111691663484634,4.109997551730956,4.110558555512377,11.38249246558385,11.401773550956888,11.330393068894672,0.16190317731886245,-0.6500418224438543,-0.03806295415957722,2.1201719012792672,0.6104185327273713,0.6104382040417278,0.6090394854880903,0.520026957547719,0.5197122408262425,0.5202080342732708
20.0,0.0,120.0,30.0,0.6658769894453838,0.2586317099152149,0.48788513465519506,2.19554225428938,1.1475255582433406,1.6464058426399968,6.216029380534937,6.208043055461896,6.212038159676048,30.7408306594784,30.711920494313024,30.71102445968642,0.38831423633534157,0.504968323820251,-0.06704666998168318,2.1183784851874794,0.815985007640917,0.8164265546656039,0.8163852735116924,0.787642427687512,0.7871588850254388,0.7881881706303321
20.0,90.0,50.0,0.0,0.3742338722383455,0.0368834567853646,0.24211805215656365,2.094532542833248,0.4125793666122166,1.2399690993957249,5.041050493474108,5.039445055943449,5.040874470095086,17.38719663947161,17.39206215824708,17.545104641179766,0.21466382770705594,-0.12860396446669348,-0.061894618944294086,2.776655998181668,0.7382523377036542,0.7384639905697102,0.737160340624051,0.637886054804368,0.6380115444622693,0.6378531319085725
90.0,20.0,110.0,60.0,0.6209167564370491,0.2346806289815883,0.455556700918702,2.687993844336047,1.7041069641066935,2.175170181342763,6.161831174832824,6.162521048018352,6.161514289134356,28.807603843224626,28.808632868876046,28.81798140374415,0.3511156311949111,1.0170807169932898,-0.06990913104794938,2.4770194912347,0.8272253793380899,0.8272146118129124,0.8273062142268812,0.7811064570960115,0.7810428467772365,0.7809538546937024
20.0,0.0,30.0,-60.0,0.3098004935130798,0.0160126810748259,0.19004505090520848,3.1367328276038173,-3.096716638062748,0.26395417183880954,4.792712706055452,4.791412626103702,4.799897168265983,14.65941950371738,14.631565352307213,14.589491359681675,0.20158672762424712,-0.4172254644460242,-0.04652381020486843,2.788014205409803,0.714067274614403,0.7135780326921681,0.7135530945106956,0.6059116212541428,0.6068090895112979,0.6070178538485341
50.0,50.0,30.0,-30.0,0.3068039258360727,0.0265932875118129,0.19237141508776973,3.075563055198306,-3.128173336229937,0.6013594457891311,4.757257687382984,4.763647782691979,4.771487900504159,14.705745440177372,14.716597067611929,14.718075739332175,0.20202801408158988,-0.3743675206081274,-0.0509409958722209,2.768507663731545,0.7122036876679971,0.7117593244167507,0.7133702754540941,0.6017795119812848,0.6035974888072169,0.6027217245167803
20.0,50.0,30.0,60.0,0.3093312757660439,0.0159951674917894,0.19121349432910925,3.141232853942868,-3.13875718638911,0.5877649622136415,4.720698659665209,4.7128266832153916,4.703491605678871,14.54902269302332,14.565730171426233,14.57660115330371,0.19955178331378887,0.28601514532383565,-0.056875564510536165,2.6919571155925217,0.7049360727414754,0.7048939504414511,0.7036742179124607,0.5972690118848077,0.5951587309994641,0.5961064943240311
50.0,50.0,80.0,120.0,0.4564682043168078,0.1724015183169737,0.33891192420600735,3.141026637274783,-3.141338288415466,-0.28157526356692636,5.200267285592155,5.2213353445999395,5.218017601342334,22.38043003579044,22.436824925030475,22.403312844064065,0.249242773716081,2.015383736021751,-0.0679646486125372,2.281126752053683,0.7393932493857633,0.7401826482116061,0.7394880254979719,0.6597384122425347,0.6618937891886899,0.6593337159653941
90.0,20.0,100.0,60.0,0.571085653140414,0.2039767434414182,0.41596104817756424,2.6918054392522106,1.7075863457213436,2.1778465011235695,6.042304966657673,6.05718319232369,6.050060267199871,26.84990740776858,26.876407725398565,26.74679489848983,0.3218868327665919,1.0072334856648126,-0.06706134559419871,2.7134121145031855,0.8282058232183924,0.8257586132634883,0.8257575514587782,0.7666207192315764,0.7673717121636009,0.7657058514125473
90.0,20.0,60.0,30.0,0.4043011042746979,0.0636265602108425,0.2712419493027059,2.4387221976230897,1.0156344752406097,1.7099336815934818,5.171462032113221,5.174561453812014,5.170557406186308,19.157525857061728,19.121351711265334,19.332544366553055,0.2248161245057794,0.318528366754389,-0.05523771097820527,2.776083518519682,0.7531110622759224,0.7543185572565685,0.7535670564092994,0.654853050560938,0.6550714126368001,0.6541685078060349
50.0,20.0,120.0,120.0,0.6607029132726374,0.2587235991359344,0.48850741463761327,3.136091126474077,-3.141224144292896,-0.1638898274643931,6.216414592554836,6.2129572032492,6.221729721722853,30.78126147389842,30.782356561023693,30.784384755788114,0.3849790968595769,2.0833816312563274,-0.06733996706836755,2.140042046285203,0.8195633430525554,0.8186812054525163,0.8201498904150758,0.7876797904063068,0.7883243093709782,0.7887984263946701
90.0,20.0,100.0,-30.0,0.5787577406279542,0.2166595432744863,0.4224045409661708,1.137984225345937,0.1265052356710123,0.6075677065227785,6.055915451118785,6.040080494460355,6.052105203017205,26.795391563767506,26.75301981599293,26.77387118810611,0.31953421732672904,-0.5643710401399905,-0.07320260132949655,2.676271027430879,0.8209601368435893,0.8213794338717302,0.8238750314179586,0.7662193674142441,0.7656235647241245,0.767832211908671
100.0,0.0,0.0,-60.0,0.2756940777113807,0.1779091896215913,0.21867822329318792,2.692271010433527,0.7857139397707507,1.8185480440071482,3.4260732941888086,3.4281327495383116,3.4268365866081507,9.339908732307745,9.362943714265718,9.359984235210765,0.1478828990471134,-1.9317102071540886,0.008291619025785426,1.4474538522960076,0.5110348226171381,0.5110427849653155,0.5122267715636732,0.4334653234129311,0.4335735074340204,0.43330028081638544
50.0,50.0,10.0,30.0,0.3099189180198542,0.0135725156667225,0.19826599343207293,3.141497127748347,-3.140693551872201,1.546889172474377,4.067963315611119,4.069049882345644,4.0700690959214985,11.012141577608165,10.998839639899606,10.968825701678767,0.15290601159509778,-0.7604610084343163,-0.041100924837211186,2.009843488798883,0.5951034960470467,0.5933904826391868,0.5942830924861947,0.5146182004832056,0.5149617663497408,0.514728082739756
90.0,0.0,80.0,-60.0,0.4883297058399296,0.1554999629200655,0.34556251324436776,0.6362003370385648,-0.4025048533573452,0.10952247853938231,5.679992110042609,5.6680991650722605,5.66489407698574,22.91437113122538,22.96232362322725,22.935957228685012,0.25967165894466854,-1.137954378987229,-0.07677408477070585,2.8676566751755272,0.8031077401942252,0.8028020418344608,0.8027804678908949,0.7190198267351507,0.716956705359709,0.7185674367893874
0.0,100.0,60.0,-30.0,0.3954151369218517,0.081618996204792,0.2685240292022666,1.3085438391823887,0.072936752507777,0.6624946470836927,5.067975613225425,5.062588793804508,5.06690535167476,18.753965769108657,18.797020520298886,18.858076667282084,0.2139424022972649,-0.568505629412791,-0.05284313862682778,2.605161226841217,0.7324444167334652,0.7334246971952023,0.7329757800387796,0.6412803296303259,0.6409747772663803,0.6416739164862535
0.0,100.0,40.0,-60.0,0.340429441081752,0.0036173705935797,0.21231887876309777,2.953969822035833,-3.1150864855733795,0.23857578015695802,4.9499609580390445,4.954902785469995,4.945065209660512,16.071425418409984,16.19001491195973,16.06042432301313,0.20936925249305105,-0.5407917150264867,-0.0569008933514013,2.8487672980185095,0.7333930220802212,0.7327784079783869,0.7330119896956458,0.6269398556944964,0.626280429580054,0.6256200733573415
20.0,20.0,60.0,-30.0,0.3916136620253552,0.0828548903626723,0.26956599240570717,1.2902445659393271,0.0509900704858406,0.6597235813734202,5.013157628728696,5.024174652955519,5.020237907080795,18.978276689593276,19.02319929646869,19.00195968696033,0.20818301291140598,-0.5798986939935558,-0.05517330805442547,2.6077100756454263,0.7367642746762733,0.7365969157056279,0.7373073876591872,0.6352563760088095,0.6361461799487368,0.6346381873371926
90.0,0.0,10.0,-30.0,0.308916911859926,0.0110416245180606,0.18585127234558885,3.129861386466173,-3.098335357831453,1.5434875050827557,4.075897039077427,4.088410435016889,4.079241811626796,11.242300472057135,11.223142104350869,11.23708596627506,0.1613643925586216,-0.5780467569969371,-0.04098837853909203,2.0651538310926645,0.6018450474780129,0.6025313381701106,0.6031056982401801,0.5166257668893279,0.5168964782688017,0.5151614397985419
100.0,0.0,120.0,30.0,0.6618564090435699,0.2580076440199961,0.48783982452735813,2.1927506430552715,1.149750995419297,1.6464154140404688,6.204314551327794,6.198560993512645,6.202467634626764,30.71930170446234,30.704631504847445,30.716822453127932,0.3880638601187687,0.5049067183871727,-0.0666340388886052,2.1060898831793486,0.8148386264674684,0.8155564565218654,0.8147036534688755,0.7862772853310286,0.7860590958016804,0.7868108236052135
0.0,50.0,60.0,-60.0,0.3937518379662797,0.0688332365612145,0.2661790902547129,0.8177267780163526,-0.5425503206870622,0.13102437091875713,5.103704802858744,5.103515549372062,5.100680706166804,18.93894470719861,18.914845541404983,18.961605323309843,0.21411831093420539,-1.0417564671453206,-0.047350276581883254,2.680175294490004,0.7423609138878521,0.7420971953372625,0.742334501961303,0.6461144614258403,0.6457674461709685,0.6457999354467301
0.0,90.0,10.0,120.0,0.2689832642089196,0.1675324458254861,0.22524607983752132,3.141167615689197,-3.141242120882984,-0.34038185304118324,3.7123379294329992,3.7093120480429995,3.704404151732957,9.728133600654287,9.738772213596514,9.7517667802973,0.10356141967508826,-1.0094938513833505,0.00782244092289963,1.6035693636498272,0.5387439405399899,0.5410742521226432,0.5386300049204643,0.4697268659169002,0.4687079661881894,0.4690596423847438
0.0,20.0,110.0,30.0,0.6195094894393889,0.2394561557212285,0.45615075990181686,2.1710883430862404,1.1751144980824113,1.6528805771814612,6.152170816998525,6.153162132650652,6.155699292414585,28.792579142368986,28.769756618023713,28.80399908212224,0.3517133979368432,0.4916975108496835,-0.07000019999566402,2.452121302040177,0.8244999841354048,0.8242836321813346,0.824845787523115,0.7797001150449642,0.7801673360820562,0.780087429482753
0.0,100.0,0.0,0.0,0.2529372337984105,0.1767110105458398,0.21673269506104068,2.4454241084434685,0.8425097912859131,1.7722405255698546,3.454026947373412,3.4678664554833034,3.4512062832579424,9.451764799960458,9.470433218467521,9.461486257225738,0.14712668270486887,-1.9831977281765731,0.008409707079841887,1.4795705889879531,0.51602958345103,0.517378511736191,0.5171101788135011,0.43813131692772006,0.43779694374626876,0.4359766580863766
50.0,20.0,70.0,-30.0,0.4175555568895542,0.138998030475343,0.30332450899434565,1.1478367440141657,0.1716754264960313,0.6425527576546527,5.153639300610397,5.152886269431022,5.149850893618863,20.633768283404216,20.636838879322582,20.642443856984595,0.22385486009000147,-0.6262928047240253,-0.061854478532305066,2.4999111060471013,0.7432380433234456,0.7434631864891021,0.7436354026295766,0.6526113541133747,0.6521490632423812,0.6522470816410826
90.0,20.0,110.0,120.0,0.6128356402832476,0.2325024371981757,0.4541066667663848,3.139270562810641,-3.140288558221382,-0.20548010392258595,6.098022987573525,6.098739029757596,6.095630381823845,28.733775060520493,28.75923330190426,28.75418589446801,0.3491363205547521,2.0657042976624655,-0.06869183107013059,2.381030918363191,0.8173532874859153,0.8182515152552666,0.8174907844330034,0.7731526783791345,0.7728334369039911,0.7727442654196247
90.0,20.0,30.0,30.0,0.3041235027884975,0.0380698447052993,0.19092580645531543,3.135072086962149,-3.1267235356855947,0.969958240303519,4.830127021167311,4.827129654297599,4.837774198272578,14.803671944652063,14.8245503636951,14.870100975338474,0.20651052199891262,0.046414296130269844,-0.04652785484771206,2.851242758099558,0.7204786772082792,0.7216305938849878,0.7221389516872907,0.6104805959874626,0.6114230135607752,0.6118423077030666
0.0,20.0,40.0,120.0,0.3373955995718058,0.0023186527381474,0.21400325445423743,3.1355405218253725,-3.137323869433402,-0.25423665016525515,4.970393545869395,4.955762999924482,4.970687320710122,16.204288215742462,16.2964183475211,16.271050246586945,0.214606611349089,0.5767733091856473,-0.06051821601902288,2.8852676111002333,0.7388447554137781,0.7375241508479089,0.7370290336903299,0.6276426489648786,0.6276925143964363,0.6295056548133245
20.0,0.0,80.0,60.0,0.4690754645241638,0.1364433419707842,0.3369934187700498,2.722768593856552,1.6763051375907077,2.19197239805464,5.4514936095762225,5.4469330021850695,5.448951002362708,23.0102591362673,22.981219736445208,22.968849688747824,0.25929261296198514,0.9713003631719929,-0.06263525892676901,2.673830832155894,0.7837084667627946,0.7834426387881106,0.7846142258856644,0.6900808320281699,0.6896799218559997,0.6904793946492421
50.0,20.0,90.0,-30.0,0.5343617446113557,0.1805649657365959,0.3844097123596808,1.1365631717083329,0.1182970121010692,0.6221479276635831,5.834575102290319,5.834105186951929,5.839455658696645,24.70212194670771,25.04786442805319,25.05746009665735,0.2879469976599256,-0.592524860695578,-0.08025775435508752,2.786531935227733,0.8157738804795468,0.8166992049648001,0.8136297261783316,0.7391890831050615,0.7395401952237313,0.7391427974125455
90.0,20.0,40.0,120.0,0.338667409397438,0.0056929278069695,0.21401498807863,3.136763288929345,-3.1309243939263527,-0.2053936320410297,4.969011579362167,4.954218789737781,4.965969028989246,16.180892307412783,16.234669580201945,16.210338540254533,0.21409679601961665,0.5892788838149823,-0.05956541163574442,2.875075073583843,0.7359840560824639,0.7369901690614762,0.7359197515282387,0.6276267867067058,0.6272105264131681,0.6291024727578286
0.0,100.0,30.0,120.0,0.3230238254318519,0.0116330272896605,0.19449921735855816,3.13381011261989,-3.137738034293803,-0.4167112314155819,4.592025403809369,4.593831502288551,4.583879895136942,14.1035303026909,14.017143037075314,14.095014337729111,0.196461687421372,0.4916785077723674,-0.06246973467641792,2.4949058141665366,0.6782658799136495,0.6794878670637817,0.6779045867654276,0.5813900331986159,0.5804609711988498,0.5801667839996093
0.0,20.0,50.0,120.0,0.3795261031405886,0.0175755733715728,0.24273827655454278,3.141309468294467,-3.138617474612269,-0.11023043476803385,5.144448792710902,5.132987968859926,5.141341946499198,17.763203124724715,17.824882867699976,17.784124322299945,0.22840366171035323,0.770949319349261,-0.06468323665134453,2.9307585588474585,0.7548905636770092,0.7548583344313123,0.7562192116371059,0.6502340153463323,0.6497790674507689,0.6512888064424637
0.0,90.0,10.0,-30.0,0.3048787475018538,0.0252839909875523,0.1845271096550997,3.1388888146481637,-3.1375060240313126,1.732336428415058,4.051053770596998,4.047993242238557,4.0496686625883855,11.265633229694208,11.215326249705633,11.198190358234068,0.1661844952854865,-0.7086625990957258,-0.04428569075203501,2.038606018800765,0.60094987086714,0.5989929988419996,0.6003913777521495,0.51217917779824,0.5122685499120543,0.5123142801726893
100.0,0.0,100.0,0.0,0.5762620056404633,0.2117360525980084,0.41933545191432015,1.6575268558422114,0.6584755534984202,1.138407529272397,6.056705583022929,6.052991570860228,6.05487957891644,26.7486422322469,26.835038030094427,26.892031865197502,0.3213413961374258,-0.05048061007185099,-0.0713951965257803,2.697570972309906,0.8242521237197288,0.8259104499707562,0.8260037834633199,0.7673104429796869,0.7669783885847692,0.7674155825634544
20.0,50.0,110.0,-30.0,0.6217917679120856,0.2452786963905548,0.45631464929697757,1.137693415581862,0.112023171684361,0.6038005400046296,6.106404157425804,6.099751746182523,6.104407747185758,28.602772067325496,28.588415695167086,28.68763206494315,0.3530643383220458,-0.5496534287045202,-0.0725990118722357,2.3338668705353935,0.8083282509912854,0.8111683181134538,0.8114066133512831,0.7735953678071359,0.773330176532137,0.7741597772548046
0.0,20.0,10.0,0.0,0.3014632707863358,0.0056939773485657,0.1753247691438782,3.1402659660906296,-3.141154196451426,1.3228557716593095,4.1323826166643505,4.13342048726253,4.141136787258077,11.50098076988014,11.524007726647508,11.5164260257225,0.1656549793521385,-0.5928371308660124,-0.03686251719891373,2.160316002057152,0.6165538349287625,0.6151084260862362,0.6168945271706744,0.5226759207674168,0.5234638945980108,0.523218082565443
100.0,0.0,20.0,60.0,0.2932580394096853,0.0230862461822519,0.17289398723010427,3.137617649308599,-3.136017465652447,0.3459053852471848,4.4267879037150255,4.415972041941478,4.4190723072544165,12.809833160674506,12.774178700459382,12.733128715294125,0.17983449155843004,0.12494890879880753,-0.04377832800036401,2.4131393877496086,0.6576638198498684,0.6574260796490521,0.6564611072092864,0.5594178738985829,0.5584048726818097,0.5597610176525817
20.0,90.0,40.0,-60.0,0.3393272586286128,0.001480638434407,0.2114373782507618,2.802556363542835,-2.8759992136502595,0.24776690921519215,4.967592714101841,4.97341526087299,4.970520350664444,16.051675555683993,16.14879640257086,16.135197948149504,0.21010616424991801,-0.5227801776546126,-0.05560335603368806,2.8736167838878903,0.73521775796566,0.7348549143461599,0.7362098958183173,0.6289617365648383,0.6292409766143412,0.6284619006618681
0.0,100.0,0.0,-30.0,0.2529372337984105,0.1767110105458398,0.21673269506104068,2.4454241084434685,0.8425097912859131,1.7722405255698546,3.454026947373412,3.4678664554833034,3.4512062832579424,9.451764799960458,9.470433218467521,9.461486257225738,0.14712668270486887,-1.9831977281765731,0.008409707079841887,1.4795705889879531,0.51602958345103,0.517378511736191,0.5171101788135011,0.43813131692772006,0.43779694374626876,0.4359766580863766
