P,Q,V_mag,V_theta,I_max_tail,I_min_tail,I_avg_tail,Iphase_max_tail,Iphase_min_tail,Iphase_avg_tail,I1_avg_tail,I2_avg_tail,I3_avg_tail,V1_avg_tail,V2_avg_tail,V3_avg_tail,V_avg_tail,Vphase_avg_tail,P_avg_tail,Q_avg_tail,V1_inv_tail,V2_inv_tail,V3_inv_tail,I1_inv_tail,I2_inv_tail,I3_inv_tail
20.0,0.0,0.0,60.0,0.7061190094217581,0.4705143310372723,0.5938132433528518,-0.1771359287378472,-1.1340726976971531,-0.6671730927333944,0.7321359077443643,0.7316519364162665,0.7316517289534747,1.927383349434486,1.9305793778583378,1.9357696630744397,0.9284472301684932,1.4143191503825552,0.0004733043325337444,0.05568956021427769,0.06040698922751387,0.060459082266853696,0.0605765283453658,0.0926022261938099,0.09254849880898401,0.0926227910164054
50.0,0.0,60.0,-60.0,1.1759312984223218,1.1514888467061335,1.1567913787772068,-1.881949582433968,-1.9185605734092217,-1.9105333374690368,1.1566151972082994,1.1561305026309332,1.156854181654448,16.282729048640533,16.28782060809571,16.293066343866048,16.27175724547453,-1.4650577669534146,0.32509719773916945,0.03744001365580016,0.1864044126850739,0.18647235398039208,0.18628928683471263,0.1467786999782532,0.14681712392239885,0.1468721609821809
20.0,0.0,10.0,-30.0,0.7079079913140841,0.5345251705602817,0.6234621116970547,-1.087350467748632,-1.4906013520024477,-1.298760058375705,0.7191244243255985,0.7219018043227804,0.7213142896709268,3.1084374947871085,3.08105510446973,3.1013033138783377,2.6705979102702795,-0.6994202791101983,0.02887424578957473,0.04285043166841909,0.06064728861858088,0.060401139012304726,0.060809783703113324,0.09122279968357618,0.09149819956358639,0.09118222188512812
20.0,20.0,100.0,-30.0,0.5863792317336525,0.5564736713361436,0.5731491672064057,-2.278615555004542,-2.335912573764363,-2.3039582372275933,0.5749280322219325,0.5726587598222734,0.5735462233285311,28.15569176312389,28.161427992407745,28.156795619792874,28.074267648764597,-1.0243669492869714,0.20345368170998468,0.19947933336355703,0.33356176685599803,0.33362838704843667,0.33350038433103885,0.07161126412428076,0.07145396640614288,0.07173616085564795
20.0,20.0,30.0,0.0,0.8445903885064011,0.8349971827353325,0.8408869237856674,-1.7738568026138724,-1.82252969149816,-1.7919056896896512,0.8416242524284232,0.8409389477372615,0.8407107701014027,9.175401526087976,9.173632371485922,9.168810313672273,9.159159276401722,-0.4217520771455128,0.08838048415023629,0.13325161229597146,0.12635594521009136,0.1262753305509382,0.12621294913436956,0.10631123402365014,0.10619835081368367,0.10628547317862974
90.0,0.0,30.0,-60.0,2.14658221668996,2.0187371853535936,2.091870699524834,-0.4031925073820994,-0.7222763954163156,-0.5666537188434323,2.1222050249147264,2.1221671152791357,2.1186272759829925,5.303068916094181,5.3363096065480145,5.322344784061257,5.108963568239621,-1.5424285840761627,0.015627208368068995,0.04860300191857575,0.04414651092777848,0.04448813603508134,0.04410128234682196,0.2697484195366832,0.2692532212736162,0.2692782098825368
20.0,50.0,20.0,30.0,1.423543071780158,1.4014162891455062,1.4129823860613642,-1.455197115337407,-1.6818725883368797,-1.5392064810531554,1.4128711881511884,1.4135803036784047,1.4136690883512628,7.4125033261092,7.410104837096764,7.408162322899628,7.399190590249449,0.15187886866563555,0.07079733418765977,0.2629680583203987,0.12764796780982132,0.1275484223028607,0.12755745735163837,0.1788358512384315,0.1789383218485812,0.17884645850983436
20.0,0.0,100.0,0.0,0.4298019841416138,0.4210603555771772,0.4258750572283289,-0.9953740882738096,-1.032509031113731,-1.014125697800917,0.42748668398289685,0.42394810004815436,0.4270923490224675,27.519071838452028,27.51558799483597,27.510745742482364,27.477357231799253,-0.5002173153782493,0.20310550344542655,3.979835909082861e-05,0.31347206318393994,0.3131480316449386,0.3132982355381767,0.054025951170427,0.05398217291429671,0.05442958024972223
0.0,90.0,100.0,0.0,1.5449980947897948,1.5338963304570588,1.5395263163395143,-2.604044726339101,-2.618849582001684,-2.6112219326270485,1.5413700684473992,1.540279669907726,1.5379961858357512,29.994473044822946,29.987365152825536,29.98094612756157,29.80809620795974,-0.5233228968029818,0.007278698203603094,0.9000326053120036,0.391375316742947,0.39132557113821137,0.39098633788214104,0.1936577894113478,0.19323773394586186,0.19337396184689373
20.0,0.0,80.0,-60.0,0.4455582200864683,0.4351080097388435,0.43894477595099957,-2.19245312864467,-2.2362287425206646,-2.2096510138816945,0.43934056538829686,0.4377218319233554,0.4403618077393882,22.09948634495246,22.10325485670542,22.104433644814645,22.080431148593263,-1.541005891652125,0.16637497718782338,0.029161786384352115,0.2538404947489268,0.2537481340156064,0.25398497934844677,0.055378178555701735,0.05550331390156967,0.055701804619709555
20.0,20.0,120.0,0.0,0.5018961587843965,0.4782559243678086,0.48972967327310357,-1.7951809143707922,-1.8226634077820127,-1.8076780636618075,0.49109225966941383,0.4937577580421911,0.4925998902616668,33.62508395091665,33.63201449262523,33.62758151111097,33.496873831901645,-0.5077275816838155,0.20430696936116505,0.20000661896415592,0.39407993182621287,0.39421946634865207,0.3940743042933304,0.06086523250107873,0.061037997209312564,0.060715617806326824
50.0,20.0,50.0,30.0,1.2672928270909154,1.2458971340498828,1.2610391270259398,-0.6666698924392243,-0.713760891662134,-0.6803224765757526,1.2615957058733418,1.260598452961686,1.2618907107955777,14.199221530959358,14.184338325717128,14.191567627092617,14.173773020053298,0.13299692605397148,0.29661984491162774,0.16420786410296592,0.17773792525774967,0.1774159544803399,0.17760036019660824,0.15969961626090753,0.15972604877626065,0.1598670187999351
0.0,20.0,70.0,30.0,0.517831325885275,0.5148457171216507,0.5165535568747237,-2.0894657988193046,-2.113138314994232,-2.0996954178444382,0.5162863035559858,0.51742103009554,0.5165252072956198,20.06713705344125,20.055363526650886,20.048756889400682,20.022988764095658,-0.0003181085555557647,-0.0006270772175080773,0.1879232901643757,0.24479868811292751,0.2446417462446188,0.24456067068340628,0.06425880958816697,0.0642922790687726,0.06413962923472613
0.0,20.0,90.0,30.0,0.3810496845249075,0.3757171908516375,0.3791053473032853,-2.012248003422489,-2.050060992852755,-2.0224562809378797,0.3776328351248745,0.3804905433555567,0.3809265969238575,25.35452748575197,25.36115814607681,25.34336579709554,25.311403702123517,0.0015834434587466571,0.012193675801499734,0.16647529522420396,0.3009104481079517,0.3012633826091965,0.30095379396532107,0.04633097297905407,0.04673204278262348,0.04639861694047915
20.0,90.0,70.0,120.0,1.0582160669390357,1.0070621525663248,1.0487376842421083,0.9824154444730248,0.9039764150284364,0.9686684734187346,1.0495338973523443,1.0490302943820806,1.0502110841508123,19.454062095183144,19.4630324913433,19.458092413887957,19.436348858567758,1.6520571381432376,0.34826096955279096,0.10665942976654703,0.22926408500707093,0.2293403972579242,0.22920082781293014,0.13290553988226464,0.13298824639406415,0.1330467510282854
20.0,20.0,0.0,-60.0,1.028845910097925,0.898056990598309,0.9654687837838207,-0.7486090037777038,-1.588379359463635,-1.167023477408104,0.9861096727086873,0.9916712034833506,0.9897610400986772,1.8909708384228325,1.9170376338087638,1.8757899441924326,1.4673299515913578,0.9230749765062828,0.0005540628654242648,0.07644178920905596,0.05752065371032243,0.05809847825942544,0.05804498332694065,0.1253048192160514,0.12579227532678294,0.1250871006839391
100.0,0.0,40.0,-60.0,2.10389204690746,1.7256438756035344,2.0794430361986267,-1.208952748160664,-1.2959930992487574,-1.2323865408281,2.085596163187051,2.086613222993108,2.0864960265924863,8.8543277692754,8.861600681129152,8.856344544110597,8.862113690995919,-1.337015130543313,0.25784910640046804,0.023386104999106774,0.08255721107825162,0.08260207961378753,0.08240667876179865,0.2650174137613632,0.26512771883778,0.26499371387423654
50.0,20.0,60.0,-30.0,1.2235462639098973,1.2157066771136065,1.2178787195837502,-1.759161145701735,-1.7741272528088683,-1.7706425964733663,1.2183722689721854,1.2178560420064926,1.2172341057021019,16.989854819372383,16.98973531555443,16.98477109945816,16.960477176461225,-0.9408488334855126,0.34135730849505297,0.17732283693534506,0.208635601578001,0.20860741766609442,0.20864167690911017,0.15425697296682123,0.15410260939924567,0.15417856178934425
0.0,20.0,20.0,60.0,0.7608979846967815,0.7430976394577009,0.7500685194049092,-1.5919576319844717,-1.8191290099500992,-1.669425058489086,0.7500205611737997,0.7517627108289213,0.7495076894322439,6.63900549303073,6.631844575351837,6.635229582412536,6.62654473651281,0.5062700763919145,-0.007058523900416209,0.11235325668970876,0.10043278068151867,0.10037790447301878,0.10053129144587145,0.09489592851457793,0.09482568708337821,0.09459209513973085
20.0,0.0,120.0,-60.0,0.3820739622842362,0.3212089608251977,0.3543396533563565,-1.9987189876880893,-2.1806578294486414,-2.0874666187852955,0.37483884654114846,0.37493969676469685,0.37609600847666946,33.09537456444398,33.11250991911088,33.110503739261425,32.98894641198943,-1.55460972740787,0.20326107179270134,-0.00037536150059987893,0.3771522813897114,0.3773827547697382,0.37717861629584093,0.0474654536158483,0.04766092882235501,0.04762737022823577
0.0,100.0,100.0,30.0,1.7202014522593976,1.6982655353888054,1.7082323098077925,-1.8533910730505725,-1.8761597595966832,-1.866554275511753,1.7087920219665427,1.7081148403883362,1.708120685306296,30.204756325315962,30.194660843346952,30.19801566891484,30.001649160282767,0.01913699697470725,0.18607291177229246,1.0002819652679291,0.3979612463498795,0.39808329436849654,0.3977293219135263,0.2148711654775577,0.2147936553429888,0.21490143930094
20.0,0.0,80.0,0.0,0.4355795681481423,0.4303149769769712,0.4333932393967556,-1.1459240901364354,-1.1886804968335936,-1.1608078120385457,0.43253968761155603,0.434763262889995,0.43357340382855547,22.101351715018264,22.099430341034015,22.09603303343027,22.078198444334895,-0.49417640476841107,0.16423958057016014,0.028302412283389405,0.253667001008033,0.25382883608107537,0.2536926599407893,0.05484690145026837,0.05496093176413229,0.05469528971413664
20.0,0.0,10.0,120.0,0.6172174402046898,0.4623953548164409,0.54433992277438,0.7175094077066725,-0.6061756165195188,0.08416559396989368,0.589876675556721,0.586800631227939,0.5870716408368308,3.6335347586925013,3.6206652810424953,3.6200110304583064,3.4311846563744455,1.7042204235705485,0.014078802361732546,0.04898764112156546,0.06419218955928145,0.06405124107318412,0.06392377992362866,0.07451514604075117,0.07415286632804098,0.07445928850278077
50.0,50.0,20.0,120.0,1.7751093881580733,1.6471914336751483,1.7235734022481755,0.9567030305919648,0.1290724798072533,0.6571008822305661,1.7267234997360172,1.7242623466309692,1.7271052839020413,6.8879447723348575,6.897388881205031,6.890780925376353,6.89213188700135,1.9240119231430695,0.14757886865098338,0.2840352510478832,0.1229586000116136,0.12320843601029356,0.12285061450175716,0.21857250790716293,0.21861629757221449,0.2189233601657484
90.0,0.0,70.0,-30.0,2.0445510199163364,2.037576856484833,2.039522511283729,-1.147793593280438,-1.155503702158997,-1.1535521362750012,2.039927132268193,2.039250931620889,2.039372510783869,18.245537438694523,18.247692719947967,18.245208867509408,18.223785496352438,-0.8919549446783456,0.6221142126359106,0.03420651263370361,0.20119106031109893,0.20124849555563754,0.2011817215827484,0.25909344106466176,0.25903969454634035,0.2591199823634307
0.0,90.0,80.0,120.0,0.8069175158179144,0.782437406509642,0.8025152621017554,0.5013079089253049,0.4486572072449848,0.49296001248394894,0.802659062248249,0.8036126999608342,0.8026684287689503,22.68945012458544,22.702281884426,22.696371906983273,22.654890267830353,1.6161798537377654,0.259910151451052,0.204131265370015,0.2736270859235325,0.2740287830790481,0.27394511438039976,0.10107364547125729,0.10107647354171163,0.1009683791598924
50.0,0.0,30.0,0.0,1.307882583467272,1.2665918849814188,1.292830357919071,-0.5291252794962282,-0.6519506386161767,-0.570119269565512,1.293323769191535,1.294266279089955,1.2929072530938106,7.557528682849244,7.556516107690675,7.556973389918356,7.559209681009798,-0.29173024249376045,0.16415044615417493,0.04050441871096487,0.08628887151784645,0.08626721902765185,0.08633955594859472,0.16431200618297814,0.16426212187928416,0.164141586867456
50.0,20.0,40.0,-30.0,1.3417518962207473,1.3293496815649215,1.3338920558061504,-1.5970420958911904,-1.6270590329167696,-1.6177623822241909,1.332097031233204,1.3342519257823149,1.3349769486838396,11.283822801333631,11.282771988555295,11.283635370407907,11.278384797690315,-0.8679178640830242,0.2539985895204833,0.14390348138432382,0.14441757211589043,0.14420815023981257,0.14444690640434146,0.16891012066611175,0.16925471663568567,0.168999743399482
50.0,0.0,50.0,0.0,1.1986358353715116,1.1871008584376068,1.194267949520011,-0.8110624730265684,-0.8328069683052266,-0.8189168006063442,1.1945100812339307,1.1936065174575985,1.1950236046191356,13.460017993081625,13.459326727439906,13.459483930392471,13.45901854393306,-0.3926300463368648,0.27700313273826876,0.041131755767914016,0.1541815955808969,0.1541934621318884,0.15428272995168785,0.15154000438976972,0.15161255854957623,0.15172488918438776
0.0,100.0,90.0,-30.0,1.7993795052115498,1.7861858890093458,1.793458513582794,-3.124910299347954,-3.132317284580585,-3.1285032510916544,1.793395977239031,1.7923008670289668,1.796301898745815,27.601688723208607,27.61141723496518,27.60827941801318,27.443595163046567,-1.0462099583748878,0.012432076260866107,0.999962026813557,0.3720202910507109,0.3720132715495384,0.3722763676068842,0.2255009615486346,0.22585587811856908,0.225996442985848
20.0,50.0,10.0,0.0,1.4983489798952858,1.4786627727359218,1.4902180812298198,-1.7089861199085294,-1.9474320704442216,-1.8147009638068732,1.4896012172630209,1.4902693005551826,1.4918918570695856,4.63214788474266,4.629802677483944,4.629668776549788,4.608243933283523,-0.16539082301937844,0.05122445381148383,0.2152785250378846,0.09872627825147517,0.0986602223659709,0.09866257668304687,0.18869085698015878,0.18897619086982603,0.18889294938107312
90.0,0.0,70.0,120.0,2.03720508064983,1.998367518924886,2.0297977281768693,1.4645648977385843,1.4173052135868596,1.4557621537328558,2.029625737735792,2.030713719655668,2.0311339346290476,18.26863789905401,18.276605357144927,18.275072674527248,18.253256651450407,1.725658888581682,0.6214743933512868,0.03850797383519351,0.2019509955771761,0.20201491649018222,0.20190490648546114,0.2578540137641259,0.25804034827638417,0.2578968473730999
90.0,20.0,60.0,30.0,2.077837817473826,2.055778796597407,2.0725002631393235,-0.2560254624243646,-0.2877744155809766,-0.26328087768449215,2.0739169976009104,2.0725982290593867,2.0722334874221833,16.0111872681408,16.01035486518372,16.009561086578792,15.98727577294264,0.190386316563166,0.5728173862724064,0.1680832707857584,0.18983337571328654,0.1898819710179086,0.18992445823977508,0.26316471161516014,0.26295441930896596,0.26312339128823425
90.0,0.0,40.0,30.0,2.1068593605685964,2.0951352388969844,2.100090186511506,0.3117149602000189,0.1745584941504775,0.2688827401247713,2.101156638546964,2.0986600163516127,2.1003115217629116,9.029483631634283,9.0270473798217,9.028562904907666,9.026942025559073,0.24991701731754157,0.28187475419480107,0.047033617618102236,0.08965844299334032,0.08957744807386739,0.08964664244255441,0.26673726022595606,0.2666253030136727,0.2669457596391098
20.0,20.0,90.0,120.0,0.491580880202205,0.4785867599750749,0.48899919926740526,1.6540642437775426,1.6395717933298346,1.645742527572838,0.4891447637547733,0.4897848293862976,0.4892907430666597,24.353032979531708,24.356520805867323,24.367313808834616,24.334197635130238,1.595914452009052,0.17330716370478488,-0.10504818905386946,0.2686631651771262,0.26880041966746737,0.26888289569331475,0.06299540177353528,0.06303135718974402,0.06293184855796127
0.0,50.0,20.0,120.0,1.3802035151963776,1.3402225336272249,1.3555827757325605,-0.5546778356467903,-1.013208068512993,-0.7045690995823797,1.355109417541744,1.3566562776777984,1.3548004107447111,7.568157530476304,7.568416607726902,7.5722408387755,7.528085388430349,1.521159821639066,-0.023544821693356782,0.26030120878587404,0.12899766130179668,0.12908660598361288,0.12926964067579327,0.17158599424269763,0.17152928603152087,0.1713519724784636
20.0,50.0,60.0,-30.0,1.1758675977495998,1.169155708805555,1.1723194848140248,-2.6772809183474604,-2.6983590962756088,-2.692521144425069,1.1732719488441892,1.1712285124291024,1.172739887938426,18.144869741118065,18.142322600768203,18.14101494048034,18.105722500017517,-1.00501125218524,0.14606850685754205,0.40073332167245895,0.24146516192512357,0.2417730140802294,0.24154365811766365,0.1475934479127623,0.1475343756231835,0.14780026416624978
0.0,50.0,10.0,60.0,1.428178565227972,1.411075570254966,1.4190077547300983,-1.697461442722226,-2.000643314440427,-1.81715425768379,1.4185119932406476,1.4198964731870898,1.419141377291038,4.896616750792198,4.891330572069346,4.896632535709212,4.859099166660467,0.41454281022331896,-0.01622751936482678,0.21471538114831723,0.10126346856672942,0.10129143999965312,0.10127335588460616,0.17975077771924314,0.1798312779388419,0.17965696952511878
20.0,0.0,110.0,30.0,0.4178610735037688,0.3761031845433043,0.3943064260539153,-0.4804413059693728,-0.5323130499816587,-0.5076249618702136,0.3958691845629061,0.39601365015846,0.39221067272949256,30.317301939192024,30.316086617428653,30.313318849972525,30.23547568358324,0.01968770732634955,0.20726551009015126,2.8114372014844615e-05,0.3454114119973954,0.3454454566160081,0.34534361227693994,0.05051206584291899,0.0500702541707636,0.0500729950700631
0.0,100.0,120.0,120.0,1.8564960033091675,1.487381225862479,1.6614033232665097,-0.452566746695724,-0.6188673642100219,-0.5248166867012456,1.727686277012564,1.7295407725806122,1.7261334413209877,35.7072667325633,35.71269245195324,35.69359063723521,35.46919410953488,1.5705394844464462,0.0008026138981048807,1.183728717287885,0.4631380810809156,0.46259223361903146,0.4629588193856356,0.21709162358106585,0.2168752964433719,0.2166425130842402
0.0,100.0,10.0,-30.0,2.1192475974534197,2.104234142978446,2.1112706417525837,-2.837732536901103,-3.0048640411018237,-2.93615450971151,2.111415806639976,2.11171749028672,2.1112066943151975,5.929999387211354,5.930247641520733,5.932586929993402,5.902350650738951,-0.9384493128002438,0.021862671644843408,0.4312389104988742,0.13519270864281743,0.13527683452751685,0.135170144767395,0.2675314656843306,0.2675004132543733,0.26747036325912377
100.0,0.0,70.0,30.0,2.060743453959621,2.047818778959268,2.058140932166998,-0.09609640129406,-0.1113264050644902,-0.09915573448063962,2.058552321250958,2.0582501500234405,2.058465723552381,18.219121726845074,18.21669501198513,18.21446936165845,18.195037808327843,0.15643350974443346,0.6258098484431577,0.0331825920048418,0.20040234781529948,0.20051218637162235,0.20046493007542635,0.2614850622457201,0.26147532894378556,0.2615038393464686
0.0,50.0,30.0,-60.0,1.2877699956384,1.2756133183515828,1.2803832144038128,2.829807752993056,2.6285903716584462,2.6878423750936977,1.2799504842318654,1.2809670343760269,1.2804537188327059,10.18701146148855,10.192451718716722,10.192179032791493,10.173230526291,-1.5580996208630848,0.013888146047091678,0.30318597838240463,0.1570569089169449,0.15721237640114272,0.15711158439656608,0.16176718972620868,0.16183416973900502,0.1617164861546145
0.0,50.0,60.0,60.0,1.098328266030929,1.09187145501247,1.0941848969117691,-1.5741985849166733,-1.587330445686719,-1.5807921389474386,1.0943123423504746,1.094798275650838,1.093778628869588,18.182250408622664,18.178748980597895,18.18327478798599,18.146128853619462,0.5224235455845979,-0.0026653426411227094,0.3981967506423859,0.24190609915046316,0.24187818498978972,0.24198171483636072,0.13769607477092888,0.1376199022784408,0.13755881309325002
20.0,20.0,0.0,30.0,1.028845910097925,0.898056990598309,0.9654687837838207,-0.7486090037777038,-1.588379359463635,-1.167023477408104,0.9861096727086873,0.9916712034833506,0.9897610400986772,1.8909708384228325,1.9170376338087638,1.8757899441924326,1.4673299515913578,0.9230749765062828,0.0005540628654242648,0.07644178920905596,0.05752065371032243,0.05809847825942544,0.05804498332694065,0.1253048192160514,0.12579227532678294,0.1250871006839391
20.0,50.0,30.0,-60.0,1.3830733650538036,1.3550652334459286,1.364310224424904,-2.916928886291569,-3.0972713499003346,-3.043815117669452,1.363461234772712,1.3638612943102828,1.3646865276439246,10.011727027590291,10.013089478495123,10.013359193121861,9.993957890441294,-1.4511649911187343,0.11430992887884267,0.29575640658108404,0.15387212526236788,0.15389316949007037,0.1539209080355193,0.1723869518163664,0.17253471237425966,0.17248919665476728
20.0,90.0,40.0,60.0,1.922044202176664,1.9078951754803952,1.917370676338589,-1.2107667141161935,-1.3205858653826057,-1.2368985363807337,1.9171838697455457,1.9190626141225817,1.9166717300034288,13.807761220374072,13.803920918339621,13.806999935104729,13.765116565770763,0.5919937167693728,0.11990767285233722,0.6179120894528753,0.21723161085245088,0.21712946246397166,0.2171803150657412,0.24254425334694718,0.24247108878666088,0.24223533164869404
50.0,0.0,10.0,30.0,1.3911062340518194,1.2442752653652651,1.300196674538196,1.1012639748642954,0.0015234583803574,0.546939810884044,1.320252813472512,1.313601802763563,1.3172279998705754,1.8204735989902368,1.867185320199051,1.8654584203173672,1.4467515947434573,0.6198317962576488,0.029723712097793346,0.08077732682071101,0.0509942272479918,0.05110209310112388,0.05055484640331734,0.16708195837530332,0.16672900016312528,0.16752877841836034
90.0,20.0,30.0,30.0,2.110998623608919,2.0956405937952423,2.1027548975372667,0.3890116661349233,0.0623896574752617,0.2613841522470141,2.10486731025123,2.100769236868364,2.102603249671924,6.421448413428815,6.422255888941422,6.422548777770462,6.423370439106857,0.35671378269739734,0.21343323122696745,0.1219254189029541,0.0770004028276889,0.07708123222551086,0.07707351417859122,0.2669953702182534,0.2667094496769757,0.26722702532155046
100.0,0.0,50.0,0.0,2.102990019572257,2.0974559938521784,2.099939878935054,-0.4208834364428193,-0.4443669341521422,-0.42726128135330294,2.0998657037849533,2.1004206769518823,2.0994173658360613,12.19711923962028,12.198930545419143,12.195792757677955,12.189611372163544,-0.3097989389045065,0.4075410348714728,0.039880078221233274,0.1283509622515363,0.1284849711594855,0.12838949786996448,0.2668207407419859,0.2667709870291184,0.26669910566784366
50.0,0.0,40.0,-60.0,1.2965058964166338,1.2504065838948262,1.2643736839794983,-1.6499245634277069,-1.7635505086379069,-1.7282534239873062,1.264149689780784,1.2637768957711963,1.2631702125322168,10.488528747241798,10.491392762954385,10.48711074547984,10.472189515113866,-1.3997167076280306,0.2247021299392481,0.03240458028902344,0.11869162687642437,0.11885334082304129,0.11866192493092767,0.1605506873587132,0.1604307066559505,0.1604699306596886
50.0,20.0,10.0,60.0,1.5225578515232925,1.365666880467448,1.4325438118331892,0.9628733026512304,-0.1998549518337478,0.41336052984285115,1.4374827380928958,1.4321243903907124,1.435916791875263,2.7578098481328213,2.768116475878513,2.760816202977922,2.6965438128878296,1.3265844150335755,0.05941696450713554,0.12898844855661823,0.06601502190324504,0.06623714498814436,0.06592832931912555,0.18192237166253636,0.1817343044625379,0.18240393159084228
0.0,90.0,30.0,120.0,2.022749653500389,1.7967626971105353,1.9485148370527623,-0.5193063037145833,-0.8308425843874986,-0.5831161872471926,1.983917049651599,1.9830710019299775,1.9773955666635354,11.321192498673536,11.331097151469217,11.309787041057493,11.203163587310398,1.5547027930553665,-0.016772671750268114,0.5781081054237333,0.19370381645289092,0.19375509738965407,0.19354219942978704,0.2511339995723547,0.2503078511914716,0.25039052721458444
100.0,0.0,20.0,0.0,2.2592848888034625,1.9984234966749392,2.0955252262861963,2.278087646871299,0.2979558601277345,1.0785940821874314,2.0922221084524395,2.097047139705426,2.099855536338054,3.892370202587943,3.9011706008759797,3.9124837116807,3.5319539191615257,-0.8841045170974102,-0.08340325931673172,0.17907520365233986,0.0732660170617017,0.0732180941821782,0.07355833417124318,0.2656201220118825,0.26657673199248627,0.2659750969649125
50.0,20.0,60.0,0.0,1.214139309717987,1.21005658068345,1.2127741482440146,-1.2469675987352218,-1.2538957831592836,-1.2492331701828165,1.2121695857481878,1.2136241415348565,1.2128057575476583,16.99284497339858,16.988759667614172,16.985682079451585,16.962017762507294,-0.41774791077714213,0.33970176804534186,0.1769175517129181,0.20867259218439405,0.20858168815005346,0.2085179065885616,0.1535616531300882,0.1536324590609562,0.15344826766901276
90.0,20.0,60.0,-30.0,2.090556193270449,2.082231950662281,2.0849162348113746,-1.2980811191359976,-1.310466381774574,-1.3064964971531254,2.0850331254104675,2.08611197430255,2.0835608166330273,15.99927112275638,16.000948684445827,15.997021990707458,15.97341366770957,-0.8557233744219676,0.5756936606816302,0.16837629610225516,0.18982007633090991,0.18976024659738047,0.18967558450672528,0.26477984371861657,0.2645847760540754,0.2644497535558537
0.0,20.0,110.0,30.0,0.3881647614625125,0.3715041683380069,0.38048393699108396,-1.8626568712478628,-2.006750757387622,-1.9731859812992043,0.3826353068610752,0.38342361513901907,0.3803245090190514,30.926378785790032,30.917640181693503,30.917135217870324,30.80558043010203,0.002208264362318114,0.02553585261720489,0.19915224289882288,0.36376975710040316,0.36391133998270514,0.3637650357432688,0.04668575117870384,0.046392530198576865,0.04629010730884765
20.0,0.0,0.0,0.0,0.7061190094217581,0.4705143310372723,0.5938132433528518,-0.1771359287378472,-1.1340726976971531,-0.6671730927333944,0.7321359077443643,0.7316519364162665,0.7316517289534747,1.927383349434486,1.9305793778583378,1.9357696630744397,0.9284472301684932,1.4143191503825552,0.0004733043325337444,0.05568956021427769,0.06040698922751387,0.060459082266853696,0.0605765283453658,0.0926022261938099,0.09254849880898401,0.0926227910164054
20.0,50.0,10.0,60.0,1.484742183322154,1.4605000139457025,1.4728193318613187,-0.8998664628314561,-1.4765255415825689,-1.1453504923126352,1.470535253410783,1.475961027553631,1.4731972009681062,4.869904772733924,4.867282262365807,4.878224581540271,4.853100094787211,0.7124551716940862,0.02845461548524403,0.22543406746614963,0.10241431341816781,0.1023372686608488,0.10259889176703807,0.18660967334243692,0.18695227237062365,0.18626066466241525
50.0,50.0,110.0,-60.0,1.2334660564149027,1.203490417299626,1.2241917612870723,-2.757905167349244,-2.766293342728169,-2.7610219220739403,1.2237930772997416,1.230703375741538,1.2215768651831493,31.54294596352391,31.57614024217317,31.55471709715307,31.414600804803566,-1.524693569046645,0.5054774749274167,0.49817383722495867,0.38646540292921455,0.38671967041233907,0.38619750605607617,0.15458430530034104,0.15428660941088856,0.15342880202252857
50.0,50.0,80.0,-60.0,1.386999567769159,1.3768032902897007,1.3800747525234833,-2.715695708008389,-2.730309306131471,-2.72674123851309,1.3791147717759638,1.3798359622291196,1.3810986825571367,23.33296193146914,23.348401071444087,23.346173971943387,23.286106747811854,-1.4987603582333513,0.4251048703619172,0.4476023890498371,0.29662182826387234,0.2965970237171612,0.2967494193169235,0.173970193420976,0.17421693334352845,0.17412267653270605
50.0,0.0,100.0,-60.0,1.0886343464018065,1.061908518152214,1.0686388916602,-1.9302062888794875,-1.9411592420004056,-1.9365945785507501,1.0677060103959957,1.0691565695429064,1.0685675774612853,27.323523988112033,27.33612440561664,27.332163538896847,27.286516260771084,-1.5123779661982026,0.5034224916101481,-0.000823383115515896,0.3097307084108354,0.3097155125251516,0.3097535794847986,0.13576091808500793,0.13586111099347986,0.13568143791301795
90.0,0.0,20.0,60.0,2.2734531761952157,2.0106894848132293,2.1019476827187775,2.399625512430772,0.9517187612644256,1.6399384204900505,2.098350541737647,2.1060698657459227,2.103843014373894,2.88829359623316,2.8994866961749426,2.8847615549457526,2.7972178458042736,0.462657363681796,-0.00736686839933086,0.14845371868545623,0.0536531084696301,0.05350920166287806,0.05365128837272859,0.2667900063475611,0.267496130462051,0.26650723924908903
20.0,20.0,60.0,-30.0,0.7131214514550304,0.7045930146707696,0.7068660862426955,-2.3533597414461576,-2.3913454890084465,-2.377990792925929,0.7059027737974569,0.7074795743071239,0.7071654828972384,17.304726719689686,17.311726420690903,17.307278462317978,17.28273112418446,-1.0046244345007118,0.13994650799785527,0.1800503599593957,0.2145745481826366,0.2146969138003723,0.21474838799674906,0.08878467709031242,0.08894214387631026,0.08875182747015418
0.0,100.0,50.0,30.0,1.9589673384262145,1.9540191565208869,1.9561331021974624,-2.0889109421081877,-2.106166657632346,-2.094472331019098,1.956131822888338,1.9550691883385383,1.9574765967970367,16.754216851995285,16.75264590328269,16.756615009594682,16.696164883845558,-0.0005361438623298692,0.0011347189497412885,0.7487438878591547,0.2538059181121332,0.253804638638659,0.25363697048724937,0.24690904496494792,0.24709576253212853,0.24722473057841532
0.0,100.0,40.0,-30.0,2.0457083395867413,2.041448168304171,2.043257956063593,-3.0885289447811504,-3.137132363708876,-3.1250351543322057,2.0435950487467287,2.042467886914451,2.0438790019913307,14.12560906690723,14.129852924817241,14.126660660726621,14.078076017569986,-1.044210149700497,0.008024263146480318,0.698990181336963,0.22625020420812533,0.2265066145425224,0.22649453282735352,0.2582416110808024,0.2582681412690552,0.2584230072875906
50.0,50.0,30.0,0.0,1.7166331853512216,1.6901283284715831,1.7063606386308765,-1.310194943555878,-1.4049504186453807,-1.3423733654505134,1.7065380419562255,1.707280073939063,1.706581532048617,9.345819687315196,9.346098683749513,9.343828852171542,9.335144309808742,-0.2565951745059163,0.23347626447644812,0.288308880159875,0.14350306856338893,0.14331037324881105,0.1433256662827471,0.2162473627127386,0.21625633578780906,0.21615520665134486
20.0,20.0,110.0,0.0,0.5337729559027933,0.5233429291643432,0.5283267280420354,-1.7833570104767669,-1.8106276698179968,-1.7958382939608049,0.526193961968585,0.5300732396410999,0.5327850378558255,30.90236864218936,30.899814735071242,30.90264775192607,30.78308947364237,-0.5046996349576804,0.20379491420207402,0.20001186185121067,0.36354951747811387,0.3635918259722759,0.36378115509269227,0.0654113177550446,0.06620808258077648,0.06574301098912726
100.0,0.0,70.0,0.0,2.06389808963773,2.059112907204545,2.0626318746502923,-0.6219718785487853,-0.6273343056809345,-0.6235135592131338,2.0626110803817785,2.063725825991685,2.062014750326244,18.221395900118264,18.21752257119203,18.213097068955456,18.195531115308995,-0.36678123997981177,0.6273784044715471,0.034305359473518024,0.20070146394270513,0.20047975481374497,0.2004666460952753,0.26214289703565324,0.262051148169476,0.26192390149112527
50.0,20.0,40.0,0.0,1.3308621939945124,1.3116643734920792,1.325187967661439,-1.0997352127957776,-1.1445255714349851,-1.1129935077925681,1.325298952995294,1.3262002383036315,1.3250699301638038,11.316685616746081,11.317577867984111,11.309066988007817,11.312234856943485,-0.34619407230364746,0.25197730602290275,0.1470495464872282,0.14517568082447013,0.1451549502699095,0.14504774502384962,0.16805714205414782,0.16801985190933627,0.1679029159387045
90.0,0.0,50.0,120.0,2.106711043144891,2.0974383281359525,2.101012317582934,1.6716178740321184,1.5228969516860218,1.6373092303745962,2.099892259378341,2.1013737546577103,2.1015840081842305,12.274601545526597,12.278458769651806,12.277095694993166,12.276890906682922,1.7875721907110664,0.41651898761969675,0.053714321263772104,0.1312823641895909,0.1312360016422268,0.13129429236670742,0.26679085455120444,0.267001386332592,0.26681953874106756
90.0,20.0,80.0,-30.0,1.9325152242499584,1.9275291380895292,1.928613396837208,-1.4536527603448082,-1.460030304098305,-1.4586168484939348,1.9282076790291274,1.9288933705721834,1.9287057889460077,21.902466313975513,21.90646748435461,21.89802680893639,21.86627742802549,-0.9145284820597164,0.7309832203559362,0.1925480190728721,0.2583943293180098,0.2583983278837864,0.2583774677142394,0.2446650770605635,0.2447213976152819,0.2446350047716501
50.0,20.0,50.0,-60.0,1.3040347668211745,1.2690250899944733,1.2783613989445797,-2.1710331027138943,-2.2474916566336804,-2.2275493718935055,1.2776552541339543,1.2773420700257978,1.2789084646250797,14.154251832373346,14.157081760586484,14.155818700000133,14.137006006948619,-1.4352019940341627,0.30200421603221894,0.1605665633327811,0.17681492373705723,0.1767400425170116,0.17669882789437966,0.16177599468463305,0.1619336507818187,0.1619700661735379
20.0,90.0,60.0,0.0,1.7790472785479494,1.7737383593794886,1.7760093614347419,-2.314967406604532,-2.31949331410286,-2.317169833286765,1.7738948093485087,1.7767018548427165,1.777519870979083,19.130392031784602,19.149611038421472,19.13504532941991,19.071030514705786,-0.4823403189806801,0.151611751631478,0.7162864560786858,0.273573429413334,0.2736212783948201,0.2734675069889732,0.22392487577982934,0.22438021472413364,0.22402632114604631
0.0,20.0,90.0,0.0,0.4486376225073508,0.444782255475613,0.44698371616280536,-2.592160925117305,-2.619144715582101,-2.604485397366537,0.4462767096339229,0.44877157708756454,0.44723712239353713,25.46518215575342,25.468639959351307,25.446387876267195,25.414766646311723,-0.5233269993537639,0.0031962248402891643,0.20003356967669678,0.30451247239720064,0.3045632803274384,0.30416051071167877,0.0550983505468182,0.055238908925634815,0.05491516293566695
0.0,90.0,110.0,30.0,1.4823591831226148,1.4638308291666169,1.4726714866135457,-1.843704814028768,-1.8647444968201985,-1.8560708363618361,1.471024912647641,1.47378726916302,1.4745310856464309,32.59984266240607,32.5837187086298,32.58518055734237,32.39569344616648,0.015967345153309824,0.18439682848053848,0.9002733750702637,0.41717429603101036,0.41757086342192845,0.4174442938204058,0.18468045260703295,0.18511660646386618,0.18477517669310445
100.0,0.0,90.0,-60.0,1.9308464956612523,1.9229820388261396,1.9247844903007485,-1.7754404600244074,-1.7842544309501571,-1.7817709184214932,1.92540684316822,1.922911369152794,1.9259161904543411,24.044189543865016,24.044737780891662,24.051544224508557,24.015047989515633,-1.4553582574897501,0.7858094548488537,0.019680600421216707,0.2685934337406905,0.2688454747204376,0.2687433828983541,0.24436976576771868,0.24445223587753348,0.2447576945793455
50.0,20.0,40.0,-60.0,1.3768963178127895,1.3316338742053395,1.3451670013565848,-2.033626945792818,-2.146998093708843,-2.1134614037329658,1.3452567912103783,1.3446447119332336,1.343647481329836,11.2298906045364,11.233016668985904,11.232203369971051,11.225945122995473,-1.389082742195617,0.2563457224887721,0.1387347782225114,0.14296837248402808,0.14308368846656336,0.14303075796987796,0.1705414386060982,0.1703456129775859,0.17042871363171402
100.0,0.0,120.0,0.0,1.6221653812447556,1.6102122394606917,1.6160705428346553,-0.8375866813748789,-0.8491192907257185,-0.8432859041589791,1.6168844860216192,1.6143511918025997,1.618783917870149,32.70408090478231,32.701191014387064,32.691754812629966,32.586003338822536,-0.45022509231637203,0.9054948347056423,-0.000233814780524606,0.36909893450914977,0.3689847843535865,0.3688224312748358,0.20513609478007677,0.20539277464570413,0.20568222679780873
100.0,0.0,90.0,120.0,1.842759059063068,1.8280594220589703,1.8403624876914282,1.4611622830815398,1.4467851149953377,1.4582777961916125,1.8398502341535865,1.8404843727905615,1.8416050529581833,23.79673621766444,23.805319248703338,23.797932195161223,23.775543645842287,1.6782190573410534,0.723720693686542,-0.06504222755567561,0.25924933861973964,0.25947910749786435,0.2593404455538665,0.2338936462801838,0.23412075759999113,0.23403189920436174
50.0,0.0,0.0,120.0,1.3157660997618463,1.160978106198393,1.249573138649746,2.0053169096382364,-0.1093145187193384,1.0870875403336169,1.249446935914381,1.2492877308524988,1.253238678375508,1.9589900499391106,1.95220415918979,1.9570949821670163,1.90463296304587,-0.050519047087702953,0.0004451304560508828,0.11815188948071584,0.0631135610767144,0.06295017620642905,0.06289626266761783,0.1582375251223871,0.15870841764010535,0.158740877642884
20.0,0.0,50.0,120.0,0.502465631180928,0.4312300271063455,0.48564086174533916,0.8497318041272609,0.6507137883688466,0.8006103155329004,0.48671689193103357,0.48716457062452584,0.4879112168199257,13.945819277466272,13.943772954123945,13.949230948933085,13.945099392417106,1.621767762232455,0.1116530881104182,0.04402166830218577,0.16382237283713072,0.1638381688279932,0.1637544731078897,0.06147433310231514,0.06162406306018241,0.06154847402476982
20.0,0.0,60.0,-30.0,0.4874922898924677,0.4755587715784761,0.47960166123647047,-1.7310599184022035,-1.773564744115529,-1.7534693865045445,0.48011007449402454,0.4793938984207445,0.479387675149368,16.661817030821865,16.662445716648183,16.662434986731554,16.644056495894695,-1.0044468394290567,0.13484847314015055,0.03945566187485598,0.19372533300501668,0.1939006932153568,0.19376054539612636,0.060635415040006024,0.06055765244200161,0.060648868618585816
20.0,90.0,40.0,0.0,1.9275925808802148,1.923391920638346,1.925541507441462,-2.2589472618909525,-2.270685884856744,-2.263133226209751,1.9244308465236413,1.9261657936184198,1.926210559837211,13.802036114937337,13.80315540238176,13.798513339697276,13.760441901256721,-0.45071990202286694,0.12837899940637368,0.6190315372745081,0.2171442356536543,0.21732543175292215,0.21710307524993727,0.24334830675945818,0.24359074546565812,0.24336549247108952
50.0,50.0,100.0,60.0,1.346571776033462,1.3218408536094095,1.3318126825836993,-0.6284846506628076,-0.6443611148895557,-0.636893115131494,1.3337159483331278,1.3310690861231926,1.332288041551987,28.868131861634815,28.84765556133592,28.86562675468036,28.73107396274956,0.5797198318646972,0.5112392672532332,0.5012301540688971,0.35734768348614404,0.35717729548744037,0.3573476811507386,0.167827028710494,0.1676439893297291,0.1679807121931706
0.0,100.0,50.0,0.0,1.9640207577966604,1.9610740756066,1.9624250236139815,-2.6144768074769598,-2.6179476249740445,-2.616151698025514,1.9614720362483316,1.9640653863912239,1.962008840936916,16.766654065803948,16.77132886158632,16.74951461841846,16.705579502967655,-0.5237946079583896,0.0021787629725197113,0.7520670606395328,0.254232980652473,0.2540384602316052,0.25390328806949525,0.24794334161307066,0.24801552129396826,0.24766779310027826
100.0,0.0,120.0,-60.0,1.6240938446836406,1.5776104225325738,1.6105504600666585,-1.8758307165512185,-1.896373630564116,-1.8883151298843435,1.614067457015943,1.611722447026117,1.6095947622340396,32.6881488778046,32.699890160357434,32.69783799279007,32.58212036054899,-1.4976987295033628,0.9016513728878384,-0.003075669772885022,0.3686783785555393,0.36902852660975094,0.3688447876146745,0.20505491743920456,0.20451206740768962,0.20481568341310488
50.0,0.0,90.0,-60.0,1.0462380477367814,1.0396388968463377,1.0415252866629652,-1.963246339786335,-1.9734117225793897,-1.9701445280969885,1.0419943442832231,1.0415863884258398,1.0411254272244088,24.63644472913633,24.643598575792396,24.63581000082577,24.59984469119394,-1.5073432106041629,0.44338464877730965,0.02074604198635612,0.2805897281706152,0.28061940348326103,0.2803427900629751,0.13232650124338186,0.13220338056168912,0.13226268553261927
50.0,20.0,80.0,60.0,1.0845224169539067,1.076347121612503,1.0826549231353657,-0.1987929286210648,-0.2105503884284709,-0.20152728052547525,1.0837028491923675,1.082524302232175,1.082385405212587,22.419752426681107,22.414510260315005,22.417014216979137,22.380484875398228,0.5951272951024347,0.40446615180832524,0.1657167058146905,0.266724540240254,0.2668849449967185,0.2667978087734344,0.1370531242926257,0.1368933872817462,0.13704678790740424
90.0,0.0,100.0,30.0,1.6530692718048057,1.6492161908204324,1.6519850958907831,-0.0785004696797459,-0.0812976756370595,-0.07936694378867833,1.6520360769034477,1.6517551978689764,1.6525267650222697,26.561562860676325,26.550439915253694,26.554673633686942,26.52038485773898,0.0850864697364503,0.7110768385134595,-0.13858914253686108,0.2882274292564867,0.2879069806434563,0.288181626044752,0.2101902410288618,0.21025165919440428,0.2102991100754796
90.0,0.0,20.0,0.0,2.2570870145566357,2.002396748306143,2.0955736663977027,2.274663453349418,0.2958111893877256,1.07560613933646,2.091883913738552,2.0972300086398494,2.0996830288811856,3.876860648774632,3.89397753048384,3.8994981528891386,3.5238520834054485,-0.8831281036736199,-0.08301645339793674,0.17869603556198627,0.07307537696958416,0.07296656076732033,0.07332611146397697,0.26561132780134594,0.2665945213168411,0.265909178417521
0.0,100.0,110.0,-30.0,1.5846188814662012,1.5696700128112977,1.5770043751347713,-3.1230310854980585,-3.136210027559018,-3.1294563736872023,1.5787528365788532,1.577502976525563,1.5767449333360297,32.78795241091452,32.80207308863017,32.787015880349585,32.60886072381813,-1.0465678505781162,0.01233811429354543,1.000125228123589,0.42412061645276605,0.4240686066581912,0.42401049686877756,0.19811887924531066,0.19788384911835485,0.19805262054217118
100.0,0.0,40.0,0.0,2.106486027368682,2.094947512581143,2.0995891090419523,-0.2085211567296837,-0.2935440777007223,-0.23574501871961095,2.09960914776369,2.0999870119360295,2.099102700323823,8.980275464732374,8.974972160450832,8.977451492863219,8.975660686420369,-0.27715444003318385,0.2762301506292443,0.04120867894520829,0.08765627056416372,0.08770501862559507,0.08783068937645576,0.2667732573667263,0.26671171660765525,0.2666624240647305
20.0,0.0,110.0,0.0,0.3988344372227737,0.3720830753768192,0.3869300692892497,-1.007504920575358,-1.0644479302363283,-1.032916157466654,0.388171185688153,0.38638657619740574,0.388520936042099,30.316427582215617,30.316343195054753,30.308951598178872,30.23647610590513,-0.5042816426588508,0.2032987893430986,1.7774400268989387e-05,0.3454825073925235,0.34541134312416344,0.3453756001250766,0.04921611137949782,0.049278176516225417,0.04948318188431986
50.0,50.0,10.0,60.0,1.8453413077812884,1.7467254290004108,1.7982287974509787,0.4599381388820655,-0.5741146142796566,-0.008569738085418839,1.8034399911917869,1.7990224615026766,1.7981786332525198,3.879341037652383,3.8899008368819925,3.8921400046195513,3.849242625604253,1.3012368805371686,0.08248128459584435,0.24438484527719798,0.09488868033450003,0.09526224661776737,0.09514284321285531,0.22848937717642004,0.22782661483279723,0.22838582103295607
50.0,0.0,30.0,120.0,1.2897019463808608,1.1342148245259394,1.2384492283125796,1.5122374168861994,1.0125662151869708,1.3522599624915879,1.240083303026944,1.2416472106955148,1.2432457004508974,7.883176801561973,7.887552920569907,7.885384608040513,7.889843800073305,1.7974051736420922,0.1670278119739608,0.062482793725546874,0.0955066882299307,0.0955393633150392,0.09544424291483043,0.15738944932695287,0.1577896004103949,0.15759430011973755
50.0,0.0,40.0,-30.0,1.2599873243773134,1.2466393511335976,1.2517857842938858,-1.2166952240485562,-1.243735157852863,-1.233944377153061,1.2503358909882558,1.2528108374608833,1.251679468610752,10.54164822588493,10.545124362119846,10.545353497218244,10.530705174169531,-0.8768106558655754,0.22504034762014846,0.03773380319106113,0.12029869872541506,0.12028826268488386,0.12046382580964474,0.15892419862620502,0.15909263205112562,0.15878077160159318
50.0,50.0,0.0,-30.0,1.8093003207282263,1.8025179780407432,1.8060446030933777,1.0796797131338003,-0.6800456998126452,0.19998780714389527,1.8102371881694905,1.8033381036346845,1.8052457375185316,2.7809900069724565,2.7896544960106113,2.778469678034409,2.7484900525076754,2.1815526946205903,0.0008035998588616672,0.24604135655628448,0.09065860653200068,0.09102374702562867,0.09047368826874709,0.22914013892136306,0.22848949442310784,0.22936363292787376
20.0,0.0,10.0,30.0,0.669011159867545,0.5121978602747248,0.5873667241776597,-0.374068831191588,-1.058661113033364,-0.7138967877474769,0.6528048364016691,0.6577471042648232,0.6593947606143804,3.3309011540145947,3.371065936185844,3.3493995066541116,3.0493981389490608,0.28800429732689586,0.027439827876336368,0.044118655104198656,0.06096960920367191,0.061143224571256205,0.06109534919421885,0.08282619895457531,0.08363467481100895,0.08299926006074552
90.0,0.0,120.0,-30.0,1.6049346759477947,1.5689899325085432,1.5941384268657177,-1.3572383554080667,-1.375192051397523,-1.3681357590323147,1.5933543140277848,1.597453155935816,1.5947641035531275,32.70345959241758,32.71539124689744,32.70343346182319,32.5934597471563,-0.9748243280317036,0.8931180143633717,-0.0020699130727273537,0.369104676090781,0.3691558841665652,0.369121938051147,0.20274701339521237,0.20290561934737186,0.20240465212214429
20.0,90.0,0.0,60.0,2.1147493582253407,2.102645552719134,2.10788735895465,-2.50006099040788,-2.5325541950988173,-2.5165289675317397,2.108629055211095,2.10523130233032,2.1099872326732165,3.217162643414003,3.211998173813014,3.215472444527808,3.183099487884192,-0.4250237027853674,0.001060556439857788,0.33270986067284863,0.10460040099390283,0.10457767409872329,0.10462703684251053,0.2669771257921123,0.2671514278974355,0.26759242303837355
0.0,20.0,60.0,-60.0,0.5667337134838182,0.5586514065220886,0.5629814674231037,2.685878860251761,2.6238475642416312,2.638937671378456,0.5630977437493258,0.5628414992263607,0.563396100503608,17.361950926614128,17.3702705995993,17.366138852406984,17.343988901015415,-1.56991369527697,0.0038287137567725974,0.18118732211499905,0.21568611456394549,0.21577323932571388,0.21582517379455282,0.07025632010985028,0.07029684997338509,0.07032664303106427
0.0,20.0,20.0,30.0,0.7567511485499743,0.7380498629804464,0.7492073314586004,-2.0924061716405324,-2.210751603445567,-2.137167768174144,0.7493979165505329,0.7489864926204933,0.750703228817543,6.642057664153296,6.639090829225329,6.644309940050819,6.62996427755924,-0.007778646981106323,-0.002970539947465675,0.11250368509640593,0.10023584870476944,0.10033385628453327,0.10031094116805811,0.09455109672178981,0.09471404134004807,0.09476686658989517
50.0,0.0,80.0,-60.0,1.0839925081395352,1.073151609514874,1.0758053541624302,-1.951619683676904,-1.9685073331153664,-1.9622030741519254,1.0749095897283734,1.0766996964061333,1.0756194092771094,21.857905610302073,21.877137378524125,21.86346843284514,21.842258811364903,-1.4970226574081882,0.40662320216102443,0.0285151788516988,0.2491696963668888,0.24928953156628011,0.24896864266643606,0.13660754289142843,0.13669215406360902,0.1364384286824354
50.0,0.0,20.0,0.0,1.412663300720837,1.2819362773220049,1.3307767012939564,-0.0365789367308311,-0.4492999976910977,-0.25874204436135323,1.3492043227197468,1.350495454844367,1.3496850413531367,4.457336502904792,4.451363765387879,4.4650491481514285,4.322163820955948,-0.19061951120090398,0.08991152031726593,0.049402858369267014,0.058141985660266474,0.057816336352335,0.057883907617137506,0.1714106743129718,0.17146712701778397,0.17128297660580516
0.0,100.0,40.0,-60.0,2.048992137465694,2.041667588785959,2.043973222707441,2.7211725734136323,2.6250024036820383,2.6487343679829296,2.0435382954337005,2.0442314970108004,2.0441712413658197,14.123827722370862,14.130391364666124,14.13167269850768,14.07729860103836,-1.5647016811528351,0.013925900249523428,0.6990426063675897,0.2263444859178492,0.22653848506175278,0.2263270559477131,0.25835784149631214,0.2584420736867251,0.25836353972903986
100.0,0.0,70.0,-30.0,2.070448360765844,2.0640644454783663,2.065686681683972,-1.1402097973345002,-1.1477483409989204,-1.1459522243643747,2.0659224883435514,2.0657584309620085,2.0653625268175233,18.211111697835104,18.215390308694055,18.214012459342054,18.190814470732807,-0.8901956405713152,0.6279652095578414,0.033985809506168044,0.20043073444146242,0.20038750733722097,0.20054479595159694,0.26243871386704193,0.26237976268753255,0.2624044240368498
0.0,90.0,0.0,30.0,2.115082308597722,2.100889464362548,2.107771079601518,-2.5626520662625434,-2.594491633401232,-2.5764652576158444,2.108768359553128,2.1079293414293114,2.1071239480594666,3.212789112492876,3.214529323162375,3.2097725968789192,3.182849963051031,-0.48499534139781103,0.0010735189888186748,0.33272227303943885,0.10473621349201848,0.10455448131237566,0.10458682723616564,0.26733917464393314,0.26713493893736623,0.2672401883385095
0.0,100.0,80.0,0.0,1.927867519514396,1.9148524294203624,1.9207740615200397,-2.600609918473036,-2.607201828472881,-2.604251527415509,1.921092321741935,1.9210872783479174,1.9216151829337869,25.042209440029236,25.03682194060815,25.034619714721362,24.887166275181613,-0.5223493612332969,0.012210566263036399,0.9999288979849128,0.346635084869076,0.346607523142092,0.34636956268503344,0.24204969632455423,0.24212963399512685,0.24211409812400003
20.0,20.0,110.0,60.0,0.5533583822513657,0.521532696834036,0.5333289623941757,-0.687279514493454,-0.7689196090949426,-0.7374415807673282,0.534947012896067,0.5364240277784748,0.5324413825079067,30.90197171546951,30.89138552578854,30.89778306424197,30.781393954303624,0.5428671688403603,0.2081365868226271,0.19970900856983959,0.36357378037103993,0.36371056651082406,0.36356810281465285,0.06668316882396182,0.06636460119524801,0.06621756514830056
0.0,100.0,100.0,0.0,1.6856731510288672,1.6712608910905298,1.679424642220523,-2.5952144251266938,-2.614881982936233,-2.6053241922427715,1.6782473176365569,1.6813663005110322,1.6792510911920944,30.21229485011344,30.217065752865945,30.21090672725999,30.017449567796998,-0.5228035628260715,0.012549490844400423,1.000118078370628,0.3982463132748948,0.3984867887319136,0.39790531607646484,0.2111985034444084,0.21133099857805585,0.2109507052284445
20.0,90.0,90.0,-30.0,1.6999060751414596,1.6842606820229962,1.691294162052056,-2.8472475729407085,-2.8571404942795557,-2.8512632946785943,1.6931111819892217,1.6914077016765863,1.691518586374321,27.343303745774193,27.356026707349905,27.334903016048926,27.19525505999619,-1.0206071615466623,0.20955912824125386,0.8995171769529441,0.3641918127096099,0.36424785424830003,0.3641090377682299,0.21295917088709115,0.2127846793983519,0.21297473617021218
0.0,90.0,50.0,-30.0,1.814787618394489,1.8102981106535432,1.812811555327394,3.1415818154481103,-3.1415805292002035,-1.3371600054717785,1.8131732072098987,1.8132762474103674,1.812166077990363,16.53179756167736,16.53199294455416,16.529828419167774,16.479628872427053,-1.0470267711919068,0.0030685269148826373,0.674196404979883,0.24645877053322113,0.24673230293466009,0.2466028226435145,0.22899237994850904,0.2288563331261921,0.22885914541477206
90.0,0.0,40.0,60.0,2.1069185781793207,2.0952103522998744,2.100464269738733,0.8307939220079668,0.6470360389601547,0.7753841225286964,2.1007065448046554,2.099515596014214,2.1011098219475204,9.071693604944166,9.073800825545066,9.076146612229707,9.074197795953616,0.7764385295500433,0.28680439038174577,0.052439676861190124,0.09130670663716764,0.09140955830707695,0.0913068817035357,0.2667315780465733,0.266778599958304,0.266931477504221
20.0,0.0,20.0,-30.0,0.6237323912575118,0.5859169673214384,0.6037631379067467,-1.5063286142975314,-1.670488963596818,-1.602032222147547,0.6062546593450154,0.6058400467120615,0.606824922443883,5.608215001973416,5.613767804021441,5.618683404661179,5.605014554113283,-0.8839361779247004,0.057677030572473434,0.029228392291930902,0.07154988544159212,0.07132390418988964,0.07171933339910311,0.07680916196280191,0.07683656058104212,0.07692979190069454
0.0,20.0,0.0,60.0,0.9309438414763156,0.7789264198711671,0.8563540320906268,-2.4773293696113714,-2.6200967146187395,-2.5528632778910803,0.8960260965892496,0.8945836088239071,0.8966008584157161,1.8934303086509918,1.8903589480369913,1.8946096548860631,1.30155154541635,-0.4635150536044005,0.0005447609646088514,0.06622474080642131,0.05722546443431558,0.05688632879637163,0.05705029246909755,0.113499623693133,0.11355576102273865,0.1137802730847986
20.0,20.0,40.0,60.0,0.7934055149115329,0.7642451627285334,0.7834668687670842,-0.7757664998817334,-0.9261867314964164,-0.8204906434011638,0.7831823759166888,0.783882046044537,0.7852194343027225,11.908169741303933,11.902165474255845,11.905646577798041,11.891896764011891,0.5912724106661533,0.10150139194572229,0.1534674405145895,0.15582469543598326,0.15579175296219017,0.15585719998468245,0.09872941492407385,0.09899396163928771,0.09888628300049489
0.0,20.0,40.0,-30.0,0.6552397221002658,0.6458786944953684,0.6508348796182107,-3.053153998774478,-3.1388083656616907,-3.112363602829225,0.6504534277092966,0.6512900277032206,0.6514020942872092,11.989829191730163,11.995556268614514,11.993034101302744,11.979185368462732,-1.0450417084526433,0.0039862722113109695,0.15374676668334547,0.15714486202942782,0.15716259845561484,0.15723937370939398,0.08176524047911712,0.08186110806892818,0.08176961778919731
0.0,20.0,70.0,-30.0,0.5249623920968578,0.5199394294519322,0.522947039762121,-3.116516498438098,-3.141307161903046,-3.131063785809518,0.5244552838711768,0.5218416369064834,0.5230535368011061,20.05969822240001,20.069361422164427,20.0674138832309,20.03242661791083,-1.0468969607737393,0.0022279820859139143,0.19054318432096928,0.24485594183303716,0.2450677406517039,0.2449587220322724,0.06503959015502224,0.06486993950332647,0.06520572743622655
90.0,0.0,80.0,120.0,1.9646561717228288,1.942243932119284,1.960207332461637,1.4000961989820464,1.376876440867559,1.396154298985441,1.960003604076371,1.9613737593779805,1.9602882556696057,21.189299960165943,21.19412049593892,21.195784688499714,21.17261004758135,1.702624876413944,0.7024088134581938,0.029856962895209005,0.23568828986163595,0.23596886199172895,0.23591136734165385,0.2490942959200779,0.2491330005950517,0.24896865621905803
0.0,90.0,10.0,120.0,2.1191999045874663,2.0996453678419784,2.1094754036744483,-1.0755342928456406,-1.9173418345849944,-1.4540052450756806,2.106414437893209,2.1127540959660855,2.11020224553573,5.374779663815296,5.376310024617729,5.384057355354557,5.290502987466593,1.0653976306110746,-0.07744481502581156,0.3874294311851162,0.12585604751419371,0.12580542994909555,0.12596384279196776,0.2673287838251655,0.2677963351672901,0.2669932656358671
100.0,0.0,90.0,60.0,1.835613403218304,1.8285569320731327,1.8338730498525184,0.4206532932106622,0.4116918432698391,0.4172655224897817,1.8337290869052965,1.8333872831020182,1.8349448409187372,23.780941009271714,23.78003685903887,23.79365536132672,23.762055323124958,0.6304108690153156,0.7192246741870716,-0.07028466866192179,0.25878219357309706,0.25866936829225573,0.2589530614565445,0.23306703150049538,0.23322044629291225,0.2332652013152812
90.0,20.0,100.0,-30.0,1.911171695604129,1.8815292977022344,1.8987190718607776,-1.4903798736063276,-1.503432891751784,-1.4982364074400931,1.8982081077403383,1.9002916999317934,1.8977951754294977,27.513465018449367,27.52389152546508,27.512090652931235,27.437683452706576,-0.9428771759396279,0.9029152357961338,0.19824037947470904,0.3211353610571412,0.32150603182852594,0.3212134540519525,0.241040423681443,0.24099587029454694,0.24072763732491823
20.0,90.0,60.0,-60.0,1.7889023225796885,1.781435177817385,1.7842213317367939,2.9520578304498697,2.9206781453316832,2.928187282654954,1.7848263368309394,1.783892246022641,1.7842624728192424,19.135502892340863,19.13492440224676,19.14180592468415,19.076234610403976,-1.5280964519245994,0.1571571627135738,0.7192655059645927,0.273624396139622,0.27392774659016894,0.2737577959892048,0.22516120999395,0.22509876490361,0.22522193080690603
50.0,0.0,70.0,60.0,1.1082207898216103,1.0933042983220151,1.1041313794522989,0.1573487674020013,0.1318855868322044,0.1482958626177385,1.104772183880601,1.1036999338861653,1.1048861343688325,19.100591450196358,19.09057177848057,19.104013583304297,19.07380397929713,0.6101598670129721,0.36410909580167616,0.03400211889236545,0.2181561243065196,0.2180552543251523,0.21830423986215822,0.14015518930253545,0.14017905084129428,0.1403217802497597
0.0,100.0,30.0,-30.0,2.121862108306324,2.115221584034197,2.1185190611347298,-3.0506454831243546,-3.123366118205324,-3.1014459961687963,2.1190681786300964,2.118725885663028,2.1178987803686815,11.484951766994337,11.48564370260035,11.485685674776494,11.441362331994712,-1.0367902649022713,0.013759856098990893,0.6364533938169005,0.19886723169582085,0.19891315181649255,0.19894978940637065,0.2681249540349986,0.2679695043878689,0.2680162355418192
20.0,20.0,10.0,120.0,1.0401802085522602,0.8173110480601247,0.9114972499527119,0.0883768783223718,-0.996414062917521,-0.3430630641947281,0.9168125860362114,0.9150036404705248,0.9141370473289512,4.103523709867636,4.106131237950735,4.110862590712434,4.078178486753874,1.6285467221711658,0.0069138459673352285,0.10339394226339531,0.07632629703131918,0.07637732326080354,0.0764476311849243,0.11601357389044419,0.11566984928489206,0.11590226465566765
20.0,50.0,120.0,0.0,0.8825975972541682,0.8628223733994578,0.872152933138959,-2.187067220724195,-2.2135484423046417,-2.1989921762896523,0.8714016115688643,0.8732471734214167,0.8740268477685647,34.364591375080096,34.366524764517735,34.35294143418791,34.18937953676267,-0.5080373961589486,0.20459335087087263,0.5001617539141271,0.4176426703847768,0.4174315643898201,0.4174128200127221,0.10859320218210976,0.108922787849007,0.1086720899581819
20.0,20.0,20.0,0.0,0.903320456859873,0.8782777307414333,0.8915175299159327,-1.6654794230190393,-1.7785692461187357,-1.708622013813949,0.8917983426234021,0.8904641891245724,0.8941816892460731,6.447694734512187,6.4385712239540815,6.441034007972396,6.417420323811897,-0.35762467974213386,0.06702145625576726,0.11109590737786548,0.09742006322972108,0.09720539598509488,0.09738055527818403,0.11262756353848284,0.11291169491004896,0.11309323501889738
0.0,100.0,0.0,0.0,2.1151208881956656,2.100805858001933,2.107849423445787,-2.550028983725685,-2.5847679325291857,-2.5680615730613727,2.1086983315178194,2.106656696891439,2.108660147462696,3.220505096997556,3.216051863936749,3.2115656516181654,3.1829514355742003,-0.47658180562292,0.0010736174933873035,0.3327532027145367,0.10488833235466391,0.10462088011877771,0.10465832424754183,0.26715949412618123,0.2671535484143838,0.2674210837109416
20.0,90.0,20.0,60.0,2.086103122350675,2.018345414185353,2.0687087575188263,-1.1173584262452922,-1.5545012150830817,-1.2880389767721636,2.0725523233683383,2.0772403724359116,2.073924234437702,8.568956319276772,8.566366027103394,8.571144728720482,8.531181188637195,0.6249086151225085,0.054345585514705794,0.5106078017025866,0.16386483949284633,0.1638398658388584,0.16395001059000827,0.2627441282957611,0.2629153863168982,0.26232306275845096
20.0,90.0,60.0,-30.0,1.7885078735816402,1.7828234746542877,1.7857338638978981,-2.824800978384707,-2.840104240382172,-2.8354990607577815,1.7869456708651301,1.7856039783623,1.7847736349354433,19.144834216894672,19.14547176841728,19.13990115936189,19.081402804485798,-1.0050229595404294,0.1551247715469365,0.7207309445123535,0.27389500664447214,0.273920465252361,0.27398852360279324,0.2254713873802562,0.22518979052970298,0.22537361178363027
20.0,90.0,60.0,60.0,1.582748512821644,1.5677680814082104,1.579532857292552,-0.902503243081514,-0.9471358004464434,-0.911537410294219,1.578816832764247,1.5813018880720024,1.579412393191438,18.494878959601817,18.492482091984428,18.490078711047797,18.43920907987757,0.6025793182533009,0.2769214362137183,0.53966075369981,0.25460099637271494,0.25469911012897717,0.2548677862682234,0.19946794596870338,0.199543569964429,0.19922274985790417
50.0,50.0,110.0,-30.0,1.233826910568495,1.2112679440176302,1.2249081237659323,-2.235358091248876,-2.242765926823484,-2.2382400416542314,1.2231613818147151,1.2231164071496243,1.2316385537453327,31.553971347040402,31.55215667182975,31.566909934229,31.41649161732854,-1.001103113949362,0.5054731316353687,0.4990075379118689,0.386336194944718,0.38658484911684754,0.3865930592859911,0.15346280769810955,0.15454928173974072,0.15452511857190832
90.0,0.0,80.0,-60.0,1.9767362674899096,1.9641675890596595,1.96695038049977,-1.7316865440263078,-1.744017921228354,-1.7414762479851384,1.966561948074605,1.9677912132003899,1.966007491745277,21.17761329158425,21.181202867048686,21.18296508286393,21.158876085069757,-1.4386383882341942,0.7038742675472253,0.02773135592806031,0.2353940275141711,0.23568153459145963,0.2356004013999679,0.2499572136775933,0.24988740475885496,0.2497422318314085
50.0,50.0,10.0,0.0,1.883139902195342,1.8013567624753617,1.8434581587009051,-0.1555273076354533,-1.015967001051881,-0.5744352395285354,1.846145671009125,1.8466588643250688,1.8419961592203926,2.9315599988498615,2.9273701076185117,2.9406297289192103,2.875923383574536,0.5134372399275999,0.07692043698986636,0.2172427186535696,0.0827105236409254,0.08278629096810956,0.08303027242317972,0.23433806739909024,0.23381809747770874,0.2337564406834327
100.0,0.0,100.0,0.0,1.8898209874902123,1.886236027433682,1.8878926770058535,-0.7466922761536562,-0.7495310313779842,-0.7480474936393078,1.8875932557688984,1.8882846584977435,1.8879650493710614,26.841764423432934,26.837758084679603,26.82890420130777,26.79611960500476,-0.42175112925894115,0.8601467278133851,-0.0033118426859356813,0.29978517378409686,0.29957954252436547,0.29969971444296745,0.23989575179526634,0.2399342841697793,0.23985822954755193
20.0,0.0,40.0,0.0,0.5359943505270647,0.517863327234261,0.5277051682162684,-1.2337579793486166,-1.2910780895444665,-1.2629400783094602,0.5319691347873574,0.5287739906047351,0.5245608603837143,11.22504539780418,11.216110500643605,11.193723385724955,11.197732107476115,-0.4540644466837099,0.09816196871571835,0.0411740716127195,0.13386205299160353,0.1341204683727822,0.1333218169510356,0.06734525855801957,0.0663858669799355,0.06680199439145107
0.0,50.0,40.0,-30.0,1.2206550055007863,1.2116003392205417,1.2164996553494911,3.1415603398336804,-3.141548387619814,-2.534964058203675,1.216758556257243,1.2155783924261148,1.217161586792898,12.854881412324067,12.861121150568936,12.862668202012133,12.83211461399238,-1.0458129290039144,0.003634361111023634,0.3401761287665463,0.18559712552456278,0.1857014137622127,0.18560682125872865,0.1533988903724967,0.15345179950640628,0.15360812741809712
0.0,100.0,120.0,60.0,1.5799439678996214,1.5602782963141897,1.5689984125974172,-1.1660400638149386,-1.1907234224461762,-1.1812947286976172,1.5667402722829324,1.5737538884245346,1.5720047431018358,35.348996703553006,35.33769624478679,35.343788178327266,35.18345451057952,0.5489305328294157,0.34310820544004017,0.9987754823234773,0.45025232587483094,0.45015205303763656,0.45022905396066104,0.19695869919007875,0.19757694773834966,0.1966984900250805
20.0,20.0,40.0,30.0,0.7937790852580511,0.774135567537262,0.7869263261283894,-1.2982356622683275,-1.379697521474495,-1.3267004251005592,0.7857590441023828,0.789669273611013,0.7867990293768808,11.896584349303808,11.89678479835444,11.897030103354352,11.883150271361652,0.06929741910555781,0.104023961152947,0.1525853968652445,0.15564365492043747,0.15563998180349023,0.15561202366647872,0.09938550712014745,0.09949999299613659,0.09901161551349141
20.0,90.0,10.0,0.0,2.1193329489660866,2.1048847907386428,2.111278445625749,-2.552663356262634,-2.571532466479317,-2.5632259116990364,2.11306239772024,2.110787496216988,2.1100941436784115,5.964124780658888,5.9656778424580414,5.9543630680321815,5.934321945457018,-0.495733558197208,0.006608115726709338,0.4336037946831594,0.13594652011974037,0.13568712158789897,0.13558471680757886,0.2676206852093978,0.2672668190461678,0.26754392608642896
20.0,20.0,30.0,120.0,0.8385089784479204,0.7780512306897356,0.8157986012911862,0.2801470172235483,-0.2351442643608606,0.1183820129987695,0.818454005932538,0.817141325392127,0.817024911215085,9.281088991142669,9.285324831938256,9.28738620750815,9.256705984030848,1.6500474374056497,0.06855013016533587,0.14114086467872927,0.12911532635573092,0.12910122298787888,0.12906098015917267,0.10328158832553742,0.103097285546279,0.10326831839208243
50.0,50.0,40.0,30.0,1.6294157487647971,1.601597478633266,1.6214121351626607,-0.951624858727852,-1.0366995787631628,-0.9758468478557317,1.6219913482900685,1.6225110191989838,1.6211192366226657,12.302349782767866,12.29671523805834,12.299974520004069,12.271176721909391,0.18015074358950214,0.27793684815197844,0.33039308742418505,0.17620151316802038,0.17617347403455708,0.1761690562720079,0.20538679819568606,0.20528275846341035,0.20521943472724588
50.0,0.0,0.0,-60.0,1.3157660997618463,1.160978106198393,1.249573138649746,2.0053169096382364,-0.1093145187193384,1.0870875403336169,1.249446935914381,1.2492877308524988,1.253238678375508,1.9589900499391106,1.95220415918979,1.9570949821670163,1.90463296304587,-0.050519047087702953,0.0004451304560508828,0.11815188948071584,0.0631135610767144,0.06295017620642905,0.06289626266761783,0.1582375251223871,0.15870841764010535,0.158740877642884
20.0,90.0,120.0,120.0,1.4095212902274048,1.3834325010175297,1.394668879478706,-0.2089861196607199,-0.2608865205983015,-0.25190827909883673,1.3933875374988727,1.3948864332746163,1.40036388879466,35.18106979970322,35.18556389521426,35.186157100095905,35.01187555395938,1.586715336328557,0.21675439583837833,0.8990189169872612,0.44395823414996544,0.44429374070466954,0.4445454210817272,0.17441190065960085,0.17525526309607467,0.17504390270299441
20.0,50.0,60.0,30.0,1.1630089452285888,1.1561986738663832,1.160008334449069,-1.6471689625504635,-1.6679748206491554,-1.6524584812183722,1.1591564836883492,1.1603157637617367,1.1610899065683389,18.132086040180077,18.1290438325902,18.131024069264313,18.09381897577555,0.04115013276914574,0.14215517129448085,0.3964889471270249,0.24122068318059203,0.24101764761631178,0.2410449533584964,0.14597223440096915,0.14622201914277974,0.14606789910056125
50.0,50.0,10.0,-30.0,1.9019467334417928,1.835834962569544,1.8709201503452917,-0.3157159281730514,-1.1850231845031305,-0.7651583175232447,1.87245213155709,1.8750035934322369,1.8689702617631445,2.17829977445435,2.1697755786595865,2.177904808743744,2.0766774150152396,0.18847416748492266,0.061314905041207894,0.20142142614824657,0.07466928474507638,0.07473202935276699,0.07492763939271502,0.237866043370846,0.2374257381071242,0.23710455819702236
20.0,90.0,10.0,30.0,2.11740411832202,2.105284181645929,2.1112732682065127,-2.1490008370862674,-2.3073651148765344,-2.2166013705117606,2.1112960579183873,2.1108497602414236,2.111691034787299,5.952244892950326,5.949508291400751,5.9501182015647265,5.926062887978172,-0.06718142320694304,-0.011425066761546596,0.43301981002992923,0.1356196035912104,0.1354548612874526,0.1354680049513611,0.2674254415024673,0.26747019751681395,0.2675284547656013
20.0,90.0,20.0,0.0,2.0946830869240083,2.0858089294527407,2.0909951272171314,-2.0983083324313285,-2.179946520387599,-2.127076210288711,2.0912601377236366,2.0907038985803443,2.091449181405488,8.46098321446085,8.455611044588183,8.452142398748233,8.417814828728858,-0.34681645116643417,0.09463177894296099,0.5021259644283709,0.1618626243846287,0.16172614703399227,0.16167645281353665,0.26474623073829723,0.26476839494438564,0.26483172038660296
50.0,0.0,50.0,120.0,1.196163848038645,1.1180167120714115,1.1774636110259418,1.278980537769697,1.1326720699067694,1.2445637049903917,1.1788940813934656,1.1785299293857907,1.1790274863213286,13.510677278725472,13.514300171070403,13.51494569893657,13.515613087925631,1.7002050503620858,0.2745191737812147,0.04795406711425612,0.15583810784679963,0.15574175506607799,0.155701365083918,0.14960375991308184,0.14961456382848687,0.1496638501379262
20.0,0.0,10.0,60.0,0.6567355356160256,0.503605925660894,0.5721110191717936,0.013327467601018,-0.8526628220792517,-0.4149300766384092,0.6290911944021653,0.6299740857013654,0.6260458069605834,3.4605941476704376,3.458296084015216,3.446665779351997,3.195694945087847,0.7710247516625088,0.024667076044071725,0.045195499463286506,0.06197131590970207,0.06206099310854324,0.06165615351601635,0.07985987849459762,0.07948885039026499,0.07936665787794255
0.0,100.0,0.0,120.0,2.1151208881956656,2.100805858001933,2.107849423445787,-2.550028983725685,-2.5847679325291857,-2.5680615730613727,2.1086983315178194,2.106656696891439,2.108660147462696,3.220505096997556,3.216051863936749,3.2115656516181654,3.1829514355742003,-0.47658180562292,0.0010736174933873035,0.3327532027145367,0.10488833235466391,0.10462088011877771,0.10465832424754183,0.26715949412618123,0.2671535484143838,0.2674210837109416
0.0,20.0,10.0,0.0,0.8808009746525417,0.7594638965878856,0.8153078128026371,-2.1933256109054726,-2.92196511376308,-2.5673784162014965,0.8196182845569183,0.8175227939075635,0.8176172694825934,4.001267455164912,3.9993324465209374,3.994371819538863,3.966984338477194,-0.5099425860383846,0.0018671977903779646,0.08782817005220808,0.07226016759084587,0.07225351709031873,0.07207284139667038,0.10364719386510308,0.10339761132733448,0.10365742078471767
0.0,100.0,30.0,120.0,2.1486174988475346,1.9457265431301167,2.081274391327765,-0.5122473494989973,-0.9294273932271234,-0.5998787908815361,2.1075038406928677,2.1102175204099898,2.108917887053861,11.475615782112516,11.525350541473575,11.50986670630963,11.399412161710002,1.5493679437265253,-0.023383165132450322,0.6312413724820114,0.19923460621858027,0.19988749548586182,0.19922548231789008,0.2667217589582871,0.2669579389322283,0.2666289726892523
0.0,90.0,120.0,0.0,1.3637097672251888,1.3497967206912858,1.3571800181538836,-2.59506421540815,-2.6017569116174317,-2.598216971050745,1.3587531065334182,1.357365207868074,1.3599468965840311,35.20387687211029,35.19696306495833,35.191246968722524,35.02606945852795,-0.5226679456945815,0.01762287007990195,0.8994451903427125,0.44436945199532113,0.4445620650887094,0.44428043317601495,0.1698795029740519,0.17006146128165006,0.17020684257264598
50.0,0.0,10.0,-60.0,1.7039125358781508,1.2968768608161587,1.4755715697889094,1.5830915258301026,-0.4296336264432731,0.4202919759535018,1.4850273965058889,1.4813423407474022,1.484579043270857,2.7602351812318386,2.764831589128407,2.7718332744886713,2.2917691818958463,-2.34146635952533,-0.04673074292175503,0.12971805890404184,0.06797814149943371,0.0680094585666128,0.0679668155709291,0.18807211524118328,0.18801176971458308,0.18849549053347395
50.0,50.0,0.0,30.0,1.8093003207282263,1.8025179780407432,1.8060446030933777,1.0796797131338003,-0.6800456998126452,0.19998780714389527,1.8102371881694905,1.8033381036346845,1.8052457375185316,2.7809900069724565,2.7896544960106113,2.778469678034409,2.7484900525076754,2.1815526946205903,0.0008035998588616672,0.24604135655628448,0.09065860653200068,0.09102374702562867,0.09047368826874709,0.22914013892136306,0.22848949442310784,0.22936363292787376
50.0,50.0,90.0,0.0,1.4426546462334884,1.424589786749472,1.4347314606108683,-1.6521495372045525,-1.6679047737360293,-1.6588570430219454,1.4330992393679378,1.4347578497469324,1.4364799849953735,26.158327705213654,26.162399435497722,26.153772281942153,26.04643513322803,-0.45566530660250365,0.504412077133877,0.5001237589304637,0.32898996822222437,0.32885811533356746,0.328881828253897,0.1808229507292463,0.18124426406199914,0.1810252789901758
100.0,0.0,0.0,-30.0,2.115517710588889,2.100272074052899,2.106889636692973,3.138001066485657,-3.1392620674357183,0.05732828824318029,2.106323822438738,2.108170791264609,2.1081903471689416,3.259088505745051,3.2545722613238444,3.256827675389317,3.22860429374986,-1.1223553507936659,0.001087760444834863,0.33755110806089755,0.10622403317919489,0.10609607795342103,0.1062872486692559,0.2671127912721664,0.26735127191228014,0.2671099584279241
0.0,50.0,60.0,-60.0,1.104809691991654,1.097772460771973,1.1017364793364401,2.653933828383188,2.6148279668169567,2.6240472181483327,1.1017570662920966,1.1021235325134713,1.1018721841626962,18.18455223747594,18.192706098115266,18.19026716352623,18.156302363982128,-1.5705182536077795,0.0027279457600413327,0.40166051821084425,0.24221590253080758,0.24233191429491746,0.24211346501084155,0.1385875085463501,0.1386059409253126,0.13857026703009812
90.0,0.0,20.0,-60.0,2.23725289371642,1.9233754357327475,2.073906991049592,3.1317186256001683,-3.133228072091986,0.5592740306293563,2.08797807654637,2.0816360700841683,2.084410228018787,6.980120466986094,6.984680353037283,6.9855390536698385,6.605845028308513,-1.8372866757333215,-0.07814819979550656,0.3632290737709628,0.13367520369964428,0.13391736188622227,0.13359723563371262,0.2642285663985284,0.26377573595345466,0.26456557951722665
100.0,0.0,120.0,30.0,1.6374894432531102,1.6106529773964862,1.619503958332181,-0.3139480772856048,-0.3306786815844951,-0.32107359949734465,1.6220614562686109,1.6205292488585221,1.6171513834642444,32.70901173888383,32.6977210698914,32.6974770930781,32.588640474307944,0.07354317871280182,0.9078500522083846,0.0016407623514370858,0.3690088779159256,0.3690201108929633,0.36910351264823155,0.2061422813061553,0.2055356387947692,0.20574974088760703
50.0,0.0,100.0,120.0,0.7803782917981988,0.7704686318192585,0.7780910100455078,1.5416229334141485,1.533875359662371,1.537792361147137,0.7779049036748265,0.7795645545529133,0.7777028768276374,26.99136192031334,27.003025700122688,26.995037623708733,26.95876756521328,1.6092865101076645,0.32720664714249764,-0.13513805246632937,0.2972334423759815,0.29744221319818037,0.29743065657422285,0.09965994677480652,0.09961253100839185,0.09942441064431957
0.0,90.0,120.0,-30.0,1.3631490857619104,1.3496925410967122,1.3571498467465595,3.1415012032110208,-3.141385859670233,-3.0927677139012064,1.357655899080887,1.3598842197849044,1.3583493086878065,35.190388304043495,35.19748356279307,35.189369590763626,35.026323334130346,-1.047014133175732,0.007621638289774561,0.8995609361550667,0.44445280040156765,0.4445025269745492,0.44428052628071524,0.17009558085171073,0.17015009641646536,0.16987808526555764
20.0,0.0,30.0,30.0,0.5612754355320236,0.5217939988808142,0.5475503176605083,-0.7004446744373674,-0.885816882412636,-0.7598267232644691,0.5481153232268723,0.5503146205415171,0.5471681156577793,8.49434090341288,8.499631375617584,8.495370775463995,8.482536017673063,0.09486852920422036,0.07586337551900353,0.04012177770654887,0.10406284626521188,0.1042833357767508,0.10420197033252775,0.06958912944014922,0.06948161139228642,0.06919434756457449
0.0,90.0,20.0,-30.0,2.049448272193624,2.0413829070982734,2.0465413458838317,-2.9812651352325044,-3.116072427845421,-3.069549702094428,2.046819745974206,2.0462715539693432,2.046514822295645,8.618265196844481,8.620416614611807,8.619464439510796,8.579571982151165,-1.0223281632387882,0.015549901082041094,0.506518183907653,0.1641395271696459,0.16405446943470814,0.16404077516167245,0.2590911415280491,0.2590487365613652,0.25912408742718246
90.0,0.0,80.0,60.0,1.960815778916168,1.9486542841022825,1.9578943710040804,0.3573957726747309,0.3455327014269259,0.3546716514449417,1.957221836322736,1.958076966608515,1.9588474913973453,21.178889036445796,21.175817137222726,21.177771619293644,21.156843755081074,0.6550884617680959,0.7001451523661002,0.025351429921786194,0.23537265197234652,0.23520399950198756,0.23546464644853618,0.2486631258907277,0.24885980630784052,0.24874879436741534
20.0,20.0,0.0,-30.0,1.028845910097925,0.898056990598309,0.9654687837838207,-0.7486090037777038,-1.588379359463635,-1.167023477408104,0.9861096727086873,0.9916712034833506,0.9897610400986772,1.8909708384228325,1.9170376338087638,1.8757899441924326,1.4673299515913578,0.9230749765062828,0.0005540628654242648,0.07644178920905596,0.05752065371032243,0.05809847825942544,0.05804498332694065,0.1253048192160514,0.12579227532678294,0.1250871006839391
0.0,50.0,110.0,30.0,0.8751600980840744,0.862425248034554,0.8694399570623401,-1.9805217939614816,-2.020117210641004,-2.010386851786288,0.870707268767407,0.871335793568552,0.8694765160204111,31.6926313176105,31.682336830805443,31.681658815006344,31.543433397785105,0.003340404228845861,0.04029042208824306,0.4996638330278988,0.3885493688942045,0.38881824859893505,0.3885859548185506,0.10844960352117133,0.1083015693857145,0.10822658148377055
50.0,20.0,70.0,0.0,1.1642887792096146,1.1613002914761967,1.1630386019336456,-1.2780324314833609,-1.2821178506164432,-1.2794503173957925,1.1636110991814077,1.1635350867984093,1.1621272926186028,19.75663077188388,19.75227571907611,19.744078604019595,19.725818650361227,-0.43696888748472296,0.37759598085975943,0.18681513831054253,0.23923319885048694,0.23911327960684178,0.23906944686104212,0.14728780079824347,0.14709736886862407,0.14711001166384985
20.0,90.0,120.0,30.0,1.4279695168908544,1.4100269559223966,1.4204671874515498,-1.7366588801370555,-1.7484500512054844,-1.7439111622387313,1.4220011647836048,1.4197975704669497,1.4245713115763161,35.18390503869259,35.165886817934954,35.17154369434998,35.00195200169307,0.020814894249711877,0.2809916622834032,0.8993245455499999,0.4439453109156819,0.4439892483485602,0.4443371214994967,0.17793151265034637,0.1782361065446056,0.17852432922463893
50.0,50.0,10.0,120.0,1.8126729453547017,1.7152987661090426,1.762891039967466,1.1911451153267814,-0.1486418242182303,0.6155372409934048,1.7660942130310933,1.7618635645877758,1.7664379067505054,4.5007668663270834,4.510094915009941,4.49936796694671,4.487507608336628,2.1320322730909838,0.07084395429448706,0.2668334278901003,0.10380589230722434,0.10395318258596167,0.10360995077928001,0.2234764797834948,0.22351873004811465,0.22405337540409806
90.0,20.0,20.0,0.0,2.263971633820222,2.014080069328272,2.1009767558220838,1.2098170551779808,-0.0472966837847167,0.5309882837603543,2.1036697031146185,2.097540684711407,2.1059243611922156,2.805940975465786,2.809487607341255,2.812030859636173,2.723288852891093,-0.5244380723509621,0.003772047555066036,0.14528272281336743,0.051953613443460646,0.05186874172209381,0.05174517159731965,0.26643731639438534,0.2667266524498793,0.26748760111001707
20.0,90.0,0.0,0.0,2.1147493582253407,2.102645552719134,2.10788735895465,-2.50006099040788,-2.5325541950988173,-2.5165289675317397,2.108629055211095,2.10523130233032,2.1099872326732165,3.217162643414003,3.211998173813014,3.215472444527808,3.183099487884192,-0.4250237027853674,0.001060556439857788,0.33270986067284863,0.10460040099390283,0.10457767409872329,0.10462703684251053,0.2669771257921123,0.2671514278974355,0.26759242303837355
100.0,0.0,100.0,-60.0,1.8990048573403104,1.8776521842973637,1.895156131207093,-1.8045907986057907,-1.8107855841325375,-1.8062170282472734,1.8952715770011281,1.8955702968012291,1.895561313406917,26.856904041826063,26.871248979062585,26.86621660068993,26.824867234126003,-1.4683282021109123,0.8661905164354801,0.007201961301524648,0.3007090910196897,0.3009821869287698,0.3006577739293003,0.2408252794842038,0.24085899273005698,0.24081709029953732
90.0,0.0,30.0,30.0,2.2332960134915907,2.0499862980995127,2.1105553576006826,0.8228857670861875,0.3547379921298459,0.6206961286459151,2.1184957547821783,2.115832715041992,2.1181613519642717,5.606913223125317,5.583410815127022,5.627033367359391,5.533532371437131,0.2394675511667895,0.12693132383910274,0.06717977888975096,0.050537751413123506,0.05041198983132392,0.0506653322080324,0.2688376739898508,0.2688326738946781,0.2692283276389763
0.0,100.0,60.0,-60.0,1.8963210912862485,1.8916483016022496,1.8938416118057517,2.6539158146599164,2.619674334313334,2.6279283500334234,1.8935504071882996,1.8935439154478653,1.8946528678303742,19.411488657899422,19.422283500934064,19.426712703767713,19.349927914571175,-1.5697656043212995,0.007017452308727186,0.8049495269284527,0.2817628215656568,0.2823607081125298,0.2821399795839788,0.23890171559970372,0.2390472119356205,0.23906958741478912
100.0,0.0,110.0,120.0,1.81120695343638,1.7648089024364202,1.7853282184409247,1.3006596959167225,1.280616257122126,1.2932571612890063,1.7838713099156496,1.7855251323147487,1.78643496826462,29.781354275458863,29.785499308654686,29.783830251035166,29.703534515386938,1.658913980639114,0.9079731999639351,0.003990147563789799,0.33496017437450043,0.3351613362088435,0.3350711523793991,0.2267590889778018,0.22707603543457436,0.22686703291448743
50.0,0.0,120.0,0.0,0.8893985168266185,0.8770988311157355,0.8841144979328978,-0.941632693507956,-0.9630425601376674,-0.9501362130935742,0.8856121967296104,0.8853752809724033,0.8842839145391175,33.00391721023622,32.99935282263726,32.98879576241915,32.886711223871785,-0.4832082582336546,0.5038286276544026,-4.837706823125333e-05,0.37466457137849285,0.37478456798915555,0.37477947009374557,0.11252166193388789,0.11234940388882021,0.11239530381610618
100.0,0.0,110.0,0.0,1.7927458027725096,1.7673957929047424,1.7809963390017518,-0.7933906847111821,-0.8020309788104105,-0.7973810675522003,1.7813418820069604,1.7819385725679797,1.7795980271286045,29.7760399073254,29.774186371262196,29.77173517817033,29.694569034267317,-0.43575230523100755,0.9050802622840225,-2.210984250505137e-05,0.33483119968491226,0.3347496689095934,0.3345825826167509,0.2265274374216816,0.2263110426765961,0.22623732102853175
90.0,20.0,10.0,-30.0,2.120834857330501,2.079427408610896,2.101508954054728,3.1379708950907554,-3.137027484725332,0.7160492592644089,2.102857988379165,2.09965064742741,2.104251722944185,4.6812818956507956,4.696685387318074,4.6906519140976215,4.3034165267557425,-1.7251122381592492,-0.04876728120669341,0.3480947331315117,0.11576365327393115,0.11582599591257259,0.11573954798008097,0.2661999935226258,0.2663816905109875,0.26677597249643387
100.0,0.0,0.0,-60.0,2.115517710588889,2.100272074052899,2.106889636692973,3.138001066485657,-3.1392620674357183,0.05732828824318029,2.106323822438738,2.108170791264609,2.1081903471689416,3.259088505745051,3.2545722613238444,3.256827675389317,3.22860429374986,-1.1223553507936659,0.001087760444834863,0.33755110806089755,0.10622403317919489,0.10609607795342103,0.1062872486692559,0.2671127912721664,0.26735127191228014,0.2671099584279241
100.0,0.0,50.0,-30.0,2.101855225138461,2.098444430507336,2.0996362016935284,-0.940183397720226,-0.9466650402808316,-0.9445113714971924,2.0999020220334033,2.1002061735695676,2.0987266632181383,12.181901722073267,12.187038843423544,12.175399538392899,12.171450934466721,-0.834109759061522,0.40547338779765063,0.03696804776081728,0.12794800919675575,0.1277627685148539,0.12773065329432381,0.2668472307737828,0.26669215978756616,0.26665721843465334
100.0,0.0,30.0,30.0,2.2312763421650628,2.05729245592077,2.110815613054884,0.8148405068121334,0.3584253268082852,0.6229945527575965,2.1183371784457297,2.1165065323661216,2.119494602486229,5.5862708144485085,5.578658417135641,5.587325070694853,5.5282989466718435,0.23855431283620182,0.12640044038168383,0.06678435803715219,0.04974561087278095,0.050291112338377984,0.04983572034562655,0.26887567222460385,0.26900579053873064,0.26924415872231927
20.0,20.0,70.0,120.0,0.6638554993974021,0.6417281666568092,0.6590958445123336,0.2472079371886207,0.1590992821901471,0.22895613069983342,0.6594441901746726,0.6586168426424182,0.6606417955184852,19.997799939234753,20.001537309479133,20.010360005547735,19.982386457543015,1.6047165637242538,0.15001997897351152,0.1888288260644488,0.2438946992485927,0.2439797732566984,0.2440276630417868,0.0825479343920569,0.08270850807262656,0.08280161158179598
0.0,90.0,70.0,0.0,1.9093402822546817,1.8977595988365723,1.9035748341120216,-2.604419453527649,-2.619590151726581,-2.6115997479087425,1.9028056491964978,1.9036378102929785,1.9043702746432105,22.238216756766356,22.23923213852241,22.229643504559373,22.11265848277057,-0.5231529871866856,0.005628670640132303,0.8998469508523935,0.31439415202527327,0.31445780555556657,0.3143303333088531,0.23998928402297778,0.24018982653711726,0.2400854916593092
100.0,0.0,30.0,0.0,2.2323780482105757,2.051086963687955,2.1083649597064653,0.3450805605231038,-0.0543084987115703,0.16465835276960383,2.11998818506974,2.1166435322128017,2.11662062569497,5.523732369617774,5.483116504433746,5.526568952551114,5.403122586104338,-0.3142674597431188,0.10846204084446004,0.05959433869768302,0.04729094492611525,0.04675922318211504,0.0475400575444882,0.2691409604800392,0.26873699855303845,0.26913301317409766
50.0,0.0,40.0,120.0,1.2427089802302635,1.1292802307802103,1.2118510595280763,1.3677315153070504,1.0936746848631362,1.292457954481829,1.2136917237141844,1.213487896729983,1.2147885588840845,10.706501468486005,10.709685141197793,10.708093495918977,10.704796515015435,1.7372799380777124,0.22310926282591892,0.05385387921200138,0.12504514578628234,0.12512748413656766,0.12501534953358062,0.15399987726101275,0.15414339066048136,0.15416713088703812
0.0,90.0,100.0,60.0,1.5463191856580607,1.526888454172982,1.5386951911154634,-1.5161939234626316,-1.5608501825426462,-1.5493393918639538,1.541742867804335,1.5382685851170002,1.5377376035003982,29.98974225959506,29.979880937564303,29.986435126222,29.80574739719481,0.5250122106286867,0.018460716447831226,0.899035218388126,0.3913234681748402,0.3908736699724601,0.3912115053854854,0.19352615887665597,0.19302946971218568,0.19346622114534245
0.0,100.0,120.0,-60.0,1.491353910611828,1.4782789705238564,1.4854355418944545,2.645666613256957,2.6363639671556798,2.6417111412586416,1.487119754097329,1.4901085055437229,1.4841878671907849,35.384639089583445,35.39382866814451,35.39629081180849,35.219622649208404,-1.5695252080366018,0.022533668240472985,0.9990395224602424,0.45082302091868237,0.4509768359812382,0.45065260044092875,0.18668849973848098,0.18632802764685513,0.1859616556173083
0.0,90.0,110.0,60.0,1.4845787217870212,1.4632562403361995,1.4722943754442466,-1.3113181560063605,-1.3433053491094331,-1.3337811322465465,1.473822063197532,1.4710677433061818,1.4732816638597257,32.59220517222558,32.5831963471575,32.588705597061946,32.39577229117233,0.5394804728879835,0.18353114268918408,0.9001713689792362,0.41749122364564595,0.41706881274230356,0.4177124182356977,0.18473400122680164,0.1846690183554225,0.1850163535851354
20.0,20.0,80.0,30.0,0.6135897458691806,0.6078659037318621,0.6109409599445856,-1.316434164560242,-1.3406066848042208,-1.3257048764653911,0.6099483815031882,0.6122906475498976,0.611488428279283,22.70850745540536,22.71039024293054,22.697633191277248,22.66466335611983,0.028186934282081456,0.16216950069866481,0.19007931455645724,0.2732439126195606,0.27328950181440226,0.27346247217021874,0.07638761107090962,0.07659517882809515,0.07629771966900838
90.0,20.0,70.0,-60.0,2.0165118994277744,2.0001101711028064,2.0037588202495966,-1.902234023128464,-1.923197424493124,-1.9190102260399333,2.0028388948638356,2.0034361112266907,2.004253893068061,18.97990888892681,18.98680380428819,18.987386194152837,18.95958524634856,-1.413033503317119,0.6584485268386142,0.18137253564538824,0.22449734840414506,0.22464826582401168,0.22459201338425896,0.2541365045527724,0.25432022111749714,0.2542423795392076
90.0,0.0,80.0,0.0,1.9648699321016123,1.9615291129397752,1.9634780587453404,-0.6943008826353294,-0.696520964633693,-0.6950306133728017,1.9645984844300997,1.9628101920066803,1.9630911343925939,21.18583229030526,21.186296261290988,21.1795823234408,21.16223931633984,-0.39165082706955767,0.7028073319738252,0.02786126788714585,0.2357145837365962,0.23563457615757882,0.2354220199317484,0.24949130079828652,0.24931104188927966,0.24952679692670882
0.0,50.0,50.0,60.0,1.156398556115556,1.1500961924850772,1.1520690876657842,-1.5718388675610993,-1.5957323375324857,-1.5819656638914683,1.1515490564604618,1.1513620584968898,1.1535594046800035,15.522905034577956,15.522164351399912,15.529175480358012,15.486575646680132,0.5220371092240879,-0.002675826946653331,0.3703271355125213,0.21358626387764115,0.21360003268697683,0.21363437198979734,0.1449630958410638,0.1452216150811347,0.14524474499061593
20.0,20.0,20.0,30.0,0.8988226934851344,0.86175181592205,0.8813523602934749,-1.177129960415224,-1.4287003580769566,-1.272120198837138,0.8815760775024827,0.8836223241714263,0.8812749307740689,6.502149962684825,6.501594455141371,6.495156820118956,6.479771926138691,0.15061842531397332,0.06127145693620447,0.114676473301805,0.09873142856805936,0.0988000223777175,0.09856669621752677,0.11170476849668162,0.1116601715458799,0.11139751409145632
20.0,20.0,80.0,-30.0,0.6329131481848927,0.627868646533352,0.6302458921365132,-2.3572866562564445,-2.3814062090948185,-2.370051484549329,0.6315773586124015,0.6295539048973682,0.630292856397835,22.721575852575544,22.729526275671308,22.72753501811156,22.684232599131022,-1.0180597429637641,0.16787629254375527,0.19664981761775124,0.2742740159729214,0.2740080697664727,0.27411564001851163,0.0788919856859005,0.07872238817642238,0.07899026645676517
20.0,20.0,100.0,0.0,0.5843146003591038,0.5637068862555611,0.5735919508767272,-1.760879461035447,-1.8071749365118703,-1.7819734602446329,0.5737437013046879,0.5753873182545156,0.5728067867769091,28.165865680303607,28.165403913099407,28.15683792759932,28.07564708371385,-0.5007868633644265,0.20336113319896282,0.20004870028612717,0.3335947904486286,0.33369165245727306,0.33351908992231366,0.07177869261648516,0.07165925398115938,0.07146156662231337
50.0,0.0,90.0,60.0,0.9472204292436144,0.9409530052586514,0.9454683362574373,0.3104880804074177,0.2993199155578776,0.30588429837734565,0.9446787291786551,0.9459086091087664,0.9463771441362949,24.381450324339603,24.37974581280018,24.386900329811347,24.353108822352578,0.5795535631206999,0.38670253273285177,-0.05995090105258637,0.27162075931082647,0.2715404115898407,0.2716690561817097,0.12030492621777876,0.12052302789839868,0.12035870340295932
90.0,0.0,40.0,0.0,2.1067136176718835,2.094991788963372,2.099610347661117,-0.2090374940244661,-0.2948783717397153,-0.23650316183433653,2.0997631512430988,2.1000027421821668,2.099001486476677,8.98238419829819,8.977600089143552,8.97918981567038,8.977688664147143,-0.27701017934515804,0.2764539602642023,0.0414285621120773,0.0877367776850087,0.08778872304697978,0.08789810325554466,0.26679125372832796,0.26669765535688555,0.2666659343497065
90.0,20.0,70.0,30.0,1.9908854163146144,1.9787591722376776,1.9873180913258257,-0.3415034600624019,-0.3574927996467652,-0.3450293135073195,1.9872859176460105,1.9880054788454533,1.9872396335172775,18.97736861533949,18.97158213641433,18.971176048586518,18.95062667754396,0.1564749254021674,0.6525839688142409,0.17574991265995724,0.22396129402504358,0.22397092479288028,0.22407998078254684,0.2522445109721217,0.25223327872368057,0.25214767618613954
0.0,20.0,50.0,-30.0,0.6100897682294841,0.5990074480897207,0.6053297879625263,3.141399997265081,-3.141489130074726,-2.706812366946997,0.603369489703876,0.6045649498548513,0.608774928747616,14.66830882771271,14.685119324723201,14.678203045704736,14.659521332738668,-1.0462060172840086,0.003044914405012458,0.1689694900432484,0.18650617456857793,0.18655717998311727,0.18659116533049538,0.07544021241231616,0.07611481113668328,0.0759656732483799
100.0,0.0,20.0,-60.0,2.2840074019606265,1.949655800237204,2.080625838319281,3.138304580049736,-3.14098998570095,0.5444748875133278,2.092946696490134,2.0895379445447193,2.0934316043283574,6.982531250632854,6.984251415201286,7.001768186537297,6.613892528592314,-1.8362061200533015,-0.0774003080977614,0.36486827536940136,0.13385746198629392,0.13391019582158756,0.13409963125537186,0.26492193164381156,0.2649915802696576,0.2654283497271493
20.0,0.0,0.0,120.0,0.7061190094217581,0.4705143310372723,0.5938132433528518,-0.1771359287378472,-1.1340726976971531,-0.6671730927333944,0.7321359077443643,0.7316519364162665,0.7316517289534747,1.927383349434486,1.9305793778583378,1.9357696630744397,0.9284472301684932,1.4143191503825552,0.0004733043325337444,0.05568956021427769,0.06040698922751387,0.060459082266853696,0.0605765283453658,0.0926022261938099,0.09254849880898401,0.0926227910164054
100.0,0.0,0.0,0.0,2.115517710588889,2.100272074052899,2.106889636692973,3.138001066485657,-3.1392620674357183,0.05732828824318029,2.106323822438738,2.108170791264609,2.1081903471689416,3.259088505745051,3.2545722613238444,3.256827675389317,3.22860429374986,-1.1223553507936659,0.001087760444834863,0.33755110806089755,0.10622403317919489,0.10609607795342103,0.1062872486692559,0.2671127912721664,0.26735127191228014,0.2671099584279241
20.0,50.0,110.0,-30.0,0.94177963506025,0.923550708755722,0.9336116430587796,-2.706963086840818,-2.7251296424483566,-2.714350541975159,0.9378981912259065,0.9346529567898851,0.9317812607148781,31.6756665840564,31.673803272512075,31.653710046171806,31.52546511060453,-1.0287856023819102,0.2042730819307513,0.49964935979068154,0.3886506926677901,0.388500521939819,0.3885307339033469,0.11704160396012961,0.11626961447596812,0.11668231602969613
0.0,90.0,10.0,30.0,2.1184352798631414,2.104773058674364,2.1112314740803733,-2.169821815060428,-2.342766311321244,-2.2414656217193287,2.1113934856942453,2.110918329736745,2.1119069856516326,5.949771096881825,5.947090152447704,5.946494307536206,5.920697924720915,-0.08054869577142107,-0.013912112067108186,0.4327031469799351,0.13561226666200585,0.13546463239226453,0.13544499041811556,0.26743165616464637,0.2674904161316136,0.26755268068938765
0.0,90.0,40.0,0.0,1.8851660694620396,1.8826752890813605,1.8835764122479042,-2.6172063447129528,-2.6199544549057348,-2.618938694670984,1.8822322059618015,1.8848546185385262,1.8838516308274527,13.888778899303004,13.885357636794366,13.878047331643803,13.83860403730499,-0.5243951540024954,0.0007254954301311987,0.6218636394697331,0.21854840824671015,0.21845212916532622,0.21843627341709607,0.23804360359518328,0.23824723029300604,0.23790669507272574
0.0,20.0,90.0,-30.0,0.4490140848993734,0.4434696578135469,0.4469710148779377,3.14122383781266,-3.141117954330303,-2.9085522316220325,0.4490821771068698,0.44695535902531247,0.44632176117460765,25.459977921875176,25.458455357177236,25.46007308363061,25.414820711755006,-1.0468626963676448,0.0037500073833167877,0.20001386918084374,0.3044525655299781,0.3043077206496788,0.304403925516657,0.05523697755662675,0.05488568174926147,0.05514519244431664
20.0,50.0,0.0,120.0,1.549011750278233,1.539782554059072,1.5443280551676026,-1.118259231471871,-1.818751640110655,-1.46753571166629,1.5421830886385464,1.5453362504433803,1.545418577552721,2.3744420430980266,2.3669138609043845,2.3713199115154397,2.339604670550905,0.6239814505677705,0.0006017250669815729,0.17902385358211606,0.07732015993876516,0.0771020072627134,0.0773036633275507,0.1956457733139487,0.19605648968148073,0.19565963437057735
50.0,20.0,90.0,0.0,1.0895305742876016,1.0858517611406675,1.0876218347498994,-1.2831616190634807,-1.2870779818078684,-1.2851344405485752,1.0871727690715005,1.0875190573915698,1.0883696145354187,25.230093766589363,25.228034645488815,25.223189876914404,25.181455385092054,-0.4602837123044673,0.4536618410319271,0.19245861160787486,0.2994977685232317,0.29960716298570833,0.2995845932336484,0.13742843058774631,0.1375867679763912,0.13754822561547436
50.0,0.0,110.0,60.0,0.9997483467074116,0.9518144045158048,0.9733114014225119,0.1284742969045929,0.110307913485863,0.12158330610336493,0.9731389108166296,0.9731174631941767,0.9731232051386318,30.188104227066287,30.180347243920007,30.187374559285267,30.098195946191154,0.572070546421669,0.5069223443712348,0.0012407902195841632,0.3428484655588167,0.34271289379506215,0.34288642147521486,0.1237127373164932,0.12370375184636577,0.12371026117382503
50.0,20.0,90.0,-30.0,1.085766294006314,1.0800513438350932,1.082172989825732,-1.827653423895112,-1.8344139557155783,-1.831783563236439,1.0830350833800815,1.0819030788697332,1.0816697522233532,25.25918527458271,25.262983979165224,25.259696263379453,25.214871571139696,-0.9846556151182375,0.4487741482118272,0.20132116067634248,0.3006735362887589,0.30070852914468355,0.3004620829713963,0.13686199042743355,0.13668167551031368,0.13682959358801622
0.0,90.0,0.0,-60.0,2.115082308597722,2.100889464362548,2.107771079601518,-2.5626520662625434,-2.594491633401232,-2.5764652576158444,2.108768359553128,2.1079293414293114,2.1071239480594666,3.212789112492876,3.214529323162375,3.2097725968789192,3.182849963051031,-0.48499534139781103,0.0010735189888186748,0.33272227303943885,0.10473621349201848,0.10455448131237566,0.10458682723616564,0.26733917464393314,0.26713493893736623,0.2672401883385095
0.0,20.0,60.0,120.0,0.5749824715981591,0.5548897281038304,0.5618949188165142,-0.5077637477037404,-0.5874342617430682,-0.532473802926598,0.5631715500206445,0.5619620064904726,0.5621478843672142,17.380743003753235,17.377331622830237,17.37994073554306,17.35731440971006,1.5703019235834033,-0.0013340771716582904,0.18012567654522768,0.21458641369779707,0.21437953461211412,0.21479611352388037,0.0702289587776737,0.07008888697627255,0.0702359424852822
50.0,20.0,0.0,60.0,1.40431197043058,1.3947054777559131,1.3990949158662949,1.5549436615647196,-0.2894133230829568,0.6256273671701881,1.399845216609994,1.3967637506166455,1.4013003044470471,2.1632688442159465,2.1604664793887562,2.1569571913429826,2.1305299471744923,1.0030920266440078,0.0005054610556670989,0.1476541196251637,0.07049995520675179,0.07047616572837193,0.07028597243208515,0.17714271751852273,0.1773235080558815,0.17771757996928242
20.0,90.0,20.0,30.0,2.090286029689195,2.074019032916056,2.08363044528405,-1.6015535873792763,-1.830073647084698,-1.6812909989908682,2.0825047391910148,2.084465993190506,2.0847250116274574,8.51114065749629,8.508664613481116,8.508787925924679,8.47487720208833,0.14859612693700097,0.07980245792862987,0.5059049656901571,0.16281602396353986,0.16266080124148358,0.16272723861623706,0.2637532035093299,0.26403335252539056,0.2637879967510301
0.0,90.0,50.0,-60.0,1.8157578661921152,1.8102876962415215,1.813044111706845,2.673773030659797,2.616837675975127,2.6298850917575147,1.8135382557539543,1.8130274599779488,1.8130414073688428,16.5234635869436,16.536508308675906,16.53933590513474,16.4794177613373,-1.5693141963916373,0.006742081982943842,0.6741981742232521,0.24654892659328217,0.24663819508120075,0.24650203274977334,0.228951845455888,0.22889775097688098,0.22896848171445996
50.0,0.0,70.0,120.0,1.109765245085694,1.0798647415103213,1.1042113181484765,1.1991210830005563,1.1614730932637771,1.1894412316142626,1.104308321664356,1.1052144140394395,1.1048132715135661,19.097846848716657,19.11541769682909,19.108506731172042,19.083905022444853,1.6573967415989765,0.3643498895040516,0.03633680391697373,0.2183995046150719,0.2185961418297873,0.21841798690834718,0.14025525243609047,0.14031759278455758,0.14019028715704804
20.0,0.0,70.0,-30.0,0.4636391852888027,0.4542179330144319,0.45752858546889025,-1.7068655865169435,-1.7473975020991876,-1.7236200507345445,0.4583497644164895,0.4556395501183219,0.45926166746328184,19.38717167619902,19.38639909083388,19.38933590365075,19.363061604550097,-1.011963474220388,0.15088616110540637,0.03540003079877475,0.22395869594341028,0.224026054479895,0.22390651838247522,0.057650648316132196,0.05780121753464279,0.05812285797230979
0.0,90.0,20.0,120.0,2.078077256782195,1.963329027094618,2.028516692989662,-0.5605219259312406,-1.192607069285175,-0.7594276643740462,2.058963935558928,2.0675190777578534,2.0595806454446164,8.6370640137581,8.65913476815915,8.642754564691531,8.50272720213988,1.4859865291267649,-0.04503835850296615,0.5072577762108232,0.1656077209049232,0.16596384799659192,0.16551134533152134,0.2613145140065167,0.261418278376537,0.26033488104337843
100.0,0.0,120.0,-30.0,1.6237056447525915,1.5845720459345392,1.6128263155983469,-1.3532824490595916,-1.3731671799633172,-1.3654923766391467,1.6112772999955405,1.616370015458899,1.6141522039329446,32.69286869202432,32.70351071009251,32.693273805861715,32.583520143262625,-0.9739919530388622,0.9030985304810933,-0.00208695446293904,0.36889598417868513,0.368915751810787,0.3688674246918234,0.2050489467444244,0.20538465222566618,0.20475520048444504
0.0,50.0,60.0,30.0,1.096099727225647,1.0917938699856464,1.0943026325197354,-2.0963972288547508,-2.1089663727922257,-2.100364383331527,1.0946395868448613,1.0936359261423358,1.095080187730256,18.186567121692338,18.17689299840831,18.174921160582265,18.145347809008843,-0.0008164193085497469,-0.0013850024747953911,0.3983292709333183,0.24188485716877484,0.2418226444841517,0.241610792048434,0.13755637261250472,0.13762313632439738,0.13775333006703896
20.0,20.0,110.0,30.0,0.547903793893972,0.5267576225880015,0.5349142956332577,-1.2256349131894368,-1.2805873876755691,-1.258707936267677,0.5389018668323371,0.5361402170986169,0.5336805691692957,30.902324866578073,30.88958488244568,30.890394933509228,30.78194876608793,0.019366525944067212,0.20905037629351186,0.20003600884464692,0.3638138868349274,0.3636489855028399,0.3633856704262293,0.06693970346034643,0.0663230115652723,0.06663815323229559
20.0,20.0,10.0,60.0,0.9315750472825218,0.8959216949022079,0.9159104533317114,-0.6421555367400011,-1.2775066333230016,-0.9144566475883678,0.9154918357570041,0.9183697630306302,0.9165356597198295,3.9390021755741205,3.9384678098269617,3.945563081537547,3.9278780612941127,0.7386687237341781,0.026071224519009582,0.09673646689627728,0.07302472037757113,0.0729325848979139,0.07317101334034055,0.11610750173352388,0.11624073208043506,0.11587770537961752
100.0,0.0,40.0,60.0,2.107335929257156,2.09517443907718,2.100425984879839,0.8310524580997627,0.652149786336496,0.7770236506433492,2.100723609226936,2.0993980749653876,2.1011126921019048,9.06717776354937,9.069381705576758,9.07115860550842,9.069665264120534,0.7761588003284022,0.2863419551507557,0.05192989401746749,0.09114726986395616,0.09124484096372083,0.09113921500661341,0.2667236516097019,0.26676942075699456,0.26693868796268955
50.0,20.0,80.0,-30.0,1.126458482083961,1.1216008039122851,1.1233657676192994,-1.8182467280222072,-1.8237071918068468,-1.8220145255449538,1.123501587659409,1.1241483086073853,1.1226051298612054,22.516509487929973,22.5224234515374,22.512987439254506,22.477491681045723,-0.9741558819242391,0.41504379069988945,0.19608650127715474,0.2700599887004343,0.27026175265694435,0.2701343044644648,0.14217047027178617,0.1420526768564947,0.14197927144993486
50.0,20.0,80.0,0.0,1.1170329535139172,1.1151440547478506,1.1163828294108877,-1.295852117731731,-1.2976906886463018,-1.2967344791208464,1.1155728271456629,1.1171428349157926,1.1166999932011064,22.515013830316615,22.510369427969824,22.5088577843178,22.4713899003935,-0.45096094858292235,0.41260012705340043,0.19358559078059812,0.26993908518382825,0.269892849082962,0.26994863539474817,0.14116102612735582,0.14130256845103453,0.14110747385300004
0.0,20.0,70.0,-60.0,0.525676354623718,0.5201470967756936,0.5227555743830614,2.666897541771596,2.620931335297777,2.6333125883784847,0.5223560896315216,0.5235739081605201,0.5228834686697638,20.064309010839313,20.0716517677165,20.067776524535635,20.03205791858195,-1.570308136383939,0.003111814359182745,0.19043772215161453,0.24499229045781892,0.24491975656577158,0.24490668740729,0.06502500213739586,0.06508575517272334,0.06492079561403027
20.0,20.0,80.0,0.0,0.6252456484626001,0.6211532301675114,0.6232041465242487,-1.842370778460606,-1.8609627369788104,-1.850375216265457,0.6233317721188941,0.6246170101086852,0.6224301733423259,22.72290923785031,22.722350876921865,22.71672958422376,22.678905298764775,-0.49490067129510584,0.16529020534041994,0.19472427949822793,0.2739012518481476,0.274136171392048,0.2736622602013707,0.07810704039747933,0.07799658223892986,0.07782463129579184
50.0,50.0,70.0,0.0,1.4294770480790129,1.426422658932277,1.4279855176492542,-1.6568233393807237,-1.6613970682801094,-1.659023771321106,1.4278390148169455,1.4279621358594414,1.4285183048131893,20.606857067259774,20.610508851589167,20.604547041433793,20.56030181064475,-0.43788448289634724,0.39036665547636357,0.4216701184515813,0.26680558896920586,0.26651797493409174,0.2667075254557465,0.18026321943313997,0.18034027366830663,0.18033412523588974
0.0,100.0,60.0,120.0,1.7265167468545377,1.380147526145887,1.6701354278526142,1.7923890427862856,1.4679242919648716,1.7202459732076096,1.6759414447670389,1.6769491862497203,1.6783757064402869,15.04429908492429,15.04799375020352,15.043051997929565,15.056964476749831,1.701955037699929,0.3711144938550854,-0.08562681229968103,0.1506156096214724,0.15054215901883314,0.15052055513656631,0.21315515417146086,0.21345847784922423,0.21333821133972639
20.0,20.0,50.0,60.0,0.7450566942859825,0.724356492242697,0.7395787422384483,-0.7973639000252943,-0.8859958637101605,-0.8209925206977782,0.7398710647580621,0.740849257000844,0.7391801079487029,14.614152977474882,14.614200999532912,14.612385389492164,14.584941770068138,0.5756333515588024,0.11987991001160944,0.16744252711487617,0.18544853724706728,0.18547848608379375,0.18528428103912015,0.09323906072866908,0.09316969890620602,0.09302952654360008
90.0,0.0,100.0,60.0,1.6010854586925016,1.5948282736231962,1.5984656237084545,0.5161766107500997,0.505507868952848,0.5110494380497704,1.5990310205572869,1.5976624495560812,1.5992076224163878,26.43627860300912,26.4216147949326,26.43628537160037,26.400009211216986,0.6035074054342269,0.6646183024152016,-0.18565820113714315,0.2834119667413358,0.28322093441782265,0.283480545038313,0.2035020454881584,0.20352441184840808,0.20370391864275492
20.0,20.0,50.0,-30.0,0.7571903198022094,0.7465366273231671,0.7500296415210561,-2.342785786756448,-2.3798805010930697,-2.367371283145829,0.7486295124107715,0.7515564541648658,0.7500668266426421,14.599059396599007,14.609620237182616,14.607185898786808,14.578842130806219,-0.9930401909689157,0.1251047149158006,0.16732231725227192,0.18521701618290787,0.18549925295311206,0.18521488967252603,0.09444217326671722,0.09463310348769893,0.0942596119439702
0.0,100.0,10.0,30.0,2.11826768973538,2.104665850471976,2.1112505056767987,-2.163507394470624,-2.3397579976864837,-2.238064625510275,2.111015164272768,2.110376983102116,2.112476712273536,5.94954979497368,5.9467563152516965,5.946743308039012,5.921572286437268,-0.0787183113271608,-0.013577853947303965,0.432749749447706,0.13558628585651514,0.13540844594074264,0.1354369338167016,0.2673290018854244,0.267510721332595,0.2675931090156764
0.0,50.0,0.0,-60.0,1.4962543654636864,1.4841196182041227,1.4896995253851304,-2.6069329353830355,-2.621253154389827,-2.6131412621582464,1.4915964072788974,1.4890606238541537,1.4888031702932938,2.2758211836711197,2.2878979336449765,2.2747021980244866,2.2498730103947393,-0.5216398908309141,0.0005706229034551925,0.1660427832690926,0.07428462077422177,0.07436120812743346,0.0741958480168302,0.1889965374785085,0.18864689853857336,0.18897592853098488
20.0,0.0,30.0,120.0,0.5551039169229155,0.4330704583228695,0.5138029960560897,0.8256632307042109,0.2027429712466794,0.6525303872525251,0.517161356290595,0.5177216765130469,0.5174426684712919,8.578265190566585,8.590343161014088,8.588029319394604,8.570092469222201,1.6540180074465372,0.0666510434591929,0.0466606137683241,0.1067088283041868,0.10691487630808902,0.10686192612398379,0.06540730281854716,0.06544078978314723,0.06536907064191866
20.0,20.0,120.0,120.0,0.5249662354394785,0.4785914461649451,0.497092909629275,0.3978796402759226,0.2741961640008244,0.305967707230629,0.49971099262767615,0.4981114016259868,0.5005036998353746,33.62893665836522,33.63541096698781,33.630286126877124,33.493740602345,1.5872024011147987,0.21166509248760915,0.19899133290544255,0.3940619564363868,0.39420537751007456,0.39409765668551994,0.061666242408219454,0.06179383381142889,0.06194354161238552
20.0,0.0,60.0,120.0,0.4770569088512467,0.4298648141968073,0.46765095420524017,0.8730237432303198,0.7437179826708633,0.8458034177619692,0.4685035434976397,0.46825478874676246,0.4691143657263952,16.665693290883013,16.670954114072387,16.670711001568304,16.652937252290556,1.612322363378438,0.130614669532421,0.0405327381865347,0.19396045507201146,0.19400578552288078,0.19397371984464765,0.059140501177910816,0.059219597680373263,0.059244544105410565
90.0,0.0,50.0,60.0,2.104114247661492,2.0974613104726907,2.100497871358007,0.6262996319489228,0.5454585474996662,0.6073721009482406,2.10109094801186,2.099734545905011,2.100493975483322,12.231990073303049,12.229278604158125,12.231391537690826,12.226011848958994,0.7387253198099551,0.4114878300127001,0.04572543019655752,0.1296813499642535,0.12962605833912313,0.12958952513349123,0.2668198761180217,0.26674094957655875,0.2669106871164398
90.0,20.0,120.0,-60.0,1.5851314276748505,1.539225210023408,1.5742996042091284,-2.1093077954076453,-2.1229615916809093,-2.1183862564371205,1.5758872843844816,1.5755281687345708,1.5756472609844678,33.25290166222346,33.27116546049297,33.26910489707848,33.13431361546855,-1.4991137469793612,0.9004224077320528,0.19709375540343232,0.3869116152480981,0.3872556168050058,0.38725545339643797,0.1996914826849267,0.19969067031529225,0.19974497561649618
100.0,0.0,110.0,30.0,1.8075292426976588,1.7687147658988276,1.7858314807031315,-0.2695695107505739,-0.286481861133138,-0.2752478464796115,1.7850520550774733,1.7858610740374343,1.7858747861218054,29.787369220802947,29.769254119858196,29.7744006035275,29.69721732748745,0.08811323522880989,0.9079845943398417,0.0021328659676917126,0.3348191436836165,0.3348469837423584,0.33486784722462243,0.22690555295160894,0.22701230222402552,0.22691362222059924
90.0,0.0,90.0,0.0,1.8985070699965396,1.896716541399933,1.897788290061904,-0.7375653885356915,-0.740246630549614,-0.7390453087176525,1.897358803815331,1.8988303550961732,1.8974054276348935,24.07371843638558,24.073256911032114,24.060844677844482,24.03556391374285,-0.4097207132224056,0.7758783775173106,0.01908019699581782,0.2692530591607594,0.2690676408689772,0.268909176261814,0.2411758691201332,0.2411724654027115,0.24098617611085676
0.0,20.0,110.0,60.0,0.3884011211612342,0.3613053043293948,0.37726418014179897,-1.3616380203968004,-1.5704664158759662,-1.5197528672450529,0.3799977035164775,0.376836162685675,0.38030909800137325,30.922007972133592,30.910962675033954,30.92715622352196,30.803659850490654,0.5244708914842215,0.011678710371795343,0.19816651379003647,0.3638268067604716,0.3636939587878718,0.3640089648740121,0.04590578964021613,0.045935885580832066,0.046335321554844856
20.0,0.0,110.0,120.0,0.4384240949778847,0.3731204831166251,0.39987018570232563,1.1455374703928731,1.0445551018766492,1.0705012160460974,0.40081685827873115,0.4010985035183709,0.39891447223947274,30.303165003813056,30.315080468452066,30.312556587365883,30.230658871269938,1.5907536304132868,0.21014078475905465,-0.001657989009966952,0.34520490038879253,0.3453230033370862,0.3452678844821024,0.05109141772160669,0.05086715991904556,0.05084976109196907
20.0,50.0,0.0,-60.0,1.549011750278233,1.539782554059072,1.5443280551676026,-1.118259231471871,-1.818751640110655,-1.46753571166629,1.5421830886385464,1.5453362504433803,1.545418577552721,2.3744420430980266,2.3669138609043845,2.3713199115154397,2.339604670550905,0.6239814505677705,0.0006017250669815729,0.17902385358211606,0.07732015993876516,0.0771020072627134,0.0773036633275507,0.1956457733139487,0.19605648968148073,0.19565963437057735
20.0,90.0,100.0,-60.0,1.5901250282832915,1.568456074235138,1.580024137516189,2.9081573319364407,2.888951657897516,2.899009611513369,1.5810055357364656,1.580318129611729,1.5803306379585007,29.94956674842474,29.966329594150245,29.968707965328903,29.784734070708595,-1.5488500230553797,0.21077702789982547,0.8993244244153537,0.3906206105116841,0.39096428775282965,0.39073413201861984,0.19868138104113375,0.19859102022460495,0.198694281173916
50.0,50.0,100.0,0.0,1.325713257505277,1.317540831418457,1.3221620195316761,-1.6840634618242185,-1.6964738045717809,-1.690883736675853,1.322359826565164,1.3240380228617041,1.322147861436088,28.87072498598246,28.866244596792594,28.853899735209136,28.732198122032234,-0.468170301914438,0.5049094090127151,0.4999916161563747,0.3572935393122978,0.3572683958132031,0.3572560005758416,0.16668826645869256,0.16665872272817817,0.16645111980983715
20.0,50.0,100.0,60.0,1.0200384589783134,1.0003314660420446,1.0074517014766697,-1.0973468481299975,-1.1391244986810811,-1.124864115586272,1.0070181712451163,1.0097874704680982,1.0076268152371228,29.00202073223026,28.996851829481017,29.005941153644304,28.86778442839668,0.5462074860481104,0.20849774492320006,0.49958913575391267,0.35941520812620487,0.3597638817068748,0.35974727157213543,0.1261992392452387,0.1262698267613445,0.12595709269672703
0.0,100.0,90.0,0.0,1.7993155693091392,1.7858630908696116,1.7934487087620994,-2.601583232185946,-2.6084928845499973,-2.6048756149162795,1.7964937939511985,1.7930129781884045,1.7922110167666838,27.615110557435916,27.603715336319805,27.599948904726954,27.44376333302655,-0.5226117105224662,0.012436720866275064,0.9999454498153677,0.37225217521263215,0.3721110368717179,0.37184943433491224,0.22598823383731453,0.22545403901327918,0.2258859916306754
90.0,0.0,60.0,30.0,2.102509081082412,2.0957446553072345,2.0998337107889196,-0.013232474811498,-0.0420278628709371,-0.018949148171666368,2.1004977827472504,2.099749213800673,2.0995823474477,15.230024208057332,15.226418314880531,15.229857819003293,15.226600769427563,0.183575570063965,0.5258165377217463,0.0396499860231849,0.16499066451236252,0.1648948471219307,0.16495749251329586,0.26679088551048036,0.26667557309676565,0.2667705749241448
0.0,100.0,40.0,0.0,2.0417973089133747,2.0389417965823826,2.0403077683053237,-2.612069337615499,-2.6145237068932152,-2.6132266951465875,2.0407244094750068,2.039705511900896,2.040661840903746,14.131556446372738,14.12827898528129,14.120474707535351,14.074725678001474,-0.523195519542635,0.0030945920540234022,0.6976780311369596,0.22631851853490817,0.22618013465298348,0.22624302701480928,0.2578934164137661,0.25790022850090805,0.25801570977700394
20.0,0.0,40.0,120.0,0.5307071623140711,0.4312706060216625,0.5018603768049541,0.8533596770842793,0.4937938774906649,0.744489083168588,0.5061984527819621,0.5041405206648797,0.5031259338966142,11.256712539483557,11.26141754567599,11.255565945710568,11.246144786360544,1.6350516639577815,0.09051171835820991,0.04595442745989908,0.13499531204998308,0.1351549774199576,0.13485249588215506,0.06393281825912234,0.06353987047480028,0.06380210562642753
0.0,90.0,30.0,-60.0,1.971257932555485,1.9624786169218045,1.9655194133344656,2.8030212137873365,2.6273303358606195,2.6795354839665197,1.965213635650321,1.9656953551542515,1.9657197667833457,11.245962929040198,11.251749737594155,11.250960066356098,11.20531932402734,-1.5552882887605781,0.019212780577949586,0.5671183084529534,0.1911370405759265,0.1913036674187892,0.19120820615002204,0.2486065483317652,0.2486715226618135,0.24861776831247348
20.0,50.0,70.0,-30.0,1.1221940076295505,1.1161797860412654,1.1185706622154858,-2.691805480267156,-2.7111539818852317,-2.704893245938262,1.1175132515272677,1.1179629992121378,1.120546115649367,20.830868444309314,20.83208385432123,20.836058709366007,20.785859813681213,-1.013043331310895,0.15847948264875497,0.4266118494073932,0.27050269533991206,0.2706210463991349,0.27051466660610735,0.1404098163415849,0.14079431188267322,0.14072557034787656
0.0,90.0,90.0,-30.0,1.6529270339526578,1.642247952302356,1.647253952444653,-3.131430776758413,-3.138967572477952,-3.134150442630991,1.6487576167471782,1.6486678048536922,1.6462552495110745,27.360776315037878,27.379405878400682,27.369629337280475,27.22371411923712,-1.0468033855181524,0.007402621776444149,0.8999577224613559,0.3644543397325427,0.36455094690694717,0.36453445963733977,0.20744729759408287,0.20712281247464454,0.2071607141696583
50.0,20.0,20.0,-30.0,1.4961292106429245,1.4528336851094314,1.4747759689181008,-0.9743524699793622,-1.17621990192051,-1.0657903261308421,1.4747183199120295,1.4763981671990791,1.475350237619689,4.837080425174255,4.834955501518222,4.835272257825701,4.837995694381256,-0.6321513244270822,0.1231383002362769,0.09545385286748098,0.0698084355526723,0.06982420626289447,0.06982308495648233,0.18724926945015516,0.18733156862554165,0.18711676702230545
20.0,90.0,50.0,0.0,1.8506583359600317,1.8462704820712452,1.8487651152207036,-2.291299253623842,-2.299631421712624,-2.2951781871786205,1.8490019885272513,1.8493030496917346,1.8483965110219245,16.468359945382723,16.47313268488503,16.46265551988921,16.416090691934908,-0.4701137979414893,0.14072815747375947,0.6699417009138053,0.2455806617615255,0.24561847028181655,0.24516330327800798,0.23356754298860943,0.2335117294543412,0.23346612720285406
0.0,100.0,80.0,30.0,1.9286936390831668,1.9115583853489413,1.9204909806095944,-2.0547319336433985,-2.074002329485266,-2.069258956261052,1.921104269291124,1.920164100844947,1.9219277415554534,25.039554661686303,25.030469019856714,25.03130721744681,24.886254097529676,0.002576574771220205,0.020764634683123208,0.9994981059003356,0.3463728402848822,0.3465216351081843,0.34638766752949246,0.24195790930858693,0.2420581527713023,0.24219887534414927
0.0,50.0,40.0,60.0,1.2196696575475257,1.2078700136068243,1.2130251689566591,-1.573557291964513,-1.6118605485402104,-1.5856817411661426,1.212823973132636,1.2140628086987062,1.2125896346035234,12.86105287262568,12.856180404040748,12.856071996116118,12.83182887106827,0.5211036828425207,-0.0031258793671147095,0.33840338329877834,0.1852683257178384,0.1851999876168045,0.185138464776202,0.1531291207050297,0.1531022392393997,0.15294482674998156
20.0,20.0,60.0,0.0,0.7035666157300371,0.7009131283211626,0.702557324448124,-1.849619376594003,-1.8710078085138488,-1.8597441026404056,0.7025307129198444,0.7020894014093475,0.7033977775747196,17.30610332958111,17.31015511308068,17.305115517108025,17.281750323087145,-0.4815183388685676,0.1382295909938179,0.1794841320578256,0.21472797637277258,0.21458666372048454,0.2145501709926622,0.08820239567700625,0.08830538078259295,0.08836416259208477
20.0,90.0,70.0,-30.0,1.963435015947424,1.9420347815041887,1.9553626156496695,-2.813374444910102,-2.8280770463164706,-2.820051087251964,1.9562108147989825,1.9554401659420872,1.9550901966881042,22.18779174427198,22.190733701250064,22.18834514341851,22.06174264058904,-1.0053022196532744,0.20751165315960596,0.8984902072656282,0.31362528940551365,0.3136628142220174,0.3137626586130967,0.24682216690152411,0.24666564112905134,0.24677551141292736
90.0,20.0,110.0,30.0,1.744822518507488,1.72197008786087,1.7300536368046995,-0.501679171263861,-0.5166601952079757,-0.5078318343869472,1.7300771782570568,1.731191315335437,1.7295434074380271,30.436217295674684,30.4224674155351,30.4311418922289,30.31504901491573,0.08618067339236761,0.9073959068731576,0.20199564789177513,0.35465782237118215,0.35443766319328307,0.3547202325880804,0.21950823854012344,0.21943078809243485,0.21931345500593463
0.0,100.0,100.0,60.0,1.6857914171063315,1.6683095536121726,1.6791061927370035,-1.5112850963432098,-1.552928543284826,-1.5407000332366276,1.6806003501351237,1.6788350197611983,1.6787766271667586,30.20984587940804,30.202080285014056,30.20783913494751,30.016139075705254,0.5258603335777192,0.0268783479460586,0.9994376925382924,0.3983535939139736,0.3978815016835107,0.39836327338819427,0.21121284227016004,0.21097603345000293,0.21119412501021975
100.0,0.0,70.0,60.0,2.0611533764921357,2.0412182877605733,2.057090970111222,0.4271860822461872,0.4025750285353813,0.42231977216770406,2.05813242598763,2.0567597486928486,2.05760428529154,18.22319188167875,18.2192844861706,18.226634235870524,18.201800576943167,0.6800460437594912,0.626085449519951,0.0344341308686426,0.2006018802367149,0.20061463595196297,0.2008312955067283,0.2613476703840022,0.26129366795558395,0.26146803640358734
50.0,50.0,50.0,-30.0,1.5703745749611582,1.5608242436861588,1.563727044083487,-2.0712578056953004,-2.0952888423245453,-2.087936333064391,1.5637533705642574,1.5622953503484305,1.564820659075107,15.086339069890258,15.090122245732283,15.085061699778592,15.057692914863981,-0.9107746240125326,0.32425913548804913,0.364537347685504,0.20631237181885714,0.20642044145185973,0.20636662077874302,0.1976292587532292,0.19777586686728943,0.19794933807529397
20.0,0.0,100.0,30.0,0.4421186901657997,0.4224461396416829,0.4301442060210158,-0.4724696690798778,-0.507969575211516,-0.49060805120824247,0.4314331578223144,0.4314970599692786,0.42803469338825495,27.521865223365275,27.516475882779392,27.51066495468868,27.477319767572684,0.023612281766794946,0.20514613817263475,0.0002489584695991795,0.3134342214497575,0.3134098889767107,0.31308931931652323,0.05495993729916682,0.054524033093843405,0.05452141776502073
20.0,20.0,20.0,-30.0,0.914028046365356,0.8927553777388113,0.9034137814721848,-2.093589510106689,-2.176646752520336,-2.1387919044489974,0.9035831000413633,0.9031812315802777,0.9045201706801727,6.367374464188786,6.376657519305011,6.3610495175183175,6.3407264059942925,-0.8651868343614505,0.0727488729841935,0.10670206656277666,0.09573760360399196,0.09593110311758136,0.09558756126402579,0.11428098529684509,0.11441987045012107,0.11443029076172324
20.0,20.0,50.0,-60.0,0.7674390773131698,0.7476319437076013,0.7531542493827044,-2.824146223191005,-2.901913030953083,-2.879976622821728,0.7541192678263797,0.7532859390494643,0.751567770784356,14.601990579870229,14.60153517646603,14.599827434757291,14.573747147459567,-1.5157925756664092,0.12716312369738822,0.16671813103808833,0.18526480245956853,0.18512781456936125,0.18510646026262556,0.09500647055249217,0.09467416458474943,0.09477554232503331
0.0,20.0,110.0,-30.0,0.3900195762871631,0.3721896104959925,0.3793243280208279,3.141448262083088,-3.141482329235666,-2.7151324058004733,0.3817970905825695,0.3787574720938872,0.3818976075371125,30.921741818687952,30.927039775209046,30.926734137485195,30.808405568891516,-1.0467314334690838,0.006617356350698292,0.20006540810296644,0.36396651345105635,0.36406104147314206,0.36413805660699955,0.04615253079609103,0.046163726674933035,0.04653446306447293
0.0,90.0,110.0,-30.0,1.4492798270985194,1.434292982604304,1.443326013119944,3.141592336249524,-3.1415810942043336,-2.220884036339649,1.4404116212030684,1.4443627139533306,1.4465109475249434,32.59117056613792,32.60177325649669,32.59292340222096,32.40838045564709,-1.0469361739631238,0.00780669679665069,0.9002388165197546,0.41753325526812,0.417594459867763,0.41769764509235907,0.18073463577265764,0.18148557531580714,0.18098252731867095
0.0,50.0,30.0,-30.0,1.2837433579128117,1.2752197678954793,1.2791890281319003,3.1413300725654656,-3.141577565628877,-3.06611294153712,1.2797907850233683,1.278871443006807,1.279209240185397,10.192183163219156,10.197528148064501,10.194680195033396,10.177055215514546,-1.041866339314359,0.0064527894227305125,0.3034553500502366,0.15726653685243228,0.15720862729246454,0.1572249037252979,0.1616367975223558,0.16155964363076172,0.16169137815453177
0.0,100.0,70.0,-30.0,2.070888225902733,2.0562878673327827,2.063074800003376,-3.1182304954495907,-3.132037386274558,-3.125679702768995,2.063897304804955,2.06306648098978,2.0627699127389847,22.49030725271305,22.4909769760271,22.493146377140896,22.352519948012617,-1.0453969282857443,0.012913683504509296,0.9998758674194792,0.3221638402096404,0.32225113978724196,0.3221693181397994,0.26037629863514855,0.26023259699982343,0.2603378085176128
0.0,20.0,30.0,60.0,0.7129667502552578,0.6817393966706093,0.6975270963001722,-1.5504761750632072,-1.6992729474613706,-1.6081201811576407,0.6988075911462217,0.700218544387613,0.6978435960636274,9.340331004730087,9.34144439724992,9.34313512807606,9.300892018342523,0.5190628059013739,-0.0036286559252639836,0.1348014244597652,0.12954358014287062,0.12977026244737214,0.12968393522946015,0.08820090927134974,0.08808226959073295,0.08787483307716262
50.0,0.0,90.0,30.0,0.9938356069102358,0.9893092021340488,0.9924235240394782,-0.3217701503413743,-0.3293652712056019,-0.3244819398359741,0.9926511024065269,0.9927141889908883,0.9924149190944636,24.531456595798577,24.526156294996284,24.530942587059975,24.492770356950988,0.06001692248332634,0.41726666745122537,-0.015476917249140755,0.27669236848390993,0.27650231548120197,0.27659650153074977,0.12619838743083273,0.1261730983099125,0.12615502642799942
90.0,20.0,40.0,-60.0,2.103654872870204,2.0986157731015447,2.1020438860041954,-1.4773100648266104,-1.5465683786754585,-1.5258142204937326,2.101995052279636,2.101844167251579,2.1022385579087297,9.687431998500843,9.69055956876892,9.690194160634364,9.675290265502804,-1.2903141710791335,0.337569282059111,0.1149353856270097,0.11229239408276297,0.11226258445547381,0.11225710994140604,0.26686792064708326,0.2668985788794835,0.2669134800566376
50.0,0.0,70.0,0.0,1.1100706589462392,1.1073147060068245,1.1091181255177027,-0.8955812544075562,-0.902460955411664,-0.899334624705954,1.1096280973244121,1.1090354298917624,1.1089931596262395,19.107061940552974,19.099750991080604,19.087957960594952,19.07403321740207,-0.4366476106276387,0.36584756275785907,0.034660221497770476,0.21832838998892803,0.2181672377075563,0.21813114050142848,0.14085653380529822,0.14076431281148696,0.14084929038478988
20.0,20.0,20.0,-60.0,0.9418370353962522,0.9001142923744138,0.9192736694204556,-2.393083913231603,-2.643922140447029,-2.5419407597045858,0.9181880728870456,0.9188826785636187,0.919555379734971,6.248079244996233,6.250830528719414,6.254056672218122,6.226750631405586,-1.3691981339144395,0.07906441920509723,0.10014716400736447,0.09272773502017426,0.09271515208651734,0.09287861176254467,0.11625137142203561,0.11642321848258644,0.11633480980694681
20.0,20.0,70.0,-60.0,0.6752970747707505,0.6650316513682245,0.6679471499850865,-2.8683271911502635,-2.9132567628148736,-2.897331791363866,0.6681990216259923,0.6663806292805649,0.6692768384899217,20.000562399102655,19.997842852143574,20.01152010986055,19.982004469624936,-1.535869503263823,0.15507924802604017,0.1893972839422457,0.24392648405205392,0.24399573783680803,0.24406549608988945,0.08358329263252447,0.08373773961096607,0.08395820556909604
20.0,20.0,80.0,60.0,0.580779293831414,0.5726385779689556,0.5787733501984687,-0.6396537698330823,-0.659610040651604,-0.6461405632329955,0.5795326983526204,0.5803051332474772,0.5773097313709736,22.568574439118233,22.563655798122497,22.5691658290094,22.52950040901004,0.5544779290721751,0.17628137181431636,0.15282615922781295,0.2690392566957079,0.26908986669803464,0.26896439387393833,0.07275389390274208,0.07246995124507317,0.07238023722072338
0.0,100.0,0.0,30.0,2.1151208881956656,2.100805858001933,2.107849423445787,-2.550028983725685,-2.5847679325291857,-2.5680615730613727,2.1086983315178194,2.106656696891439,2.108660147462696,3.220505096997556,3.216051863936749,3.2115656516181654,3.1829514355742003,-0.47658180562292,0.0010736174933873035,0.3327532027145367,0.10488833235466391,0.10462088011877771,0.10465832424754183,0.26715949412618123,0.2671535484143838,0.2674210837109416
100.0,0.0,100.0,60.0,1.627016102252745,1.6215149277235887,1.6256400534618864,0.5195271260872747,0.510649353380377,0.5169147796089791,1.6254978212497393,1.6258168783986653,1.626054945299184,26.400124002162194,26.39525421011569,26.41012883470294,26.37005573154952,0.6046907305243426,0.6736758762316045,-0.18932155075447146,0.28254094418509557,0.2825359431630252,0.28268985054086665,0.20698784047409075,0.2070767962588199,0.2070264851930216
20.0,90.0,110.0,-60.0,1.48820547260217,1.4673396380228052,1.4807738359847324,2.89770968700408,2.877509220105533,2.8895882997493647,1.4810100370922843,1.482082297293366,1.481422809992549,32.580718355456185,32.58126088378137,32.583066868641765,32.390560882043715,-1.5525183746088467,0.2101594108940274,0.8995721556068309,0.41694394503754184,0.4176931699369537,0.4171214663213733,0.18591759259133012,0.18599395548539888,0.18586847529157338
0.0,100.0,80.0,-30.0,1.927860869251054,1.914895562242149,1.9207744063243535,-3.1228729111992264,-3.130192499175944,-3.127001641734994,1.92175312321885,1.9210844538899114,1.9209480519802895,25.031822411293536,25.043415838966812,25.036746817312554,24.887053206090037,-1.0458464568443449,0.012885688992983889,0.9999070252079983,0.34652597660523815,0.34653826676001287,0.3466900379623127,0.24214644355030515,0.24202510662798024,0.24211713929674858
100.0,0.0,60.0,0.0,2.102130424912427,2.0977153040676617,2.0998150666975195,-0.5381209518047719,-0.5463355576516887,-0.5402518591278024,2.100275350623421,2.1003220758557406,2.0989564158707936,15.22442280771534,15.224240889469867,15.21944650308879,15.219739430478228,-0.3401889629976725,0.5250778910330194,0.0382078747117169,0.16473256096770172,0.16471729468444088,0.16473079966643397,0.2668474575749191,0.26668360437811933,0.26667674038392475
20.0,0.0,60.0,-60.0,0.4972507143059617,0.4770717448648073,0.4820640175615296,-2.238258407710411,-2.287280218761996,-2.2732018347583467,0.4811767946847019,0.4820444811598327,0.48265419246350694,16.652858453599034,16.662182226667817,16.66281597398063,16.64210328963235,-1.5277888629351253,0.13569778459454235,0.03919508666103001,0.19371830166827222,0.19377550788521397,0.19371813910546135,0.06082862952546892,0.06101512999602103,0.06089527915892033
50.0,20.0,60.0,120.0,1.2139612668054562,1.171247458244384,1.2053918702630926,0.8485065886549855,0.7671347602445886,0.832273881080357,1.20615997263583,1.205520958536965,1.2067376368778384,17.001947186915448,17.009875551948245,17.00616386493186,16.98095480331266,1.6756084965035007,0.33632153894036115,0.17978054891401943,0.20897567625787128,0.20915711119277433,0.20904173051397285,0.1526065239726783,0.15268647965125967,0.1527591375432977
50.0,0.0,80.0,0.0,1.0729262569297318,1.069875420622456,1.071481043340187,-0.911252158972832,-0.9195670424190464,-0.9144343541875349,1.0725379449304324,1.0714674283693768,1.0706915767532748,21.87691346198738,21.86218686160442,21.857035934748815,21.841776815790237,-0.45012181106423166,0.40489735156214585,0.027885438297075738,0.24923020083648395,0.24891767407421775,0.24911536364011827,0.13616656893854076,0.13590809945295942,0.13607560188727316
20.0,50.0,100.0,30.0,1.021361505037855,1.0029983371308988,1.0088845268816644,-1.6302111478460228,-1.655383699805144,-1.6459389167207477,1.0123135907245184,1.007648574775816,1.0092010577091115,29.008103077828853,28.99956385757979,29.002630009975967,28.86826767676893,0.02275724868850915,0.20974193574229552,0.5000292494738235,0.3598207495713053,0.35970609875802206,0.35947266548742846,0.1263861157517449,0.12604312201515422,0.12661061983363997
20.0,50.0,40.0,-30.0,1.2965885486893711,1.2886167138906883,1.2912979552502937,-2.598748103175937,-2.645966946507768,-2.6333909220120044,1.2914197771489337,1.291305367285669,1.2911904577660707,12.766226713557936,12.76431547559212,12.763458378775924,12.736658605275991,-0.9730561041814929,0.12029526412963172,0.3374186746097983,0.18381539229824706,0.18398549980377218,0.1839696320234858,0.16307868350478202,0.16304477891449456,0.16307020619313753
20.0,20.0,60.0,60.0,0.7002575473188845,0.6872363719274907,0.6972000094299583,-0.8010444593972378,-0.8553609373038172,-0.8190881903180938,0.6972932638070318,0.6981796977919635,0.6969586818633818,17.309147631292348,17.303622531450465,17.30370775746885,17.280230936083374,0.5650681161920535,0.13605696233814216,0.1787432735392642,0.21456981743363626,0.21447019925661945,0.2146808406666934,0.08769444762397553,0.08764792196742635,0.08754218336424004
20.0,50.0,40.0,-60.0,1.3083793226630571,1.2895837360526297,1.2949572252167723,3.14149378557953,-3.141496665068328,0.5914060879241416,1.2946497833782404,1.2946238369112852,1.2950653539630683,12.753080142849749,12.7538504975693,12.758679424031126,12.72449047327336,-1.4938191392544435,0.12503430050991898,0.3361665264269153,0.18366506839018668,0.18380026295259416,0.18366015920750609,0.163469581554271,0.1635257367264079,0.16353495226217823
20.0,90.0,50.0,120.0,1.1513232633617043,1.0015985284785407,1.1179274942434185,1.3383716456823225,1.0559943431805638,1.272373132668268,1.12015284409087,1.1202299242900005,1.1218399345337902,13.464252193464933,13.469673710315881,13.467487156313183,13.473104618160967,1.6931390991685131,0.25818467458912636,0.03361057165408489,0.15364033738048155,0.1536352194686307,0.15358517891987,0.14216421078008176,0.1423723431482754,0.14235996077048724
20.0,50.0,50.0,60.0,1.222233637379834,1.2098727748222404,1.2186881223277422,-1.1048924356859957,-1.1707570399178782,-1.1189032849735976,1.2184893378891002,1.2177445537633211,1.2203859624405016,15.448642815697408,15.449992250687211,15.458759185871026,15.423215761747384,0.5754012353759798,0.12680470363161536,0.36932842450384035,0.2125047937134143,0.21262684571153248,0.212647363838557,0.1535122462674866,0.15374971754088068,0.15384919663237914
20.0,50.0,80.0,120.0,0.5528618712897303,0.5279384957910173,0.5483613797796706,1.3155949132309115,1.277261703984846,1.3000066566961523,0.5483722088823061,0.5481617156273528,0.550204696726203,21.808755883386468,21.824687649763668,21.83010349131225,21.802796243917626,1.6075926005173289,0.20225060048122542,-0.033761892066740025,0.24516570427039658,0.245046442525702,0.24520399308308385,0.0698198311941695,0.07005989745656507,0.07006883466716085
50.0,0.0,80.0,-30.0,1.0788377718189528,1.073307539238083,1.0753356171806205,-1.4338219465291036,-1.445141024470221,-1.4398614639491851,1.0746814793983777,1.0747566241481832,1.0766101999609716,21.863337444060782,21.867098635596918,21.8730387815711,21.844415658928856,-0.9734519241392813,0.40647880243486934,0.029017389961528316,0.2490383445874706,0.24931401091048724,0.24927504492141828,0.1363506799818631,0.13662230269899692,0.1366130549058803
50.0,0.0,90.0,120.0,0.9532119882503288,0.9390736140970112,0.9502381989909333,1.3713612778051996,1.3533055576525084,1.3650946499594183,0.9520891562463699,0.9494139304780915,0.9502459265421811,24.361099168903696,24.373923449514436,24.364365914123255,24.33469532248272,1.6268602696192114,0.3870960655212011,-0.0644537372744987,0.2710379054149961,0.2710296428413058,0.2709699312532023,0.12108475604217758,0.12084205493706954,0.12118421825074568
50.0,50.0,20.0,-60.0,1.852250726037724,1.845102884909697,1.8486379351507412,-1.803789213238803,-1.814580330927399,-1.8107319245094902,1.8482498444200022,1.847092709521392,1.8506539598537197,5.456210505517671,5.4546063760484085,5.459637342644209,5.433481461068092,-1.0545140621335072,0.1695367296153746,0.20653071019814187,0.09606245527731679,0.09582936186508033,0.09590083663674426,0.23422226197208998,0.2345315850831895,0.23468076842410115
90.0,20.0,100.0,120.0,1.925260391440665,1.876636792330652,1.901449558496825,1.1202578749576624,1.1037486028290076,1.113964883888562,1.9016923444876894,1.9014317795875817,1.9018290386520735,27.526474114308797,27.543220778017673,27.534428233766313,27.45448572330913,1.675247796304614,0.9042264910295676,0.20411069556984288,0.3218598985802846,0.32196649505098873,0.3217475985800167,0.2412568424539625,0.2412767927625257,0.24130025321323162
20.0,90.0,10.0,60.0,2.1173133593186675,2.104116723096112,2.111638739622908,-1.7153911174164471,-2.057599637432717,-1.8594047830148464,2.1101064223452655,2.1115284363804805,2.1134274203528762,5.924920167912852,5.918103887367894,5.921025864976269,5.889693864186796,0.36733781913661134,-0.0281650883662564,0.4256779334356489,0.1341990653768094,0.1340479670312607,0.134067248976351,0.267320727943123,0.26774799461644794,0.2675662455737032
50.0,0.0,70.0,30.0,1.1063874017911255,1.0986078740848837,1.1046221770038434,-0.3692228954508431,-0.3812167828072653,-0.37354465446217927,1.1049503346076683,1.1052127101665448,1.1043011697656444,19.094579212291013,19.096709909801945,19.096043217861315,19.07083679132933,0.08658934014883987,0.36421371376103634,0.03338349535072997,0.21805504295101805,0.21810573566034736,0.21801628478071533,0.14033212804439965,0.14025715711356618,0.1402129729369559
100.0,0.0,10.0,30.0,2.12143800038372,2.096606603344341,2.1061854588614786,3.1387520044266872,-3.13766379127446,0.7834560374002034,2.1070735234796167,2.1065993111392847,2.1080528848177025,3.9994141948021595,4.0042927285126275,3.987884716119522,3.3716554192545027,-0.9447038416915999,-0.057512737750904215,0.31480756894972906,0.10617383692943336,0.10618447177934061,0.10590335690763,0.267055161493451,0.26717909317246974,0.26723170581772676
20.0,90.0,30.0,0.0,2.0087261084889465,2.002508093248723,2.00596697099262,-2.2038475523334733,-2.2321992590548567,-2.212600158405597,2.0059125379746336,2.0053872944162023,2.0068807061841123,11.137918848869708,11.140072714194112,11.137854054729793,11.096699245976707,-0.41650073706663315,0.11394235093443807,0.5629746519710118,0.18934828136369672,0.18960207410444885,0.18939214485245184,0.25370498134259595,0.25383747694176545,0.2539121733604554
0.0,50.0,100.0,60.0,0.9404065113797356,0.912320384662651,0.9299687246572835,-1.4920106704345142,-1.5688335245567528,-1.5506437580949786,0.9314746040031558,0.9279140313340086,0.9340972081380083,29.01654944448338,29.008305143914985,29.020932316872308,28.889029539158376,0.5243953752091566,0.01086651470794998,0.49797188057322245,0.3598784730381101,0.35972488639941747,0.3600190768309808,0.11583316029376328,0.1161757205713287,0.11660827037789259
20.0,0.0,0.0,-60.0,0.7061190094217581,0.4705143310372723,0.5938132433528518,-0.1771359287378472,-1.1340726976971531,-0.6671730927333944,0.7321359077443643,0.7316519364162665,0.7316517289534747,1.927383349434486,1.9305793778583378,1.9357696630744397,0.9284472301684932,1.4143191503825552,0.0004733043325337444,0.05568956021427769,0.06040698922751387,0.060459082266853696,0.0605765283453658,0.0926022261938099,0.09254849880898401,0.0926227910164054
90.0,20.0,90.0,60.0,1.6711352797067571,1.663707087926002,1.6692722624074214,0.2576880358538981,0.2490718206685349,0.25469132572738085,1.6688921454501882,1.6698964897482325,1.669587642442635,24.26595059819647,24.26991367573496,24.279627637216205,24.236027942036237,0.6244181507390725,0.692995154672481,0.02403628966199176,0.2733317874689345,0.2734384739877425,0.27343263719499633,0.21204625954504788,0.21215442966733408,0.21201621063629777
0.0,50.0,0.0,30.0,1.4962543654636864,1.4841196182041227,1.4896995253851304,-2.6069329353830355,-2.621253154389827,-2.6131412621582464,1.4915964072788974,1.4890606238541537,1.4888031702932938,2.2758211836711197,2.2878979336449765,2.2747021980244866,2.2498730103947393,-0.5216398908309141,0.0005706229034551925,0.1660427832690926,0.07428462077422177,0.07436120812743346,0.0741958480168302,0.1889965374785085,0.18864689853857336,0.18897592853098488
90.0,20.0,50.0,120.0,2.108737315821657,2.0726062053344725,2.102671047804323,1.41850366872274,1.2716458333850609,1.3863876025439397,2.1022588155266577,2.102995219644239,2.1042537727828474,13.046277566404605,13.050900002209723,13.045167897951464,13.047554936886659,1.8025149600137687,0.47264102429914107,0.16532772048618655,0.15643978544423373,0.1564153002367889,0.15643438332202844,0.2667931502717701,0.2670424332083042,0.26695009182284646
20.0,20.0,70.0,60.0,0.6586174081296607,0.6496905116698855,0.6561398704588138,-0.8028076844323075,-0.8367302251862312,-0.8125508487799138,0.6574724859031629,0.6555469937770293,0.6560937184626691,19.99908114638877,19.987812866069216,19.996214810790896,19.97531576991297,0.5575802216117035,0.1505556983872804,0.18694087400689588,0.24374696521679642,0.24368689880711963,0.24383259741154248,0.08230809722542695,0.08213741972443032,0.08239403028204047
20.0,20.0,80.0,120.0,0.4834806777229549,0.4623622306708476,0.4800596217881837,1.485396591947268,1.469765007833202,1.4808371847767863,0.4796967802341504,0.48141898327546045,0.48049854202757236,21.717392617713298,21.72727452826973,21.723997849590788,21.69993493129592,1.6011533558637303,0.16595851815722018,-0.06348356857762402,0.24141785208342506,0.2414410955396957,0.24156629182853875,0.06156322408983785,0.061658821294462825,0.06145672172759134
20.0,50.0,20.0,60.0,1.41942898657461,1.3906033229386472,1.4073592876505885,-0.9630929241054532,-1.323474207104618,-1.0863661492710641,1.406674244625128,1.4097092413070413,1.4073263643869216,7.451301863743242,7.4521529880049036,7.459334248433635,7.443105891571437,0.656136563204122,0.06183588760409731,0.26578302352521,0.12840755515718763,0.12834583082403497,0.1284579072788161,0.17823178464383477,0.17831874842759945,0.17793344431200583
90.0,0.0,50.0,-60.0,2.1017633136353937,2.096464913781343,2.099235708933465,-1.4195812653416886,-1.4703368840745643,-1.457508791117625,2.0992641319249783,2.0990764936221256,2.099327941392664,12.15146212178689,12.154134331162664,12.153030913143825,12.14138631344013,-1.3589432701165254,0.40196021645645774,0.03225197676764761,0.12674336074355363,0.12680034186182745,0.12686354648342407,0.2666763581789103,0.26668361868811385,0.26670965701709576
90.0,0.0,70.0,-60.0,2.056288213931035,2.0376898750215835,2.0415310672671088,-1.6576284152115042,-1.6789942647410947,-1.6746728223335392,2.0404677602302033,2.0414585842806567,2.042074420535814,18.23386938341478,18.241021255478834,18.23970835220911,18.215595177685582,-1.4155153745057159,0.622019129780651,0.03286499424633416,0.20096533061528654,0.20106244043948415,0.20093175441100994,0.2592296430094679,0.2594316407891458,0.2592926385829686
90.0,0.0,90.0,-30.0,1.9032987149043972,1.8995600304880236,1.9007304753394638,-1.2613764115367376,-1.2656750597203248,-1.2643405075722078,1.9009893021511295,1.9009183515284298,1.9003432889696812,24.073968183315984,24.07537399005559,24.069024554522294,24.039467167095257,-0.933101395918347,0.7775206248927996,0.020807571507588253,0.2693264177009615,0.2691940814841934,0.2693161175826186,0.24153167208066922,0.24144032618314476,0.24145687337340763
90.0,20.0,80.0,60.0,1.878263010229057,1.8667336757480564,1.87591637798114,0.1832189436804969,0.1700556748316231,0.1807452706581027,1.8761034430172692,1.8754537623886156,1.876831350930672,21.703259439100048,21.693068026449826,21.70019391671958,21.67083153994184,0.6525221372050631,0.7037149320338993,0.13172258841368517,0.25128934079697063,0.2509989135272009,0.2513779898046649,0.23803377791364283,0.23811440229102904,0.23820531206892104
50.0,50.0,50.0,-60.0,1.5867420986854162,1.562016438687564,1.5682543546133745,-2.5532239207565737,-2.6181986066939147,-2.6015100254082175,1.5668959668141085,1.5684991902775733,1.5683037658085075,15.069182475518229,15.07839633018072,15.070430830143005,15.04242575280334,-1.4330819529333025,0.32721050213502717,0.3626126108940351,0.20603447008782652,0.2061200458972324,0.20597019208197748,0.19828929623406988,0.19846388064075415,0.19825373697226747
20.0,90.0,100.0,-30.0,1.5869319695724662,1.571458024713254,1.5799038695786252,-2.854168272406888,-2.8719132080793197,-2.862726485807901,1.5806567494404278,1.5813454705731007,1.579086992033638,29.959579793951242,29.951688236249176,29.95557321928982,29.78577421642662,-1.025420505933575,0.2092166499087528,0.8997391586814448,0.3906844270036542,0.39060184225130123,0.39088421616317337,0.1988107345577537,0.19858753421916575,0.1984933188995896
20.0,20.0,40.0,120.0,0.7939980673980366,0.7367657582839822,0.7752935974831784,0.2679684844579884,-0.0818097503909165,0.17060703834576985,0.7762533645305236,0.7765842248689302,0.7762028271048903,11.927644784754314,11.930450737401916,11.934304660342793,11.918644073766153,1.6334227476269765,0.09355605836668263,0.1563901250514749,0.15644436225725802,0.15648278553436035,0.1565440609325239,0.09789178531619247,0.0978680442968033,0.0978363330313335
100.0,0.0,60.0,60.0,2.103465798249492,2.097731622259936,2.1000847013920323,0.5110314182885948,0.4711615254358103,0.5032983491032371,2.1004689955993587,2.099283167727163,2.100617265004864,15.232716312278239,15.229904618008815,15.234606323277113,15.23049164540036,0.7072882596406442,0.5263580288313804,0.040574170326328055,0.16505179551913973,0.16508436119719966,0.1650815723822229,0.2667072089511445,0.2667247648518808,0.2668741529541715
0.0,100.0,10.0,-60.0,2.118783458405567,2.104777894782715,2.111118611413602,3.1407827915189097,-3.141420281905829,1.8969674360775177,2.1096364445815095,2.1118470163440226,2.1117942817763558,5.837449736438593,5.835547528466918,5.8376003458961945,5.805243695494097,-1.3552256315134066,0.04093474788194556,0.4243491064374017,0.13358066523428508,0.13358031620835265,0.13360485459748056,0.2673837632897275,0.26765007224510434,0.2673732710055363
20.0,0.0,120.0,0.0,0.3827883457302196,0.3297839743447173,0.35491645826897655,-0.9507961899557568,-1.1308067224393334,-1.044487869384037,0.3708402895260033,0.3688675514321144,0.37075462593654185,33.1085884143071,33.10564389577818,33.0944326659441,32.990759059515774,-0.5073753409380972,0.20379704876250615,0.00011060274925855382,0.3773465103064038,0.37711460159267307,0.37712568577311995,0.046868736836873356,0.04685331790556974,0.04707317255238116
100.0,0.0,50.0,30.0,2.103433272919763,2.0982241710638903,2.1002132007262526,0.1029347986218761,0.0521611701870982,0.09109376947917427,2.101036276883985,2.0990889956792245,2.1002500522665857,12.21565676681753,12.205724221162585,12.211742400231287,12.204707826714765,0.2143717008535809,0.40922396158144203,0.04234042945248831,0.12888995630061864,0.12882380360473136,0.12902215187718732,0.2667702254097883,0.2666715030283717,0.26692364834895316
20.0,90.0,40.0,30.0,1.922985318118076,1.9148716832750865,1.9201174637937937,-1.7346939968408233,-1.7896543258639566,-1.749091540126252,1.9202279747921265,1.9191383368086403,1.9216608125161165,13.80197446544007,13.801888513403386,13.803740485533853,13.760386368019242,0.07078396012618393,0.12444155622540985,0.6177825954086459,0.21713624942771542,0.21707798016027216,0.21721497356891137,0.24259258389242241,0.24277709969910646,0.24292262146568105
20.0,20.0,100.0,60.0,0.5990925658345558,0.5634097802122627,0.5781419507232919,-0.671073662649124,-0.7604186887310788,-0.7242247643427143,0.5789280822274471,0.5780830710495812,0.5779114195270895,28.164909205955226,28.155098964623708,28.161211767045398,28.073199657807887,0.5468100464900659,0.2070802369797123,0.19953440897735086,0.333574747253723,0.33349696857766414,0.33357799414451816,0.0722408750136241,0.0721106871745577,0.07222531431130226
20.0,20.0,30.0,60.0,0.8416071305443728,0.8024996262582045,0.8285049093151273,-0.739108631149741,-0.9974136092118492,-0.8198210074110026,0.82865996113402,0.8301842319277407,0.829354313768559,9.217625340171349,9.216197678501846,9.218779695005024,9.203552946614977,0.6161975104930432,0.08034596877331497,0.13676767118012526,0.12738876261344378,0.12742628838470668,0.1275733948424092,0.10475596924706587,0.10484503904410075,0.10465316860362114
0.0,50.0,110.0,120.0,0.8735078963969239,0.8198644865027538,0.8627551096199989,-0.393704595726173,-0.520903666697879,-0.49620267774688165,0.8637668673408242,0.8659358215185864,0.8637157501105214,31.667307126920033,31.680960370695914,31.668491388705736,31.535994865939255,1.5717529022582934,0.015035601606827879,0.4957884465384755,0.38812755758662265,0.3885893743759816,0.3885040702462133,0.10765344139182173,0.10764182747191271,0.10738629826753451
50.0,20.0,50.0,-30.0,1.280300829559095,1.2679325109533954,1.2726633345881722,-1.6992042543280648,-1.7247602089937606,-1.7152109617208282,1.2737154225879639,1.2724916144358687,1.2716645639026731,14.17560074435485,14.18036072259978,14.168335939326207,14.15592823590728,-0.9125665224387837,0.3001058110793148,0.1629041400413025,0.1772905121553004,0.17735741070263408,0.17707381758105914,0.16133096537718045,0.1610668734819532,0.16121225286945948
50.0,0.0,20.0,-60.0,1.4934807731370023,1.3175166129998526,1.4015672870678968,-0.7321985737307322,-1.0209332002014704,-0.8834352504077003,1.4579749874331471,1.4551570355135792,1.4561466907943996,3.9524047334683043,3.9312457501666023,3.9290125438036423,3.6095659402053313,-1.3608148718532946,0.04823109676228059,0.04359195951550454,0.053995714652193647,0.05368034605546678,0.053411280243300926,0.18494910931096356,0.18469102562623319,0.18507146165925653
0.0,20.0,100.0,0.0,0.416126278725638,0.405889672337384,0.4102102471724386,-2.5606557367719023,-2.628172012679639,-2.5913083581803202,0.41127124780388963,0.409859681776933,0.41076599286771337,28.186905811189245,28.190930045829898,28.183840041402107,28.10733862650283,-0.5230772819308287,0.005916837421368981,0.2000518830533359,0.3342501766248001,0.33419552857025403,0.3340803895978817,0.05029333710480674,0.05023187856641046,0.050417958707912686
20.0,0.0,80.0,30.0,0.43073627217452,0.4214169657010662,0.42685168893007314,-0.609945152588471,-0.6648955016939555,-0.6277568169873782,0.4280302170150408,0.4265245924380072,0.42737395054874244,22.100848323130645,22.094000588841833,22.08782451125218,22.070707303593874,0.029022974641225673,0.16190349091181178,0.026100203287105772,0.253611944169822,0.2534942322845721,0.25345474532468676,0.05403273648953241,0.05396015381685857,0.05412724976990418
0.0,50.0,80.0,30.0,0.9974752851505572,0.9925295814268508,0.9948975718502039,-2.0016118819942803,-2.0201477009492708,-2.008074797729353,0.9941313333140465,0.9961569051541682,0.9946215764556627,23.56037516548816,23.555198280570107,23.53531903486247,23.487467559018913,0.005323199531434319,0.033332324344185704,0.44566882973118105,0.3003232819005903,0.3002394876589763,0.3000484297621838,0.12473034554568867,0.12480922122071043,0.1245384756903363
20.0,50.0,40.0,0.0,1.289646156600159,1.2842434443319437,1.2867571699123168,-2.1199131236894755,-2.1346794298560314,-2.1250194382295486,1.2869326113635569,1.2860136103911084,1.287651053240814,12.777698929612926,12.772120598109877,12.76930042669746,12.743124607268195,-0.45178963767978353,0.11636239678687856,0.3377133484047543,0.184144544545531,0.1839639911752086,0.18398875389151548,0.16239407231691835,0.1624904221197934,0.16259744673109536
0.0,50.0,50.0,120.0,1.183802504405918,1.1389526867467072,1.1562610853078026,-0.5161616923194433,-0.5900128959336206,-0.534509370878703,1.158250624239609,1.1575457094043027,1.1579124673861223,15.536971114991717,15.544680795253873,15.539933018433924,15.507692591526247,1.5693592240065566,-0.0028308360073022332,0.37096772190830163,0.21271139552375182,0.21268423650809862,0.2129611909168019,0.1458719262511475,0.14581915784809893,0.1459045034804753
50.0,0.0,80.0,30.0,1.0665284044313474,1.0602929039116913,1.0642484603132876,-0.3804991790097209,-0.3900141803050311,-0.38371879817080695,1.0640761012758528,1.0650497095068914,1.063970812023694,21.85403593066352,21.856950194152084,21.850194254372525,21.831057736641114,0.0729467339443668,0.40174180703488815,0.024288860226284806,0.24877030200519504,0.24874342172451913,0.24855690837999717,0.13520334218230548,0.13519887371094483,0.13504877639933402
50.0,50.0,60.0,30.0,1.4835016863789403,1.4737698350917765,1.4808271399280613,-1.095600052450285,-1.115949236651658,-1.0997578000702894,1.4811456532132006,1.4812727790707074,1.4805804534215403,17.848294858796002,17.843154251759074,17.846853760354836,17.815077893854003,0.10518428431283051,0.3552927574417411,0.3913262439831943,0.23603613963627787,0.23587311859654747,0.23602801396612053,0.1872101227144173,0.18712772746901138,0.18712683236832003
0.0,100.0,50.0,-60.0,1.9693290396541685,1.9638655997203909,1.9664719789867158,2.6758314492799475,2.622066507291007,2.6342524919005696,1.96593422327234,1.966982691907753,1.9669955191288084,16.760361544053342,16.773068456642832,16.77641132731665,16.710638518548823,-1.568431412310011,0.009480289617847972,0.7540247436791012,0.254104985055552,0.2543696046774061,0.2541678398107002,0.24833872379428829,0.24847690046874205,0.24835769405730762
0.0,20.0,80.0,-60.0,0.4885769412948318,0.4793830956881119,0.484592901014498,2.663442526444408,2.599128369938857,2.6312243396449704,0.48546515854953814,0.483373568235959,0.48669494824948767,22.747700953160635,22.759472065107424,22.763822129163024,22.72299635011984,-1.5704602069990896,0.002985741978540571,0.19687874278341172,0.2743780865665629,0.2745275302710431,0.2743950017251559,0.05977759970547977,0.05995092754462723,0.060227481616827304
20.0,50.0,110.0,120.0,0.9472830930860924,0.9279624648475788,0.9368310717005115,-0.018419913513383,-0.1012105329913731,-0.08217321386327858,0.9373592543331032,0.9358522379777681,0.9403319091978807,31.669217959145122,31.66570135235495,31.67693601569056,31.52112913058936,1.5898449707397286,0.21194589746015127,0.4982414136634742,0.38836886791909797,0.38850455108447157,0.38854093691538394,0.11675640356703498,0.11714543693435155,0.11730917656114469
50.0,50.0,120.0,30.0,1.1624845531943029,1.1288792088121746,1.1430143937658965,-1.1971499701184571,-1.2244509812501558,-1.21148275273111,1.143527689218286,1.142910766077526,1.1437276224998274,34.281743389436414,34.2837365685531,34.279687423853915,34.10461691322912,0.038963456927078,0.5064330152446626,0.5007622481993036,0.4158983906735182,0.41612068323593465,0.41580646025143725,0.14358040216263612,0.1436484911883139,0.14373774762150215
90.0,20.0,90.0,120.0,1.6611737692008626,1.6443538563492544,1.6583436547920176,1.3389102178015204,1.321404891273743,1.334975910570428,1.65723682025282,1.6594063038581863,1.6593941169929076,24.179532603564287,24.19746934107504,24.192685746751774,24.15694388866985,1.670376066743592,0.682083676828797,6.688645028002295e-05,0.2705172907295971,0.27071479697576234,0.27069252159866236,0.2106702139349531,0.21093988319262813,0.21065885298094403
50.0,20.0,60.0,-60.0,1.2375002862269906,1.2164944946597822,1.220898293621875,-2.259305204488725,-2.297200516727653,-2.289406776236449,1.2204575301009628,1.22016111373159,1.221295721260667,16.977538587463673,16.984792958499696,16.981176774047427,16.95311341043475,-1.4640456183357762,0.34261842212839927,0.17626507845859887,0.20838764024522516,0.20853939676370659,0.20843477159935567,0.15445494815279642,0.15457032128992393,0.1545990143870602
0.0,100.0,30.0,60.0,2.123130444625219,2.105414341573346,2.116926540166774,-1.5642264107917223,-1.6611320031375227,-1.588454101230609,2.1165105868191176,2.117443800977227,2.117588363643466,11.504353640556303,11.499707942312167,11.497369650580328,11.459630039216965,0.5181548217375531,-0.004978189059829051,0.6325931819756702,0.19777512761038887,0.19770947892610163,0.19758077923107947,0.26779412931539043,0.26794873340696984,0.26782534425850224
0.0,100.0,110.0,0.0,1.5840224014824005,1.5694547456730603,1.5769255259031323,-2.5996396141484515,-2.610306148577186,-2.6056153067898276,1.5773705071054798,1.5775026109193238,1.5777620389697444,32.797373931183294,32.79293328558097,32.792255710784076,32.608814138860616,-0.5229404157106121,0.012600315533835985,1.0000586329409842,0.4240747437969046,0.42422072895107554,0.4238813645017767,0.19798896051507792,0.19802446124941755,0.19802259786661758
90.0,20.0,70.0,120.0,1.9984502391040375,1.9630516720175333,1.9912556192326873,1.221805639906449,1.177057399328135,1.2137818212989386,1.9913811221261304,1.991227144573699,1.992811531609736,19.004301410563126,19.013147071086635,19.010504143364155,18.98653951448925,1.7276179256499133,0.6551168708395239,0.18481029699589632,0.2250779751634323,0.22518496295492033,0.22517694249975254,0.25261018536299523,0.25279510415625284,0.2528133488410907
0.0,50.0,10.0,120.0,1.4692431125892906,1.4207047456087656,1.4400796838829542,-0.8586681168238566,-1.6359701757753504,-1.1827666170754843,1.4369949728339055,1.442493934621393,1.439649404469407,4.686512536310459,4.68911196343213,4.69915219512849,4.649619424789902,1.2794256830016097,-0.04098311797098788,0.20556349052053102,0.0974614033126313,0.09748728998117256,0.09778734880096995,0.18239115905791503,0.1827185067193695,0.18202582187224134
50.0,50.0,70.0,-60.0,1.44547806610078,1.4349862196136909,1.4375314134285968,-2.6849699256731454,-2.7073024272238184,-2.7026815842206795,1.4377575259611395,1.4372855228547137,1.4374271788761184,20.609859097109286,20.61186281355195,20.61520214674798,20.563489023868378,-1.484313702311386,0.3941231573234501,0.4240322149719432,0.26685714970745716,0.26700812476882235,0.26672935433041023,0.18151422704675216,0.18147801795368707,0.18152806873874747
0.0,90.0,90.0,30.0,1.654723282134673,1.6391406760056766,1.6478444740310123,-2.0325403905930406,-2.054401690641142,-2.047922886528247,1.6504939537644716,1.6472222384608588,1.6479699969015014,27.38719662662983,27.375154486991605,27.37160148071685,27.22221656086194,0.00395672636475695,0.03517532681348577,0.8995721475165185,0.36457750138167005,0.36468432898688763,0.3645464675555324,0.20738911588724537,0.20708916280068682,0.2075128345259194
100.0,0.0,20.0,60.0,2.2855224052892216,1.957813058775844,2.097024829294599,2.340901500348544,0.9596810376114502,1.6491397800158447,2.095002529537477,2.1031583173306414,2.101167876363188,2.8944991485201195,2.913150939000981,2.8995452646461546,2.8136271301998494,0.45926219818444197,-0.008624352801231512,0.14767168123174773,0.05375603128459295,0.05370066171377358,0.053853423930163624,0.26637333260189994,0.26715672430756615,0.2661165003104444
20.0,50.0,10.0,-30.0,1.5093003065388653,1.4992308599805244,1.5043374006018677,-2.084123481461228,-2.1667663958609333,-2.12099400519653,1.5036703939314155,1.505084451394847,1.5047198969204685,4.41489544072808,4.417614513298037,4.411908853760687,4.391636568731696,-0.5912724705172333,0.06146048190775238,0.20659363075206494,0.09514401972315015,0.09529246978322956,0.09519798462979619,0.19060727621294465,0.19075591081094107,0.1905676122856584
50.0,20.0,10.0,30.0,1.5165073813328298,1.3949158230487957,1.4530240438324207,0.6181942092243399,-0.4222763122521644,0.13291211678905365,1.4579106857470037,1.4532949004704996,1.4535759177836025,2.3102283316914183,2.314720695100712,2.3149192498992037,2.2195299465283913,0.872193388479475,0.053084242776259435,0.119122935411738,0.05986530401906535,0.06010657374107608,0.0599738773678416,0.18475152398120687,0.18420394150500496,0.1847858910542582
0.0,20.0,80.0,0.0,0.4844910746107955,0.4786114300558072,0.48199386795119104,-2.591829675269934,-2.636868142066442,-2.6159195207627244,0.48256624306283535,0.4825314397911786,0.48304453682995246,22.75760530692307,22.754238352199355,22.750631413516953,22.719356504927354,-0.5236267840323203,0.0008266954777337853,0.1957418533365636,0.27440954287557096,0.27433307256673617,0.2743902533743613,0.05963204888072856,0.059703735108472544,0.05968726754959612
50.0,20.0,70.0,-30.0,1.1723597782911814,1.166896855929212,1.1684870431130343,-1.7968793640076666,-1.8056010992414728,-1.803138594708044,1.168408092355486,1.1674008608046043,1.169519258435446,19.754877628919097,19.75191493141417,19.754774012808806,19.72856853804064,-0.9601769249744785,0.37941764508681874,0.18816237135352928,0.23924382266574748,0.23925834873900603,0.2392959745185381,0.1477099662618379,0.14784446818850827,0.14797758071977604
0.0,50.0,90.0,120.0,0.2320736595494593,0.2108174693517887,0.22622578546342495,1.4940528242032258,1.4438407548372123,1.4644450403668545,0.22636161848831501,0.22772321136902235,0.22789963497954369,24.633740559550436,24.631104734014716,24.63474772239661,24.60509221054901,1.583511183927595,0.08876195609205953,-0.04084290254659834,0.27743813739536005,0.27770263452948707,0.27803701297707395,0.029444643700879302,0.029624194679035883,0.029472913416629585
0.0,20.0,60.0,0.0,0.5626807738689981,0.5594784236471219,0.5609865841300979,-2.607394697201649,-2.618694248886288,-2.6148350050335005,0.5596740742376437,0.5622114990977614,0.5615309409816115,17.371216054922744,17.368617741620355,17.359192214328335,17.34144262200016,-0.523590371191723,0.0007637288597697859,0.1805051601080764,0.21560204051656473,0.2158947328572506,0.21561254116956174,0.0699906470609488,0.07022393771826665,0.06990615758143745
50.0,0.0,50.0,-60.0,1.2336758354145416,1.196147215404065,1.2059846376734662,-1.7984391016192731,-1.8683152345374476,-1.8476070525320791,1.2060231214175385,1.205745111468473,1.2047337471750181,13.425296855806055,13.429611149691432,13.424578755244456,13.423476207674142,-1.4388468290928214,0.2784758297480642,0.0370875079789201,0.1532941344644179,0.15329330674104122,0.15330147085999685,0.1531509978712869,0.15298382740117256,0.15302546247856946
20.0,0.0,90.0,0.0,0.4171024334809006,0.4121122909508565,0.4145439291227488,-1.1063472238043506,-1.1288294690438432,-1.1162480864005961,0.41523612297771084,0.4159883895868445,0.4133297197793972,24.835236980811043,24.831087294825608,24.824775354912877,24.793836776678496,-0.4984413960343707,0.17755849601393153,0.01951220359349633,0.2842524573632485,0.2843805974004051,0.28398636395308224,0.05271631688665519,0.052452748468811795,0.0523681825540522
50.0,0.0,110.0,30.0,0.9962430461992144,0.9551666091602626,0.9738269143526147,-0.3943710372248132,-0.4124225173674676,-0.4013381014042518,0.9738451772148902,0.9740803309685343,0.9732263083569425,30.189902752904597,30.181503511971517,30.18244973452195,30.09724356669321,0.048480311809488634,0.5071520643424148,0.00097652811952302,0.34273780738624116,0.34272238676969485,0.3428064823163804,0.12383943481126863,0.12376429491928617,0.12374525803275785
50.0,0.0,60.0,-30.0,1.160643407461986,1.1511838009393611,1.153551522851015,-1.3812120062166715,-1.394867606265491,-1.3915081437233578,1.1535710039947107,1.1538122798733306,1.1531933354997752,16.300577747627365,16.297601785752267,16.28974852964268,16.28021281793996,-0.9417077514984221,0.32443307253459813,0.038657853553059805,0.18653549218996643,0.18666371868885762,0.1866561949703711,0.14647812551144887,0.1464231591701457,0.14640427842480142
20.0,90.0,0.0,-30.0,2.1147493582253407,2.102645552719134,2.10788735895465,-2.50006099040788,-2.5325541950988173,-2.5165289675317397,2.108629055211095,2.10523130233032,2.1099872326732165,3.217162643414003,3.211998173813014,3.215472444527808,3.183099487884192,-0.4250237027853674,0.001060556439857788,0.33270986067284863,0.10460040099390283,0.10457767409872329,0.10462703684251053,0.2669771257921123,0.2671514278974355,0.26759242303837355
50.0,20.0,120.0,-60.0,0.9258726543509262,0.8947413598119456,0.916376468062253,-2.368090735704859,-2.3843154193657456,-2.377366256216169,0.9198965672676274,0.917874878242651,0.9162668160164128,33.522769956783065,33.534061194000884,33.52934188656934,33.401147894764,-1.5311127059573868,0.5040957911808108,0.1983157869305744,0.3925136178037409,0.39225927607480443,0.39212334856626613,0.11599522388536619,0.1155161695799446,0.11576931233701486
90.0,0.0,30.0,60.0,2.2344534950390336,2.059319905548088,2.112632099148013,1.3026422447085952,0.7818761790307064,1.0903323966783343,2.115873801449003,2.116067298548212,2.118996965137504,5.6539163932381085,5.660650723200781,5.67355650688726,5.649192698637352,0.7844689788670777,0.14119621003595476,0.07468586073922719,0.05360924444571432,0.05375487073139628,0.05386320074010378,0.26857911767676634,0.2689817412832947,0.2689959502291211
0.0,90.0,90.0,60.0,1.6524947874550475,1.628898001283429,1.645253051439602,-1.5220187797601958,-1.5641937207006975,-1.5540578043215598,1.6476416465941783,1.6465520422065163,1.644414805573065,27.368059457193482,27.36713470322824,27.376419989156407,27.220060610418336,0.5248346908507706,0.01449953573823131,0.898125536786207,0.36447455609309765,0.3643277423354743,0.36457843171857496,0.2072494207403044,0.20682717529248,0.20700151519869261
0.0,50.0,100.0,30.0,0.941974212688728,0.9226196117345248,0.9327140464031503,-2.0017054012119098,-2.0493870658448734,-2.0370861715680837,0.9326528476957777,0.9344963248863971,0.9336329543732238,29.022458213558316,29.019050986474234,29.016915766422677,28.892076900118468,0.002619240142472889,0.027134569997868285,0.49930238850297304,0.3597999622839812,0.35999046666723544,0.3598278623386754,0.11651320983681822,0.11663495754903717,0.11641294120053386
90.0,20.0,30.0,-30.0,2.108452683584823,2.095286538221288,2.1017511923430634,-0.6015367825006521,-0.7731430841385097,-0.6723677137839007,2.101841369186933,2.1025919638198554,2.1009670781140604,6.100793552878837,6.096413396507384,6.096978250312837,6.103819906720951,-0.7164962517036597,0.1881520059063979,0.09762046041536515,0.06660606682391602,0.06641402116093267,0.06656110703043888,0.26699642619010167,0.266879555290166,0.2667882499127027
0.0,100.0,20.0,0.0,2.116154641235485,2.113065084298123,2.114619069778488,-2.592181898286505,-2.598013247743491,-2.595193146293788,2.116878801691167,2.113960645369285,2.113098535324343,8.739278944522235,8.733438262066992,8.727217375682088,8.689776383527702,-0.5162833782575862,0.005733943714884517,0.5350248695761108,0.16753162501919605,0.16750632299335844,0.1674881576199843,0.26791776613587104,0.2674347975524679,0.2678035884760926
0.0,50.0,110.0,-60.0,0.8744290124036317,0.8594242143132539,0.8674899229521739,2.6409658338025817,2.609513166420209,2.6316207140946193,0.8679380234455413,0.8699536173871739,0.8682194706384023,31.67467194763461,31.687551779868734,31.674895869930296,31.544821673679248,-1.5703845417337223,0.007834829617686693,0.4999799414048811,0.3883261110739959,0.38883337583011174,0.3886988846607377,0.10814155548976268,0.1081775313636712,0.10794044730434503
50.0,50.0,60.0,60.0,1.483897429903314,1.468519180516224,1.4800250232086556,-0.5704677113887865,-0.6071954208057865,-0.5779998700350061,1.4799725140028919,1.4812078060916904,1.4798508285064635,17.850066510036207,17.84557003605248,17.851778969786604,17.817634955361534,0.6285903948121719,0.3545419154728759,0.39174528612366005,0.23601959337470976,0.23603487083771738,0.23605163752248706,0.1871326279579437,0.18711974379082508,0.18695643445434246
20.0,0.0,120.0,120.0,0.4045101650474582,0.3426318294706927,0.36688224891809024,1.1377862189058003,0.9903108900527758,1.0527943203198187,0.37151035753541795,0.3701150381985258,0.37016490820982123,33.09045668211097,33.10295604629914,33.098925428380355,32.98868721127697,1.5875759851538853,0.21100412934447194,-0.0012604849306489016,0.37691129691489567,0.37706220021994097,0.37681312837037745,0.04704014304347877,0.04688661601616911,0.047055027392687826
0.0,50.0,60.0,120.0,0.5347026104510111,0.4924074457668986,0.5193756087320403,-0.0105772613635644,-0.2362530774965638,-0.08839331968088049,0.5203321558425072,0.5216235756359578,0.5206287744558983,17.22824604852224,17.241261011581894,17.236756945223288,17.21319014554879,1.5899188683368042,0.062212698624043355,0.15168693156103297,0.2113202846226082,0.21165763486542113,0.21159236272707588,0.06505995932364078,0.06508713553238853,0.06494578085139643
50.0,20.0,20.0,0.0,1.4748012429356088,1.40769275890478,1.44724891672815,-0.5454670979342603,-0.8687732987206809,-0.6810588421668292,1.4487197309448268,1.4495682769549245,1.4470949683037053,5.139855149270516,5.140940354526369,5.143801162651553,5.143251016750301,-0.11617481735789846,0.1285358082186815,0.10826751427860085,0.07678873873262078,0.0767275356207501,0.07689251375834498,0.183935138455789,0.18372889273967186,0.1836241425395703
20.0,90.0,110.0,60.0,1.5702591082566284,1.5449155499161074,1.5536179903772,-1.1026112966317234,-1.123771822657025,-1.1171747001674543,1.5546415456574947,1.5545626081339945,1.5527511184119724,32.537316739095296,32.53233875423387,32.54012191604559,32.35660735001374,0.5551271843000116,0.3590349531218729,0.9006762547134511,0.4164542465624005,0.41659680826419937,0.4165719684749853,0.1953722711231331,0.19514996185627068,0.19516955530097224
0.0,100.0,40.0,120.0,5.689557695410094,1.5555111197292983,3.978706937418724,3.124250665916767,-3.1412799543684087,0.03621597944972588,6.995477631025983,6.97298242463529,6.970457503727826,19.337774794592953,19.32418908691,19.299845359591846,12.127744849066934,1.4617399774727908,-0.06294673895396077,5.2895570502670415,0.5317853789322665,0.5315173813316034,0.5309540752958062,0.8848797044142457,0.8817157574306493,0.8844020537398645
0.0,100.0,10.0,60.0,2.117678687879692,2.1060694443165504,2.1117118058140916,-1.7306198139942257,-2.0933333097633584,-1.8838156990115134,2.109690942032262,2.1120979952164642,2.1135975544483405,5.914277253680619,5.9097485642588445,5.913655878436109,5.8783767040850465,0.354159116257021,-0.030473137772111664,0.42487805487852376,0.13415206569261123,0.13393296577350114,0.13400606487389474,0.26733016258046643,0.2678270547750957,0.26752481929362654
20.0,20.0,50.0,120.0,0.7470529280730016,0.6919701865879039,0.7357138259827807,0.2499758772141186,-0.0079245759246635,0.19800472176488426,0.7375347699647065,0.7360699787297232,0.7367536162589136,14.625756540549428,14.62689120498842,14.628160009846331,14.599169383541792,1.6209171439095158,0.11500968638215531,0.16951624585940744,0.18580969928961125,0.1856794095610038,0.18584353137002338,0.09274359898605686,0.09262968499985337,0.09281236384002835
20.0,50.0,30.0,120.0,1.3493919354741457,1.3243993552063111,1.3380885698258222,0.0046539888140929,-0.3875043123804801,-0.12441950001857013,1.339393239517397,1.338496688796883,1.3376613753153623,10.156440833983893,10.160590897728204,10.160770335397006,10.139359481702478,1.6477997088142653,0.07298497391861322,0.3075288708558253,0.15672499052085365,0.15678375309106996,0.15684982684006332,0.16928295975518237,0.16907464282645654,0.1691794266375538
20.0,20.0,90.0,-60.0,0.6447115612955044,0.6203868567748022,0.6277943542434983,-2.7817647257321227,-2.827683444073266,-2.810259936317884,0.6282669010551684,0.6272990953520775,0.6281483787414296,25.41454068155487,25.41618881049875,25.42349311079709,25.372792064617418,-1.5427008871430252,0.20378934694210363,0.19971068005270792,0.3034852463567252,0.30361051075283924,0.30346971120027333,0.07849827498713391,0.07848554030151318,0.07860487908382252
90.0,0.0,50.0,30.0,2.103224671118505,2.0974726771382337,2.1002568412422473,0.1027394381983989,0.0497998852316778,0.0901700077187618,2.1008330939875655,2.099361349402064,2.100279563217347,12.21786364878919,12.208844021428389,12.215067494935381,12.207377298887927,0.21446994895521002,0.409509922990965,0.04275488257462017,0.12895827525374234,0.12891110910802914,0.12913090056775361,0.2667733839823905,0.2667041954029905,0.26689719245509097
0.0,100.0,60.0,0.0,1.8949842360197469,1.8913826643937444,1.893046256070812,-2.612117713931078,-2.619244041262509,-2.6154409926662723,1.8923454462099654,1.8939334432227781,1.8929516197410456,19.419645465483526,19.42348431987598,19.406763666230226,19.349131079766707,-0.5236604443554633,0.002704565368642166,0.8045326373067279,0.28227771008746205,0.282134050709809,0.2816886297320822,0.23891550068753975,0.23901407924738924,0.23878681135857885
20.0,50.0,40.0,30.0,1.2866353834684667,1.2759692266832932,1.2823030617607543,-1.597065260813951,-1.6623178341301388,-1.6148885995693882,1.2822532053831681,1.2825982665239757,1.2826700505363968,12.777996414546479,12.77721572640773,12.77352858972755,12.74759595069162,0.06973094188716751,0.11281772528874694,0.3376878694705636,0.18416468117871979,0.18409225092329543,0.18399813278592578,0.1619151060011107,0.1619740174548123,0.1619225301675005
20.0,50.0,80.0,30.0,1.0037871893251633,0.998215368893886,1.0016393321589276,-1.6134741422019028,-1.6328560596465629,-1.6216148503440422,1.0024880522595616,1.0020710829125419,1.0011817342754326,23.408376062737155,23.389569739959512,23.401326951209978,23.34839501138294,0.02934273359024022,0.1744151592117075,0.4088867806154466,0.29571459567027125,0.29580568022483833,0.29564724005970494,0.1257964574320836,0.12562978574533604,0.12569282321971184
0.0,20.0,120.0,120.0,0.3597518764584969,0.3054863143467227,0.348718128567843,-0.1841599633681185,-0.5227823776797728,-0.4528336464001431,0.3529177070390646,0.35159860787599245,0.3526302928290509,33.626049824231075,33.638339897568265,33.629836103892245,33.50792342168693,1.571783037512661,0.016307148114230015,0.19556584951457423,0.3938482799847299,0.394031350919349,0.3940576627846548,0.04236976210557081,0.04234942411131539,0.04252074846442353
20.0,50.0,30.0,0.0,1.354283803905212,1.3473120394972722,1.3519060239052172,-2.063969037249342,-2.096408343918136,-2.074823397683056,1.3522421221586334,1.3520906944816766,1.3517093698572353,10.067499446338655,10.07126611612947,10.066634919922103,10.053168291591517,-0.41896874115655763,0.1001326422970433,0.3007049739761151,0.15507858739764582,0.15524917259142088,0.15492097054397796,0.17094745412226656,0.17089838629111787,0.17092433888592548
0.0,90.0,40.0,120.0,0.7259221805351945,0.5548205339865279,0.6778043706295437,1.1658359702807857,0.6365368146350224,1.040972255725071,0.6821231115251122,0.6815722442249722,0.6833431542151248,11.053605126897986,11.06106270664302,11.053741345179741,11.04780892975854,1.6632193092866714,0.1274059523045707,0.03947957044397602,0.1297386373007314,0.12989993652354323,0.12979414196439032,0.08640155094624087,0.0865585249088596,0.08662551670320592
20.0,50.0,70.0,-60.0,1.123427547327047,1.116116505959313,1.11876723124297,3.0819295554912656,3.0507607527337117,3.0582669382559637,1.1190203535728491,1.1197371760755719,1.1179345859379566,20.82282926671282,20.834034753050855,20.833115517522906,20.783670672254466,-1.5363703219086067,0.15980609793107217,0.4261210403012388,0.2703986605874246,0.27049867205142936,0.2705551811179756,0.14079221659752264,0.14064007058306333,0.140580949055718
100.0,0.0,90.0,30.0,1.863354036355999,1.8585676104505235,1.8621529679160516,-0.1258577534942212,-0.1306161746655073,-0.12692126750598612,1.8631014862897408,1.8615698143375565,1.8621206643927004,23.839704066286547,23.824820689141436,23.826694610508245,23.804534676544364,0.10923070237073979,0.7368469676095196,-0.05230434989447482,0.26063754198096567,0.2606122454154358,0.2606625330246902,0.23674784409352548,0.2366212145343756,0.23682965117902355
20.0,20.0,20.0,120.0,0.8864550753862322,0.8317378693244315,0.856070221202313,0.2748675192434416,-0.4926089492056683,-0.011774435796418443,0.8585285304714918,0.8561679059581887,0.8582695051237039,6.652358840662217,6.659753022046233,6.66051961270626,6.638047186354259,1.6651450688693554,0.038454911161361315,0.1236029975432413,0.10216087905238298,0.10221997226158164,0.10225204777205392,0.1083504004642788,0.10830808953956673,0.1086002751023806
20.0,50.0,10.0,30.0,1.4900570292486377,1.4664584491197703,1.4797231419364627,-1.3112287635268989,-1.7232045842112595,-1.4880304444548704,1.4786690354602707,1.4812270356669026,1.4804252194009886,4.779253860747839,4.774698676244049,4.777775508495121,4.756858097330311,0.26984512993389,0.03998936000137167,0.22139337125080996,0.10106269972041945,0.10090891836780293,0.10101440380877913,0.18746368536248262,0.1876804527020812,0.18736147732035838
50.0,20.0,30.0,0.0,1.4001142811041396,1.36679044187161,1.3876691079302925,-0.924276328781786,-1.03151172352775,-0.9623498710377159,1.3881124315412463,1.388808557739989,1.3877385408763407,8.354946027555266,8.354697496720743,8.350481823982559,8.342344403728761,-0.270537511330728,0.19755011673742626,0.12716741395581815,0.11192288229389252,0.11183933264682028,0.11198106023681505,0.17611549529793238,0.17606560484231615,0.17597990715807094
20.0,0.0,120.0,30.0,0.3856970916448205,0.3495889347884238,0.3631233373431187,-0.4814700851587766,-0.5733729837117054,-0.5235390306115085,0.36818490835517387,0.36571273561011575,0.3659005925144617,33.109150702781506,33.09873331369713,33.10314555686447,32.99192780003816,0.016613714928284538,0.20870614735237003,-1.015968766409829e-05,0.37715715900110824,0.3770993300631335,0.3768097700739411,0.04654955932828339,0.04627542517605286,0.04659153016178899
100.0,0.0,60.0,-60.0,2.1018830027990987,2.097003579228684,2.0995988329547646,-1.5614424015036927,-1.5880811032710642,-1.5822460292742861,2.0988100112108956,2.100303451774595,2.099966969289761,15.205423013929162,15.209777146577673,15.210154351844306,15.204389923533652,-1.3877840548294829,0.5232530174328968,0.03503287979102498,0.16422960745699738,0.16421990011278614,0.16422678152778086,0.26668565197664534,0.26683049699740335,0.26664509224206717
20.0,90.0,80.0,30.0,1.826302429253721,1.81216314109353,1.818192378142848,-1.7822539368159016,-1.7909545697544065,-1.7866829922777292,1.822179158418684,1.817104877199545,1.816469679004375,24.770738799447013,24.75563648611187,24.755946113965145,24.620015260596894,0.033448438949491226,0.21156225007347595,0.9000510457215615,0.338386542347679,0.3381256908331329,0.33801125481959826,0.229411421229286,0.22871444810336844,0.22934665027530612
90.0,20.0,90.0,-60.0,1.86875577242112,1.859662761521715,1.86213211960913,-2.0184638548947675,-2.025397757007083,-2.023346903716195,1.8628798753730011,1.860821055268976,1.8625429083438445,24.746059072708995,24.757127050399582,24.749386139647907,24.707960835876857,-1.4571116436579221,0.7971571514260087,0.19798329030781228,0.2908260207004256,0.2907996308705017,0.29062462240975373,0.2361405772848807,0.2360950726103098,0.2363451090147566
50.0,50.0,100.0,30.0,1.3412257275140176,1.3220017262474462,1.3298453229235785,-1.1543505553808395,-1.1682864884175967,-1.1616720944281798,1.3289320098326685,1.330413004805244,1.3320525701936605,28.863188856334926,28.854752312224186,28.864771057935023,28.73098560768905,0.05599117033529998,0.5100214166895485,0.5009074274391279,0.3572546989909696,0.35711430776255804,0.35736941481758844,0.16737417635799248,0.16776166087700276,0.1675737702914174
0.0,90.0,20.0,0.0,2.046801483978697,2.0432705137112857,2.04481199520448,-2.613328149949375,-2.6176474562605425,-2.6153796766163984,2.044416849507849,2.044133450565591,2.046016487013083,8.625139779632004,8.628608390092639,8.618034511574008,8.584984955995997,-0.5236931160957201,0.001555799722218828,0.5066749251226477,0.16395930588540367,0.16412614731565034,0.16407364318725812,0.2587189462436137,0.25892365288226654,0.25896088400197803
0.0,90.0,10.0,-60.0,2.118543304682422,2.10422085935485,2.1111817850208094,3.1414789368517164,-3.1414693425319107,1.9716285345573106,2.1095543680176307,2.1118504583827606,2.112283556832105,5.840683819896735,5.8383427005613315,5.840521086304951,5.80776811934048,-1.3572924881877364,0.04058968459616504,0.424533746532359,0.1336366828844392,0.1336125813874417,0.13367509225735624,0.2673531345742862,0.26769360200100295,0.2674067730226429
90.0,20.0,10.0,-60.0,2.1196488989818505,2.077686073022325,2.0991497304196995,3.1360662694449744,-3.1408981446384474,0.4396449205426087,2.09974736546374,2.0981338339138205,2.1028608734999517,5.152541561296531,5.1570774256220755,5.164470195423431,5.012118402248847,-1.7660443164733253,-0.017524591290126162,0.3759502191378103,0.12281617679495065,0.12294312698539922,0.12297338860587645,0.26582078129001996,0.2662111202648378,0.26642589099294767
90.0,0.0,110.0,-60.0,1.773661618046438,1.7353930748076352,1.7577710040257217,-1.8367330857681632,-1.85218206672477,-1.8452713796269213,1.7566710945212987,1.7582151467648415,1.758608818864322,29.779646627385382,29.78275217637063,29.781526948974538,29.70205897634473,-1.4841073824227273,0.8934586256462662,-0.0026332996860099784,0.3346295665853925,0.3349010261386667,0.3348320366864496,0.2233307460994283,0.22357345266644507,0.22337818244575985
90.0,20.0,110.0,-30.0,1.7290909468411195,1.695428454869818,1.7202866119713875,-1.5450239561526888,-1.5600782922291712,-1.553527678980056,1.7201187612586222,1.7206157298273803,1.7224201416176665,30.426766707062306,30.430675837699223,30.418394378695442,30.310336429288178,-0.9614981323486195,0.9019118627786835,0.19780229978828115,0.3545027534464015,0.3544918184606015,0.3542558297850061,0.2180939165059975,0.2183792633350754,0.21829967723478383
100.0,0.0,80.0,60.0,1.9863311509718085,1.9734488146766005,1.9830375983044046,0.3635714672082783,0.3514445440404934,0.3609549232251688,1.9825280243931414,1.983439173645798,1.983640065920595,21.150675116902086,21.151196952403044,21.151411350134754,21.13021621922765,0.6566412478493342,0.7074307193827871,0.02505734372095689,0.23480856551230747,0.23466456987490414,0.2348402914324302,0.2519048377276433,0.2520377683020619,0.2519180038298627
90.0,0.0,0.0,30.0,2.11449132945684,2.099366900281002,2.10698697589653,3.1406890733466954,-3.13647116156192,0.06723928081569695,2.106223467679137,2.10858643316233,2.108527255944516,3.257266487613324,3.252493358098268,3.257220856728947,3.2287834087428418,-1.1255200515244963,0.001084048798530117,0.3375906760878476,0.10621056982141856,0.1060811040063627,0.10628648376286423,0.26712512476313294,0.2674159513945661,0.2671150185462852
100.0,0.0,80.0,30.0,1.9828440994179697,1.9748690534936484,1.9802264191537715,-0.1557872977608817,-0.1628470250456611,-0.15783337551977963,1.9816784072057227,1.980169850752689,1.9791833257868392,21.148914683870352,21.13376235626447,21.132982058187526,21.117105642432627,0.13269617716063709,0.7051202286566611,0.02116325191891657,0.23427708419503523,0.23420992813601696,0.23435791271494602,0.2517414489619174,0.2514160596174378,0.2516280417940401
100.0,0.0,50.0,120.0,2.1057806759888047,2.0989743361210103,2.100964844388151,1.671870411098207,1.5306898792740424,1.6393095417447057,2.0999974540435438,2.10113512179649,2.1015169975669856,12.269385304834607,12.272544002546708,12.271200253174428,12.270954747023824,1.787387042398134,0.4160002800263952,0.05284648571804959,0.13110167906751194,0.13103447799262224,0.13109002037955295,0.26678481297531487,0.26697311692308456,0.26683426738466764
50.0,20.0,30.0,-30.0,1.4052043572051982,1.4010057927386654,1.403214444605866,-1.4345977916843744,-1.438847242337886,-1.4363511883549986,1.4027159335780448,1.4034972581001681,1.4034298584302616,8.258966271083448,8.258444528245123,8.251763626085529,8.242597485402136,-0.7894960879980378,0.19880108350673742,0.12004770233051291,0.10951897040206843,0.10946527915135519,0.10942088887027922,0.17795942808554013,0.17804112435700237,0.17794379694957757
50.0,0.0,10.0,0.0,1.4563293917491882,1.2483743481332297,1.32573279440419,0.898439138137561,-0.2333524727157896,0.3184981585506252,1.3518644196616534,1.343478932660485,1.3449116644998305,1.6526507416154357,1.6264070107487993,1.6432999473724488,1.0926563317290192,-0.24137287274874653,0.01375641023481052,0.08008120366642552,0.05012808911412876,0.05010141275007515,0.05016151178164475,0.17113616200297344,0.17028389259117296,0.1713550684924147
0.0,50.0,50.0,0.0,1.1570631080245213,1.1538231926666538,1.1553102246630735,-2.6172644721590226,-2.624187632368481,-2.6206506337260183,1.154753465360237,1.1543179686303322,1.1570434123160076,15.521297498827142,15.522212470702083,15.516568394037147,15.488944699970563,-0.5242365195374429,-0.0002475098912259368,0.37196616296313884,0.21375200354063997,0.21388773024949745,0.2137680753880198,0.14534628155649812,0.14563529360017116,0.14569961171213017
20.0,50.0,120.0,-60.0,0.8846054293901925,0.8546415868910701,0.871528380669969,3.054560855716137,3.012416124865139,3.03741855389332,0.8737720051749996,0.8722291263926057,0.8715341995108327,34.35412372079127,34.36387590488659,34.3663430563021,34.18849528884336,-1.5552298927580435,0.2044505961112361,0.4995760658767644,0.41739126957326367,0.4175965638862317,0.41725748419433856,0.10879407407343222,0.10852427237491122,0.10872576054797038
20.0,0.0,80.0,-30.0,0.4419086500449707,0.4353104885159673,0.43838128272594457,-1.6740787150421608,-1.7079452536779276,-1.6884292427774152,0.43952108619506614,0.43882700659801127,0.4377377364794351,22.10112116226236,22.112882672047505,22.101660982384907,22.081851036319026,-1.0174523189220683,0.1660946142907335,0.029502102950529366,0.25391166548243194,0.2540939431220812,0.2538236978992305,0.055570436280129885,0.055367081814415214,0.05545308783105509
50.0,0.0,0.0,-30.0,1.3157660997618463,1.160978106198393,1.249573138649746,2.0053169096382364,-0.1093145187193384,1.0870875403336169,1.249446935914381,1.2492877308524988,1.253238678375508,1.9589900499391106,1.95220415918979,1.9570949821670163,1.90463296304587,-0.050519047087702953,0.0004451304560508828,0.11815188948071584,0.0631135610767144,0.06295017620642905,0.06289626266761783,0.1582375251223871,0.15870841764010535,0.158740877642884
50.0,0.0,40.0,60.0,1.24521794719594,1.1850370642315853,1.2277538845840101,0.3254946807255822,0.1850673980026801,0.28577141258505684,1.2294836218830991,1.2283813072991485,1.228437366889888,10.639556648231524,10.637480894649675,10.640192415340342,10.630010494869051,0.6918563224168252,0.22416133435495333,0.0466346514309247,0.12301939172901362,0.12296958838030637,0.12309879706064002,0.15604367879985978,0.15590898347814977,0.1560557997002681
50.0,20.0,0.0,30.0,1.40431197043058,1.3947054777559131,1.3990949158662949,1.5549436615647196,-0.2894133230829568,0.6256273671701881,1.399845216609994,1.3967637506166455,1.4013003044470471,2.1632688442159465,2.1604664793887562,2.1569571913429826,2.1305299471744923,1.0030920266440078,0.0005054610556670989,0.1476541196251637,0.07049995520675179,0.07047616572837193,0.07028597243208515,0.17714271751852273,0.1773235080558815,0.17771757996928242
0.0,90.0,120.0,120.0,1.4385824726981116,1.349604660868779,1.3620750632038898,-0.4687714932758635,-0.5307584359879371,-0.5102280619537529,1.3660749451301444,1.365712211328972,1.3621602640361297,35.19891477954738,35.20783866295907,35.20857423695396,35.03355299212233,1.5713566432360442,0.013049061484061894,0.9051474369853355,0.4447458137848086,0.4448257065212474,0.44492257650109457,0.17112341727924496,0.17062992308823535,0.17070311620415046
50.0,20.0,100.0,0.0,1.096364119066674,1.0726898581647788,1.085228589007139,-1.2735445592135142,-1.2886104794731403,-1.2799510951803212,1.0841911733663048,1.0861882415551192,1.0854796733285463,27.99994277148888,28.002629748667076,27.992113900512738,27.915460015665634,-0.4665592234800342,0.5036184418808521,0.20009776290978182,0.33056481202618615,0.33063210477239885,0.3303988364042662,0.1372249575051871,0.13739091879428494,0.13713360707156869
50.0,20.0,30.0,30.0,1.3950391062181131,1.3375675697244538,1.3749937658143883,-0.4146127525922133,-0.6050832062563609,-0.4781955453877732,1.3767908965701863,1.37574346182232,1.375403574953534,8.427375153146514,8.422279647285288,8.43069345084673,8.418653725207239,0.24888686075666083,0.1959782754372045,0.13258330708778426,0.11382089750377802,0.11362684683357675,0.1136849799146628,0.17455205604929716,0.17437778453944427,0.17450345857066243
90.0,20.0,120.0,-30.0,1.5852688413492757,1.5501655500971736,1.5771427303779455,-1.5886165947203978,-1.5993054676842344,-1.5951360257165494,1.5773205777659804,1.5788817312761037,1.5787437701542706,33.26556599906025,33.27099729748345,33.263813917087035,33.13544886355144,-0.9753911398264962,0.9021507114814672,0.1981629792169481,0.3872876918620302,0.3872260855990195,0.3870934020117398,0.20000167084938525,0.20015649372484676,0.19997267012583214
0.0,50.0,30.0,60.0,1.2829184610344888,1.2724243988477102,1.2776556923654128,-1.5786318615892156,-1.6559029488749055,-1.5978819356069331,1.276720776620542,1.2772116366652333,1.2794238184790234,10.201950885564102,10.1998115631517,10.204511577687903,10.182903521552092,0.5179988763847553,-0.004777049587549488,0.3021883443385522,0.15680893566531118,0.15656612262220967,0.15673827873052767,0.16122775822234192,0.16157879378534806,0.16149775911992004
50.0,20.0,70.0,60.0,1.158892916964576,1.1458973235940892,1.1558515279630441,-0.2270171274029093,-0.2480372931758153,-0.2306323906328659,1.1562858091078183,1.1552391655352148,1.1565960574822114,19.74565736517612,19.738341244698276,19.749880692030636,19.71984271984447,0.6097566471150654,0.3752889456458475,0.18449593143432247,0.2388473967614471,0.23883849720816766,0.23900881320571923,0.14620063974213912,0.1462445446372791,0.146377797437249
50.0,0.0,60.0,0.0,1.1515627107390476,1.1470460160475182,1.149765219334533,-0.8676591962170009,-0.8745860941464203,-0.8700920227802764,1.1499111350035667,1.1502765788548137,1.1495230889714059,16.30235618050623,16.304917192709254,16.293730812962526,16.284455588141554,-0.418433538412693,0.32345663906382144,0.0389954865018524,0.1868171027973909,0.18661266824127895,0.1866902420252675,0.14602683765858285,0.1459702213783034,0.1459246870098706
90.0,20.0,60.0,60.0,2.077560369881504,2.0437736839284666,2.069752969700704,0.2675371020762925,0.2185591949174363,0.25685971028634585,2.070849262536329,2.070315617415532,2.0699561547870884,16.02180257323399,16.016826202494016,16.02348631599853,15.998325281238806,0.7137786639407336,0.572540884585703,0.1695645802384489,0.19015863446220532,0.1900762001834287,0.19027414432291836,0.26281221587179127,0.2626933588367514,0.2627645495323805
0.0,20.0,120.0,30.0,0.3656476606729829,0.3494660240952117,0.35701029189440264,-1.84545032560746,-1.9549413579935095,-1.9268682489693691,0.36069036229032553,0.35953102649918306,0.3596002448719788,33.648166100822706,33.63355409660758,33.629688699520315,33.51616037660585,0.0026322121886515663,0.03595971505379263,0.19955037100630824,0.3941239361262329,0.394298158495389,0.394239314302528,0.043430752570940506,0.04328554218940048,0.043420782945242015
0.0,100.0,70.0,-60.0,2.0709314224397177,2.053252694335002,2.0625381930337863,2.653485463034322,2.6279474980644686,2.6354779704948874,2.062825807216506,2.063000793128748,2.0624398777778685,22.48324271439015,22.49666156842695,22.498448809825824,22.35151738899974,-1.568776760276067,0.014187876431307493,0.9994230351076809,0.32204774512255613,0.3221384201343677,0.32214849998621775,0.2602888438537861,0.26023506102818517,0.26022251544878927
50.0,50.0,20.0,-30.0,1.824251536193326,1.792920892647444,1.811109560243061,-1.418548355531173,-1.564943478655456,-1.4799302458210393,1.8107258313102736,1.8120081406699262,1.8121094446218609,5.937744827929864,5.935071049214168,5.934557043820225,5.921991741164413,-0.5691250053255464,0.1721470425831419,0.23016877533066007,0.10504739238543857,0.10493327917304882,0.10500171541465822,0.2296513716851391,0.2298248423121827,0.2296644445766165
90.0,0.0,90.0,120.0,1.8190068487748927,1.804286632649266,1.8167238541023158,1.4566892252007269,1.443097325412018,1.4537895074624818,1.8160901471513307,1.8168158505217267,1.818142643154646,23.819696251444835,23.826839973637338,23.819596455639317,23.797865459690108,1.676939329878862,0.7158005483725932,-0.06436323212256682,0.25975964862392237,0.259909167089,0.2598276467027356,0.23087061334553483,0.23113347151454758,0.23103321150876005
50.0,20.0,30.0,120.0,1.385005488214362,1.252279496627194,1.3413414170751776,1.1256398738276443,0.6381612036122971,0.9692581586173444,1.3440932929255527,1.34282029710404,1.345058564929503,8.641627276087466,8.64370832182872,8.64041367534776,8.64121306590594,1.8055385584515529,0.18899104145167864,0.14954465942376094,0.1191801697527235,0.11919351356579319,0.11896349335313929,0.17023309346107107,0.17034844747017902,0.17050892672060267
0.0,20.0,0.0,-60.0,0.9309438414763156,0.7789264198711671,0.8563540320906268,-2.4773293696113714,-2.6200967146187395,-2.5528632778910803,0.8960260965892496,0.8945836088239071,0.8966008584157161,1.8934303086509918,1.8903589480369913,1.8946096548860631,1.30155154541635,-0.4635150536044005,0.0005447609646088514,0.06622474080642131,0.05722546443431558,0.05688632879637163,0.05705029246909755,0.113499623693133,0.11355576102273865,0.1137802730847986
50.0,0.0,100.0,30.0,1.08313672023958,1.0684731175264597,1.0738595942784301,-0.3644851899145843,-0.3749915384821781,-0.3686997534765682,1.0735194851665553,1.074473882356963,1.0736144096909435,27.335202075269265,27.333288768137486,27.3350726455488,27.290512732912642,0.0587225246822623,0.505862238510286,0.0010768149680167778,0.309949491133178,0.3097432475152575,0.30989453633246455,0.13647270463930253,0.13648450579747928,0.13637135039986334
100.0,0.0,30.0,-60.0,2.1428587313391514,2.018567844673865,2.0916581951307407,-0.3862624185509212,-0.7175293391991453,-0.5635894868010886,2.1228887917483816,2.1220403738478333,2.1185958874803865,5.289882092322345,5.326897631814124,5.378672366899202,5.10847960066364,-1.5442951075456628,0.01479658773490045,0.048910945592077364,0.04437848635193562,0.04442126109594873,0.04491311833368746,0.2697376934294716,0.26927625447364195,0.26930718405788273
20.0,90.0,0.0,120.0,2.1147493582253407,2.102645552719134,2.10788735895465,-2.50006099040788,-2.5325541950988173,-2.5165289675317397,2.108629055211095,2.10523130233032,2.1099872326732165,3.217162643414003,3.211998173813014,3.215472444527808,3.183099487884192,-0.4250237027853674,0.001060556439857788,0.33270986067284863,0.10460040099390283,0.10457767409872329,0.10462703684251053,0.2669771257921123,0.2671514278974355,0.26759242303837355
0.0,100.0,0.0,-60.0,2.1151208881956656,2.100805858001933,2.107849423445787,-2.550028983725685,-2.5847679325291857,-2.5680615730613727,2.1086983315178194,2.106656696891439,2.108660147462696,3.220505096997556,3.216051863936749,3.2115656516181654,3.1829514355742003,-0.47658180562292,0.0010736174933873035,0.3327532027145367,0.10488833235466391,0.10462088011877771,0.10465832424754183,0.26715949412618123,0.2671535484143838,0.2674210837109416
0.0,100.0,20.0,-30.0,2.1207681023980784,2.110607942050132,2.1150900608416303,-2.9753778630771763,-3.1001901990627485,-3.0585309104719074,2.1153451621288037,2.1156176249299823,2.114445953939971,8.723983047508653,8.724743709378632,8.723326360028006,8.68146374099463,-1.0177574017207374,0.0182802202199859,0.5342540481123611,0.16747892708130666,0.16742003010568135,0.16737913235326424,0.26787541244671614,0.2677559237628595,0.26772616878249933
0.0,100.0,90.0,120.0,1.7980408243880153,1.6140449491842055,1.7754009189402258,-0.3361023808253026,-0.5103949109542603,-0.48086528165192144,1.7763798276041947,1.7815696415212001,1.778563438230674,27.57208656859035,27.583641155437068,27.57719121301288,27.41072043743351,1.5745427666034653,0.03641528169756895,0.9828372268783182,0.3710123175226993,0.3713341629100634,0.3711940059461225,0.22390506652236916,0.22417897065149803,0.22353041397285311
0.0,50.0,110.0,0.0,0.8723898710566151,0.8607284671114602,0.8673972699470206,-2.607400892528318,-2.6183705256097123,-2.6129330880995654,0.8697278376922377,0.8682107798100162,0.8675146422225337,31.6876822200332,31.675296881544092,31.674321535252982,31.544720007579844,-0.5235423044375647,0.0041127778609628355,0.49996396934045034,0.3888011714645558,0.3887871001517472,0.38835095795498314,0.10817177820148362,0.10791795557618482,0.10810029439264751
20.0,0.0,120.0,-30.0,0.3757138013498954,0.3262735704782831,0.35504366443179064,-1.494374536850007,-1.6555608029828863,-1.5677891675093008,0.36561116938042076,0.3667278106093686,0.36586868136917894,33.103691870911796,33.10712721460287,33.095582805826346,32.99065120860827,-1.030964065342657,0.20372917156720655,-0.0003224976021497136,0.37695596289466987,0.3771965561599167,0.37713740026221104,0.04643424988909901,0.04648332526247975,0.046327612189739124
20.0,20.0,0.0,0.0,1.028845910097925,0.898056990598309,0.9654687837838207,-0.7486090037777038,-1.588379359463635,-1.167023477408104,0.9861096727086873,0.9916712034833506,0.9897610400986772,1.8909708384228325,1.9170376338087638,1.8757899441924326,1.4673299515913578,0.9230749765062828,0.0005540628654242648,0.07644178920905596,0.05752065371032243,0.05809847825942544,0.05804498332694065,0.1253048192160514,0.12579227532678294,0.1250871006839391
20.0,90.0,50.0,-30.0,1.8581916885073595,1.8517751780536809,1.854558200859963,-2.79605877274963,-2.8199103305920934,-2.8128092767527595,1.8553900057372734,1.8531963455847926,1.8553567600664451,16.473139794059684,16.47152865093116,16.472830998565847,16.41994413808996,-0.9925959511785365,0.14390241862555428,0.6719308126435177,0.24570073106929882,0.2454634378137587,0.24575168879165546,0.23416222643334783,0.23415090850355824,0.23442812883945705
20.0,0.0,60.0,30.0,0.4751311189414426,0.4636128280918473,0.47192921294130724,-0.6940872156656234,-0.7262333448383119,-0.7089587097393588,0.47184237714619637,0.4720359043128108,0.47282073468831576,16.66251311253965,16.660618807596347,16.66226992686853,16.643477931471686,0.042053150589708155,0.13250693201965977,0.03893912863545736,0.19380764456071736,0.19367950174053766,0.19369565173888081,0.059601583272853365,0.05972476563948224,0.05969183518898956
20.0,0.0,80.0,120.0,0.4360348004205729,0.4163725032545085,0.43211979913184223,0.9524718462914352,0.9083315041222864,0.93128628553148,0.43374014068725847,0.4316600296035454,0.43267542315300567,22.101090790263065,22.10322301169835,22.100575233934887,22.07948155514186,1.6001237741729384,0.16355715487580136,0.02857320103989695,0.2538270096804651,0.2537664623763386,0.25376810513327364,0.05471633203982492,0.054578472206044,0.054831715113936134
50.0,0.0,120.0,60.0,0.9737390550513608,0.9342321541292868,0.9456062161967393,0.1155462095953263,0.0894137397574698,0.10412400086376701,0.9458122945766698,0.9460703754880209,0.9463830309042915,32.98550253965309,32.974561795597815,32.98501773401238,32.87152740585958,0.5667853339001955,0.5387529332193599,0.0012886889320395515,0.3745886910150318,0.37456424708796393,0.37456481998191365,0.12013854630706496,0.1202138915400456,0.12017729423219299
20.0,0.0,100.0,-30.0,0.4329837415544577,0.4155193704796587,0.42554475705593947,-1.512280038085177,-1.5545269044840613,-1.5354105161931988,0.4235674960660857,0.427155645946734,0.4270545946321882,27.508683113982254,27.519012233264753,27.515255012548575,27.4759094865993,-1.0238390865352796,0.20295974600176603,-0.0004726935915237767,0.3130416962869681,0.31343686292181144,0.31337114058577337,0.053975359810448605,0.05442245808028818,0.053957407263463326
0.0,100.0,120.0,30.0,1.5142992635244412,1.5011344815812704,1.5079563124910957,-1.8770516479653196,-1.8927090430481197,-1.887311318624664,1.5095461145178488,1.5114779270119192,1.508628926218832,35.38738081503182,35.36901252990172,35.36765961997438,35.21070522717537,0.013060181612735181,0.17968084385144162,0.9987018356303661,0.45060332770310985,0.45062006613011635,0.4505868846815578,0.18938772353042074,0.18928982352231055,0.1890492280930987
90.0,20.0,100.0,-60.0,1.914984673056648,1.882269968317706,1.8991450849852543,-2.013974240304398,-2.02683366046957,-2.0213674267584874,1.8996933662518876,1.8978492485789413,1.8994334577607979,27.508904118307584,27.519331747896285,27.514457690757325,27.43631641299,-1.4664479010621077,0.9032194157124919,0.19803831756039272,0.32129263473013636,0.3213104738353429,0.32112309193641886,0.24089909804888748,0.24086294077112597,0.24108814321741726
0.0,100.0,70.0,0.0,2.070699003705876,2.057229708043957,2.063059358312019,-2.600440968408403,-2.6100336285991275,-2.6050117494040737,2.0620760675225127,2.0632059150429085,2.0643049646272447,22.495057062430575,22.493940117451867,22.476363694019202,22.352547497003517,-0.5222058563006511,0.01077491686198058,0.9999081739699598,0.3221464136456308,0.3222690987495547,0.32208304041329455,0.26016662807136653,0.2604516967459991,0.26030557808642
0.0,100.0,50.0,120.0,2.404174213821734,1.503632819277414,2.0974982843987062,2.433038677964493,1.8494460875572216,2.215350070448515,2.1458645684821516,2.14457094812162,2.153332095371631,11.072904437289923,11.095356838891034,11.079088668663788,10.9522214026244,1.6837370646246659,0.18707190501122456,-0.026274448237330196,0.09197543968514149,0.09225514690346907,0.09177664902262518,0.2723737939964816,0.27328026541621087,0.27343165890289256
100.0,0.0,110.0,-30.0,1.7952643852495913,1.7504619752993753,1.779048085701358,-1.3088418330238176,-1.325281289723591,-1.3189083409851294,1.7794572157917743,1.77880126200586,1.7797495019081253,29.76639198563266,29.778387637720062,29.76129579246484,29.689722460761946,-0.959480583932332,0.903437198037605,-0.002313443130121349,0.334573636381401,0.3345418818482011,0.3345834242613015,0.22610834574276287,0.2261394092806686,0.2262245530987575
20.0,0.0,90.0,-30.0,0.4256230697756578,0.4176518882282193,0.42224808919142154,-1.6338330027269072,-1.6620708617051734,-1.6470521483659963,0.42264625726377314,0.42075702230010115,0.42456112819005937,24.833721751462264,24.83941628077656,24.838417140317418,24.799556191440235,-1.0215958417956115,0.18078447407589457,0.021526728191459517,0.28458148580315556,0.28427435366177933,0.2844817578558459,0.053235663104670344,0.05349543089964359,0.05373283721216757
90.0,20.0,120.0,120.0,1.6275572885610357,1.57494092172572,1.588831108599032,1.0249641194567944,1.013016668245568,1.0201803522040411,1.5894771100651819,1.5883386500530783,1.588648843352612,33.263549702946015,33.28056319165319,33.27633571478525,33.14310148238707,1.643122322497943,0.9094415540321037,0.20397677197815356,0.38730500344673996,0.38754019286555064,0.3876195125081922,0.20137078235147968,0.20128965756715508,0.20145098037842854
100.0,0.0,80.0,-30.0,1.9956426443104427,1.9892994837548776,1.991245640075166,-1.2086043029882916,-1.2145907912741911,-1.2127708941026565,1.9898646701487661,1.9921626275673192,1.9915463042895816,21.15438200013765,21.166125809510543,21.150770372941768,21.135940862356346,-0.913493743611472,0.7111749179127592,0.02825224074862657,0.23513969030355106,0.23505149404213804,0.2351038924598859,0.2529237180012185,0.25312927163378457,0.2528275849655717
100.0,0.0,120.0,60.0,1.688722434362785,1.6490009296732495,1.6611602940359769,0.2149178746916928,0.1935212944901229,0.20717086811782692,1.658869225759812,1.6630795405455492,1.6617701196101404,32.68445298760699,32.675374933418695,32.68556161024989,32.56910331567302,0.5990160172297109,0.930491636526789,0.0029064979021226475,0.3686478097072421,0.3685825113303832,0.36888706951572575,0.21100603525011336,0.21134719759720105,0.21082979209673997
20.0,50.0,110.0,30.0,0.9474086971683696,0.9321635292068068,0.9384462515118571,-1.640651807334191,-1.6628370665882632,-1.6549393264136174,0.9390294339577182,0.9384339435584016,0.9405480499180987,31.688062142200767,31.660758881963524,31.67394917581886,31.524959036008063,0.019006630887739583,0.21101458322108427,0.5001439013087172,0.38849887743149913,0.3884531607965253,0.38853811380253706,0.11710507771958717,0.11727942848630046,0.1173566348686077
20.0,90.0,100.0,120.0,1.5887571204576154,1.5356293987335896,1.5783354317381042,-0.1952790511395777,-0.2508202223719967,-0.23476802535538166,1.579751576910823,1.580664435423061,1.5773626151101083,29.94906823651015,29.964864600036545,29.96093109148999,29.77658460677744,1.5933096549694765,0.2167228503622835,0.8955418158202176,0.3905035003093805,0.3907445063122548,0.3904774503751502,0.19874197837934712,0.19843133378646835,0.19833235645255454
90.0,20.0,110.0,60.0,1.7984433319675095,1.7593874874738886,1.771305392459196,0.0324016293383853,0.0161956341189916,0.025916141932281565,1.769525510578217,1.7724885252032887,1.7718330182885815,30.41387929006929,30.403257400343485,30.414815629836912,30.292404028435453,0.611887171522701,0.9289453830854706,0.20329370749081646,0.35415259549344963,0.3541550070333941,0.35432757879468885,0.2245731308728033,0.22485371261639722,0.22448243245431163
50.0,0.0,90.0,0.0,1.037302233231646,1.0354245401465036,1.0366061084418274,-0.916809395625792,-0.9232702953594782,-0.9206044332577199,1.036701053336015,1.0363350556970645,1.0371847931760196,24.6409761152725,24.631856018266202,24.63378010107899,24.59664878284136,-0.46045139725585454,0.4411124975964548,0.01924657728623016,0.28042227521141794,0.28022970406520537,0.28041774201960284,0.13158851214281553,0.1316621495608572,0.13171257474999823
20.0,50.0,0.0,30.0,1.549011750278233,1.539782554059072,1.5443280551676026,-1.118259231471871,-1.818751640110655,-1.46753571166629,1.5421830886385464,1.5453362504433803,1.545418577552721,2.3744420430980266,2.3669138609043845,2.3713199115154397,2.339604670550905,0.6239814505677705,0.0006017250669815729,0.17902385358211606,0.07732015993876516,0.0771020072627134,0.0773036633275507,0.1956457733139487,0.19605648968148073,0.19565963437057735
20.0,50.0,120.0,30.0,0.9290802346165856,0.8989103711749633,0.9138259383911972,-1.536246500355113,-1.5812029023410992,-1.561965572099141,0.9158190514767287,0.9129145727563491,0.9141869845296074,34.363921471886876,34.34745981977647,34.35660309854584,34.17773142730467,0.020391695525876632,0.26697013201680897,0.500406609519038,0.4173630401837294,0.4172777600616133,0.41705656436478444,0.11414394944832745,0.11393502773360073,0.11430468756677702
20.0,90.0,120.0,-30.0,1.4011372856024884,1.3810688044948032,1.3922081584641461,-2.872546700860678,-2.886546810428201,-2.878308604337655,1.3985004089484663,1.3913132079695387,1.3921097671480225,35.18170376510236,35.19706317419106,35.17748049707767,35.01339344357779,-1.0317912192411,0.20916633457262507,0.8990824239416886,0.4445209896726915,0.44419335039523017,0.44418935794880104,0.17482593420044187,0.1740685127312158,0.1749381122258202
20.0,50.0,80.0,-60.0,1.0712225023909032,1.0660622459987843,1.0679187473648148,3.063600282793007,3.0448318180903784,3.0510713164052246,1.0674822877305776,1.0682584477966925,1.0683251249144972,23.503908039662925,23.52438522321152,23.52286116700078,23.464744063526464,-1.542132344472071,0.1716357945638077,0.4485497625555738,0.2995848239982573,0.3001450543254391,0.29948405960371055,0.13400377647550418,0.13414743765518022,0.13406512743476096
90.0,20.0,100.0,60.0,1.9653573734561745,1.9206106818277056,1.9386536490630513,0.0852828616627212,0.0679930909593465,0.07780975932906022,1.9392136110931475,1.9382749749339365,1.9374990981581517,27.50147452762262,27.497056942290577,27.50588144267691,27.42442661696173,0.6301414115094661,0.9216093302838533,0.20375033392462963,0.3211745316439275,0.3212820319187439,0.3213067203255108,0.24604380253853758,0.24584187238721583,0.24595528684668747
50.0,20.0,30.0,60.0,1.3922654848395049,1.311777673206434,1.3638742019788648,0.1015285001384596,-0.1831021535768434,0.007807539637573186,1.3664762209512826,1.3648878847722987,1.364713294823345,8.495639642869893,8.495439608186496,8.501047132651676,8.489183226679149,0.7683593920791905,0.1941943682211179,0.1377812131723806,0.11537708039326772,0.11550549261366877,0.11550709097255735,0.17319087437555028,0.17296632780677934,0.17317324739354328
50.0,0.0,0.0,0.0,1.3157660997618463,1.160978106198393,1.249573138649746,2.0053169096382364,-0.1093145187193384,1.0870875403336169,1.249446935914381,1.2492877308524988,1.253238678375508,1.9589900499391106,1.95220415918979,1.9570949821670163,1.90463296304587,-0.050519047087702953,0.0004451304560508828,0.11815188948071584,0.0631135610767144,0.06295017620642905,0.06289626266761783,0.1582375251223871,0.15870841764010535,0.158740877642884
0.0,20.0,0.0,0.0,0.9309438414763156,0.7789264198711671,0.8563540320906268,-2.4773293696113714,-2.6200967146187395,-2.5528632778910803,0.8960260965892496,0.8945836088239071,0.8966008584157161,1.8934303086509918,1.8903589480369913,1.8946096548860631,1.30155154541635,-0.4635150536044005,0.0005447609646088514,0.06622474080642131,0.05722546443431558,0.05688632879637163,0.05705029246909755,0.113499623693133,0.11355576102273865,0.1137802730847986
0.0,90.0,120.0,60.0,1.442109156246917,1.4215411159254103,1.4297622436121435,-1.1837792749280305,-1.2005697885993587,-1.1963379898909905,1.436186663197777,1.4285488176059244,1.4290172789003683,35.171687290828125,35.162147276761125,35.17052910122038,34.99793364868662,0.5459455539294245,0.3013407836268264,0.8993800134677421,0.44425119095042465,0.44361191810422584,0.44417101609098864,0.17967922323191476,0.17879080352363105,0.17975317554945655
0.0,50.0,20.0,30.0,1.348569721375377,1.339933995125048,1.3440854822035817,-2.100249858912142,-2.188824980443796,-2.131155803534726,1.346093731637168,1.3433523092822846,1.3434413717990752,7.547220740983523,7.543605414090531,7.540289379865448,7.527469168993546,-0.010683084039010022,-0.004395694778911402,0.26212362356871777,0.129276290947692,0.1293035286499269,0.1292796767717133,0.1701763666098274,0.16982728624046586,0.17017155465360562
0.0,20.0,70.0,0.0,0.5225079798996546,0.5191861647397388,0.5204436580412781,-2.6110904803236936,-2.6244497050511173,-2.6169489867173983,0.5206014439928202,0.5217524317992885,0.519483097568505,20.06720061835103,20.05923525888646,20.054997458099713,20.028773712113658,-0.5236733039979095,0.0004971706872873713,0.18952015872952802,0.24484035978229465,0.24488366744863455,0.24473648581796512,0.06485673373566288,0.0647253163263038,0.06458261919659769
20.0,90.0,90.0,60.0,1.700540558906944,1.6863086478795954,1.6934323584776725,-1.2595631699504604,-1.282264675918788,-1.2748609122383465,1.6950322189971763,1.6940967236196913,1.6931389941947679,27.35076400679849,27.349427065729472,27.34930772861263,27.194535429662363,0.5507250073006837,0.2139205375857725,0.8996669320822307,0.3641081570883292,0.36408885258174545,0.3641472480338144,0.2132764416074145,0.21305305540098582,0.21317895104406243
90.0,0.0,90.0,60.0,1.8125848698225453,1.8059297155955112,1.8112349066613695,0.4128252369695189,0.405771348395127,0.4107026644069172,1.8123123747809577,1.810474690996014,1.811323077120196,23.811209482877473,23.81113285177633,23.818917902352975,23.789555187815942,0.6292679218049354,0.712386692834504,-0.06793653236541751,0.259498247028219,0.2593663921776031,0.25960976179731554,0.2303048513961265,0.23018347211214377,0.23042384978264518
50.0,0.0,110.0,-30.0,0.9827998699167648,0.9429509819171976,0.9673976411577931,-1.4332669796571875,-1.453974011172454,-1.4454343284093538,0.9670141344649855,0.9678768219027116,0.9683385484364075,30.176633543456326,30.184499831731145,30.176628009765132,30.093623657536803,-0.9990524951643337,0.5034308330062796,-0.00126067088684368,0.34265253182787686,0.3426703492433578,0.3425993694977395,0.12296513097115067,0.12312662205733092,0.1230112443537026
50.0,20.0,40.0,30.0,1.3282028164741215,1.2922326539992068,1.3174424462253518,-0.5783124781133353,-0.6713703708791869,-0.6045247893855443,1.318166353237414,1.3180944923342008,1.3180013153830745,11.340259459876934,11.33770260758265,11.338663911407078,11.338418445717764,0.1757471245573023,0.2500726124134353,0.14935542522688833,0.14572331414814896,0.1456728865393511,0.1458157184064185,0.16704988613502655,0.1670280700847408,0.16703685224288692
100.0,0.0,20.0,-30.0,2.240459896262086,2.0519736851055663,2.0995630892758177,2.87827400268519,0.1323027188420708,1.0850984684122422,2.100513856266199,2.1038998393262123,2.102876604077335,5.379656286257945,5.39156662378013,5.402185113496495,4.79917902553121,-1.4900895235653107,-0.12043080753042582,0.2509281802541244,0.10268423591572959,0.10270449974290477,0.10304753347020393,0.26663687097402405,0.266935030221208,0.26650278396717353
90.0,20.0,30.0,0.0,2.109790653305249,2.0956906679325984,2.102320039666087,-0.1132454262912232,-0.3673081100724794,-0.21451045419176376,2.103241536899852,2.1022610552217893,2.101454001431639,6.285270635325494,6.282679576673871,6.28335876290885,6.285850750262972,-0.1766295789555932,0.20319699383109474,0.1112459596503156,0.07264246944719621,0.07268323040691405,0.07278286708061928,0.26704282143915786,0.26681730769773726,0.2669425617117473
20.0,20.0,40.0,-60.0,0.8232463897262554,0.7916906906432198,0.8020867910498022,-2.7390952349149416,-2.8785960781870243,-2.8394068990911574,0.8012495726245765,0.8013395920429748,0.8028798119699496,11.871026362255739,11.865276451286197,11.865158650521948,11.852759727002395,-1.4958856659645619,0.11271595011072873,0.149777542715723,0.15486267497718265,0.15494514048454322,0.15492883233673102,0.10101823577870826,0.10122773214422959,0.1012113570475447
20.0,0.0,10.0,-60.0,0.7403768264700656,0.5393198136115835,0.6451441099586999,-1.3378022740472562,-1.6648846104903614,-1.5183154661368914,0.7657790809767752,0.765397016231838,0.7658533899404784,2.9090548344636367,2.918360038678771,2.8978821509856387,2.3833548195046763,-1.2185516169758472,0.02612053411339694,0.043362102698038786,0.060580145361098986,0.06062989948756463,0.06023428919147118,0.09697611915520225,0.09698958646370338,0.09701636226871317
0.0,100.0,50.0,-30.0,1.9692221299193515,1.96429576840554,1.966605661841537,-3.112176989972929,-3.1398517418213285,-3.1333189416648,1.9683497187528292,1.96576721338479,1.9658936836575909,16.771215744571357,16.766302110438946,16.768576280219044,16.711418746931894,-1.0462528160786564,0.005453010227390119,0.7542303439855357,0.2541658941094636,0.25426045931004043,0.25432478544861703,0.24850079928997645,0.24818339948787518,0.24852102586850117
50.0,20.0,0.0,-30.0,1.40431197043058,1.3947054777559131,1.3990949158662949,1.5549436615647196,-0.2894133230829568,0.6256273671701881,1.399845216609994,1.3967637506166455,1.4013003044470471,2.1632688442159465,2.1604664793887562,2.1569571913429826,2.1305299471744923,1.0030920266440078,0.0005054610556670989,0.1476541196251637,0.07049995520675179,0.07047616572837193,0.07028597243208515,0.17714271751852273,0.1773235080558815,0.17771757996928242
50.0,20.0,60.0,30.0,1.2103654775638688,1.1989091712608315,1.2072947775311211,-0.7209047441492431,-0.7437081985707522,-0.726121626986954,1.2076172150965416,1.207414724283303,1.2076126140929553,16.99022174484037,16.984771766319728,16.988319774369167,16.960452897036255,0.10537598856858253,0.3380566459671569,0.175858537089252,0.20844481758170438,0.20851110695479178,0.20849495399229778,0.15285698987640045,0.15286807559893295,0.15289434977686678
0.0,90.0,100.0,30.0,1.5476906792275156,1.535329463442406,1.541766990003032,-2.0092379038950114,-2.03521544085262,-2.0266105614325567,1.5428626729714743,1.5403069637896911,1.5432513933637761,29.99497895706989,29.985762449680696,29.988196671061672,29.80683381505951,0.005034103763814737,0.05215481537716831,0.8998767165396484,0.39125994787577406,0.3913963680222408,0.3912344284224102,0.19356759323534609,0.19363606734685865,0.19394861280858558
0.0,90.0,50.0,30.0,1.80583142251437,1.8016919973018355,1.8036208050761176,-2.09284503330088,-2.106487896397294,-2.0981559614068512,1.8034855544650972,1.8038083103602345,1.8039190846043611,16.521836033566327,16.516805289510653,16.517438411296023,16.46614026878382,-0.0011117858216265837,-0.0006223974824502142,0.6695616230220534,0.24628832633053344,0.24620237056027672,0.2459163266934178,0.22770341645906741,0.22778337104249102,0.22773698177387508
0.0,50.0,120.0,-60.0,0.8183023996571984,0.8019496448841265,0.8105445802649686,2.660919918319044,2.6067148707010146,2.636931125309338,0.8109824465233467,0.8111833875990658,0.8114814260867865,34.37785411307441,34.380577881090495,34.37701834438061,34.204437814050166,-1.5702686699523867,0.010565334150470057,0.5001154029490584,0.4175081153241543,0.41795531071251046,0.41790349268687516,0.10066794616235356,0.10073258768393809,0.10072660666760284
50.0,20.0,0.0,0.0,1.40431197043058,1.3947054777559131,1.3990949158662949,1.5549436615647196,-0.2894133230829568,0.6256273671701881,1.399845216609994,1.3967637506166455,1.4013003044470471,2.1632688442159465,2.1604664793887562,2.1569571913429826,2.1305299471744923,1.0030920266440078,0.0005054610556670989,0.1476541196251637,0.07049995520675179,0.07047616572837193,0.07028597243208515,0.17714271751852273,0.1773235080558815,0.17771757996928242
20.0,90.0,40.0,120.0,1.151782349784596,0.9186105429845144,1.094075684262925,1.3631479341005854,0.8249858854996145,1.2197870995145899,1.0986890411157617,1.0981330592107685,1.1009333053984065,10.82524422626778,10.832044954851684,10.82981768347374,10.83105645126594,1.7206462359623698,0.2025080629158074,0.054047139515804414,0.12725212605352246,0.12733493303500473,0.12726678196547486,0.13930163519406297,0.139589471886741,0.1396542007034675
90.0,20.0,50.0,-60.0,2.106980856088624,2.099690565983386,2.1031238864263653,-1.685433263380586,-1.7288108776797493,-1.7173989025197176,2.1025714269722924,2.1036142064665473,2.1033947800736588,12.932033935040945,12.940047889290177,12.935311488039243,12.928548685202294,-1.3402130233578216,0.46599107110197435,0.1458905253512464,0.15279247085313122,0.15292373725293712,0.15301032346969254,0.26693398944012425,0.2670431035498937,0.2669110652176355
90.0,20.0,50.0,-30.0,2.1065569492664085,2.099083878327183,2.1033011948487865,-1.1975384355827712,-1.2053954685342458,-1.2018008265690114,2.1032155612558263,2.1026004327343135,2.104377292688923,12.96488747425013,12.957643969530672,12.961826398087416,12.953534122714377,-0.8162813874235398,0.46768055497431005,0.15002836834682792,0.1539293758040282,0.15352454637631033,0.1537428305554209,0.266858851823078,0.26699537851871863,0.2670909461992043
100.0,0.0,60.0,30.0,2.1034291019942284,2.0977674407131914,2.099942483957888,-0.0126679644871138,-0.036083966696182,-0.01755204722429717,2.100340308753612,2.0997770123408586,2.0997657234896305,15.225972829297383,15.222117713272404,15.225914955928298,15.22232576448649,0.18349029166170563,0.5254549363060491,0.0389037788708947,0.1648376924016913,0.16474094376430815,0.16482246601483844,0.2667728338157242,0.26670148118753045,0.26677325658651746
50.0,50.0,50.0,0.0,1.5590944160034497,1.5522897984795163,1.5571536068740717,-1.5654623992289525,-1.5824366769738194,-1.5709334187240225,1.5567014206937164,1.5586137185531677,1.5563921461637205,15.098007014067225,15.093417237877013,15.087328490442944,15.064206240816135,-0.3883151733571302,0.3215265186357234,0.3645098625463221,0.2064644268166007,0.20643882700292476,0.2064231461914249,0.19707445257746053,0.1970279695270952,0.196798993891154
0.0,50.0,90.0,60.0,1.012839638610146,0.9774008311239236,1.0030026734471824,-1.469469218824902,-1.5769727377187186,-1.5468863134455233,1.003222364674913,1.004696788093659,1.0028399932390644,26.361173721959847,26.35243459951592,26.361824939102235,26.25072167562179,0.5247737957815163,0.01183539281335685,0.49695931554253114,0.3322812541710637,0.33230877538601916,0.3322851724137906,0.12571624286900224,0.1256711264342917,0.12548945806323916
0.0,100.0,30.0,30.0,2.1210561243853183,2.1119555867375626,2.1177076840203477,-2.0754127345967697,-2.13430031118312,-2.0986952604349485,2.118212144625289,2.117060973545691,2.1179723337272303,11.493000261883381,11.485479559647622,11.485594495334674,11.443685686944173,-0.002013477937748171,-0.00038105658477574454,0.6364816391076253,0.19897337196355425,0.19885788700245707,0.19889646353668972,0.2679024582301741,0.2678756273160831,0.2680150948933539
20.0,20.0,10.0,0.0,1.0090729413438495,0.9078245737213778,0.9570278246516979,-1.1651931269081603,-1.897422830046288,-1.503916429907298,0.9584415391583566,0.9592882463912683,0.9589016688485296,3.644090817954277,3.641114359685037,3.642600172638043,3.6197015997274615,-0.15889542011581773,0.04057593444890815,0.08839077998617226,0.0678793336512277,0.06771705125304861,0.06775264241056339,0.1214807565402932,0.12153688811776295,0.12142496554587143
0.0,20.0,0.0,30.0,0.9309438414763156,0.7789264198711671,0.8563540320906268,-2.4773293696113714,-2.6200967146187395,-2.5528632778910803,0.8960260965892496,0.8945836088239071,0.8966008584157161,1.8934303086509918,1.8903589480369913,1.8946096548860631,1.30155154541635,-0.4635150536044005,0.0005447609646088514,0.06622474080642131,0.05722546443431558,0.05688632879637163,0.05705029246909755,0.113499623693133,0.11355576102273865,0.1137802730847986
0.0,20.0,80.0,30.0,0.4781685876581835,0.4711568893177542,0.4749204727903758,-2.0764259671630656,-2.1256583505484983,-2.1022922426385557,0.47429418710160165,0.47564216726146413,0.4768885366967719,22.744949464148227,22.733096404909162,22.734888114037172,22.708748970690177,-0.00034642113978309967,-0.0010179509197753448,0.19252323435857602,0.2738917940901423,0.2739795511364797,0.2738063731222105,0.05860720943198579,0.058940309695732114,0.05877661349718957
0.0,50.0,70.0,-30.0,1.051989020288572,1.0471198136000264,1.0493311276406658,3.1415899446472912,-3.141572094618548,-0.16622112213955517,1.0490225097076908,1.0479804776972588,1.0516351265790753,20.864849287042237,20.873224225308366,20.870280839452576,20.825683080095995,-1.047440687137077,0.0007100513202348262,0.42727826917359696,0.2711835944718678,0.271439281226542,0.27141550817787935,0.13149102105860663,0.13182277865835143,0.13195127863414763
0.0,20.0,0.0,120.0,0.9309438414763156,0.7789264198711671,0.8563540320906268,-2.4773293696113714,-2.6200967146187395,-2.5528632778910803,0.8960260965892496,0.8945836088239071,0.8966008584157161,1.8934303086509918,1.8903589480369913,1.8946096548860631,1.30155154541635,-0.4635150536044005,0.0005447609646088514,0.06622474080642131,0.05722546443431558,0.05688632879637163,0.05705029246909755,0.113499623693133,0.11355576102273865,0.1137802730847986
50.0,20.0,50.0,60.0,1.266870080507263,1.233338335347394,1.257755773544844,-0.1429572030287945,-0.217405012985086,-0.1630097513198403,1.2592775088676575,1.2587975743000202,1.2570566054258983,14.200575734998543,14.201630776160444,14.200722691434978,14.183766694152306,0.6560219535726386,0.2954296310985541,0.1654203485861432,0.17776708853165663,0.17795433762970697,0.17777897289911226,0.15954795210215117,0.15926852372497755,0.15932618421954756
90.0,0.0,10.0,0.0,2.1225317081122164,2.05692784481463,2.1002187935420484,3.1366453994333865,-3.1388699604629,0.5942225078583525,2.098745805367674,2.1004044686006993,2.1026792737053186,4.598885198864361,4.602688073685919,4.5946974189522205,4.182804618265484,-1.2638611800215689,-0.052401707176514954,0.3427959298373166,0.11452101858094665,0.11460770957550205,0.11453702628844518,0.26599579330135786,0.26650028041678064,0.26628075437498994
0.0,20.0,80.0,-30.0,0.489628688984628,0.4808358200926731,0.48564971726368655,3.1415786681568285,-3.141574806870491,-1.612918640641391,0.4878907768042593,0.4868441782027145,0.4839510399129584,22.754569735774965,22.761241032793045,22.747556162165164,22.724688232799306,-1.046940634949737,0.0024894535828187694,0.19736615484281805,0.27441806708191635,0.2745868150369374,0.27446629712307125,0.06041745722268153,0.059902621612680146,0.060054425161126496
20.0,90.0,50.0,30.0,1.8439828524666209,1.8371382957759812,1.8413669211030708,-1.7651385817232288,-1.7976058022832135,-1.7740130853233693,1.8408276908376393,1.8415870054872552,1.8422741435425678,16.45896187803091,16.45861938533316,16.459742160562968,16.40742707508401,0.05290810258875221,0.13893276163991242,0.6665978894112562,0.24497341818430418,0.2452352992349882,0.24516296480707847,0.23249043371917674,0.23267475708663032,0.23258828248308722
0.0,50.0,50.0,30.0,1.1541368465000883,1.1506231362214132,1.1523754326094249,-2.09371485975273,-2.111436107093663,-2.1007046655912758,1.1517193122619456,1.153334854901059,1.1523459772217681,15.523975264707277,15.516236565058575,15.508531515782277,15.484659922971007,-0.0010391479266664292,-0.001312239468931851,0.37072137860464655,0.21374985416571216,0.2136692527883644,0.21353282596713533,0.1452054233373586,0.1452899779834218,0.1450697857245565
0.0,100.0,40.0,60.0,2.0416314089393235,2.033683781122344,2.0370077355993335,-1.5722075686946924,-1.5953784413472654,-1.5774369723126005,2.0367892415038678,2.037192670956718,2.03700289082816,14.128857313725002,14.123853817105164,14.131594533849231,14.081126930046748,0.5216988810321317,-0.0017259902967982593,0.6940512433990272,0.22556651830141758,0.22552108856444839,0.22563025405544052,0.2575008360623891,0.25753214504814054,0.2574890962256601
50.0,0.0,100.0,-30.0,1.0723308103076838,1.0616083096928786,1.0679979484995001,-1.4071071213934767,-1.4172573901999133,-1.4132437077317732,1.0677941109917304,1.06766328191736,1.0688288895202003,27.331210158431652,27.329397412884312,27.330356321207745,27.287107305177802,-0.9888133961117419,0.5029616754037777,-0.0008216819041437404,0.3097359601477552,0.30983718322706827,0.30964528190670243,0.1356260812010351,0.13575586463548586,0.13577048555128657
0.0,20.0,10.0,60.0,0.8543505796494517,0.7704162175055911,0.8099091117790159,-1.666649125784762,-2.0730195776664617,-1.8628743287019789,0.810389272323496,0.8102968689446708,0.8121057773796222,3.9996763136457814,3.9975215905847152,3.999540223782325,3.9342182302499986,0.4330118544304362,-0.010890590118470456,0.08587017664338398,0.07243789300482481,0.07229509649072091,0.07240434096567541,0.10250493194512499,0.10271253746482877,0.10273445562182647
50.0,20.0,50.0,120.0,1.2687158399218796,1.203573316277626,1.2527709090341355,0.9010559401357,0.749573605573855,0.8657270927822063,1.254123254656564,1.2530047991341238,1.2546450949581656,14.228589729578196,14.230979132967247,14.228307401014115,14.214300836609597,1.701964518958839,0.29292381320463473,0.16985985661947495,0.1787271730081341,0.17861990699132382,0.17860937386044232,0.1587179038230304,0.15877939931845972,0.15891987018574794
20.0,0.0,30.0,-30.0,0.5817929845602781,0.557411116965456,0.5670017959694963,-1.673005414791623,-1.763271233655843,-1.7304087141837037,0.5660778149125358,0.5682371737525859,0.5664761754317177,8.43522724685649,8.449110402947273,8.446874970416067,8.429431871425335,-0.9468306461061228,0.07998157526354283,0.036155072495035585,0.1024965162609218,0.10279318112199633,0.10260806275699766,0.07184526240647215,0.0719067860380787,0.07162672934232855
90.0,20.0,0.0,0.0,2.1092473841716064,2.1048500079453163,2.107180869189999,3.1399191914736853,-3.137597688034215,0.50647081798129,2.107492532292178,2.107479028550021,2.1089455449268955,3.2632691909250835,3.2606735925328687,3.2608348017291022,3.2268619641402685,-1.489680606858057,0.0010729111244041209,0.3374066151622286,0.10607844450808632,0.10607335901116903,0.10598056884731419,0.26709314170925114,0.2672827602971502,0.26728201909014426
90.0,0.0,110.0,120.0,1.7897489094574432,1.7435759099057944,1.7638513144150203,1.2973485350554397,1.2790435964500682,1.2899860581854479,1.7627130285981525,1.7639691198588732,1.7647580949221626,29.796433556366537,29.800390776582024,29.79786132579704,29.717182116085674,1.6578812608169358,0.8977824747786327,0.003936657465610586,0.3352388391429884,0.33542073990584764,0.33535984541771907,0.22405890433543876,0.22431090303348802,0.22415226156684884
0.0,100.0,120.0,0.0,1.4911724114623468,1.4783769699431073,1.4853814563893282,-2.5863861691357823,-2.5951213383847813,-2.590803407417182,1.4898755876076792,1.4842680309913006,1.4869849639075121,35.3939873351577,35.394411795582364,35.38481152024324,35.219501368586315,-0.5221065865019286,0.02546655321812146,0.9989167097810946,0.4508677744533727,0.45065613909883784,0.4507907573911936,0.18632412760323008,0.18597027760031157,0.18666884172316606
20.0,0.0,90.0,120.0,0.4334608825204584,0.4205464216831038,0.4306722486667442,1.6738311689741685,1.6547768908925686,1.6615207456687018,0.431761683264297,0.43039258257095603,0.4310352590400026,24.391136232301896,24.39763226315352,24.39794188446236,24.373074283984224,1.5926471196471919,0.1509985018050983,-0.09746034201583725,0.270045014523957,0.2698751628032748,0.2699731093033001,0.055620925458344496,0.05551800819259088,0.055702546582439956
0.0,50.0,40.0,120.0,1.2428242082424674,1.1968451439365917,1.2178649577241683,-0.5203340798993971,-0.626536988425935,-0.5452627247893637,1.2198188183255492,1.2192246187765083,1.2172855311366952,12.88094684799146,12.882436682649713,12.879356455133673,12.852539883356195,1.567427386894361,-0.0050480843813156375,0.3387861017593273,0.18480815909397433,0.18497940223303602,0.18482935294943093,0.15395566283241252,0.15362653698078674,0.15370857985738265
90.0,20.0,80.0,-60.0,1.938221494689839,1.9273410861820324,1.9291952294019081,-1.9710020071022667,-1.983202810308513,-1.9808416288139439,1.9288183707325315,1.9289538057529072,1.9295054357473527,21.890531389564174,21.901230862894884,21.902860285111448,21.862266156967497,-1.4380833987811001,0.7311191036929389,0.19159349293688918,0.25816757472915636,0.2583870913492028,0.2582420807490564,0.2446810990010153,0.24477729153598976,0.24475671630979162
20.0,90.0,70.0,30.0,1.963823987748008,1.9496155890507072,1.9577048266297552,-1.7656614812063651,-1.7811360041513526,-1.772431570512787,1.9573511728124977,1.957410973626106,1.958569674788883,22.193894608903552,22.189653348186493,22.19020405197157,22.064839460678886,0.041997345611283037,0.20795721955821683,0.9000044854611314,0.31366959419468005,0.3138013617778814,0.3136935870039099,0.24692317003289146,0.2470841916788135,0.24708539171554575
20.0,90.0,110.0,-30.0,1.487933990594038,1.4704667569043877,1.4808158698269227,-2.8639040486753053,-2.8795500571299937,-2.8712382984377207,1.4817116161060533,1.4803205232801042,1.4824171102232562,32.57170225823341,32.59237121750076,32.57397332167462,32.391214046808365,-1.0290028207858575,0.20928442089914917,0.8998997356651406,0.41709511601191296,0.41710472360478007,0.41757002358657724,0.18582249063164846,0.18587544933535688,0.18606977899315297
90.0,0.0,120.0,0.0,1.603332662729859,1.5911030998079605,1.5970149630489647,-0.8398595369596957,-0.8518963218051635,-0.8459918489092848,1.5975108155401772,1.5959155444009905,1.59937289980459,32.714728427449586,32.71245106265092,32.703419195904466,32.59616518969046,-0.45107668732961503,0.8953170924489523,-0.00023272540707165756,0.3693555418383802,0.3692170563147245,0.3690570244307036,0.20276237683013873,0.20300548889285955,0.20318522189607696
20.0,20.0,10.0,-60.0,1.0042393380188248,0.9539169748603432,0.978154636795006,-1.9722618555764104,-2.103678613230943,-2.0464288983843395,0.986305755730378,0.9844925736705533,0.9838566609382029,3.1571392750206067,3.138622183097841,3.145829971367413,3.062914479213084,-1.0680594797609002,0.046883840802545027,0.07104444024948318,0.059692775500619806,0.05981470009695655,0.05949653641699766,0.12495273602822438,0.12469023123079716,0.1248856324533053
20.0,20.0,80.0,-60.0,0.6343840228628874,0.627359643830108,0.6301422980678593,-2.872537898560731,-2.9030916949805965,-2.8907782417035257,0.6299550874521083,0.6299437068490462,0.6311590013487228,22.720275888876532,22.72599184022548,22.725934296801686,22.68233913283738,-1.5415804703557556,0.16839293457958052,0.1961100410841843,0.2738435683153394,0.27415954611292903,0.2742773594613663,0.0787422440676141,0.07891287470501886,0.0789131744053045
20.0,50.0,70.0,120.0,0.581864327917333,0.5462165991955774,0.5751380480796233,0.9954035066561456,0.9364168737441408,0.9796723362552469,0.5755641583306285,0.5756621879931819,0.5764499220009821,19.3430830064183,19.35310930311135,19.348665731161116,19.32454351761251,1.6156260054246532,0.19110105676665898,0.03438900540608517,0.22301164417319214,0.22304550093416445,0.22307369618799128,0.07285716823868554,0.07298512070726196,0.07297426531493355
0.0,50.0,90.0,0.0,1.013132082269198,1.002344647854253,1.0071188046025479,-2.589390388429627,-2.615267263667308,-2.601715895626999,1.0067757099606662,1.007072924747632,1.0078723481462712,26.36963562643308,26.36431648758219,26.362391908345884,26.25797087696346,-0.5228458232506461,0.008012093975265627,0.5000094950704249,0.3324775011325344,0.3324370553437282,0.3324807617390791,0.12601818840122297,0.12614338090131966,0.12611654519250842
100.0,0.0,60.0,120.0,2.103910524312446,2.0791911406574592,2.0995059745240705,1.556274924710644,1.4750354386011777,1.5412545028655789,2.099016539998992,2.100098287690983,2.100388774462223,15.256559048699486,15.261178482770399,15.258383939269468,15.258681403687323,1.7550267370707824,0.528871644315669,0.04577183606024904,0.16604249980456243,0.16598775086308204,0.1659430568485694,0.26665364785525897,0.26682396178760925,0.26668787702189245
90.0,20.0,110.0,-60.0,1.729502101836878,1.69351333367386,1.718042218757921,-2.066617195836137,-2.08359669634568,-2.0766125865367293,1.718041165943507,1.7197757353037035,1.719084059916283,30.41384319771587,30.42485807924171,30.429421493764586,30.30874868283084,-1.4852054870350628,0.9007519849274925,0.19684304555288315,0.3542780631529046,0.3543877019337784,0.354464537221993,0.21798372451586678,0.2181040012025139,0.21790175908173226
0.0,90.0,70.0,60.0,1.6494910044043185,1.6414068709642105,1.6466198767626492,-1.4162217950463978,-1.4664099900032288,-1.4284456507113599,1.6456249009853956,1.6466206086246804,1.647801336565565,21.78913919367257,21.782582898092375,21.796871014188007,21.70485478802482,0.5395096120720683,0.07858990015518434,0.7406809226646034,0.30066098094552113,0.30067214985605073,0.30104333149802553,0.20738143788297436,0.20764161671764922,0.2075365341811207
50.0,0.0,50.0,60.0,1.1962693318797002,1.157289852877083,1.1853943429730114,0.2362651890380582,0.158750761665834,0.21605252786822546,1.1857570715580403,1.1863339724845738,1.1860369722798558,13.482178500046638,13.480349206420051,13.4818162473775,13.482038702765841,0.6537326724531721,0.2755921188855519,0.04360821698381602,0.15478740533966223,0.1548713776927808,0.15479091741079792,0.15056083074855636,0.15059413886659268,0.15051813617138904
90.0,0.0,90.0,-60.0,1.9070311400067503,1.89912793935094,1.900794316888645,-1.7802853827930043,-1.7887914157362297,-1.787089984210093,1.900411252283188,1.9001915404669663,1.9016553988743432,24.062578287580823,24.074134920944836,24.074758104535395,24.03704747865182,-1.4567185587267526,0.7773350162988194,0.020102280097963943,0.2689990048260156,0.2693697059660739,0.26917339492364734,0.2413588182701227,0.2415293009059071,0.24154552530991083
20.0,50.0,120.0,120.0,0.8983153908475117,0.864113275724425,0.8761273298896924,-0.0321241540564612,-0.1177091310815811,-0.09093858405363811,0.8766151765189943,0.8764347005575289,0.8767978553006721,34.3519682202975,34.36249187819085,34.364098454815135,34.18682414430036,1.5869113372817614,0.21245111769737496,0.4996887903050639,0.4172830259108492,0.417524503905434,0.4172948009396764,0.10919640177452294,0.10921487930796092,0.10924722090294525
50.0,0.0,0.0,60.0,1.3157660997618463,1.160978106198393,1.249573138649746,2.0053169096382364,-0.1093145187193384,1.0870875403336169,1.249446935914381,1.2492877308524988,1.253238678375508,1.9589900499391106,1.95220415918979,1.9570949821670163,1.90463296304587,-0.050519047087702953,0.0004451304560508828,0.11815188948071584,0.0631135610767144,0.06295017620642905,0.06289626266761783,0.1582375251223871,0.15870841764010535,0.158740877642884
50.0,50.0,90.0,-60.0,1.4450288976507464,1.41618582213576,1.433423657991144,-2.691304294017078,-2.7130197278251,-2.703758598048833,1.4352170326361864,1.4328504558117534,1.4323347244745344,26.152840988776454,26.155694952246098,26.15687705366686,26.041303055093344,-1.5028034620583635,0.5049288933331442,0.4982977119528935,0.32870102818160274,0.32887857511887997,0.3286322517189065,0.1809994130815324,0.18065385736182354,0.18094669179613146
0.0,20.0,0.0,-30.0,0.9309438414763156,0.7789264198711671,0.8563540320906268,-2.4773293696113714,-2.6200967146187395,-2.5528632778910803,0.8960260965892496,0.8945836088239071,0.8966008584157161,1.8934303086509918,1.8903589480369913,1.8946096548860631,1.30155154541635,-0.4635150536044005,0.0005447609646088514,0.06622474080642131,0.05722546443431558,0.05688632879637163,0.05705029246909755,0.113499623693133,0.11355576102273865,0.1137802730847986
0.0,90.0,20.0,60.0,2.053778203375109,2.0390095527303145,2.0467080743176123,-1.583635150762697,-1.7194073307432214,-1.6218940491968838,2.047603433254708,2.046195316489999,2.046548479291591,8.629359982492815,8.628457527837982,8.627215931708998,8.600255794193252,0.504507036770651,-0.009630722421023214,0.5042340848497723,0.16305338024316884,0.1628187536719085,0.16288263727555263,0.25913471002383276,0.259009044607223,0.2591887748446486
20.0,50.0,60.0,0.0,1.1691716700092654,1.164246817169374,1.1669725813356975,-2.171227546527638,-2.17819459011679,-2.1736542933991654,1.1673260540879016,1.167709416303372,1.16627691930981,18.14304862203757,18.14630683373346,18.134337516333566,18.10167441877991,-0.4820130654162774,0.1438410996615206,0.3991302962994589,0.24142380796641438,0.24139418494942352,0.24144067514418321,0.1470701929362918,0.14693911205890747,0.14688875523816045
20.0,90.0,90.0,120.0,1.7009202205192795,1.6522804377603528,1.6916765022490712,-0.1262516574604178,-0.2355985213319293,-0.21469818085010695,1.691848772050489,1.692468759270012,1.69408229869422,27.33591073571908,27.33640718027097,27.336461475452655,27.181611148630857,1.5990370601744854,0.22357437063113242,0.8943026959023453,0.3637609646055054,0.3637723557142146,0.3637505321185426,0.21286043099162802,0.21314377056752393,0.2130408495781344
50.0,0.0,10.0,-30.0,1.5119066987330412,1.258447774687915,1.382387154189362,0.979369824826665,-0.3835401224248007,0.2228225482011609,1.4051667989683723,1.3992617438842059,1.4036296147947342,1.696883427940009,1.7496893997989247,1.7302154866247446,1.1619590547785006,-1.354754565404296,-0.012103249287809644,0.08978503191943282,0.052232657158073244,0.05293761600515194,0.05292745411792197,0.17791307073493984,0.17771614394295915,0.17851655050916346
90.0,0.0,60.0,-60.0,2.1029216813888123,2.096987342521399,2.0996318939934895,-1.5620675874850374,-1.588541733960788,-1.582741621816975,2.098896135832273,2.1001896143500387,2.100055364185865,15.207315501192465,15.210868499462322,15.211935411381475,15.205863956557064,-1.3877484740208426,0.5234046476157913,0.03529929651728648,0.16428932841071792,0.16425822234350737,0.1642813706219664,0.2666792343691207,0.26682377681884795,0.26666378873981544
0.0,90.0,30.0,60.0,1.9674137782441783,1.9557433883575044,1.961004665098881,-1.5765260490646529,-1.6300820057877612,-1.5887042829451186,1.9606312458214155,1.9615606599597817,1.9608219197432009,11.266139252497865,11.26325684997163,11.264392751667577,11.216923590745724,0.5182744677159756,-0.004416030688177268,0.5643945384483541,0.1907202617127926,0.1907098328759322,0.19060961076526206,0.2480680648043436,0.24811096265669252,0.24798342709211646
0.0,100.0,100.0,120.0,1.6856023503376136,1.545736665354011,1.6660661310714873,-0.4026663269608616,-0.5188032500675623,-0.4908254705628967,1.668131149390982,1.667586009151035,1.6694315426154538,30.18978393290646,30.191613627920255,30.192784481984194,29.99425548493059,1.5732024822178134,0.029502874331874044,0.9872397713506678,0.3972859985917447,0.39762226698138925,0.39779485367586537,0.20961578259539276,0.20976579319540956,0.2098488478614267
0.0,50.0,0.0,60.0,1.4962543654636864,1.4841196182041227,1.4896995253851304,-2.6069329353830355,-2.621253154389827,-2.6131412621582464,1.4915964072788974,1.4890606238541537,1.4888031702932938,2.2758211836711197,2.2878979336449765,2.2747021980244866,2.2498730103947393,-0.5216398908309141,0.0005706229034551925,0.1660427832690926,0.07428462077422177,0.07436120812743346,0.0741958480168302,0.1889965374785085,0.18864689853857336,0.18897592853098488
20.0,0.0,50.0,-60.0,0.530856878247306,0.5014036378638306,0.5091484163842831,-2.233121195049179,-2.314609996617348,-2.2866201182917143,0.5084788957533021,0.508935092768258,0.5092458631262592,13.915192708956493,13.917442563849395,13.92257211177781,13.915818254918848,-1.516595477989206,0.11914060289888839,0.04055634525834908,0.16297487256748333,0.1630215670649193,0.16302805092473507,0.06428773894706025,0.06439265617135614,0.06432589459232843
50.0,20.0,70.0,120.0,1.164643621972868,1.1373326022823445,1.1594345363976484,0.8177621034292407,0.7738378146467242,0.8098235413053507,1.1593377503354572,1.1599625202795352,1.1603956825200183,19.751330389437115,19.762399937209498,19.757574313943593,19.732754747221808,1.6570290025034335,0.3757045917684603,0.18802722942381167,0.2392443152448784,0.2393772024266771,0.2392631320221344,0.14669358726148787,0.14682765176561535,0.14674542966310047
0.0,90.0,0.0,-30.0,2.115082308597722,2.100889464362548,2.107771079601518,-2.5626520662625434,-2.594491633401232,-2.5764652576158444,2.108768359553128,2.1079293414293114,2.1071239480594666,3.212789112492876,3.214529323162375,3.2097725968789192,3.182849963051031,-0.48499534139781103,0.0010735189888186748,0.33272227303943885,0.10473621349201848,0.10455448131237566,0.10458682723616564,0.26733917464393314,0.26713493893736623,0.2672401883385095
0.0,50.0,120.0,60.0,0.8711061654551779,0.8425091392482709,0.8543052871922059,-1.1712380570145449,-1.2363143004366624,-1.2150337811130743,0.8540597297209837,0.8549056007738665,0.855735850044113,34.369448427734035,34.35668097365972,34.37639295503731,34.19416980216938,0.5366114538318958,0.1722501209164358,0.5001269805363626,0.41729738265218724,0.41736821825823184,0.4176056791325599,0.1062841671422461,0.10650152010495093,0.1063962479553283
100.0,0.0,20.0,120.0,2.143987747522411,2.007338489538372,2.097174720280219,3.0831474732832604,1.6465180807501876,2.402342065217162,2.0969705840488837,2.1009546110473662,2.092834524387337,3.0069673516923,2.996605041436663,2.998158373680896,2.918888874347238,1.751400436856368,0.044699316377208156,0.15418540524230118,0.05551624501052927,0.05549183495703832,0.05580097574784808,0.26670394069876496,0.26617296718927147,0.2656754716123325
50.0,20.0,10.0,-60.0,1.7725793169580648,1.452000560157157,1.55478188201983,0.7496805707400647,-0.831210485135469,-0.19560837860501468,1.565844517711318,1.5603346764280213,1.559875879656732,1.6456666327343257,1.6582867566084019,1.651355876732427,1.2269140960245004,-2.01118527072984,-0.019961011604464347,0.11933414973335663,0.056232584117602735,0.05629742561104441,0.05603075646130705,0.19845620938756517,0.19771767943595858,0.1984016047880675
0.0,100.0,120.0,-30.0,1.4919572000089936,1.4778281843920036,1.4851601485247634,-3.124909679942842,-3.138629741333314,-3.1301159968599457,1.4862601051220283,1.4861458479667622,1.488286454335902,35.38930549488952,35.39679197549048,35.384379538362666,35.21943623251019,-1.0467056870326883,0.011947526867977011,0.9990337977829788,0.4505801395356858,0.45094467584389497,0.45084809319701685,0.1861123660670224,0.18637006746790327,0.1863931298029837
0.0,50.0,20.0,60.0,1.353398699969984,1.3378759742490922,1.3462211124076564,-1.594066014870978,-1.7543722208364954,-1.6405725576790404,1.3446191203698936,1.346569807818423,1.347566594163533,7.558147718933013,7.558156360871516,7.56113721840226,7.536057797799016,0.5041281026878172,-0.00886893719521181,0.2611901466175366,0.12897878883813646,0.1288906948611415,0.12903233627994323,0.17013854478240886,0.17051519555533173,0.17026779306846643
0.0,20.0,100.0,60.0,0.4160820315588885,0.3893306353581937,0.4072423144082977,-1.3289794785514346,-1.5885958263491142,-1.512247126589704,0.40768656569180334,0.40823713738118106,0.40831361307609804,28.188323062533918,28.17863995582363,28.18418664539065,28.100709276597545,0.5248004425175454,0.01251135214091519,0.19755973901024668,0.33406872332077003,0.3339442870290137,0.33414561897015177,0.04996858773806967,0.05004393820826074,0.049968149066453395
20.0,50.0,0.0,0.0,1.549011750278233,1.539782554059072,1.5443280551676026,-1.118259231471871,-1.818751640110655,-1.46753571166629,1.5421830886385464,1.5453362504433803,1.545418577552721,2.3744420430980266,2.3669138609043845,2.3713199115154397,2.339604670550905,0.6239814505677705,0.0006017250669815729,0.17902385358211606,0.07732015993876516,0.0771020072627134,0.0773036633275507,0.1956457733139487,0.19605648968148073,0.19565963437057735
50.0,0.0,10.0,60.0,1.3718095583058585,1.2463061033114184,1.2923739483175367,1.4000361906849417,0.2618045164727071,0.8457293988565449,1.3025580203176095,1.302527817818563,1.306529161758423,2.1178093817855865,2.1433279572541406,2.1425761525027642,1.839637637966164,1.2577327398386597,0.04031385514991906,0.08550319813356985,0.052705635788994155,0.052986256160054104,0.053066089352432344,0.16515085171745392,0.16566830751428338,0.1656735368684536
20.0,50.0,40.0,120.0,1.2874857401893205,1.260836654442241,1.2763061584200932,-0.0307622767435991,-0.2759406458045166,-0.10384712589631342,1.277751844241755,1.2765763807932362,1.2761430184373346,12.80546440622589,12.8116293216734,12.808068573690765,12.78162712150385,1.6319003977792141,0.09824098192080823,0.3412506413002046,0.18473106352066684,0.1848516824024847,0.18470375733053437,0.16128464086164115,0.1610845479973022,0.16122727138504994
0.0,90.0,70.0,-30.0,1.9096002240521,1.8945832851637563,1.9029402387624865,3.141582555700953,-3.141579737190081,-2.5317882462266144,1.9037365756184628,1.9035203487897852,1.9018818927634484,22.23099054716588,22.23583456143618,22.23139296691228,22.11155249120273,-1.04655940747841,0.006733386252852609,0.8993572714054527,0.3143800592471114,0.31447087705450416,0.3143468465121845,0.24016240154085666,0.23993262250182404,0.2399608405587106
20.0,50.0,0.0,60.0,1.549011750278233,1.539782554059072,1.5443280551676026,-1.118259231471871,-1.818751640110655,-1.46753571166629,1.5421830886385464,1.5453362504433803,1.545418577552721,2.3744420430980266,2.3669138609043845,2.3713199115154397,2.339604670550905,0.6239814505677705,0.0006017250669815729,0.17902385358211606,0.07732015993876516,0.0771020072627134,0.0773036633275507,0.1956457733139487,0.19605648968148073,0.19565963437057735
0.0,100.0,110.0,30.0,1.6102062499672298,1.5962406292951106,1.6030213145231438,-1.8663812804861075,-1.879745829482708,-1.8757370189477793,1.608265039085755,1.6024376289215678,1.6006067445520198,32.791314741020386,32.77923592676727,32.77221784234111,32.59693779582789,0.01584748389266705,0.18460517664138154,1.0000580005522914,0.42373250060223455,0.42389144331380757,0.423836624595435,0.20173235677542933,0.20080933657407585,0.20156740258401476
90.0,20.0,50.0,60.0,2.1087710534071524,2.0994404973883825,2.103774440388674,0.3733403889210197,0.2995132786680919,0.3572304361200013,2.104675245001736,2.1031753401266173,2.1034498543352305,12.991272845018933,12.993022351765362,12.995941040859327,12.990400844780421,0.7549889177681792,0.47004069410326094,0.15652058331553612,0.15475037680310166,0.15471389006225353,0.15470809806261618,0.26706306312686257,0.2669073522414671,0.2670957696086272
20.0,0.0,110.0,60.0,0.4274142083644749,0.372950303279921,0.39465880029309447,0.067182764933714,-0.0030817754958965,0.018177721118063716,0.39343272567928594,0.39588341055014115,0.3954740166586039,30.317275773601324,30.306820996218185,30.318345430257516,30.23383391335683,0.5433018647220449,0.20752920241831685,-0.0005459977678068097,0.34532832321031015,0.3453125835692358,0.3454656777672219,0.05019613816542619,0.05041911995883233,0.050133549893484515
50.0,50.0,50.0,60.0,1.553269562362781,1.527506165057446,1.547096488193473,-0.5163639051652175,-0.5878409187657634,-0.5334190505536288,1.5480933112067468,1.547055616159737,1.5474454509618305,15.09955936677196,15.096419047057658,15.105257794802917,15.07282473750443,0.657178075392163,0.31732630465470113,0.3642491256982241,0.20645944704996425,0.20648629323671222,0.20659822453226304,0.19573678148434956,0.19565958404326148,0.19578869923024872
0.0,90.0,110.0,0.0,1.4489754414680045,1.4343206244431874,1.4432719377930543,-2.601575320454893,-2.619509467114236,-2.6103064448768825,1.446666902856672,1.4402276675607433,1.4441915567880448,32.60559350678843,32.59591631725471,32.589669645950515,32.40807995757442,-0.5233161528142156,0.008075305929402511,0.900188509277012,0.41778298828882876,0.4176582339532958,0.41739717959279166,0.1809884069628315,0.18070741772888355,0.1814949522554175
50.0,50.0,20.0,60.0,1.7898404532880965,1.696383965489966,1.7517318214726376,-0.007582804519678,-0.5426698067151647,-0.2149405742874786,1.7553507277025067,1.7536338599658796,1.751672388563367,6.59141332629743,6.591892752791575,6.59790828300697,6.584176561936878,0.9252407760061403,0.16127942583685415,0.26567479597804267,0.11717486360434709,0.11729850718410219,0.11736922124354274,0.2224687047362207,0.22200170533364458,0.22222389310142965
20.0,90.0,60.0,30.0,1.7680836738681418,1.7612216890284342,1.7646450638389022,-1.787183090383467,-1.8036104280909528,-1.7917481571466223,1.7648343404811475,1.7626215376261385,1.7669115769388433,19.122477761396368,19.112502463323874,19.12309177028594,19.053379692341654,0.04128166295288003,0.15138815912149883,0.7099338239833358,0.2729461187679658,0.27298484100736564,0.2729926119140524,0.22240782858452768,0.22268156880580686,0.22295636748047246
50.0,50.0,50.0,120.0,1.5576013543449412,1.5085754073851834,1.546064304527136,0.5290819387290847,0.3884682669266949,0.4974453668594573,1.5468369035002345,1.5461460256492205,1.5477027168453639,15.12228575727423,15.131816316812182,15.126820810166826,15.10115435469755,1.7027180911501554,0.31352291677769556,0.3691769600277019,0.20720694608878967,0.20732794232831545,0.20720378238143844,0.19554102726662645,0.19564906564371184,0.19573401118986566
0.0,50.0,0.0,120.0,1.4962543654636864,1.4841196182041227,1.4896995253851304,-2.6069329353830355,-2.621253154389827,-2.6131412621582464,1.4915964072788974,1.4890606238541537,1.4888031702932938,2.2758211836711197,2.2878979336449765,2.2747021980244866,2.2498730103947393,-0.5216398908309141,0.0005706229034551925,0.1660427832690926,0.07428462077422177,0.07436120812743346,0.0741958480168302,0.1889965374785085,0.18864689853857336,0.18897592853098488
0.0,100.0,80.0,120.0,0.9728772715751696,0.9486607835424936,0.9693562317125308,0.17622058638653,0.1133890600061651,0.16794967589829085,0.9684011958119512,0.970396411401495,0.9707533142678942,23.187320467112436,23.189464448396944,23.191142542264988,23.138795611038095,1.6109963066348711,0.23548237660671942,0.3492317854136894,0.2893639936919924,0.28942006722491076,0.28953301606247006,0.12173157883772857,0.12200527524816636,0.12175298212520894
0.0,50.0,10.0,30.0,1.4206373147276825,1.4098892669887204,1.415798193629984,-2.148351833264567,-2.3028647991838582,-2.2141577067932388,1.4148763324490965,1.4165782419128077,1.416456698905222,4.90806722996045,4.905224606438329,4.904808332653835,4.879183836718716,-0.05364381497975797,-0.007692325027693407,0.21643315939679816,0.101883692164156,0.10182888727845922,0.10189263839026678,0.17927307653506416,0.1794670917606702,0.17925407782471298
20.0,50.0,30.0,30.0,1.3518764969408392,1.3374760163778,1.3466817820864714,-1.5461998182875716,-1.6688641960173982,-1.5828808588766887,1.3462740524170227,1.347078228994667,1.3474204405955599,10.086917249168017,10.084260773706657,10.088790976674025,10.072390492450145,0.0984788384783646,0.09415701296171824,0.3021206540811204,0.1554615761448339,0.15538976466909526,0.15555994935141565,0.17020967512018614,0.17034909822057553,0.17025629027799807
0.0,90.0,80.0,30.0,1.7747867723390631,1.758352911840288,1.767499008968197,-2.060908283508311,-2.0847530257644893,-2.078725674388648,1.767437283120936,1.7692728925225898,1.7670847260770852,24.80034128949801,24.800987621732887,24.796537407645786,24.655229516369584,0.0013670996632914113,0.012622952133930878,0.8994653583469702,0.33873589371717105,0.3389577834274602,0.3388129525177962,0.22277773431688308,0.22271831408758572,0.22252021387095527
0.0,50.0,20.0,-60.0,1.3586833357396264,1.3420523805292923,1.3483685099521725,2.980455131606615,2.670511306872656,2.784886368405294,1.3481871790612123,1.3484389188437853,1.3480715949677962,7.5222027663524225,7.523875399264873,7.523052765180514,7.506316191751282,-1.5266169920936936,0.022442073107845455,0.26094718306090353,0.12883686436214856,0.1287845920169989,0.12873165807407316,0.17057955941207503,0.1705652520293718,0.17053790900333896
50.0,0.0,40.0,0.0,1.2481348757919533,1.230805106898277,1.242543504097131,-0.7174702654724785,-0.7599710494877747,-0.7299374893954587,1.2427762260520152,1.2427331587752046,1.2428408080280606,10.58318333504572,10.580488051855617,10.579444325881287,10.569365785012511,-0.35393395381500165,0.224858122777719,0.0411658473493781,0.12148419838650011,0.12135848356074733,0.12129617213317466,0.15779678002750633,0.15780134819366362,0.15780647002558815
0.0,20.0,120.0,-30.0,0.3607507547071802,0.3459501852376525,0.3531876689904577,3.1411553900201787,-3.141179068168721,-2.8685603950092893,0.35735927277444723,0.3572091910140962,0.3537020487164076,33.63721164341427,33.64745149190881,33.636527458544116,33.51799876409663,-1.046784205088853,0.007974574757296432,0.20002761123817586,0.3943283113018262,0.39424584391557005,0.39425878753414273,0.043166318276379734,0.042712200864826355,0.04273628819407187
100.0,0.0,90.0,-30.0,1.9272285632014456,1.9234610235082232,1.9247228824477816,-1.2551457353499555,-1.260950960504309,-1.2590420416076344,1.9252372135130935,1.9257028183036837,1.923295417430423,24.050675474478396,24.05695095673341,24.04170681450046,24.017564275180465,-0.9317425910808773,0.7859984285617251,0.02040490040548433,0.26887572258626297,0.26876285060181243,0.2688123448654144,0.2447141068597442,0.2444555278320595,0.24440754422338626
20.0,0.0,50.0,0.0,0.5033213974935712,0.4974958837109934,0.500347677980141,-1.2432555882332206,-1.2721713977774405,-1.2552806767394156,0.5006985862218519,0.5023438592698332,0.49871702498877896,13.92068260398024,13.936654678647313,13.925620351665767,13.924569382232878,-0.47052557350825763,0.11656220255681685,0.0414885133211354,0.16321355653730654,0.16329245923173571,0.16318192605830611,0.06351548035894537,0.06324118397321873,0.06305307048617671
20.0,20.0,0.0,120.0,1.028845910097925,0.898056990598309,0.9654687837838207,-0.7486090037777038,-1.588379359463635,-1.167023477408104,0.9861096727086873,0.9916712034833506,0.9897610400986772,1.8909708384228325,1.9170376338087638,1.8757899441924326,1.4673299515913578,0.9230749765062828,0.0005540628654242648,0.07644178920905596,0.05752065371032243,0.05809847825942544,0.05804498332694065,0.1253048192160514,0.12579227532678294,0.1250871006839391
20.0,20.0,40.0,-30.0,0.807727744843023,0.7894833377372237,0.7968734529386318,-2.30064157159003,-2.3666092034038546,-2.3387772073351423,0.7978064417176336,0.7971150244844346,0.7960886541718974,11.87815371424257,11.886234012005774,11.879136384573158,11.866484967196612,-0.9744305432275868,0.10944255674616947,0.15121032085487618,0.155274628002412,0.15534619697586263,0.15531900420629624,0.10064567233061664,0.10041930326909153,0.10051822203177313
20.0,20.0,90.0,60.0,0.3887223468329167,0.3786075079607222,0.38608481219802665,-0.2485084846250297,-0.2754401177194727,-0.26045744041495117,0.3873387901719817,0.38694365668691205,0.3854655495197747,24.94748707166075,24.936313129177336,24.934800301202458,24.898888868807393,0.5461764360535389,0.16020777719738175,0.048022766047768464,0.28792303517084983,0.28765044345808155,0.2875133504711262,0.04875203410482569,0.048517786988733845,0.048551290063846224
50.0,0.0,120.0,30.0,0.9087962734032206,0.8802545772920864,0.8897948114393253,-0.4167159329655126,-0.4424175534564648,-0.42721093449062475,0.8903087552562631,0.8911162990016485,0.8904938671453728,33.00297856867464,32.993771576693234,32.9979766701124,32.88727311847323,0.040653289576908565,0.5072716313844523,0.000817532777033211,0.37484230472980323,0.37461204471573567,0.3748425920280166,0.11314201376248859,0.11315777393486483,0.11305756039259861
0.0,50.0,70.0,30.0,1.0398367183770882,1.035657183309338,1.0376206635110194,-2.0928438876230437,-2.109790016087993,-2.1010736172360915,1.0373497572058201,1.0398742401569148,1.0364015063255658,20.85430754088991,20.845712437113207,20.846196437107665,20.808161624012936,-0.0007394119338687991,-0.0017049468389688331,0.4215406610533955,0.27092962416969474,0.27073227756110974,0.27056857080439994,0.13046146616306192,0.13033876478895004,0.1300182029086372
50.0,20.0,70.0,30.0,1.1570222798218694,1.1495549339056093,1.154683265230572,-0.749873045116131,-0.7616805899201831,-0.7523609068638711,1.1538638491966837,1.1561800081352025,1.1544889678673,19.74025545791133,19.742448768827877,19.741821575667863,19.716204871806642,0.08612357514425217,0.3751260945572818,0.18346195253478678,0.23875273955971463,0.23880035505300876,0.23874287105483735,0.14616570455907277,0.1462486340629057,0.14595849627761867
0.0,90.0,10.0,60.0,2.1181404872349567,2.104919246005037,2.1117156934606602,-1.7336761079542458,-2.0975975518703804,-1.886926486821337,2.110666643237217,2.1114288558993746,2.113354824021282,5.917516472661159,5.910656819630258,5.9121621766366514,5.876962642621976,0.35247840544308334,-0.030773107275170124,0.42478189408903816,0.13419600410571356,0.13395282948924073,0.13396665779568787,0.26736276360223327,0.2677068294022364,0.26761799859473323
100.0,0.0,10.0,60.0,2.113917403510293,2.09536042616187,2.104691245935519,3.138534152077194,-3.1384195397319483,0.8585732817260261,2.1066271776804872,2.1056545345417614,2.104926418850073,3.337328201827915,3.3356522987320005,3.3192517859495947,2.677459436785042,-0.3459202177125271,-0.049427734643658836,0.2887671893143565,0.09749795756251467,0.09751102664055943,0.09727339169830329,0.26712502667594173,0.26690626822873253,0.2670196315884337
0.0,50.0,50.0,-30.0,1.159766234225871,1.1554102642518231,1.1575478280145817,3.1415899389794864,-3.141591844788893,-0.897150570694926,1.1572546021782182,1.158688896387375,1.1570555726427354,15.521873586215474,15.528688604148211,15.521911767290163,15.491981845666128,-1.047037205745004,0.0018764488443211642,0.37285357601456937,0.21386219897581643,0.21397639453862483,0.21384754423478755,0.14592008097514403,0.14590653585578783,0.14572561034411213
0.0,90.0,20.0,-60.0,2.057391484599939,2.0452290573865217,2.049273445714248,2.9554935192338294,2.6690537489341755,2.769395691831606,2.048869719114604,2.0489574785788274,2.0497661195717702,8.603650780861013,8.602783283706401,8.605503877767262,8.559613524632246,-1.5174097060352776,0.03138755095862548,0.5050954523441284,0.16372758505749652,0.1637105308332077,0.16373817327195386,0.2593526698443975,0.2594640692859205,0.25945192055452576
20.0,0.0,90.0,60.0,0.3837162300852419,0.3750234640840951,0.38102503540527866,0.263860487966836,0.2332626015456406,0.2504758899995401,0.38369541890485553,0.3804860494064934,0.38013034877972596,24.63858333070149,24.639317350698654,24.637374383640054,24.60650984785556,0.5462673368049418,0.15846176794278408,-0.03495829089138741,0.2782091525848448,0.27794218697738005,0.27790367371865954,0.04896587842145747,0.04850714801210215,0.04892464911800738
50.0,20.0,20.0,60.0,1.4549404855309471,1.3417587931050732,1.4075815411907993,0.3910835169369753,-0.1775625068202056,0.1663950988622168,1.4113250734865885,1.408068873584165,1.4098323731205695,5.556227951724953,5.559967585386216,5.561338568799388,5.553377022284046,0.9079121293795949,0.1306828981038252,0.12707248745011046,0.08584558478856318,0.0859034178795933,0.08595722803364304,0.17878532998057145,0.1785930178232641,0.17900245642527687
90.0,0.0,0.0,120.0,2.11449132945684,2.099366900281002,2.10698697589653,3.1406890733466954,-3.13647116156192,0.06723928081569695,2.106223467679137,2.10858643316233,2.108527255944516,3.257266487613324,3.252493358098268,3.257220856728947,3.2287834087428418,-1.1255200515244963,0.001084048798530117,0.3375906760878476,0.10621056982141856,0.1060811040063627,0.10628648376286423,0.26712512476313294,0.2674159513945661,0.2671150185462852
20.0,90.0,80.0,60.0,1.8272989208889627,1.811253467259948,1.817713979755749,-1.242094168862203,-1.2686146204098634,-1.2613264834549256,1.815823091901747,1.8218273043015745,1.8168300981784848,24.759866957753143,24.75970031988936,24.76169919869254,24.617649761020623,0.5572216213927803,0.2129346009267061,0.8991571221335498,0.3379693211125846,0.33832560601335737,0.33822207256729075,0.2292708037869094,0.22938304673387377,0.22866105378523502
50.0,20.0,20.0,30.0,1.4634266124995243,1.3707838803269394,1.4261008372005088,-0.0795939345692633,-0.532572136963085,-0.26289313578341467,1.4286185685174355,1.4282782234042792,1.4262844890957385,5.368643711698893,5.364436860422313,5.369985898551329,5.364876329968406,0.39671417163239914,0.1304799383559407,0.1181790306668312,0.08167657174615303,0.0817343720204933,0.08182219505227249,0.18128174297214827,0.1809836329245416,0.18103126240543066
100.0,0.0,100.0,-30.0,1.902009783926015,1.8903411560403445,1.899250344368241,-1.2808945150134454,-1.2855171421392908,-1.2822732965563788,1.8988215249349498,1.89996517358706,1.8994354815493193,26.861670787329114,26.867672074568684,26.860543742253764,26.82269144761968,-0.9445089262540903,0.868068539759371,0.007534996744086852,0.3006539669512304,0.30079657179190594,0.3008435471817885,0.2413314127731638,0.2414089345604228,0.24126193528091613
20.0,90.0,120.0,-60.0,1.4033671244215222,1.3784363547412768,1.392327148892636,2.887906099045507,2.8726620939976155,2.882567340017188,1.392014075588175,1.3925744812190817,1.39787120493626,35.18242771468035,35.18545255573517,35.1911400295861,35.01273966899048,-1.555315666914432,0.21012301413695536,0.898856531475728,0.4440157613889468,0.44434491964733663,0.4445873437086404,0.17419224297157362,0.1748952170520707,0.17480864801243118
50.0,50.0,30.0,-60.0,1.764551725116337,1.721562381931575,1.7377435271179855,-2.1834972858118453,-2.3350629019097537,-2.280372207065021,1.7371041668173273,1.737119304599349,1.7371957057329366,9.125507620557016,9.12341700302026,9.12509194909668,9.10999768418262,-1.2843660747900212,0.24444006502795032,0.2704784922331943,0.13868573185626742,0.13856967159426803,0.1386437202834667,0.22012034932795183,0.22012586677390647,0.2201230137662346
0.0,20.0,40.0,60.0,0.6583166259761886,0.6351422366049847,0.6484145338168089,-1.5630443606079194,-1.6547899963667827,-1.5876959961362191,0.6480015236049922,0.6494895951064976,0.6488295352275566,11.991074070496202,11.99549542637335,11.9960255031046,11.976595069147786,0.5219827402062953,-0.0020391151522849388,0.1531028522824793,0.15718290485835495,0.1571233898052074,0.15711188405805393,0.08149526433360332,0.08160661670244236,0.08142347547188643
0.0,20.0,20.0,-30.0,0.7592736394329552,0.7430014854795874,0.7506480663666525,-2.932013779849117,-3.1109155518922837,-3.0375944864269617,0.7506258024451629,0.7524421654400772,0.7502633126226999,6.639300180531751,6.640653593365966,6.6400309374773165,6.626085005339083,-1.029941583463112,0.007838721028880252,0.11239546478483212,0.10030011661409587,0.10040329954575995,0.10037890624979291,0.09497577657919891,0.09491422185391447,0.09468372862457491
100.0,0.0,30.0,120.0,2.2278490451430653,2.0588903128706857,2.115673204861508,2.2902167104635844,1.627258998823233,2.0374901822184444,2.1161663989903596,2.1216078220627153,2.116751911382243,5.901705876606452,5.896092537005366,5.897440051094277,5.889333678587396,1.8653919779355514,0.16608162351167852,0.09179622526581424,0.06143496156852196,0.06128616305202305,0.06140774094371328,0.2691493722880022,0.2692506928269121,0.26853928543798977
20.0,50.0,120.0,-30.0,0.8799707182991412,0.8600115185730483,0.8712397666530048,-2.7113122210511618,-2.744336622488728,-2.7244013961383304,0.8732067596551384,0.8724730590002783,0.8706592283609145,34.359118702999545,34.36167311495256,34.35874722460116,34.18923842871563,-1.031724888402758,0.20343466843565827,0.4998899109422252,0.41734561072343107,0.4175190434830042,0.417608057192754,0.10881520169421148,0.10847216174989455,0.10858462657421232
90.0,0.0,40.0,120.0,2.108272000313926,2.0951162569312936,2.101403959602494,1.8691517120570524,1.5757010321174771,1.7841456638421063,2.0997299349685306,2.1025576114151097,2.1014334656738365,9.179219146966116,9.181075371560794,9.177767177390747,9.18299127287624,1.8295514733411213,0.2973683422672103,0.065147575046028,0.09525866319595536,0.09520459269552696,0.09518641052505912,0.26686181424146965,0.2670801623332204,0.2667227945280383
20.0,20.0,10.0,-30.0,0.9661010421317294,0.9459021349086236,0.9571627560486927,-1.758674082169202,-1.8694012736412071,-1.81684733959503,0.9566107755101148,0.9575165673765925,0.9582316046738352,3.4329381164751025,3.434621819508004,3.430167416653474,3.407588119106121,-0.6232782231402648,0.044522623553307,0.07974804023964986,0.06360013590682254,0.0635283646640725,0.06355499067748376,0.12127163610493205,0.1214654736193009,0.1213601490559501
0.0,100.0,110.0,120.0,1.583693471519236,1.2767220530363848,1.552961747380375,-0.4316938415756642,-0.5140076155396901,-0.49877794852499713,1.5612789551954906,1.558859034312623,1.5605083091802558,32.75758424535048,32.76931872475312,32.765199344975514,32.57223164603158,1.5722600669036542,0.022946294061537552,0.9794712328349043,0.4228933811095092,0.4232113118038314,0.4233658023241544,0.19577249534153593,0.19568011949528738,0.19597463042182803
0.0,50.0,100.0,-60.0,0.9411628500086502,0.925973048208541,0.9324875854452808,2.636460425194909,2.6101221085827464,2.6272970635763255,0.9301793100689636,0.93640407376995,0.933489896306387,29.011033423937775,29.0238834914808,29.020101786866455,28.89367724072331,-1.5705165502684757,0.005460615994553438,0.49999553561462834,0.35980544295820094,0.36012444137452926,0.3600262537923784,0.11648401536326045,0.1168782382278715,0.11610117593216787
90.0,0.0,120.0,120.0,1.6391450857467036,1.5922356932510906,1.6054640434227478,1.2542891893970476,1.2306709513892409,1.2450224160514982,1.6065639485553602,1.6059805674384735,1.6040039584139505,32.70896733554574,32.719351091554294,32.71788531553033,32.602592862971015,1.6437385836974328,0.9009396975233707,0.004095389709818076,0.36927065825103184,0.3695833682742869,0.36946397523818414,0.20415811073418533,0.2038435801146401,0.20392766361681416
0.0,100.0,20.0,120.0,2.1308186560019564,2.111778974285944,2.120584654173246,-0.595234854755221,-1.3183453724112406,-0.8467617812296054,2.1210174215367434,2.12459666536935,2.117178680741425,8.650343886017898,8.658234301321164,8.66529948793299,8.582863208844428,1.451523813768597,-0.06362321604249639,0.5181721116585278,0.16493571760940004,0.1650438575933312,0.16518595983818912,0.2690032614872945,0.2685266926873961,0.2680613876730499
50.0,20.0,110.0,-60.0,1.0048006110959309,0.9728406214888344,0.9932080666041638,-2.341341284461766,-2.364672517935692,-2.3536886068637553,0.9917473555351036,0.9932763512820493,0.9977137129029556,30.767351296502788,30.77821568776162,30.780625677295742,30.658402174237015,-1.5236110755920942,0.5038495580434751,0.1982027589574272,0.3610199879581616,0.3610924205790755,0.36121203270123864,0.12513660927188397,0.12588734052730868,0.12566404373049841
50.0,20.0,110.0,120.0,1.032765566515521,0.9859343996136762,1.003495985295686,0.8054240453178245,0.7751133445453078,0.7881410418181017,1.0009577258545883,1.0034212389588424,1.0071269897411885,30.76993375060648,30.78242579577251,30.784121000365936,30.66241816581926,1.6184694777318631,0.5092915602448288,0.20094560176408463,0.3611503836751541,0.36115352740411577,0.36134919730890547,0.12637237441435653,0.12713710181379126,0.12680751312279173
50.0,50.0,40.0,0.0,1.6326874681646144,1.6217549114656744,1.6289121722887567,-1.4757613649323085,-1.5105443378136068,-1.4860405846890923,1.6293668888453559,1.628266459173713,1.6297025558467293,12.287232736854909,12.281999490585351,12.275308530986264,12.251174536620859,-0.3411374878547003,0.2812449551143749,0.32893953609815785,0.17593142549448504,0.1757417221770633,0.17577145916914366,0.20615030526184278,0.20619827846858657,0.20632180140783396
0.0,50.0,120.0,0.0,0.8173402401228345,0.8045746937600285,0.8105169330903272,-2.5835181122048576,-2.6204969736593027,-2.603591233982076,0.8112151393011346,0.8113472783756134,0.8110755509655639,34.38384352121901,34.377030204950884,34.37853784790926,34.20421225274708,-0.5232381382279272,0.00860863269160518,0.5001321521040705,0.4178934547238454,0.41796536953674013,0.41746247204700593,0.10072000440157726,0.10072508547660518,0.10069022350719178
100.0,0.0,60.0,-30.0,2.102015006687269,2.097638056497453,2.0997680037122377,-1.0575876716362338,-1.0645411986547335,-1.062274112561607,2.099810970391215,2.099869174190183,2.099791541776744,15.220421409910301,15.219018809762348,15.214902916089926,15.215083793509065,-0.8639079278597497,0.5245036694652235,0.03720079151448529,0.1645746761333234,0.1646118606754354,0.1645061488713096,0.2667371994680009,0.26673384955070656,0.2667285420331247
20.0,0.0,10.0,0.0,0.6864764695020207,0.5246501673643049,0.6044958515339601,-0.7370682129764081,-1.274934597532167,-1.0169134385178085,0.6894234662919483,0.6876040729726023,0.6848264783156957,3.21519253797128,3.221624012683203,3.230280995618972,2.881413778084478,-0.2021383205485823,0.028966586234184865,0.04301729289140962,0.06087376131538214,0.060717702771535466,0.06081211897473884,0.08731906830038487,0.08672137037897726,0.08691813370604475
50.0,20.0,100.0,60.0,1.1135579413908752,1.0722360602613357,1.0897990218967457,-0.2256029462586968,-0.2411741550344718,-0.2327696875631471,1.0906964653812947,1.0898436176124202,1.088502983999159,28.00550772984127,27.99437340083432,28.00107916209833,27.91740044799248,0.5808759263928571,0.5057295649926575,0.20134911054523985,0.33070700629932054,0.330507597248292,0.3306909392217303,0.1379566528702806,0.13767486697132802,0.13779052978433823
0.0,20.0,90.0,120.0,0.433075166221438,0.4244055019721723,0.43016860896676096,2.349110421239131,2.295223589741662,2.314510494590984,0.4299966258863522,0.43123923264143815,0.4304108230498543,24.13778943071482,24.151030204825396,24.14748703104993,24.12301864889179,1.578888582750793,0.05524927734955677,-0.16668881007863107,0.26133301930885494,0.2614332367555084,0.26137958079552853,0.05618813146682459,0.05624394192047252,0.0560689567277601
90.0,0.0,10.0,-30.0,2.1232149334048547,2.057818537506449,2.0925288487745477,3.136589478641693,-3.139034028871168,0.3396533263856195,2.0920890301359325,2.0921934958042354,2.0960980155449227,5.032257423274376,5.04207611511787,5.032141115170945,4.842073143892306,-1.3864587246339553,-0.02983430024846372,0.3665319211313665,0.12087234261405738,0.12084287554764217,0.12082426292628831,0.2649806535440877,0.2654798665860774,0.26547551291582516
20.0,90.0,20.0,-60.0,2.099370254441692,2.023631727706228,2.066585797139216,3.140403180698787,-3.1392958341492423,1.9962365929200512,2.0819340221077742,2.0815330707092965,2.081150871209996,8.47225401151962,8.472198945243582,8.474941138766209,8.405503100587858,-1.4068352099151529,0.08875630029882373,0.5010776976137861,0.1623444295782281,0.16229907417927555,0.16234767907152736,0.26360697457236526,0.26350305609851377,0.26355793986517445
90.0,20.0,50.0,0.0,2.108784626201191,2.099451992754872,2.1034948817633463,-0.6755126944822075,-0.6970010635914562,-0.681905334128376,2.103629324214253,2.1043844503651896,2.102620096597644,12.973873497897705,12.969461079587916,12.968361252816491,12.96508102946379,-0.29250855650020435,0.4684626391433139,0.15206679798091374,0.15398583773588087,0.15406256979832353,0.15389880224069097,0.2671161627821068,0.26698681261887547,0.26689013228858016
90.0,20.0,0.0,-30.0,2.1092473841716064,2.1048500079453163,2.107180869189999,3.1399191914736853,-3.137597688034215,0.50647081798129,2.107492532292178,2.107479028550021,2.1089455449268955,3.2632691909250835,3.2606735925328687,3.2608348017291022,3.2268619641402685,-1.489680606858057,0.0010729111244041209,0.3374066151622286,0.10607844450808632,0.10607335901116903,0.10598056884731419,0.26709314170925114,0.2672827602971502,0.26728201909014426
100.0,0.0,40.0,120.0,2.1093141973114777,2.095024753998349,2.1013247131409676,1.8700286235713832,1.585399405750816,1.7866860554185133,2.0996509966894554,2.102139616607787,2.101686028815759,9.173497722449532,9.173995693006304,9.170299017690017,9.175706193583121,1.8291820908108563,0.29671003102965543,0.06430755137323378,0.09502101172349607,0.09491295997225559,0.0949057921164809,0.2668116785080545,0.2670705515805307,0.2667549733798315
0.0,20.0,30.0,30.0,0.7098985251960322,0.6803839292997081,0.6973157359302948,-2.072988941191982,-2.187623334787335,-2.1089367222535285,0.6997606723674136,0.6986477804697214,0.6997088016444001,9.333381650079522,9.33840671357814,9.331948207576039,9.301531594770388,-0.0019726640055467504,-0.0012558482022586822,0.13486289418204636,0.12975739378242954,0.1295291306317698,0.12944348257257693,0.08807476461964685,0.08803152156567666,0.08821975062542059
0.0,90.0,60.0,0.0,1.7403521833566442,1.7369313839992853,1.7389394125049984,-2.617717076384629,-2.6226080336703674,-2.620488533102833,1.7390128487639276,1.7385544391020364,1.7395333879284427,19.18912970980466,19.182416158167968,19.16932197179562,19.11679324959101,-0.5243540493913948,-2.5242388269940037e-05,0.7187478496892055,0.27471359321050864,0.27460476753601243,0.27423799881326777,0.21930535680742355,0.2193900648756088,0.21941621618429255
50.0,20.0,90.0,60.0,0.8617218101991624,0.8532513755328623,0.8588453326759129,-0.0396475142401393,-0.0519363825873718,-0.044386327468942076,0.8600401474531567,0.8585575284387156,0.8585397313839708,24.8754333869795,24.869905303230414,24.87852480281343,24.83549189316341,0.5757308629759075,0.3680860092060666,0.06599204658274524,0.28734424745397125,0.2870400267341098,0.28734248816828023,0.10892092499651929,0.1087213809373227,0.10891064104455643
90.0,0.0,70.0,60.0,2.035111085067064,2.015256034628748,2.0309826541798155,0.4195480152576111,0.3947463237667035,0.4147404658457594,2.0320548750310747,2.0305532865137708,2.031538153396156,18.25713686900834,18.251617045738215,18.258939122428984,18.23452267172393,0.6782853746883485,0.6202041508698987,0.0346519942799918,0.20132795136249532,0.2014084805730112,0.2014850850700459,0.2580224190604181,0.25797257892422315,0.2581589704749741
90.0,0.0,70.0,30.0,2.034722909957865,2.0216403772838265,2.031895544076433,-0.1035700912056915,-0.1188672871919469,-0.1066878650288689,2.0321276818424026,2.032036050854524,2.0323347778876895,18.25141550439336,18.24843992224827,18.247783742191775,18.227740430818017,0.15466272187075214,0.6198908742977911,0.033353894303045535,0.20122303041593328,0.20116248597436417,0.2011924736075284,0.25813748089496735,0.2581584427367916,0.25816178622025276
50.0,50.0,120.0,120.0,1.188666780093294,1.131742497626097,1.149381855741113,0.3936307653815603,0.3475581892277462,0.36454876294841365,1.1496693497060733,1.1486808480391608,1.1494121703359874,34.26542482480659,34.28739504221699,34.28022821321485,34.10374532263985,1.6101409885712665,0.5119104079013823,0.5014086432284085,0.41581692338079695,0.4161830487430147,0.4157450115917641,0.14436193562086558,0.14437022403349278,0.14449852503087193
20.0,20.0,60.0,120.0,0.7036000993088316,0.6666244214896208,0.6972111690293115,0.2480297912349802,0.0876123174824192,0.21546081331613012,0.6986992148442234,0.6973114902061817,0.6976274675845222,17.31051995313803,17.311898033731868,17.317423689362652,17.288704049318625,1.6116859689536467,0.13373021107857275,0.18045298654683217,0.21472613793214812,0.21486403921675365,0.21479848213833938,0.08770544999507764,0.08757010947226239,0.08774477099650684
50.0,50.0,30.0,120.0,1.7042815436417182,1.6019745582727445,1.670195952173422,0.7493147841605958,0.2880802715692571,0.6073236657417705,1.673582351655162,1.6699844920604667,1.672703715506371,9.595937267231028,9.602723310342096,9.596843807451632,9.592295850552269,1.810045958565523,0.21375429291786666,0.3096715574305611,0.1490006050428901,0.1490747512538021,0.1488083734457131,0.21168216168607915,0.21157110680605876,0.21202407099594167
0.0,20.0,110.0,-60.0,0.3894709419872436,0.3723121085228507,0.3794196392803018,2.679907517425087,2.598659180221912,2.650349995830076,0.3788252031533449,0.3823681082122174,0.3818539626648901,30.912293662651358,30.93026244472499,30.92837661948154,30.808292732161554,-1.5702620010919643,0.0073455641112402,0.2000637848233565,0.3638160770965279,0.3641352894402767,0.36396088857804193,0.046209289127169796,0.046575439303596346,0.04615261139182711
0.0,90.0,30.0,-30.0,1.9665139987329023,1.9620535203995235,1.9643064903170748,-3.055110853977876,-3.136591039715816,-3.112828916765309,1.964156520524032,1.9645996861078217,1.9642274350138513,11.24689130112971,11.253848106224519,11.251767486962837,11.209586423410363,-1.040355373931103,0.009531995973692399,0.567408160871941,0.19125710221494374,0.19124890843456743,0.19134846753359894,0.2484988252546003,0.24849924811350738,0.24845185957842797
20.0,50.0,50.0,0.0,1.226960274864343,1.2225662678500298,1.2252130894187911,-2.1528969977542487,-2.161653383726017,-2.1550312482082585,1.2274655635121707,1.2253214848291267,1.2231286114121205,15.462734346468492,15.452807170006725,15.450173780193932,15.42399543516547,-0.470335400727111,0.13072620971824217,0.37044277494366834,0.21278938292021526,0.2126807805560091,0.21274204747352268,0.1548007763245612,0.15425406210394815,0.15452616061714622
50.0,20.0,110.0,60.0,1.0504772116320995,1.0130595749035332,1.0259589196640952,-0.2390306597309153,-0.2576723301627242,-0.2468891777103921,1.0305795644260305,1.0237338017109163,1.0248054406598268,30.781707640193943,30.766793781209962,30.770055538076438,30.654785798037935,0.5725074856868039,0.5223435556305963,0.20129855611962047,0.3612772048223916,0.3610641995990791,0.36094591441375834,0.12983001856098605,0.1291313863725595,0.12997869542981097
0.0,90.0,20.0,30.0,2.048150037615493,2.039671040804601,2.043347599305396,-2.0987995526948207,-2.1656414635962524,-2.1202260460395923,2.0435286836936757,2.0435185621692895,2.0431571750571638,8.627605531495876,8.622328041291114,8.618954375144467,8.582452128059726,-0.010316762253714981,-0.004181822423981815,0.5060747620368102,0.1641573225530836,0.16395166883242385,0.16401242251700354,0.25872241182084144,0.25866738708855674,0.2586641494714432
0.0,100.0,20.0,60.0,2.1228748179101995,2.109215064005688,2.1162333632519528,-1.5850167571727758,-1.821069350220659,-1.6625051214471853,2.114866062677374,2.1161690340789336,2.118126796271509,8.729854410227428,8.721665744347991,8.725249983568661,8.700843264227547,0.48919586915402663,-0.018421968197606834,0.5306448828262063,0.16624427731411576,0.16594500607676335,0.1661491529228382,0.26771604293659435,0.26814039183781735,0.26796624581327094
90.0,0.0,100.0,-60.0,1.8935430488017209,1.8772452622747835,1.8892977852651327,-1.804894971152752,-1.8104804889005224,-1.8067243033276066,1.8894050095548909,1.8896371804949126,1.8896276964721148,26.859841776091525,26.874338812659772,26.869241775126977,26.827863986023203,-1.4686426900420604,0.8636784347965044,0.006776695633629429,0.3007538747328553,0.3009889452335266,0.300677843892173,0.2400782256682645,0.24010261150249554,0.24006883567385368
0.0,90.0,60.0,-30.0,1.7449334367998586,1.741488510954471,1.7434556335350697,3.1415818109000804,-3.1415869487134427,0.6820981172944567,1.7440929838348334,1.7433238694361382,1.7429815905955361,19.181565321766623,19.183915507707948,19.188292112725833,19.12344781923374,-1.047556064025184,0.0015701899873817426,0.7211911066491733,0.27471398487503423,0.2745952132214287,0.27484458528693595,0.22000110493521147,0.21983768065801618,0.21995572691589532
0.0,90.0,80.0,60.0,1.774548983911974,1.7393559731362516,1.7644679439221664,-1.509810711708882,-1.5643557419388292,-1.5527152933112494,1.7641587279215916,1.7646766101463094,1.7670933287385162,24.79698554386172,24.784528473698025,24.800725270589393,24.65008354405585,0.525210808965979,0.014621877357990733,0.8969516900865107,0.338696668456411,0.33848835720438963,0.33881648639900125,0.22212441288465598,0.22248043727181557,0.2224024258799071
0.0,90.0,90.0,0.0,1.65297966177501,1.6423568616827202,1.6472189253159057,-2.607752472549906,-2.6139393128976995,-2.610032241340489,1.6465140743130238,1.6483305916164042,1.6486506919268213,27.377375615160254,27.365483729473617,27.36920459270491,27.22378746735366,-0.5231546006762076,0.007777018217110321,0.8999273533453817,0.36451723670085673,0.36453562598613964,0.3643425454029131,0.20714619285588032,0.20740404061373283,0.20716617931059725
50.0,0.0,120.0,-30.0,0.8938098331952627,0.8663043302965021,0.8847753091317333,-1.4565884026185334,-1.4866208909686496,-1.4717481033857205,0.8858911785382484,0.8853112489711062,0.8871741432319503,32.99504451946039,32.99858856630847,32.989615650600264,32.88435750806355,-1.0067824345657193,0.5039716919265353,-0.001077430428266816,0.37476969644983843,0.3748068087031908,0.3745066958094824,0.11242234474835527,0.11259910359166415,0.11265231711867099
50.0,20.0,0.0,120.0,1.40431197043058,1.3947054777559131,1.3990949158662949,1.5549436615647196,-0.2894133230829568,0.6256273671701881,1.399845216609994,1.3967637506166455,1.4013003044470471,2.1632688442159465,2.1604664793887562,2.1569571913429826,2.1305299471744923,1.0030920266440078,0.0005054610556670989,0.1476541196251637,0.07049995520675179,0.07047616572837193,0.07028597243208515,0.17714271751852273,0.1773235080558815,0.17771757996928242
20.0,90.0,30.0,60.0,2.0033104532981105,1.983784229076521,1.9970552413282994,-1.1649701556359493,-1.3773591059389467,-1.223239722356663,1.996408235550645,1.9986950616344197,1.9969385461519864,11.170409941578715,11.16708750661065,11.168895016301526,11.129980132556502,0.6152521725009902,0.09701931925360945,0.565140648817944,0.19011664435729936,0.18997316393964545,0.1900024928836533,0.2527543462895348,0.2528229388409174,0.2525291413672101
0.0,50.0,70.0,120.0,0.2792975212689722,0.1935947953977735,0.2675219333934482,1.1878089921407322,0.8308978932415106,1.107594256178167,0.2702495474583792,0.2701955246841855,0.27104916798064677,19.250309070659835,19.26060881566749,19.254486732229424,19.225119384011,1.5917450617599997,0.0886254812518969,-0.003390098806251029,0.21912725573876912,0.21911147889255317,0.21921228480305247,0.03430218882602524,0.03440247008355633,0.034395895989594985
90.0,0.0,70.0,0.0,2.037755757193068,2.0333629611015565,2.0364735614845606,-0.6298239195288293,-0.634894712504363,-0.6311667478215106,2.0367773833646323,2.0373706656453185,2.035695864966862,18.253993049617645,18.25263776516119,18.24554408456235,18.228586884361757,-0.3685386484963951,0.6215250047902617,0.03457295536856115,0.20136200966399487,0.201243610395454,0.20129768693264896,0.25883335236368094,0.2586854604115809,0.258625344459154
0.0,50.0,100.0,0.0,0.9401688758774348,0.9261404857316916,0.9324348182703358,-2.601922365025112,-2.6141247868186523,-2.607458902340688,0.9363382752771303,0.9334981651362865,0.9298207808657113,29.024857378408697,29.01872578262462,29.01065796365865,28.893500007994042,-0.5232584507657636,0.0060486079705025075,0.49999556269239354,0.3601361921480106,0.360072111460745,0.35986137842408367,0.11689032013891439,0.11607596617321027,0.11645178671688028
20.0,20.0,120.0,60.0,0.6067113772442807,0.5686092415179369,0.5782952996159935,-0.5648499604261547,-0.6123484111070228,-0.5984848595193686,0.5824940756526326,0.5793074085674597,0.5783741799737852,33.62467138539518,33.61124581649281,33.61999436053485,33.4844600389106,0.5450256301876019,0.2748769824123513,0.20016745235621597,0.3938395359341611,0.3939364059121265,0.3941059093322929,0.07244447707081592,0.07195295742080382,0.07238155205390316
20.0,50.0,120.0,60.0,1.0100859373780158,0.9683805189848584,0.9833804541906073,-0.8701922648450352,-0.916990677522248,-0.9002679413913522,0.9842778202356698,0.9839486672082512,0.9826263060090792,34.3378134631059,34.326785853301395,34.3380670766902,34.15733295459761,0.5504885262712942,0.3512436610200649,0.5006955278620602,0.4166541267953501,0.41698211007747493,0.41708162040460406,0.1231946618951348,0.12299784368082087,0.1230639307318035
0.0,50.0,120.0,30.0,0.822532382061204,0.807893184893498,0.8151709924254181,-1.9366035615993624,-1.9983555062992615,-1.9742477244052983,0.8155914234827034,0.8169517178254753,0.8151153381134186,34.38728582969812,34.36225441043907,34.364890158374244,34.203951911849586,0.004168154561818747,0.05799588458758319,0.5000351411186138,0.41741678387602565,0.41782371143666686,0.4178159098400545,0.1014229109795044,0.10134835587719108,0.10121381748772079
20.0,90.0,110.0,0.0,1.4879409775830377,1.4721549574578567,1.4812351593081023,-2.340450680941556,-2.354441030050349,-2.3472224948223834,1.4824020293093554,1.4816313323737937,1.4814199725622015,32.58309449910175,32.58269191910788,32.582061585777325,32.391627777347836,-0.505369747589342,0.20970480315074108,0.9001578623308206,0.4176188778141177,0.4172082701303296,0.4169474124477863,0.18602113240460313,0.18591068333755206,0.18598226418261932
50.0,50.0,30.0,60.0,1.7079324137462712,1.6431278977427437,1.6861207743207722,-0.2803109939721153,-0.5451706449121906,-0.36498873323034287,1.6878018754027335,1.6884667427117168,1.6857694772749519,9.471624628262607,9.470863114117666,9.477552656964104,9.463575966035007,0.7771898714555823,0.2243767948239082,0.29841769718965,0.1459407943533122,0.14608468615517745,0.14621251347768266,0.21391228945260987,0.2136486939164728,0.2135710724217891
0.0,50.0,100.0,120.0,0.940515428231776,0.8588922841157324,0.9241801483799836,-0.3704353321309713,-0.5221114547853326,-0.49013397396661396,0.92319681707654,0.9289040533870809,0.9261202944442037,28.999846900550423,29.011864372387727,29.004818626984456,28.87889895918757,1.5721938588269324,0.01691367468022053,0.493246635171126,0.3593817054301404,0.3596178102553918,0.35953646365607456,0.1155714601727707,0.11592431544554203,0.11521141597287493
90.0,0.0,110.0,-30.0,1.774266160448664,1.73062639319522,1.7583102998026034,-1.3130044517265769,-1.328566906825924,-1.322066060248611,1.758722859228208,1.7581174946694373,1.758920431581823,29.779829345166462,29.79290356537074,29.77468644195933,29.70305108981545,-0.9604753558361072,0.8936301776745678,-0.002305276336361143,0.3348565201499851,0.33483129363807645,0.3348107752479099,0.2234816328836342,0.2235033065003543,0.22357945252815642
90.0,0.0,30.0,120.0,2.2322195090375145,2.058487815519083,2.116005129028565,2.294401838115127,1.620233403384356,2.0333028882459447,2.1159685229475116,2.121904573132619,2.117092285112652,5.919328408411335,5.908737789357256,5.910057137100461,5.899867042271696,1.866590391416709,0.16707510360258476,0.09257438764374466,0.061844194758853326,0.061518803332581355,0.061792980987321,0.2691313441518785,0.2692942298377241,0.26855614977984016
20.0,50.0,50.0,-60.0,1.2419740559680394,1.2282384835522733,1.2318861244578616,3.141255351655944,-3.1407477798271106,2.9774084597861603,1.2312093274307314,1.232463419841033,1.2317645717817136,15.44524526866241,15.456051761063764,15.448330478467494,15.41988077064114,-1.5154243501337583,0.13622146762952378,0.37068561494663416,0.21272482879295834,0.21269035269545278,0.21258858912599626,0.15536050885534064,0.15543707174679766,0.15527114656509441
90.0,20.0,30.0,120.0,2.111023693624662,2.096455513900342,2.104163069539343,1.8997195127698177,1.3516678328916452,1.7045381210817094,2.101364032130056,2.1058524068349764,2.1049600574892775,6.807172710732189,6.807587012296362,6.801171127643445,6.8072604158631105,1.9455966394982245,0.23742822241883593,0.15359760640033734,0.0886188201671485,0.08840832845304966,0.08849172958971059,0.2669654905053334,0.26742028279839575,0.26685420074098154
0.0,50.0,70.0,-60.0,1.0512541944939322,1.0452915457256289,1.0484424376219066,2.6389009627565008,2.610587068437539,2.6208508530255155,1.046904956118317,1.0508320118286005,1.0482382041260976,20.86119024764759,20.878525716096554,20.871081099661062,20.82437260317076,-1.5708175865926588,0.001837571814126843,0.42683030466017063,0.271209419778879,0.2715491847332061,0.2711890341959757,0.1316875561441258,0.1318541730630575,0.1313766558475979
50.0,50.0,0.0,60.0,1.8093003207282263,1.8025179780407432,1.8060446030933777,1.0796797131338003,-0.6800456998126452,0.19998780714389527,1.8102371881694905,1.8033381036346845,1.8052457375185316,2.7809900069724565,2.7896544960106113,2.778469678034409,2.7484900525076754,2.1815526946205903,0.0008035998588616672,0.24604135655628448,0.09065860653200068,0.09102374702562867,0.09047368826874709,0.22914013892136306,0.22848949442310784,0.22936363292787376
50.0,50.0,90.0,-30.0,1.4450839014147483,1.4160211852518876,1.4338693805433882,-2.172453095884861,-2.18937570704109,-2.180654398447296,1.4329979256956067,1.43522197687687,1.4339826668991724,26.158128453398255,26.16276567046999,26.151119777090187,26.042602340226136,-0.9792105442364596,0.5047699348947545,0.49870135746708544,0.32871629128681307,0.3289031982598067,0.32881012617205274,0.1809575107764298,0.18107252647490146,0.1808087294884829
90.0,0.0,30.0,0.0,2.2321327835793903,2.0531064503177943,2.1085943373678058,0.3313859936968982,-0.0572407476853903,0.16346756002233206,2.1211423745215896,2.116863276982086,2.118424266628551,5.456752634484582,5.443923874791433,5.477965587462466,5.404785959328625,-0.3136180281936989,0.10877941398288128,0.05949749707179326,0.04618702529647113,0.04669273433448925,0.04683894717815923,0.2691387604010131,0.2689031401427619,0.269393153597422
20.0,50.0,70.0,30.0,1.1040787093701336,1.0965284575974363,1.099715535825039,-1.6559717808451635,-1.6763624239990258,-1.6627364020845192,1.0996409064874908,1.1008602168730697,1.0993933488633705,20.806790886436225,20.808107372333524,20.80726556632379,20.763163647376977,0.03325653123464104,0.15396947347065623,0.41862664448283504,0.26981655164762197,0.26972491003651927,0.2697854009009563,0.13833788993345877,0.13829793108745506,0.13816522449693955
0.0,20.0,50.0,120.0,0.6242823852286717,0.5927941964880343,0.6059397422282307,-0.5102521828615857,-0.6181643336261847,-0.5381946514676786,0.6079622921751089,0.607682244509161,0.6067357096585265,14.701822021454115,14.70429139116526,14.702365746576552,14.675966707394709,1.5697649299399048,-0.0021292451381195263,0.1684554044614048,0.1856048086635904,0.18564050851431133,0.18580325256246458,0.076188223627925,0.07600982383278479,0.07605011452778454
50.0,20.0,80.0,30.0,1.1001170074595816,1.0945135795881695,1.098625120296809,-0.7573521053648483,-0.7673520334076716,-0.7611489941081756,1.0981199636254355,1.0988371224983333,1.0994474906478673,22.484721609876818,22.477708267634373,22.48862709670574,22.444141510075035,0.07179055948075076,0.4072025606057633,0.18417848129367015,0.26900299236123504,0.26882395167778983,0.2689902897943889,0.13887894111923874,0.1390462162045135,0.13896272709270538
20.0,20.0,60.0,30.0,0.7002288894480299,0.6921415973423332,0.6979904770702289,-1.325432116079977,-1.3636263589345372,-1.3393782871244597,0.6988935597986857,0.6982086211207739,0.697356975782724,17.309412758230774,17.30353079052628,17.29969312376728,17.278804843745398,0.04166678310831739,0.13677893374254482,0.17851667749652936,0.21452999624918861,0.21456676661679128,0.214458761475298,0.0878142666458062,0.0876251663659331,0.08771120309065304
100.0,0.0,90.0,0.0,1.922397817493656,1.920471234308737,1.9217589131902018,-0.731451313828939,-0.7357673648724092,-0.733742583402576,1.9199848154088797,1.9230981527163844,1.9224345253443478,24.04368943904448,24.0501736285825,24.042568364699783,24.013609803128354,-0.40836164856560414,0.7843462091142975,0.018657451672959402,0.2687258209000671,0.26863462593948856,0.26849472795980645,0.24409015141499119,0.24439188187619854,0.24399092699092026
20.0,0.0,50.0,60.0,0.5014687696289714,0.4723937557771038,0.49307820714595924,-0.1954078261853203,-0.2702417069486368,-0.2216134862229833,0.49472494128017785,0.4924521988155746,0.4939980665971976,13.939527945609107,13.93146873622105,13.929359551302397,13.931365488133023,0.5757220156544269,0.11436152351547221,0.04219326609615311,0.16340762192963254,0.16338946368744056,0.16343676804336965,0.06233811774500967,0.06226653320936646,0.06255347229033571
50.0,50.0,110.0,0.0,1.2322056343029293,1.2191063075983468,1.2253552145459459,-1.713023849061409,-1.7190721263570703,-1.7158387542872748,1.231523549558169,1.2231027916961783,1.2238749277458267,31.57999734138507,31.55868645187272,31.543419227305233,31.41835894223363,-0.4775279773220223,0.5052826997613558,0.4999375713135072,0.3867527643276434,0.3863104288453157,0.3864960778912775,0.1544806602030147,0.15352814258005104,0.1546000371403598
50.0,0.0,30.0,-30.0,1.3137128688807276,1.3047343760257502,1.3098465774228658,-1.033566975538516,-1.0512792305252394,-1.0406760877808756,1.3100366134855577,1.3105559229255872,1.309212002999512,7.448746286264289,7.453007579557081,7.453975503879588,7.45212194165896,-0.8156998245106121,0.1615457028726846,0.033748895836365686,0.08312871460974601,0.08313551630787828,0.0831621456970742,0.16643039058619685,0.16633116638190784,0.1662678017839347
90.0,20.0,20.0,-30.0,2.2424825000249515,2.013794277304395,2.0970952223865487,1.49853421922396,-0.326094962584088,0.3705072973744499,2.099018088835954,2.0938216671073264,2.0998556074923376,3.4784208698253085,3.467896237048395,3.489867225995817,3.1710326296863593,-1.3066334638205097,-0.056509274171743624,0.16303556917349268,0.0649561760765768,0.06464945854389524,0.06486061536619474,0.2659281939652976,0.2660266050354628,0.2666905133247721
0.0,100.0,10.0,120.0,2.119770508633809,2.101291240207068,2.1094921882587245,-1.067084011219256,-1.91140513181373,-1.4457363928571145,2.105663184024007,2.1132407400140325,2.1105149216530856,5.364931360741025,5.373164877135699,5.380567439776636,5.301881909296414,1.0699778881082387,-0.0770017180110096,0.3880485716093997,0.12569203606455873,0.12564877917519165,0.12601984800379026,0.26729069051957793,0.2678947845445434,0.2669392285357356
0.0,20.0,30.0,120.0,0.7273155434195244,0.685315624090312,0.7030977240204636,-0.5005450128224004,-0.8699585649666083,-0.6169793674604408,0.7069086333359865,0.702945473242313,0.7075785850217727,9.347882744440465,9.344650341116951,9.357036418083421,9.31696986890617,1.559818647813717,-0.00951359235929555,0.13469079055078362,0.13035031969074407,0.13009912711950575,0.13030001960750467,0.08868797225792091,0.08879068084370038,0.08929953990441077
0.0,50.0,80.0,-30.0,0.995412096969365,0.9911725858147608,0.9932114437790808,-3.111243055208544,-3.1280795749759367,-3.1215754652274996,0.9921134953102795,0.9959766728392119,0.9918882431901165,23.552443858393247,23.56195178589302,23.539404916605278,23.4892594501902,-1.046123431844926,0.008398830074288231,0.44604452333873845,0.300290336805246,0.3000457560988723,0.30004561701394994,0.12465379215277668,0.12463415291757034,0.12413694985576028
20.0,0.0,110.0,-60.0,0.403550601502169,0.3598539501262239,0.38639310827634876,-2.0389703564840493,-2.1100250484141987,-2.0762954346745985,0.3884316250257561,0.3878555141352196,0.38580893890531387,30.305895672161824,30.315753975867732,30.317433182762834,30.234317235817958,-1.5515053859178645,0.20298415830338487,-0.0008430595775004181,0.3452754391502553,0.34547407763950544,0.3452975172030777,0.04947486392416515,0.049162940719959025,0.04925086880282031
50.0,50.0,60.0,-60.0,1.5120753913355225,1.4959402018035428,1.4996051120879001,-2.63229753963598,-2.672063773974352,-2.664166154797963,1.5000821810114782,1.4990028594036184,1.4992331993963077,17.850027667912528,17.854618654868926,17.854808777066328,17.821256450097057,-1.4638895934499636,0.36164370691531345,0.3958697819301062,0.23639932651614,0.2363570763825443,0.23642469260500226,0.18953001917549067,0.18941357235554038,0.18955764340801773
50.0,0.0,80.0,120.0,1.0741615228179342,1.0532151844763151,1.0692633094789057,1.1858030941712223,1.157295094955171,1.1775055015027345,1.0688140588774453,1.070146928726606,1.0699107082201733,21.86140222143335,21.879374828140744,21.866240839265895,21.84600770825863,1.6441346859392256,0.4040593382927223,0.028772991538795985,0.24922867372018212,0.24932797692640277,0.24904493315502169,0.1357781439998392,0.1359092983437606,0.13571830431767434
20.0,0.0,110.0,-30.0,0.4025089759976707,0.3606113275227026,0.3868928054392447,-1.5125526286391024,-1.5909795070273736,-1.5541037822917043,0.3853996534740335,0.38909508320843267,0.38909955972058785,30.311419200750272,30.316751251823025,30.313966396381762,30.235250018017247,-1.0278804412284004,0.20315077441355683,-0.0005343883226644787,0.3453152854414252,0.3454676788900235,0.3454545221196761,0.049221458584640006,0.049658162896837596,0.04919854430880318
0.0,20.0,100.0,120.0,0.286536256759641,0.2745757688172137,0.2815435519013844,2.4641326661794483,2.3359981562843046,2.3871897559207444,0.2818049616477254,0.28117835817682735,0.28427500797690536,27.09452364199385,27.112165920221823,27.104487595540498,27.076567831144683,1.574383496960639,0.030919783062200543,-0.13073675882265728,0.29969823758530284,0.29937752336754386,0.29933965617248315,0.03735787278029897,0.03764150968485127,0.03769380819426269
50.0,50.0,80.0,30.0,1.2789750924298,1.272516657236671,1.2768889284982707,-1.0866840219483649,-1.0965536875708874,-1.0886411812145722,1.2768606582817743,1.2766280532930885,1.2774168693297214,23.143628748615974,23.12484506638161,23.13968507071296,23.084029779042393,0.07041596833815258,0.4115256534438582,0.3771559000684958,0.28971851862068804,0.2895952342353256,0.28989664553619865,0.16105468409088788,0.16111836397608267,0.16116360057904963
20.0,0.0,40.0,-30.0,0.5457784409444025,0.5149668243203311,0.5341387806063533,-1.7259946055901063,-1.8273805905750584,-1.7702913521764116,0.5350292446100365,0.5342609702373642,0.5344707727360866,11.206213454211452,11.201588513363662,11.202665430331386,11.18757824343265,-0.976546089177124,0.09978206228991104,0.04025193485138044,0.13357682766469647,0.133534958233708,0.1334459041181835,0.0676580527948781,0.06758157910364175,0.06767989150521522
50.0,0.0,20.0,120.0,1.4492394559717443,1.139739851404027,1.269059526626758,1.763573731338729,0.8641034473467508,1.4280841522425036,1.2729282191344857,1.2732376679807065,1.277055270203989,5.089014111159004,5.091618208230886,5.084758980308459,5.088452187888915,1.9172688417339716,0.10824855029003644,0.0777304712725494,0.07096261375774493,0.07097348105652454,0.07062860205556236,0.16135512102631291,0.16189726120958425,0.1618425906400152
50.0,20.0,10.0,0.0,1.5222221517449677,1.4274669917710083,1.4728680368874605,0.3587724462066266,-0.6263819171126531,-0.11062796097783782,1.4769799177401635,1.4733573969216611,1.473041709382066,1.7739735206855605,1.7815848153377722,1.796899728380684,1.6326522893387214,0.3684332415586283,0.041227834758798425,0.10958835717953881,0.05363214024723353,0.05379007551794801,0.053644279928230974,0.1872443343822174,0.1867758855654871,0.18722634314571174
90.0,0.0,100.0,-30.0,1.894929071937916,1.8856788320828213,1.8924096821243577,-1.281616741570644,-1.2855746817412588,-1.2828400321702982,1.89193804913218,1.893006913778568,1.892637832964655,26.865509701852275,26.871602744609753,26.863893956336398,26.826159295644967,-0.9448767200120054,0.8651027789010747,0.006983365709958017,0.3006734552607358,0.3008425787991098,0.30085476233485964,0.240447042663064,0.2405367750238972,0.24039827385041057
90.0,0.0,60.0,120.0,2.103021594058329,2.0524713125631644,2.0950555706557252,1.5557430959004284,1.465744799508327,1.5382339741468416,2.094969160057156,2.0961211585702477,2.096422533432262,15.266686285439052,15.271830860831974,15.268990450104239,15.269726843224452,1.7547913192769171,0.5284717322767692,0.04652293176583823,0.16632330853535704,0.1662799296205047,0.16622928853748875,0.2661409462825471,0.2663207506493208,0.26617679155505464
90.0,20.0,60.0,120.0,2.081056843078024,2.020087090503423,2.067652010294615,1.311848288302905,1.221658593457762,1.2921931296416664,2.068628582801888,2.0680004706503654,2.069529656815851,16.052100983106797,16.058171420779257,16.05609629908919,16.03530969480142,1.760914447559481,0.5735353701577693,0.17618852546261227,0.19114932165383766,0.19131234571508623,0.19121713514295946,0.2624312897172246,0.2625462261322962,0.2626296436373535
90.0,20.0,80.0,30.0,1.885696743767373,1.878821783093391,1.8844390044129702,-0.3561354865214968,-0.3646753239996721,-0.358204766890513,1.8845605035052662,1.8842635469486382,1.8849543063669079,21.748321206345253,21.738673315253788,21.744660455409996,21.713824123909475,0.12959077673968214,0.7088487696481878,0.1442658350807109,0.25275005074397666,0.2527097602665369,0.2529402211191203,0.2391154385841904,0.23916990049721185,0.2392248319635164
50.0,0.0,30.0,-60.0,1.3795712098874848,1.0895846558126914,1.314832115063201,-1.352389980784224,-1.609547570043086,-1.4917606601836728,1.3157451265846347,1.314607175855506,1.315184899519961,7.316675055587067,7.319686392590159,7.317435794390038,7.31236908123902,-1.3455584327174532,0.15415701416394123,0.022667283366822534,0.07878086193390277,0.07882571416169228,0.07876357091007002,0.16703008828772362,0.16695515099992886,0.1670936842951559
20.0,20.0,100.0,120.0,0.6082772153981402,0.5652713056047681,0.5820175966744967,0.4361468977081998,0.290465817777147,0.3403568417303366,0.5820248648911851,0.5818194128228549,0.5831235604248244,28.14978825759365,28.15754749683876,28.157417217138924,28.065303330153505,1.5945071830113273,0.21163016215678945,0.1968615060834451,0.3332535341042067,0.3333248103450598,0.3333556918873967,0.07262293273876662,0.0727707513222707,0.07279031863758992
20.0,0.0,70.0,0.0,0.4576450030684193,0.448809458133799,0.4534599718873774,-1.1809437446671152,-1.231313010186306,-1.2001160085583575,0.45373610722620467,0.4531271864911541,0.45481885779449915,19.390564321764156,19.386650596625607,19.376722024854725,19.362031165618273,-0.4886829499618476,0.14951389559500927,0.03492872557441509,0.2239012410714693,0.2238573599229448,0.22388519368531493,0.05724404529966356,0.05739713394921079,0.057465800232885327
0.0,50.0,20.0,-30.0,1.3506428216625546,1.3410711721862671,1.3460558711676838,-2.974499950326158,-3.1177232258389287,-3.064675068996423,1.347839912370572,1.345207516827359,1.345600725311753,7.538816098773643,7.538176594478644,7.537253729171159,7.524624328495446,-1.0272396753697661,0.010657162126550154,0.2622214021804335,0.12914279403769857,0.12916666139290564,0.12914236052354308,0.17038167409992402,0.17009522551071135,0.17043126855808866
20.0,50.0,80.0,0.0,1.0799034823995108,1.075206024959023,1.077533279762644,-2.166413051728459,-2.174132262581679,-2.1703005756197857,1.0766392196456058,1.077347454399058,1.0789405156681113,23.52651909685981,23.538498617896767,23.516877759713964,23.468819240811932,-0.4937669900895467,0.17848473025328995,0.4509073469663854,0.30009069694038076,0.29994892736789586,0.29983949451190933,0.13512629197621578,0.13545798108075693,0.1353447162346541
0.0,50.0,60.0,0.0,1.100571359336428,1.096278048979231,1.0988562904146966,-2.619506471274065,-2.623362050758136,-2.6210428803766703,1.0985311719918942,1.099210269362633,1.0992137983952661,18.188681622059526,18.1847965599769,18.183061943666424,18.15212747484686,-0.5241569613617567,-0.00041611983715976285,0.40038826571662045,0.24221208256282664,0.24193225190183318,0.24198175513230782,0.13818906755747654,0.13829035579282473,0.13818153766532731
20.0,50.0,90.0,-30.0,1.0941971719202617,1.074033483231945,1.0858789110601104,-2.6765283807171136,-2.7067949313092057,-2.689773633402826,1.0851634064775706,1.0855010267061889,1.087685626241075,26.340177298448143,26.3428479245225,26.33516893399649,26.224001161545143,-1.0200635155236957,0.20416655416355736,0.4994599324650487,0.3320082184768633,0.3321226957404079,0.3320309870939,0.13608891199555204,0.13640247662550023,0.1363532917269567
100.0,0.0,110.0,60.0,1.8600835322312903,1.804190270239323,1.8257102082413679,0.2598024857960249,0.2410833904426773,0.25311192803686466,1.8258227271390033,1.824133505755888,1.8257245291292292,29.75429999646718,29.75068743439381,29.75787677839758,29.67478226441921,0.6136440703035574,0.9272385694637654,0.003489909618011627,0.33443158909904436,0.3343141966030819,0.3345982252916392,0.23191529916866502,0.2319047837235033,0.23211796023576056
0.0,20.0,10.0,-30.0,0.8214844496110598,0.7935197963410567,0.8074021891387199,-2.753949954982087,-3.059498311988741,-2.908165780311163,0.8075536694244836,0.8085338996139277,0.8077905902536618,3.957460722158095,3.959062811773269,3.9609682676982643,3.9434261790231644,-0.9765945681424374,0.009223766608473976,0.0857350598972849,0.07126134848744173,0.07134499276959981,0.07142206656464245,0.10228064429778,0.10230783449048735,0.10219196091533665
0.0,90.0,100.0,-30.0,1.5451486949513398,1.533563419707123,1.5395915530963988,3.1415895602359925,-3.1415905542102727,-2.5123256823986164,1.540975455296882,1.537937694795607,1.541000852814933,29.98285083086959,29.990368546189874,29.98435213002349,29.80799451849806,-1.0469472072331705,0.006995821648339819,0.9000733803453559,0.3912168494868017,0.39115808110137756,0.39136619094957825,0.193306314914991,0.19330416659948232,0.19368810808410122
90.0,20.0,60.0,-60.0,2.1041624240641283,2.082633717530358,2.0883172146712186,-1.8029328600545165,-1.8341366822433505,-1.8257722074738196,2.0882341334074885,2.0873774417774618,2.088663440279788,15.982573522117153,15.985167676131063,15.986843470529264,15.959378185604267,-1.3790829130407938,0.5759072734905106,0.16649751509895155,0.18932510214263096,0.18943247046320086,0.18941814584348426,0.26494018622324517,0.2649951102220676,0.26511025411875483
100.0,0.0,100.0,120.0,1.6080774351514164,1.5975306724654148,1.6058611112712957,1.5500109308075742,1.5402199030529733,1.5468252735262966,1.607560254384392,1.6055294007530387,1.6052374154694362,26.448212227048185,26.467452071608346,26.45517430167784,26.420749991666405,1.6515166203298546,0.6718950661766484,-0.17793186987542556,0.28408682380327743,0.2842790025488186,0.2841279824749236,0.2046150836106108,0.20432686206627393,0.2045746688812868
0.0,50.0,90.0,-30.0,1.013123630155163,1.002458622684704,1.0070687188830572,3.1415801648349717,-3.1415756747627253,-1.90958805483186,1.007148780065202,1.008035059088026,1.0064190898113297,26.356994499503212,26.368724408241015,26.36353799491406,26.258007607738016,-1.046814806959872,0.005246722038731028,0.500003074824462,0.3323847293233404,0.33271158047549704,0.33244585913937136,0.12617119213054953,0.12609361822819343,0.12599279123569782
0.0,50.0,20.0,0.0,1.3473594440751115,1.3411842310870312,1.3448709188668906,-2.613051866436851,-2.6233583209886406,-2.618957854932461,1.3476381324470008,1.3437715307483316,1.3436513479605363,7.550959110421469,7.537245234259342,7.546005765891792,7.52930057106316,-0.5246570276668396,0.0003416335867458441,0.2625049151736918,0.12933984007059296,0.12926309900937932,0.12918455285445746,0.17032454466131738,0.1698078309897961,0.17030524718533124
0.0,50.0,60.0,-30.0,1.104950817180493,1.0978051335333956,1.1017611970504575,3.141588443532947,-3.141584415784746,0.27461344205487576,1.1018432647503384,1.1021056661670792,1.1019132238227012,18.18189950567915,18.192366218286107,18.18430363269883,18.156413571249317,-1.0473649849373103,0.0010261503678793788,0.40170445527751397,0.24199859644068641,0.24237944647128018,0.24224890454605955,0.1386042025906194,0.1386011118922917,0.13858145382143777
100.0,0.0,120.0,120.0,1.6580571352963973,1.6088024055663892,1.6243885189367275,1.256421505509125,1.233394907608218,1.2476855253258003,1.6258527374079317,1.625147173053614,1.6223590418530898,32.69792012356792,32.708670760564395,32.7070618831008,32.59262909234586,1.644584160536209,0.9110666611011682,0.004169339036427347,0.36904829078050805,0.36934754586723584,0.3692268183950638,0.20663180307499904,0.2061994934726631,0.20630613151277538
20.0,50.0,80.0,-30.0,1.0771580712323487,1.0719614328930758,1.0742226515784081,-2.6847826633982312,-2.699294321324687,-2.6954662541510217,1.075422932799505,1.0747969851341748,1.072958679387648,23.52729540948926,23.515473872473432,23.5201085114753,23.465233407175187,-1.0175484171852192,0.17741130690703313,0.4495160495466676,0.299815692069029,0.299859007322867,0.2999549787062665,0.13508514616359146,0.13475431905271645,0.13483464418608512
20.0,90.0,110.0,30.0,1.519367288788419,1.4999430083145977,1.5096888972804963,-1.7274396613603469,-1.7461351358089685,-1.7390911908852864,1.5088339391060925,1.5069076948269424,1.5150163687244413,32.57121534721534,32.557951913970975,32.56168875580615,32.37805781647492,0.02425012332928889,0.27735662750849766,0.9004331163004796,0.41688257398478296,0.4170897072962256,0.41698419512171414,0.18900176543087446,0.1897971957970915,0.19003801889442354
50.0,50.0,80.0,120.0,1.0843187796218108,1.0595959879167265,1.079351062556829,1.0862487880465574,1.0518684578139177,1.0785728750099621,1.0791691307396167,1.0806366851095348,1.079504469480911,22.025154303420152,22.033238691080392,22.03634677077465,22.006076701882126,1.6448508868929907,0.4111250127678739,0.07029564761118864,0.2544346682880506,0.25462314494666494,0.25434199575927796,0.1369767498238134,0.13701933938082914,0.13683174713196167
90.0,20.0,40.0,60.0,2.107898881703476,2.101387368234106,2.103563481361334,0.5410294334447324,0.3847321985149464,0.49753535389267306,2.1043697525792697,2.102182901750199,2.104110146862266,9.89440155292546,9.893619607271162,9.898525492110977,9.89312516222861,0.8099932417957343,0.35286897988674953,0.1416305026576808,0.11884894143311098,0.11890314735138649,0.11887587876006142,0.2669724090569312,0.26694563527811005,0.26721932682156635
20.0,50.0,110.0,60.0,0.9950833049037984,0.9700674277740328,0.9786818900742777,-1.0038060362689276,-1.0370150051598617,-1.0288580396799298,0.9802833807644413,0.9802215352660383,0.9775394000995447,31.659588738821352,31.652828749458937,31.656177058714576,31.51161659752479,0.5476848124782848,0.26637556382923333,0.5002410099011976,0.3880532407376308,0.38825530440628053,0.38844094001115914,0.12263779683160818,0.122304003486672,0.12233652738675647
0.0,100.0,50.0,60.0,1.9594584825401016,1.9524343091116163,1.9556768145272456,-1.5699038216395356,-1.58166438987376,-1.5761663528261838,1.9549843556294353,1.9564019402463795,1.9558768118730774,16.74663506503148,16.746862260638192,16.755507709532722,16.70100196619655,0.5222064860029733,-0.001457282685728685,0.7475857750589877,0.25313032312160816,0.2533044585598223,0.25341345243283037,0.24701567709180097,0.24710384522273704,0.24695394423700076
50.0,20.0,0.0,-60.0,1.40431197043058,1.3947054777559131,1.3990949158662949,1.5549436615647196,-0.2894133230829568,0.6256273671701881,1.399845216609994,1.3967637506166455,1.4013003044470471,2.1632688442159465,2.1604664793887562,2.1569571913429826,2.1305299471744923,1.0030920266440078,0.0005054610556670989,0.1476541196251637,0.07049995520675179,0.07047616572837193,0.07028597243208515,0.17714271751852273,0.1773235080558815,0.17771757996928242
0.0,20.0,40.0,30.0,0.6541670427922953,0.6406847990266682,0.6485644363982799,-2.080318015546001,-2.136089185656983,-2.0998803264230492,0.6491695701718121,0.6503242729028639,0.6474831495722643,11.998335234862209,11.990203750679802,11.985088001283685,11.9768542204292,-0.0006811420155754359,-0.0005563744315957282,0.15317467255104064,0.1571551206900861,0.15704989082513768,0.15703813402085387,0.08172359671748829,0.08152171331202088,0.08136560668021538
20.0,0.0,40.0,30.0,0.5344503523798763,0.5037963792443717,0.5216191565633734,-0.7178508550083512,-0.8280615570353306,-0.7548775460142112,0.5195490497079241,0.5246100852440455,0.5235625610489096,11.210070693236695,11.224024414606136,11.22125089706014,11.206726956625593,0.06842535894597195,0.09658274845963659,0.04198920352217597,0.13367847974948396,0.13396533192243285,0.13417044568537018,0.06596936785049189,0.06648927472012725,0.06582039688400892
50.0,20.0,90.0,30.0,0.9299405463523204,0.9243724661794744,0.9279168453219402,-0.6599908152074965,-0.6710481203027493,-0.6641973733703209,0.9272690543959982,0.9275393477598327,0.9294444460207999,25.020606831146143,25.016548064552307,25.029038993189896,24.97875730290602,0.055481645437100775,0.39423226597011335,0.11441482109402508,0.29216274275730514,0.29210771080210796,0.29226212957620384,0.11725720303874107,0.11754434125502337,0.11750712002949276
20.0,50.0,80.0,60.0,0.8118967339037291,0.8050615798077132,0.8104606161126795,-0.8021623858318525,-0.8234384359344505,-0.807016404331415,0.8113893170313755,0.8114939353388092,0.8092474298357222,22.944119192607644,22.93668330002859,22.935144458683993,22.89190944516742,0.5604473053916482,0.21395547507880489,0.2667359190693611,0.2813524598677646,0.2812034823965127,0.281247462037369,0.10190363695083174,0.10163223748797409,0.10161820372723082
20.0,20.0,50.0,30.0,0.7454346512671283,0.7324852169973537,0.7416041919557383,-1.3208326084407462,-1.3757371431644907,-1.3368957104117027,0.7426457924978861,0.7414271893336809,0.7415752429842991,14.615221075667806,14.610358483894423,14.604521072284424,14.58175408963684,0.05261512510822191,0.12133752320170774,0.16708048210031914,0.18549762583730556,0.1851640578252641,0.1853277022800984,0.09344236977261326,0.0932977079742242,0.09344908637513732
20.0,20.0,110.0,-30.0,0.5363750817291124,0.512684354464813,0.528003222789388,-2.299531750570249,-2.348461170047864,-2.318510233094942,0.5293637701656271,0.5324355600380434,0.527670306965086,30.90023033174664,30.90993516741012,30.893473093593347,30.78226168564328,-1.0283009230551357,0.2037385013078342,0.1996294608563264,0.3634968314516614,0.36389780254505855,0.3635377373660522,0.06606938956466489,0.06586291152059523,0.06550095791045377
0.0,90.0,10.0,0.0,2.118225998606934,2.104551205519304,2.111020498229832,-2.5827539398035824,-2.59995436071258,-2.5914084620290563,2.11099108643264,2.1076940432948956,2.114681071814327,5.966709142625097,5.963601449880286,5.964211567913683,5.935950017312339,-0.5108579785217344,0.0038073416113408344,0.4336550105650634,0.13582119483625713,0.135721058687086,0.13582174225512594,0.26700001093942444,0.26748031538594547,0.2678648885581007
90.0,0.0,10.0,60.0,2.1143263908985817,2.0950343698801364,2.1046544013503756,3.1364854455402926,-3.1408543497648918,0.8615767620049066,2.1063049786583052,2.1053967494337393,2.1049306919122266,3.3269384078700166,3.326137806205116,3.311315347758486,2.6666100856704302,-0.34619190480374445,-0.04913818053954479,0.2883583587706977,0.0973559185100104,0.09737409584124299,0.0971480974508696,0.2670694447726962,0.2668974538047118,0.26700878483830914
0.0,90.0,40.0,30.0,1.8817177945899644,1.878607232208848,1.8801321690163777,-2.0936872118476364,-2.1129861485119315,-2.0995831977507837,1.880542088987746,1.8787171129893272,1.8814037988358914,13.881669742648274,13.876925241443631,13.873498036030558,13.833496513082714,-0.0016601063060404085,-0.0009258059330054918,0.6202268476395054,0.21838250547778754,0.21831089341670892,0.21820561503935845,0.23747573687064985,0.23759657843899545,0.23782015006504478
50.0,50.0,20.0,30.0,1.79888255219517,1.722813924200385,1.7679055724241561,-0.4895911914803823,-0.9055489697626328,-0.6509964774993946,1.7688286179285975,1.7712913539592305,1.7676646676807088,6.416395975951846,6.4149548755985775,6.423322825630458,6.410288201946823,0.4248690565487547,0.16618306799033158,0.2558984346570328,0.11391136403918407,0.11398633108763738,0.11414251794368946,0.2244508131617919,0.2243120892799054,0.22399796813872425
0.0,90.0,60.0,120.0,0.8819937241273605,0.7792412605519606,0.8643753815515982,1.1581702070906306,0.9975280480671248,1.1283410082916998,0.8670960835741741,0.8655558594724684,0.8662096742514663,16.457556418153523,16.46004888393052,16.455527688215472,16.44436280329799,1.649985899579852,0.24534291655800985,0.03399127047696288,0.18928800821329697,0.18941025971765152,0.18935270205043306,0.10992955795584294,0.10981374902050915,0.1100157385249002
90.0,0.0,100.0,0.0,1.871419700495306,1.867610268228164,1.8693842941637078,-0.7493127492830062,-0.7515181402678892,-0.7502949740832294,1.869234322281662,1.8692279310917665,1.8698564947909617,26.854169605975418,26.84885846360055,26.84008779752563,26.807742668329436,-0.4227282063914428,0.852285271652599,-0.004032462399652833,0.300088744701674,0.29980482997794944,0.2999041717947253,0.23749654045915797,0.23757003103749083,0.23757637708550647
50.0,0.0,110.0,0.0,0.978156523711752,0.951903904117776,0.9668695205345716,-0.918116988480745,-0.9314431891096228,-0.9242940247541497,0.9672082591741653,0.9668976707215197,0.9668287042979075,30.187599153510984,30.185397817590307,30.178331607622134,30.09708325828786,-0.47545519184296653,0.5033937983526245,2.385167555584975e-05,0.3427823071013572,0.34279860633693626,0.3426187092128166,0.12294458718819842,0.12290769685455226,0.12293758043331275
90.0,20.0,110.0,0.0,1.7275053970887648,1.7182775799812788,1.7230391847517974,-1.0263350387304209,-1.037324420379416,-1.0313340041862387,1.7242429585400523,1.7232701655921923,1.7228354411605293,30.430805446245177,30.433831779104583,30.4190422768484,30.31402596941294,-0.4377689010587821,0.903611409469809,0.19997714702215416,0.3544967538605017,0.35462160073652327,0.35440082714167426,0.21861979537451237,0.2184649136087377,0.21857740114391952
0.0,100.0,60.0,-30.0,1.8969307780150515,1.893046199971266,1.8947219392365624,3.1415229200661474,-3.141574674326916,-2.4253173454026125,1.8964314682539458,1.8940989472790577,1.8936669009104572,19.418276014972168,19.417885763282722,19.417446455185534,19.351484018819573,-1.046974741507857,0.003908946835857257,0.8054945822163293,0.2821399298345853,0.28193334386390334,0.2822960560281453,0.2392581149556889,0.23888923865035538,0.2391944192831904
20.0,0.0,20.0,120.0,0.7589734208642314,0.4381244628232371,0.5469267094030862,1.1587897387776571,-0.0912019599617359,0.49040996498786177,0.5588958207375786,0.5570062952887632,0.5574015605080361,5.958769074354118,5.956435141596715,5.955826256354535,5.932542306330286,1.6873072592150267,0.042360080939034324,0.047192472478781555,0.08000293779659258,0.08023338681817854,0.08007663001913669,0.07057519692960393,0.07038224405027213,0.07060867831774982
20.0,90.0,40.0,-30.0,1.935539886611376,1.9280816599290844,1.9304321112234015,-2.746851067220128,-2.785204800074158,-2.7746168321643685,1.9304336429160867,1.9297219729280028,1.9309344972904183,13.801142768952367,13.798675017987138,13.79847379735689,13.756840817829467,-0.971724492938663,0.13321038066016858,0.6196129344826482,0.21729516118531964,0.21710910601925185,0.2171973320931801,0.2439759108062078,0.24403010664727254,0.24411412217557335
20.0,50.0,20.0,120.0,1.4138565689573106,1.3943931192759689,1.4020651025829454,0.0250182109733727,-0.5792121814230055,-0.20621827612954904,1.403973844882319,1.4021674085117948,1.40043805433656,7.542971316974759,7.551938999631135,7.548975531480787,7.529557218840325,1.657756351935696,0.04013051936445424,0.27086273045162007,0.12988637068721862,0.13018196680852362,0.1300847802580328,0.17764342653815515,0.17719606152686979,0.17743126407270957
20.0,50.0,60.0,120.0,1.0323319649827978,0.9815609702156568,1.0242279248551596,0.0933040618184941,-0.0976692042416976,0.06205503240123064,1.0246428590260954,1.0253606379065598,1.0255100194748392,17.822690483990055,17.83688170281677,17.83052945431391,17.8046819856838,1.618615744449963,0.1612095908147108,0.3187165931521585,0.23173590910939823,0.23175800642557257,0.2318433552946203,0.12901228792792055,0.12912531307503744,0.12902945107451735
50.0,20.0,110.0,-30.0,1.00492808971311,0.9744544877387552,0.9941276702986707,-1.8217135790845151,-1.8418899479822195,-1.8308477448203813,0.9980456666630072,0.9926611843920938,0.994725882575247,30.777907549718172,30.781383704623178,30.77420014916258,30.659851189262895,-0.9999799900753535,0.5041401349699367,0.19884440365061642,0.36128003179916335,0.3612377758327577,0.3610393576842538,0.12570858432843998,0.12532503491680133,0.12599652212962922
20.0,50.0,70.0,60.0,1.0942380617433949,1.0844427075494845,1.0901967768888785,-1.082624336017165,-1.1115179433741849,-1.0928270352841767,1.0908838758991537,1.0876655529091506,1.0926276538280053,20.7731017996613,20.759762461688517,20.770784725590268,20.718887183049656,0.5599403713991441,0.16763388525386072,0.40681823602884953,0.26850979434370553,0.2681603960913435,0.2686275645060806,0.13679984990989716,0.13702853030687956,0.1374201898340241
0.0,90.0,0.0,120.0,2.115082308597722,2.100889464362548,2.107771079601518,-2.5626520662625434,-2.594491633401232,-2.5764652576158444,2.108768359553128,2.1079293414293114,2.1071239480594666,3.212789112492876,3.214529323162375,3.2097725968789192,3.182849963051031,-0.48499534139781103,0.0010735189888186748,0.33272227303943885,0.10473621349201848,0.10455448131237566,0.10458682723616564,0.26733917464393314,0.26713493893736623,0.2672401883385095
0.0,50.0,40.0,30.0,1.216127351860251,1.210419162871813,1.2129599892923841,-2.095329961966577,-2.1213771018343768,-2.1028104473476583,1.2125865496260075,1.2130905718133929,1.2133549190425066,12.861782056624705,12.85629621236794,12.850989919818087,12.827634768766664,-0.0016124282356243017,-0.0015736943149437881,0.33888407055883213,0.1855566188461932,0.18534030558726286,0.1853643954044482,0.15299655875721152,0.15310729727812583,0.15302404950898
90.0,0.0,0.0,60.0,2.11449132945684,2.099366900281002,2.10698697589653,3.1406890733466954,-3.13647116156192,0.06723928081569695,2.106223467679137,2.10858643316233,2.108527255944516,3.257266487613324,3.252493358098268,3.257220856728947,3.2287834087428418,-1.1255200515244963,0.001084048798530117,0.3375906760878476,0.10621056982141856,0.1060811040063627,0.10628648376286423,0.26712512476313294,0.2674159513945661,0.2671150185462852
50.0,50.0,40.0,-60.0,1.6711392598874044,1.6355129411453664,1.645656733980479,-2.4140033960400347,-2.5236049971296395,-2.492207356340798,1.6452940168304189,1.6458386433806302,1.6444466860972065,12.211082396128308,12.212723162045835,12.214285008412418,12.180587809774776,-1.3820266654361075,0.289708617566909,0.3220017927426093,0.17427885782674696,0.1743705146708539,0.17433672719283153,0.208383596050116,0.20827531658341833,0.2082173796769442
90.0,0.0,0.0,-30.0,2.11449132945684,2.099366900281002,2.10698697589653,3.1406890733466954,-3.13647116156192,0.06723928081569695,2.106223467679137,2.10858643316233,2.108527255944516,3.257266487613324,3.252493358098268,3.257220856728947,3.2287834087428418,-1.1255200515244963,0.001084048798530117,0.3375906760878476,0.10621056982141856,0.1060811040063627,0.10628648376286423,0.26712512476313294,0.2674159513945661,0.2671150185462852
90.0,20.0,40.0,120.0,2.1099859158023277,2.0997796203432726,2.104098037239966,1.5812299012912487,1.3218324246119506,1.5098397710238272,2.102393263646371,2.1045527138694937,2.105315773612415,9.996468316790107,10.001396681248867,9.996638353633074,10.0024104349926,1.8590027445098716,0.3590826014597275,0.15525613789222645,0.1221212516000889,0.12205255631964354,0.12201562480004924,0.2669288706444385,0.2672972860700073,0.2670177772232243
20.0,90.0,10.0,-30.0,2.119066511213434,2.104312658361476,2.1112703407060693,-2.799332009900543,-2.9932253466654046,-2.9143822795018504,2.110794613169506,2.1115556451723796,2.1116016808148044,5.920585168553653,5.920232972230837,5.9240480944904865,5.894686751888806,-0.9267505310344843,0.0239920349354482,0.43068901868228743,0.1350038700087401,0.13501870653480125,0.13497136041875682,0.26745468653043736,0.26755232690526765,0.267457952601412
90.0,20.0,120.0,0.0,1.5837510106097414,1.575185310800563,1.5799858848071664,-1.0684773141168034,-1.0760070806099085,-1.0723867428804579,1.5806197242197826,1.5806086346326809,1.5806156016753703,33.27553193288059,33.27193203277461,33.25601343471397,33.13768832091738,-0.45166325845502153,0.9040359294831771,0.19981424039071918,0.38729487275157987,0.38739204890414225,0.3870527553571312,0.20032990729557018,0.20034777275713303,0.20031254343833418
0.0,50.0,80.0,60.0,0.7108038112171896,0.7006447219255563,0.7074470922379823,-1.2586903004197196,-1.3102830693492955,-1.2736682099857244,0.7075705278437254,0.7075295928997594,0.7085265775529493,23.060594963279936,23.049097328908992,23.053645543459048,23.01513728513294,0.5370869977946865,0.07920261059329488,0.2895804650332827,0.2842700670087251,0.2843366807846889,0.28441865844479125,0.08821621748511403,0.08836002111224196,0.08834779144773153
20.0,50.0,30.0,60.0,1.3515504962808789,1.3279572600958245,1.3429537719812672,-1.0250744736206046,-1.2314943926489432,-1.0888883703916903,1.3430841971549803,1.3443384635017335,1.3428068958779087,10.106747038627123,10.10093167742543,10.106171118848788,10.089531147033568,0.6163557758556243,0.0885623881950452,0.3035319265320075,0.15598497926796925,0.15582218975105308,0.15587503587370474,0.16989609695581706,0.1698555093957992,0.16969403777603395
50.0,0.0,110.0,120.0,1.0041878330738667,0.9502602842325488,0.974653804082995,1.181791046398301,1.1577796681278572,1.1688788078107466,0.9746932953245367,0.9745638021275314,0.9745376451131669,30.18034999717993,30.188710893713928,30.187483958008194,30.097961732971726,1.6193318344848187,0.507407196029036,0.0011303119100725954,0.34271402725820216,0.3428634037386571,0.34286669714294965,0.1238988770220563,0.12387996271525567,0.12390581172097534
90.0,0.0,50.0,-30.0,2.101557939624411,2.098501987714844,2.099637821590849,-0.9408960119192076,-0.9469027696614806,-0.9450347370890813,2.0998987390536508,2.100263994501712,2.0986705123169695,12.183148435371281,12.188248779822022,12.176628874613481,12.172971239848033,-0.8340552106515429,0.40563129018816557,0.037187207777239405,0.12798612045250776,0.12781651737186053,0.12776964354239684,0.26685395494201375,0.26669195619086666,0.266648365055877
20.0,50.0,70.0,0.0,1.1134527897445785,1.1089985016197696,1.1113196034275927,-2.1801676598037103,-2.191569712287245,-2.186029083021283,1.1123635421989988,1.1105841241802836,1.111510526275504,20.8269438213791,20.82570195535882,20.815817068017576,20.778978563881676,-0.48999448561401193,0.15577759269040922,0.4239800961276938,0.27024364876054946,0.27036236218615495,0.27019666962868527,0.1397062675060886,0.13963214106297542,0.13984310664064437
0.0,100.0,90.0,-60.0,1.798606380854824,1.7855663882390718,1.7934261509551706,2.637459619421668,2.6286717928928445,2.6332257234684455,1.792175202142341,1.7968702082406498,1.7927111768213897,27.60031066467107,27.61343068841959,27.604939846951613,27.443635955207423,-1.5696012829398138,0.014087220352736341,0.999873804949507,0.37185169649364913,0.37228982133122696,0.37204737925892784,0.2259181610486513,0.22599219920080782,0.2254062382405378
50.0,20.0,120.0,120.0,0.967227271626896,0.9129457123682536,0.9279098781879225,0.7883918562089275,0.755791095269182,0.765359028902333,0.9300014884952891,0.9284584604667216,0.9267589909596754,33.525630454241934,33.53692582071711,33.53392063101825,33.40464356072925,1.6109924204306074,0.511236231797372,0.20127043145804233,0.39265304492765046,0.3922949397908879,0.39235653823029415,0.11731025837403661,0.11686664337134227,0.11707291207894886
0.0,90.0,110.0,-60.0,1.4495277515687572,1.434990458672748,1.4433309600381525,2.637479988123568,2.613935693918141,2.627565453791822,1.4452427789064903,1.4465500542319019,1.4395438498520263,32.589999059981594,32.601923535691455,32.597241444544025,32.40822596645639,-1.5703859419949298,0.009388127637536233,0.9001917405779336,0.4174080012709539,0.41776989240350565,0.41758660788640206,0.18159353162190442,0.18087209577786675,0.18073855978954737
100.0,0.0,0.0,30.0,2.115517710588889,2.100272074052899,2.106889636692973,3.138001066485657,-3.1392620674357183,0.05732828824318029,2.106323822438738,2.108170791264609,2.1081903471689416,3.259088505745051,3.2545722613238444,3.256827675389317,3.22860429374986,-1.1223553507936659,0.001087760444834863,0.33755110806089755,0.10622403317919489,0.10609607795342103,0.1062872486692559,0.2671127912721664,0.26735127191228014,0.2671099584279241
0.0,50.0,40.0,0.0,1.2163714484051384,1.2132232461264438,1.2147607459881153,-2.616856450476133,-2.622671674825123,-2.620274843143604,1.2155312922815078,1.2159716472178372,1.2129766465841914,12.864796469601526,12.854609629724028,12.8573823416067,12.830235594077239,-0.5243422546836853,-4.739322243186605e-05,0.3395570622723896,0.18555604674092316,0.1854429246557018,0.18541762379521,0.153513581503981,0.153188015036025,0.1531244598637015
0.0,20.0,90.0,60.0,0.134239108130971,0.1178079384334582,0.1275556789335692,0.0229596163553986,-0.2095928186755722,-0.10648046767976047,0.13028292948924583,0.12898903878989496,0.12911543079914373,24.79526146228363,24.781980961196275,24.796297102347836,24.760755194636904,0.5313065268685508,0.05461405344201445,0.0014352588644845916,0.2831600823861251,0.28313634408756433,0.2829084958882865,0.016319427365169472,0.01621665875134629,0.016382100780085826
90.0,0.0,0.0,-60.0,2.11449132945684,2.099366900281002,2.10698697589653,3.1406890733466954,-3.13647116156192,0.06723928081569695,2.106223467679137,2.10858643316233,2.108527255944516,3.257266487613324,3.252493358098268,3.257220856728947,3.2287834087428418,-1.1255200515244963,0.001084048798530117,0.3375906760878476,0.10621056982141856,0.1060811040063627,0.10628648376286423,0.26712512476313294,0.2674159513945661,0.2671150185462852
0.0,20.0,30.0,0.0,0.7094554589995622,0.6838177533557053,0.6976786862847796,-2.573381562563984,-2.651873714961036,-2.608236505213273,0.6947779198496624,0.706388731716029,0.6973631662704471,9.361076768507921,9.363602958823373,9.347854790095992,9.301640676085063,-0.522816607438459,0.0013396184016920378,0.13497458682005922,0.12988020092482355,0.1295876735470382,0.12973252586531242,0.0883620234094049,0.0887180275637329,0.0872760341637929
20.0,20.0,70.0,30.0,0.6571205657622061,0.6509686461832013,0.655029891194657,-1.3282882726704144,-1.3536236311782126,-1.3354972631408246,0.6539736447492759,0.6558331674834421,0.6559938974877377,19.995035181002976,19.996349141230244,19.991161535301963,19.97366048749186,0.033949075545062234,0.1504751808599402,0.18645622990803656,0.24371279658727246,0.24377361465162628,0.24365648549350197,0.08204443775079616,0.08231386197901323,0.08206567714372634
0.0,20.0,60.0,60.0,0.5608721667290737,0.5561414068240169,0.5584446305983986,-1.5636986590083548,-1.6024228146112791,-1.5788426535858335,0.5583087562379354,0.5600993392208573,0.5573870000883843,17.36335476914506,17.35404297562806,17.357498060089483,17.33780053130548,0.5230637743758728,-0.0011058948931018497,0.17955571672672724,0.21576240549458137,0.21555750772074117,0.21538018581483803,0.06986307428840503,0.06976097293186834,0.06952495248215039
0.0,20.0,110.0,120.0,0.3882961003889421,0.3239864316499746,0.3728911225732902,-0.1666236863451489,-0.5221025865498368,-0.44080751773181887,0.37363386376372903,0.3768411854542294,0.37522876386971915,30.9005197717177,30.917387656082237,30.91000607551545,30.79428404440098,1.5721910076829664,0.017627828751455514,0.1940804030245516,0.36340045410479094,0.363691436222348,0.3635521137223804,0.04558982640596572,0.045788946193283574,0.04539881653353615
0.0,20.0,40.0,-60.0,0.6588129141825054,0.6457399859115767,0.651476070681236,2.7790916882099683,2.626010302086764,2.671070581742699,0.6521434399057413,0.6515736028136898,0.6517654809793048,11.986881851289176,11.997794784431095,11.99506265449225,11.978426161725489,-1.5666823909962888,0.007140509678638914,0.15369935396872433,0.15715787208078624,0.15723995559294826,0.15716649746609598,0.08189519201316582,0.08185514573760083,0.08193463250663574
0.0,50.0,80.0,120.0,0.2839902191451162,0.2488366160830176,0.2796887787720441,1.4964546142259103,1.4366454626826548,1.4647861934581015,0.28052158994435206,0.28157779852659787,0.2805477209512108,21.84269291385867,21.857106322850004,21.853726855193518,21.826192441996803,1.58851172711774,0.09724383402357711,-0.041447485675405134,0.2451339503852294,0.24541065431535658,0.24513392068663523,0.03626517281746355,0.03626130474935138,0.03612941220191551
20.0,50.0,100.0,0.0,1.0102856930523083,0.9998968679196488,1.004914661780946,-2.172398507478534,-2.1867994843985112,-2.1805295155158126,1.0061339835664787,1.004929131053468,1.0058343711725057,29.009242933650498,28.999163217622108,28.995819707712883,28.869798511601118,-0.5014478834006664,0.2040650528149156,0.49999747357937757,0.35981158788010426,0.35954848952668234,0.3598445526202556,0.1258181382407911,0.12574133837339527,0.12591231702440203
20.0,50.0,20.0,-60.0,1.4624719436982796,1.4289759511458826,1.441902921505219,-2.6955447494866847,-2.9344957522252715,-2.841775634161369,1.4410774950447196,1.4423117903266303,1.4411486833851017,7.173002227592071,7.175634416544538,7.176637444407784,7.157121188810219,-1.3468462575529614,0.10135657007691042,0.24744862234559944,0.12305191447869201,0.12300097358131594,0.12302586115546478,0.18255088587149515,0.18256987518061116,0.18239928282015028
50.0,20.0,40.0,120.0,1.327453572288145,1.2281595504851297,1.2994493048849907,0.986578932028494,0.7077338963382946,0.912304671435941,1.301581988569326,1.300039134607476,1.3020857106868053,11.422384825347988,11.431118499572735,11.42763392314326,11.430550605854453,1.7415060383485501,0.24428834459482165,0.1590349924164329,0.14798165784160056,0.14805631511417292,0.14798525482018265,0.16476038425698955,0.16482597722522704,0.16501683823876978
0.0,100.0,70.0,30.0,2.0710820346470475,2.054751917056465,2.0626547868626446,-2.062654250090493,-2.0845342209885582,-2.077300931422378,2.0624772925922294,2.062822156355753,2.0631931074601604,22.492071576567007,22.492817678070388,22.489627254298444,22.35167350824846,0.0019639521661322296,0.013801424521724247,0.9995476262661941,0.3221304736178986,0.32214696517766633,0.3221313057315697,0.26021662568552195,0.2603010843941593,0.26026931787665825
0.0,20.0,60.0,-30.0,0.566241078918432,0.5587205480251718,0.5628595419526895,-3.104329891581288,-3.1387881962843296,-3.1279831509947997,0.564546734365329,0.5622776329912244,0.5621285489721962,17.361350073143527,17.372200951164547,17.36856398364448,17.34395125234164,-1.0466765289334803,0.002537547190374808,0.18117414157200404,0.21576711755487935,0.21574399934569158,0.21577227572519037,0.07038780558892171,0.07007264500125719,0.07037186945907675
50.0,0.0,20.0,-30.0,1.4412431292141443,1.2950913013317316,1.3594457962835444,-0.4543938571422912,-0.8138317270110914,-0.6309275177491069,1.3881480997619209,1.391268750901238,1.3924390380818654,4.299267205927964,4.2793526104100765,4.2910795751425725,4.037985597123807,-0.7419704579699326,0.07723940452757054,0.04541988288258981,0.05565881151745544,0.0555886881980266,0.055777743430760494,0.17636047566755877,0.17694362981539075,0.1765397744665852
20.0,0.0,120.0,60.0,0.3905477917866314,0.3467726590617545,0.3626282147791001,0.0400289609400031,-0.0371944595738427,0.0005780508036798143,0.3647140767561733,0.36674449961925876,0.36560877841045053,33.10732595193568,33.097283991923256,33.10641031318625,32.99157961678668,0.5401903520959684,0.20853819075150234,-0.0002726595697509926,0.3768436170298059,0.3770879953086687,0.3771867851741438,0.04638029976060746,0.0464854623802328,0.04622948572171989
50.0,50.0,120.0,-60.0,1.1570475847457844,1.1141147748644642,1.140078604518913,-2.767523412637959,-2.796381524758802,-2.7816632938924317,1.1399003152565668,1.1408541605364837,1.1422204809340626,34.25936890158597,34.285752134075835,34.27905483959846,34.10117029692436,-1.5319159614073126,0.5050786907118316,0.49864783427416975,0.4156757437515473,0.41623518761918904,0.41567291184035554,0.14317119259814645,0.1435144810280999,0.1433843140865869
0.0,20.0,10.0,-60.0,0.8548384350925846,0.7772362287354581,0.8102880729035575,3.141223004061525,-3.1408257162000286,1.2593650997409476,0.8113768686218398,0.8117150784759897,0.8107117577453677,3.910339166787205,3.9057968420254094,3.9073668859107222,3.8788784005993557,-1.4364137502832566,0.016908887987191788,0.08306530433299412,0.07050361133033001,0.07033822914709895,0.07033771233731256,0.10276695104397653,0.1026704943961065,0.10263367062997696
0.0,50.0,110.0,-30.0,0.8740663546992062,0.860107362545538,0.8675089457707537,3.1415600349002566,-3.1415655021795823,-2.8360642066932678,0.8683830260044981,0.8679031169637397,0.8695141467681381,31.67296585377352,31.68871940945091,31.68106906379695,31.54478795334096,-1.0469415773728028,0.006145912259667737,0.500032312064673,0.38869581234472544,0.38851386124539394,0.3888457132678724,0.10796854604320412,0.10809916663022563,0.108153172779723
50.0,20.0,120.0,0.0,0.9218639173480044,0.9119964797699808,0.9173826846971971,-1.3246981775013045,-1.339178370587084,-1.3324893552401729,0.9185368449377519,0.9167639754278595,0.9205281853887866,33.53675703269759,33.53354696821726,33.525601839257284,33.40451268992709,-0.4838994921506526,0.5044676180129211,0.1999204071844312,0.39223944540915767,0.3922824703508788,0.3925923226951626,0.1155737361722546,0.11583858726104918,0.11608288382819727
0.0,100.0,90.0,60.0,1.7986835207773966,1.7779420881520986,1.7919290324800081,-1.5199004091133477,-1.5561097148379672,-1.5489950431269852,1.7920613503032796,1.7905096679836705,1.795351802693485,27.604631473917163,27.598695686060303,27.611582926524438,27.440476833110058,0.5254334424855593,0.019616854786710537,0.998414411627748,0.3720298975759879,0.3718008663252923,0.37226283755337464,0.2252753082124655,0.22567963503507113,0.22587785049703019
90.0,20.0,50.0,30.0,2.1087593818053847,2.099392646215205,2.1036122838678377,-0.1507453495240581,-0.1975750457206199,-0.16111905414657146,2.1042261573995744,2.1032207814754704,2.1034533559389,12.979035325562732,12.975210709193933,12.978275220145024,12.97389273606486,0.23120627751835743,0.4690579428286671,0.15371710383338985,0.15417736073348995,0.15415917805936558,0.15432211858939204,0.2670270500681532,0.26693317225813684,0.26706162539790296
20.0,0.0,40.0,60.0,0.5337397273082775,0.4847821611542628,0.5160820703555714,-0.1956745425418251,-0.369350612635577,-0.24886198431850237,0.5187598406451628,0.5144301771958688,0.5188927548518386,11.234893455393125,11.220402220322796,11.23368384914313,11.217005494081258,0.5909398529563632,0.09502031664892956,0.04299303945101677,0.13448500246119263,0.13401180183595277,0.13425900945819094,0.06521594457063465,0.06524494036757639,0.06579705043260763
0.0,90.0,100.0,120.0,1.545356750614658,1.4576064878494654,1.5315439677459202,-0.4415634592298176,-0.5230601752998534,-0.5012521736131231,1.531574190345515,1.5332596393258993,1.5344188463809456,29.96794288149087,29.97989965521712,29.973617711480383,29.794221462711786,1.5722446040515687,0.019288170955232366,0.8926316272418103,0.390599035165764,0.3909110904270335,0.3909263446498304,0.19240010967191573,0.19276014691384002,0.19254443898268433
0.0,90.0,80.0,-30.0,1.7747977764170475,1.7623555424293316,1.7680303017044092,-3.129964768237143,-3.1363531755441443,-3.132915884240545,1.7679845097037454,1.767562027648907,1.7696780292819592,24.797416488143927,24.80089158284046,24.803157802330418,24.656320787548324,-1.0465836629240106,0.0077110772800145335,0.8999529467725055,0.3388691755993342,0.33887989710789174,0.3390220841276073,0.22258333330318156,0.2227873048734152,0.2228309142411974
0.0,50.0,80.0,-60.0,1.002928320749395,0.9962181344558992,0.9998630689441314,2.637062365919168,2.612592824178821,2.6198909309273346,0.9993716082368552,1.0016493231590582,0.9992113063410344,23.559959487755357,23.56478655704012,23.563806897258026,23.49940878507071,-1.5708778325342045,0.0015989126359922028,0.44961886558805386,0.3001062534181922,0.3006632088396295,0.3003300262424405,0.1254260262723059,0.12540957060814578,0.1251353978645464
50.0,0.0,120.0,-60.0,0.8933714928595259,0.864334764250784,0.8837578255691925,-1.9766179400663568,-2.009322592334403,-1.994403812653609,0.8843570590014981,0.8859560921014686,0.8850711815031392,32.98378595497967,32.998441297881726,32.99643419647212,32.88299811927945,-1.5304309960401832,0.5033826782175544,-0.0016546587966020391,0.3746315630267928,0.3745915671871801,0.37468615699788754,0.11244975872074493,0.11253028566437526,0.1123247061415698
20.0,20.0,30.0,-30.0,0.8589517822732277,0.8430724917551552,0.8483407758376338,-2.222604998911941,-2.2988209740083483,-2.2749142851460866,0.8485500138759411,0.8482509673169919,0.8478569754579363,9.141347141054142,9.144612192643827,9.1393501214515,9.131947643789397,-0.9403772336945887,0.09258514262011885,0.13110459753114,0.12550453723083047,0.12559656061455104,0.1254313569333326,0.1072306048834016,0.10714210299894437,0.10717897352869193
50.0,20.0,120.0,60.0,1.0466140427600608,1.007807894814978,1.017612761633412,-0.2253502395752632,-0.2392054218195541,-0.2331028855140427,1.0179124168482574,1.0197630568199323,1.0171096232784003,33.51365509444536,33.501609483789466,33.51433968769815,33.37721815226783,0.5683053250017368,0.5674937475484482,0.20143283281361302,0.3919283750595102,0.3921106791599699,0.39178524694363476,0.1287324896974413,0.1286264599999356,0.1283818112085996
50.0,50.0,100.0,-60.0,1.329390699317745,1.305195628437183,1.3209485478388387,-2.7281736301752173,-2.7425981628156624,-2.7355189830915494,1.3207713042813418,1.3216176481488648,1.3233510070175205,28.84434298069871,28.86160634672396,28.863593461719553,28.727131724504908,-1.5153066206010875,0.505406634652169,0.4979840900515241,0.35710551403367524,0.35720052585537426,0.3571845638389635,0.16630777974384164,0.16663801262225206,0.166520937929624
20.0,0.0,30.0,0.0,0.5651244139103314,0.5475389628923214,0.5568236240682806,-1.2216530965833647,-1.2959272666363089,-1.247110522889872,0.556564131097799,0.5571074276156598,0.5576137707195467,8.47062678289431,8.475998505993948,8.468866155983042,8.458366155403686,-0.42605145588444454,0.07788914743737473,0.03831860719437916,0.10338179327041906,0.10339395077768736,0.10341538572485309,0.0704541255210838,0.07059344603944862,0.0705249464104629
0.0,90.0,80.0,-60.0,1.7747223710713738,1.7606554559846868,1.767849302124493,2.6357177547824584,2.6242753205409945,2.6282306557664503,1.7678016320525465,1.769897598594887,1.7671195308586847,24.79004166643359,24.80776862134026,24.802026773758826,24.656089204671208,-1.5700152553572184,0.008878503816111868,0.8997789653139128,0.33866958587955126,0.339000463897216,0.3388859845884788,0.2228555783590396,0.22276082682882412,0.22252067724478397
20.0,0.0,20.0,0.0,0.5947238572449054,0.579994060746053,0.5882471765693885,-1.130789509995749,-1.250554978581681,-1.1774322306920317,0.5888636407349733,0.588959115856868,0.5881239843393204,5.686882581882441,5.686380332541202,5.684265954336826,5.685998022722647,-0.36807025697654716,0.05571985014369015,0.03306498637665661,0.07290604284851183,0.07283746159337051,0.0730627406826546,0.07462579063453949,0.07451630434158492,0.07453592769899954
50.0,20.0,100.0,-60.0,1.0988561494377265,1.0644251627749397,1.0842029072681272,-2.309780969159174,-2.33364449926186,-2.3243846032787685,1.084186707815065,1.083444609330409,1.0851946179226142,27.987559058947852,27.993951387799434,27.997645397070777,27.910634032169263,-1.513766509623291,0.5036030140851367,0.19837372629605649,0.3302390345535123,0.3304477586608319,0.33047822774903457,0.1370080266454312,0.13713964286849323,0.1372307668632616
0.0,20.0,30.0,-30.0,0.713077895189297,0.6812235449369494,0.698957248697587,3.141582203695153,-3.1415906789315726,-2.924549137545375,0.7027320991888383,0.6979081255014976,0.6989962688334955,9.33590879271737,9.341002155836737,9.327258745851218,9.301584988682805,-1.0416011856184246,0.005694183009600869,0.13500210452764516,0.1289920793942484,0.12902101908858307,0.1289718342817586,0.08829238611653367,0.08780263491581573,0.08843578192276025
20.0,50.0,0.0,-30.0,1.549011750278233,1.539782554059072,1.5443280551676026,-1.118259231471871,-1.818751640110655,-1.46753571166629,1.5421830886385464,1.5453362504433803,1.545418577552721,2.3744420430980266,2.3669138609043845,2.3713199115154397,2.339604670550905,0.6239814505677705,0.0006017250669815729,0.17902385358211606,0.07732015993876516,0.0771020072627134,0.0773036633275507,0.1956457733139487,0.19605648968148073,0.19565963437057735
90.0,20.0,30.0,-60.0,2.2224647837184976,2.0965433548159647,2.1177214492014,-0.9228228685726718,-1.0957796657594074,-1.0264534989432799,2.117550699010013,2.118364458501422,2.1179798704539556,5.66136464652434,5.652603528163041,5.664694671450065,5.666127573255855,-1.293839383880666,0.14711025597883645,0.07225322196432445,0.05152936675683352,0.0514736519645784,0.0514813362137609,0.26899781821346486,0.2690495073708813,0.2689436797469248
20.0,50.0,50.0,120.0,1.2256414704517502,1.196789465675383,1.2170950013064084,-0.0571802999267606,-0.2270220233552512,-0.10131222697223828,1.2167527197622197,1.2187706880667317,1.2171717967309774,15.465625126003703,15.475788448967286,15.467984114142455,15.44059010895894,1.61928531237795,0.1182611327559789,0.3720148223959386,0.21298258953000207,0.21307265474969111,0.2129732500262608,0.1535762938037362,0.1536284302125904,0.15337462254408
20.0,20.0,90.0,0.0,0.6308047913872453,0.6206414743903964,0.626506787181338,-1.7561809560237538,-1.7803436929419183,-1.766561818238076,0.6267614508036703,0.6268007411178537,0.6271705074605691,25.420142916443417,25.423178651187094,25.416595512115677,25.37413791555233,-0.49564837234371845,0.20249472529359977,0.19995235595353103,0.3036775381509553,0.3034870279907482,0.30351379476317686,0.07836858780235131,0.07842316306448564,0.07841460202158695
20.0,50.0,90.0,120.0,0.4988551593780714,0.4836365205532864,0.4952275679495651,1.2978672402958635,1.2591181449421318,1.2737649216887095,0.4954764511609857,0.4952994814104583,0.49659622890911426,24.620226324048808,24.62153248761911,24.620473542133666,24.586035383132362,1.6004477096813856,0.20697758900376512,-0.034579685241370645,0.27754466624765806,0.2776465121712134,0.2776892157602848,0.06313972560956421,0.06327886848990429,0.06332431648094085
50.0,20.0,120.0,30.0,0.9406686697073898,0.9160893552257866,0.9237029442465844,-0.7967154762822842,-0.8155863416325038,-0.8065697098442468,0.9263353888119521,0.925102397287545,0.9226586150169054,33.54127754645016,33.530944575158586,33.529431565033306,33.40435755578306,0.03999961133793684,0.508427032174766,0.20071720598832915,0.39271515293988496,0.3922327684533507,0.3923240309071405,0.11687766673816542,0.11638593219105635,0.11655665084743895
20.0,90.0,60.0,120.0,1.1725965081425216,1.0786522469372457,1.153266780136881,1.2060344012472122,1.04806175162296,1.172407695782407,1.155203300015216,1.1543754884729327,1.1554617252244297,16.382944747679627,16.39140263760789,16.38699602809748,16.373639698873927,1.6765152066659366,0.32628896089804343,0.0568696457280609,0.18953976384184068,0.18954292836256628,0.18935005267977992,0.1465153092036138,0.14654772579103337,0.14664414247523733
50.0,50.0,60.0,0.0,1.491253597550395,1.4882920962722077,1.4902617315503812,-1.6218262611951542,-1.6285552077659404,-1.6242742420898586,1.48930727479815,1.4904907600684227,1.4911707533090484,17.858926657836815,17.859561157433586,17.852033627915254,17.825599983240974,-0.41787036968487806,0.3574461127852403,0.3951585129073569,0.23631451444928622,0.23648129857261213,0.2364188737264704,0.18822278695691724,0.1884694157070439,0.18832279966555804
20.0,90.0,110.0,120.0,1.4969358119364893,1.4722396111949154,1.4829961552225537,-0.2018388581136805,-0.2570856388579023,-0.24414176456615722,1.4832127330357259,1.483684116026963,1.483747000576696,32.578485110728714,32.58008648212519,32.5786602658373,32.38851674230004,1.589624814010169,0.2171692878246615,0.8993101381890295,0.41688705418880545,0.4174674975725734,0.41714012527137573,0.18615874584362888,0.18623669456536016,0.18618703623582233
100.0,0.0,50.0,-60.0,2.1017679303842045,2.096426585945256,2.0992294649968075,-1.4187126091538824,-1.4705793932468108,-1.456983713747123,2.099109086627237,2.099250894304879,2.0993132376639427,12.150234104376178,12.152892938937212,12.151884170784015,12.139879702030154,-1.3589984821392227,0.4017950040494334,0.032032826127091345,0.1266794380345681,0.12677384634371686,0.1268368944577035,0.2666781690371994,0.2667055243789681,0.26668795783528176
20.0,0.0,40.0,-60.0,0.5695594300598433,0.5230281761667708,0.5413906647454837,-2.171453914039734,-2.3289166353755766,-2.273092704742275,0.5407388240484067,0.5407043143344726,0.542974029393253,11.182209935244245,11.189397476943478,11.194119874939968,11.173482794032257,-1.498841541050746,0.10159484477885228,0.03884911701891977,0.13311417124488747,0.13293957647251695,0.13317770267255924,0.06833520773847537,0.06861521182076306,0.06862930985129051
0.0,100.0,70.0,120.0,0.9353991454513636,0.8431896428812213,0.9235443439253248,1.0378741763930484,0.9274818960518362,1.0207427274617973,0.9250767341854063,0.9243708327091285,0.9258286373535444,19.354580492676327,19.35865472939396,19.356213905373085,19.334769787232894,1.6429202781980774,0.3069966742228699,0.06903335468798281,0.225070217929527,0.22513440470306767,0.22520089465845491,0.11717329652936133,0.11726209006676326,0.1173520653978166
20.0,50.0,100.0,-60.0,1.0139893557645958,0.9902373083616656,1.00417115280503,3.068040808643833,3.043077150843552,3.057281507322635,1.0061570078585038,1.0049573945200647,1.0044935811150997,28.99738480613063,29.006938817547763,29.00150913712937,28.86772458634979,-1.5485728433571055,0.2046789898518161,0.4991081917280831,0.35974286823724455,0.359687006676827,0.3594051687596555,0.12584616418831263,0.12566379374219638,0.1257807678160662
20.0,20.0,100.0,-60.0,0.5854290516456653,0.5534367178218548,0.5727566482487937,-2.8021362798044303,-2.8609156912388314,-2.827070996977517,0.5719489772135337,0.5726043418405863,0.5748837878440085,28.15275679573464,28.162335582643806,28.16453287746433,28.073379330999387,-1.5479711334936048,0.20353985355206786,0.19922696839425183,0.3334642026860597,0.33356459546300404,0.3336387527156902,0.07131132351344874,0.071685165683152,0.07158891809458681
50.0,20.0,10.0,-30.0,1.5596829081849328,1.4518247335962695,1.48976134841466,0.3056581668022797,-0.6879260110311757,-0.2728583679691135,1.4955834673807742,1.4923331851591086,1.489263749355333,1.2781681319455898,1.2877373055322838,1.2952010171689075,1.0092199602391878,-0.5388369853599773,0.020089180423710228,0.10262401018683086,0.049391876084427626,0.04980164367497154,0.04936537080203755,0.18976671680586504,0.18900525862954898,0.189412932696627
50.0,20.0,100.0,120.0,1.1209102581600785,1.0717036972379228,1.0926006288259225,0.8321207621769591,0.8059270654790434,0.8167415244211775,1.0926180601446676,1.0919509235724647,1.0935234698912255,27.99220009902881,28.001458171735788,28.00203899426702,27.914956435754725,1.6282526809934494,0.5071411330158947,0.20064870492166798,0.3304343678791236,0.330625889576121,0.3306503200679229,0.13808825443313655,0.13820416667470822,0.13828957183614293
90.0,20.0,20.0,30.0,2.137351889468184,2.0142494374504545,2.097625411708955,1.4834805521610268,0.2869269868672762,0.8572317673256219,2.095274478005794,2.0946325460878925,2.101228641593173,2.837779198021386,2.853757897514058,2.8570303782904447,2.7886074598071904,0.18318529771726613,0.040597125469667934,0.147974090134092,0.05253016958669901,0.05254051608209585,0.052437079117241145,0.2656697659334566,0.26642979172324505,0.26651165070266547
0.0,50.0,10.0,-30.0,1.4225895573443987,1.4116139970024009,1.417302586537039,-2.834132337330746,-3.029807482699141,-2.943978108759009,1.4170936781219485,1.41788936814722,1.417007162666628,4.887721770253297,4.888251302655056,4.892839071565165,4.863506828992863,-0.9620235618293845,0.01393680958748661,0.21574942060922245,0.10149446330323916,0.10148785017961487,0.10148671961971607,0.17955047864774587,0.17953878290477696,0.17944500502360114
20.0,50.0,90.0,60.0,1.1003063579755132,1.0782709028734514,1.088134443155474,-1.0800328437282667,-1.1330186065806078,-1.1131584547315825,1.0870609917771628,1.0886371171662814,1.0891952111892678,26.340396317673676,26.337561669068155,26.338525712781212,26.222756745728596,0.5511163282823003,0.20722745076502155,0.49935426004574984,0.33210332551662086,0.3320493468933216,0.33215760018983015,0.1364588941126773,0.13671172073634294,0.13651024914174842
0.0,90.0,70.0,120.0,0.8504975585376724,0.7894771287009473,0.83992787144735,1.0917934962917,1.0076960624521354,1.0750782813435487,0.8416845556571759,0.8399979869299421,0.8414330179637506,19.274097359547415,19.275110734431227,19.27933195642033,19.253907194479403,1.6366737110778469,0.27945485572318857,0.04202962604123739,0.22196765371091276,0.22212041999839907,0.22210702405926902,0.10661988022617096,0.10660288914982569,0.10680586533365159
50.0,0.0,20.0,60.0,1.4455440635059578,1.2215109752477449,1.3096100443815935,0.863174672361259,0.2220404978464406,0.5951006698560546,1.3200305414216402,1.3168786904951257,1.317534522538797,4.727175651939589,4.708257705923262,4.746195627153144,4.690207266786511,0.8761261060174826,0.10253690294366692,0.06203983279612234,0.06278011816747868,0.06278271844621579,0.06305629161912793,0.16740806102747474,0.16706183486379766,0.16749627228190714
90.0,0.0,60.0,60.0,2.10269970130111,2.08271607670678,2.0987452130333795,0.5104565938449453,0.4636631136790247,0.5012481347132055,2.0995185131260743,2.0982761788708117,2.0995077644432847,15.239267091232692,15.236699074960915,15.24120864959263,15.237364467399363,0.707297969692413,0.5265417529415893,0.04141662543107599,0.16526045442404957,0.16529670736139482,0.16530454004621803,0.2665870948056138,0.26658413876126674,0.2667412861437851
90.0,20.0,0.0,120.0,2.1092473841716064,2.1048500079453163,2.107180869189999,3.1399191914736853,-3.137597688034215,0.50647081798129,2.107492532292178,2.107479028550021,2.1089455449268955,3.2632691909250835,3.2606735925328687,3.2608348017291022,3.2268619641402685,-1.489680606858057,0.0010729111244041209,0.3374066151622286,0.10607844450808632,0.10607335901116903,0.10598056884731419,0.26709314170925114,0.2672827602971502,0.26728201909014426
0.0,90.0,0.0,60.0,2.115082308597722,2.100889464362548,2.107771079601518,-2.5626520662625434,-2.594491633401232,-2.5764652576158444,2.108768359553128,2.1079293414293114,2.1071239480594666,3.212789112492876,3.214529323162375,3.2097725968789192,3.182849963051031,-0.48499534139781103,0.0010735189888186748,0.33272227303943885,0.10473621349201848,0.10455448131237566,0.10458682723616564,0.26733917464393314,0.26713493893736623,0.2672401883385095
0.0,100.0,10.0,0.0,2.1184604619908014,2.1045864419915308,2.111150326511506,-2.580100837021445,-2.598146147724054,-2.587263894935871,2.1110472986416764,2.108088320281805,2.1144266911791667,5.9677542403226855,5.9637937518571125,5.963311507970103,5.935954609376794,-0.5086206285878233,0.0041809340633849725,0.4336770556725531,0.13581068310465194,0.1356890966707644,0.13576706813466108,0.26704993248003545,0.2674898740124548,0.2678376337751938
0.0,100.0,60.0,30.0,1.8763980258883235,1.8712318833358896,1.8740194692194434,-2.0186129562872352,-2.0395711764359725,-2.0256358622848407,1.8732166726644526,1.8738593191331216,1.8752503152224276,19.390622263317546,19.38231506993906,19.376410100134027,19.3155235223846,0.009633985434040008,0.03789958733220958,0.7925918394392156,0.2810398142194807,0.28098962949908657,0.28107213990638774,0.2363638060329973,0.23661177149507337,0.23654072623453895
0.0,90.0,40.0,-30.0,1.889128469297116,1.8844917167376136,1.8864760212191007,3.141388181547762,-3.1415920977312792,-3.106539780316271,1.8868466549144036,1.8866002174318597,1.886047461640461,13.882049353843714,13.886876863557156,13.885604229961658,13.842029616932393,-1.0454287747302016,0.005497865969813273,0.6231269318627229,0.21842976554496968,0.2186346849056683,0.2185951485342668,0.2384891519957678,0.23837991256805777,0.23842000783059203
0.0,20.0,60.0,30.0,0.5605401321893341,0.5559855257495052,0.5584197313640671,-2.086487200257909,-2.112917513350693,-2.097844684105379,0.5601212339482072,0.5568947274439384,0.5590597861731972,17.36450891545549,17.356748143954167,17.359118437511867,17.337639280150224,-0.0003137296974552286,-0.00032678015626987674,0.17956764503263586,0.2156269586548872,0.21535805610160808,0.21571298045722226,0.06968779340588958,0.06954955129979133,0.06994992126549963
100.0,0.0,20.0,30.0,2.2100868701580856,2.0070062952906675,2.099260430966375,2.241257682891664,0.6122072225612457,1.3162393896227191,2.095882410283923,2.1001347902841783,2.1023499690311787,3.165310656787228,3.185532023419643,3.183834910416605,2.991533589934943,-0.20932126974433246,-0.041753972419792326,0.15529430508769937,0.0593209032887452,0.05918832298983533,0.05947828563451231,0.2661168688598547,0.2669422591457956,0.26640177718002434
20.0,50.0,30.0,-30.0,1.3646781939693555,1.352244221882471,1.357718454194811,-2.519243291456041,-2.585428081468173,-2.5638928859726415,1.3568548953974515,1.358150154827865,1.3580410073898876,10.043055554043606,10.04897627900585,10.042184602201143,10.029341442632283,-0.9358841954593968,0.10652186480852498,0.29884811693750946,0.15471685508856547,0.15467901613445137,0.15467673405492074,0.1716121345080266,0.1717629965566252,0.17159110657340032
20.0,0.0,20.0,-60.0,0.6763273784196924,0.5945896190789843,0.6265448616874738,-1.7757982924173643,-2.156963165283347,-1.9933695048210314,0.6390673618304419,0.639624469104283,0.6408239809387738,5.544879604006303,5.5648441172635,5.564868210786753,5.487055337602513,-1.3991096628803044,0.0594072478715944,0.0254760476316359,0.07108805417346813,0.0707790413509548,0.07074223174217006,0.08100241727270725,0.08121062568114816,0.08116203986575347
20.0,50.0,60.0,60.0,1.1629865660948475,1.1531145563840004,1.159773700894916,-1.1220027072727294,-1.162344221073506,-1.1302718103312193,1.160447355092832,1.1598441584854855,1.1599643997615365,18.13796310350426,18.127901645058532,18.134773884994363,18.094483953312153,0.5646148358959567,0.14157996593282146,0.39660589880648806,0.24111856840866722,0.24113263726056544,0.24112752739062981,0.14609154449465891,0.14602286765396352,0.14610343159598885
90.0,0.0,40.0,-30.0,2.1059762002002724,2.094525111720304,2.0990214767396798,-0.7283520789550841,-0.7551561568637745,-0.7371160140757722,2.099601010904651,2.1000086171638888,2.0976303555213547,8.917677059082806,8.921326963760723,8.920452507438776,8.91694154313605,-0.8050961655111752,0.26940606573022996,0.03460539623597697,0.08548719700417931,0.08563625161453449,0.08546158440609133,0.2668426658926326,0.26660284002589646,0.2665444360311539
0.0,90.0,100.0,-60.0,1.545497044437965,1.5335375986424562,1.53956674357082,2.635120691040997,2.614235958781526,2.626559859602346,1.5387641979686688,1.5410275491761973,1.5401295258954644,29.9810023046078,29.9922593062374,29.984943532492313,29.808021741586387,-1.5703812188526685,0.008548739744189638,0.9000181354640673,0.3909994886583993,0.3913334814620491,0.39127424374546904,0.1934064283436628,0.1935843019509544,0.1932971166319179
0.0,20.0,40.0,120.0,0.6669816277789729,0.6418089305590923,0.6530313370990586,-0.5035775789544831,-0.7057551631001516,-0.557279289871987,0.6548793980565396,0.6538969289189638,0.6529456759148725,12.017591328171745,12.017668541021823,12.02116842161863,11.997468021857342,1.567839507835466,-0.004333317720721917,0.15330107239551022,0.1575365189475872,0.15742962288730028,0.157702530834676,0.08229574235078231,0.08205456938277272,0.08214815967464136
0.0,50.0,70.0,0.0,1.047402139723108,1.043409668641351,1.0450121236723031,-2.616787622285961,-2.6271582987940407,-2.6219992139218182,1.0466629567580612,1.0450183879593005,1.0440282176798568,20.866442019250016,20.865002502442977,20.855264950955647,20.819282487437206,-0.5241415521028449,-0.000719345892991819,0.42516995850893463,0.27134316621458143,0.2710774672984335,0.2712140771674441,0.131361934609983,0.13103108925506163,0.13123654641997648
0.0,20.0,50.0,30.0,0.6045752837338657,0.6006562038368607,0.6022570467977211,-2.080885820580301,-2.1191543597461258,-2.096584298795494,0.6032590886321492,0.6017167162910473,0.6023705481421011,14.686365623580476,14.670364855023237,14.672764850535872,14.655462318668487,-0.00031210202051571014,-0.00015179679339335012,0.1680044929611204,0.18627403213943855,0.1862621304360649,0.18640937396531676,0.07544914714273887,0.07534838784148543,0.07554089218311977
90.0,0.0,120.0,30.0,1.6186070621907285,1.5916600702749042,1.6005563937197569,-0.3164439198453533,-0.3332096837956074,-0.3237605276466663,1.602878098572863,1.6010358117257062,1.5989165928142988,32.72089415545609,32.708769156241786,32.70852844102921,32.59868303596996,0.07269833069823103,0.8977186739309833,0.0016181684318531861,0.3692515844561296,0.36927914158446834,0.3693208443351219,0.20364540425249916,0.20316116796108716,0.20340339636357666
90.0,20.0,20.0,60.0,2.1449601744478044,2.0136476599044326,2.1015084763349483,1.812253083189174,0.6407403279247964,1.2304980982231215,2.097184984847509,2.1011880118373067,2.1058651498921277,3.0239335434240564,3.033226786542631,3.0272455920808565,2.970693250496433,0.8349186032022413,0.06775460828823814,0.1564903737031247,0.056793980604425004,0.05652356066687637,0.056549195283071625,0.2661728810447842,0.2672788041149833,0.26675763516156925
20.0,90.0,70.0,60.0,1.406385781208246,1.3957046371777562,1.4033314258862315,-0.8786976625185635,-0.9058253695066564,-0.8856028407668156,1.4043958728338959,1.4026936528612781,1.4036104217957106,20.98648496275865,20.98340346159754,20.983153904603068,20.928070414169895,0.5874502868671148,0.29660652383919406,0.5048114445026842,0.2769823582750051,0.2766869614908381,0.2769044237221978,0.17693219554166165,0.17684287040173563,0.17704067888436736
50.0,50.0,0.0,0.0,1.8093003207282263,1.8025179780407432,1.8060446030933777,1.0796797131338003,-0.6800456998126452,0.19998780714389527,1.8102371881694905,1.8033381036346845,1.8052457375185316,2.7809900069724565,2.7896544960106113,2.778469678034409,2.7484900525076754,2.1815526946205903,0.0008035998588616672,0.24604135655628448,0.09065860653200068,0.09102374702562867,0.09047368826874709,0.22914013892136306,0.22848949442310784,0.22936363292787376
0.0,100.0,20.0,30.0,2.1193013581406386,2.112470126492252,2.1147048673952713,-2.096510325581804,-2.2054626488355766,-2.1375503576404924,2.1141874184288345,2.1146797598650053,2.1153463358031623,8.732779698627917,8.726248882664907,8.723984097293016,8.689025803841021,-0.016905176500243355,-0.00795488854417476,0.5348854183522301,0.16762571680482347,0.16739734336850465,0.16749007272385175,0.26765688795750786,0.2677975941325406,0.2677349162608943
0.0,50.0,30.0,0.0,1.280206359055785,1.2742353542403204,1.2779140188058409,-2.6147982229749145,-2.6247716278128173,-2.6194726182538304,1.2773020550026852,1.273997947788735,1.2830258557589507,10.19287693259079,10.195110802534732,10.192145164829011,10.1767250079454,-0.5244288721331085,0.00021894200411990946,0.303206956046961,0.15714843133798795,0.15733957331543066,0.15723940352579358,0.1608468349682242,0.16157001658094466,0.1620093501604004
100.0,0.0,40.0,-30.0,2.1060220234447558,2.094546470616641,2.099005195157996,-0.727907793062378,-0.7542183490083629,-0.7364872545662718,2.0995132994632284,2.0999500836577742,2.097725763769965,8.916285268584295,8.91933563987205,8.918497494206397,8.915299930221469,-0.8052234462275315,0.2692160444430545,0.034428945549331916,0.08541587013972753,0.08555314995618656,0.08540345335793051,0.2668260373419204,0.2666098626576915,0.26654805645025154
20.0,0.0,0.0,30.0,0.7061190094217581,0.4705143310372723,0.5938132433528518,-0.1771359287378472,-1.1340726976971531,-0.6671730927333944,0.7321359077443643,0.7316519364162665,0.7316517289534747,1.927383349434486,1.9305793778583378,1.9357696630744397,0.9284472301684932,1.4143191503825552,0.0004733043325337444,0.05568956021427769,0.06040698922751387,0.060459082266853696,0.0605765283453658,0.0926022261938099,0.09254849880898401,0.0926227910164054
0.0,100.0,20.0,-60.0,2.1210936406281995,2.1090710061281484,2.115289067332371,2.9481358192401594,2.6730522953067557,2.77168731346421,2.115359352361843,2.1150442326768117,2.1159751503114794,8.706199835441657,8.704138516464289,8.708789725886373,8.658783397966463,-1.5154978551270861,0.03284418891165781,0.5318457814289573,0.16706964938404698,0.16706007278481289,0.16706932638801203,0.26775946378663124,0.26783532769940616,0.2678737720175285
0.0,90.0,50.0,60.0,1.8066493062268243,1.8004642532821926,1.803072868860105,-1.5728755491049249,-1.5835889221054231,-1.5785259741976352,1.80235167139266,1.8028627560133006,1.8041984946659746,16.50833747106153,16.510336554912936,16.518873470876137,16.470208328809704,0.5219058188439956,-0.00242906014450697,0.668538879513323,0.2455283063042148,0.24571376686469348,0.24584623772343278,0.22754291913412458,0.2277589230562841,0.22772346280917596
0.0,90.0,120.0,30.0,1.3893127477204226,1.3737089220139485,1.3822262393253075,-1.8652457418278068,-1.875547868185232,-1.8719604818024804,1.3800472868792186,1.3864974272027066,1.384700789794681,35.20275187676412,35.18901212729806,35.18538533612036,35.01757438529623,0.012931702028492902,0.17658255600323594,0.8992904829904533,0.44422921941200416,0.4444694487740795,0.44429247231055097,0.17317597583812977,0.1737531609311459,0.17294381946627016
50.0,0.0,30.0,30.0,1.3041871286322957,1.2339025991638677,1.2790416977944654,-0.0177636009382307,-0.2222922912475318,-0.08823775918870529,1.2806366941206606,1.280059925662605,1.2799835769647199,7.642478030379985,7.6379332251410865,7.642483597125203,7.642238373025294,0.23135473423826672,0.16557499888594165,0.04580189997178705,0.08867977895213214,0.08864141023353214,0.08875217337947727,0.1625669409954731,0.16248680834102763,0.1625606398130266
50.0,50.0,80.0,-30.0,1.3850118215721057,1.3783375347795974,1.3809940302824024,-2.2001939064006386,-2.2082047448976585,-2.2056396468896398,1.3811967647257248,1.3805417202429682,1.381196362040752,23.34980214105771,23.343680388411904,23.347258837323285,23.29097270618468,-0.9752626829384147,0.4245466594669067,0.4490838791461435,0.29682261639879864,0.2969190544913381,0.2966263914106363,0.17419568075607725,0.17420137854751114,0.17428284553010268
50.0,50.0,90.0,120.0,0.96952691774258,0.9534674394422524,0.9659333517914659,0.9546602009382172,0.9323177231042308,0.949484272419512,0.9652193345652066,0.9662230649113981,0.9673848291296135,24.96772852835846,24.972804247906762,24.973246066525935,24.928903510958865,1.628988610340876,0.41235057220593463,0.1045977555196757,0.29056902592174005,0.2908380515261963,0.2908878757423013,0.12220755609126648,0.12248412629921081,0.12236872952691634
90.0,20.0,0.0,-60.0,2.1092473841716064,2.1048500079453163,2.107180869189999,3.1399191914736853,-3.137597688034215,0.50647081798129,2.107492532292178,2.107479028550021,2.1089455449268955,3.2632691909250835,3.2606735925328687,3.2608348017291022,3.2268619641402685,-1.489680606858057,0.0010729111244041209,0.3374066151622286,0.10607844450808632,0.10607335901116903,0.10598056884731419,0.26709314170925114,0.2672827602971502,0.26728201909014426
90.0,20.0,100.0,30.0,1.9243241223515208,1.89121452711073,1.9061769973219351,-0.4483637410497729,-0.4631704408963322,-0.45339895745084147,1.9074320492616135,1.9052411893261025,1.9053885208701684,27.53121756335763,27.521751798360597,27.520290548893428,27.444770770602243,0.10472713739118478,0.9066192251145595,0.20247504520612114,0.3217269723147065,0.32154281681558466,0.32147133134665484,0.2419153027187795,0.24166012614126375,0.2419342715361512
20.0,90.0,0.0,-60.0,2.1147493582253407,2.102645552719134,2.10788735895465,-2.50006099040788,-2.5325541950988173,-2.5165289675317397,2.108629055211095,2.10523130233032,2.1099872326732165,3.217162643414003,3.211998173813014,3.215472444527808,3.183099487884192,-0.4250237027853674,0.001060556439857788,0.33270986067284863,0.10460040099390283,0.10457767409872329,0.10462703684251053,0.2669771257921123,0.2671514278974355,0.26759242303837355
90.0,0.0,20.0,120.0,2.1278811811219063,2.00345395894398,2.0974604953863163,3.073189608429985,1.6383726810152934,2.3939057570688638,2.097508551074497,2.100605836670542,2.093490100163676,3.0206879185441675,3.001600546769812,3.0033019625956667,2.92879337479906,1.7578360484826838,0.04617408923950074,0.1546993553710258,0.05581824504095215,0.05568040053474951,0.05600997731787055,0.26668431480077,0.26617967008238624,0.2657808436113271
20.0,20.0,50.0,0.0,0.747944209507844,0.743248847037887,0.7458246791041871,-1.8441257937211584,-1.8658029137896772,-1.8525560261524465,0.7456394585500126,0.7450567222295424,0.7471746442516574,14.607615435265012,14.60759617544693,14.60908012990955,14.580732351979446,-0.47023209661225995,0.12316675279267177,0.1672744093824341,0.18524046195213778,0.18532417362846407,0.18545622652917368,0.09375521411778717,0.09394686118798702,0.09404025841854916
20.0,20.0,110.0,-60.0,0.5366385411609205,0.5097377570736701,0.5274412138906822,-2.82280474620044,-2.8760758403955484,-2.8421157209962815,0.5334539127715778,0.5261533216256887,0.5278483966427095,30.90162627657918,30.895973032722388,30.901928900122336,30.781424430863336,-1.5519139882990869,0.20357637072988877,0.19932852794712683,0.3637704283899182,0.3634702665060504,0.3634101847930997,0.06586970552757217,0.06519332126349636,0.06609218139629536
20.0,90.0,70.0,-60.0,1.9631860924771956,1.910542580063618,1.9509709292331858,2.9513768932495377,2.931456208341872,2.9400417835781147,1.953049979918816,1.9514774960934176,1.9508064516028443,22.180070189702946,22.185670362241762,22.18735159070307,22.055028572463943,-1.5289273141931494,0.2073333466906803,0.8951612584246944,0.3134115839547132,0.31366858716558216,0.3134758395756311,0.24638661222401692,0.2461141064343535,0.24632019544397027
0.0,20.0,100.0,30.0,0.4170736301906191,0.4023272734473108,0.409924502995962,-1.9055066623469177,-2.085830713449081,-2.018047914503183,0.40972013289959647,0.41149231723633195,0.4101738732307513,28.194901512827272,28.18201054855255,28.175244013075687,28.104717282683396,0.0016211456872929108,0.01593587104213627,0.19919235618192194,0.33417583004060036,0.33417704259001424,0.33409063365998165,0.050343310233588054,0.05040629434149402,0.05017694464870171
20.0,50.0,50.0,30.0,1.222863189746183,1.2148243799455538,1.2201355532460623,-1.6284111554401357,-1.6646765400693195,-1.6372759323014672,1.217874482851654,1.2226884091907309,1.2203886871532612,15.45448785787303,15.456823473987418,15.444689574005057,15.421395874603098,0.0524343007577943,0.1284907741325363,0.3692172675589106,0.21270760163817923,0.2125706385053713,0.21249062788655787,0.15388319852838175,0.1542022692981182,0.15358637912226938
90.0,20.0,20.0,120.0,2.112110597887308,2.0249305891720546,2.1043909413545907,2.7218458655211424,1.351505354886037,2.0211910233366632,2.100402317989152,2.1085157065679923,2.10171420768785,3.6022440595401553,3.5967733800271784,3.5934401500135076,3.502100802786638,2.0458143650013283,0.11013152891771222,0.18066057100331176,0.06807181852273493,0.06779216057856649,0.0680860142050462,0.26720565461155665,0.26736686979272173,0.26633947195624447
20.0,0.0,20.0,30.0,0.7660357201332614,0.4590496031895276,0.5959718018341849,-0.3864187276193675,-1.4112814742422923,-0.7234757125798514,0.5991244333253348,0.6001972208116028,0.5999669538104865,5.752275477389747,5.757064795080611,5.7498087710891035,5.735424620359613,0.15334878651187273,0.05517399088825994,0.0373212540351698,0.074751290038998,0.07481322002440771,0.07487309568607667,0.07591192447979545,0.07602894039838141,0.07588452484618453
20.0,50.0,20.0,0.0,1.4269970723849976,1.4125020139694386,1.420448050173564,-1.9523888956462885,-2.042044791335053,-1.9858533393285156,1.4210548577541315,1.4198788854309838,1.4211846422160999,7.363380829136935,7.354631725397402,7.3522730907466265,7.342417908529105,-0.35077282358645273,0.0801895549795093,0.25938411546079576,0.1266595040293596,0.12642533670384698,0.12651609033606653,0.17975876443088537,0.17977215591516138,0.1799201202153904
50.0,0.0,20.0,30.0,1.4501654559496446,1.2591762122346186,1.3284449056039382,0.3944692204956286,-0.1325714495934281,0.17079219985237343,1.3417399324951953,1.3403560917683077,1.339930636778082,4.550356678678363,4.5634438533974455,4.548009857402474,4.498622544575935,0.34851409528243404,0.09757444572681301,0.05574648138396233,0.0593600344484762,0.0598303202999427,0.05978880838305322,0.17025105746905542,0.17005077784816394,0.17025713968590162
50.0,50.0,110.0,30.0,1.2495441733660757,1.224393508973025,1.2324657690970422,-1.1821459069469815,-1.1891200751634792,-1.1865722503428717,1.2306579561900342,1.2386989399971158,1.2299881541165838,31.560110607274314,31.57255598672628,31.557257637787053,31.417677497896744,0.04654369373485107,0.510537209229635,0.5007696397561961,0.38663900505683724,0.38666275554768664,0.38640991566498256,0.15549415167741873,0.15537889911601976,0.15438636495273206
20.0,50.0,40.0,60.0,1.286352177867502,1.2675543861795753,1.2799090336846266,-1.0727397326046637,-1.1884576804065243,-1.1040095933007725,1.2795473900591143,1.280365486056702,1.2807243812332056,12.780764025239153,12.779154873628666,12.78647623555853,12.753831779673096,0.5914456795559749,0.10960347291625468,0.33824047677636865,0.18416466194152278,0.18418130454198187,0.18433345875943083,0.16157401409352262,0.1617244098859764,0.1616202369420245
20.0,50.0,90.0,30.0,1.097820329065326,1.0798304817115538,1.0890177202463258,-1.6215825136357158,-1.6524281389657514,-1.6371596885554216,1.08906323351112,1.089984886216601,1.0883026594408338,26.346218838214387,26.334529461613407,26.345593844019962,26.224545142364146,0.02751782979543234,0.20704601788483654,0.5001050973551382,0.332101377920867,0.33199948606536966,0.3320909249800637,0.13676644857612785,0.13665926216593074,0.13656276815841117
20.0,90.0,100.0,60.0,1.6250459528005217,1.6019664012550572,1.6110657151065688,-1.1847290740082763,-1.214752166610737,-1.205049431428306,1.6089961880968602,1.6106244062744492,1.6142149069895901,29.952241526596815,29.93996579109066,29.955139201062845,29.769934286762744,0.5525630173519049,0.276747381693487,0.9003596111569425,0.3901356665897858,0.39048815197939424,0.3908232341628715,0.20224245236582322,0.2028755520231638,0.20269481861410474
50.0,50.0,70.0,30.0,1.413455546273403,1.4061127643461016,1.4119927166302595,-1.1256942981685585,-1.1408385069829818,-1.129103051219946,1.4119724023465134,1.41196012021302,1.4126541719549492,20.58318552055051,20.57576798939928,20.58979732547685,20.534592240446827,0.08523825678469407,0.3876004593901476,0.4128101673040796,0.2657599518829686,0.26584453291155846,0.26571419978698774,0.17823021557761434,0.17833062874602754,0.17833360381699634
100.0,0.0,10.0,0.0,2.121663853522315,2.082483384114255,2.1041883237442534,3.141046193138024,-3.1343909596643136,0.5995558100749452,2.1034163765672758,2.104124710783297,2.1073244085637155,4.608865321716954,4.614288772535474,4.6056634042136855,4.1943248785951495,-1.2601910594382044,-0.05216235144031398,0.3442961713627078,0.11488769957536937,0.11495576554623413,0.11475337025827706,0.26650940386486444,0.267010318338291,0.2669102559720049
20.0,90.0,30.0,120.0,1.3499753137040595,0.7939212574004081,1.247194802055102,1.5999482534836489,0.5962090975296186,1.269063448409893,1.2739853501689247,1.2736029254874528,1.28249158527892,8.06487995484907,8.06014000144333,8.060551923182748,8.021694804641484,1.7951599090047519,0.16545288027951188,0.12271862580002287,0.10216616668190906,0.10265698731396883,0.10248547885569607,0.16124442964550903,0.16229908728006134,0.16235657520718388
50.0,20.0,10.0,120.0,1.4408619949397794,1.3168825765203476,1.3825806153285916,1.5918331472339564,0.189484816615835,0.973957531638137,1.3847771966481928,1.3825385394352019,1.388039090032186,3.5422885286842183,3.540231612496782,3.5335814841993494,3.509298209568196,2.1901608173856233,0.06072100100499687,0.14851871534924135,0.07739393126123323,0.07737197584557579,0.07711612004741485,0.1752249675500523,0.17563560508803272,0.17592315787836782
50.0,50.0,60.0,120.0,1.438761419943414,1.4006905636139957,1.4307992437843902,0.5666389658647485,0.4773171137709214,0.5478323220628827,1.431237633765912,1.4305262257980091,1.4324144951350462,17.654048294066115,17.667869514834987,17.658234417611094,17.635386625266577,1.6783402787526438,0.35884995740142595,0.3460898451319301,0.230313322202559,0.23050453402509427,0.23034354794533227,0.18081884959631647,0.18096590810746593,0.18105265984039498
90.0,0.0,100.0,120.0,1.5848172988317124,1.5747989822115414,1.5827888028539774,1.5462645990602748,1.5357413055142497,1.5429641991024288,1.5831758599341406,1.5836857427129862,1.5821652860386402,26.46975261739563,26.48356258207396,26.47419647574227,26.443176329904798,1.650457258432535,0.6636412374883974,-0.1756087681275073,0.2847573839747425,0.28476741611941475,0.28470687781753756,0.20168739427201532,0.201542856068218,0.20148455914840932
90.0,0.0,80.0,-30.0,1.97017166731266,1.9641042228123136,1.9660666990258842,-1.2146472041509666,-1.2205611556966722,-1.2191035269466248,1.9648617397482306,1.966279051944877,1.9668993667085468,21.183035051940923,21.189516040751947,21.179033640771436,21.1627109018387,-0.9150564092194335,0.7038707080830179,0.02852352467058753,0.23571593202430524,0.23553357134951172,0.23568898386634063,0.24965819042877518,0.24990118722333304,0.24972078371495915
0.0,20.0,110.0,0.0,0.3883348722358337,0.3729382786532696,0.3791427532892433,-2.5839120930620845,-2.622294353077661,-2.6013418131541135,0.38134799483238274,0.38264604476783026,0.3777412406648863,30.93451982064264,30.925042052181794,30.917425997300043,30.808114485623864,-0.5233558930612153,0.004340855724908311,0.20002221561201472,0.36418338241364384,0.3640351860370174,0.36386218132099957,0.04661745826832158,0.04617392751645029,0.04598842735323678
90.0,20.0,70.0,-30.0,2.006800481453676,1.9999278256498716,2.0018255338962594,-1.3916181004339272,-1.3998748089900297,-1.397798713649115,2.0019428172944402,2.001829485645286,2.0014642278285595,18.989866950467437,18.99538348163862,18.98898678092354,18.966932945636824,-0.8895735165169268,0.6580697281341139,0.18262266591854084,0.22477736428428907,0.22474243624659296,0.2247276105303234,0.25403992377381557,0.253980396036146,0.25399368762700114
90.0,20.0,90.0,-30.0,1.8662859706330504,1.860697987226544,1.8626592349810998,-1.49825301793705,-1.5030779499763078,-1.5010310718181146,1.8624644344065002,1.863718779427192,1.8617881838815717,24.75121441708842,24.761530465829875,24.75192236837488,24.711539432766582,-0.9334886922238055,0.7974322023034955,0.1991712386235185,0.290749645176044,0.29105720066046276,0.29083043395576885,0.23636843159599888,0.23629463814553142,0.23613404871453555
0.0,50.0,0.0,-30.0,1.4962543654636864,1.4841196182041227,1.4896995253851304,-2.6069329353830355,-2.621253154389827,-2.6131412621582464,1.4915964072788974,1.4890606238541537,1.4888031702932938,2.2758211836711197,2.2878979336449765,2.2747021980244866,2.2498730103947393,-0.5216398908309141,0.0005706229034551925,0.1660427832690926,0.07428462077422177,0.07436120812743346,0.0741958480168302,0.1889965374785085,0.18864689853857336,0.18897592853098488
20.0,20.0,120.0,30.0,0.5132045021162718,0.4824027893694839,0.4961099499940821,-1.2383653535651644,-1.2857621134848156,-1.270538235326079,0.4976485964382501,0.49706915748192,0.5000261284519394,33.63744376180543,33.61656516881817,33.62621494577786,33.496129141495956,0.016289724627385534,0.20976611238832507,0.20011493848479264,0.3941017741406797,0.3941081382750497,0.3941088428303571,0.06140116947228328,0.06170392183068436,0.06176102518354849
20.0,50.0,20.0,-30.0,1.4376942988586017,1.4235328544242638,1.429587858091302,-2.385375381002869,-2.4514864006696437,-2.425268074854652,1.4301454897417814,1.4301039158211408,1.4287648862959315,7.280882735263388,7.293859508039923,7.277072695184045,7.268650264556489,-0.851658595433188,0.08994525924026912,0.25470650414166224,0.12518789849688325,0.12522816971031406,0.12503203790618725,0.18109141316669175,0.18091676570599202,0.18090703867643676
90.0,0.0,110.0,0.0,1.7712490841087618,1.7461024418379585,1.7595075320807347,-0.7965832602431894,-0.8053053030096889,-0.8006733861917176,1.759717060084659,1.7603986198123451,1.758306993529804,29.790469896550885,29.788069407574273,29.78678973506156,29.708379443407615,-0.4367842432815363,0.8948950132830599,-2.3646392703785133e-05,0.33507135786268205,0.33503706482247986,0.3348528589185592,0.22377302794650664,0.22359783073213146,0.22351595745305858
100.0,0.0,80.0,120.0,1.990256508309679,1.9670590371185588,1.9852446467299585,1.40695889502488,1.382724325882725,1.402409091183465,1.985463425018206,1.986301283048206,1.9850381865392963,21.16478679241792,21.167306394666696,21.16743016430707,21.14628401749231,1.704179753806518,0.7097356186204695,0.029619067561791713,0.23518129544838579,0.235403449387839,0.23535075723282284,0.25231894509556924,0.25226009228903656,0.2521669982163244
50.0,0.0,50.0,30.0,1.1971810843233848,1.1730687924822665,1.1892350814411932,-0.2859648528245594,-0.3301830685052426,-0.30107313858943924,1.190463834127062,1.189790217631748,1.18864986755841,13.476047541015824,13.4660088847455,13.468098025150503,13.470034084824958,0.13048620583075887,0.2761473558037788,0.04219438854913889,0.15459625357612916,0.15439509230133044,0.15452284658441193,0.1511429869307567,0.1509087095426838,0.15100511766560984
20.0,90.0,30.0,-60.0,2.030551994910741,2.00972993325015,2.016299027569887,3.1415163253228804,-3.141042244976805,2.26572568071949,2.0158407840135792,2.0160605357118238,2.016305348169508,11.095312223238853,11.093922100511831,11.091716121673967,11.049375223271458,-1.4473436365552914,0.13127748535990294,0.5592777489537986,0.18868206604712945,0.18873352925529965,0.18878134544820077,0.255072903753209,0.25513171453730527,0.2551023480434136
50.0,50.0,0.0,120.0,1.8093003207282263,1.8025179780407432,1.8060446030933777,1.0796797131338003,-0.6800456998126452,0.19998780714389527,1.8102371881694905,1.8033381036346845,1.8052457375185316,2.7809900069724565,2.7896544960106113,2.778469678034409,2.7484900525076754,2.1815526946205903,0.0008035998588616672,0.24604135655628448,0.09065860653200068,0.09102374702562867,0.09047368826874709,0.22914013892136306,0.22848949442310784,0.22936363292787376
90.0,20.0,110.0,120.0,1.757409410009463,1.7163358194232468,1.7304387502856802,1.0676208596221577,1.050345367198182,1.0605530091141657,1.7307330874681377,1.7306118963757406,1.7301189940087298,30.42750123507873,30.437241763985675,30.440340887679966,30.321263599947944,1.6569776970316528,0.9076311722164917,0.20421634749927586,0.35465016164460744,0.35474652009266766,0.3548476526071575,0.2194752313136665,0.21939488974052299,0.21943057997378873
0.0,90.0,120.0,-60.0,1.3631987695589822,1.3496248174081031,1.357184051567328,2.631314366942567,2.6166722910145634,2.6273094495315026,1.3602767442567296,1.358686544823559,1.3569916737489456,35.189223977848066,35.200544001476494,35.197164661632,35.02660976206786,-1.570475797352007,0.009384275827024382,0.8995538919035855,0.44431728262262493,0.4444351054811392,0.44454347696345775,0.17023188670348754,0.16983058753602812,0.17006457496716734
50.0,0.0,30.0,60.0,1.299592957651651,1.2048292282548698,1.266567000794403,0.4938041706652786,0.2053747533099234,0.39664878250637015,1.2694228100691982,1.2671335009134215,1.2684903669239538,7.718317557046781,7.715685354083393,7.7173716964965795,7.717847386084334,0.7540213407882204,0.16647114394733525,0.05074562925864604,0.0907954640344116,0.09082090635692977,0.09084819271419615,0.16100155214685014,0.16087856542289533,0.16117104269998322
20.0,0.0,100.0,-60.0,0.4450680244415884,0.416271244436331,0.4261830058852368,-2.034917266894086,-2.078364834911623,-2.0582737149897725,0.42745662755490493,0.4274592523504594,0.4239899190957214,27.509824892656724,27.515833319945422,27.51404022385504,27.475303208671523,-1.547399931978512,0.2034483624715112,-0.0005753978534641697,0.31325689774643095,0.3134292268688207,0.31307074003455554,0.054460932852199474,0.054018838011463864,0.05402305991664171
0.0,100.0,0.0,60.0,2.1151208881956656,2.100805858001933,2.107849423445787,-2.550028983725685,-2.5847679325291857,-2.5680615730613727,2.1086983315178194,2.106656696891439,2.108660147462696,3.220505096997556,3.216051863936749,3.2115656516181654,3.1829514355742003,-0.47658180562292,0.0010736174933873035,0.3327532027145367,0.10488833235466391,0.10462088011877771,0.10465832424754183,0.26715949412618123,0.2671535484143838,0.2674210837109416
20.0,50.0,100.0,-30.0,1.0130734150886531,0.9928954982375982,1.0044609308782873,-2.694827513520595,-2.715691076264998,-2.7034228412913155,1.004491282116213,1.0064222679790806,1.005068854169255,29.00024909534132,29.007542459692296,29.005013274947128,28.86868003199219,-1.025027393880899,0.2042226869957872,0.4995410834276498,0.35944447002164254,0.3599274210540383,0.35971327502571765,0.12579975055752146,0.1258824823893771,0.12565818037495854
20.0,90.0,100.0,30.0,1.5939693255631,1.5767270160240243,1.584459773355282,-1.7932808554809454,-1.8105464466193928,-1.8027859101622892,1.5855932464927691,1.5871265873737181,1.5817188762747776,29.97353645799208,29.962400277281308,29.962332642093553,29.78460755343719,0.02282994078331859,0.21915252371818705,0.9002627128769697,0.390852223339608,0.39086844643180424,0.39064773352770266,0.19959255047332267,0.19908186270926465,0.1989259617343496
50.0,20.0,90.0,-60.0,1.0868392071070638,1.0785503584025706,1.0809789076821121,-2.346274779045848,-2.355621177765117,-2.3532201259467715,1.0801889873725694,1.080344531378851,1.082406447560447,25.25311871254436,25.26146092678221,25.25728984525148,25.210900088574668,-1.5082775730119533,0.44857179706162803,0.200011643305239,0.3004645820825994,0.3004311897953268,0.3005943027303231,0.13645722197795113,0.13673814089174807,0.13671980438096273
50.0,20.0,80.0,120.0,1.0163219148660776,0.9961888802609749,1.0127580439671793,1.054173295824056,1.0274891691341397,1.0489119687692685,1.0139256869178808,1.0122548844564485,1.013365558361637,22.067785218247998,22.0786891759216,22.06835315299532,22.04693631956529,1.640173033762047,0.38598002707194656,0.07199297800010034,0.2554234476064026,0.2554416775134148,0.25521504332596145,0.12843304331423544,0.12836924153498325,0.1285621610169397
90.0,20.0,0.0,60.0,2.1092473841716064,2.1048500079453163,2.107180869189999,3.1399191914736853,-3.137597688034215,0.50647081798129,2.107492532292178,2.107479028550021,2.1089455449268955,3.2632691909250835,3.2606735925328687,3.2608348017291022,3.2268619641402685,-1.489680606858057,0.0010729111244041209,0.3374066151622286,0.10607844450808632,0.10607335901116903,0.10598056884731419,0.26709314170925114,0.2672827602971502,0.26728201909014426
0.0,90.0,70.0,30.0,1.9095524551842653,1.8953457866586567,1.9032343619449794,-2.0656324865394327,-2.0946188208189374,-2.083683585992701,1.9033435955656353,1.9020418502840226,1.904541174338629,22.23567154565589,22.23236318628864,22.231866302945505,22.111860826422316,0.0010029676070751666,0.008535556278320592,0.8995552674580183,0.3143560038805764,0.314323695302483,0.31438009761413943,0.2398949111835413,0.24004445972217006,0.24020970686170415
20.0,50.0,100.0,120.0,1.0205801670461303,0.9882915360419232,1.0071532837223998,0.0138531339500863,-0.0929221012494224,-0.06703462779963955,1.0091654774701506,1.0078609745467921,1.0074028730480784,28.989216438583814,28.99721074974963,28.9923525429474,28.859972161157696,1.5938935879518428,0.21335913971883091,0.49646788618883686,0.35953863305162825,0.359455787246727,0.35925849030768464,0.1262413308893501,0.126040197379281,0.12618186016366653
100.0,0.0,110.0,-60.0,1.795131059021838,1.7551242489135812,1.7785910457894398,-1.8329314148532767,-1.848846633052514,-1.8420272484095204,1.777446023303977,1.7792327482349164,1.7794258481898673,29.764892951127297,29.76918416916334,29.767842396681715,29.6884894781713,-1.4831091828581144,0.9032597339594782,-0.0027087273743020713,0.33433185704355994,0.33466564740714644,0.33453603951072575,0.2259864529684716,0.22623696402180962,0.2260124102073907
50.0,50.0,110.0,60.0,1.3238630057272245,1.2877209781145578,1.2977813935465972,-0.5933343290371493,-0.6092846253491313,-0.6029099631416064,1.2977313439724445,1.2973162171032628,1.2993119444541674,31.53254826644552,31.529047067431495,31.53511175260054,31.39128088197569,0.5748764929825342,0.5617862064981516,0.501419556926269,0.3861044118141155,0.38633953405424365,0.386124520686148,0.16328668556018947,0.1635117727714064,0.1635375103028154
90.0,20.0,70.0,60.0,1.992633635142508,1.9724506037733391,1.9878740346042614,0.1809190463716737,0.1562466997395747,0.1759035021828625,1.988883985430754,1.9872613101752894,1.9882798212665194,18.983097527231212,18.976037702494228,18.984236517607986,18.958635271547347,0.6801288354011099,0.6530448011042169,0.17771831447167677,0.22430049513917882,0.22417169483848945,0.22432955203667185,0.252269315912053,0.25219102003328414,0.25239815199378024
0.0,20.0,20.0,0.0,0.7540383619703181,0.743618283089727,0.7491474038559987,-2.588882925327105,-2.6144199615153627,-2.606219256067028,0.7485546434778976,0.7507049354284366,0.7492403839572848,6.65031725907608,6.661005829920405,6.642403762720802,6.630507531930338,-0.522085728632135,0.0010794276245552415,0.1125286593793447,0.10034457804873255,0.10058046738726141,0.10018961046060736,0.09470707352968163,0.09474537361971004,0.09449799571494998
90.0,0.0,10.0,-60.0,2.12087504284277,2.0579014341972357,2.0914809076879894,3.136152289036395,-3.14003844296854,0.08917011277031583,2.090556936641453,2.0927390809106385,2.0955642827898986,5.125036044959258,5.127336760614455,5.133724692946017,5.035651258208302,-1.4637662160529388,0.008024187338876184,0.3757040277413125,0.1226388044047076,0.1225324502250481,0.12257401936224888,0.2649122858433846,0.26555303767066174,0.26526677563064627
0.0,50.0,90.0,-60.0,1.0132215681481356,1.000542474660937,1.0068986921649736,2.643880279498916,2.6088438049014786,2.6282196304158485,1.0082872676148316,1.0065421125542158,1.0063715585704462,26.35666066549747,26.368139808187596,26.364257793616968,26.257762291523168,-1.5703940607263338,0.005518382967278527,0.4998868336008437,0.33249903388821456,0.33249289959276357,0.33242719823311384,0.12615189650238168,0.1259161510153754,0.12612986287865421
50.0,50.0,120.0,0.0,1.1558657804318566,1.128512419637802,1.1413826478905869,-1.7225454689654536,-1.7492227143812096,-1.7356952995055543,1.1423813397427285,1.143320367218041,1.1399377276226317,34.28873302380353,34.28034791469614,34.261446187950355,34.10389281402354,-0.48471515537934756,0.5053534376504775,0.5001235420379314,0.4162330289144025,0.4157435424045115,0.4157396198929311,0.1437290798892136,0.14341485066683837,0.14326870029473257
50.0,0.0,100.0,0.0,1.070417876160075,1.0650911682139264,1.068262096968474,-0.888487700103195,-0.8950580385987645,-0.8914011325199681,1.0688675868945408,1.0686232977527526,1.0676546043664934,27.33980097941131,27.33540767721481,27.32744623897025,27.289901199316365,-0.4651887397564369,0.5031719759288037,0.00011502150918082426,0.30977745684970087,0.30987132882370566,0.309833051846895,0.13583600570079435,0.13569188654516776,0.1357250221690099
20.0,20.0,60.0,-60.0,0.7197685999633041,0.7051290590727582,0.7087868409136391,-2.8504398754585787,-2.9148633509079,-2.895640470356481,0.7089744160385237,0.7093678960362786,0.707825492796997,17.30518076846627,17.305341397415013,17.309222570861294,17.280605595664735,-1.5278408758031203,0.14129359636814526,0.1797649445038197,0.2146006493683711,0.21478060792144482,0.2145157377729003,0.08918514740525638,0.0890402011863731,0.0889821593402918
0.0,20.0,100.0,-60.0,0.416323863978209,0.40436445466527,0.4102467778905022,2.693586585575268,2.579269449352921,2.6503418498399136,0.4111963218221717,0.4109390008550894,0.4102745068548243,28.186026078261303,28.19060753743688,28.193140008110202,28.107301950780236,-1.5701530942674762,0.007035101269742297,0.2000024323431514,0.33407838797082406,0.3342711979104912,0.3341847841704383,0.050398628495678055,0.050281060266968054,0.050326061634443885
0.0,20.0,70.0,120.0,0.4840869747075185,0.4486282399540429,0.4615437126428224,-0.4438070447692016,-0.5274105249747845,-0.46644005875493344,0.46166232503260757,0.4623397467671993,0.461647935544226,19.96615577556265,19.972581174679508,19.96997539660015,19.945534086218778,1.5727329662056735,0.008875550252140004,0.16527647329105105,0.24148783684864494,0.24166566284844945,0.24168718505313835,0.05729849697836361,0.05728528995070212,0.05720674019001513
90.0,0.0,110.0,60.0,1.8381921284207523,1.7825237467228523,1.8038562440793156,0.2561354875620643,0.237844011229614,0.24976100379130395,1.8043308396221949,1.8022338575239092,1.803557050485436,29.76977227572214,29.765819980304478,29.770577719520535,29.689089465595632,0.6125949605411137,0.9169260802014895,0.003440580894104074,0.3347450880635902,0.33458796349868164,0.33488520086348733,0.22917896831441578,0.22908261050986178,0.2293485858683493
0.0,100.0,30.0,-60.0,2.1224646586057734,2.115484586707352,2.11888329002774,2.7939063659596206,2.640415253479257,2.684018371100905,2.1186179658105115,2.118765606348319,2.119432788759046,11.479523239008326,11.485296611500747,11.489302584260143,11.43628941703846,-1.5531719881957642,0.02202641644544669,0.6358126175855284,0.19878882500759698,0.19888294338383974,0.19878106766730824,0.2680162413156654,0.2681153376543055,0.26810319052203907
0.0,100.0,30.0,0.0,2.1203698907816544,2.115996399812256,2.1179778775020934,-2.595802173514038,-2.60263917948293,-2.598879723443601,2.116626036226837,2.11892924349391,2.1184539261070436,11.48773311851294,11.490815895843141,11.472957136127128,11.443357666461027,-0.519064006621325,0.007027102988775658,0.6365285345764967,0.1990049276301834,0.1989804025665049,0.19876013414031996,0.26790436021481817,0.26815090252616824,0.2678453712406695
0.0,90.0,80.0,0.0,1.7745184668081262,1.7612091906230314,1.7679811401794723,-2.6098109285565325,-2.6152696043862504,-2.6123449202946785,1.7706119647663403,1.7669219828943703,1.7675280189461156,24.811369765805043,24.801775924462696,24.79014889661732,24.656634773847262,-0.5233085097940635,0.005607691004983306,0.8999533041603159,0.33894121466487437,0.33888139932197436,0.3386307686399832,0.22281831861174456,0.2224526774589713,0.2229055633758989
20.0,0.0,30.0,60.0,0.5604932395923895,0.4991642062743103,0.538121791447596,-0.1898729050940995,-0.4382530879714232,-0.2757906196334272,0.5388964900656804,0.5404453299636132,0.5395325167739715,8.523250497002813,8.52082332178152,8.527033963019576,8.506826741358154,0.6155249990341289,0.07361472057689496,0.04191061287115662,0.10490802175308965,0.1049747651357197,0.10512387451149323,0.06827952827762893,0.06835872414361338,0.06816639298533175
50.0,20.0,110.0,30.0,1.0169591849872277,0.9907465107786444,1.0014805948847583,-0.7746128117268946,-0.7940657333693363,-0.7832388345835715,0.9995217452913846,1.0016960842564568,1.0050028445963892,30.785591378663764,30.77625692316787,30.780810021047664,30.662441213577097,0.047570876646098534,0.5081344468777435,0.20090437759184163,0.3612397114750565,0.3610962590397829,0.36136304942925884,0.1261888776937603,0.12687638513591837,0.12657777429367628
20.0,20.0,120.0,-30.0,0.4992225409011266,0.4725701937980442,0.48951724558350274,-2.318845362383339,-2.3617638911871794,-2.3307871611748165,0.4949203364875551,0.4916126115330612,0.49058597682835176,33.62871311701631,33.63778931690517,33.61563999274925,33.49636224731168,-1.0313285605216107,0.20418173006535675,0.1997394449383287,0.39412493245801705,0.39412239349127653,0.3940624505585377,0.061059999106381796,0.060538580342879456,0.06095899369942857
20.0,90.0,80.0,-60.0,1.8248818404418288,1.8062247079772296,1.8162619907152577,2.931913443092017,2.920248516114566,2.9248314560444952,1.820342021851539,1.8153853963869262,1.81440693492345,24.759674257461796,24.762070694657325,24.75915315660983,24.617705853843763,-1.537475379666903,0.21092706247949058,0.8989818783344505,0.3383074624901944,0.3381880747570518,0.33794941738055817,0.2291972981642335,0.22848150758719604,0.22908500250017078
50.0,0.0,70.0,-30.0,1.1166279633931648,1.1106628056260297,1.1124756842806873,-1.4169882812017995,-1.4264299329979395,-1.4231694927946612,1.111957148447398,1.1126529697744687,1.112814904566112,19.09897526274294,19.096480490491853,19.100897149351518,19.074110025702737,-0.9599809650725195,0.3669974637627339,0.035084897171985936,0.21816104632715907,0.21823297198880248,0.2183155120201719,0.14118478044856286,0.14129994387576394,0.14122108242667034
20.0,20.0,40.0,0.0,0.7952949970010728,0.7846611061708665,0.7917763472387525,-1.8204276541307496,-1.849866593789652,-1.8336056028568153,0.7934221706925505,0.7911582821385928,0.791588931794352,11.888822355939217,11.88925649036153,11.88363229556033,11.875762303811168,-0.452641150538318,0.1066296519208936,0.15200279854361437,0.1554811442583591,0.1553216098527506,0.15536407873879027,0.09995008427501803,0.09972076482591356,0.1000150814705733
50.0,0.0,10.0,120.0,1.3330821066134328,1.1634951881037685,1.2500447361967861,2.044601678963648,0.5710803500213281,1.4065848720803042,1.2527617234175146,1.2571957456913763,1.2564017543496173,2.7917018081005933,2.789354395030987,2.784981817050643,2.685807901139897,2.2551024905087287,0.05158292385180756,0.09934320059398985,0.061014103982950325,0.06091494593285224,0.060651396755571386,0.15909111733413395,0.15958144535301488,0.15903377478897454
50.0,0.0,60.0,120.0,1.15080157081915,1.1016463525933666,1.1406522520099414,1.2267488409956273,1.1439981786670466,1.211026024537318,1.1410054777559002,1.141401415617053,1.1421457745776395,16.31540566033647,16.325314091485765,16.325520725633996,16.308186939617322,1.6752235123810124,0.3213687251197676,0.042468294470720785,0.18730313353134684,0.18741527933817748,0.18721276143618582,0.14481900045991805,0.14496700657873718,0.14490811811608426
0.0,90.0,90.0,-60.0,1.6531378750012122,1.6415177752576486,1.6472114991413236,2.6314009583698303,2.621736152364384,2.6274126671106455,1.6482825528118092,1.6458908512358965,1.6493881003418756,27.369830762406497,27.378467721055273,27.368783656188455,27.223771596610984,-1.570220439900334,0.008837111184279949,0.8998713528292297,0.3643799454088658,0.36462478750743155,0.3645686969364057,0.2070277265028632,0.20720105523826526,0.20748152221021154
100.0,0.0,70.0,120.0,2.0633573838842016,2.0242160482140066,2.0559444587068376,1.4723555063429925,1.424512578460738,1.4633354197700188,2.0557361772106404,2.0566495223281422,2.057516769503857,18.236132165738535,18.244318184655064,18.240963046168364,18.220755681425256,1.7274312109247842,0.6274183761198988,0.03834230012931881,0.20118887176065128,0.2013677956451268,0.20118570560077792,0.26114398117064164,0.2613700163507616,0.2612429700463417
20.0,50.0,50.0,-30.0,1.2350500793617971,1.2274402271831746,1.229716989782736,-2.6491248781424948,-2.678805017702373,-2.6710315023785083,1.229604495660377,1.2283635924927534,1.231125669599676,15.449220623005072,15.454496520392128,15.459181343136818,15.424334941645595,-0.9929202955107038,0.13335996967423186,0.3711592984605561,0.21263606737028673,0.21294001329920476,0.21273241369036325,0.15489623404514108,0.1550981599006629,0.155265840320313
100.0,0.0,0.0,60.0,2.115517710588889,2.100272074052899,2.106889636692973,3.138001066485657,-3.1392620674357183,0.05732828824318029,2.106323822438738,2.108170791264609,2.1081903471689416,3.259088505745051,3.2545722613238444,3.256827675389317,3.22860429374986,-1.1223553507936659,0.001087760444834863,0.33755110806089755,0.10622403317919489,0.10609607795342103,0.1062872486692559,0.2671127912721664,0.26735127191228014,0.2671099584279241
0.0,20.0,70.0,60.0,0.5199635221546729,0.5143238272998654,0.5171956751546084,-1.564844135360555,-1.5999810235171197,-1.578847020600722,0.5168509497182334,0.5168456712440693,0.5184901676008872,20.054002977943625,20.053434959174968,20.058569248353546,20.024087414333128,0.5231741696010447,-0.0011603178702376152,0.18817299634944934,0.24471386738940631,0.2446977152838403,0.244766615549587,0.06417443029639404,0.06438699665587891,0.06438171793265703
20.0,90.0,10.0,-60.0,2.1184159024449998,2.1044071261955977,2.1111741523215035,3.1413044742686127,-3.1412896245221678,1.5608232667360407,2.1097181445530926,2.1117775414347304,2.1123113975716388,5.825122670215411,5.821491195218589,5.8235078144767485,5.790744158540504,-1.343196525720135,0.042978583385262184,0.423352487745843,0.13341053633692884,0.13334847040746953,0.13345079541857757,0.2673578817751404,0.26768805123655864,0.2674281819223427
50.0,50.0,110.0,120.0,1.2660695914788815,1.219901477356962,1.2337189302785103,0.4124779883473594,0.3765091072372311,0.3845816830031373,1.2317694678972293,1.2383562528872627,1.2317808329042752,31.547267270271842,31.57763853781408,31.560323692234643,31.417784014473852,1.6174022463597681,0.5115945335973648,0.5009722639086259,0.3865799311934073,0.3867442105929011,0.3864038647165047,0.15549033029900822,0.15546724072136675,0.1546459610733044
50.0,50.0,120.0,-30.0,1.1549752561096904,1.1202088924924525,1.139560681435575,-2.246498182807773,-2.27373305240451,-2.259897962830783,1.1418897900195624,1.1378558530085523,1.1410793040739362,34.27729721602029,34.27377894501016,34.27969648413929,34.102882153062865,-1.0083920550077505,0.5041804233160018,0.4993609840062606,0.4157396661876079,0.4158612586386938,0.4161249773717355,0.14317179458227372,0.1430421976717842,0.14358184797841522
50.0,20.0,50.0,0.0,1.269915138796332,1.2618497759320717,1.2667440048521843,-1.1917326977300142,-1.2096348635442105,-1.1986930804179758,1.2647280046451677,1.268787218709265,1.2672958041747078,14.185160977978303,14.184702922140115,14.18816505345336,14.166632285351652,-0.3898300131432349,0.2983082366021973,0.1638190885864674,0.17732280221386734,0.1774708277685605,0.17761286411023516,0.1604288410794875,0.16075909874889424,0.16024556909909843
100.0,0.0,10.0,120.0,2.115430930753558,2.0962224291094693,2.1050660244614012,3.1403369669963475,-3.13829866081024,0.554897257349507,2.1070969093193423,2.105088864917392,2.1042380999849186,2.3045352732557043,2.281537162518749,2.2883719609212014,1.9278551483196478,-0.04126147536694416,-0.012134864730547017,0.2611656126814423,0.08593096202506126,0.08590093271428843,0.08584577607307074,0.26721206029729516,0.2668543107998449,0.26710662669963503
50.0,0.0,80.0,60.0,1.069288608688003,1.0606239711814849,1.0667502641420021,0.1390958546715041,0.1259689061661752,0.1358311918244244,1.0670040582439904,1.0661280698560016,1.0676765399136152,21.856923773543848,21.85277550388471,21.86893207032233,21.83728003892637,0.5967386351316083,0.40288922172040675,0.026195754009996786,0.24873395734569392,0.2489543244833982,0.2490705935041565,0.13535555735433064,0.13547338396786543,0.13558109713629823
90.0,0.0,80.0,30.0,1.9575837038212027,1.9502412924787536,1.9550833705213932,-0.16215200900376,-0.1691041368889392,-0.16411825124586019,1.9564166146827007,1.955365332769503,1.9537991132441719,21.176252895788764,21.157753325359852,21.160330009071526,21.143858733922787,0.13114614340974595,0.6978661386504311,0.021471261659595536,0.23481579403835096,0.23485722289117866,0.23493163284599972,0.24857587927385988,0.24823370401695088,0.2483895419471439
20.0,0.0,60.0,60.0,0.4750662504238005,0.4547952086081773,0.47051617832402626,-0.1723466077359699,-0.2208888337279186,-0.18878572088577855,0.47154536318905155,0.47049383422222874,0.4707947649003642,16.664869687051524,16.656446082958137,16.66348200995379,16.645448657822364,0.5654994123396402,0.13196214848311982,0.0392154665280266,0.1937433814909762,0.19373426161329552,0.19379123600748444,0.0595204106880293,0.05943224617207442,0.05956668309329183
50.0,20.0,40.0,60.0,1.3267150831821513,1.27481929711583,1.3114420916146199,-0.0551477654051699,-0.1996710045878075,-0.09615542663232739,1.3134946576059545,1.3124057197416512,1.311192073487278,11.367715667003775,11.360912362570536,11.367277050698121,11.364791352196505,0.6978564347751547,0.2483933149889299,0.1519860617795974,0.14639523999693696,0.14636173271026304,0.1463902154289369,0.16644731108815194,0.16615460827230366,0.16629787405949617
90.0,20.0,40.0,0.0,2.1069471963669786,2.099865455350125,2.1030028813734494,-0.5042022841461179,-0.5686477123188135,-0.5229965947404285,2.1031510029685916,2.1035243774427723,2.1021288451971163,9.820650109084898,9.815785045112765,9.815477437531385,9.810434376092179,-0.23905472854607268,0.34750298972121424,0.1313001456827618,0.11636834454131147,0.11636056728720603,0.11642452807889662,0.26708362084431897,0.2669495679102409,0.2669111200096584
100.0,0.0,40.0,30.0,2.1071248315384112,2.094875844554558,2.1000599184062474,0.3122979771924316,0.1777174919956537,0.2701286928821241,2.101111417955767,2.098638022658402,2.1002921264584806,9.026173917341804,9.023743942455527,9.025551540961638,9.023552294365901,0.24969291151705278,0.28151340796741836,0.04666112761721493,0.08953362923963117,0.08944950977977076,0.0895297362080096,0.2667328581224729,0.2666241864908757,0.2669418926726006
90.0,20.0,120.0,60.0,1.6738395941187882,1.633801536340008,1.6436218124748392,-0.0048210529741633,-0.019899456349128,-0.010683010166887288,1.6435550890211066,1.6451243693924074,1.642542320151033,33.246670195246786,33.23932055655917,33.247124923981296,33.11138714251938,0.5985204056952035,0.9409169156664651,0.20288749012680687,0.3869457678849624,0.3866263601094407,0.3870555770542352,0.20853758982000364,0.20837130029335954,0.20820180300753618
90.0,0.0,20.0,30.0,2.2306347790374432,2.0118337087757587,2.0997661002067067,2.234524540102892,0.6078338177625722,1.3120553384469122,2.0959509194512345,2.1015951891699345,2.1029501413005964,3.157620900793459,3.1783503165135016,3.174800723140441,2.987570719070009,-0.2051685471288839,-0.04101181411712955,0.1553352713248498,0.05901117656177168,0.05907743252991842,0.05927724522208419,0.26623234830243825,0.2671117989347857,0.2664021276311988
50.0,50.0,40.0,-30.0,1.6438729391008224,1.633283602627276,1.636926364453805,-1.974910235513982,-2.00280647093308,-1.993075501050242,1.6350043629208981,1.6376195355409704,1.6378816831965086,12.256456863864049,12.259573324342751,12.25218444564144,12.22453168669135,-0.8620313638240439,0.2849853287788842,0.32662813743243047,0.1752555316765688,0.1752907305305425,0.1752905752975528,0.20708923784667435,0.20744034732475491,0.207109304086172
0.0,50.0,120.0,120.0,0.8171720072945637,0.77757073539775,0.8072314540069631,-0.4078124004694137,-0.5318051621952411,-0.497685939335971,0.808280701152922,0.8081461392595126,0.8088190140546377,34.373514536265816,34.37842950910721,34.37489159742577,34.19803948452186,1.571552789985939,0.014793841970765564,0.497000271065185,0.41725583454559856,0.417677596122619,0.41777240917982894,0.1003100999133284,0.10036979356467754,0.10041299698438352
100.0,0.0,10.0,-30.0,2.122772314223189,2.082549405941614,2.1012779871073213,3.1374630114569824,-3.137770868748192,0.34810568470374054,2.100815535479509,2.101207294056737,2.105001372335139,5.039184047518182,5.053498426482761,5.044118762810745,4.853766875460519,-1.3809034707873566,-0.029196113229801667,0.3693785136098857,0.12138110076393228,0.12145037440679002,0.12137242791825648,0.2661013928265654,0.2666334114138224,0.2665796547779214
0.0,90.0,40.0,-60.0,1.890846792520717,1.8853118616586355,1.8870473160654988,2.7200202677719187,2.6203322062081065,2.644502866260576,1.887035693384481,1.8869287406527662,1.88728241036356,13.880084260821418,13.888923412353366,13.887983506371524,13.84113955548531,-1.5659429711921837,0.01127068199324792,0.6231292080284002,0.21850997503197767,0.21863859566029747,0.21848798079366563,0.2384688025861562,0.23850181184916863,0.23852564288022915
50.0,0.0,40.0,30.0,1.246088658780428,1.206980448381898,1.234665910462579,-0.1954420515310205,-0.2865270238583782,-0.22216156976340748,1.2357103548399562,1.2354364677141974,1.2347400246414884,10.61108465354522,10.610028071507553,10.609797095457921,10.600167261976951,0.16893063557566268,0.22450083248231079,0.043880447775040715,0.12215468940875168,0.12223832363107752,0.1222541783566579,0.15690907829248935,0.15678728897276603,0.15682236531624422
50.0,50.0,80.0,60.0,1.190068438125489,1.1801597042458571,1.1875968464153293,-0.4694619695708402,-0.4823480185428456,-0.47251984385983753,1.1873784711868018,1.1876130905316062,1.1883941677054695,22.91796411597234,22.90826359171739,22.917675800840623,22.866493178414622,0.5933330823370955,0.40332546803570113,0.3064441893299497,0.28259302104904216,0.28247991000198713,0.28279028536385786,0.14985164572286014,0.1499626695057041,0.14995103741697477
50.0,0.0,120.0,120.0,0.9260183669886703,0.8786666267337188,0.8939792942078594,1.1547159416385124,1.1281919200296673,1.1431451093245844,0.8935703147450137,0.8950609711619535,0.8948053164352289,32.989304877354236,33.00313175633765,32.99950160785426,32.887173208709505,1.6116411764124472,0.5097636205532751,0.0012506764534854023,0.37480626476755624,0.3747050346430441,0.374817064521296,0.1135740114977531,0.11371685537470527,0.11352484601363882
0.0,50.0,70.0,60.0,1.0413882649447237,1.0361381056786167,1.038710996491206,-1.5707426450094115,-1.5877823074640205,-1.5807561220904558,1.038262215015855,1.0381673759589507,1.0403017685763332,20.850814521048832,20.841943207880245,20.85376535944905,20.81009084573504,0.5226184939147789,-0.0028899436020870762,0.42204204381252425,0.27055438240756496,0.2706708201754415,0.27079705685026384,0.13023740587476013,0.13048603958471464,0.13049777421617573
0.0,100.0,100.0,-60.0,1.6857395323208808,1.670757702242366,1.6794005153524652,2.6426663785500786,2.619480988019492,2.6319589672291466,1.6794430592402088,1.6784721195523877,1.6810510513437313,30.20984906362144,30.210729751425962,30.21642140580397,30.017354795905725,-1.5698923783954926,0.013555751724903174,1.0000753711485015,0.397918041204407,0.3982621045825518,0.398411832096004,0.21098545465376087,0.21118077971151167,0.21130579777293826
90.0,20.0,10.0,120.0,2.1118425655724264,2.100077055699056,2.1059397084081004,3.1381266613569867,-3.1411371092933704,1.317161595078685,2.107038606916487,2.108192262488096,2.1036532891597783,2.0501557582546863,2.0345456567438833,2.031638309692605,1.7738535280621792,0.2116537853048468,0.020286764310754938,0.2579161768687632,0.08339227183528052,0.08342945445034627,0.083468187798399,0.26749503037336436,0.26706741657187444,0.26691913501740183
20.0,0.0,90.0,-60.0,0.4262398633533701,0.4189377429054644,0.4216318316353357,-2.1520607543860946,-2.1809828155649287,-2.167755808349664,0.42092537439600397,0.4225656714331232,0.4222774511397656,24.829136940548356,24.838916661559413,24.835059457350724,24.79760378283323,-1.5452220773134724,0.18058031880287542,0.0209243815408246,0.2841559872365866,0.28443219256630453,0.284503100001112,0.053355934874548636,0.05353379276159207,0.05331504431534473
20.0,90.0,30.0,30.0,2.0055454736647333,1.993547185601754,2.00096559582666,-1.6835820236833872,-1.787310586766245,-1.714267971145591,2.0004015007223788,2.0015396655228144,2.0015069913103485,11.152095174566465,11.147453119379895,11.151229757335638,11.111190772078556,0.10031301806582818,0.10653543784500163,0.5636685752965114,0.18972934227111674,0.1895604828838783,0.18979250657518845,0.25315275740361726,0.25328194218311834,0.25314549178059104
50.0,20.0,80.0,-60.0,1.130891351909702,1.121219316410908,1.1236623220496158,-2.3323272850994057,-2.3472947229156387,-2.34374681571933,1.124347163605256,1.122415011128421,1.1241502474596161,22.51416023949498,22.515052596180684,22.51457204330726,22.47453571438925,-1.4976939639034308,0.41539676401590225,0.19536036558898984,0.2701210677038537,0.2701408061873242,0.27000985349760087,0.14203439466703058,0.14201184873227782,0.1422521272773658
0.0,20.0,40.0,0.0,0.6535971805217564,0.6455040538899448,0.6498084296469223,-2.6028991490516757,-2.6194345310190874,-2.610727996869121,0.6509265953905721,0.6479795766340234,0.6513272568795957,12.00192536135354,11.996859161609798,11.99422143084633,11.978541724544586,-0.5232417072852632,0.0010952193430378186,0.15353915728524972,0.15730643484318768,0.15713042587878193,0.15716876139875788,0.08152229489616321,0.08158413081922357,0.08192279465789447
50.0,20.0,20.0,-60.0,1.5248499497336234,1.509869973874404,1.5174057238570062,-1.3025455633918177,-1.3802851167857018,-1.3402921140660418,1.5171061688229819,1.5177134132514178,1.5173301843299836,4.278822938976282,4.281794694405359,4.27822624652221,4.276594898107076,-1.168242483000938,0.10607827184646221,0.07402200848153909,0.0565756692251376,0.056660028218834875,0.056435825109500966,0.19266480365174685,0.19270995996624626,0.1926083259459491
20.0,0.0,90.0,30.0,0.3927783604908387,0.3876341455752626,0.3909580381428074,-0.526153428456071,-0.5594994589860971,-0.5406410503301192,0.3915194781773502,0.3927882685876091,0.3894691934756518,24.799882441943723,24.79915341969692,24.789316403888943,24.759895451772454,0.023807123002071513,0.16781566975316337,0.008748953946782018,0.2829700003846275,0.2830713913685458,0.2830221685152806,0.04983969334032769,0.04958133227922691,0.04944031801924523
50.0,0.0,50.0,-30.0,1.2080671401219103,1.1952330793752528,1.199575564322284,-1.319813263358271,-1.3463439401306911,-1.335353236508837,1.1978833314808124,1.2007293711897251,1.1996893210182638,13.441680044154994,13.452801023602456,13.446527729422371,13.445277080319261,-0.9157567175476599,0.27779752213637143,0.039682873089036445,0.1538697121748948,0.15395483184873876,0.15383676003456062,0.15224610375291117,0.1524684216245736,0.1521032261581575
0.0,100.0,70.0,60.0,1.3984893294010432,1.3907051079241703,1.3958655229303492,-1.2053512378469546,-1.2349690975201244,-1.2119109036111522,1.3940433749072714,1.3952060108977704,1.3991281957055257,21.281742327078597,21.28998341513772,21.286665141227285,21.22912257303331,0.5581954243801184,0.1640795760711015,0.5763041112658809,0.28514506460876893,0.2854419826384254,0.2855471474285307,0.17540741994382408,0.1760578641662917,0.1759175973393189
50.0,50.0,10.0,-60.0,1.9700649048561203,1.8728536114672951,1.9032696008246703,-0.1151931433684467,-1.267560069653409,-0.77822336314251,1.9061542817949693,1.90866013967372,1.9006968725838511,1.179757354122055,1.1835885090153082,1.1828719594232409,0.9876714645722121,0.666688551967475,0.023980911143453725,0.18952918195507532,0.06743384541429207,0.06765095246850404,0.06772892565714095,0.24225490367491997,0.24156646037304258,0.241248740124261
100.0,0.0,50.0,60.0,2.105527078998163,2.0981190912854246,2.1004451433340865,0.6263844786695308,0.5493428116348288,0.6085574306349908,2.101027720906055,2.099947324955549,2.100361632356169,12.227518626371547,12.22584710004757,12.227787248673621,12.222551991424336,0.7386036935127114,0.4111410982488247,0.04520068676758461,0.12953916956134084,0.12950666804143757,0.12948131665308812,0.26683810920470924,0.26675182165557976,0.2668874101015611
20.0,0.0,60.0,0.0,0.4772994688207247,0.473731689143293,0.4758201966187581,-1.2258537815094264,-1.2410238683154793,-1.2319498337598394,0.47573839534572004,0.47652765561070626,0.47568141740859915,16.664456798570615,16.663490150916054,16.655947491414725,16.644405664744063,-0.48119184066506054,0.13366952295583154,0.03930081296881592,0.19376524387138208,0.1937492828868044,0.19373119039067319,0.06018653535325889,0.060175385700699593,0.06008075998360355
50.0,0.0,90.0,-30.0,1.0445026644378206,1.0404857421323404,1.0419895255357463,-1.4428604138964616,-1.4505490303362982,-1.4479572205486895,1.041199417666039,1.0428767220932256,1.0421389686975935,24.63473815839959,24.64564954938395,24.638822992018653,24.601984266227866,-0.9837054708624255,0.4436355088016547,0.021441671262192055,0.28037001335318334,0.2807460977007673,0.28066260150176797,0.13231348391423364,0.13243878515942367,0.13222238207489007
100.0,0.0,30.0,60.0,2.233294573718634,2.0560550006945832,2.112627620985672,1.310081887786548,0.7861100410838685,1.093030399253914,2.1153780860106735,2.117270468036547,2.120449867498731,5.673309851022326,5.664302914690927,5.665507738455189,5.64314263978425,0.7835284434004582,0.1405442234313567,0.07427326223015018,0.053400624091019595,0.05345157459092882,0.05329959178523981,0.268579260265622,0.26927501216720245,0.2690137114473585
20.0,0.0,50.0,-30.0,0.5152131811435297,0.5005960688952978,0.5049549979773904,-1.7395341851274586,-1.7929305004672988,-1.7721808450400016,0.5056592191233888,0.504082029632899,0.5051963961819932,13.929263553876869,13.92255734898565,13.918492446930939,13.921299898847787,-0.9935533947659112,0.11786950271968291,0.041217414811899514,0.16317277445082623,0.16320621939904859,0.16308253856319627,0.06379710455988337,0.06374977173599738,0.06394903996192398
0.0,100.0,0.0,-30.0,2.1151208881956656,2.100805858001933,2.107849423445787,-2.550028983725685,-2.5847679325291857,-2.5680615730613727,2.1086983315178194,2.106656696891439,2.108660147462696,3.220505096997556,3.216051863936749,3.2115656516181654,3.1829514355742003,-0.47658180562292,0.0010736174933873035,0.3327532027145367,0.10488833235466391,0.10462088011877771,0.10465832424754183,0.26715949412618123,0.2671535484143838,0.2674210837109416
0.0,20.0,30.0,-60.0,0.7160824333472365,0.6798946901265119,0.7000430352138156,2.905224374672512,2.6212168051312896,2.718450889227826,0.7027629969141554,0.6990049911385029,0.7018869038009908,9.333323479175396,9.333031940696195,9.32919138741338,9.29747474280462,-1.5597313424475476,0.010737448794196976,0.13469495533867262,0.12912588200403885,0.1291345699764828,0.12896252453932916,0.08826255548778275,0.0881484075150725,0.08862526029385359
0.0,90.0,30.0,30.0,1.9619524630217204,1.9580285396772823,1.9599461913950627,-2.0928271261381752,-2.1269547840814558,-2.1041278627560693,1.9593789776142758,1.9601042663368393,1.9604928943408924,11.253906670629314,11.245135157865164,11.244755789931357,11.2055756401305,-0.0033347519126906947,-0.0018509512485322445,0.5657837526508503,0.19113941096151157,0.19103469692873717,0.19101265999560135,0.24787062867649168,0.24801163286860164,0.24790816613047262
20.0,0.0,100.0,120.0,0.4098457212061308,0.4005946827843735,0.4062762024349036,2.094323424733435,2.059118569692836,2.074356771130409,0.4058568212052179,0.4088584746681393,0.40577334636974755,26.983051768149092,27.00095259526309,27.00579374647045,26.966622052481597,1.5826068172918553,0.10041999522604825,-0.15923375631966621,0.2961986348237854,0.29619187148141546,0.29659293860754954,0.05327746153283144,0.053280427739570334,0.05289879411524479
20.0,90.0,70.0,0.0,1.9631117116865824,1.9496956130172385,1.95726023156214,-2.2904197342905177,-2.3053074537488363,-2.2967994330763304,1.9567709629072254,1.9565088039314524,1.9585077394515642,22.196233729687858,22.196570881319474,22.18936759762313,22.06482504826018,-0.4817052615996816,0.20746045791083415,0.8999255716808632,0.3139210799738307,0.3137768970369713,0.3136724336313163,0.24681106267455613,0.24703880485662277,0.24705743256515317
0.0,20.0,50.0,0.0,0.6060270928050364,0.6017661189321916,0.6036924895098028,-2.6032452153522736,-2.625615534180367,-2.6125923015705057,0.6034869340450659,0.6022520737945063,0.6057828034770335,14.676614579936109,14.676878436594826,14.681772860989732,14.657473437470152,-0.5234436852284433,0.000998547219984829,0.16848194028967214,0.18636204704752796,0.18660865066030227,0.18634765251808688,0.07537763891244212,0.07567725092152293,0.0758209525631617
90.0,0.0,50.0,0.0,2.102162551298237,2.097466126973592,2.0999595633558363,-0.4213272109051041,-0.445539957922592,-0.42787029552699973,2.099845441963757,2.1004327814144146,2.0994814434331035,12.199100951047184,12.200667322812619,12.197439892446337,12.191375108095173,-0.30973459036525025,0.4077230271484613,0.04013818371837545,0.128417144953472,0.12853974545014862,0.1284429348013006,0.26681738434026964,0.2667777259785524,0.26670088012191534
90.0,20.0,120.0,30.0,1.600365734883039,1.5760919369534476,1.5826134363989766,-0.5444131758466605,-0.5551836969360417,-0.5496954990335885,1.5838151759772015,1.5832840010526232,1.582037607965567,33.276506841411106,33.268394968479505,33.26991337665149,33.14012692736642,0.07204704652731334,0.9056635381278566,0.20147100468475443,0.3873045410597365,0.38724809053679093,0.38747859716878713,0.20074485099188824,0.20054095020180243,0.20062355821782876
100.0,0.0,100.0,30.0,1.676938634649588,1.6729224159762344,1.6756211986670055,-0.0734251258205469,-0.0792492338920587,-0.07669172469370822,1.6760794507056862,1.676265068061814,1.6750621927554912,26.539688652272133,26.536288640794716,26.529162250939848,26.501629666824027,0.08625901215992114,0.7203130869291267,-0.13944039025235427,0.2877527319388673,0.2875339405625147,0.28766728085712323,0.21334881396011132,0.2132168769836476,0.21319592255836164
0.0,20.0,50.0,60.0,0.6077069146144538,0.5976326256764126,0.6020350238409079,-1.557625938701582,-1.6247665978732324,-1.5804529901745719,0.6018275484499528,0.6022188765139473,0.6025499198752451,14.678908799735309,14.67872108294409,14.67595590549807,14.65526134267858,0.5228229547574251,-0.0012890724008457843,0.16791326640064488,0.18654587079316143,0.1862019066712856,0.186324202341639,0.07537566322770252,0.07546248264703588,0.07540943940517729
0.0,50.0,40.0,-60.0,1.2204590511708313,1.2150276098518205,1.2171309798620433,2.73878501952507,2.6178738350622277,2.64823548026532,1.2162986223519707,1.2178105188591755,1.217420267496866,12.853841671354163,12.86640538135714,12.86412416452636,12.831532883142552,-1.5668888004908375,0.008018017984232283,0.3401862739149963,0.1855742655686293,0.18561199900682923,0.18564938365753206,0.15353950689757975,0.15367967247589565,0.15349166657629018
0.0,90.0,50.0,120.0,0.7427638425344261,0.5829698457940224,0.7112069613657964,1.1559866950874356,0.8582999173752053,1.0936401483568008,0.7152738137414387,0.7146814081396732,0.7143548204966788,13.735696492705143,13.743241996891866,13.735824979303999,13.738951238077682,1.6488826533186822,0.1680481581930611,0.028591401442700726,0.15847622351566887,0.15866502369960936,0.15848697276367046,0.09072508528331563,0.09060508398112281,0.0906776382278423
0.0,20.0,120.0,0.0,0.3596604143620304,0.3462277764505484,0.35302379214969043,-2.573293889085069,-2.611140836570202,-2.590475235658322,0.35340098867479613,0.3564558298296376,0.35816449209345297,33.64650505496845,33.640992145557746,33.639708074384366,33.51768423211532,-0.5232549431778872,0.007163427147472026,0.19994903506256462,0.3942127538588325,0.39443028698352295,0.39417881849020797,0.042600119918367305,0.043187616864857635,0.042794077038979215
90.0,20.0,40.0,30.0,2.106929778667836,2.1005888307287264,2.1033161008127825,0.0186776748237226,-0.0927816607358137,-0.012424673255252757,2.1037899314197435,2.1028889165122173,2.103000673922939,9.856221553460772,9.855296057404532,9.854703369269833,9.850677077920851,0.28550997137091966,0.35019531475298454,0.1363325582806374,0.11757143647222651,0.11757091110468437,0.11767755760482665,0.2670425684244274,0.2669357742553966,0.26705252729762163
0.0,20.0,10.0,120.0,0.916544187110824,0.743078316907766,0.8258164193211023,-0.9344227102292294,-1.795512240011491,-1.321751582974237,0.8509384584231431,0.8573889098162779,0.8528214114977082,4.033286481594131,4.0421982717131915,4.024449492344698,3.716877011312148,1.328310963339663,-0.027096464890541905,0.0838102026914063,0.07516860697073686,0.07549622339294251,0.0756555168899345,0.10818793366784067,0.10840249805504747,0.10760448556181255
20.0,0.0,80.0,60.0,0.43295520542911,0.4230109401357422,0.4295100565978124,-0.0955313273796297,-0.1248743359146379,-0.10861769079845712,0.42944476017189076,0.43145497134042876,0.4287058661264231,22.091331648156554,22.094799577786247,22.097515096007903,22.074207550317386,0.5527810199901851,0.16280562000930482,0.02709121690526825,0.25355914282142994,0.25358515384934743,0.2535767858962767,0.054509503710563935,0.0544169898367734,0.054167824594816484
0.0,50.0,100.0,-30.0,0.9418320771485628,0.924526115782178,0.9324812005449448,3.141366936507283,-3.141461470877317,-2.7641201054205427,0.934275112699545,0.9300680589831922,0.9353152809015753,29.015376038066183,29.02240140575792,29.017641161983075,28.893579483073545,-1.0469524396680285,0.005041304012970578,0.5000347912183594,0.36005183049887957,0.3601172417531037,0.3601715016885412,0.11620050512185418,0.11635165344753373,0.11686279227603907
20.0,20.0,0.0,60.0,1.028845910097925,0.898056990598309,0.9654687837838207,-0.7486090037777038,-1.588379359463635,-1.167023477408104,0.9861096727086873,0.9916712034833506,0.9897610400986772,1.8909708384228325,1.9170376338087638,1.8757899441924326,1.4673299515913578,0.9230749765062828,0.0005540628654242648,0.07644178920905596,0.05752065371032243,0.05809847825942544,0.05804498332694065,0.1253048192160514,0.12579227532678294,0.1250871006839391
20.0,90.0,30.0,-30.0,2.016779206464224,2.008380904647296,2.011497155686099,-2.667536234950751,-2.72510614566682,-2.707273866674897,2.011234640963639,2.0115649449771915,2.011387035425565,11.117050983989774,11.119759685036302,11.115843909755693,11.076956304947123,-0.9323619320538654,0.12221598800441645,0.5617254346108301,0.18926586800586984,0.18920758011962405,0.18909382486460385,0.25450015769244777,0.25452746554780026,0.2544826483759555
0.0,90.0,60.0,60.0,1.618191260682472,1.607788448977821,1.6139099138375235,-1.272384997860134,-1.324588518525271,-1.283582651514172,1.6137183307408953,1.6141682307689607,1.6143647596479842,18.90270944969064,18.892975207205662,18.89748105760467,18.843570314267133,0.5598633145677252,0.1311381097606495,0.6329738987586907,0.26576376802378476,0.2657286847566169,0.26597623017020455,0.20352385314114324,0.20360522959016947,0.20355055545620143
100.0,0.0,80.0,0.0,1.9904520582567933,1.9863272059786163,1.9885762297584337,-0.6874556749207832,-0.6906497420149796,-0.6887442593774044,1.9892957166982828,1.9878501106881068,1.988695074073574,21.15801128694392,21.15722374677719,21.156420482423833,21.13566146246308,-0.390095308486175,0.7101027920928011,0.027588431696847975,0.2351201842003101,0.23507232422774016,0.2349177258815925,0.25261659134599806,0.25255503122308137,0.25273180267392853
20.0,20.0,30.0,30.0,0.842050678841237,0.8137058617054964,0.8343580723260202,-1.258434257699792,-1.398772961686252,-1.3048770104738603,0.8340832494533581,0.835520617378842,0.8353628669298017,9.195837228494776,9.192912448445966,9.195470810030479,9.18133734185602,0.09732281404960236,0.08447234818803565,0.13499913484943854,0.1268979191324118,0.1268370401703771,0.1268935495651059,0.10542594345864939,0.10559183932810752,0.10541021980976557
50.0,20.0,60.0,60.0,1.2101083724317665,1.189581016465591,1.2055179217936784,-0.1969197548705201,-0.2347821742206943,-0.2051705812843521,1.2064116562568334,1.206040319060966,1.2052352228761143,16.990210093375598,16.98707014001959,16.99354194630856,16.964211694412953,0.628741221408448,0.33729807242926524,0.17638807372967433,0.20854765819838403,0.2084992170000724,0.208680161657491,0.1527410265100677,0.15259029624223486,0.15264948666326414
50.0,50.0,60.0,-30.0,1.501975366217064,1.4954885449794486,1.497253192009843,-2.1335873034165638,-2.149203724218296,-2.145474582356811,1.4970642106939862,1.4974113608046076,1.497111077151435,17.86122474535327,17.85962546498293,17.855000641564263,17.827867856412393,-0.9408288538660119,0.3598107438764115,0.39686873720199606,0.2366594582301219,0.23664309420582236,0.2364110480607818,0.1892293396061369,0.18923127027736153,0.18917529013808887
0.0,50.0,110.0,60.0,0.8738344356215647,0.8540579617775674,0.8661039113530922,-1.4998538161016115,-1.5632087255076306,-1.5490131108985548,0.8670347870669017,0.8666797595130663,0.8685271680430345,31.673840471934056,31.67193396116996,31.685563884736844,31.541937514676057,0.5243430022088427,0.012201910317345051,0.49873792106351716,0.38861253029393195,0.38826771359195456,0.3887627764649775,0.107791505953409,0.10796363516298775,0.10800972118979896
100.0,0.0,0.0,120.0,2.115517710588889,2.100272074052899,2.106889636692973,3.138001066485657,-3.1392620674357183,0.05732828824318029,2.106323822438738,2.108170791264609,2.1081903471689416,3.259088505745051,3.2545722613238444,3.256827675389317,3.22860429374986,-1.1223553507936659,0.001087760444834863,0.33755110806089755,0.10622403317919489,0.10609607795342103,0.1062872486692559,0.2671127912721664,0.26735127191228014,0.2671099584279241
0.0,90.0,10.0,-30.0,2.1191683185099377,2.103821849136656,2.111335720912634,-2.841366272472305,-3.0137034179476725,-2.939937405279723,2.1113818771888067,2.111647893957438,2.111044000973586,5.929974050158958,5.930217398023546,5.933037860703509,5.903556152569906,-0.9404737465559184,0.02148074300267025,0.43131968496919815,0.13515963950609655,0.13522358745439056,0.13516416278463483,0.2675258063797659,0.2674835379979795,0.26746165800884714
50.0,50.0,30.0,-30.0,1.722943095836394,1.7171264862347246,1.7196143473406813,-1.814370172788384,-1.8275285005932616,-1.8220795649713242,1.718687912888561,1.720931818110858,1.7192390582449792,9.258017286939085,9.263124716605835,9.256976857134541,9.248498609182704,-0.7720589418180865,0.2384189545432376,0.2815668332481066,0.14150579294079654,0.14156950680018573,0.14139220384109594,0.21791021799971663,0.2179820904107489,0.21769648363303895
50.0,50.0,90.0,60.0,1.4556026735206562,1.4241013246411065,1.4383873278121617,-0.6031312131991445,-0.6202125294219372,-0.6107261103432969,1.4381554290770349,1.4399841398454343,1.4370228122081656,26.164521731805795,26.15703321216064,26.160553217432422,26.048372397384533,0.5917456128115421,0.5059807704045458,0.5013138346313759,0.3288942854622911,0.32894530269398703,0.32908494986447395,0.18165954553508804,0.18150646148660737,0.18129470287690216
50.0,50.0,40.0,60.0,1.62761319227169,1.5867925097652893,1.6162072617304664,-0.4306138467201655,-0.5648890359100164,-0.46610302036671303,1.616981586392771,1.617505341684253,1.616494560385619,12.321626576673786,12.316898040999591,12.326141939254759,12.293192168486025,0.7015865450946791,0.27487697564646535,0.3326242650240876,0.17660283581930272,0.17663676206797443,0.17677662954940462,0.2047299151892758,0.20466170427675234,0.20460345326632395
0.0,90.0,90.0,120.0,1.6529427680359003,1.518626844136001,1.6336053119567562,-0.3732753231005488,-0.5178517447346156,-0.49128676505676355,1.6361403042558755,1.6358741298885395,1.6367857574030438,27.348090760194953,27.356282932682504,27.346621155389816,27.19951279099872,1.5733626068220068,0.026080333274737594,0.8877295981815132,0.3637183012911342,0.36390940096101543,0.36385713242112316,0.20570074311848113,0.20580124943085673,0.20582838642785978
20.0,90.0,100.0,0.0,1.5872225940476683,1.5743974372129463,1.5804696792347794,-2.3306895644250893,-2.345490816545665,-2.3386769991171605,1.5794850647500072,1.5809294483086838,1.5822422396964688,29.964203378821296,29.965178041754378,29.942534978168514,29.786362364818746,-0.5017781734911657,0.20965229440662167,0.9000754935201492,0.3909216345825523,0.39073681974435737,0.3904978522304693,0.1985197965994478,0.19889011233320816,0.1986889849360273
0.0,90.0,60.0,30.0,1.7309467951635376,1.7272261536521392,1.729257693710962,-2.093983142393007,-2.104670186435008,-2.098058387778718,1.7295173259307703,1.7289992778069274,1.7295270445812796,19.165415500996552,19.169229187726767,19.162312583476034,19.102351329839433,-0.0009107413740540805,-0.0007018542230665264,0.7134621233965424,0.2738889990946893,0.2741008185415579,0.27399614706951025,0.21810495734627147,0.21812324751654882,0.21819521247556847
90.0,20.0,20.0,-60.0,2.250635239501499,1.985116302650881,2.095826699069998,2.7948435724657306,-0.4122851275998181,0.7693124397776826,2.0949938759091715,2.097678565937267,2.095697115595709,5.834513670866812,5.828549288875004,5.848750724451001,5.206216668961331,-1.9764301779744526,-0.11154608769030568,0.2782802342935178,0.11104304434563392,0.11097337023949555,0.11145262678300485,0.2658859946693554,0.2659623086216188,0.26563241868723747
0.0,100.0,60.0,60.0,1.686176439778024,1.675645938234248,1.6829337341494293,-1.2121139528561862,-1.2626103529013857,-1.2235280842377427,1.6828727266397676,1.6832178349258442,1.6834507630052173,18.966206385992635,18.9579066003147,18.95513846615049,18.903579253999382,0.5689871109952536,0.16423133588302133,0.659950793567627,0.26815622023356334,0.267982982435121,0.26804410922856886,0.2123085575570375,0.21239512694096271,0.21233921502716618
20.0,90.0,80.0,0.0,1.822891254569488,1.8090913652326897,1.8163192317573102,-2.3121320286772904,-2.319756026233601,-2.31550062966679,1.8155304853295202,1.8147820119692086,1.8198088333166331,24.766836296984756,24.758799410816692,24.762473708357195,24.621018700039592,-0.4907424138222831,0.20788893775483425,0.8999764586112772,0.33828622657176244,0.338066080710827,0.3383926546610819,0.22855290949668253,0.22906357542984104,0.22915284433128755
0.0,100.0,40.0,30.0,2.038552051835489,2.0346948125121984,2.0364531197997526,-2.0869328471607798,-2.109871095241011,-2.095258416980152,2.036307858738543,2.036010118286587,2.0372098789230844,14.12081188700047,14.120121320944204,14.116691905367965,14.069178522594363,-0.0008246356131895191,0.0007248372415371416,0.6957882720566303,0.22618104510145093,0.22610149888139128,0.22590731049457127,0.2573493949083842,0.2574752712124159,0.25751153247351016
20.0,90.0,120.0,0.0,1.4011303415724006,1.3821620448887677,1.3925215222662528,-2.3496838027655693,-2.358156637939249,-2.354109872537598,1.3920026057486936,1.3983906925293481,1.3922834898090273,35.18615409461782,35.191343619587364,35.18322288760722,35.013342172353276,-0.508153476588632,0.20974456410881068,0.8992399611306735,0.4442418475006499,0.4446507556893731,0.4440099940374827,0.17488178346594185,0.17490581216660878,0.1741534835387191
50.0,50.0,40.0,120.0,1.629372342538435,1.5559497465163974,1.6090923436704474,0.6131151325208049,0.3590715471858867,0.5473706257752725,1.6113135318344016,1.6092219831763521,1.6106378636034837,12.369319185180483,12.378874722819518,12.374034851530455,12.349394385358357,1.743966625653719,0.2680353561863825,0.33946597643618537,0.17794252647306089,0.17806513889011483,0.1779249160154766,0.20378453543458488,0.20370422561319818,0.2039659267983225
90.0,20.0,40.0,-30.0,2.1063153328371014,2.1006275152513245,2.1026506883330005,-1.0265343754534246,-1.0413379806685394,-1.0306719010302978,2.102571009152416,2.1029205946486997,2.1024011632670554,9.769996320924143,9.772933968616154,9.773459947116692,9.761559560157117,-0.7639782013754071,0.34406272917019,0.12530236406216255,0.11492543884046591,0.1149443670625701,0.11490660217888098,0.26697959038800523,0.26696846174093136,0.2669163468023474
90.0,20.0,60.0,0.0,2.082100875460108,2.072304184324758,2.0793595182904236,-0.7823765916524696,-0.7959747894562791,-0.7861659744436235,2.0786837537396337,2.0801012534303656,2.079921027587517,16.010927237091963,16.009530287467072,16.004441343249585,15.984318360499149,-0.33258576360999315,0.5746434246211902,0.16912038925987882,0.19000108394366205,0.18996434715093902,0.18987159270082765,0.26388034516341663,0.2640435867094492,0.2638555112429014
0.0,100.0,100.0,-30.0,1.685812878634669,1.6712809373218689,1.679433044828967,-3.120181394911589,-3.1415101941338404,-3.1307191593831636,1.6827028613256718,1.6788688128716855,1.6773415160363359,30.213778634211703,30.2215531897888,30.203847173259362,30.0176766859996,-1.0465514405950918,0.011087923509493072,1.000151412466246,0.3984035017726992,0.39804472844533584,0.39822710533512695,0.21144748422891765,0.21078445273400798,0.2112521258209644
20.0,0.0,100.0,60.0,0.4538455493999365,0.4219475365514218,0.43352774112147724,0.0731850498711839,0.0153695205809229,0.03665623523976367,0.43159253821941534,0.4345402389301649,0.43470942743306906,27.514296163257537,27.509356489993586,27.51516110010706,27.474772830378235,0.5473959234487671,0.2067633735442987,-0.00047363835329224433,0.3130911150306981,0.3132619700271387,0.313418744408455,0.05495781975939805,0.055350967858349066,0.054973975615795694
0.0,90.0,40.0,60.0,1.8838347277218923,1.8771603897955207,1.880048954184518,-1.5761243542474983,-1.5970619233657015,-1.580924660768138,1.8789092171875286,1.8810370172175341,1.8803647151440708,13.889635053058228,13.88686817612315,13.892703329512589,13.840112193204837,0.5210254024910066,-0.00284072411810628,0.6190104174179719,0.21808586353614118,0.21801949818448618,0.21801610605274027,0.23757237057749658,0.23776981599799726,0.23749808761302874
50.0,50.0,100.0,-30.0,1.3283520574997918,1.309171390453476,1.3213752717154172,-2.205449852008081,-2.219319791425694,-2.2130523561421693,1.3234590403444202,1.3207640290655525,1.322730240796775,28.860181563233642,28.860237586744994,28.855453773696993,28.729320471186483,-0.9917391792580599,0.5051080959415086,0.4987838541566325,0.35727621815849614,0.35732366686710587,0.3571252152652935,0.16647888206507405,0.16640395591737578,0.16673645794100336
0.0,90.0,0.0,0.0,2.115082308597722,2.100889464362548,2.107771079601518,-2.5626520662625434,-2.594491633401232,-2.5764652576158444,2.108768359553128,2.1079293414293114,2.1071239480594666,3.212789112492876,3.214529323162375,3.2097725968789192,3.182849963051031,-0.48499534139781103,0.0010735189888186748,0.33272227303943885,0.10473621349201848,0.10455448131237566,0.10458682723616564,0.26733917464393314,0.26713493893736623,0.2672401883385095
0.0,50.0,120.0,-30.0,0.8192587677194456,0.8040020176804238,0.8105730084564033,3.1410835099412764,-3.141553671671487,-2.830573777041786,0.811981190955169,0.8112307254471186,0.8105603917672944,34.37447508372091,34.391102915174784,34.37090859379283,34.204150932251004,-1.0468035590804654,0.008908293864279538,0.5001714480033714,0.41790454361726864,0.41765020725867885,0.4178558495531313,0.10081188416163306,0.10061700857576046,0.10070628172891322
90.0,20.0,90.0,30.0,1.725728853701038,1.7200109567863775,1.724006681868247,-0.3048816716223803,-0.3134689985892709,-0.30892647098501,1.7254448149856854,1.724697223626028,1.7224160027278428,24.376450517259766,24.36204557327554,24.356806613645364,24.326863248064605,0.10474173119050775,0.7226625052825939,0.0606236533355065,0.2768945547464069,0.27684535610178496,0.27708868097123285,0.21915783573348813,0.21877028958203804,0.21889304764330128
50.0,50.0,80.0,0.0,1.3876190525508214,1.381685325350819,1.3847255702113328,-1.663016959977858,-1.6675447150216396,-1.6651082347064297,1.3848333978885192,1.383833480227355,1.3856849637257609,23.328367463601385,23.326366502590883,23.32512940112002,23.267718211887033,-0.45049437908306994,0.4308589900605368,0.44351415635306807,0.29607885925069466,0.2961122329544829,0.2962277326369875,0.17461187061938618,0.174714676475307,0.17485111217104307
90.0,0.0,20.0,-30.0,2.258831047244649,2.050250353715091,2.09965515253855,2.8689369228935826,0.1312372182051654,1.0796154872999093,2.1007529477216367,2.103651216071765,2.10225847396097,5.36724613945743,5.378051296455165,5.391705916913387,4.787037205123171,-1.4900615838524365,-0.12031154893740469,0.24997287318255154,0.10225464349816626,0.10251878856207161,0.10283145537669451,0.2666679765119236,0.26685665936351505,0.26648251539110035
90.0,20.0,90.0,0.0,1.857691326540992,1.8539747427445843,1.8555913914628166,-0.9724359348364894,-0.9741269125195238,-0.973168834280453,1.8554038341586883,1.8554474824641805,1.8561043772040948,24.751549601309467,24.741272080341535,24.7367999606929,24.69917187984025,-0.41029690740744623,0.7941179866335022,0.19409077145191914,0.29042529261287625,0.2902585241185152,0.29039501372281445,0.2353215863177832,0.23540766056292728,0.23541450225863983
50.0,20.0,20.0,120.0,1.432229189288922,1.276615134559309,1.3707126532839926,1.3409383794951195,0.4749655896925968,1.015114802541432,1.3730751612554875,1.3722969514877315,1.3764591939729653,5.917564926064241,5.920987883035269,5.914766489162547,5.914227077193521,1.922478332460499,0.12655675067482186,0.14521212681473666,0.09363142059695004,0.09368600821830453,0.0935049584799395,0.1738724641800032,0.17430743154090897,0.17439474172952937
20.0,90.0,90.0,0.0,1.6987139576057233,1.68569661137277,1.6917888669693038,-2.324425582507424,-2.3332653285211187,-2.3279096815070894,1.6921876020839681,1.6934280626676488,1.6918314189046069,27.340005209878676,27.348694511977357,27.348464913499477,27.19630173829154,-0.49702426302293656,0.2094437093416462,0.8999465442729555,0.36403754074417005,0.3641638293397369,0.36410124588463344,0.21304666507062842,0.21298470337306535,0.21285341895020385
20.0,20.0,90.0,-30.0,0.6326619209504389,0.6218468334335697,0.6264950123781662,-2.274930417666284,-2.300193111580166,-2.2884291158941927,0.6268483984951582,0.6272111709557114,0.6264698155121109,25.416003897473683,25.422683795271574,25.41362612089395,25.3728890838448,-1.019204600148322,0.20291217876356407,0.19958468926373496,0.303446252476608,0.30366899877152287,0.30352894270016095,0.07843409922762345,0.07839123411306115,0.07834499337987631
20.0,20.0,90.0,30.0,0.635321504038819,0.6097087219227906,0.6286317768208058,-1.2225545707332133,-1.2521627797256687,-1.2372183414971845,0.6295856488849372,0.628562222728169,0.629772247693438,25.421022078332538,25.410632517157204,25.41920910617334,25.372292907089687,0.028189065823719602,0.20399468145475436,0.1994701038986328,0.30360661500692654,0.3034605585644435,0.30341663851985556,0.07865424496541018,0.07867218160285881,0.0787989161257756
0.0,20.0,120.0,-60.0,0.3626226002431028,0.3457937583151726,0.3533588927695468,2.6861659477685014,2.599911552284756,2.6591831850471674,0.35665514978899826,0.3546789212998468,0.3577872994563509,33.62876640950026,33.64163228215921,33.63820776796023,33.51777012100248,-1.5702257926158123,0.009703455253349206,0.20002492080709725,0.39397754247363603,0.3943288572700912,0.3942726446364196,0.042722023639105704,0.04288601453966485,0.04312711607339847
50.0,0.0,70.0,-60.0,1.1262610865799705,1.11062856840266,1.1139717338721165,-1.9278319172829987,-1.9499345525212144,-1.944688730348476,1.1137122934916106,1.1141084707025417,1.1135773034795218,19.085984185872835,19.103028674729096,19.097179182459662,19.070409452623956,-1.4834808486802533,0.3674217574793443,0.034423330085966465,0.218065630973382,0.2182884501024842,0.21810969514561562,0.14143549794084126,0.14142422693026985,0.1413605337350085
90.0,20.0,0.0,30.0,2.1092473841716064,2.1048500079453163,2.107180869189999,3.1399191914736853,-3.137597688034215,0.50647081798129,2.107492532292178,2.107479028550021,2.1089455449268955,3.2632691909250835,3.2606735925328687,3.2608348017291022,3.2268619641402685,-1.489680606858057,0.0010729111244041209,0.3374066151622286,0.10607844450808632,0.10607335901116903,0.10598056884731419,0.26709314170925114,0.2672827602971502,0.26728201909014426
50.0,50.0,70.0,-30.0,1.4408120818282089,1.4349961238775295,1.4367776525095932,-2.1738659716675746,-2.185124475827015,-2.181993359272503,1.4365903405769287,1.4368475722526344,1.4370195253837075,20.619696875809822,20.618409178680672,20.607950366988618,20.567733328032148,-0.9609485794086846,0.3930226249429213,0.42492599465843495,0.2668251461480552,0.2670555543042522,0.267079720696862,0.18138941184490237,0.18144286398562337,0.18141895156675866
20.0,0.0,0.0,-30.0,0.7061190094217581,0.4705143310372723,0.5938132433528518,-0.1771359287378472,-1.1340726976971531,-0.6671730927333944,0.7321359077443643,0.7316519364162665,0.7316517289534747,1.927383349434486,1.9305793778583378,1.9357696630744397,0.9284472301684932,1.4143191503825552,0.0004733043325337444,0.05568956021427769,0.06040698922751387,0.060459082266853696,0.0605765283453658,0.0926022261938099,0.09254849880898401,0.0926227910164054
50.0,50.0,50.0,30.0,1.5539943949544957,1.5390871885641546,1.549894727098009,-1.0408642202714415,-1.0814347201622636,-1.0515439839062073,1.548974619056546,1.5510967416652148,1.5503889795837957,15.095667060101848,15.090433522747032,15.093770101646005,15.065297736269674,0.13431690536211963,0.3190912329338664,0.36341156721216666,0.2064092137269492,0.2063313783726877,0.20635762668474364,0.1960413381626236,0.19621085897225848,0.1959480353700562
90.0,20.0,10.0,0.0,2.120898625685383,2.095519990377249,2.1056454366403137,3.138332815377518,-3.137448540777556,1.0257049254231745,2.1071511497928914,2.1053667250255685,2.1073250477187493,3.954422550110394,3.967111701739673,3.959411580258724,3.307660666998009,-1.2035443747815768,-0.0561212967166916,0.31288972400816484,0.10539833789050126,0.1055512881960226,0.10537348977013233,0.2669845023409006,0.2670117200594339,0.26722456245580967
20.0,20.0,30.0,-60.0,0.8818748604215038,0.8456035839013557,0.8574713499149018,-2.6088879839822807,-2.810047762789887,-2.747746599093307,0.8570594611861303,0.8568599289530172,0.8572504005338204,9.106686201845084,9.107490293288665,9.10608760416304,9.093696495920256,-1.457929243377222,0.0975826768345954,0.12798288860470416,0.12467158762247374,0.12463125304158476,0.12465700599907763,0.10830457567222311,0.10832777105629461,0.10834890715669046
20.0,50.0,90.0,0.0,1.0919275260746464,1.077863145551346,1.0862861635433427,-2.155204098740707,-2.1811768184350906,-2.167591242455404,1.0880919305531036,1.08451400808124,1.0866519146314568,26.34315286594967,26.338934624552756,26.337269756215793,26.225389354233783,-0.4965371952778994,0.20365197613270686,0.5000157121924234,0.33218946996350834,0.332082315027559,0.332077053863362,0.13628528362848635,0.13612051988220564,0.13655458121688754
0.0,20.0,80.0,60.0,0.480692565234137,0.4711378401322367,0.4758334019585858,-1.5433983639774744,-1.6027011773710096,-1.575314573414332,0.47721656643102317,0.4763807499381321,0.47612743730773804,22.746667613286785,22.737176528300427,22.745864022178736,22.71020819986475,0.5233627142438436,-0.00048764327667085404,0.1929376812288702,0.2739286533044418,0.27383924860656644,0.27411036405663886,0.058967338152163006,0.05881248034646769,0.058920921150581104
100.0,0.0,30.0,-30.0,2.1288404482053176,2.045301575420374,2.0879936955729237,-0.1094996695985496,-0.44507360637792,-0.2755019685637184,2.1060124890045517,2.1051407606110697,2.1042643873303333,5.448746036115856,5.399501471420785,5.400392139454957,5.299527461223833,-0.8840658230377243,0.08348976678777068,0.051262371359370236,0.04471488386475099,0.045211078179230736,0.04559835128890185,0.2674912597215692,0.2673123571525613,0.26735913593830574
20.0,20.0,70.0,0.0,0.6632915183084248,0.6599648451526055,0.6617712281360494,-1.8517447567168943,-1.8680923342342597,-1.8578454538764826,0.6618680641602638,0.663406643251003,0.6605395385244618,20.001542938540037,20.00267619379332,19.992534016746017,19.98035126758519,-0.48926849122838706,0.15228416619616458,0.18853545651451875,0.24402554399579487,0.24394483545041,0.2438407688398971,0.08317401751554858,0.08298891565255821,0.08280012974526184
20.0,50.0,10.0,120.0,1.5056832027628575,1.462954676691043,1.475530655025684,-0.1090713784756697,-0.9778014593073432,-0.4828627772256498,1.4770742530613645,1.4771280395620592,1.4717125887712097,4.993825688621411,5.002885826606505,4.9999614210039,4.955863243519402,1.5876998073705781,0.0021372626466242602,0.22980174283009083,0.10402541148893232,0.10435042336443359,0.10419955609437412,0.18731913638725006,0.18662361257272803,0.18661139371333405
20.0,90.0,90.0,30.0,1.701222606025253,1.6892441500674222,1.694550003439984,-1.790463745701896,-1.800662947784131,-1.7961999160825792,1.6937710233882994,1.6944712464993292,1.697169366902751,27.35843973780088,27.34476204977675,27.34570892496947,27.19467644886221,0.027347620419817774,0.21544344004732302,0.9000587276035363,0.3640470188921075,0.36404111948460777,0.3640769692335335,0.2130539257487197,0.21347659959564405,0.2133777952918786
100.0,0.0,10.0,-60.0,2.123044193767543,2.081832260089791,2.1011133148819394,3.138265275039166,-3.1379104831042697,0.07788682392206299,2.09986124559909,2.102290216429569,2.105238986789568,5.130816900512664,5.133067269057,5.134714411835403,5.037985771685725,-1.4559285051387754,0.008770229964895276,0.3785650488919002,0.12283322277717375,0.12276985663802034,0.12279630284649984,0.2660967562410497,0.2667880158457006,0.26646626136897
0.0,50.0,90.0,30.0,1.0131026042078697,0.9964027872153216,1.0062895420842648,-2.0264528540060773,-2.0909464565886835,-2.0700076920345034,1.006558269472216,1.0058478295488578,1.0070913328624873,26.372529578046414,26.364148173638384,26.358470734660543,26.256277668844152,0.0012203564561597752,0.011805901808999816,0.49932540607875064,0.3325231440210064,0.33243154722479595,0.33234416818658336,0.1259242034751024,0.1260011875724282,0.12607094750646647
0.0,90.0,60.0,-60.0,1.744394927780868,1.7407529879481258,1.7427364743274483,2.6493601718942337,2.6164338335810724,2.6236743291878626,1.7428556078833306,1.7421208531265755,1.7434652967641484,19.1728232720327,19.188759318769645,19.192770821717286,19.122131956937743,-1.5704256443941473,0.004383552053213547,0.7207517710596826,0.27431790729524375,0.27483647872152167,0.2746923130975947,0.21974666566380785,0.2198352614718236,0.21995023460449897
0.0,20.0,100.0,-30.0,0.4168925705468274,0.4050382182206939,0.41031548197866025,3.14139943685083,-3.141359974383668,-2.572276633060972,0.41008296935508176,0.41177401130676,0.4105240779121436,28.183545346859553,28.198633526576483,28.182562285107764,28.107355120462362,-1.0465432617737278,0.007015984485553902,0.20005861864841154,0.3341874512570482,0.3343209460402645,0.3341695214763972,0.050367814561402366,0.050429303927509224,0.05020707260645358
90.0,0.0,110.0,30.0,1.7861508299257836,1.7474350357399029,1.764441332220259,-0.2729167298331024,-0.2889326765118709,-0.2785116257662682,1.7638027702832364,1.7644110028386837,1.7644458019417968,29.802603973515534,29.78343259090013,29.7883393694279,29.71090238450915,0.0870849228673558,0.8978416195960954,0.0020916948956607403,0.3351056108307994,0.3350931593885352,0.33516141193758736,0.22419666830429183,0.22428022771636574,0.22420704558794996
90.0,0.0,120.0,60.0,1.670745215226045,1.629230347129321,1.6418167223742033,0.2112023349490218,0.1904710023037381,0.20445688855863664,1.6391140041973524,1.6436625632978046,1.642954793676778,32.69552297405051,32.68422730667255,32.69630643999065,32.57953401788321,0.5981541709656952,0.9201766478833711,0.0028773768651215205,0.3688690479666435,0.36875547522537866,0.36909108678901165,0.208485853320558,0.20894221195577153,0.20838196345915808
0.0,100.0,110.0,60.0,1.6205126316069147,1.6009485265884704,1.611354922868994,-1.3058058244641677,-1.3252595121289874,-1.320193693012493,1.609884960288485,1.612377982829212,1.6140388919804332,32.782162780977934,32.7750668806017,32.780467526575926,32.59231079891982,0.5418505788058209,0.21193689211790262,1.0000362625370778,0.42379739777271136,0.42368393827381745,0.42415174579689374,0.202214131009809,0.20271298090512982,0.2024168926471725
50.0,20.0,70.0,-60.0,1.180635505509798,1.1670970429162628,1.169998380096015,-2.307076122306313,-2.3287746853395235,-2.3242843042795918,1.1689260776402466,1.1704548373751837,1.1701787942904989,19.74409645038016,19.75560621402127,19.75222132039264,19.72502417315813,-1.4836020928055715,0.38019821219589217,0.18754424805836567,0.23912952706947466,0.23931068125587604,0.2391518785683534,0.1479854775341567,0.1481467376137198,0.1479471706343106
20.0,20.0,10.0,30.0,0.9971006337759928,0.9081874266167616,0.9316779027461406,-0.7637108155046898,-1.484883012204892,-1.2225629320704314,0.9315735553021804,0.93382056751724,0.9341299063278748,3.8194641099538758,3.8156281656483015,3.82108849690825,3.803810735136692,0.28572630296430074,0.03360489638847034,0.09307140689747663,0.07084407891652705,0.0707639991284437,0.07091700479193418,0.11806854809592199,0.11837805346178162,0.11810368203182188
0.0,90.0,30.0,0.0,1.9640510526731727,1.960125271923547,1.9621127091742767,-2.6152704469149213,-2.6192249182273977,-2.616982254886623,1.9633957403764684,1.961652787674469,1.961419874112924,11.255567899895633,11.252628006249868,11.250446213874815,11.208650176758352,-0.524097691629612,0.0013167551709376783,0.5667522008064562,0.1912931323161833,0.19110943056840016,0.19111936809047703,0.24830149074589897,0.24805563438285658,0.24826258700335005
0.0,50.0,10.0,0.0,1.420127236283297,1.4118085294873264,1.4154651699411738,-2.6068591970728003,-2.624231947807514,-2.617130181527948,1.4123545591879216,1.4173890875219977,1.4173242349710546,4.921974829209771,4.916430235503524,4.918476189340116,4.8871467384884095,-0.5244487417776988,0.000589148511566848,0.21684823029712752,0.10197555098157714,0.10212758334793284,0.10230788196143067,0.17908047709882527,0.1797358257517468,0.17906360600720528
90.0,0.0,60.0,-30.0,2.1020321431197546,2.09769789632169,2.0997413112400154,-1.0581666973820658,-1.0649209415854517,-1.062779273174554,2.099804831261586,2.0999292398137364,2.0996534905811015,15.221597622122648,15.220147577278464,15.216482480804194,15.216618446255286,-0.8638770993388166,0.5246535048287487,0.03745706022440085,0.164629868321646,0.16466868404425208,0.16457678805731837,0.2667471142983477,0.2667273043191795,0.26671347782242266
100.0,0.0,70.0,-60.0,2.08101248050177,2.0642015941017866,2.0675494815312208,-1.6518774867033643,-1.6713390366087106,-1.6673293426692306,2.0668327714843797,2.0673839008705466,2.0679408798895773,18.20220921291658,18.21027682581033,18.206618473510055,18.18335805961268,-1.413757712084426,0.6278674537226435,0.03278143261141716,0.20014297865398326,0.20043585985745496,0.20019759232251444,0.2625589384313765,0.2627045412617119,0.2626185853038589
50.0,20.0,110.0,0.0,1.0016932916461871,0.9865291398620696,0.9942038996493168,-1.3010698706531154,-1.3192177937513592,-1.3093001727582274,0.9940802626673573,0.9979732928320932,0.992796993487042,30.7844245669969,30.78378425694828,30.770033682881717,30.662766723952522,-0.47640703569613596,0.5039991796799392,0.20001132684339812,0.361182305600062,0.36133902429433423,0.36117173154017396,0.12592425535001084,0.12574133850046484,0.1252791522577996
20.0,90.0,50.0,-60.0,1.863627762901469,1.85235544904226,1.8562692007566335,3.000459316137179,2.942021019300815,2.9549676608917266,1.8551034207641737,1.856446906525343,1.8572088302835794,16.467729385508857,16.469700837403213,16.47570358237448,16.415466459339275,-1.5148153760208383,0.1476819257820011,0.6715090925663795,0.24533294373171163,0.24571267364334526,0.24572735984793045,0.23433089643860078,0.2345900805765439,0.23443251819543312
90.0,20.0,30.0,60.0,2.109668577327315,2.0964319543098275,2.103190874708689,0.8929704977803934,0.5003015325480391,0.743466108117454,2.103655371244716,2.1014793625154122,2.104435664733274,6.5404583226399255,6.5466255497633155,6.5483332056993175,6.546105190749625,0.8874385548409224,0.2218290345138215,0.13177822230134803,0.0808077105404695,0.08098542881103074,0.08077603197598142,0.2668596259105278,0.2669629570284945,0.26723628805495925
90.0,20.0,10.0,30.0,2.1145293484100924,2.0958638808769785,2.104201375947663,3.1405483022202594,-3.136427917764661,1.289545549521763,2.1050476551541433,2.1054448799251033,2.104651411541577,3.158922652508697,3.168844863462023,3.1539078785578103,2.505717981940456,-0.5724674271063854,-0.04519345109058891,0.2827283114223681,0.09497917250945397,0.09519114824617551,0.09502475094458972,0.26698237815574855,0.2669356617185551,0.2668819070343736
20.0,0.0,70.0,120.0,0.4579660452079525,0.4243755025586953,0.44933710359965817,0.9181655608246088,0.8317764956014181,0.887907329078506,0.45110475369084263,0.44991456253763484,0.4500499561301301,19.380450713089417,19.39395376126451,19.38994116929081,19.365183119232107,1.6053578201849064,0.14777646562290955,0.03544670822112838,0.22401051092829488,0.2239533679538924,0.22396237121392215,0.05695569385961711,0.05681153981863834,0.05697663587804531
20.0,20.0,110.0,120.0,0.5584385260517628,0.5199707607860029,0.535540358287134,0.4220683085190633,0.2794226426338773,0.32115062034402636,0.5387428443358143,0.5350557216417857,0.5369487562051596,30.891410286437566,30.89643049414433,30.893589260373147,30.776685937849194,1.5903419219142987,0.2111851406206325,0.1978198548518275,0.36356134694772685,0.36343837751217717,0.36342426284503637,0.06672734329201037,0.06651746449009263,0.06696077020990439
20.0,90.0,20.0,-30.0,2.089141039810422,2.027658761128859,2.0659874356284536,-2.6612121650936333,-2.78331079161264,-2.7390663534404966,2.0797012360888845,2.07995706868307,2.0791944265102686,8.516845145375738,8.514438085904764,8.51525575158496,8.457069348840713,-0.9032687839845069,0.07831996014928136,0.5052693675397109,0.16317558481290145,0.16308616234814088,0.1630560839860204,0.2633625839312675,0.2632969003656533,0.26326221844310516
50.0,20.0,100.0,-30.0,1.099329090142894,1.063493012585759,1.0850119338354103,-1.7924127797034748,-1.809472829723355,-1.8010942636303415,1.0862641139386378,1.0850092392145971,1.0846462724903598,27.9974780774892,27.99506610871456,27.990031399026122,27.911549723599222,-0.9901311906113411,0.5037655106243017,0.19870218665913805,0.33051922134003925,0.3303793851219579,0.33036219325037186,0.13734086707850168,0.1371312095163875,0.13729890234289682
20.0,20.0,70.0,-30.0,0.6708882586242149,0.6650407414882474,0.6670725245809278,-2.3601070090980456,-2.390406017325578,-2.37752667340709,0.6681433655091547,0.6672624909129592,0.6660162265783588,20.006775021729478,20.00886156604519,19.999105325740373,19.983648087267095,-1.01245235839829,0.15418847148519713,0.1897108758704112,0.24409479098416745,0.24407698587230378,0.24401717682778112,0.08379843224844344,0.08351925417223809,0.08364781799187133
20.0,50.0,60.0,-60.0,1.1801845479199704,1.169550730924027,1.1736149481200275,3.102167554584179,3.0626105848903578,3.0721565737823355,1.1736290542418895,1.1730051750548374,1.1744119699803912,18.136892487767703,18.141472586259017,18.14603726273134,18.10366673460359,-1.5281145931431328,0.1479086521336493,0.4004885420495202,0.24163935097785513,0.24153498297812287,0.2414930273563586,0.14770870812239859,0.1478112067157687,0.14788768142502065
0.0,50.0,50.0,-60.0,1.160778843617892,1.1555381781644247,1.1578673441567338,2.684293275471802,2.614252225726057,2.6314732440960564,1.158772799406398,1.1572508441506422,1.1576119381392873,15.519894857187397,15.52795574894147,15.528595006368473,15.492132932652927,-1.569607147162375,0.004586186058193701,0.37289896394765915,0.21387000869314537,0.2139480657098895,0.21392038683986137,0.14590992569489472,0.14576393004142063,0.14595321334158698
50.0,20.0,90.0,120.0,0.8699271833345779,0.8543206639776236,0.8668980654264155,1.2170778381900298,1.1974492750225691,1.212344607974455,0.8670314018731836,0.8677598618701768,0.8669789857569772,24.597585130919832,24.603536262239743,24.60006208966086,24.563337916217726,1.6233813422564887,0.3667017403173691,-0.00994702632688721,0.2782770604036636,0.2783641015642433,0.2782283866743816,0.11027638694743234,0.11025218312590283,0.11017246862983408
50.0,50.0,0.0,-60.0,1.8093003207282263,1.8025179780407432,1.8060446030933777,1.0796797131338003,-0.6800456998126452,0.19998780714389527,1.8102371881694905,1.8033381036346845,1.8052457375185316,2.7809900069724565,2.7896544960106113,2.778469678034409,2.7484900525076754,2.1815526946205903,0.0008035998588616672,0.24604135655628448,0.09065860653200068,0.09102374702562867,0.09047368826874709,0.22914013892136306,0.22848949442310784,0.22936363292787376
20.0,90.0,20.0,120.0,4.4554196317780805,0.4753467299020761,1.9888429820267322,3.1344694648784017,-3.1312941751738235,0.8022075598929561,3.566408079353673,3.604666889900918,3.61729356820997,9.921634657448067,9.956862695401567,10.091059917523841,5.863252856404937,1.5463075410555818,0.06146656439191497,1.4105313148079437,0.28029601673587967,0.28282050705684186,0.27939212290058557,0.4525553442729882,0.4588256693940251,0.45411118387503724
0.0,90.0,110.0,120.0,1.4489662849490863,1.243813185307216,1.4281522782561664,-0.4301830926927805,-0.5233856855367158,-0.5026126651551079,1.4317058048092408,1.434457312190359,1.4297428799921583,32.56431021725836,32.57936033365446,32.57137577829576,32.383957023934215,1.5719230952615038,0.018413517949367526,0.8876673776028183,0.41677763401945866,0.4170123986986986,0.41690830848138166,0.17983798775815796,0.17959757627706355,0.17925437316973464
50.0,50.0,70.0,120.0,1.18104351154205,1.1435689315481217,1.1731860532031444,1.0569986657310555,1.0000115114295416,1.0455612008858863,1.1732044533183836,1.1741094773586052,1.1741012234995813,19.346798458248536,19.359960044250307,19.356567143707835,19.332830628991953,1.6625171112810748,0.39103554859505113,0.10071426394411723,0.22678153404564586,0.22713853081595672,0.22689411289685454,0.14878328162977783,0.14890318727015373,0.14878312339477784
90.0,0.0,60.0,0.0,2.1021323615513827,2.097677544857554,2.099829736872331,-0.5385657170749633,-0.5487253395454952,-0.5409607246240594,2.100269801355211,2.100304075519665,2.099011293639793,15.226666862811777,15.226224252208722,15.221499054243033,15.221858418875675,-0.34013929529716064,0.5253006285812292,0.038598590671516025,0.16480032165295389,0.1647901038353277,0.16480263060164274,0.26684220229030076,0.2666861627078509,0.26668097772627375
20.0,20.0,100.0,30.0,0.5930069696217499,0.5659555079812161,0.5785407305010273,-1.2224688424497758,-1.2787627941591082,-1.2493279739856582,0.5779907085720386,0.5784405350966801,0.5798549646027148,28.16637376011175,28.16283065339657,28.160882023722028,28.07489094986876,0.023199435390307114,0.2068501486834414,0.2001670195513858,0.3335951307513917,0.33358272011205947,0.3335515391520687,0.07210363096795286,0.07235874710402256,0.07227791539145641
20.0,0.0,70.0,60.0,0.4542136110390246,0.4390244341930128,0.4491262513159617,-0.1222751150316281,-0.1828893038088761,-0.1517946626493131,0.4500971362240684,0.4492776064770548,0.44965309177750534,19.38883308193521,19.376864789723736,19.384446588955907,19.360131860754922,0.5581929135277316,0.14802192090799937,0.03426374239200728,0.2237688717022939,0.2237903893601134,0.22382480341236832,0.05682879422863009,0.05678374948760887,0.05688807030092478
50.0,0.0,100.0,60.0,1.0853080987291888,1.0653325992167344,1.07269136680456,0.1586952783205338,0.1490590506671701,0.1544382207188238,1.073063428869694,1.072077362838553,1.0731508010964679,27.337396637655026,27.329369618030224,27.339856648933175,27.29145177125066,0.5822613709294435,0.5052600006991447,0.0011361348724809898,0.3099549792941371,0.30992507531545793,0.3098691152937855,0.13625724588874705,0.13627123303588615,0.13638715379514937
0.0,100.0,80.0,60.0,1.927695836798527,1.89606351927823,1.917924717995287,-1.5125779954325245,-1.5572499310210444,-1.5481880648443627,1.9188102392965805,1.9188624351761474,1.9186945115798941,25.034029991856393,25.029470357296137,25.03501072331159,24.88188210666628,0.5258673472547764,0.019325731502979667,0.9973550612888454,0.34637899433609876,0.3462647784868952,0.34648926463025226,0.24180106531180623,0.24176813154467466,0.24176800987432395
20.0,50.0,10.0,-60.0,1.5322244870085675,1.5161504251277125,1.5241877265946793,-2.3246723771363205,-2.416788993782089,-2.3734298069053623,1.5236818760178965,1.5246867948155813,1.524081720484278,4.06955723666599,4.074741831688537,4.075090064879307,4.046172823597914,-0.9929810261857118,0.07025005895058604,0.1934867586369771,0.08974754991263233,0.09002171161240993,0.0898696593880415,0.19318605833077232,0.19324248015021583,0.19311565293428276
90.0,0.0,40.0,-60.0,2.103905582431971,1.7326768934208945,2.08145211231871,-1.2087199771817645,-1.2935514665772347,-1.2324757029018527,2.0872070608896673,2.0880019270255947,2.0877851269494574,8.853437250010264,8.860679374861142,8.855352132667234,8.860664830965616,-1.3367061221745538,0.2581452548540728,0.023682332610292227,0.082583310095219,0.08263071676915408,0.08241302778277539,0.2652171712504008,0.2652860334509019,0.2651793905545295
0.0,50.0,0.0,0.0,1.4962543654636864,1.4841196182041227,1.4896995253851304,-2.6069329353830355,-2.621253154389827,-2.6131412621582464,1.4915964072788974,1.4890606238541537,1.4888031702932938,2.2758211836711197,2.2878979336449765,2.2747021980244866,2.2498730103947393,-0.5216398908309141,0.0005706229034551925,0.1660427832690926,0.07428462077422177,0.07436120812743346,0.0741958480168302,0.1889965374785085,0.18864689853857336,0.18897592853098488
20.0,50.0,110.0,0.0,0.941487190077199,0.9270175419880284,0.9341003534507175,-2.185331420125579,-2.1973603453153854,-2.190707051356371,0.9328352218950164,0.937302337154472,0.9352880841404962,31.667508274161218,31.68455519181037,31.673790353073365,31.526169024026526,-0.505174622777921,0.20450012696132336,0.4999926823595497,0.3886626279893226,0.3887240192150196,0.38852093981513053,0.11670442331989014,0.11699818038154043,0.11644064958667452
20.0,50.0,110.0,-60.0,0.9429648919017106,0.9188762148184942,0.9335320593923452,3.054379976163523,3.0314335249574667,3.04673952765714,0.9350207392178305,0.9324397474862428,0.937123979642514,31.67106684091088,31.663681665607452,31.683425450115422,31.52458806036432,-1.5523248157926355,0.20488538127981773,0.49926724578519016,0.3884736758814585,0.38861058035693674,0.3886616252068041,0.11638367656475974,0.11666492904068672,0.11697053842872909
50.0,20.0,100.0,30.0,1.1124640281813174,1.0768223451957466,1.0925751675360353,-0.747833439964615,-0.7632729113211274,-0.7542519489255581,1.092283579777402,1.0916866053249465,1.0934213604154581,28.000040969364516,27.993944972519753,28.001935902365496,27.915208761901013,0.05745579968472246,0.5073064584794544,0.20108560243463944,0.33049385526970576,0.3305032849398778,0.3306684347278668,0.1380327743986686,0.13818849031761166,0.13826304900764455
20.0,90.0,80.0,120.0,1.0641627253392782,1.0395837859021009,1.0597117968030918,0.6349189449302615,0.5902119278271458,0.6274203027092754,1.060886911436112,1.0601750180020058,1.059433776573571,22.734938909246544,22.7415997445093,22.737923459128528,22.693832685845834,1.6351023062447527,0.36881460611601286,0.24362984353539335,0.2763686155248615,0.276580882119959,0.27633175259720416,0.13390686536752253,0.13372001583059806,0.1338160228478137
50.0,50.0,70.0,60.0,1.4139464993516755,1.4036905527955534,1.4115821715525005,-0.5959967472027771,-0.6165464721234954,-0.60014211748911,1.4131689330747002,1.41227404941866,1.4100282290402786,20.579991971527445,20.570203384610238,20.573567068245318,20.525387377685366,0.6091693993872539,0.3888238184256482,0.4106310232128817,0.2654474419816502,0.2654064447884782,0.265588250091464,0.1784916596662694,0.17808135607584216,0.17820982570633093
0.0,50.0,80.0,0.0,1.096860660398039,1.0743978133186405,1.0914155826287524,-2.601895623870666,-2.6220441542850845,-2.612322830219724,1.091382282141597,1.0922432724821665,1.0916705950313017,23.705834988152144,23.71169386890746,23.702484418366673,23.637349799137265,-0.5234269934695908,0.0032002687059089524,0.4984854711220566,0.3052319284941061,0.30511846017237026,0.3047844923111237,0.13697988304962813,0.13701682687498223,0.13690205802456126
20.0,0.0,50.0,30.0,0.5016656023955509,0.483416838621481,0.49610396464050827,-0.7171264960347394,-0.784417574993432,-0.736916040102413,0.49514254097512433,0.49660101801287276,0.4979194779962617,13.930439141544346,13.921147579532759,13.935305616482134,13.926724250478689,0.05255626146688731,0.11537076081903601,0.04160477122832815,0.16332028869022655,0.16318929249368358,0.16328982439986975,0.06258640769517665,0.06293690545796543,0.06273318919384473
90.0,20.0,80.0,120.0,1.893758869427524,1.8725740459021736,1.890170332865625,1.2048347133708175,1.1811850161132522,1.2009947663750817,1.8907371555767845,1.890214128627331,1.890676780094237,21.76996573843236,21.78124465470445,21.77931192141737,21.746583963467963,1.7008331141546018,0.712272620684534,0.15394343692118376,0.2538442692572104,0.25406904654344875,0.25395780884902486,0.23988616794441964,0.23988880410649835,0.2399532628594845
20.0,90.0,80.0,-30.0,1.8238502600193487,1.8075638447043672,1.8164580294557233,-2.8325766047569507,-2.8403390816728824,-2.8361362786338824,1.8148535548463538,1.8206154279497917,1.8152960458878178,24.752508200551066,24.767718313460417,24.750903051428725,24.619126699904665,-1.0140205662766026,0.2099108681282554,0.8994025417970454,0.3379907081300839,0.3384752842028015,0.3380998383243977,0.2291491530536905,0.22920132493923062,0.22849787724751022
50.0,50.0,10.0,30.0,1.8645191228898652,1.7733219811200307,1.8197174471265891,0.1299541752053603,-0.8035728901509804,-0.3067938013020252,1.8235657740935516,1.822035656725487,1.8186408959017335,3.4668851649522363,3.471298994938933,3.478756266028465,3.423945480229571,0.8968382757108457,0.08249287388116754,0.23150717307288107,0.08930203339138518,0.08960288766820325,0.08964646899139916,0.23130322407889373,0.23067751317822247,0.23087077804856476
0.0,20.0,20.0,120.0,0.9073896340368076,0.6219936282079792,0.7637879579670861,-0.5648642145122712,-1.2566034290899832,-0.7918836212888054,0.7693709907197331,0.7698572435207875,0.7685943330351102,6.670884107532222,6.674092576043313,6.68154786291204,6.613671255762626,1.52369114005409,-0.019547588548324682,0.11117430265777795,0.10065685174286092,0.10060463650266241,0.10080269789309655,0.09725326953489802,0.0971396295688436,0.09709728109236315
50.0,50.0,120.0,60.0,1.318696755257362,1.27087814646807,1.2865878176988792,-0.5430764333493563,-0.5693836488393553,-0.5577490730170837,1.2856186803822258,1.2876105808104659,1.2865903710518343,34.23189297368272,34.21333428985317,34.23756166084516,34.05197749471327,0.5718490101335058,0.6257429344962608,0.5016309008728408,0.414990263655554,0.4149145723336304,0.41485650909001504,0.16208127976164446,0.1621864938584809,0.16192681454739744
20.0,90.0,0.0,30.0,2.1147493582253407,2.102645552719134,2.10788735895465,-2.50006099040788,-2.5325541950988173,-2.5165289675317397,2.108629055211095,2.10523130233032,2.1099872326732165,3.217162643414003,3.211998173813014,3.215472444527808,3.183099487884192,-0.4250237027853674,0.001060556439857788,0.33270986067284863,0.10460040099390283,0.10457767409872329,0.10462703684251053,0.2669771257921123,0.2671514278974355,0.26759242303837355
90.0,20.0,10.0,60.0,2.1118760020600456,2.093378840976296,2.1042405431476654,3.137811921037942,-3.139240531008819,1.4554579140244428,2.1040383206728026,2.1066528938690143,2.1033282346269053,2.50140599633292,2.508822822662159,2.4928204176595457,2.0133930705865324,0.010942235717395707,-0.025214080358994938,0.2644409345239483,0.08756192079319336,0.08776314023305756,0.0875946980744197,0.26709536530517736,0.26700820894244504,0.26667762781060805
90.0,0.0,10.0,30.0,2.124386395994001,2.096217879814989,2.1059117076225227,3.1366335390562448,-3.140519879274714,0.7789166326310177,2.106140569729019,2.106211917487173,2.1080259433194657,4.003278413156382,3.9976393534180623,3.985339019601835,3.3631501254434992,-0.9291226622988293,-0.05745360647861361,0.3144602148567351,0.10620693677907728,0.10620107314116148,0.1059517233242402,0.26693893982104633,0.26718450456296716,0.26716927107588573
20.0,0.0,70.0,30.0,0.4518185772599555,0.4440398183993453,0.4492651693359522,-0.6562033549721945,-0.6957804824644463,-0.6724506731425532,0.4485165341755138,0.4503126903347029,0.4497710746560415,19.38139899049571,19.377628809450357,19.378393089245318,19.358122067555634,0.03462470175416079,0.14816936068512915,0.033845622851603786,0.22372521966458425,0.2236719464485535,0.22364235328729154,0.05680191200846165,0.0569540623154664,0.05671447958059147
0.0,100.0,80.0,-60.0,1.92775453841798,1.9122185381477368,1.9206337043624824,2.640853377917205,2.63084653585631,2.634448174105452,1.921462641305162,1.9210986987847585,1.9210376699105491,25.03353333962901,25.040625033946135,25.037062113696198,24.886802119451108,-1.5692322902136528,0.014352995586152295,0.9997433517490876,0.3463451844578333,0.34666002945533286,0.3465732357748985,0.24209585943050718,0.24205043909653834,0.2421113113718324
90.0,20.0,100.0,0.0,1.909213069638577,1.8854892556080527,1.8989513700898022,-0.9733912296256838,-0.9816775851125812,-0.9767428255569995,1.897703921533303,1.8993065675440977,1.8998028069324522,27.528599395061605,27.522648321878467,27.51685644469398,27.443677662262647,-0.41926885928834495,0.9031335031870139,0.20029276089491527,0.32149514908909743,0.32134175351548033,0.32152348894563626,0.24082606616697586,0.2410883002429987,0.2408935123515172
0.0,20.0,10.0,30.0,0.8682870645313985,0.7400660554859698,0.8123404550727914,-1.901022583706952,-2.504911738568872,-2.23252639819623,0.8135676111788833,0.8142564960144744,0.8155238965203094,4.010849076487077,3.9976054131801444,4.007537391387487,3.963089053115024,-0.04419133048890176,-0.0051499072537559976,0.08745982728973836,0.07231470335501419,0.07222664345532252,0.07222623508594474,0.10297784791693247,0.10321430622480413,0.1031233466275672
50.0,50.0,100.0,120.0,1.3504627318674511,1.3176282020679742,1.3291507400431741,0.4397551555392627,0.3981947112096104,0.4093647342818402,1.328840728186153,1.3283439021836079,1.3316809140833517,28.85068615036246,28.866217935946878,28.864700321042946,28.729687138883243,1.6267634814739291,0.5099924928759876,0.49999748245323083,0.3571741807611918,0.35720784348944673,0.35724845320558796,0.16720258060316548,0.16756547511028674,0.16761695666465606
0.0,100.0,110.0,-60.0,1.5842340331389622,1.5690204896962254,1.5769839750257872,2.6378777313956907,2.623600967195787,2.6313627441280665,1.5778419006325475,1.577035661159195,1.5780311223007724,32.79148933516884,32.79742174340436,32.79469631022131,32.608836982186276,-1.5700665649030405,0.013329706873200916,1.000071075369327,0.4239058300933121,0.4241603102975718,0.4242060762361869,0.19796316314110676,0.19799955649081633,0.19808094862732967
20.0,90.0,90.0,-60.0,1.699899319243824,1.6815185401717123,1.691334341715397,2.913890914480006,2.905684685483402,2.9106312062838002,1.6923861699711569,1.691191325760063,1.692732930177702,27.347813058661174,27.34509424697936,27.349260812101022,27.193896358895927,-1.5439992248554701,0.21115395085010472,0.8990294993624011,0.3640607244709422,0.3640845036096063,0.3640691865764133,0.21284075373964226,0.21289025027017816,0.2130202913034771
20.0,90.0,10.0,120.0,2.1206987797110672,2.1007744449609724,2.1099111571797375,-1.0362922644491197,-1.8557091533429373,-1.4008663956306862,2.1077260052307984,2.1119877819017043,2.11128277750635,5.446385759781776,5.442118711129279,5.446274351002608,5.362013916627631,1.0945701306852276,-0.07448194292791939,0.39173638141213024,0.1271065317430837,0.12680944909570774,0.12706998006696968,0.26730366293181523,0.26776874239371806,0.26722229466621034
20.0,90.0,50.0,60.0,1.8161998073907184,1.801976576343073,1.8127009991787015,-1.087912743828164,-1.1551553497795837,-1.1029838571206225,1.8115441960336327,1.8140885876026192,1.8134973728722341,16.289059880106976,16.282930171410097,16.289698971577533,16.236488246930033,0.5992212590678567,0.19507907579890207,0.6281362636264726,0.24040420216223862,0.24034581865427712,0.24058082294658797,0.2289747130355687,0.22920590953916709,0.22888415746152754
90.0,0.0,10.0,120.0,2.114838549522238,2.094314143592711,2.1049642325899707,3.1394930710794413,-3.1395012359544485,0.5647990095307609,2.106719613986742,2.1050706156242023,2.104558202205103,2.3097354708948217,2.2757398138958913,2.2835703670526524,1.920829209276817,-0.03949120905178248,-0.011143191755708349,0.26091469070074896,0.08606236736972628,0.08596659545795558,0.08592198633204844,0.2671638146337687,0.2668943480521218,0.26710487772792985
90.0,0.0,30.0,-30.0,2.1295673291690536,2.0429933977498083,2.0882255665305895,-0.1118601165133633,-0.437678520865331,-0.27674761200916564,2.1059463781615686,2.103429691814014,2.1029882190651734,5.491794528125499,5.407206785898435,5.508999640670665,5.301107199915719,-0.8834418880427238,0.0837752477946127,0.05112982178824745,0.04518595241281892,0.044982888529763614,0.04537618429650812,0.2674284732677976,0.2670990953084062,0.2673726202396589
20.0,0.0,30.0,-60.0,0.6100690659286666,0.5609053610606956,0.5793414190278255,-2.069826282529898,-2.275651916863465,-2.204938588532001,0.5795956023417179,0.5791464584739043,0.5781483785519111,8.404225416016649,8.409403525841462,8.404101723348765,8.391399809909535,-1.4672147281410064,0.08225570508503523,0.03326472096740685,0.10169574848759248,0.10162356167770333,0.10157904772814415,0.07345019312383999,0.07326137570693772,0.07331972029470879
90.0,20.0,70.0,0.0,1.998923491723728,1.9941762045626612,1.997137467509874,-0.8729624030724737,-0.8775219495211228,-0.874069382148055,1.9967940686109886,1.99821966404162,1.9965575382758927,18.996490425557223,18.992392898808596,18.9861805173752,18.966680232693292,-0.36633880941710595,0.6564734918197777,0.18152232342728772,0.22471214664848232,0.22469748905714165,0.2245892332251085,0.25351148267454815,0.25347783232339405,0.25329673433108896
0.0,50.0,10.0,-60.0,1.4337510728662597,1.414011314061175,1.4228519831561546,3.140833072887018,-3.1407239411053296,1.6947699455608478,1.4217896303561837,1.4228658638864293,1.423965698613446,4.814899297136156,4.8117539490183505,4.812848447344981,4.783547798791005,-1.3886846084419295,0.02830464385718302,0.2121653720853988,0.10030201599977251,0.10020423297431745,0.10023040728829521,0.18008995626537772,0.1803639929624703,0.18022669749085873
50.0,20.0,120.0,-30.0,0.9250205784566984,0.9021132156132592,0.9174138576646138,-1.8464310095038212,-1.861380863779473,-1.85446575265264,0.9167668301871739,0.9207469496435247,0.9192464625250529,33.52706429373979,33.53826936145676,33.52797497279726,33.40244066825356,-1.0074782763669194,0.5045834328956901,0.19901504294304767,0.39224314909510255,0.39272382059051747,0.39215785449985613,0.11583091289939705,0.11616602872174744,0.11562925702752207
0.0,50.0,30.0,120.0,1.3032522319708613,1.271488955216011,1.2838156410115782,-0.5257120673670701,-0.7408070067125664,-0.5809566992775903,1.2837124759405079,1.2862903655588547,1.282638409455278,10.253724058661346,10.245832785921944,10.253557258441033,10.200253766584328,1.5594968053314369,-0.010788491564146982,0.30227689705314853,0.15721070605051296,0.15729329169922696,0.1573715663334042,0.16247733875637954,0.1623020618144517,0.16198357190570453
20.0,0.0,20.0,60.0,0.7576914134838125,0.418188642382334,0.5905717973794482,0.1501451901222103,-1.0862844369859082,-0.3031265788276371,0.6003324465941264,0.6016294099304612,0.5998237573820263,5.822370808335399,5.821869650930615,5.816667877473104,5.798074351900271,0.6691127413425718,0.05254683336874404,0.041375011475199834,0.07669963120323899,0.07677123418933422,0.07664082551233667,0.07611773812905792,0.07605168162662912,0.07589381674205571
0.0,20.0,50.0,-60.0,0.6101511655499612,0.5988869915106926,0.6056236422321329,2.726215023682453,2.614882097421656,2.6493340137391117,0.6053621205835991,0.606921693520079,0.6052139915229362,14.672876119486515,14.680272778255363,14.677008598009037,14.65933486400792,-1.5690191894328378,0.005012710434288759,0.16898508164474435,0.18639338184463364,0.18657142428723927,0.18661388223549483,0.07595490190324497,0.07592796501217879,0.07574042755366595
20.0,0.0,70.0,-60.0,0.4693573591599752,0.4526855842867444,0.45866842765941535,-2.214681279407612,-2.266688846222953,-2.246355434509383,0.4599787952340444,0.4588902703197224,0.458275070051262,19.38204004418315,19.393033242425613,19.390974312652272,19.362809127732337,-1.5354729987299756,0.15136492904194498,0.035357734705852045,0.224009378398388,0.22395665730865022,0.22394315525595324,0.058120001421892706,0.057890164364801155,0.058048982507830256
50.0,0.0,60.0,30.0,1.1500190398534509,1.1349793234894874,1.145650976053043,-0.341222534615942,-0.3624404835558476,-0.34752823742979916,1.145956100122754,1.1459634340651594,1.1459091234590288,16.30347640913698,16.296836122136973,16.306382925503257,16.286708324084092,0.10479778124679501,0.3223217105299471,0.038906601926225644,0.1867433739203545,0.18678182619599382,0.1866587500408308,0.14546809896178567,0.14547397488265093,0.1454669320938739
20.0,20.0,20.0,60.0,0.8923110052397554,0.8398196479875787,0.8723890953460642,-0.6844476756237501,-1.1159547064139357,-0.8358870341232725,0.8746224708226329,0.8743971326260813,0.8718650751021021,6.5548140197942715,6.551517730223887,6.553490398161778,6.53383522851344,0.6585718332601644,0.05513635900059656,0.11778101338768308,0.09985674924520345,0.09991603888473448,0.09989253469485042,0.11070732132258951,0.11036331555019539,0.11037313902238824
50.0,0.0,110.0,-60.0,0.9830106633388964,0.9433734906230178,0.9669277572084863,-1.953934370558044,-1.9778138687105835,-1.9681713973534187,0.9672442797190615,0.9675661150467391,0.9665934598338466,30.17322736010459,30.18119925328064,30.17884987175582,30.092289504898186,-1.5226642048692112,0.5032843569738973,-0.0017154602758617378,0.34247987177826883,0.3426623169898085,0.34260907929370155,0.1230239930323036,0.12293841170276838,0.12290860898495094
90.0,0.0,120.0,-60.0,1.6052454798717282,1.5604304541092051,1.5919128645890657,-1.8791011584714232,-1.898941891010289,-1.8909587868407067,1.5953624872261492,1.5919943687327505,1.5919370866972034,32.699944811475824,32.71034656933912,32.708269136554506,32.59210979875161,-1.4985292521789957,0.8917084985446491,-0.0030414592760176925,0.36893390792945796,0.3693014549131207,0.3690638493821534,0.2025536304798215,0.20215061384565328,0.20256890334264913
0.0,50.0,30.0,30.0,1.2794372198604356,1.2729075678551174,1.276609464305089,-2.095556462057904,-2.139677595437908,-2.1094317857558824,1.2770921171397644,1.2759140302255403,1.2771140654546098,10.196627863019902,10.190064232021676,10.18549697477098,10.17524187350353,-0.003393157804287979,-0.0024131032111938838,0.30273201535193134,0.156975083796101,0.1568181325926534,0.15690969887246214,0.16125040010884842,0.1612540939138687,0.161396482930923
0.0,90.0,70.0,-60.0,1.9096555978062977,1.888495599998724,1.9021197526731959,2.654896211581051,2.6178226190657643,2.628564002250741,1.9029584320281783,1.90145362006693,1.9025663570957296,22.226498159987813,22.234614349975228,22.237678973236182,22.110125124498197,-1.569811339457536,0.00862096824290265,0.8986997640205134,0.31423982730007227,0.3143407855063816,0.31435394788068655,0.23989022096858215,0.23984191791785112,0.2400361851386797
50.0,50.0,30.0,30.0,1.7113414917018064,1.665358605809472,1.695339298159008,-0.7960523314011704,-0.9774056960221892,-0.8542985569438584,1.6958916534554107,1.6972094160080473,1.6953674130029144,9.413458075857086,9.4086157191294,9.408881018003438,9.401480257295079,0.2601660643294636,0.22893736348848506,0.29336853533291035,0.1447395863334019,0.14476304642303467,0.14471768825557352,0.2149456374216975,0.21488391102734458,0.2147159443395268
50.0,0.0,0.0,30.0,1.3157660997618463,1.160978106198393,1.249573138649746,2.0053169096382364,-0.1093145187193384,1.0870875403336169,1.249446935914381,1.2492877308524988,1.253238678375508,1.9589900499391106,1.95220415918979,1.9570949821670163,1.90463296304587,-0.050519047087702953,0.0004451304560508828,0.11815188948071584,0.0631135610767144,0.06295017620642905,0.06289626266761783,0.1582375251223871,0.15870841764010535,0.158740877642884
0.0,20.0,90.0,-60.0,0.4516830516094369,0.4424659222330037,0.4469356239449694,2.713696212395869,2.6128034680079053,2.6386150889048743,0.44696479373531445,0.44681076854325164,0.44858541721286976,25.44904445839576,25.465892939637353,25.469463663331748,25.414334716657827,-1.5703339386693658,0.004876442286320173,0.1999553278104833,0.304190276444065,0.304522283929407,0.30450785881477804,0.05493925871272204,0.05513711816222675,0.05517458534313714
0.0,90.0,50.0,0.0,1.8107724378527292,1.8076571349811112,1.8091717918397405,-2.6176651967611204,-2.623183874858457,-2.619961307792246,1.8091594481779314,1.8088632661192574,1.8097725800374018,16.53157335006779,16.53335672830928,16.5192032043678,16.474502521815904,-0.5244171450149997,0.00025036458201123585,0.6723899803750893,0.24655868335680553,0.24632848357250473,0.24641916551399481,0.22838392195627727,0.22846886337315567,0.2284789288619777
90.0,0.0,90.0,30.0,1.8391670515949952,1.834728091076084,1.838016277112949,-0.1305516792005766,-0.134975280254015,-0.1317504048243448,1.8389794824999657,1.8374607086945078,1.837922774217103,23.863576947497116,23.84751715877968,23.850812217282122,23.82760319639107,0.10792111433402028,0.7287781695862303,-0.05153322699132489,0.26121211099003167,0.2610873059804976,0.26114268317119005,0.23368872013926467,0.23355049798189725,0.23375730830236743
50.0,0.0,60.0,60.0,1.1492664444258218,1.1267443063949292,1.1439208973734132,0.1811119980096248,0.1470329909747486,0.17321722841440315,1.144969906374837,1.1438730254115668,1.1443166623217396,16.31133788298895,16.30050063782386,16.309126948487894,16.291810872160863,0.6282613202899323,0.321949087861713,0.039690021489870636,0.1867787715126237,0.18684138515030355,0.18698643194816067,0.1452754031682706,0.14519419201472408,0.1453417528874938
20.0,20.0,120.0,-60.0,0.5009882930885295,0.4681689409443663,0.4891487375349805,-2.836878353921352,-2.893032249476311,-2.8541458119351435,0.49021914304497727,0.4910756241859573,0.494228721758123,33.6255329029241,33.620696042630996,33.62984893126124,33.49587098426732,-1.554933200261161,0.20402680203969123,0.19942967113096147,0.39393011954197754,0.3941436751543278,0.3941564051519979,0.06048889859730931,0.06100171418010295,0.06085884727380173
100.0,0.0,80.0,-60.0,2.001609915449786,1.9892730512270471,1.9921404186499854,-1.7245516582189924,-1.7379612544763667,-1.7352058146528395,1.9921268475720197,1.99258929202548,1.9912295959171522,21.15350307183173,21.15382591203794,21.154930449457215,21.132271887536547,-1.4370780535164271,0.7111713740865035,0.027485182055280288,0.23488625270433783,0.2350920053049306,0.23504158184814816,0.25315956201934636,0.2530399683404293,0.2529936300831895
20.0,90.0,40.0,-60.0,1.944239173059804,1.9289562731897705,1.9333378237778804,3.0694948291171085,2.9759462753023693,3.000623535418618,1.9329118877564095,1.9335060229030099,1.9331405982781373,13.789303555056328,13.790204409438665,13.793831732686623,13.746584666823596,-1.4920719171839345,0.1391200106746514,0.6186116069022416,0.2168770835134128,0.21702723480054262,0.21710486227611894,0.2444063256707747,0.2444254714135624,0.24436572291665765
50.0,50.0,20.0,0.0,1.809497007912432,1.7546399458586823,1.7866912409510431,-0.9661664755668168,-1.249482232737128,-1.0791401626352346,1.7869982523863086,1.7889126996714082,1.7869687303253607,6.217081684427974,6.212619240823743,6.2143178846055,6.206121683496507,-0.07445901752397796,0.16994851318596776,0.2448836450896578,0.11028585579337735,0.11017686598326865,0.11025515273969005,0.2267093105966023,0.22670404430110264,0.2264584624484374
0.0,20.0,120.0,60.0,0.3595216326959473,0.3415481510625194,0.35214527609801577,-1.3881505352784471,-1.5638094512550524,-1.5190420439512093,0.35624607476665515,0.3565989024730998,0.35323793385766555,33.638081410333925,33.633173988082405,33.64271575048067,33.5148584898504,0.5243275329494863,0.012629416774988435,0.19883256512933858,0.3942836394977905,0.3940715902914779,0.39423283775045204,0.04304189472849474,0.0426513388500979,0.042626289525557165
0.0,20.0,80.0,120.0,0.4000161682956871,0.3723438822861882,0.3947750666008328,2.3007593316290857,2.1785557588656865,2.200347910191301,0.3965241607980145,0.39377758710003496,0.39619276285106936,21.471882781351134,21.48140649186872,21.484260037728202,21.450100464082357,1.582132270896724,0.06087723955708952,-0.12933986080403284,0.23284618229844145,0.23316390643823237,0.23291146964991333,0.05139480502950336,0.05136596558569367,0.05169795138556519
20.0,50.0,90.0,-60.0,1.0947667088165292,1.0726169334181013,1.0855672208104445,3.08888708959859,3.053675934808164,3.070413022705755,1.0861358270353039,1.0868094270425797,1.0845470046420083,26.33531555014567,26.338150891142966,26.337948367110503,26.22297344204762,-1.5436375431403486,0.20451674907864706,0.4991644861371039,0.3320087135406836,0.33211926513454215,0.33204931211770705,0.13639984526233928,0.13619923452800467,0.13613203358564055
50.0,50.0,90.0,30.0,1.455213513856488,1.4283635246863076,1.4410033656339851,-1.1243893628914725,-1.1395129539847313,-1.13140817132947,1.4414403511830556,1.440242796070779,1.44124999353719,26.16721630141811,26.15173526722917,26.161817010621842,26.04581181124788,0.06841975300663265,0.507984356557013,0.5011142272914026,0.32889173864421817,0.32885649091240393,0.32891147342050175,0.18177130375076644,0.18176577347615225,0.18191732411169825
90.0,0.0,0.0,0.0,2.11449132945684,2.099366900281002,2.10698697589653,3.1406890733466954,-3.13647116156192,0.06723928081569695,2.106223467679137,2.10858643316233,2.108527255944516,3.257266487613324,3.252493358098268,3.257220856728947,3.2287834087428418,-1.1255200515244963,0.001084048798530117,0.3375906760878476,0.10621056982141856,0.1060811040063627,0.10628648376286423,0.26712512476313294,0.2674159513945661,0.2671150185462852
20.0,90.0,120.0,60.0,1.5440788897487434,1.518132942673224,1.5273074986495476,-1.000242509628896,-1.017389546207564,-1.0100227085094609,1.528859578486098,1.531638228431036,1.5254462875981576,35.128462308736964,35.11437348545485,35.12603557028529,34.95519215370306,0.5584596200629852,0.46675084541202627,0.8997235068749365,0.44334582765321756,0.4433814027342303,0.4432215366488324,0.19232697591663842,0.19190672642321746,0.19157509003629974
50.0,20.0,30.0,-60.0,1.4531299731674725,1.410417975720394,1.425710637702259,-1.7927334236561892,-1.9390245538661464,-1.8841406894555537,1.4252328765243407,1.425333558743379,1.4248782809734837,8.101828466412709,8.1044091344918,8.10135818145629,8.08343169761662,-1.3074957929908109,0.1991310777255117,0.10876793308103745,0.10559223093961842,0.10556812978432617,0.10565876941754405,0.1808403650797048,0.18078620104925833,0.1807814959440831
90.0,20.0,80.0,0.0,1.9240947747064032,1.922131459036744,1.923299549157648,-0.9321289933867968,-0.9345082440356038,-0.932959406845138,1.923124949016468,1.9239433967156792,1.9230739129727314,21.899816830269902,21.901604612751132,21.888053904170228,21.860192798184215,-0.39128235085096147,0.7287624103153396,0.18980066177484062,0.25817916073992636,0.2580873363317568,0.25800806935393444,0.2440531062457832,0.2440481057087779,0.24393879324861328
0.0,100.0,90.0,30.0,1.7991524877019418,1.7880143307148395,1.7948281530003973,-2.0268523396593827,-2.0424962194013623,-2.0385948651098644,1.7927915525456237,1.796937970320306,1.7962321376528312,27.608578434822284,27.605486820278475,27.60806189705452,27.442041308813792,0.005197412133752684,0.04542804445624196,0.999692276761555,0.3717194365690403,0.37229159838981635,0.37195813700242314,0.2258365483285707,0.22625057946329347,0.22576833515009387
0.0,20.0,20.0,-60.0,0.7658612548186595,0.7436436687805099,0.7531385345704634,3.0467752508958705,2.696359873913973,2.827013408413798,0.7534047916662288,0.7530058400408254,0.7542023596607358,6.631514672547659,6.626203239318488,6.631197693724058,6.610170013751725,-1.5357088348415007,0.015467422012008179,0.11138253535694133,0.1001164673809434,0.10005927277114408,0.10007636517004316,0.0950846980988014,0.09518732966813168,0.09523235907956454
