P,Q,V_mag,V_theta,I_max_tail,I_min_tail,I_avg_tail,Iphase_max_tail,Iphase_min_tail,Iphase_avg_tail,I1_avg_tail,I2_avg_tail,I3_avg_tail,V1_avg_tail,V2_avg_tail,V3_avg_tail,V_avg_tail,Vphase_avg_tail,P_avg_tail,Q_avg_tail,V1_inv_tail,V2_inv_tail,V3_inv_tail,I1_inv_tail,I2_inv_tail,I3_inv_tail
0.0,100.0,30.0,30.0,0.2683459536685873,0.2671940575887139,0.2679217913667551,-1.551760559798182,-1.610767929395024,-2.0948242447944105,2.118212144625289,2.117060973545691,2.1179723337272303,11.493000261883381,11.485479559647622,11.485594495334674,0.7218526699760112,-2.0319799578528905,-0.00038105658477574454,0.6364816391076253,0.19897337196355425,0.19885788700245707,0.19889646353668972,0.2679024582301741,0.2678756273160831,0.2680150948933539
20.0,20.0,10.0,120.0,0.1316999559329782,0.103426017085659,0.11538151613213436,0.6128788781412811,-0.473409397238878,-2.0170732540447713,0.9168125860362114,0.9150036404705248,0.9141370473289512,4.103523709867636,4.106131237950735,4.110862590712434,0.6162442654560011,-1.27379193074638,0.0069138459673352285,0.10339394226339531,0.07632629703131918,0.07637732326080354,0.0764476311849243,0.11601357389044419,0.11566984928489206,0.11590226465566765
100.0,0.0,30.0,0.0,0.2835292636559414,0.2606011400144067,0.26780389064010535,0.8689212556046868,0.4704223318099891,-0.9877729549421544,2.11998818506974,2.1166435322128017,2.11662062569497,5.523732369617774,5.483116504433746,5.526568952551114,0.5610908219554596,-0.5198393037975151,0.10846204084446004,0.05959433869768302,0.04729094492611525,0.04675922318211504,0.0475400575444882,0.2691409604800392,0.26873699855303845,0.26913301317409766
0.0,50.0,20.0,0.0,0.1704441669516093,0.1696625927056901,0.17012879807665035,-2.089434954998476,-2.0997588763056254,-2.0933870291655947,1.3476381324470008,1.3437715307483316,1.3436513479605363,7.550959110421469,7.537245234259342,7.546005765891792,0.6597422425592191,-2.0628742020185755,0.0003416335867458441,0.2625049151736918,0.12933984007059296,0.12926309900937932,0.12918455285445746,0.17032454466131738,0.1698078309897961,0.17030524718533124
20.0,90.0,30.0,30.0,0.253748538339915,0.2522085019981085,0.253161569143152,-1.1590942240694924,-1.2630397581825683,-1.9069304488269936,2.0004015007223788,2.0015396655228144,2.0015069913103485,11.152095174566465,11.147453119379895,11.151229757335638,0.7088879274287126,-1.824588487784622,0.10653543784500163,0.5636685752965114,0.18972934227111674,0.1895604828838783,0.18979250657518845,0.25315275740361726,0.25328194218311834,0.25314549178059104
0.0,20.0,10.0,-60.0,0.1082338334572027,0.0983545743167194,0.10256135799270526,-2.250419385539656,-2.919512846559465,-1.897325925603587,0.8113768686218398,0.8117150784759897,0.8107117577453677,3.910339166787205,3.9057968420254094,3.9073668859107222,0.617145342061956,-2.0150473293853004,0.016908887987191788,0.08306530433299412,0.07050361133033001,0.07033822914709895,0.07033771233731256,0.10276695104397653,0.1026704943961065,0.10263367062997696
20.0,0.0,110.0,120.0,0.0557433153416602,0.0473610424366085,0.050784912881229514,1.7073380340066475,1.6075289507934454,-0.5177236489053066,0.40081685827873115,0.4010985035183709,0.39891447223947274,30.303165003813056,30.315080468452066,30.312556587365883,0.5841886751953623,-0.5231776405480634,0.21014078475905465,-0.001657989009966952,0.34520490038879253,0.3453230033370862,0.3452678844821024,0.05109141772160669,0.05086715991904556,0.05084976109196907
20.0,50.0,0.0,120.0,0.1963741935887483,0.1952054560841789,0.1957819174386897,-0.5946595859789359,-1.2951574967289865,-2.091324669977518,1.5421830886385464,1.5453362504433803,1.545418577552721,2.3744420430980266,2.3669138609043845,2.3713199115154397,0.658991099436022,-1.6861926913303058,0.0006017250669815729,0.17902385358211606,0.07732015993876516,0.0771020072627134,0.0773036633275507,0.1956457733139487,0.19605648968148073,0.19565963437057735
20.0,90.0,70.0,0.0,0.2476510284704286,0.2459534378625207,0.24691160928667508,-1.7651369194250224,-1.780083528659839,-1.8685502116115706,1.9567709629072254,1.9565088039314524,1.9585077394515642,22.196233729687858,22.196570881319474,22.18936759762313,0.7088879274287126,-1.824588487784622,0.20746045791083415,0.8999255716808632,0.3139210799738307,0.3137768970369713,0.3136724336313163,0.24681106267455613,0.24703880485662277,0.24705743256515317
50.0,20.0,10.0,60.0,0.1931634845306019,0.1730994283515294,0.18167954891328703,1.4870488635243229,0.3247953249733348,-1.6637453178063941,1.4374827380928958,1.4321243903907124,1.435916791875263,2.7578098481328213,2.768116475878513,2.760816202977922,0.6115535893142118,-0.8927449704416845,0.05941696450713554,0.12898844855661823,0.06601502190324504,0.06623714498814436,0.06592832931912555,0.18192237166253636,0.1817343044625379,0.18240393159084228
50.0,0.0,120.0,60.0,0.1236984430447652,0.1186808852596936,0.12013163158217498,0.6574724323366236,0.6309812122830151,-0.525819261920872,0.9458122945766698,0.9460703754880209,0.9463830309042915,32.98550253965309,32.974561795597815,32.98501773401238,0.5786783317088385,-0.5219133872819157,0.5387529332193599,0.0012886889320395515,0.3745886910150318,0.37456424708796393,0.37456481998191365,0.12013854630706496,0.1202138915400456,0.12017729423219299
0.0,20.0,60.0,0.0,0.0702294142109566,0.0698250672543559,0.07001545218456562,-2.083599862380231,-2.0950904002447848,-2.091076517772423,0.5596740742376437,0.5622114990977614,0.5615309409816115,17.371216054922744,17.368617741620355,17.359192214328335,0.617145342061956,-2.0150473293853004,0.0007637288597697859,0.1805051601080764,0.21560204051656473,0.2158947328572506,0.21561254116956174,0.0699906470609488,0.07022393771826665,0.06990615758143745
0.0,50.0,50.0,30.0,0.1453953932337586,0.1449512767781943,0.14517301570009766,-1.5700889579222934,-1.58792991546701,-2.0982529517770505,1.1517193122619456,1.153334854901059,1.1523459772217681,15.523975264707277,15.516236565058575,15.508531515782277,0.6597422425592191,-2.0628742020185755,-0.001312239468931851,0.37072137860464655,0.21374985416571216,0.2136692527883644,0.21353282596713533,0.1452054233373586,0.1452899779834218,0.1450697857245565
20.0,50.0,110.0,60.0,0.1244497263628979,0.1212493067049994,0.12234332732014515,-0.4714073281675288,-0.504934169772689,-1.6081285811215233,0.9802833807644413,0.9802215352660383,0.9775394000995447,31.659588738821352,31.652828749458937,31.656177058714576,0.658991099436022,-1.6861926913303058,0.26637556382923333,0.5002410099011976,0.3880532407376308,0.38825530440628053,0.38844094001115914,0.12263779683160818,0.122304003486672,0.12233652738675647
0.0,90.0,0.0,0.0,0.2681389700414233,0.2663436136692441,0.26721415385945835,-2.039045359090078,-2.0708956549494784,-2.091353289237888,2.108768359553128,2.1079293414293114,2.1071239480594666,3.212789112492876,3.214529323162375,3.2097725968789192,0.7100174044766513,-2.0547884519709454,0.0010735189888186748,0.33272227303943885,0.10473621349201848,0.10455448131237566,0.10458682723616564,0.26733917464393314,0.26713493893736623,0.2672401883385095
20.0,0.0,50.0,-60.0,0.0671788276290668,0.0633844821434311,0.06437954989616707,-1.6958636042358934,-1.7768437353076958,-0.8532505560019115,0.5084788957533021,0.508935092768258,0.5092458631262592,13.915192708956493,13.917442563849395,13.92257211177781,0.5841886751953623,-0.5231776405480634,0.11914060289888839,0.04055634525834908,0.16297487256748333,0.1630215670649193,0.16302805092473507,0.06428773894706025,0.06439265617135614,0.06432589459232843
90.0,0.0,60.0,30.0,0.2670721558089285,0.2662039957260859,0.2667449343010851,0.5139743320516182,0.4852460210969868,-0.5983068691434055,2.1004977827472504,2.099749213800673,2.0995823474477,15.230024208057332,15.226418314880531,15.229857819003293,0.562745350766241,-0.5203297715459044,0.5258165377217463,0.0396499860231849,0.16499066451236252,0.1648948471219307,0.16495749251329586,0.26679088551048036,0.26667557309676565,0.2667705749241448
90.0,20.0,60.0,30.0,0.263715201465146,0.2608843730209165,0.2630308044022934,0.2716154550308259,0.2399440248371276,-0.8086169109606937,2.0739169976009104,2.0725982290593867,2.0722334874221833,16.0111872681408,16.01035486518372,16.009561086578792,0.5984987239536121,-0.7371513072756187,0.5728173862724064,0.1680832707857584,0.18983337571328654,0.1898819710179086,0.18992445823977508,0.26316471161516014,0.26295441930896596,0.26312339128823425
50.0,50.0,80.0,120.0,0.1375319419042862,0.1343484501396202,0.136892201957989,1.6205512797671573,1.586433022555911,-0.6924885943108978,1.0791691307396167,1.0806366851095348,1.079504469480911,22.025154303420152,22.033238691080392,22.03634677077465,0.6550888176419655,-1.2898374651384217,0.4111250127678739,0.07029564761118864,0.2544346682880506,0.25462314494666494,0.25434199575927796,0.1369767498238134,0.13701933938082914,0.13683174713196167
90.0,20.0,100.0,0.0,0.2421851738715048,0.2391671558347053,0.24088036266467466,-0.4422030657740197,-0.450406767702825,-0.7419280853989564,1.897703921533303,1.8993065675440977,1.8998028069324522,27.528599395061605,27.522648321878467,27.51685644469398,0.5984987239536121,-0.7371513072756187,0.9031335031870139,0.20029276089491527,0.32149514908909743,0.32134175351548033,0.32152348894563626,0.24082606616697586,0.2410883002429987,0.2408935123515172
0.0,20.0,10.0,-30.0,0.1039704666626805,0.1004225263162158,0.10218074862002297,-2.2297200645997948,-2.535677805956883,-1.9894673490888655,0.8075536694244836,0.8085338996139277,0.8077905902536618,3.957460722158095,3.959062811773269,3.9609682676982643,0.617145342061956,-2.0150473293853004,0.009223766608473976,0.0857350598972849,0.07126134848744173,0.07134499276959981,0.07142206656464245,0.10228064429778,0.10230783449048735,0.10219196091533665
50.0,0.0,20.0,-30.0,0.1829963230884686,0.1644897888531625,0.17264018131743444,0.0699437885506261,-0.2885560620475405,-0.9457818072510082,1.3881480997619209,1.391268750901238,1.3924390380818654,4.299267205927964,4.2793526104100765,4.2910795751425725,0.5786783317088385,-0.5219133872819157,0.07723940452757054,0.04541988288258981,0.05565881151745544,0.0555886881980266,0.055777743430760494,0.17636047566755877,0.17694362981539075,0.1765397744665852
90.0,0.0,0.0,30.0,0.2680544161314068,0.2661406320716557,0.2671054144631762,3.1362750423425503,-3.1410982856828125,-2.091362685323016,2.106223467679137,2.10858643316233,2.108527255944516,3.257266487613324,3.252493358098268,3.257220856728947,0.562745350766241,-0.5203297715459044,0.001084048798530117,0.3375906760878476,0.10621056982141856,0.1060811040063627,0.10628648376286423,0.26712512476313294,0.2674159513945661,0.2671150185462852
50.0,0.0,80.0,0.0,0.1362312344368848,0.1358337006627215,0.1360431924346901,-0.3769386990073737,-0.385208286433356,-0.592376672927583,1.0725379449304324,1.0714674283693768,1.0706915767532748,21.87691346198738,21.86218686160442,21.857035934748815,0.5786783317088385,-0.5219133872819157,0.40489735156214585,0.027885438297075738,0.24923020083648395,0.24891767407421775,0.24911536364011827,0.13616656893854076,0.13590809945295942,0.13607560188727316
20.0,90.0,110.0,60.0,0.1972624457051717,0.1940368217863897,0.19514421875006055,-0.5743755868034152,-0.5956553925100326,-1.7168666662373127,1.5546415456574947,1.5545626081339945,1.5527511184119724,32.537316739095296,32.53233875423387,32.54012191604559,0.7088879274287126,-1.824588487784622,0.3590349531218729,0.9006762547134511,0.4164542465624005,0.41659680826419937,0.4165719684749853,0.1953722711231331,0.19514996185627068,0.19516955530097224
50.0,0.0,90.0,0.0,0.1317288350087398,0.1314851452491586,0.1316387917886838,-0.380741726911879,-0.3871617056083306,-0.5672000325622718,1.036701053336015,1.0363350556970645,1.0371847931760196,24.6409761152725,24.631856018266202,24.63378010107899,0.5786783317088385,-0.5219133872819157,0.4411124975964548,0.01924657728623016,0.28042227521141794,0.28022970406520537,0.28041774201960284,0.13158851214281553,0.1316621495608572,0.13171257474999823
50.0,50.0,80.0,30.0,0.1613620729113723,0.1605398660296121,0.1610972126673786,-0.5553569679751387,-0.5652388994854349,-1.265835789808459,1.2768606582817743,1.2766280532930885,1.2774168693297214,23.143628748615974,23.12484506638161,23.13968507071296,0.6550888176419655,-1.2898374651384217,0.4115256534438582,0.3771559000684958,0.28971851862068804,0.2895952342353256,0.28989664553619865,0.16105468409088788,0.16111836397608267,0.16116360057904963
50.0,0.0,100.0,0.0,0.1360072691249678,0.1353226892183715,0.13573121608289765,-0.3515189214764175,-0.3580167049677132,-0.523773632545952,1.0688675868945408,1.0686232977527526,1.0676546043664934,27.33980097941131,27.33540767721481,27.32744623897025,0.5786783317088385,-0.5219133872819157,0.5031719759288037,0.00011502150918082426,0.30977745684970087,0.30987132882370566,0.309833051846895,0.13583600570079435,0.13569188654516776,0.1357250221690099
20.0,0.0,120.0,-60.0,0.0483371148229848,0.0409548250891293,0.044994294477945396,-1.4226901663565357,-1.609822471688645,-0.5140054112695456,0.37483884654114846,0.37493969676469685,0.37609600847666946,33.09537456444398,33.11250991911088,33.110503739261425,0.5841886751953623,-0.5231776405480634,0.20326107179270134,-0.00037536150059987893,0.3771522813897114,0.3773827547697382,0.37717861629584093,0.0474654536158483,0.04766092882235501,0.04762737022823577
20.0,50.0,0.0,0.0,0.1963741935887483,0.1952054560841789,0.1957819174386897,-0.5946595859789359,-1.2951574967289865,-2.091324669977518,1.5421830886385464,1.5453362504433803,1.545418577552721,2.3744420430980266,2.3669138609043845,2.3713199115154397,0.658991099436022,-1.6861926913303058,0.0006017250669815729,0.17902385358211606,0.07732015993876516,0.0771020072627134,0.0773036633275507,0.1956457733139487,0.19605648968148073,0.19565963437057735
0.0,50.0,90.0,0.0,0.1267834494450389,0.1254197874092465,0.12602277730830297,-2.065409739025061,-2.091591953218787,-2.079799955747215,1.0067757099606662,1.007072924747632,1.0078723481462712,26.36963562643308,26.36431648758219,26.362391908345884,0.6597422425592191,-2.0628742020185755,0.008012093975265627,0.5000094950704249,0.3324775011325344,0.3324370553437282,0.3324807617390791,0.12601818840122297,0.12614338090131966,0.12611654519250842
50.0,0.0,10.0,0.0,0.1847832033089047,0.1584200900635379,0.16824000648218584,1.4215818867516263,0.2911324448742206,-1.9297506094296721,1.3518644196616534,1.343478932660485,1.3449116644998305,1.6526507416154357,1.6264070107487993,1.6432999473724488,0.5786783317088385,-0.5219133872819157,0.01375641023481052,0.08008120366642552,0.05012808911412876,0.05010141275007515,0.05016151178164475,0.17113616200297344,0.17028389259117296,0.1713550684924147
20.0,0.0,90.0,0.0,0.0527751638731097,0.0521643378305384,0.052469042514750104,-0.5512523122474197,-0.573934781063854,-0.6331400782206217,0.41523612297771084,0.4159883895868445,0.4133297197793972,24.835236980811043,24.831087294825608,24.824775354912877,0.5841886751953623,-0.5231776405480634,0.17755849601393153,0.01951220359349633,0.2842524573632485,0.2843805974004051,0.28398636395308224,0.05271631688665519,0.052452748468811795,0.0523681825540522
50.0,50.0,120.0,-60.0,0.1453022158140108,0.1398359229783813,0.14314301547945368,-2.23198121526447,-2.260778977210104,-1.3041051803215709,1.1399003152565668,1.1408541605364837,1.1422204809340626,34.25936890158597,34.285752134075835,34.27905483959846,0.6550888176419655,-1.2898374651384217,0.5050786907118316,0.49864783427416975,0.4156757437515473,0.41623518761918904,0.41567291184035554,0.14317119259814645,0.1435144810280999,0.1433843140865869
90.0,20.0,90.0,-60.0,0.2370466923291943,0.2358840778008424,0.2361998073332452,-1.4878865605603444,-1.4947937429916442,-0.7672337218188627,1.8628798753730011,1.860821055268976,1.8625429083438445,24.746059072708995,24.757127050399582,24.749386139647907,0.5984987239536121,-0.7371513072756187,0.7971571514260087,0.19798329030781228,0.2908260207004256,0.2907996308705017,0.29062462240975373,0.2361405772848807,0.2360950726103098,0.2363451090147566
20.0,0.0,50.0,0.0,0.0636356629325563,0.0628774096699743,0.06324950848635882,-0.7054885475283674,-0.7342745224810413,-0.865593936038904,0.5006985862218519,0.5023438592698332,0.49871702498877896,13.92068260398024,13.936654678647313,13.925620351665767,0.5841886751953623,-0.5231776405480634,0.11656220255681685,0.0414885133211354,0.16321355653730654,0.16329245923173571,0.16318192605830611,0.06351548035894537,0.06324118397321873,0.06305307048617671
20.0,0.0,80.0,-30.0,0.0558839105742874,0.0550147339319996,0.055425573037654184,-1.1241424156816295,-1.157964635853888,-0.6996411479014689,0.43952108619506614,0.43882700659801127,0.4377377364794351,22.10112116226236,22.112882672047505,22.101660982384907,0.5841886751953623,-0.5231776405480634,0.1660946142907335,0.029502102950529366,0.25391166548243194,0.2540939431220812,0.2538236978992305,0.055570436280129885,0.055367081814415214,0.05545308783105509
50.0,50.0,50.0,-30.0,0.1986428810326129,0.1974180542540612,0.19779067623070912,-1.5435890250886528,-1.5676499204905576,-1.367932076325349,1.5637533705642574,1.5622953503484305,1.564820659075107,15.086339069890258,15.090122245732283,15.085061699778592,0.6550888176419655,-1.2898374651384217,0.32425913548804913,0.364537347685504,0.20631237181885714,0.20642044145185973,0.20636662077874302,0.1976292587532292,0.19777586686728943,0.19794933807529397
0.0,100.0,40.0,30.0,0.2577031848572967,0.2572145518195272,0.25743670438436933,-1.5633029956657178,-1.5863073300799737,-2.093526274901079,2.036307858738543,2.036010118286587,2.0372098789230844,14.12081188700047,14.120121320944204,14.116691905367965,0.7218526699760112,-2.0319799578528905,0.0007248372415371416,0.6957882720566303,0.22618104510145093,0.22610149888139128,0.22590731049457127,0.2573493949083842,0.2574752712124159,0.25751153247351016
0.0,100.0,100.0,-60.0,0.2118692428053327,0.2099745988238678,0.21106830863004694,-3.116723681790788,-3.140080218170876,-2.0825329008333995,1.6794430592402088,1.6784721195523877,1.6810510513437313,30.20984906362144,30.210729751425962,30.21642140580397,0.7218526699760112,-2.0319799578528905,0.013555751724903174,1.0000753711485015,0.397918041204407,0.3982621045825518,0.398411832096004,0.21098545465376087,0.21118077971151167,0.21130579777293826
20.0,90.0,10.0,-60.0,0.2683893579029956,0.2666130161404182,0.2674802030468667,-2.4934825070395945,-2.8758820412294224,-1.9946749100180834,2.1097181445530926,2.1117775414347304,2.1123113975716388,5.825122670215411,5.821491195218589,5.8235078144767485,0.7088879274287126,-1.824588487784622,0.042978583385262184,0.423352487745843,0.13341053633692884,0.13334847040746953,0.13345079541857757,0.2673578817751404,0.26768805123655864,0.2674281819223427
50.0,0.0,90.0,-30.0,0.1326346137476109,0.1321203184756262,0.13231507120309963,-0.9068658519912948,-0.9144960064777032,-0.5719336886922751,1.041199417666039,1.0428767220932256,1.0421389686975935,24.63473815839959,24.64564954938395,24.638822992018653,0.5786783317088385,-0.5219133872819157,0.4436355088016547,0.021441671262192055,0.28037001335318334,0.2807460977007673,0.28066260150176797,0.13231348391423364,0.13243878515942367,0.13222238207489007
20.0,90.0,10.0,120.0,0.268687946004945,0.2662742503575594,0.2673691798170925,-0.5130679063497752,-1.3328044745361085,-2.281933044718609,2.1077260052307984,2.1119877819017043,2.11128277750635,5.446385759781776,5.442118711129279,5.446274351002608,0.7088879274287126,-1.824588487784622,-0.07448194292791939,0.39173638141213024,0.1271065317430837,0.12680944909570774,0.12706998006696968,0.26730366293181523,0.26776874239371806,0.26722229466621034
20.0,50.0,100.0,0.0,0.1264096313237244,0.1251040663950461,0.12573466382300266,-1.6424727977954727,-1.6570732832016275,-1.708925840255038,1.0061339835664787,1.004929131053468,1.0058343711725057,29.009242933650498,28.999163217622108,28.995819707712883,0.658991099436022,-1.6861926913303058,0.2040650528149156,0.49999747357937757,0.35981158788010426,0.35954848952668234,0.3598445526202556,0.1258181382407911,0.12574133837339527,0.12591231702440203
0.0,100.0,0.0,60.0,0.2681438280223742,0.2663331914375799,0.2672240670755853,-2.0264251907514157,-2.061172442017103,-2.091372843140037,2.1086983315178194,2.106656696891439,2.108660147462696,3.220505096997556,3.216051863936749,3.2115656516181654,0.7218526699760112,-2.0319799578528905,0.0010736174933873035,0.3327532027145367,0.10488833235466391,0.10462088011877771,0.10465832424754183,0.26715949412618123,0.2671535484143838,0.2674210837109416
90.0,0.0,110.0,-30.0,0.2254471925484391,0.2199237164143253,0.22342146382460473,-0.7806269616015349,-0.7961361756844302,-0.5211344480850312,1.758722859228208,1.7581174946694373,1.758920431581823,29.779829345166462,29.79290356537074,29.77468644195933,0.562745350766241,-0.5203297715459044,0.8936301776745678,-0.002305276336361143,0.3348565201499851,0.33483129363807645,0.3348107752479099,0.2234816328836342,0.2235033065003543,0.22357945252815642
0.0,90.0,0.0,120.0,0.2681389700414233,0.2663436136692441,0.26721415385945835,-2.039045359090078,-2.0708956549494784,-2.091353289237888,2.108768359553128,2.1079293414293114,2.1071239480594666,3.212789112492876,3.214529323162375,3.2097725968789192,0.7100174044766513,-2.0547884519709454,0.0010735189888186748,0.33272227303943885,0.10473621349201848,0.10455448131237566,0.10458682723616564,0.26733917464393314,0.26713493893736623,0.2672401883385095
20.0,0.0,70.0,120.0,0.057881980232974,0.0535708617637444,0.056777441250746366,1.464133314334347,1.3785035163143395,-0.7584400036235459,0.45110475369084263,0.44991456253763484,0.4500499561301301,19.380450713089417,19.39395376126451,19.38994116929081,0.5841886751953623,-0.5231776405480634,0.14777646562290955,0.03544670822112838,0.22401051092829488,0.2239533679538924,0.22396237121392215,0.05695569385961711,0.05681153981863834,0.05697663587804531
90.0,0.0,30.0,0.0,0.2835015913489581,0.2608163370341494,0.267832648345638,0.8552529176949967,0.4674945874232283,-0.9878369394111813,2.1211423745215896,2.116863276982086,2.118424266628551,5.456752634484582,5.443923874791433,5.477965587462466,0.562745350766241,-0.5203297715459044,0.10877941398288128,0.05949749707179326,0.04618702529647113,0.04669273433448925,0.04683894717815923,0.2691387604010131,0.2689031401427619,0.269393153597422
100.0,0.0,90.0,30.0,0.2368773592621524,0.2362632446051459,0.23672358176620767,0.4041904941433503,0.3994601230925457,-0.4526371789651056,1.8631014862897408,1.8615698143375565,1.8621206643927004,23.839704066286547,23.824820689141436,23.826694610508245,0.5610908219554596,-0.5198393037975151,0.7368469676095196,-0.05230434989447482,0.26063754198096567,0.2606122454154358,0.2606625330246902,0.23674784409352548,0.2366212145343756,0.23682965117902355
90.0,0.0,20.0,-30.0,0.2866813010288325,0.2602414663328384,0.266319664840379,3.13732521771266,-3.139254751563355,-2.551405495369444,2.1007529477216367,2.103651216071765,2.10225847396097,5.36724613945743,5.378051296455165,5.391705916913387,0.562745350766241,-0.5203297715459044,-0.12031154893740469,0.24997287318255154,0.10225464349816626,0.10251878856207161,0.10283145537669451,0.2666679765119236,0.26685665936351505,0.26648251539110035
90.0,20.0,30.0,60.0,0.2678185909729538,0.2662034047738345,0.2670044220911169,1.417855024774282,1.025708159262029,-1.0518112775333763,2.103655371244716,2.1014793625154122,2.104435664733274,6.5404583226399255,6.5466255497633155,6.5483332056993175,0.5984987239536121,-0.7371513072756187,0.2218290345138215,0.13177822230134803,0.0808077105404695,0.08098542881103074,0.08077603197598142,0.2668596259105278,0.2669629570284945,0.26723628805495925
100.0,0.0,60.0,-30.0,0.2670244882962739,0.2664740461872493,0.26674039858251913,-0.530384980322506,-0.5373218585004159,-0.5945234615156064,2.099810970391215,2.099869174190183,2.099791541776744,15.220421409910301,15.219018809762348,15.214902916089926,0.5610908219554596,-0.5198393037975151,0.5245036694652235,0.03720079151448529,0.1645746761333234,0.1646118606754354,0.1645061488713096,0.2667371994680009,0.26673384955070656,0.2667285420331247
20.0,50.0,50.0,60.0,0.1541281413941696,0.1525362080526685,0.15367343215887203,-0.5785955750810278,-0.6448006886388501,-1.7631767468015465,1.2184893378891002,1.2177445537633211,1.2203859624405016,15.448642815697408,15.449992250687211,15.458759185871026,0.658991099436022,-1.6861926913303058,0.12680470363161536,0.36932842450384035,0.2125047937134143,0.21262684571153248,0.212647363838557,0.1535122462674866,0.15374971754088068,0.15384919663237914
20.0,0.0,20.0,0.0,0.0753642417702162,0.0734565116722423,0.07452986430897238,-0.6023510897573118,-0.7220541544145936,-1.0572942120492692,0.5888636407349733,0.588959115856868,0.5881239843393204,5.686882581882441,5.686380332541202,5.684265954336826,0.5841886751953623,-0.5231776405480634,0.05571985014369015,0.03306498637665661,0.07290604284851183,0.07283746159337051,0.0730627406826546,0.07462579063453949,0.07451630434158492,0.07453592769899954
100.0,0.0,60.0,0.0,0.2670383340657764,0.2664768962741941,0.2667448584559117,-0.0109106220408877,-0.0191039202304944,-0.5960664806385381,2.100275350623421,2.1003220758557406,2.0989564158707936,15.22442280771534,15.224240889469867,15.21944650308879,0.5610908219554596,-0.5198393037975151,0.5250778910330194,0.0382078747117169,0.16473256096770172,0.16471729468444088,0.16473079966643397,0.2668474575749191,0.26668360437811933,0.26667674038392475
90.0,20.0,120.0,-60.0,0.200906600061748,0.1951045241657508,0.1995443813571218,-1.57444356989222,-1.588357656991278,-0.7395936681490182,1.5758872843844816,1.5755281687345708,1.5756472609844678,33.25290166222346,33.27116546049297,33.26910489707848,0.5984987239536121,-0.7371513072756187,0.9004224077320528,0.19709375540343232,0.3869116152480981,0.3872556168050058,0.38725545339643797,0.1996914826849267,0.19969067031529225,0.19974497561649618
50.0,20.0,60.0,0.0,0.1537098687734856,0.1531848195440386,0.1535342994536181,-0.716322497495312,-0.7232363077798794,-1.0038475881805824,1.2121695857481878,1.2136241415348565,1.2128057575476583,16.99284497339858,16.988759667614172,16.985682079451585,0.6115535893142118,-0.8927449704416845,0.33970176804534186,0.1769175517129181,0.20867259218439405,0.20858168815005346,0.2085179065885616,0.1535616531300882,0.1536324590609562,0.15344826766901276
20.0,0.0,30.0,60.0,0.0709372926349744,0.063060591377985,0.0680727162534392,0.3413681846472172,0.0931516631198448,-1.0388056654475382,0.5388964900656804,0.5404453299636132,0.5395325167739715,8.523250497002813,8.52082332178152,8.527033963019576,0.5841886751953623,-0.5231776405480634,0.07361472057689496,0.04191061287115662,0.10490802175308965,0.1049747651357197,0.10512387451149323,0.06827952827762893,0.06835872414361338,0.06816639298533175
0.0,90.0,20.0,120.0,0.2630605952780208,0.2485686139519618,0.2568117415662393,-0.0370263064261289,-0.6699190863231906,-2.18394420809424,2.058963935558928,2.0675190777578534,2.0595806454446164,8.6370640137581,8.65913476815915,8.642754564691531,0.7100174044766513,-2.0547884519709454,-0.04503835850296615,0.5072577762108232,0.1656077209049232,0.16596384799659192,0.16551134533152134,0.2613145140065167,0.261418278376537,0.26033488104337843
0.0,50.0,10.0,30.0,0.1799218731954416,0.178556529636336,0.17930590296028426,-1.6248051013690954,-1.7794748775388864,-2.1294842448757856,1.4148763324490965,1.4165782419128077,1.416456698905222,4.90806722996045,4.905224606438329,4.904808332653835,0.6597422425592191,-2.0628742020185755,-0.007692325027693407,0.21643315939679816,0.101883692164156,0.10182888727845922,0.10189263839026678,0.17927307653506416,0.1794670917606702,0.17925407782471298
100.0,0.0,30.0,120.0,0.2829556840660893,0.2615493452185972,0.26866862403935987,2.8144038385251555,2.1525847574577788,-1.0091720199212675,2.1161663989903596,2.1216078220627153,2.116751911382243,5.901705876606452,5.896092537005366,5.897440051094277,0.5610908219554596,-0.5198393037975151,0.16608162351167852,0.09179622526581424,0.06143496156852196,0.06128616305202305,0.06140774094371328,0.2691493722880022,0.2692506928269121,0.26853928543798977
20.0,20.0,10.0,0.0,0.1278706056874553,0.1149582576551394,0.12124776228638479,-0.6401402091890923,-1.3727779215267408,-1.6616206880261484,0.9584415391583566,0.9592882463912683,0.9589016688485296,3.644090817954277,3.641114359685037,3.642600172638043,0.6162442654560011,-1.27379193074638,0.04057593444890815,0.08839077998617226,0.0678793336512277,0.06771705125304861,0.06775264241056339,0.1214807565402932,0.12153688811776295,0.12142496554587143
90.0,20.0,70.0,-60.0,0.2558937688038937,0.2537904390163588,0.25425817025518943,-1.3736952434831529,-1.3945911495259526,-0.7927736468406993,2.0028388948638356,2.0034361112266907,2.004253893068061,18.97990888892681,18.98680380428819,18.987386194152837,0.5984987239536121,-0.7371513072756187,0.6584485268386142,0.18137253564538824,0.22449734840414506,0.22464826582401168,0.22459201338425896,0.2541365045527724,0.25432022111749714,0.2542423795392076
20.0,20.0,60.0,30.0,0.087972242844303,0.0869382785189635,0.08768865002143691,-0.7930795398296903,-0.8315662511372972,-1.4408308464646202,0.6988935597986857,0.6982086211207739,0.697356975782724,17.309412758230774,17.30353079052628,17.29969312376728,0.6162442654560011,-1.27379193074638,0.13677893374254482,0.17851667749652936,0.21452999624918861,0.21456676661679128,0.214458761475298,0.0878142666458062,0.0876251663659331,0.08771120309065304
0.0,90.0,10.0,-60.0,0.2684077168693461,0.266589722861509,0.26747911104590105,-2.533382879166563,-2.891369645143244,-2.0004823185100538,2.1095543680176307,2.1118504583827606,2.112283556832105,5.840683819896735,5.8383427005613315,5.840521086304951,0.7100174044766513,-2.0547884519709454,0.04058968459616504,0.424533746532359,0.1336366828844392,0.1336125813874417,0.13367509225735624,0.2673531345742862,0.26769360200100295,0.2674067730226429
90.0,20.0,90.0,120.0,0.2110799339231538,0.2089205094225184,0.21071665884494828,1.8700273881860263,1.852634641469731,-0.5234094194618987,1.65723682025282,1.6594063038581863,1.6593941169929076,24.179532603564287,24.19746934107504,24.192685746751774,0.5984987239536121,-0.7371513072756187,0.682083676828797,6.688645028002295e-05,0.2705172907295971,0.27071479697576234,0.27069252159866236,0.2106702139349531,0.21093988319262813,0.21065885298094403
20.0,20.0,30.0,120.0,0.1059160235625115,0.098122892716703,0.10298663788987661,0.8075064158611605,0.2900458524439289,-1.6374926916230936,0.818454005932538,0.817141325392127,0.817024911215085,9.281088991142669,9.285324831938256,9.28738620750815,0.6162442654560011,-1.27379193074638,0.06855013016533587,0.14114086467872927,0.12911532635573092,0.12910122298787888,0.12906098015917267,0.10328158832553742,0.103097285546279,0.10326831839208243
20.0,20.0,20.0,0.0,0.1142974135648243,0.1111018214554548,0.11279696686228774,-1.1392815909056797,-1.2525141292809865,-1.551083144505982,0.8917983426234021,0.8904641891245724,0.8941816892460731,6.447694734512187,6.4385712239540815,6.441034007972396,0.6162442654560011,-1.27379193074638,0.06702145625576726,0.11109590737786548,0.09742006322972108,0.09720539598509488,0.09738055527818403,0.11262756353848284,0.11291169491004896,0.11309323501889738
20.0,20.0,50.0,60.0,0.0937955342359592,0.0911254702872288,0.0930904045754057,-0.2669085919268725,-0.3560142942673744,-1.472275710801077,0.7398710647580621,0.740849257000844,0.7391801079487029,14.614152977474882,14.614200999532912,14.612385389492164,0.6162442654560011,-1.27379193074638,0.11987991001160944,0.16744252711487617,0.18544853724706728,0.18547848608379375,0.18528428103912015,0.09323906072866908,0.09316969890620602,0.09302952654360008
100.0,0.0,50.0,30.0,0.2671960384115019,0.2665288460221982,0.26678828345644184,0.6293306619312918,0.5786502524246718,-0.6256135771503969,2.101036276883985,2.0990889956792245,2.1002500522665857,12.21565676681753,12.205724221162585,12.211742400231287,0.5610908219554596,-0.5198393037975151,0.40922396158144203,0.04234042945248831,0.12888995630061864,0.12882380360473136,0.12902215187718732,0.2667702254097883,0.2666715030283717,0.26692364834895316
20.0,20.0,120.0,30.0,0.0636101842841907,0.0596602965552745,0.06141670336052834,-0.6883621774425243,-0.7358904932805441,-1.2898328797480971,0.4976485964382501,0.49706915748192,0.5000261284519394,33.63744376180543,33.61656516881817,33.62621494577786,0.6162442654560011,-1.27379193074638,0.20976611238832507,0.20011493848479264,0.3941017741406797,0.3941081382750497,0.3941088428303571,0.06140116947228328,0.06170392183068436,0.06176102518354849
20.0,20.0,40.0,0.0,0.1003054653723264,0.0989519309601394,0.09985901018982038,-1.2915378265302158,-1.3211257206699605,-1.482908178964702,0.7934221706925505,0.7911582821385928,0.791588931794352,11.888822355939217,11.88925649036153,11.88363229556033,0.6162442654560011,-1.27379193074638,0.1066296519208936,0.15200279854361437,0.1554811442583591,0.1553216098527506,0.15536407873879027,0.09995008427501803,0.09972076482591356,0.1000150814705733
20.0,50.0,40.0,-30.0,0.1637464581509204,0.1627198630183633,0.1630631212580345,-2.072816760320007,-2.1202050732482243,-1.7528353185220864,1.2914197771489337,1.291305367285669,1.2911904577660707,12.766226713557936,12.76431547559212,12.763458378775924,0.658991099436022,-1.6861926913303058,0.12029526412963172,0.3374186746097983,0.18381539229824706,0.18398549980377218,0.1839696320234858,0.16307868350478202,0.16304477891449456,0.16307020619313753
20.0,50.0,40.0,-60.0,0.1652674398925827,0.1628432553508243,0.16353449770750475,-2.5275618442565952,-2.641170793761757,-1.7401009993808763,1.2946497833782404,1.2946238369112852,1.2950653539630683,12.753080142849749,12.7538504975693,12.758679424031126,0.658991099436022,-1.6861926913303058,0.12503430050991898,0.3361665264269153,0.18366506839018668,0.18380026295259416,0.18366015920750609,0.163469581554271,0.1635257367264079,0.16353495226217823
20.0,50.0,0.0,-60.0,0.1963741935887483,0.1952054560841789,0.1957819174386897,-0.5946595859789359,-1.2951574967289865,-2.091324669977518,1.5421830886385464,1.5453362504433803,1.545418577552721,2.3744420430980266,2.3669138609043845,2.3713199115154397,0.658991099436022,-1.6861926913303058,0.0006017250669815729,0.17902385358211606,0.07732015993876516,0.0771020072627134,0.0773036633275507,0.1956457733139487,0.19605648968148073,0.19565963437057735
0.0,100.0,0.0,-60.0,0.2681438280223742,0.2663331914375799,0.2672240670755853,-2.0264251907514157,-2.061172442017103,-2.091372843140037,2.1086983315178194,2.106656696891439,2.108660147462696,3.220505096997556,3.216051863936749,3.2115656516181654,0.7218526699760112,-2.0319799578528905,0.0010736174933873035,0.3327532027145367,0.10488833235466391,0.10462088011877771,0.10465832424754183,0.26715949412618123,0.2671535484143838,0.2674210837109416
0.0,20.0,60.0,60.0,0.070001028050114,0.0694007140829417,0.0696932107225004,-1.0399581486292064,-1.079298940516497,-2.101027042132776,0.5583087562379354,0.5600993392208573,0.5573870000883843,17.36335476914506,17.35404297562806,17.357498060089483,0.617145342061956,-2.0150473293853004,-0.0011058948931018497,0.17955571672672724,0.21576240549458137,0.21555750772074117,0.21538018581483803,0.06986307428840503,0.06976097293186834,0.06952495248215039
20.0,50.0,110.0,30.0,0.118290063812055,0.1163453960776893,0.11714372919344967,-1.10952165488489,-1.1320103756580198,-1.6982356410006854,0.9390294339577182,0.9384339435584016,0.9405480499180987,31.688062142200767,31.660758881963524,31.67394917581886,0.658991099436022,-1.6861926913303058,0.21101458322108427,0.5001439013087172,0.38849887743149913,0.3884531607965253,0.38853811380253706,0.11710507771958717,0.11727942848630046,0.1173566348686077
50.0,20.0,10.0,120.0,0.1827592530495599,0.1668157137656122,0.17526325842751353,2.116299501470086,0.7138048932917991,-1.6962923757530892,1.3847771966481928,1.3825385394352019,1.388039090032186,3.5422885286842183,3.540231612496782,3.5335814841993494,0.6115535893142118,-0.8927449704416845,0.06072100100499687,0.14851871534924135,0.07739393126123323,0.07737197584557579,0.07711612004741485,0.1752249675500523,0.17563560508803272,0.17592315787836782
90.0,0.0,120.0,0.0,0.2037207831353865,0.2021707541737341,0.20291750375263853,-0.3056295613269859,-0.3176141238795668,-0.5233393664703765,1.5975108155401772,1.5959155444009905,1.59937289980459,32.714728427449586,32.71245106265092,32.703419195904466,0.562745350766241,-0.5203297715459044,0.8953170924489523,-0.00023272540707165756,0.3693555418383802,0.3692170563147245,0.3690570244307036,0.20276237683013873,0.20300548889285955,0.20318522189607696
20.0,0.0,0.0,30.0,0.0894701204174801,0.0597085068960441,0.07527745145393759,0.3455526696634892,-0.6095419098213847,-2.0798077021433925,0.7321359077443643,0.7316519364162665,0.7316517289534747,1.927383349434486,1.9305793778583378,1.9357696630744397,0.5841886751953623,-0.5231776405480634,0.0004733043325337444,0.05568956021427769,0.06040698922751387,0.060459082266853696,0.0605765283453658,0.0926022261938099,0.09254849880898401,0.0926227910164054
50.0,0.0,0.0,0.0,0.1668043277496807,0.1471818783256022,0.15841239850212258,2.5289071559731937,0.4143255335348795,-2.0911992954830456,1.249446935914381,1.2492877308524988,1.253238678375508,1.9589900499391106,1.95220415918979,1.9570949821670163,0.5786783317088385,-0.5219133872819157,0.0004451304560508828,0.11815188948071584,0.0631135610767144,0.06295017620642905,0.06289626266761783,0.1582375251223871,0.15870841764010535,0.158740877642884
90.0,0.0,80.0,60.0,0.2491061344172227,0.2475444850949247,0.2487311300488292,0.8865313462567948,0.8747257607177485,-0.5595838823898982,1.957221836322736,1.958076966608515,1.9588474913973453,21.178889036445796,21.175817137222726,21.177771619293644,0.562745350766241,-0.5203297715459044,0.7001451523661002,0.025351429921786194,0.23537265197234652,0.23520399950198756,0.23546464644853618,0.2486631258907277,0.24885980630784052,0.24874879436741534
20.0,0.0,20.0,30.0,0.097152930082037,0.0579093788664526,0.07548461855508068,0.1408477064513959,-0.8837373034106976,-1.117194733574178,0.5991244333253348,0.6001972208116028,0.5999669538104865,5.752275477389747,5.757064795080611,5.7498087710891035,0.5841886751953623,-0.5231776405480634,0.05517399088825994,0.0373212540351698,0.074751290038998,0.07481322002440771,0.07487309568607667,0.07591192447979545,0.07602894039838141,0.07588452484618453
0.0,90.0,40.0,60.0,0.2380862041760686,0.2372425373804527,0.2376079395186306,-1.052527844498882,-1.0735499097194463,-2.099067335898084,1.8789092171875286,1.8810370172175341,1.8803647151440708,13.889635053058228,13.88686817612315,13.892703329512589,0.7100174044766513,-2.0547884519709454,-0.00284072411810628,0.6190104174179719,0.21808586353614118,0.21801949818448618,0.21801610605274027,0.23757237057749658,0.23776981599799726,0.23749808761302874
20.0,50.0,90.0,60.0,0.1380188307570596,0.135208318537324,0.13646610310340118,-0.5507112830997094,-0.6042217649370896,-1.7027620880206862,1.0870609917771628,1.0886371171662814,1.0891952111892678,26.340396317673676,26.337561669068155,26.338525712781212,0.658991099436022,-1.6861926913303058,0.20722745076502155,0.49935426004574984,0.33210332551662086,0.3320493468933216,0.33215760018983015,0.1364588941126773,0.13671172073634294,0.13651024914174842
20.0,90.0,110.0,30.0,0.1907239046963652,0.1882610275108099,0.18949600753264476,-1.2000226538715706,-1.218880522306411,-1.7973995106392409,1.5088339391060925,1.5069076948269424,1.5150163687244413,32.57121534721534,32.557951913970975,32.56168875580615,0.7088879274287126,-1.824588487784622,0.27735662750849766,0.9004331163004796,0.41688257398478296,0.4170897072962256,0.41698419512171414,0.18900176543087446,0.1897971957970915,0.19003801889442354
0.0,50.0,10.0,-30.0,0.1801735557204506,0.1787772604870667,0.17949965510446403,-2.3102323538932947,-2.506095965795972,-2.031163917868197,1.4170936781219485,1.41788936814722,1.417007162666628,4.887721770253297,4.888251302655056,4.892839071565165,0.6597422425592191,-2.0628742020185755,0.01393680958748661,0.21574942060922245,0.10149446330323916,0.10148785017961487,0.10148671961971607,0.17955047864774587,0.17953878290477696,0.17944500502360114
0.0,50.0,90.0,-30.0,0.1267827198294275,0.1254336915870934,0.12601639752312507,-2.593743135852548,-2.626583295209683,-2.0852792486155423,1.007148780065202,1.008035059088026,1.0064190898113297,26.356994499503212,26.368724408241015,26.36353799491406,0.6597422425592191,-2.0628742020185755,0.005246722038731028,0.500003074824462,0.3323847293233404,0.33271158047549704,0.33244585913937136,0.12617119213054953,0.12609361822819343,0.12599279123569782
20.0,20.0,40.0,-60.0,0.1039256415831191,0.0998561347721325,0.10118866919608868,-2.2098440087187243,-2.3497649452894405,-1.4516860233851099,0.8012495726245765,0.8013395920429748,0.8028798119699496,11.871026362255739,11.865276451286197,11.865158650521948,0.6162442654560011,-1.27379193074638,0.11271595011072873,0.149777542715723,0.15486267497718265,0.15494514048454322,0.15492883233673102,0.10101823577870826,0.10122773214422959,0.1012113570475447
20.0,90.0,120.0,60.0,0.1938983463041205,0.1905963736793448,0.19176083032232785,-0.4704567184495955,-0.4877332942940416,-1.6180060762904418,1.528859578486098,1.531638228431036,1.5254462875981576,35.128462308736964,35.11437348545485,35.12603557028529,0.7088879274287126,-1.824588487784622,0.46675084541202627,0.8997235068749365,0.44334582765321756,0.4433814027342303,0.4432215366488324,0.19232697591663842,0.19190672642321746,0.19157509003629974
50.0,50.0,10.0,30.0,0.2364842407195734,0.2247632839894452,0.23073218919359592,0.6541729257971507,-0.2791920307143449,-1.751075301913771,1.8235657740935516,1.822035656725487,1.8186408959017335,3.4668851649522363,3.471298994938933,3.478756266028465,0.6550888176419655,-1.2898374651384217,0.08249287388116754,0.23150717307288107,0.08930203339138518,0.08960288766820325,0.08964646899139916,0.23130322407889373,0.23067751317822247,0.23087077804856476
90.0,0.0,0.0,-30.0,0.2680544161314068,0.2661406320716557,0.2671054144631762,3.1362750423425503,-3.1410982856828125,-2.091362685323016,2.106223467679137,2.10858643316233,2.108527255944516,3.257266487613324,3.252493358098268,3.257220856728947,0.562745350766241,-0.5203297715459044,0.001084048798530117,0.3375906760878476,0.10621056982141856,0.1060811040063627,0.10628648376286423,0.26712512476313294,0.2674159513945661,0.2671150185462852
0.0,50.0,70.0,0.0,0.1314969203863747,0.1309922200284049,0.13119447635922643,-2.093168496105469,-2.1036247900835945,-2.0969542027913595,1.0466629567580612,1.0450183879593005,1.0440282176798568,20.866442019250016,20.865002502442977,20.855264950955647,0.6597422425592191,-2.0628742020185755,-0.000719345892991819,0.42516995850893463,0.27134316621458143,0.2710774672984335,0.2712140771674441,0.131361934609983,0.13103108925506163,0.13123654641997648
20.0,50.0,40.0,60.0,0.1624319777343867,0.1600124005098357,0.16160495339793632,-0.5469605295557872,-0.6631318825505756,-1.7799082051305015,1.2795473900591143,1.280365486056702,1.2807243812332056,12.780764025239153,12.779154873628666,12.78647623555853,0.658991099436022,-1.6861926913303058,0.10960347291625468,0.33824047677636865,0.18416466194152278,0.18418130454198187,0.18433345875943083,0.16157401409352262,0.1617244098859764,0.1616202369420245
90.0,0.0,10.0,0.0,0.2688890104346185,0.2606156298565715,0.26622396004779236,3.14090432648132,-3.13449877073422,-2.2564981195891396,2.098745805367674,2.1004044686006993,2.1026792737053186,4.598885198864361,4.602688073685919,4.5946974189522205,0.562745350766241,-0.5203297715459044,-0.052401707176514954,0.3427959298373166,0.11452101858094665,0.11460770957550205,0.11453702628844518,0.26599579330135786,0.26650028041678064,0.26628075437498994
90.0,20.0,60.0,120.0,0.2641204930173731,0.2562925416906814,0.2623995822205964,1.8394850883949123,1.7495084795076787,-0.8204034193060209,2.068628582801888,2.0680004706503654,2.069529656815851,16.052100983106797,16.058171420779257,16.05609629908919,0.5984987239536121,-0.7371513072756187,0.5735353701577693,0.17618852546261227,0.19114932165383766,0.19131234571508623,0.19121713514295946,0.2624312897172246,0.2625462261322962,0.2626296436373535
20.0,50.0,70.0,-30.0,0.1411079449323981,0.1403390960590738,0.14064263238834082,-2.1642093737932813,-2.183717820242121,-1.7396591695835262,1.1175132515272677,1.1179629992121378,1.120546115649367,20.830868444309314,20.83208385432123,20.836058709366007,0.658991099436022,-1.6861926913303058,0.15847948264875497,0.4266118494073932,0.27050269533991206,0.2706210463991349,0.27051466660610735,0.1404098163415849,0.14079431188267322,0.14072557034787656
50.0,20.0,120.0,-30.0,0.1166671537489986,0.1137723759846514,0.11570956230934809,-1.3042658904432278,-1.3193979420830753,-0.9004794501560223,0.9167668301871739,0.9207469496435247,0.9192464625250529,33.52706429373979,33.53826936145676,33.52797497279726,0.6115535893142118,-0.8927449704416845,0.5045834328956901,0.19901504294304767,0.39224314909510255,0.39272382059051747,0.39215785449985613,0.11583091289939705,0.11616602872174744,0.11562925702752207
20.0,20.0,100.0,120.0,0.0760231252319148,0.0704224526490377,0.07260638358677104,0.9808188307630292,0.8329920303353882,-1.2768041610130714,0.5820248648911851,0.5818194128228549,0.5831235604248244,28.14978825759365,28.15754749683876,28.157417217138924,0.6162442654560011,-1.27379193074638,0.21163016215678945,0.1968615060834451,0.3332535341042067,0.3333248103450598,0.3333556918873967,0.07262293273876662,0.0727707513222707,0.07279031863758992
50.0,0.0,120.0,120.0,0.1176473135747969,0.1116318600513348,0.113569804630758,1.6970393176816057,1.6709417683381431,-0.5260958146949322,0.8935703147450137,0.8950609711619535,0.8948053164352289,32.989304877354236,33.00313175633765,32.99950160785426,0.5786783317088385,-0.5219133872819157,0.5097636205532751,0.0012506764534854023,0.37480626476755624,0.3747050346430441,0.374817064521296,0.1135740114977531,0.11371685537470527,0.11352484601363882
20.0,0.0,120.0,30.0,0.0490013016976191,0.0443995596300929,0.04609114215563996,0.0896506539650315,-0.0039636394486686,-0.5232941426567373,0.36818490835517387,0.36571273561011575,0.3659005925144617,33.109150702781506,33.09873331369713,33.10314555686447,0.5841886751953623,-0.5231776405480634,0.20870614735237003,-1.015968766409829e-05,0.37715715900110824,0.3770993300631335,0.3768097700739411,0.04654955932828339,0.04627542517605286,0.04659153016178899
50.0,0.0,70.0,0.0,0.1409312445155144,0.1405793397678117,0.1408069248270073,-0.362947874363434,-0.369784992456488,-0.6180380899118144,1.1096280973244121,1.1090354298917624,1.1089931596262395,19.107061940552974,19.099750991080604,19.087957960594952,0.5786783317088385,-0.5219133872819157,0.36584756275785907,0.034660221497770476,0.21832838998892803,0.2181672377075563,0.21813114050142848,0.14085653380529822,0.14076431281148696,0.14084929038478988
0.0,50.0,40.0,0.0,0.1534694813645109,0.1530717283446522,0.15326600924431372,-2.0932397144104318,-2.099081311478065,-2.0949281406460667,1.2155312922815078,1.2159716472178372,1.2129766465841914,12.864796469601526,12.854609629724028,12.8573823416067,0.6597422425592191,-2.0628742020185755,-4.739322243186605e-05,0.3395570622723896,0.18555604674092316,0.1854429246557018,0.18541762379521,0.153513581503981,0.153188015036025,0.1531244598637015
0.0,20.0,30.0,60.0,0.0898313528922758,0.0858794437340191,0.08787800041352001,-1.0267920227986125,-1.176466297193215,-2.1210895317454748,0.6988075911462217,0.700218544387613,0.6978435960636274,9.340331004730087,9.34144439724992,9.34313512807606,0.617145342061956,-2.0150473293853004,-0.0036286559252639836,0.1348014244597652,0.12954358014287062,0.12977026244737214,0.12968393522946015,0.08820090927134974,0.08808226959073295,0.08787483307716262
20.0,90.0,70.0,120.0,0.1340814715314121,0.1274956253574131,0.1328617051231469,1.5156190835520484,1.437590497551375,-0.8196721060472628,1.0495338973523443,1.0490302943820806,1.0502110841508123,19.454062095183144,19.4630324913433,19.458092413887957,0.7088879274287126,-1.824588487784622,0.34826096955279096,0.10665942976654703,0.22926408500707093,0.2293403972579242,0.22920082781293014,0.13290553988226464,0.13298824639406415,0.1330467510282854
20.0,50.0,120.0,30.0,0.1159029603020294,0.1120508108817438,0.11395363408267534,-1.0025375317981415,-1.0480017879605672,-1.6070788579429476,0.9158190514767287,0.9129145727563491,0.9141869845296074,34.363921471886876,34.34745981977647,34.35660309854584,0.658991099436022,-1.6861926913303058,0.26697013201680897,0.500406609519038,0.4173630401837294,0.4172777600616133,0.41705656436478444,0.11414394944832745,0.11393502773360073,0.11430468756677702
50.0,0.0,10.0,120.0,0.1691280071257029,0.1474161755257238,0.15853368354041944,2.568659228125487,1.0957740678933023,-1.6078863342103695,1.2527617234175146,1.2571957456913763,1.2564017543496173,2.7917018081005933,2.789354395030987,2.784981817050643,0.5786783317088385,-0.5219133872819157,0.05158292385180756,0.09934320059398985,0.061014103982950325,0.06091494593285224,0.060651396755571386,0.15909111733413395,0.15958144535301488,0.15903377478897454
90.0,0.0,120.0,-60.0,0.2039637492403981,0.1982934702521071,0.2022755190525629,-1.3446731128676963,-1.3646747256620098,-0.5203836039970633,1.5953624872261492,1.5919943687327505,1.5919370866972034,32.699944811475824,32.71034656933912,32.708269136554506,0.562745350766241,-0.5203297715459044,0.8917084985446491,-0.0030414592760176925,0.36893390792945796,0.3693014549131207,0.3690638493821534,0.2025536304798215,0.20215061384565328,0.20256890334264913
0.0,100.0,70.0,120.0,0.118583354129327,0.1067518644136563,0.1170579883240403,1.5723374827044858,1.4630834503598078,-0.7430450099912821,0.9250767341854063,0.9243708327091285,0.9258286373535444,19.354580492676327,19.35865472939396,19.356213905373085,0.7218526699760112,-2.0319799578528905,0.3069966742228699,0.06903335468798281,0.225070217929527,0.22513440470306767,0.22520089465845491,0.11717329652936133,0.11726209006676326,0.1173520653978166
90.0,20.0,80.0,60.0,0.2383932954819928,0.2369125226157404,0.23809228943047378,0.7128948090963351,0.6997836942820832,-0.708493687338408,1.8761034430172692,1.8754537623886156,1.876831350930672,21.703259439100048,21.693068026449826,21.70019391671958,0.5984987239536121,-0.7371513072756187,0.7037149320338993,0.13172258841368517,0.25128934079697063,0.2509989135272009,0.2513779898046649,0.23803377791364283,0.23811440229102904,0.23820531206892104
0.0,100.0,60.0,60.0,0.2127338700065508,0.2113812712556149,0.2123181622596995,-0.6866799970977977,-0.7374141153485827,-1.8502992496354522,1.6828727266397676,1.6832178349258442,1.6834507630052173,18.966206385992635,18.9579066003147,18.95513846615049,0.7218526699760112,-2.0319799578528905,0.16423133588302133,0.659950793567627,0.26815622023356334,0.267982982435121,0.26804410922856886,0.2123085575570375,0.21239512694096271,0.21233921502716618
90.0,20.0,110.0,0.0,0.2190494792165914,0.2178804535373469,0.21848316730831757,-0.4934759105493685,-0.5044583824265204,-0.7416022318466904,1.7242429585400523,1.7232701655921923,1.7228354411605293,30.430805446245177,30.433831779104583,30.4190422768484,0.5984987239536121,-0.7371513072756187,0.903611409469809,0.19997714702215416,0.3544967538605017,0.35462160073652327,0.35440082714167426,0.21861979537451237,0.2184649136087377,0.21857740114391952
0.0,20.0,10.0,30.0,0.1099089464583594,0.0936375135290483,0.10280430123810531,-1.3770457196686463,-1.9819523598028967,-2.1518783594856496,0.8135676111788833,0.8142564960144744,0.8155238965203094,4.010849076487077,3.9976054131801444,4.007537391387487,0.617145342061956,-2.0150473293853004,-0.0051499072537559976,0.08745982728973836,0.07231470335501419,0.07222664345532252,0.07222623508594474,0.10297784791693247,0.10321430622480413,0.1031233466275672
0.0,50.0,100.0,0.0,0.1173501587885651,0.1155734624859556,0.11637082975407749,-2.0780756621947565,-2.0904236207797537,-2.0845583532384646,0.9363382752771303,0.9334981651362865,0.9298207808657113,29.024857378408697,29.01872578262462,29.01065796365865,0.6597422425592191,-2.0628742020185755,0.0060486079705025075,0.49999556269239354,0.3601361921480106,0.360072111460745,0.35986137842408367,0.11689032013891439,0.11607596617321027,0.11645178671688028
0.0,90.0,100.0,-30.0,0.1940458880669218,0.1925806247232703,0.1933434412530603,-2.603898307257155,-2.621704268263236,-2.0884865130269015,1.540975455296882,1.537937694795607,1.541000852814933,29.98285083086959,29.990368546189874,29.98435213002349,0.7100174044766513,-2.0547884519709454,0.006995821648339819,0.9000733803453559,0.3912168494868017,0.39115808110137756,0.39136619094957825,0.193306314914991,0.19330416659948232,0.19368810808410122
100.0,0.0,0.0,0.0,0.2681838648967198,0.2662570636014304,0.2670930823280933,3.139468411462252,-3.137894126488257,-2.0913395982762553,2.106323822438738,2.108170791264609,2.1081903471689416,3.259088505745051,3.2545722613238444,3.256827675389317,0.5610908219554596,-0.5198393037975151,0.001087760444834863,0.33755110806089755,0.10622403317919489,0.10609607795342103,0.1062872486692559,0.2671127912721664,0.26735127191228014,0.2671099584279241
100.0,0.0,70.0,-60.0,0.2643792591237528,0.2622242504144229,0.26265337357564844,-1.1238729675150612,-1.1432622426535934,-0.5760666818871153,2.0668327714843797,2.0673839008705466,2.0679408798895773,18.20220921291658,18.21027682581033,18.206618473510055,0.5610908219554596,-0.5198393037975151,0.6278674537226435,0.03278143261141716,0.20014297865398326,0.20043585985745496,0.20019759232251444,0.2625589384313765,0.2627045412617119,0.2626185853038589
100.0,0.0,80.0,30.0,0.2519134642139097,0.2508921004448997,0.2515772003367827,0.373261652797855,0.366241834133021,-0.5534851429361228,1.9816784072057227,1.980169850752689,1.9791833257868392,21.148914683870352,21.13376235626447,21.132982058187526,0.5610908219554596,-0.5198393037975151,0.7051202286566611,0.02116325191891657,0.23427708419503523,0.23420992813601696,0.23435791271494602,0.2517414489619174,0.2514160596174378,0.2516280417940401
0.0,100.0,20.0,-30.0,0.268493136720839,0.2672078669679742,0.2677758942913023,-2.451542410044389,-2.5765234901841048,-2.061280847905575,2.1153451621288037,2.1156176249299823,2.114445953939971,8.723983047508653,8.724743709378632,8.723326360028006,0.7218526699760112,-2.0319799578528905,0.0182802202199859,0.5342540481123611,0.16747892708130666,0.16742003010568135,0.16737913235326424,0.26787541244671614,0.2677559237628595,0.26772616878249933
0.0,20.0,50.0,60.0,0.0761209523337344,0.0748462045311017,0.07540338203209658,-1.0338466965266335,-1.1018393496983694,-2.102056762760363,0.6018275484499528,0.6022188765139473,0.6025499198752451,14.678908799735309,14.67872108294409,14.67595590549807,0.617145342061956,-2.0150473293853004,-0.0012890724008457843,0.16791326640064488,0.18654587079316143,0.1862019066712856,0.186324202341639,0.07537566322770252,0.07546248264703588,0.07540943940517729
100.0,0.0,40.0,120.0,0.2677881224622506,0.2661324327239571,0.2668916447335955,2.395503038052435,2.111358985514438,-0.7272925349149952,2.0996509966894554,2.102139616607787,2.101686028815759,9.173497722449532,9.173995693006304,9.170299017690017,0.5610908219554596,-0.5198393037975151,0.29671003102965543,0.06430755137323378,0.09502101172349607,0.09491295997225559,0.0949057921164809,0.2668116785080545,0.2670705515805307,0.2667549733798315
0.0,20.0,110.0,-60.0,0.0473513717369065,0.0451793416838077,0.04607944228840442,3.141587903856269,-3.1414059239066736,-2.061865082488354,0.3788252031533449,0.3823681082122174,0.3818539626648901,30.912293662651358,30.93026244472499,30.92837661948154,0.617145342061956,-2.0150473293853004,0.0073455641112402,0.2000637848233565,0.3638160770965279,0.3641352894402767,0.36396088857804193,0.046209289127169796,0.046575439303596346,0.04615261139182711
90.0,0.0,80.0,120.0,0.2495868888280288,0.2467129780972179,0.24901643450203367,1.9292355554277163,1.9061244735805312,-0.5656720862285645,1.960003604076371,1.9613737593779805,1.9602882556696057,21.189299960165943,21.19412049593892,21.195784688499714,0.562745350766241,-0.5203297715459044,0.7024088134581938,0.029856962895209005,0.23568828986163595,0.23596886199172895,0.23591136734165385,0.2490942959200779,0.2491330005950517,0.24896865621905803
100.0,0.0,80.0,0.0,0.2528668599509199,0.2523384546388418,0.25262585652086317,-0.1584111102282498,-0.1615802120381265,-0.5624036492007699,1.9892957166982828,1.9878501106881068,1.988695074073574,21.15801128694392,21.15722374677719,21.156420482423833,0.5610908219554596,-0.5198393037975151,0.7101027920928011,0.027588431696847975,0.2351201842003101,0.23507232422774016,0.2349177258815925,0.25261659134599806,0.25255503122308137,0.25273180267392853
100.0,0.0,70.0,-30.0,0.2630251464049132,0.262207165760545,0.2624146155350156,-0.6121626374377814,-0.619669244410867,-0.5777745359257838,2.0659224883435514,2.0657584309620085,2.0653625268175233,18.211111697835104,18.215390308694055,18.214012459342054,0.5610908219554596,-0.5198393037975151,0.6279652095578414,0.033985809506168044,0.20043073444146242,0.20038750733722097,0.20054479595159694,0.26243871386704193,0.26237976268753255,0.2624044240368498
20.0,0.0,50.0,-30.0,0.0651544421635131,0.0632830028653403,0.06383967532492353,-1.2019757038287189,-1.255128028261654,-0.8606581651214915,0.5056592191233888,0.504082029632899,0.5051963961819932,13.929263553876869,13.92255734898565,13.918492446930939,0.5841886751953623,-0.5231776405480634,0.11786950271968291,0.041217414811899514,0.16317277445082623,0.16320621939904859,0.16308253856319627,0.06379710455988337,0.06374977173599738,0.06394903996192398
20.0,0.0,60.0,-30.0,0.0616328819974675,0.0600950104380284,0.06061269778106463,-1.18962843498065,-1.231886037105181,-0.8087463857512142,0.48011007449402454,0.4793938984207445,0.479387675149368,16.661817030821865,16.662445716648183,16.662434986731554,0.5841886751953623,-0.5231776405480634,0.13484847314015055,0.03945566187485598,0.19372533300501668,0.1939006932153568,0.19376054539612636,0.060635415040006024,0.06055765244200161,0.060648868618585816
20.0,90.0,90.0,-60.0,0.2139194384725464,0.2115921330005686,0.21283532690927812,-2.843413717686481,-2.8516917676754905,-1.8653824405904758,1.6923861699711569,1.691191325760063,1.692732930177702,27.347813058661174,27.34509424697936,27.349260812101022,0.7088879274287126,-1.824588487784622,0.21115395085010472,0.8990294993624011,0.3640607244709422,0.3640845036096063,0.3640691865764133,0.21284075373964226,0.21289025027017816,0.2130202913034771
50.0,20.0,110.0,120.0,0.130446183961554,0.1244854856100895,0.1267175893102293,1.3442060977352777,1.3141952804903156,-0.9004700846143219,1.0009577258545883,1.0034212389588424,1.0071269897411885,30.76993375060648,30.78242579577251,30.784121000365936,0.6115535893142118,-0.8927449704416845,0.5092915602448288,0.20094560176408463,0.3611503836751541,0.36115352740411577,0.36134919730890547,0.12637237441435653,0.12713710181379126,0.12680751312279173
50.0,50.0,0.0,0.0,0.2293713928235032,0.2285129016068428,0.22895841626710423,1.603275659343528,-0.1564574886749108,-2.0913687051476715,1.8102371881694905,1.8033381036346845,1.8052457375185316,2.7809900069724565,2.7896544960106113,2.778469678034409,0.6550888176419655,-1.2898374651384217,0.0008035998588616672,0.24604135655628448,0.09065860653200068,0.09102374702562867,0.09047368826874709,0.22914013892136306,0.22848949442310784,0.22936363292787376
0.0,20.0,110.0,30.0,0.0472187139000234,0.045117758537638,0.04622917166280985,-1.328771913912118,-1.4792874239330442,-1.9736651066840132,0.3826353068610752,0.38342361513901907,0.3803245090190514,30.926378785790032,30.917640181693503,30.917135217870324,0.617145342061956,-2.0150473293853004,0.02553585261720489,0.19915224289882288,0.36376975710040316,0.36391133998270514,0.3637650357432688,0.04668575117870384,0.046392530198576865,0.04629010730884765
90.0,0.0,20.0,60.0,0.2885233705558221,0.2552716405381621,0.2668125808727355,2.9221798005980157,1.476115778114283,-2.1561038807872626,2.098350541737647,2.1060698657459227,2.103843014373894,2.88829359623316,2.8994866961749426,2.8847615549457526,0.562745350766241,-0.5203297715459044,-0.00736686839933086,0.14845371868545623,0.0536531084696301,0.05350920166287806,0.05365128837272859,0.2667900063475611,0.267496130462051,0.26650723924908903
20.0,0.0,20.0,120.0,0.0962523837239884,0.0552422665134324,0.06915209085318377,1.6861209077541268,0.4350111058139581,-1.369154669703321,0.5588958207375786,0.5570062952887632,0.5574015605080361,5.958769074354118,5.956435141596715,5.955826256354535,0.5841886751953623,-0.5231776405480634,0.042360080939034324,0.047192472478781555,0.08000293779659258,0.08023338681817854,0.08007663001913669,0.07057519692960393,0.07038224405027213,0.07060867831774982
20.0,0.0,90.0,-60.0,0.0539306121878211,0.0530203344627755,0.05336005619068137,-1.5976513458912702,-1.626463630755645,-0.6391418666796845,0.42092537439600397,0.4225656714331232,0.4222774511397656,24.829136940548356,24.838916661559413,24.835059457350724,0.5841886751953623,-0.5231776405480634,0.18058031880287542,0.0209243815408246,0.2841559872365866,0.28443219256630453,0.284503100001112,0.053355934874548636,0.05353379276159207,0.05331504431534473
0.0,100.0,20.0,30.0,0.2683080988417688,0.267441599398745,0.2677253218671549,-1.5729121514222262,-1.6820211809656946,-2.108736481251015,2.1141874184288345,2.1146797598650053,2.1153463358031623,8.732779698627917,8.726248882664907,8.723984097293016,0.7218526699760112,-2.0319799578528905,-0.00795488854417476,0.5348854183522301,0.16762571680482347,0.16739734336850465,0.16749007272385175,0.26765688795750786,0.2677975941325406,0.2677349162608943
100.0,0.0,20.0,30.0,0.2804971805171012,0.254805732022048,0.2664553789974376,2.7635333457929923,1.1363741214742311,-2.311068172380258,2.095882410283923,2.1001347902841783,2.1023499690311787,3.165310656787228,3.185532023419643,3.183834910416605,0.5610908219554596,-0.5198393037975151,-0.041753972419792326,0.15529430508769937,0.0593209032887452,0.05918832298983533,0.05947828563451231,0.2661168688598547,0.2669422591457956,0.26640177718002434
50.0,20.0,40.0,-60.0,0.17460216473991,0.168791683245447,0.17052305843077079,-1.505820471581873,-1.619050107109001,-1.0211068294782997,1.3452567912103783,1.3446447119332336,1.343647481329836,11.2298906045364,11.233016668985904,11.232203369971051,0.6115535893142118,-0.8927449704416845,0.2563457224887721,0.1387347782225114,0.14296837248402808,0.14308368846656336,0.14303075796987796,0.1705414386060982,0.1703456129775859,0.17042871363171402
0.0,90.0,110.0,30.0,0.1859631540824696,0.1836128768560233,0.18473356107224395,-1.3174123671522862,-1.3386382319657812,-1.8943152034891306,1.471024912647641,1.47378726916302,1.4745310856464309,32.59984266240607,32.5837187086298,32.58518055734237,0.7100174044766513,-2.0547884519709454,0.18439682848053848,0.9002733750702637,0.41717429603101036,0.41757086342192845,0.4174442938204058,0.18468045260703295,0.18511660646386618,0.18477517669310445
20.0,50.0,40.0,30.0,0.1624663336015462,0.1610925495954903,0.16191258065716926,-1.0712899884275846,-1.1367964500805856,-1.7714894399411871,1.2822532053831681,1.2825982665239757,1.2826700505363968,12.777996414546479,12.77721572640773,12.77352858972755,0.658991099436022,-1.6861926913303058,0.11281772528874694,0.3376878694705636,0.18416468117871979,0.18409225092329543,0.18399813278592578,0.1619151060011107,0.1619740174548123,0.1619225301675005
50.0,50.0,50.0,0.0,0.1972017841775388,0.1963273869772792,0.19695202884780866,-1.037801867392232,-1.0547974101081443,-1.3716550133259593,1.5567014206937164,1.5586137185531677,1.5563921461637205,15.098007014067225,15.093417237877013,15.087328490442944,0.6550888176419655,-1.2898374651384217,0.3215265186357234,0.3645098625463221,0.2064644268166007,0.20643882700292476,0.2064231461914249,0.19707445257746053,0.1970279695270952,0.196798993891154
0.0,90.0,40.0,-60.0,0.2389798950863547,0.2382756525539417,0.23849649478904097,-3.0392437263478507,-3.1392363714242832,-2.077825364308748,1.887035693384481,1.8869287406527662,1.88728241036356,13.880084260821418,13.888923412353366,13.887983506371524,0.7100174044766513,-2.0547884519709454,0.01127068199324792,0.6231292080284002,0.21850997503197767,0.21863859566029747,0.21848798079366563,0.2384688025861562,0.23850181184916863,0.23852564288022915
50.0,0.0,0.0,120.0,0.1668043277496807,0.1471818783256022,0.15841239850212258,2.5289071559731937,0.4143255335348795,-2.0911992954830456,1.249446935914381,1.2492877308524988,1.253238678375508,1.9589900499391106,1.95220415918979,1.9570949821670163,0.5786783317088385,-0.5219133872819157,0.0004451304560508828,0.11815188948071584,0.0631135610767144,0.06295017620642905,0.06289626266761783,0.1582375251223871,0.15870841764010535,0.158740877642884
20.0,0.0,10.0,0.0,0.0869968936949644,0.0665742836283127,0.07663897538106963,-0.2116698874450895,-0.7486362900466857,-1.2607838708223078,0.6894234662919483,0.6876040729726023,0.6848264783156957,3.21519253797128,3.221624012683203,3.230280995618972,0.5841886751953623,-0.5231776405480634,0.028966586234184865,0.04301729289140962,0.06087376131538214,0.060717702771535466,0.06081211897473884,0.08731906830038487,0.08672137037897726,0.08691813370604475
0.0,20.0,30.0,120.0,0.0916763994221695,0.0863332854267613,0.08858851738664768,0.0231311505013478,-0.3484220163824713,-2.1625134550031127,0.7069086333359865,0.702945473242313,0.7075785850217727,9.347882744440465,9.344650341116951,9.357036418083421,0.617145342061956,-2.0150473293853004,-0.00951359235929555,0.13469079055078362,0.13035031969074407,0.13009912711950575,0.13030001960750467,0.08868797225792091,0.08879068084370038,0.08929953990441077
0.0,50.0,0.0,60.0,0.1896886808171504,0.1881509211736066,0.18885787555071556,-2.083329248963331,-2.097662724056284,-2.091254637664458,1.4915964072788974,1.4890606238541537,1.4888031702932938,2.2758211836711197,2.2878979336449765,2.2747021980244866,0.6597422425592191,-2.0628742020185755,0.0005706229034551925,0.1660427832690926,0.07428462077422177,0.07436120812743346,0.0741958480168302,0.1889965374785085,0.18864689853857336,0.18897592853098488
0.0,90.0,30.0,60.0,0.248865940982307,0.247389245556804,0.24805489949444257,-1.05293628627902,-1.1066304222910572,-2.102008418423423,1.9606312458214155,1.9615606599597817,1.9608219197432009,11.266139252497865,11.26325684997163,11.264392751667577,0.7100174044766513,-2.0547884519709454,-0.004416030688177268,0.5643945384483541,0.1907202617127926,0.1907098328759322,0.19060961076526206,0.2480680648043436,0.24811096265669252,0.24798342709211646
20.0,0.0,60.0,-60.0,0.0628926534046197,0.0602922292159304,0.06092901837064486,-1.6972789326307471,-1.7457965824006805,-0.8056784650773009,0.4811767946847019,0.4820444811598327,0.48265419246350694,16.652858453599034,16.662182226667817,16.66281597398063,0.5841886751953623,-0.5231776405480634,0.13569778459454235,0.03919508666103001,0.19371830166827222,0.19377550788521397,0.19371813910546135,0.06082862952546892,0.06101512999602103,0.06089527915892033
50.0,0.0,120.0,30.0,0.1154443391504137,0.111834059587602,0.11304057480073425,0.126357336451694,0.1004651064686077,-0.5250466102226615,0.8903087552562631,0.8911162990016485,0.8904938671453728,33.00297856867464,32.993771576693234,32.9979766701124,0.5786783317088385,-0.5219133872819157,0.5072716313844523,0.000817532777033211,0.37484230472980323,0.37461204471573567,0.3748425920280166,0.11314201376248859,0.11315777393486483,0.11305756039259861
20.0,50.0,70.0,-60.0,0.1412662742701832,0.1403326243319863,0.14066949155381817,-2.6735428225957225,-2.7049664052279376,-1.736762063836886,1.1190203535728491,1.1197371760755719,1.1179345859379566,20.82282926671282,20.834034753050855,20.833115517522906,0.658991099436022,-1.6861926913303058,0.15980609793107217,0.4261210403012388,0.2703986605874246,0.27049867205142936,0.2705551811179756,0.14079221659752264,0.14064007058306333,0.140580949055718
20.0,50.0,90.0,120.0,0.0636724075934824,0.0616949835920536,0.06317859801313737,1.8467277045804769,1.8083020786132769,-0.35756995112800866,0.4954764511609857,0.4952994814104583,0.49659622890911426,24.620226324048808,24.62153248761911,24.620473542133666,0.658991099436022,-1.6861926913303058,0.20697758900376512,-0.034579685241370645,0.27754466624765806,0.2776465121712134,0.2776892157602848,0.06313972560956421,0.06327886848990429,0.06332431648094085
50.0,0.0,100.0,60.0,0.1378874121913086,0.1353549024067771,0.13629020181461649,0.695679580966543,0.6859085189693044,-0.5258770733202558,1.073063428869694,1.072077362838553,1.0731508010964679,27.337396637655026,27.329369618030224,27.339856648933175,0.5786783317088385,-0.5219133872819157,0.5052600006991447,0.0011361348724809898,0.3099549792941371,0.30992507531545793,0.3098691152937855,0.13625724588874705,0.13627123303588615,0.13638715379514937
50.0,0.0,40.0,-30.0,0.1599886969371544,0.1582843222689454,0.15894113463112686,-0.688780093938227,-0.7157456493461363,-0.6900215952698099,1.2503358909882558,1.2528108374608833,1.251679468610752,10.54164822588493,10.545124362119846,10.545353497218244,0.5786783317088385,-0.5219133872819157,0.22504034762014846,0.03773380319106113,0.12029869872541506,0.12028826268488386,0.12046382580964474,0.15892419862620502,0.15909263205112562,0.15878077160159318
90.0,0.0,120.0,30.0,0.2056437668128404,0.2022412222817333,0.20336346626232862,0.217796477804714,0.2010093008758795,-0.5252088110940767,1.602878098572863,1.6010358117257062,1.5989165928142988,32.72089415545609,32.708769156241786,32.70852844102921,0.562745350766241,-0.5203297715459044,0.8977186739309833,0.0016181684318531861,0.3692515844561296,0.36927914158446834,0.3693208443351219,0.20364540425249916,0.20316116796108716,0.20340339636357666
50.0,0.0,60.0,60.0,0.1459040281043371,0.1430128619120264,0.1452174071311324,0.7121597635881058,0.6782708440668878,-0.6457290539580954,1.144969906374837,1.1438730254115668,1.1443166623217396,16.31133788298895,16.30050063782386,16.309126948487894,0.5786783317088385,-0.5219133872819157,0.321949087861713,0.039690021489870636,0.1867787715126237,0.18684138515030355,0.18698643194816067,0.1452754031682706,0.14519419201472408,0.1453417528874938
0.0,90.0,60.0,-30.0,0.2201109555950606,0.2196748603813134,0.2199242526118166,-2.604906222035534,-2.6214500877533267,-2.0930409969751373,1.7440929838348334,1.7433238694361382,1.7429815905955361,19.181565321766623,19.183915507707948,19.188292112725833,0.7100174044766513,-2.0547884519709454,0.0015701899873817426,0.7211911066491733,0.27471398487503423,0.2745952132214287,0.27484458528693595,0.22000110493521147,0.21983768065801618,0.21995572691589532
90.0,20.0,40.0,60.0,0.2675170356771835,0.26677435505419,0.26703274113449676,1.0669990882165068,0.9108894487010628,-0.9021812528535007,2.1043697525792697,2.102182901750199,2.104110146862266,9.89440155292546,9.893619607271162,9.898525492110977,0.5984987239536121,-0.7371513072756187,0.35286897988674953,0.1416305026576808,0.11884894143311098,0.11890314735138649,0.11887587876006142,0.2669724090569312,0.26694563527811005,0.26721932682156635
20.0,50.0,60.0,-30.0,0.1480826075108249,0.1472245268821613,0.14762855780175493,-2.150325650980764,-2.1715209489842646,-1.7457131037102824,1.1732719488441892,1.1712285124291024,1.172739887938426,18.144869741118065,18.142322600768203,18.14101494048034,0.658991099436022,-1.6861926913303058,0.14606850685754205,0.40073332167245895,0.24146516192512357,0.2417730140802294,0.24154365811766365,0.1475934479127623,0.1475343756231835,0.14780026416624978
0.0,50.0,110.0,30.0,0.108931716518378,0.1073181045461188,0.10820776139029761,-1.4547848378370096,-1.4950954423256797,-2.017741006106323,0.870707268767407,0.871335793568552,0.8694765160204111,31.6926313176105,31.682336830805443,31.681658815006344,0.6597422425592191,-2.0628742020185755,0.04029042208824306,0.4996638330278988,0.3885493688942045,0.38881824859893505,0.3885859548185506,0.10844960352117133,0.1083015693857145,0.10822658148377055
50.0,50.0,50.0,30.0,0.1965553344218859,0.1946370170669468,0.1960283328718432,-0.5131933059691605,-0.553815780173635,-1.3735675853106128,1.548974619056546,1.5510967416652148,1.5503889795837957,15.095667060101848,15.090433522747032,15.093770101646005,0.6550888176419655,-1.2898374651384217,0.3190912329338664,0.36341156721216666,0.2064092137269492,0.2063313783726877,0.20635762668474364,0.1960413381626236,0.19621085897225848,0.1959480353700562
20.0,0.0,10.0,-30.0,0.0897473067058334,0.0678767831860382,0.07908555961614437,-0.5621669774897661,-0.9643508654608984,-1.1538116668210903,0.7191244243255985,0.7219018043227804,0.7213142896709268,3.1084374947871085,3.08105510446973,3.1013033138783377,0.5841886751953623,-0.5231776405480634,0.02887424578957473,0.04285043166841909,0.06064728861858088,0.060401139012304726,0.060809783703113324,0.09122279968357618,0.09149819956358639,0.09118222188512812
90.0,20.0,20.0,0.0,0.2873250827916065,0.2557022858078855,0.2666949358286521,1.7325458237810032,0.4770470615755213,-2.092683536368474,2.1036697031146185,2.097540684711407,2.1059243611922156,2.805940975465786,2.809487607341255,2.812030859636173,0.5984987239536121,-0.7371513072756187,0.003772047555066036,0.14528272281336743,0.051953613443460646,0.05186874172209381,0.05174517159731965,0.26643731639438534,0.2667266524498793,0.26748760111001707
0.0,50.0,90.0,120.0,0.0301396909635622,0.0274587157596997,0.02939320925758633,2.071048075778669,2.018695069228177,-0.0915849557180264,0.22636161848831501,0.22772321136902235,0.22789963497954369,24.633740559550436,24.631104734014716,24.63474772239661,0.6597422425592191,-2.0628742020185755,0.08876195609205953,-0.04084290254659834,0.27743813739536005,0.27770263452948707,0.27803701297707395,0.029444643700879302,0.029624194679035883,0.029472913416629585
50.0,20.0,0.0,120.0,0.1780277789475491,0.1768142777220722,0.17736792859622252,2.078552356130148,0.2341865039075016,-2.091313373327975,1.399845216609994,1.3967637506166455,1.4013003044470471,2.1632688442159465,2.1604664793887562,2.1569571913429826,0.6115535893142118,-0.8927449704416845,0.0005054610556670989,0.1476541196251637,0.07049995520675179,0.07047616572837193,0.07028597243208515,0.17714271751852273,0.1773235080558815,0.17771757996928242
90.0,20.0,0.0,60.0,0.2673904634266155,0.2668361707132364,0.2671304046773692,3.1403056343253284,-3.1371033509719832,-2.091376660183659,2.107492532292178,2.107479028550021,2.1089455449268955,3.2632691909250835,3.2606735925328687,3.2608348017291022,0.5984987239536121,-0.7371513072756187,0.0010729111244041209,0.3374066151622286,0.10607844450808632,0.10607335901116903,0.10598056884731419,0.26709314170925114,0.2672827602971502,0.26728201909014426
90.0,0.0,100.0,-30.0,0.2407641446268925,0.239586090136593,0.2404444016334421,-0.7506874458621028,-0.7546001413123647,-0.5316251071259733,1.89193804913218,1.893006913778568,1.892637832964655,26.865509701852275,26.871602744609753,26.863893956336398,0.562745350766241,-0.5203297715459044,0.8651027789010747,0.006983365709958017,0.3006734552607358,0.3008425787991098,0.30085476233485964,0.240447042663064,0.2405367750238972,0.24039827385041057
20.0,90.0,120.0,-30.0,0.1754973756763382,0.1729541883694408,0.17436833312186023,-2.345596707455155,-2.359735919669409,-1.8678064197822923,1.3985004089484663,1.3913132079695387,1.3921097671480225,35.18170376510236,35.19706317419106,35.17748049707767,0.7088879274287126,-1.824588487784622,0.20916633457262507,0.8990824239416886,0.4445209896726915,0.44419335039523017,0.44418935794880104,0.17482593420044187,0.1740685127312158,0.1749381122258202
50.0,0.0,20.0,-60.0,0.1896465963155388,0.1674227433528495,0.17802753076468386,-0.2084550690743644,-0.4961419853273545,-0.9744141158228178,1.4579749874331471,1.4551570355135792,1.4561466907943996,3.9524047334683043,3.9312457501666023,3.9290125438036423,0.5786783317088385,-0.5219133872819157,0.04823109676228059,0.04359195951550454,0.053995714652193647,0.05368034605546678,0.053411280243300926,0.18494910931096356,0.18469102562623319,0.18507146165925653
50.0,0.0,0.0,30.0,0.1668043277496807,0.1471818783256022,0.15841239850212258,2.5289071559731937,0.4143255335348795,-2.0911992954830456,1.249446935914381,1.2492877308524988,1.253238678375508,1.9589900499391106,1.95220415918979,1.9570949821670163,0.5786783317088385,-0.5219133872819157,0.0004451304560508828,0.11815188948071584,0.0631135610767144,0.06295017620642905,0.06289626266761783,0.1582375251223871,0.15870841764010535,0.158740877642884
50.0,20.0,90.0,120.0,0.110578201071928,0.1085696588449514,0.1101888513719576,1.7554594921216249,1.7361371170161266,-0.4961909998120903,0.8670314018731836,0.8677598618701768,0.8669789857569772,24.597585130919832,24.603536262239743,24.60006208966086,0.6115535893142118,-0.8927449704416845,0.3667017403173691,-0.00994702632688721,0.2782770604036636,0.2783641015642433,0.2782283866743816,0.11027638694743234,0.11025218312590283,0.11017246862983408
0.0,20.0,110.0,0.0,0.0472061191912768,0.0452580004921242,0.04604305087840688,-2.0588173290709197,-2.0987690505776984,-2.0774678951385406,0.38134799483238274,0.38264604476783026,0.3777412406648863,30.93451982064264,30.925042052181794,30.917425997300043,0.617145342061956,-2.0150473293853004,0.004340855724908311,0.20002221561201472,0.36418338241364384,0.3640351860370174,0.36386218132099957,0.04661745826832158,0.04617392751645029,0.04598842735323678
20.0,0.0,70.0,-30.0,0.058608863544055,0.0573770094297035,0.05782374271117889,-1.1613504476214898,-1.2017349728938551,-0.7542596195797951,0.4583497644164895,0.4556395501183219,0.45926166746328184,19.38717167619902,19.38639909083388,19.38933590365075,0.5841886751953623,-0.5231776405480634,0.15088616110540637,0.03540003079877475,0.22395869594341028,0.224026054479895,0.22390651838247522,0.057650648316132196,0.05780121753464279,0.05812285797230979
20.0,50.0,100.0,-60.0,0.1268836298872184,0.1238764655205945,0.1256417578335293,-2.685180819677304,-2.710407703739346,-1.7072774498157302,1.0061570078585038,1.0049573945200647,1.0044935811150997,28.99738480613063,29.006938817547763,29.00150913712937,0.658991099436022,-1.6861926913303058,0.2046789898518161,0.4991081917280831,0.35974286823724455,0.359687006676827,0.3594051687596555,0.12584616418831263,0.12566379374219638,0.1257807678160662
20.0,90.0,70.0,-60.0,0.2476607136151304,0.2409911724738017,0.24611466067294693,-2.806449579431127,-2.8264975621079627,-1.8676848487486586,1.953049979918816,1.9514774960934176,1.9508064516028443,22.180070189702946,22.185670362241762,22.18735159070307,0.7088879274287126,-1.824588487784622,0.2073333466906803,0.8951612584246944,0.3134115839547132,0.31366858716558216,0.3134758395756311,0.24638661222401692,0.2461141064343535,0.24632019544397027
90.0,0.0,50.0,30.0,0.2671431917731666,0.2664448098092381,0.26679311990919086,0.6291350062816743,0.5762920023266525,-0.6264832825605244,2.1008330939875655,2.099361349402064,2.100279563217347,12.21786364878919,12.208844021428389,12.215067494935381,0.562745350766241,-0.5203297715459044,0.409509922990965,0.04275488257462017,0.12895827525374234,0.12891110910802914,0.12913090056775361,0.2667733839823905,0.2667041954029905,0.26689719245509097
0.0,100.0,90.0,30.0,0.2264345480850087,0.2250264470552808,0.22588727053247262,-1.5027612957086889,-1.518502502692224,-2.0508377402026894,1.7927915525456237,1.796937970320306,1.7962321376528312,27.608578434822284,27.605486820278475,27.60806189705452,0.7218526699760112,-2.0319799578528905,0.04542804445624196,0.999692276761555,0.3717194365690403,0.37229159838981635,0.37195813700242314,0.2258365483285707,0.22625057946329347,0.22576833515009387
0.0,100.0,30.0,120.0,0.2718687622645317,0.2461545959146215,0.26330452692872336,0.0113557711613872,-0.4066549434782845,-2.1300321754261624,2.1075038406928677,2.1102175204099898,2.108917887053861,11.475615782112516,11.525350541473575,11.50986670630963,0.7218526699760112,-2.0319799578528905,-0.023383165132450322,0.6312413724820114,0.19923460621858027,0.19988749548586182,0.19922548231789008,0.2667217589582871,0.2669579389322283,0.2666289726892523
100.0,0.0,40.0,60.0,0.2676263346508936,0.2661580165409347,0.26679871033190106,1.3565027594645498,1.1779327802791304,-0.6978608983771839,2.100723609226936,2.0993980749653876,2.1011126921019048,9.06717776354937,9.069381705576758,9.07115860550842,0.5610908219554596,-0.5198393037975151,0.2863419551507557,0.05192989401746749,0.09114726986395616,0.09124484096372083,0.09113921500661341,0.2667236516097019,0.26676942075699456,0.26693868796268955
50.0,0.0,110.0,-60.0,0.1249008901504118,0.1198742835168012,0.12285782731082968,-1.4141355758080334,-1.4377496147788509,-0.5202358326262116,0.9672442797190615,0.9675661150467391,0.9665934598338466,30.17322736010459,30.18119925328064,30.17884987175582,0.5786783317088385,-0.5219133872819157,0.5032843569738973,-0.0017154602758617378,0.34247987177826883,0.3426623169898085,0.34260907929370155,0.1230239930323036,0.12293841170276838,0.12290860898495094
50.0,0.0,20.0,60.0,0.1834934106833793,0.1549445819258117,0.16623018260703212,1.3880645770860416,0.7479614826241431,-1.044558287991921,1.3200305414216402,1.3168786904951257,1.317534522538797,4.727175651939589,4.708257705923262,4.746195627153144,0.5786783317088385,-0.5219133872819157,0.10253690294366692,0.06203983279612234,0.06278011816747868,0.06278271844621579,0.06305629161912793,0.16740806102747474,0.16706183486379766,0.16749627228190714
20.0,90.0,90.0,120.0,0.2140661157499655,0.207946434457563,0.21288748644115588,0.4004474444530737,0.2902095735824608,-1.852603290830022,1.691848772050489,1.692468759270012,1.69408229869422,27.33591073571908,27.33640718027097,27.336461475452655,0.7088879274287126,-1.824588487784622,0.22357437063113242,0.8943026959023453,0.3637609646055054,0.3637723557142146,0.3637505321185426,0.21286043099162802,0.21314377056752393,0.2130408495781344
50.0,0.0,30.0,-60.0,0.175261571188514,0.1383924985181647,0.16700215918433792,-0.82649483500572,-1.08241492440991,-0.6699491972794617,1.3157451265846347,1.314607175855506,1.315184899519961,7.316675055587067,7.319686392590159,7.317435794390038,0.5786783317088385,-0.5219133872819157,0.15415701416394123,0.022667283366822534,0.07878086193390277,0.07882571416169228,0.07876357091007002,0.16703008828772362,0.16695515099992886,0.1670936842951559
50.0,20.0,120.0,120.0,0.1220543367495434,0.1151548438726685,0.11704392537132167,1.3294973335243356,1.297712717561912,-0.900150289703055,0.9300014884952891,0.9284584604667216,0.9267589909596754,33.525630454241934,33.53692582071711,33.53392063101825,0.6115535893142118,-0.8927449704416845,0.511236231797372,0.20127043145804233,0.39265304492765046,0.3922949397908879,0.39235653823029415,0.11731025837403661,0.11686664337134227,0.11707291207894886
90.0,0.0,110.0,120.0,0.2273892370596306,0.2215436745630974,0.2241122083582183,1.829683724456974,1.8114208438916248,-0.5279130426919003,1.7627130285981525,1.7639691198588732,1.7647580949221626,29.796433556366537,29.800390776582024,29.79786132579704,0.562745350766241,-0.5203297715459044,0.8977824747786327,0.003936657465610586,0.3352388391429884,0.33542073990584764,0.33535984541771907,0.22405890433543876,0.22431090303348802,0.22415226156684884
20.0,0.0,100.0,-60.0,0.0565176652714023,0.0528826158660567,0.05413040473866433,-1.4776977156651547,-1.521094930138584,-0.5206919738935446,0.42745662755490493,0.4274592523504594,0.4239899190957214,27.509824892656724,27.515833319945422,27.51404022385504,0.5841886751953623,-0.5231776405480634,0.2034483624715112,-0.0005753978534641697,0.31325689774643095,0.3134292268688207,0.31307074003455554,0.054460932852199474,0.054018838011463864,0.05402305991664171
20.0,90.0,60.0,120.0,0.1488356505485644,0.1367521598472308,0.14634956347012928,1.7369599646952498,1.579739801876368,-0.6939584595266917,1.155203300015216,1.1543754884729327,1.1554617252244297,16.382944747679627,16.39140263760789,16.38699602809748,0.7088879274287126,-1.824588487784622,0.32628896089804343,0.0568696457280609,0.18953976384184068,0.18954292836256628,0.18935005267977992,0.1465153092036138,0.14654772579103337,0.14664414247523733
90.0,20.0,50.0,0.0,0.2676742841621704,0.2664854933761348,0.26700343170663665,-0.1487033667691142,-0.1701664877430405,-0.8371564463112199,2.103629324214253,2.1043844503651896,2.102620096597644,12.973873497897705,12.969461079587916,12.968361252816491,0.5984987239536121,-0.7371513072756187,0.4684626391433139,0.15206679798091374,0.15398583773588087,0.15406256979832353,0.15389880224069097,0.2671161627821068,0.26698681261887547,0.26689013228858016
0.0,90.0,40.0,120.0,0.0921210277782885,0.0701306274333623,0.08592748717706673,1.697370916065971,1.1693989231353714,-0.7815935343514164,0.6821231115251122,0.6815722442249722,0.6833431542151248,11.053605126897986,11.06106270664302,11.053741345179741,0.7100174044766513,-2.0547884519709454,0.1274059523045707,0.03947957044397602,0.1297386373007314,0.12989993652354323,0.12979414196439032,0.08640155094624087,0.0865585249088596,0.08662551670320592
100.0,0.0,50.0,-60.0,0.2669939179286035,0.2663492635523904,0.26668076842152677,-0.8924263975933069,-0.9441741273190772,-0.6039526267735282,2.099109086627237,2.099250894304879,2.0993132376639427,12.150234104376178,12.152892938937212,12.151884170784015,0.5610908219554596,-0.5198393037975151,0.4017950040494334,0.032032826127091345,0.1266794380345681,0.12677384634371686,0.1268368944577035,0.2666781690371994,0.2667055243789681,0.26668795783528176
0.0,90.0,30.0,-30.0,0.248753702144166,0.2481890173440175,0.2484748285945143,-2.5313167901942024,-2.6129744861665847,-2.0786718179994392,1.964156520524032,1.9645996861078217,1.9642274350138513,11.24689130112971,11.253848106224519,11.251767486962837,0.7100174044766513,-2.0547884519709454,0.009531995973692399,0.567408160871941,0.19125710221494374,0.19124890843456743,0.19134846753359894,0.2484988252546003,0.24849924811350738,0.24845185957842797
20.0,0.0,20.0,-30.0,0.0790634393896024,0.0742627662255468,0.07653315253619504,-0.9781512938262328,-1.1419624735033205,-0.9875478924371982,0.6062546593450154,0.6058400467120615,0.606824922443883,5.608215001973416,5.613767804021441,5.618683404661179,0.5841886751953623,-0.5231776405480634,0.057677030572473434,0.029228392291930902,0.07154988544159212,0.07132390418988964,0.07171933339910311,0.07680916196280191,0.07683656058104212,0.07692979190069454
20.0,20.0,40.0,30.0,0.1001135158555384,0.0975892619222259,0.09923559567022684,-0.7693314403231402,-0.8511616983720937,-1.495338368437956,0.7857590441023828,0.789669273611013,0.7867990293768808,11.896584349303808,11.89678479835444,11.897030103354352,0.6162442654560011,-1.27379193074638,0.104023961152947,0.1525853968652445,0.15564365492043747,0.15563998180349023,0.15561202366647872,0.09938550712014745,0.09949999299613659,0.09901161551349141
50.0,0.0,90.0,60.0,0.1205961603569116,0.1198027329521631,0.12037447596341211,0.8471758344887096,0.8361018146416884,-0.3695555562696672,0.9446787291786551,0.9459086091087664,0.9463771441362949,24.381450324339603,24.37974581280018,24.386900329811347,0.5786783317088385,-0.5219133872819157,0.38670253273285177,-0.05995090105258637,0.27162075931082647,0.2715404115898407,0.2716690561817097,0.12030492621777876,0.12052302789839868,0.12035870340295932
90.0,20.0,30.0,120.0,0.2678518823076054,0.2661471498782361,0.2670895699837022,2.4246822455181927,1.87723763778856,-1.0843998350152937,2.101364032130056,2.1058524068349764,2.1049600574892775,6.807172710732189,6.807587012296362,6.801171127643445,0.5984987239536121,-0.7371513072756187,0.23742822241883593,0.15359760640033734,0.0886188201671485,0.08840832845304966,0.08849172958971059,0.2669654905053334,0.26742028279839575,0.26685420074098154
90.0,20.0,50.0,30.0,0.2676708375443505,0.2664772734415692,0.267015831367205,0.3760628091009302,0.3292877167359758,-0.8394641628859036,2.1042261573995744,2.1032207814754704,2.1034533559389,12.979035325562732,12.975210709193933,12.978275220145024,0.5984987239536121,-0.7371513072756187,0.4690579428286671,0.15371710383338985,0.15417736073348995,0.15415917805936558,0.15432211858939204,0.2670270500681532,0.26693317225813684,0.26706162539790296
50.0,0.0,90.0,-60.0,0.132864421769962,0.13201903048188,0.13225856639333458,-1.427283787006513,-1.437351433605348,-0.5704496058524913,1.0419943442832231,1.0415863884258398,1.0411254272244088,24.63644472913633,24.643598575792396,24.63581000082577,0.5786783317088385,-0.5219133872819157,0.44338464877730965,0.02074604198635612,0.2805897281706152,0.28061940348326103,0.2803427900629751,0.13232650124338186,0.13220338056168912,0.13226268553261927
0.0,90.0,120.0,0.0,0.1706785459347326,0.1689173978475479,0.16985178436077947,-2.071178818049201,-2.077946377845346,-2.0768099607968598,1.3587531065334182,1.357365207868074,1.3599468965840311,35.20387687211029,35.19696306495833,35.191246968722524,0.7100174044766513,-2.0547884519709454,0.01762287007990195,0.8994451903427125,0.44436945199532113,0.4445620650887094,0.44428043317601495,0.1698795029740519,0.17006146128165006,0.17020684257264598
20.0,50.0,20.0,120.0,0.1789250687739144,0.1764068633900678,0.1774018601128403,0.5496978713937593,-0.0557710147424632,-1.9420398971624835,1.403973844882319,1.4021674085117948,1.40043805433656,7.542971316974759,7.551938999631135,7.548975531480787,0.658991099436022,-1.6861926913303058,0.04013051936445424,0.27086273045162007,0.12988637068721862,0.13018196680852362,0.1300847802580328,0.17764342653815515,0.17719606152686979,0.17743126407270957
50.0,0.0,70.0,-30.0,0.1417661063772184,0.141003470063,0.14123226437750241,-0.8844033607771061,-0.8937794510627354,-0.6190425898372743,1.111957148447398,1.1126529697744687,1.112814904566112,19.09897526274294,19.096480490491853,19.100897149351518,0.5786783317088385,-0.5219133872819157,0.3669974637627339,0.035084897171985936,0.21816104632715907,0.21823297198880248,0.2183155120201719,0.14118478044856286,0.14129994387576394,0.14122108242667034
90.0,0.0,0.0,-60.0,0.2680544161314068,0.2661406320716557,0.2671054144631762,3.1362750423425503,-3.1410982856828125,-2.091362685323016,2.106223467679137,2.10858643316233,2.108527255944516,3.257266487613324,3.252493358098268,3.257220856728947,0.562745350766241,-0.5203297715459044,0.001084048798530117,0.3375906760878476,0.10621056982141856,0.1060811040063627,0.10628648376286423,0.26712512476313294,0.2674159513945661,0.2671150185462852
50.0,50.0,50.0,-60.0,0.2007557207681277,0.1975701529821913,0.19837279380459344,-2.0255117924852546,-2.090565303046092,-1.3613935571292934,1.5668959668141085,1.5684991902775733,1.5683037658085075,15.069182475518229,15.07839633018072,15.070430830143005,0.6550888176419655,-1.2898374651384217,0.32721050213502717,0.3626126108940351,0.20603447008782652,0.2061200458972324,0.20597019208197748,0.19828929623406988,0.19846388064075415,0.19825373697226747
20.0,20.0,60.0,-30.0,0.0896177155457675,0.0885227561361583,0.0888204488067608,-1.820961384506802,-1.8592118257658088,-1.4346089106482922,0.7059027737974569,0.7074795743071239,0.7071654828972384,17.304726719689686,17.311726420690903,17.307278462317978,0.6162442654560011,-1.27379193074638,0.13994650799785527,0.1800503599593957,0.2145745481826366,0.2146969138003723,0.21474838799674906,0.08878467709031242,0.08894214387631026,0.08875182747015418
50.0,50.0,20.0,60.0,0.2269055304130685,0.2148677011880723,0.22199896962219634,0.5176411071623973,-0.0176007037975337,-1.5439956298008464,1.7553507277025067,1.7536338599658796,1.751672388563367,6.59141332629743,6.591892752791575,6.59790828300697,0.6550888176419655,-1.2898374651384217,0.16127942583685415,0.26567479597804267,0.11717486360434709,0.11729850718410219,0.11736922124354274,0.2224687047362207,0.22200170533364458,0.22222389310142965
0.0,20.0,90.0,0.0,0.0552204159588051,0.0547325502484544,0.05501147394552441,-2.067755903727943,-2.0955140936141645,-2.0809512115338253,0.4462767096339229,0.44877157708756454,0.44723712239353713,25.46518215575342,25.468639959351307,25.446387876267195,0.617145342061956,-2.0150473293853004,0.0031962248402891643,0.20003356967669678,0.30451247239720064,0.3045632803274384,0.30416051071167877,0.0550983505468182,0.055238908925634815,0.05491516293566695
0.0,90.0,110.0,60.0,0.1862482307861853,0.1835386320122798,0.18468497075833232,-0.7849357932136862,-0.8172106194856262,-1.8954021133022145,1.473822063197532,1.4710677433061818,1.4732816638597257,32.59220517222558,32.5831963471575,32.588705597061946,0.7100174044766513,-2.0547884519709454,0.18353114268918408,0.9001713689792362,0.41749122364564595,0.41706881274230356,0.4177124182356977,0.18473400122680164,0.1846690183554225,0.1850163535851354
20.0,0.0,90.0,-30.0,0.0538653943907612,0.0528330892691805,0.053433425846662316,-1.0793136349840584,-1.1073116925929467,-0.6421451614734716,0.42264625726377314,0.42075702230010115,0.42456112819005937,24.833721751462264,24.83941628077656,24.838417140317418,0.5841886751953623,-0.5231776405480634,0.18078447407589457,0.021526728191459517,0.28458148580315556,0.28427435366177933,0.2844817578558459,0.053235663104670344,0.05349543089964359,0.05373283721216757
50.0,20.0,70.0,-60.0,0.1494097509175567,0.1476675074179315,0.14804120923531086,-1.7750462443814286,-1.79667962061394,-0.982428801563176,1.1689260776402466,1.1704548373751837,1.1701787942904989,19.74409645038016,19.75560621402127,19.75222132039264,0.6115535893142118,-0.8927449704416845,0.38019821219589217,0.18754424805836567,0.23912952706947466,0.23931068125587604,0.2391518785683534,0.1479854775341567,0.1481467376137198,0.1479471706343106
50.0,50.0,0.0,120.0,0.2293713928235032,0.2285129016068428,0.22895841626710423,1.603275659343528,-0.1564574886749108,-2.0913687051476715,1.8102371881694905,1.8033381036346845,1.8052457375185316,2.7809900069724565,2.7896544960106113,2.778469678034409,0.6550888176419655,-1.2898374651384217,0.0008035998588616672,0.24604135655628448,0.09065860653200068,0.09102374702562867,0.09047368826874709,0.22914013892136306,0.22848949442310784,0.22936363292787376
20.0,0.0,0.0,-30.0,0.0894701204174801,0.0597085068960441,0.07527745145393759,0.3455526696634892,-0.6095419098213847,-2.0798077021433925,0.7321359077443643,0.7316519364162665,0.7316517289534747,1.927383349434486,1.9305793778583378,1.9357696630744397,0.5841886751953623,-0.5231776405480634,0.0004733043325337444,0.05568956021427769,0.06040698922751387,0.060459082266853696,0.0605765283453658,0.0926022261938099,0.09254849880898401,0.0926227910164054
0.0,100.0,90.0,60.0,0.2263737692285352,0.22374771746445,0.2255177779194068,-0.9959213080898514,-1.032384983309545,-2.0769158488684294,1.7920613503032796,1.7905096679836705,1.795351802693485,27.604631473917163,27.598695686060303,27.611582926524438,0.7218526699760112,-2.0319799578528905,0.019616854786710537,0.998414411627748,0.3720298975759879,0.3718008663252923,0.37226283755337464,0.2252753082124655,0.22567963503507113,0.22587785049703019
20.0,50.0,100.0,-30.0,0.1267669713957962,0.1242094104186275,0.12567767162915736,-2.16489572432771,-2.186001378298484,-1.7082977596113804,1.004491282116213,1.0064222679790806,1.005068854169255,29.00024909534132,29.007542459692296,29.005013274947128,0.658991099436022,-1.6861926913303058,0.2042226869957872,0.4995410834276498,0.35944447002164254,0.3599274210540383,0.35971327502571765,0.12579975055752146,0.1258824823893771,0.12565818037495854
50.0,20.0,30.0,60.0,0.1765611877095898,0.1661987662313113,0.17291124383380174,0.6282285220972283,0.3437560922661182,-1.1371279462922887,1.3664762209512826,1.3648878847722987,1.364713294823345,8.495639642869893,8.495439608186496,8.501047132651676,0.6115535893142118,-0.8927449704416845,0.1941943682211179,0.1377812131723806,0.11537708039326772,0.11550549261366877,0.11550709097255735,0.17319087437555028,0.17296632780677934,0.17317324739354328
100.0,0.0,110.0,-60.0,0.228098457377116,0.223030780962296,0.22599958414722127,-1.3006994379558563,-1.316526659323411,-0.520609397784916,1.777446023303977,1.7792327482349164,1.7794258481898673,29.764892951127297,29.76918416916334,29.767842396681715,0.5610908219554596,-0.5198393037975151,0.9032597339594782,-0.0027087273743020713,0.33433185704355994,0.33466564740714644,0.33453603951072575,0.2259864529684716,0.22623696402180962,0.2260124102073907
20.0,20.0,50.0,-30.0,0.095350440466164,0.093988200785658,0.09443079938359734,-1.8122643719764289,-1.8495147353604469,-1.4533776315806375,0.7486295124107715,0.7515564541648658,0.7500668266426421,14.599059396599007,14.609620237182616,14.607185898786808,0.6162442654560011,-1.27379193074638,0.1251047149158006,0.16732231725227192,0.18521701618290787,0.18549925295311206,0.18521488967252603,0.09444217326671722,0.09463310348769893,0.0942596119439702
20.0,20.0,100.0,0.0,0.0728818472521607,0.0702274311059914,0.07149841750379746,-1.217988381747278,-1.26475160922595,-1.302379367424293,0.5737437013046879,0.5753873182545156,0.5728067867769091,28.165865680303607,28.165403913099407,28.15683792759932,0.6162442654560011,-1.27379193074638,0.20336113319896282,0.20004870028612717,0.3335947904486286,0.33369165245727306,0.33351908992231366,0.07177869261648516,0.07165925398115938,0.07146156662231337
50.0,0.0,30.0,0.0,0.1660781188763715,0.1607851920173624,0.16415341025610966,-0.0026318557711549,-0.1251740306770338,-0.7638145594319449,1.293323769191535,1.294266279089955,1.2929072530938106,7.557528682849244,7.556516107690675,7.556973389918356,0.5786783317088385,-0.5219133872819157,0.16415044615417493,0.04050441871096487,0.08628887151784645,0.08626721902765185,0.08633955594859472,0.16431200618297814,0.16426212187928416,0.164141586867456
90.0,20.0,40.0,120.0,0.2677369815146453,0.2665585194001295,0.2670770689803684,2.107214334464355,1.8480807949141436,-0.925582516767365,2.102393263646371,2.1045527138694937,2.105315773612415,9.996468316790107,10.001396681248867,9.996638353633074,0.5984987239536121,-0.7371513072756187,0.3590826014597275,0.15525613789222645,0.1221212516000889,0.12205255631964354,0.12201562480004924,0.2669288706444385,0.2672972860700073,0.2670177772232243
20.0,50.0,10.0,0.0,0.1898399061335373,0.1873157968976802,0.18879559549491945,-1.1845989890483577,-1.4232342618834917,-1.8598040242793945,1.4896012172630209,1.4902693005551826,1.4918918570695856,4.63214788474266,4.629802677483944,4.629668776549788,0.658991099436022,-1.6861926913303058,0.05122445381148383,0.2152785250378846,0.09872627825147517,0.0986602223659709,0.09866257668304687,0.18869085698015878,0.18897619086982603,0.18889294938107312
0.0,100.0,70.0,-30.0,0.2612478255627195,0.2594019461016005,0.2602600888305586,-2.5945128045857078,-2.608372094346248,-2.0824683227747314,2.063897304804955,2.06306648098978,2.0627699127389847,22.49030725271305,22.4909769760271,22.493146377140896,0.7218526699760112,-2.0319799578528905,0.012913683504509296,0.9998758674194792,0.3221638402096404,0.32225113978724196,0.3221693181397994,0.26037629863514855,0.26023259699982343,0.2603378085176128
0.0,100.0,70.0,0.0,0.2612245477024417,0.2595211337939853,0.2602580242149819,-2.076749940555528,-2.0863787360322963,-2.0844970463553323,2.0620760675225127,2.0632059150429085,2.0643049646272447,22.495057062430575,22.493940117451867,22.476363694019202,0.7218526699760112,-2.0319799578528905,0.01077491686198058,0.9999081739699598,0.3221464136456308,0.3222690987495547,0.32208304041329455,0.26016662807136653,0.2604516967459991,0.26030557808642
0.0,90.0,0.0,60.0,0.2681389700414233,0.2663436136692441,0.26721415385945835,-2.039045359090078,-2.0708956549494784,-2.091353289237888,2.108768359553128,2.1079293414293114,2.1071239480594666,3.212789112492876,3.214529323162375,3.2097725968789192,0.7100174044766513,-2.0547884519709454,0.0010735189888186748,0.33272227303943885,0.10473621349201848,0.10455448131237566,0.10458682723616564,0.26733917464393314,0.26713493893736623,0.2672401883385095
20.0,0.0,90.0,60.0,0.0490984131920934,0.0479619005918177,0.04874530295857615,0.8203832750775719,0.7899634118683359,-0.305958649549353,0.38369541890485553,0.3804860494064934,0.38013034877972596,24.63858333070149,24.639317350698654,24.637374383640054,0.5841886751953623,-0.5231776405480634,0.15846176794278408,-0.03495829089138741,0.2782091525848448,0.27794218697738005,0.27790367371865954,0.04896587842145747,0.04850714801210215,0.04892464911800738
20.0,20.0,10.0,60.0,0.1179874981048396,0.1134053104444947,0.11597114116088104,-0.1172840028994159,-0.7534322545441847,-1.8264710390494683,0.9154918357570041,0.9183697630306302,0.9165356597198295,3.9390021755741205,3.9384678098269617,3.945563081537547,0.6162442654560011,-1.27379193074638,0.026071224519009582,0.09673646689627728,0.07302472037757113,0.0729325848979139,0.07317101334034055,0.11610750173352388,0.11624073208043506,0.11587770537961752
90.0,0.0,40.0,-30.0,0.2675283993634069,0.2660837443576684,0.2666505760452223,-0.2029173543881775,-0.2296644807510972,-0.6509043350369182,2.099601010904651,2.1000086171638888,2.0976303555213547,8.917677059082806,8.921326963760723,8.920452507438776,0.562745350766241,-0.5203297715459044,0.26940606573022996,0.03460539623597697,0.08548719700417931,0.08563625161453449,0.08546158440609133,0.2668426658926326,0.26660284002589646,0.2665444360311539
50.0,0.0,60.0,120.0,0.1460966401912901,0.1397722265452019,0.14479270268357766,1.757790813946963,1.6754648766443256,-0.6538548502474653,1.1410054777559002,1.141401415617053,1.1421457745776395,16.31540566033647,16.325314091485765,16.325520725633996,0.5786783317088385,-0.5219133872819157,0.3213687251197676,0.042468294470720785,0.18730313353134684,0.18741527933817748,0.18721276143618582,0.14481900045991805,0.14496700657873718,0.14490811811608426
90.0,20.0,110.0,30.0,0.2212345641192009,0.2183505428110095,0.21937221262892437,0.031170622888726,0.0161234019952245,-0.7427118677368658,1.7300771782570568,1.731191315335437,1.7295434074380271,30.436217295674684,30.4224674155351,30.4311418922289,0.5984987239536121,-0.7371513072756187,0.9073959068731576,0.20199564789177513,0.35465782237118215,0.35443766319328307,0.3547202325880804,0.21950823854012344,0.21943078809243485,0.21931345500593463
0.0,20.0,120.0,0.0,0.0433898260242899,0.0416894531679044,0.04254953969858256,-2.04734509244986,-2.0871061220687386,-2.0662607536209086,0.35340098867479613,0.3564558298296376,0.35816449209345297,33.64650505496845,33.640992145557746,33.639708074384366,0.617145342061956,-2.0150473293853004,0.007163427147472026,0.19994903506256462,0.3942127538588325,0.39443028698352295,0.39417881849020797,0.042600119918367305,0.043187616864857635,0.042794077038979215
0.0,20.0,70.0,120.0,0.0600753532730564,0.0555946982922187,0.05722634516703887,0.0816209886870343,-0.003901426005568,-2.0409124711449853,0.46166232503260757,0.4623397467671993,0.461647935544226,19.96615577556265,19.972581174679508,19.96997539660015,0.617145342061956,-2.0150473293853004,0.008875550252140004,0.16527647329105105,0.24148783684864494,0.24166566284844945,0.24168718505313835,0.05729849697836361,0.05728528995070212,0.05720674019001513
50.0,50.0,40.0,-30.0,0.2081164325422708,0.2067572261335663,0.20722295581500022,-1.448049557526354,-1.475957959540613,-1.3774929230231319,1.6350043629208981,1.6376195355409704,1.6378816831965086,12.256456863864049,12.259573324342751,12.25218444564144,0.6550888176419655,-1.2898374651384217,0.2849853287788842,0.32662813743243047,0.1752555316765688,0.1752907305305425,0.1752905752975528,0.20708923784667435,0.20744034732475491,0.207109304086172
0.0,90.0,20.0,0.0,0.2591162142106825,0.2586694637377514,0.258864325479108,-2.0897154996305045,-2.0940454109932625,-2.091571398487411,2.044416849507849,2.044133450565591,2.046016487013083,8.625139779632004,8.628608390092639,8.618034511574008,0.7100174044766513,-2.0547884519709454,0.001555799722218828,0.5066749251226477,0.16395930588540367,0.16412614731565034,0.16407364318725812,0.2587189462436137,0.25892365288226654,0.25896088400197803
100.0,0.0,30.0,-30.0,0.2704166347933936,0.2598797944674844,0.2652362951965778,0.4141763218799498,0.0794488066567977,-1.0105942662783314,2.1060124890045517,2.1051407606110697,2.1042643873303333,5.448746036115856,5.399501471420785,5.400392139454957,0.5610908219554596,-0.5198393037975151,0.08348976678777068,0.051262371359370236,0.04471488386475099,0.045211078179230736,0.04559835128890185,0.2674912597215692,0.2673123571525613,0.26735913593830574
50.0,20.0,100.0,60.0,0.1407710016924293,0.1355133299865547,0.13775015927599846,0.3108150868932307,0.2955902449835543,-0.9028326717491721,1.0906964653812947,1.0898436176124202,1.088502983999159,28.00550772984127,27.99437340083432,28.00107916209833,0.6115535893142118,-0.8927449704416845,0.5057295649926575,0.20134911054523985,0.33070700629932054,0.330507597248292,0.3306909392217303,0.1379566528702806,0.13767486697132802,0.13779052978433823
20.0,50.0,30.0,60.0,0.1708699702561649,0.1678402395020905,0.16976570067290234,-0.4997876904718418,-0.7067887953195519,-1.8084977522454093,1.3430841971549803,1.3443384635017335,1.3428068958779087,10.106747038627123,10.10093167742543,10.106171118848788,0.658991099436022,-1.6861926913303058,0.0885623881950452,0.3035319265320075,0.15598497926796925,0.15582218975105308,0.15587503587370474,0.16989609695581706,0.1698555093957992,0.16969403777603395
20.0,90.0,20.0,0.0,0.2652316592233271,0.2640979864499956,0.26476295168466346,-1.574010228500508,-1.655754910578883,-1.907805667559337,2.0912601377236366,2.0907038985803443,2.091449181405488,8.46098321446085,8.455611044588183,8.452142398748233,0.7088879274287126,-1.824588487784622,0.09463177894296099,0.5021259644283709,0.1618626243846287,0.16172614703399227,0.16167645281353665,0.26474623073829723,0.26476839494438564,0.26483172038660296
20.0,50.0,60.0,30.0,0.1464470415832871,0.1455757069386128,0.14606430547060503,-1.1202900029642286,-1.1412269205342849,-1.7504252318396265,1.1591564836883492,1.1603157637617367,1.1610899065683389,18.132086040180077,18.1290438325902,18.131024069264313,0.658991099436022,-1.6861926913303058,0.14215517129448085,0.3964889471270249,0.24122068318059203,0.24101764761631178,0.2410449533584964,0.14597223440096915,0.14622201914277974,0.14606789910056125
0.0,100.0,90.0,-30.0,0.2264616653396909,0.2247899383600487,0.2257112277995028,-2.6011829030965847,-2.60863013968306,-2.083620236042753,1.793395977239031,1.7923008670289668,1.796301898745815,27.601688723208607,27.61141723496518,27.60827941801318,0.7218526699760112,-2.0319799578528905,0.012432076260866107,0.999962026813557,0.3720202910507109,0.3720132715495384,0.3722763676068842,0.2255009615486346,0.22585587811856908,0.225996442985848
20.0,50.0,10.0,60.0,0.1880834888635182,0.1849728112277114,0.18655131167235747,-0.3756605358828888,-0.9528173037953922,-1.965729959107051,1.470535253410783,1.475961027553631,1.4731972009681062,4.869904772733924,4.867282262365807,4.878224581540271,0.658991099436022,-1.6861926913303058,0.02845461548524403,0.22543406746614963,0.10241431341816781,0.1023372686608488,0.10259889176703807,0.18660967334243692,0.18695227237062365,0.18626066466241525
20.0,20.0,100.0,-30.0,0.0731510349670748,0.0693020570238246,0.07144458588618416,-1.7356691946694771,-1.7932814316179582,-1.300759781806831,0.5749280322219325,0.5726587598222734,0.5735462233285311,28.15569176312389,28.161427992407745,28.156795619792874,0.6162442654560011,-1.27379193074638,0.20345368170998468,0.19947933336355703,0.33356176685599803,0.33362838704843667,0.33350038433103885,0.07161126412428076,0.07145396640614288,0.07173616085564795
90.0,20.0,80.0,0.0,0.2441049854341027,0.2438531615008677,0.24400251175026957,-0.4025335967330838,-0.4049092680614622,-0.7784382380370702,1.923124949016468,1.9239433967156792,1.9230739129727314,21.899816830269902,21.901604612751132,21.888053904170228,0.5984987239536121,-0.7371513072756187,0.7287624103153396,0.18980066177484062,0.25817916073992636,0.2580873363317568,0.25800806935393444,0.2440531062457832,0.2440481057087779,0.24393879324861328
20.0,0.0,30.0,120.0,0.0702348321418184,0.0544902035578455,0.06492995456017224,1.3570488614856828,0.7330661478983402,-1.132407687419257,0.517161356290595,0.5177216765130469,0.5174426684712919,8.578265190566585,8.590343161014088,8.588029319394604,0.5841886751953623,-0.5231776405480634,0.0666510434591929,0.0466606137683241,0.1067088283041868,0.10691487630808902,0.10686192612398379,0.06540730281854716,0.06544078978314723,0.06536907064191866
20.0,90.0,80.0,30.0,0.2301266022015313,0.2283378285030059,0.22910044271846844,-1.2566780396786557,-1.2654224666788827,-1.8647101105369677,1.822179158418684,1.817104877199545,1.816469679004375,24.770738799447013,24.75563648611187,24.755946113965145,0.7088879274287126,-1.824588487784622,0.21156225007347595,0.9000510457215615,0.338386542347679,0.3381256908331329,0.33801125481959826,0.229411421229286,0.22871444810336844,0.22934665027530612
50.0,20.0,50.0,60.0,0.1604804496372372,0.1561648653579568,0.15930736700344436,0.3863196237003335,0.311953478048824,-1.0331194577817524,1.2592775088676575,1.2587975743000202,1.2570566054258983,14.200575734998543,14.201630776160444,14.200722691434978,0.6115535893142118,-0.8927449704416845,0.2954296310985541,0.1654203485861432,0.17776708853165663,0.17795433762970697,0.17777897289911226,0.15954795210215117,0.15926852372497755,0.15932618421954756
0.0,50.0,110.0,-30.0,0.108785702603858,0.1070173447614268,0.10795552147304151,-2.599302687452168,-2.621887754100754,-2.085103891200682,0.8683830260044981,0.8679031169637397,0.8695141467681381,31.67296585377352,31.68871940945091,31.68106906379695,0.6597422425592191,-2.0628742020185755,0.006145912259667737,0.500032312064673,0.38869581234472544,0.38851386124539394,0.3888457132678724,0.10796854604320412,0.10809916663022563,0.108153172779723
50.0,20.0,10.0,-60.0,0.2248577222229655,0.1842723624389544,0.1972642492527501,1.2724382800784533,-0.3072988601894593,-2.23052067069795,1.565844517711318,1.5603346764280213,1.559875879656732,1.6456666327343257,1.6582867566084019,1.651355876732427,0.6115535893142118,-0.8927449704416845,-0.019961011604464347,0.11933414973335663,0.056232584117602735,0.05629742561104441,0.05603075646130705,0.19845620938756517,0.19771767943595858,0.1984016047880675
100.0,0.0,50.0,-30.0,0.2670049658593694,0.2665744320663606,0.26672403725168825,-0.4137971929644577,-0.4202604041081885,-0.6146232131500342,2.0999020220334033,2.1002061735695676,2.0987266632181383,12.181901722073267,12.187038843423544,12.175399538392899,0.5610908219554596,-0.5198393037975151,0.40547338779765063,0.03696804776081728,0.12794800919675575,0.1277627685148539,0.12773065329432381,0.2668472307737828,0.26669215978756616,0.26665721843465334
0.0,90.0,120.0,30.0,0.173977750525822,0.1720023201735888,0.1730808903422668,-1.3387544608918964,-1.3491772486325533,-1.9027016477588559,1.3800472868792186,1.3864974272027066,1.384700789794681,35.20275187676412,35.18901212729806,35.18538533612036,0.7100174044766513,-2.0547884519709454,0.17658255600323594,0.8992904829904533,0.44422921941200416,0.4444694487740795,0.44429247231055097,0.17317597583812977,0.1737531609311459,0.17294381946627016
50.0,0.0,30.0,120.0,0.1637448810427471,0.1437721526837987,0.1571699739241051,2.038859730109128,1.5400191260490963,-0.8725508829552994,1.240083303026944,1.2416472106955148,1.2432457004508974,7.883176801561973,7.887552920569907,7.885384608040513,0.5786783317088385,-0.5219133872819157,0.1670278119739608,0.062482793725546874,0.0955066882299307,0.0955393633150392,0.09544424291483043,0.15738944932695287,0.1577896004103949,0.15759430011973755
20.0,90.0,20.0,-30.0,0.2645066093705889,0.2567330690612831,0.2615786184483563,-2.13701441610448,-2.2591700656070794,-1.9396524239180477,2.0797012360888845,2.07995706868307,2.0791944265102686,8.516845145375738,8.514438085904764,8.51525575158496,0.7088879274287126,-1.824588487784622,0.07831996014928136,0.5052693675397109,0.16317558481290145,0.16308616234814088,0.1630560839860204,0.2633625839312675,0.2632969003656533,0.26326221844310516
90.0,20.0,20.0,-60.0,0.2856289737030743,0.2512999102979097,0.2657799015496425,3.140071803518805,-3.132228601770055,-2.5137427099428367,2.0949938759091715,2.097678565937267,2.095697115595709,5.834513670866812,5.828549288875004,5.848750724451001,0.5984987239536121,-0.7371513072756187,-0.11154608769030568,0.2782802342935178,0.11104304434563392,0.11097337023949555,0.11145262678300485,0.2658859946693554,0.2659623086216188,0.26563241868723747
0.0,50.0,40.0,-60.0,0.1539947343908069,0.153300382868932,0.15356741087305095,3.1414904896015785,-3.141555961801501,-2.0728046721732465,1.2162986223519707,1.2178105188591755,1.217420267496866,12.853841671354163,12.86640538135714,12.86412416452636,0.6597422425592191,-2.0628742020185755,0.008018017984232283,0.3401862739149963,0.1855742655686293,0.18561199900682923,0.18564938365753206,0.15353950689757975,0.15367967247589565,0.15349166657629018
0.0,90.0,30.0,120.0,0.2558301227905196,0.2272936029254371,0.2464722213610069,0.0042670237116829,-0.3077523605933042,-2.1228864748323724,1.983917049651599,1.9830710019299775,1.9773955666635354,11.321192498673536,11.331097151469217,11.309787041057493,0.7100174044766513,-2.0547884519709454,-0.016772671750268114,0.5781081054237333,0.19370381645289092,0.19375509738965407,0.19354219942978704,0.2511339995723547,0.2503078511914716,0.25039052721458444
50.0,0.0,100.0,-60.0,0.1383231955289432,0.1349271518770425,0.13578262865315344,-1.3932085197658453,-1.4041645577665585,-0.5218409357882263,1.0677060103959957,1.0691565695429064,1.0685675774612853,27.323523988112033,27.33612440561664,27.332163538896847,0.5786783317088385,-0.5219133872819157,0.5034224916101481,-0.000823383115515896,0.3097307084108354,0.3097155125251516,0.3097535794847986,0.13576091808500793,0.13586111099347986,0.13568143791301795
90.0,0.0,80.0,-60.0,0.2511296899376361,0.2495210887177217,0.2498768815920693,-1.2026038087426096,-1.2148776401542207,-0.5631747260438092,1.966561948074605,1.9677912132003899,1.966007491745277,21.17761329158425,21.181202867048686,21.18296508286393,0.562745350766241,-0.5203297715459044,0.7038742675472253,0.02773135592806031,0.2353940275141711,0.23568153459145963,0.2356004013999679,0.2499572136775933,0.24988740475885496,0.2497422318314085
50.0,20.0,100.0,-30.0,0.1389691815569539,0.1344164012342589,0.1371477551007309,-1.2556794937793994,-1.2727558524341365,-0.899789708857023,1.0862641139386378,1.0850092392145971,1.0846462724903598,27.9974780774892,27.99506610871456,27.990031399026122,0.6115535893142118,-0.8927449704416845,0.5037655106243017,0.19870218665913805,0.33051922134003925,0.3303793851219579,0.33036219325037186,0.13734086707850168,0.1371312095163875,0.13729890234289682
0.0,50.0,40.0,30.0,0.1534381590704363,0.1527162899279113,0.15303769143153276,-1.571724116929513,-1.5979125155492286,-2.0991265646475794,1.2125865496260075,1.2130905718133929,1.2133549190425066,12.861782056624705,12.85629621236794,12.850989919818087,0.6597422425592191,-2.0628742020185755,-0.0015736943149437881,0.33888407055883213,0.1855566188461932,0.18534030558726286,0.1853643954044482,0.15299655875721152,0.15310729727812583,0.15302404950898
50.0,50.0,100.0,60.0,0.1696215927915437,0.1664996941468133,0.16775457202131835,-0.0961035435625249,-0.1119640255560719,-1.300375096573004,1.3337159483331278,1.3310690861231926,1.332288041551987,28.868131861634815,28.84765556133592,28.86562675468036,0.6550888176419655,-1.2898374651384217,0.5112392672532332,0.5012301540688971,0.35734768348614404,0.35717729548744037,0.3573476811507386,0.167827028710494,0.1676439893297291,0.1679807121931706
0.0,20.0,110.0,60.0,0.0472144905021999,0.0438215438946097,0.04580999596102223,-0.82854318884403,-1.0467472432916778,-2.043231550385664,0.3799977035164775,0.376836162685675,0.38030909800137325,30.922007972133592,30.910962675033954,30.92715622352196,0.617145342061956,-2.0150473293853004,0.011678710371795343,0.19816651379003647,0.3638268067604716,0.3636939587878718,0.3640089648740121,0.04590578964021613,0.045935885580832066,0.046335321554844856
90.0,20.0,90.0,30.0,0.2191436575327634,0.2184135395856375,0.21892402875951597,0.2260982223230018,0.2175467559426812,-0.6072469993292666,1.7254448149856854,1.724697223626028,1.7224160027278428,24.376450517259766,24.36204557327554,24.356806613645364,0.5984987239536121,-0.7371513072756187,0.7226625052825939,0.0606236533355065,0.2768945547464069,0.27684535610178496,0.27708868097123285,0.21915783573348813,0.21877028958203804,0.21889304764330128
50.0,20.0,90.0,-60.0,0.1373812279040453,0.1363197194535814,0.1366305474190696,-1.810978266508307,-1.820281626338943,-0.9434626710196987,1.0801889873725694,1.080344531378851,1.082406447560447,25.25311871254436,25.26146092678221,25.25728984525148,0.6115535893142118,-0.8927449704416845,0.44857179706162803,0.200011643305239,0.3004645820825994,0.3004311897953268,0.3005943027303231,0.13645722197795113,0.13673814089174807,0.13671980438096273
0.0,20.0,50.0,-60.0,0.0764317497981363,0.0750050721208201,0.07585917736239473,3.140992377250697,-3.1406406377779685,-2.0670936499286023,0.6053621205835991,0.606921693520079,0.6052139915229362,14.672876119486515,14.680272778255363,14.677008598009037,0.617145342061956,-2.0150473293853004,0.005012710434288759,0.16898508164474435,0.18639338184463364,0.18657142428723927,0.18661388223549483,0.07595490190324497,0.07592796501217879,0.07574042755366595
50.0,0.0,120.0,-60.0,0.1135089132029557,0.1098345661557386,0.11228313235394362,-1.4332354992141592,-1.46620205364809,-0.5205159123274099,0.8843570590014981,0.8859560921014686,0.8850711815031392,32.98378595497967,32.998441297881726,32.99643419647212,0.5786783317088385,-0.5219133872819157,0.5033826782175544,-0.0016546587966020391,0.3746315630267928,0.3745915671871801,0.37468615699788754,0.11244975872074493,0.11253028566437526,0.1123247061415698
50.0,50.0,50.0,120.0,0.1970126335927441,0.1906900164386563,0.1955255574062332,1.0567472396120712,0.9158974329404164,-1.3887512866115517,1.5468369035002345,1.5461460256492205,1.5477027168453639,15.12228575727423,15.131816316812182,15.126820810166826,0.6550888176419655,-1.2898374651384217,0.31352291677769556,0.3691769600277019,0.20720694608878967,0.20732794232831545,0.20720378238143844,0.19554102726662645,0.19564906564371184,0.19573401118986566
20.0,90.0,60.0,60.0,0.1997899798256535,0.197861278174579,0.19937601007154745,-0.3754652878085404,-0.4202623295527958,-1.6200977703017807,1.578816832764247,1.5813018880720024,1.579412393191438,18.494878959601817,18.492482091984428,18.490078711047797,0.7088879274287126,-1.824588487784622,0.2769214362137183,0.53966075369981,0.25460099637271494,0.25469911012897717,0.2548677862682234,0.19946794596870338,0.199543569964429,0.19922274985790417
90.0,20.0,20.0,-30.0,0.2846068754373766,0.2556653381946974,0.2661635795211787,2.0207292677440125,0.1979516123718907,-2.362727367484979,2.099018088835954,2.0938216671073264,2.0998556074923376,3.4784208698253085,3.467896237048395,3.489867225995817,0.5984987239536121,-0.7371513072756187,-0.056509274171743624,0.16303556917349268,0.0649561760765768,0.06464945854389524,0.06486061536619474,0.2659281939652976,0.2660266050354628,0.2666905133247721
90.0,0.0,10.0,30.0,0.2691309221518523,0.2657243601566394,0.26700166930652147,3.137842206195598,-3.1395740050237007,-2.2751582563555406,2.106140569729019,2.106211917487173,2.1080259433194657,4.003278413156382,3.9976393534180623,3.985339019601835,0.562745350766241,-0.5203297715459044,-0.05745360647861361,0.3144602148567351,0.10620693677907728,0.10620107314116148,0.1059517233242402,0.26693893982104633,0.26718450456296716,0.26716927107588573
90.0,0.0,100.0,120.0,0.2018055951324243,0.2005231139388498,0.20154444095312524,2.0778686084897253,2.067438992042229,-0.26462527909563455,1.5831758599341406,1.5836857427129862,1.5821652860386402,26.46975261739563,26.48356258207396,26.47419647574227,0.562745350766241,-0.5203297715459044,0.6636412374883974,-0.1756087681275073,0.2847573839747425,0.28476741611941475,0.28470687781753756,0.20168739427201532,0.201542856068218,0.20148455914840932
0.0,20.0,40.0,-30.0,0.0823319192682487,0.0811487579593169,0.08177435234915931,-2.5287768622238085,-2.6151582725613194,-2.0702132357314733,0.6504534277092966,0.6512900277032206,0.6514020942872092,11.989829191730163,11.995556268614514,11.993034101302744,0.617145342061956,-2.0150473293853004,0.0039862722113109695,0.15374676668334547,0.15714486202942782,0.15716259845561484,0.15723937370939398,0.08176524047911712,0.08186110806892818,0.08176961778919731
50.0,0.0,80.0,60.0,0.1357751877902121,0.1346640777729573,0.13544792746412307,0.6734402356024816,0.6604172466106161,-0.5884008020684561,1.0670040582439904,1.0661280698560016,1.0676765399136152,21.856923773543848,21.85277550388471,21.86893207032233,0.5786783317088385,-0.5219133872819157,0.40288922172040675,0.026195754009996786,0.24873395734569392,0.2489543244833982,0.2490705935041565,0.13535555735433064,0.13547338396786543,0.13558109713629823
90.0,0.0,20.0,-60.0,0.2839534019879242,0.2435345298031603,0.2628399372830941,3.139434251767661,-3.1316522111699445,-2.357636664956125,2.08797807654637,2.0816360700841683,2.084410228018787,6.980120466986094,6.984680353037283,6.9855390536698385,0.562745350766241,-0.5203297715459044,-0.07814819979550656,0.3632290737709628,0.13367520369964428,0.13391736188622227,0.13359723563371262,0.2642285663985284,0.26377573595345466,0.26456557951722665
90.0,0.0,70.0,120.0,0.2587953787545995,0.2538141283344037,0.25784545203855175,1.992719198901048,1.9456410430754136,-0.5847112936117477,2.029625737735792,2.030713719655668,2.0311339346290476,18.26863789905401,18.276605357144927,18.275072674527248,0.562745350766241,-0.5203297715459044,0.6214743933512868,0.03850797383519351,0.2019509955771761,0.20201491649018222,0.20190490648546114,0.2578540137641259,0.25804034827638417,0.2578968473730999
0.0,100.0,100.0,-30.0,0.211878485367205,0.2100407732693065,0.21107226511313842,-2.596411744385672,-2.617900116485237,-2.0850096243267005,1.6827028613256718,1.6788688128716855,1.6773415160363359,30.213778634211703,30.2215531897888,30.203847173259362,0.7218526699760112,-2.0319799578528905,0.011087923509493072,1.000151412466246,0.3984035017726992,0.39804472844533584,0.39822710533512695,0.21144748422891765,0.21078445273400798,0.2112521258209644
90.0,20.0,120.0,120.0,0.2062829580705781,0.199628252243265,0.20137974306225623,1.5596089439569107,1.547345485295616,-0.7444171300357374,1.5894771100651819,1.5883386500530783,1.588648843352612,33.263549702946015,33.28056319165319,33.27633571478525,0.5984987239536121,-0.7371513072756187,0.9094415540321037,0.20397677197815356,0.38730500344673996,0.38754019286555064,0.3876195125081922,0.20137078235147968,0.20128965756715508,0.20145098037842854
50.0,0.0,50.0,30.0,0.1519927996631891,0.1488988786595458,0.15097279604966057,0.2435149069422474,0.1994763997058434,-0.6746263108877661,1.190463834127062,1.189790217631748,1.18864986755841,13.476047541015824,13.4660088847455,13.468098025150503,0.5786783317088385,-0.5219133872819157,0.2761473558037788,0.04219438854913889,0.15459625357612916,0.15439509230133044,0.15452284658441193,0.1511429869307567,0.1509087095426838,0.15100511766560984
20.0,20.0,70.0,-60.0,0.0847166606248783,0.0833857391230818,0.08375929482027421,-2.333819741911515,-2.3790874530706625,-1.4095594744262407,0.6681990216259923,0.6663806292805649,0.6692768384899217,20.000562399102655,19.997842852143574,20.01152010986055,0.6162442654560011,-1.27379193074638,0.15507924802604017,0.1893972839422457,0.24392648405205392,0.24399573783680803,0.24406549608988945,0.08358329263252447,0.08373773961096607,0.08395820556909604
0.0,20.0,70.0,-60.0,0.0653563489154782,0.0646548951078508,0.06498480675272571,-3.0916905939825594,-3.138553555104364,-2.079963616838097,0.5223560896315216,0.5235739081605201,0.5228834686697638,20.064309010839313,20.0716517677165,20.067776524535635,0.617145342061956,-2.0150473293853004,0.003111814359182745,0.19043772215161453,0.24499229045781892,0.24491975656577158,0.24490668740729,0.06502500213739586,0.06508575517272334,0.06492079561403027
90.0,0.0,30.0,-30.0,0.2705097591448199,0.2595907458030022,0.2652651027174242,0.4118263185262891,0.0868314442278401,-1.010840233600984,2.1059463781615686,2.103429691814014,2.1029882190651734,5.491794528125499,5.407206785898435,5.508999640670665,0.562745350766241,-0.5203297715459044,0.0837752477946127,0.05112982178824745,0.04518595241281892,0.044982888529763614,0.04537618429650812,0.2674284732677976,0.2670990953084062,0.2673726202396589
90.0,0.0,10.0,-30.0,0.2689741732954593,0.2607212363292811,0.2652017655385183,3.1405176146121367,-3.136213611118144,-2.181539498876747,2.0920890301359325,2.0921934958042354,2.0960980155449227,5.032257423274376,5.04207611511787,5.032141115170945,0.562745350766241,-0.5203297715459044,-0.02983430024846372,0.3665319211313665,0.12087234261405738,0.12084287554764217,0.12082426292628831,0.2649806535440877,0.2654798665860774,0.26547551291582516
90.0,0.0,60.0,-30.0,0.2670266439743867,0.266476463058842,0.2667365605485818,-0.5309625938876852,-0.5377007911665017,-0.594986168689808,2.099804831261586,2.0999292398137364,2.0996534905811015,15.221597622122648,15.220147577278464,15.216482480804194,0.562745350766241,-0.5203297715459044,0.5246535048287487,0.03745706022440085,0.164629868321646,0.16466868404425208,0.16457678805731837,0.2667471142983477,0.2667273043191795,0.26671347782242266
100.0,0.0,20.0,60.0,0.2900177754442807,0.2484727918262604,0.26618764629077796,2.863505797787842,1.484067324225667,-2.163792434885451,2.095002529537477,2.1031583173306414,2.101167876363188,2.8944991485201195,2.913150939000981,2.8995452646461546,0.5610908219554596,-0.5198393037975151,-0.008624352801231512,0.14767168123174773,0.05375603128459295,0.05370066171377358,0.053853423930163624,0.26637333260189994,0.26715672430756615,0.2661165003104444
90.0,20.0,90.0,-30.0,0.236727848446358,0.2360142747047779,0.2362644342148939,-0.9676644738287354,-0.9724759808659506,-0.7684945121519212,1.8624644344065002,1.863718779427192,1.8617881838815717,24.75121441708842,24.761530465829875,24.75192236837488,0.5984987239536121,-0.7371513072756187,0.7974322023034955,0.1991712386235185,0.290749645176044,0.29105720066046276,0.29083043395576885,0.23636843159599888,0.23629463814553142,0.23613404871453555
90.0,0.0,100.0,0.0,0.2377999501092561,0.2373165492852483,0.23754108483259162,-0.2183071073615805,-0.220504442048402,-0.5188373172659755,1.869234322281662,1.8692279310917665,1.8698564947909617,26.854169605975418,26.84885846360055,26.84008779752563,0.562745350766241,-0.5203297715459044,0.852285271652599,-0.004032462399652833,0.300088744701674,0.29980482997794944,0.2999041717947253,0.23749654045915797,0.23757003103749083,0.23757637708550647
0.0,100.0,120.0,60.0,0.1982709702024087,0.1957617272035211,0.1968714790571933,-0.6380470598339139,-0.6629494865242361,-1.7658114097500328,1.5667402722829324,1.5737538884245346,1.5720047431018358,35.348996703553006,35.33769624478679,35.343788178327266,0.7218526699760112,-2.0319799578528905,0.34310820544004017,0.9987754823234773,0.45025232587483094,0.45015205303763656,0.45022905396066104,0.19695869919007875,0.19757694773834966,0.1966984900250805
20.0,50.0,0.0,30.0,0.1963741935887483,0.1952054560841789,0.1957819174386897,-0.5946595859789359,-1.2951574967289865,-2.091324669977518,1.5421830886385464,1.5453362504433803,1.545418577552721,2.3744420430980266,2.3669138609043845,2.3713199115154397,0.658991099436022,-1.6861926913303058,0.0006017250669815729,0.17902385358211606,0.07732015993876516,0.0771020072627134,0.0773036633275507,0.1956457733139487,0.19605648968148073,0.19565963437057735
0.0,50.0,100.0,120.0,0.1173940066379506,0.1070715065767498,0.1153268553419132,0.1558270825904969,0.001544014284092,-2.0640402023912383,0.92319681707654,0.9289040533870809,0.9261202944442037,28.999846900550423,29.011864372387727,29.004818626984456,0.6597422425592191,-2.0628742020185755,0.01691367468022053,0.493246635171126,0.3593817054301404,0.3596178102553918,0.35953646365607456,0.1155714601727707,0.11592431544554203,0.11521141597287493
20.0,90.0,30.0,120.0,0.1714320208237369,0.1005294963501754,0.15823062526899898,2.1262866032694445,1.1239496397456623,-0.9397517052083099,1.2739853501689247,1.2736029254874528,1.28249158527892,8.06487995484907,8.06014000144333,8.060551923182748,0.7088879274287126,-1.824588487784622,0.16545288027951188,0.12271862580002287,0.10216616668190906,0.10265698731396883,0.10248547885569607,0.16124442964550903,0.16229908728006134,0.16235657520718388
0.0,100.0,90.0,0.0,0.2264536844554514,0.2247491636858958,0.22571006153282083,-2.0778660425293585,-2.084802580125117,-2.0835965404510635,1.7964937939511985,1.7930129781884045,1.7922110167666838,27.615110557435916,27.603715336319805,27.599948904726954,0.7218526699760112,-2.0319799578528905,0.012436720866275064,0.9999454498153677,0.37225217521263215,0.3721110368717179,0.37184943433491224,0.22598823383731453,0.22545403901327918,0.2258859916306754
0.0,100.0,110.0,30.0,0.2021580521428434,0.2003919547579702,0.20124986456352553,-1.3405237957955516,-1.353994550732141,-1.913667296847255,1.608265039085755,1.6024376289215678,1.6006067445520198,32.791314741020386,32.77923592676727,32.77221784234111,0.7218526699760112,-2.0319799578528905,0.18460517664138154,1.0000580005522914,0.42373250060223455,0.42389144331380757,0.423836624595435,0.20173235677542933,0.20080933657407585,0.20156740258401476
0.0,20.0,0.0,120.0,0.1179927013587365,0.098776926353608,0.10856466533032255,-1.954117828387036,-2.096116863577059,-2.0881208859091442,0.8960260965892496,0.8945836088239071,0.8966008584157161,1.8934303086509918,1.8903589480369913,1.8946096548860631,0.617145342061956,-2.0150473293853004,0.0005447609646088514,0.06622474080642131,0.05722546443431558,0.05688632879637163,0.05705029246909755,0.113499623693133,0.11355576102273865,0.1137802730847986
0.0,50.0,110.0,0.0,0.1085740377039567,0.1070972987657843,0.10794142847710197,-2.083599505526241,-2.0947503421643425,-2.0893950839455853,0.8697278376922377,0.8682107798100162,0.8675146422225337,31.6876822200332,31.675296881544092,31.674321535252982,0.6597422425592191,-2.0628742020185755,0.0041127778609628355,0.49996396934045034,0.3888011714645558,0.3887871001517472,0.38835095795498314,0.10817177820148362,0.10791795557618482,0.10810029439264751
0.0,90.0,10.0,60.0,0.2683496712388662,0.2666859667134318,0.2675384963984952,-1.2101823206196165,-1.5743543169571226,-2.16567653296458,2.110666643237217,2.1114288558993746,2.113354824021282,5.917516472661159,5.910656819630258,5.9121621766366514,0.7100174044766513,-2.0547884519709454,-0.030773107275170124,0.42478189408903816,0.13419600410571356,0.13395282948924073,0.13396665779568787,0.26736276360223327,0.2677068294022364,0.26761799859473323
20.0,20.0,120.0,-30.0,0.0617914038517403,0.0583948195334858,0.06055958313874783,-1.7684787158618205,-1.811588118380389,-1.301667072239436,0.4949203364875551,0.4916126115330612,0.49058597682835176,33.62871311701631,33.63778931690517,33.61563999274925,0.6162442654560011,-1.27379193074638,0.20418173006535675,0.1997394449383287,0.39412493245801705,0.39412239349127653,0.3940624505585377,0.061059999106381796,0.060538580342879456,0.06095899369942857
20.0,20.0,90.0,-30.0,0.0791438512126037,0.0777468399350481,0.0783475344730392,-1.7353456040090955,-1.760833488893266,-1.3020400688258011,0.6268483984951582,0.6272111709557114,0.6264698155121109,25.416003897473683,25.422683795271574,25.41362612089395,0.6162442654560011,-1.27379193074638,0.20291217876356407,0.19958468926373496,0.303446252476608,0.30366899877152287,0.30352894270016095,0.07843409922762345,0.07839123411306115,0.07834499337987631
50.0,20.0,10.0,30.0,0.1924008899663501,0.1768599318049171,0.18431376726634982,1.1422004971093684,0.1023672534356605,-1.6825110197914865,1.4579106857470037,1.4532949004704996,1.4535759177836025,2.3102283316914183,2.314720695100712,2.3149192498992037,0.6115535893142118,-0.8927449704416845,0.053084242776259435,0.119122935411738,0.05986530401906535,0.06010657374107608,0.0599738773678416,0.18475152398120687,0.18420394150500496,0.1847858910542582
100.0,0.0,60.0,-60.0,0.2670155513066864,0.2663980353125013,0.2667224645071703,-1.0342724119212954,-1.060855929448721,-0.5909578639498574,2.0988100112108956,2.100303451774595,2.099966969289761,15.205423013929162,15.209777146577673,15.210154351844306,0.5610908219554596,-0.5198393037975151,0.5232530174328968,0.03503287979102498,0.16422960745699738,0.16421990011278614,0.16422678152778086,0.26668565197664534,0.26683049699740335,0.26664509224206717
50.0,50.0,60.0,0.0,0.1884576731581394,0.1880767561937984,0.1883304809231635,-1.0933021783775585,-1.100036336869023,-1.359327339635151,1.48930727479815,1.4904907600684227,1.4911707533090484,17.858926657836815,17.859561157433586,17.852033627915254,0.6550888176419655,-1.2898374651384217,0.3574461127852403,0.3951585129073569,0.23631451444928622,0.23648129857261213,0.2364188737264704,0.18822278695691724,0.1884694157070439,0.18832279966555804
20.0,90.0,90.0,0.0,0.2137686030283916,0.2121211504915214,0.21289178972780892,-1.7985595482457728,-1.8074680527873843,-1.8673811984105253,1.6921876020839681,1.6934280626676488,1.6918314189046069,27.340005209878676,27.348694511977357,27.348464913499477,0.7088879274287126,-1.824588487784622,0.2094437093416462,0.8999465442729555,0.36403754074417005,0.3641638293397369,0.36410124588463344,0.21304666507062842,0.21298470337306535,0.21285341895020385
0.0,50.0,90.0,30.0,0.1267793604220453,0.1246684152762797,0.12591802008918748,-1.5019396735828006,-1.5672599878526898,-2.072808030661391,1.006558269472216,1.0058478295488578,1.0070913328624873,26.372529578046414,26.364148173638384,26.358470734660543,0.6597422425592191,-2.0628742020185755,0.011805901808999816,0.49932540607875064,0.3325231440210064,0.33243154722479595,0.33234416818658336,0.1259242034751024,0.1260011875724282,0.12607094750646647
50.0,20.0,70.0,120.0,0.1473631270676849,0.1438459285285383,0.14669257579583764,1.349884314704659,1.306070077177239,-0.9871147201256635,1.1593377503354572,1.1599625202795352,1.1603956825200183,19.751330389437115,19.762399937209498,19.757574313943593,0.6115535893142118,-0.8927449704416845,0.3757045917684603,0.18802722942381167,0.2392443152448784,0.2393772024266771,0.2392631320221344,0.14669358726148787,0.14682765176561535,0.14674542966310047
0.0,20.0,50.0,30.0,0.0757251496875807,0.0752287609049609,0.07543157577893014,-1.5570799988043809,-1.595884197484348,-2.0956461938826143,0.6032590886321492,0.6017167162910473,0.6023705481421011,14.686365623580476,14.670364855023237,14.672764850535872,0.617145342061956,-2.0150473293853004,-0.00015179679339335012,0.1680044929611204,0.18627403213943855,0.1862621304360649,0.18640937396531676,0.07544914714273887,0.07534838784148543,0.07554089218311977
20.0,20.0,0.0,30.0,0.1304116090628707,0.1138819672024506,0.12239703534158657,-0.2252837278359606,-1.0647986331859949,-2.0889794066209135,0.9861096727086873,0.9916712034833506,0.9897610400986772,1.8909708384228325,1.9170376338087638,1.8757899441924326,0.6162442654560011,-1.27379193074638,0.0005540628654242648,0.07644178920905596,0.05752065371032243,0.05809847825942544,0.05804498332694065,0.1253048192160514,0.12579227532678294,0.1250871006839391
50.0,50.0,120.0,0.0,0.145150828605621,0.1416667357819998,0.14330622064448792,-1.1869958053488925,-1.2138054315321478,-1.3053501759317716,1.1423813397427285,1.143320367218041,1.1399377276226317,34.28873302380353,34.28034791469614,34.261446187950355,0.6550888176419655,-1.2898374651384217,0.5053534376504775,0.5001235420379314,0.4162330289144025,0.4157435424045115,0.4157396198929311,0.1437290798892136,0.14341485066683837,0.14326870029473257
50.0,50.0,40.0,-60.0,0.2116335079552287,0.2070418017722853,0.20834661779088942,-1.8870989458316696,-1.9967583924711063,-1.3631062400549794,1.6452940168304189,1.6458386433806302,1.6444466860972065,12.211082396128308,12.212723162045835,12.214285008412418,0.6550888176419655,-1.2898374651384217,0.289708617566909,0.3220017927426093,0.17427885782674696,0.1743705146708539,0.17433672719283153,0.208383596050116,0.20827531658341833,0.2082173796769442
20.0,0.0,90.0,30.0,0.0497780635630177,0.0491602866718246,0.04956644183572865,0.0308417136438723,-0.0024829433471721,-0.5755473708786257,0.3915194781773502,0.3927882685876091,0.3894691934756518,24.799882441943723,24.79915341969692,24.789316403888943,0.5841886751953623,-0.5231776405480634,0.16781566975316337,0.008748953946782018,0.2829700003846275,0.2830713913685458,0.2830221685152806,0.04983969334032769,0.04958133227922691,0.04944031801924523
100.0,0.0,120.0,-60.0,0.2063584602163413,0.2004807099651174,0.20464395227710355,-1.3415482428649377,-1.3622362776797337,-0.5203878969922741,1.614067457015943,1.611722447026117,1.6095947622340396,32.6881488778046,32.699890160357434,32.69783799279007,0.5610908219554596,-0.5198393037975151,0.9016513728878384,-0.003075669772885022,0.3686783785555393,0.36902852660975094,0.3688447876146745,0.20505491743920456,0.20451206740768962,0.20481568341310488
90.0,0.0,110.0,-60.0,0.2253700481752681,0.2205227787731715,0.22335386807486646,-1.304401511497291,-1.319748258583223,-0.5206638208707285,1.7566710945212987,1.7582151467648415,1.758608818864322,29.779646627385382,29.78275217637063,29.781526948974538,0.562745350766241,-0.5203297715459044,0.8934586256462662,-0.0026332996860099784,0.3346295665853925,0.3349010261386667,0.3348320366864496,0.2233307460994283,0.22357345266644507,0.22337818244575985
50.0,0.0,60.0,0.0,0.1461931308669804,0.1456130307290083,0.14596258745182852,-0.3366221129369607,-0.3435216413552461,-0.643538065558112,1.1499111350035667,1.1502765788548137,1.1495230889714059,16.30235618050623,16.304917192709254,16.293730812962526,0.5786783317088385,-0.5219133872819157,0.32345663906382144,0.0389954865018524,0.1868171027973909,0.18661266824127895,0.1866902420252675,0.14602683765858285,0.1459702213783034,0.1459246870098706
50.0,20.0,20.0,120.0,0.1816712094102883,0.1616407761050625,0.1737610178113726,1.866484986486014,1.0004889673472088,-1.3650366985978526,1.3730751612554875,1.3722969514877315,1.3764591939729653,5.917564926064241,5.920987883035269,5.914766489162547,0.6115535893142118,-0.8927449704416845,0.12655675067482186,0.14521212681473666,0.09363142059695004,0.09368600821830453,0.0935049584799395,0.1738724641800032,0.17430743154090897,0.17439474172952937
0.0,50.0,90.0,-60.0,0.1267948393614322,0.1251919666900019,0.1259948524313097,3.141574929956984,-3.1415787338710217,-2.084999285391508,1.0082872676148316,1.0065421125542158,1.0063715585704462,26.35666066549747,26.368139808187596,26.364257793616968,0.6597422425592191,-2.0628742020185755,0.005518382967278527,0.4998868336008437,0.33249903388821456,0.33249289959276357,0.33242719823311384,0.12615189650238168,0.1259161510153754,0.12612986287865421
20.0,20.0,30.0,0.0,0.1067068583934464,0.1054755097583891,0.10623095472950407,-1.2463780537510127,-1.295186052148788,-1.5086585119524802,0.8416242524284232,0.8409389477372615,0.8407107701014027,9.175401526087976,9.173632371485922,9.168810313672273,0.6162442654560011,-1.27379193074638,0.08838048415023629,0.13325161229597146,0.12635594521009136,0.1262753305509382,0.12621294913436956,0.10631123402365014,0.10619835081368367,0.10628547317862974
90.0,0.0,90.0,-60.0,0.2422826040768147,0.2412693076664438,0.24148370085528967,-1.2501816796738776,-1.2586414883363055,-0.5495642863893452,1.900411252283188,1.9001915404669663,1.9016553988743432,24.062578287580823,24.074134920944836,24.074758104535395,0.562745350766241,-0.5203297715459044,0.7773350162988194,0.020102280097963943,0.2689990048260156,0.2693697059660739,0.26917339492364734,0.2413588182701227,0.2415293009059071,0.24154552530991083
20.0,0.0,70.0,0.0,0.0578366047735192,0.0566874187397571,0.05730804300756517,-0.635062938292672,-0.6855156426395321,-0.7532977649020326,0.45373610722620467,0.4531271864911541,0.45481885779449915,19.390564321764156,19.386650596625607,19.376722024854725,0.5841886751953623,-0.5231776405480634,0.14951389559500927,0.03492872557441509,0.2239012410714693,0.2238573599229448,0.22388519368531493,0.05724404529966356,0.05739713394921079,0.057465800232885327
0.0,100.0,10.0,120.0,0.2685764157457563,0.2663204806317808,0.26732251089424097,-0.5438648960742372,-1.3885112516847624,-2.2900103604711908,2.105663184024007,2.1132407400140325,2.1105149216530856,5.364931360741025,5.373164877135699,5.380567439776636,0.7218526699760112,-2.0319799578528905,-0.0770017180110096,0.3880485716093997,0.12569203606455873,0.12564877917519165,0.12601984800379026,0.26729069051957793,0.2678947845445434,0.2669392285357356
100.0,0.0,80.0,60.0,0.2523494695752816,0.2506965576068886,0.2519270622428393,0.8926194340814853,0.8805562259545933,-0.5588037140573647,1.9825280243931414,1.983439173645798,1.983640065920595,21.150675116902086,21.151196952403044,21.151411350134754,0.5610908219554596,-0.5198393037975151,0.7074307193827871,0.02505734372095689,0.23480856551230747,0.23466456987490414,0.2348402914324302,0.2519048377276433,0.2520377683020619,0.2519180038298627
90.0,20.0,0.0,120.0,0.2673904634266155,0.2668361707132364,0.2671304046773692,3.1403056343253284,-3.1371033509719832,-2.091376660183659,2.107492532292178,2.107479028550021,2.1089455449268955,3.2632691909250835,3.2606735925328687,3.2608348017291022,0.5984987239536121,-0.7371513072756187,0.0010729111244041209,0.3374066151622286,0.10607844450808632,0.10607335901116903,0.10598056884731419,0.26709314170925114,0.2672827602971502,0.26728201909014426
0.0,90.0,10.0,120.0,0.2685081996099838,0.2660871815464873,0.2673216799589455,-0.5523228884664886,-1.3944509258379547,-2.2915303551077937,2.106414437893209,2.1127540959660855,2.11020224553573,5.374779663815296,5.376310024617729,5.384057355354557,0.7100174044766513,-2.0547884519709454,-0.07744481502581156,0.3874294311851162,0.12585604751419371,0.12580542994909555,0.12596384279196776,0.2673287838251655,0.2677963351672901,0.2669932656358671
50.0,50.0,120.0,30.0,0.1459920172061007,0.1417163923710055,0.143514005269842,-0.6617086710206397,-0.6889629674012482,-1.3049608470194367,1.143527689218286,1.142910766077526,1.1437276224998274,34.281743389436414,34.2837365685531,34.279687423853915,0.6550888176419655,-1.2898374651384217,0.5064330152446626,0.5007622481993036,0.4158983906735182,0.41612068323593465,0.41580646025143725,0.14358040216263612,0.1436484911883139,0.14373774762150215
20.0,90.0,100.0,120.0,0.1996536263184103,0.1929422825676722,0.19833233678006995,0.3314069956447684,0.2753041355640163,-1.8595024016318187,1.579751576910823,1.580664435423061,1.5773626151101083,29.94906823651015,29.964864600036545,29.96093109148999,0.7088879274287126,-1.824588487784622,0.2167228503622835,0.8955418158202176,0.3905035003093805,0.3907445063122548,0.3904774503751502,0.19874197837934712,0.19843133378646835,0.19833235645255454
50.0,0.0,120.0,-30.0,0.1135608068630944,0.1100819333320641,0.11241017929375655,-0.9132436621519888,-0.9434740593652694,-0.5216185570566554,0.8858911785382484,0.8853112489711062,0.8871741432319503,32.99504451946039,32.99858856630847,32.989615650600264,0.5786783317088385,-0.5219133872819157,0.5039716919265353,-0.001077430428266816,0.37476969644983843,0.3748068087031908,0.3745066958094824,0.11242234474835527,0.11259910359166415,0.11265231711867099
0.0,90.0,20.0,30.0,0.2592855308550226,0.2582141357098906,0.2586787664237664,-1.57519699084415,-1.642146759325045,-2.1024446391821336,2.0435286836936757,2.0435185621692895,2.0431571750571638,8.627605531495876,8.622328041291114,8.618954375144467,0.7100174044766513,-2.0547884519709454,-0.004181822423981815,0.5060747620368102,0.1641573225530836,0.16395166883242385,0.16401242251700354,0.25872241182084144,0.25866738708855674,0.2586641494714432
90.0,20.0,70.0,120.0,0.2535848912691551,0.2490405381450009,0.25266172824492417,1.7504171193414075,1.7057910320825642,-0.7979397371106174,1.9913811221261304,1.991227144573699,1.992811531609736,19.004301410563126,19.013147071086635,19.010504143364155,0.5984987239536121,-0.7371513072756187,0.6551168708395239,0.18481029699589632,0.2250779751634323,0.22518496295492033,0.22517694249975254,0.25261018536299523,0.25279510415625284,0.2528133488410907
50.0,50.0,70.0,60.0,0.1785335304454252,0.1772136526535871,0.17823174886010926,-0.0664166635498087,-0.0870037188154874,-1.336363415780251,1.4131689330747002,1.41227404941866,1.4100282290402786,20.579991971527445,20.570203384610238,20.573567068245318,0.6550888176419655,-1.2898374651384217,0.3888238184256482,0.4106310232128817,0.2654474419816502,0.2654064447884782,0.265588250091464,0.1784916596662694,0.17808135607584216,0.17820982570633093
0.0,50.0,10.0,0.0,0.1798530825274502,0.1788002178359421,0.17926246606460045,-2.0832452010688445,-2.100635565562478,-2.0921109510143343,1.4123545591879216,1.4173890875219977,1.4173242349710546,4.921974829209771,4.916430235503524,4.918476189340116,0.6597422425592191,-2.0628742020185755,0.000589148511566848,0.21684823029712752,0.10197555098157714,0.10212758334793284,0.10230788196143067,0.17908047709882527,0.1797358257517468,0.17906360600720528
90.0,0.0,70.0,60.0,0.2585324529071271,0.2559856721647126,0.2580030577332747,0.9477024052917344,0.922988857605226,-0.5790042320295716,2.0320548750310747,2.0305532865137708,2.031538153396156,18.25713686900834,18.251617045738215,18.258939122428984,0.562745350766241,-0.5203297715459044,0.6202041508698987,0.0346519942799918,0.20132795136249532,0.2014084805730112,0.2014850850700459,0.2580224190604181,0.25797257892422315,0.2581589704749741
90.0,20.0,100.0,120.0,0.2442036320827547,0.2380363182074888,0.24119024410620232,1.651460218547888,1.6349662387818398,-0.7457344205257651,1.9016923444876894,1.9014317795875817,1.9018290386520735,27.526474114308797,27.543220778017673,27.534428233766313,0.5984987239536121,-0.7371513072756187,0.9042264910295676,0.20411069556984288,0.3218598985802846,0.32196649505098873,0.3217475985800167,0.2412568424539625,0.2412767927625257,0.24130025321323162
0.0,20.0,90.0,120.0,0.056491475940389,0.0553904037680339,0.0561184311176484,2.8805672800770847,2.8281653116586605,0.7279186457892186,0.4299966258863522,0.43123923264143815,0.4304108230498543,24.13778943071482,24.151030204825396,24.14748703104993,0.617145342061956,-2.0150473293853004,0.05524927734955677,-0.16668881007863107,0.26133301930885494,0.2614332367555084,0.26137958079552853,0.05618813146682459,0.05624394192047252,0.0560689567277601
0.0,50.0,50.0,-60.0,0.1462401299360627,0.1455749203639479,0.14586957755334087,3.1415915676001163,-3.141580477178573,-2.0836257769895634,1.158772799406398,1.1572508441506422,1.1576119381392873,15.519894857187397,15.52795574894147,15.528595006368473,0.6597422425592191,-2.0628742020185755,0.004586186058193701,0.37289896394765915,0.21387000869314537,0.2139480657098895,0.21392038683986137,0.14590992569489472,0.14576393004142063,0.14595321334158698
20.0,0.0,60.0,60.0,0.0600331636841622,0.0574299423210444,0.05945442142452449,0.3694553378515547,0.3214405832131323,-0.8121000085997281,0.47154536318905155,0.47049383422222874,0.4707947649003642,16.664869687051524,16.656446082958137,16.66348200995379,0.5841886751953623,-0.5231776405480634,0.13196214848311982,0.0392154665280266,0.1937433814909762,0.19373426161329552,0.19379123600748444,0.0595204106880293,0.05943224617207442,0.05956668309329183
20.0,50.0,70.0,60.0,0.1375861207832631,0.1363299290725735,0.13706903667742545,-0.5546119622878953,-0.583717334091334,-1.7039163173245422,1.0908838758991537,1.0876655529091506,1.0926276538280053,20.7731017996613,20.759762461688517,20.770784725590268,0.658991099436022,-1.6861926913303058,0.16763388525386072,0.40681823602884953,0.26850979434370553,0.2681603960913435,0.2686275645060806,0.13679984990989716,0.13702853030687956,0.1374201898340241
50.0,0.0,30.0,-30.0,0.1668267609268261,0.1656853659231443,0.16633655621894405,-0.5071206441625774,-0.5248078806342333,-0.7293722335945647,1.3100366134855577,1.3105559229255872,1.309212002999512,7.448746286264289,7.453007579557081,7.453975503879588,0.5786783317088385,-0.5219133872819157,0.1615457028726846,0.033748895836365686,0.08312871460974601,0.08313551630787828,0.0831621456970742,0.16643039058619685,0.16633116638190784,0.1662678017839347
50.0,20.0,50.0,0.0,0.1608649262827632,0.159826390639963,0.16045732554324185,-0.6624683442303468,-0.6803513571705311,-1.0257324789527262,1.2647280046451677,1.268787218709265,1.2672958041747078,14.185160977978303,14.184702922140115,14.18816505345336,0.6115535893142118,-0.8927449704416845,0.2983082366021973,0.1638190885864674,0.17732280221386734,0.1774708277685605,0.17761286411023516,0.1604288410794875,0.16075909874889424,0.16024556909909843
90.0,0.0,40.0,60.0,0.2675856479322935,0.2661607934960062,0.26680265789271373,1.3562440799990214,1.172829203289813,-0.699183165515944,2.1007065448046554,2.099515596014214,2.1011098219475204,9.071693604944166,9.073800825545066,9.076146612229707,0.562745350766241,-0.5203297715459044,0.28680439038174577,0.052439676861190124,0.09130670663716764,0.09140955830707695,0.0913068817035357,0.2667315780465733,0.266778599958304,0.266931477504221
50.0,0.0,70.0,-60.0,0.1430030430043778,0.1409942562532304,0.14142460998231926,-1.395348009101279,-1.417286184887277,-0.6173475734346161,1.1137122934916106,1.1141084707025417,1.1135773034795218,19.085984185872835,19.103028674729096,19.097179182459662,0.5786783317088385,-0.5219133872819157,0.3674217574793443,0.034423330085966465,0.218065630973382,0.2182884501024842,0.21810969514561562,0.14143549794084126,0.14142422693026985,0.1413605337350085
50.0,50.0,30.0,60.0,0.2163716448531246,0.2080287058993603,0.21356345459527243,0.2457478457082735,-0.0192977995290725,-1.4469812658856909,1.6878018754027335,1.6884667427117168,1.6857694772749519,9.471624628262607,9.470863114117666,9.477552656964104,0.6550888176419655,-1.2898374651384217,0.2243767948239082,0.29841769718965,0.1459407943533122,0.14608468615517745,0.14621251347768266,0.21391228945260987,0.2136486939164728,0.2135710724217891
0.0,50.0,30.0,-60.0,0.1627197573435198,0.1611670842619911,0.16177190826495152,-2.9290671087481672,-3.1309592903761407,-2.0511744953571647,1.2799504842318654,1.2809670343760269,1.2804537188327059,10.18701146148855,10.192451718716722,10.192179032791493,0.6597422425592191,-2.0628742020185755,0.013888146047091678,0.30318597838240463,0.1570569089169449,0.15721237640114272,0.15711158439656608,0.16176718972620868,0.16183416973900502,0.1617164861546145
20.0,20.0,100.0,-60.0,0.0730280156605986,0.0689162511495763,0.07139544769432887,-2.259091494300607,-2.3183207135512864,-1.3002399838164906,0.5719489772135337,0.5726043418405863,0.5748837878440085,28.15275679573464,28.162335582643806,28.16453287746433,0.6162442654560011,-1.27379193074638,0.20353985355206786,0.19922696839425183,0.3334642026860597,0.33356459546300404,0.3336387527156902,0.07131132351344874,0.071685165683152,0.07158891809458681
50.0,50.0,10.0,-30.0,0.2412918320669349,0.2328052519711636,0.23731379470874547,0.2081217833753167,-0.6606908754486814,-1.8057522552251677,1.87245213155709,1.8750035934322369,1.8689702617631445,2.17829977445435,2.1697755786595865,2.177904808743744,0.6550888176419655,-1.2898374651384217,0.061314905041207894,0.20142142614824657,0.07466928474507638,0.07473202935276699,0.07492763939271502,0.237866043370846,0.2374257381071242,0.23710455819702236
90.0,0.0,30.0,120.0,0.2835098315172611,0.261508288391131,0.2687092109414784,2.818590472941349,2.1455652410504893,-1.010600434817948,2.1159685229475116,2.121904573132619,2.117092285112652,5.919328408411335,5.908737789357256,5.910057137100461,0.562745350766241,-0.5203297715459044,0.16707510360258476,0.09257438764374466,0.061844194758853326,0.061518803332581355,0.061792980987321,0.2691313441518785,0.2692942298377241,0.26855614977984016
20.0,20.0,70.0,0.0,0.0831569598311826,0.0827408878650452,0.08296932104346663,-1.317371783220433,-1.3338476457413806,-1.4156795197946745,0.6618680641602638,0.663406643251003,0.6605395385244618,20.001542938540037,20.00267619379332,19.992534016746017,0.6162442654560011,-1.27379193074638,0.15228416619616458,0.18853545651451875,0.24402554399579487,0.24394483545041,0.2438407688398971,0.08317401751554858,0.08298891565255821,0.08280012974526184
20.0,90.0,50.0,-60.0,0.2354056077178268,0.2339630274988403,0.23446233798287458,-2.757654274318057,-2.816311993803592,-1.879061690125194,1.8551034207641737,1.856446906525343,1.8572088302835794,16.467729385508857,16.469700837403213,16.47570358237448,0.7088879274287126,-1.824588487784622,0.1476819257820011,0.6715090925663795,0.24533294373171163,0.24571267364334526,0.24572735984793045,0.23433089643860078,0.2345900805765439,0.23443251819543312
50.0,20.0,50.0,-30.0,0.1621975576770214,0.160605923638671,0.16121425517214508,-1.1699705172501442,-1.1954973811231857,-1.0213308241502386,1.2737154225879639,1.2724916144358687,1.2716645639026731,14.17560074435485,14.18036072259978,14.168335939326207,0.6115535893142118,-0.8927449704416845,0.3001058110793148,0.1629041400413025,0.1772905121553004,0.17735741070263408,0.17707381758105914,0.16133096537718045,0.1610668734819532,0.16121225286945948
100.0,0.0,90.0,0.0,0.2442319396867271,0.2439850134506868,0.24415109176072258,-0.2014056154085764,-0.2056999553591999,-0.5473753654545815,1.9199848154088797,1.9230981527163844,1.9224345253443478,24.04368943904448,24.0501736285825,24.042568364699783,0.5610908219554596,-0.5198393037975151,0.7843462091142975,0.018657451672959402,0.2687258209000671,0.26863462593948856,0.26849472795980645,0.24409015141499119,0.24439188187619854,0.24399092699092026
50.0,0.0,110.0,-30.0,0.1248723611561572,0.1198207996835646,0.12291562968506937,-0.8932982841279876,-0.913897168627388,-0.521190392180198,0.9670141344649855,0.9678768219027116,0.9683385484364075,30.176633543456326,30.184499831731145,30.176628009765132,0.5786783317088385,-0.5219133872819157,0.5034308330062796,-0.00126067088684368,0.34265253182787686,0.3426703492433578,0.3425993694977395,0.12296513097115067,0.12312662205733092,0.1230112443537026
50.0,50.0,120.0,-30.0,0.1450281382204057,0.1406027824679291,0.1430741331885762,-1.71095639895742,-1.7381641210024643,-1.3057232703936892,1.1418897900195624,1.1378558530085523,1.1410793040739362,34.27729721602029,34.27377894501016,34.27969648413929,0.6550888176419655,-1.2898374651384217,0.5041804233160018,0.4993609840062606,0.4157396661876079,0.4158612586386938,0.4161249773717355,0.14317179458227372,0.1430421976717842,0.14358184797841522
50.0,50.0,90.0,-30.0,0.1822617648793409,0.1785700670019756,0.18083814891743813,-1.64127759059088,-1.6582946592381438,-1.303727706864291,1.4329979256956067,1.43522197687687,1.4339826668991724,26.158128453398255,26.16276567046999,26.151119777090187,0.6550888176419655,-1.2898374651384217,0.5047699348947545,0.49870135746708544,0.32871629128681307,0.3289031982598067,0.32881012617205274,0.1809575107764298,0.18107252647490146,0.1808087294884829
50.0,20.0,30.0,-60.0,0.1843898799212021,0.1788966333365951,0.18086191031968582,-1.2662748682190146,-1.4123776590264947,-1.0247210322957216,1.4252328765243407,1.425333558743379,1.4248782809734837,8.101828466412709,8.1044091344918,8.10135818145629,0.6115535893142118,-0.8927449704416845,0.1991310777255117,0.10876793308103745,0.10559223093961842,0.10556812978432617,0.10565876941754405,0.1808403650797048,0.18078620104925833,0.1807814959440831
20.0,90.0,50.0,60.0,0.2294352638477595,0.2276059997746582,0.2289862929160029,-0.5624346369623704,-0.629909961064538,-1.792860726487385,1.8115441960336327,1.8140885876026192,1.8134973728722341,16.289059880106976,16.282930171410097,16.289698971577533,0.7088879274287126,-1.824588487784622,0.19507907579890207,0.6281362636264726,0.24040420216223862,0.24034581865427712,0.24058082294658797,0.2289747130355687,0.22920590953916709,0.22888415746152754
0.0,50.0,120.0,120.0,0.1013894055047315,0.0963877779256751,0.10013286660325038,0.1183533296565255,-0.0083511657710932,-2.06994013104581,0.808280701152922,0.8081461392595126,0.8088190140546377,34.373514536265816,34.37842950910721,34.37489159742577,0.6597422425592191,-2.0628742020185755,0.014793841970765564,0.497000271065185,0.41725583454559856,0.417677596122619,0.41777240917982894,0.1003100999133284,0.10036979356467754,0.10041299698438352
20.0,0.0,90.0,120.0,0.0559174177608269,0.0542914703466653,0.05557255124853692,2.2216771716253,2.202980451566585,0.05036199014379863,0.431761683264297,0.43039258257095603,0.4310352590400026,24.391136232301896,24.39763226315352,24.39794188446236,0.5841886751953623,-0.5231776405480634,0.1509985018050983,-0.09746034201583725,0.270045014523957,0.2698751628032748,0.2699731093033001,0.055620925458344496,0.05551800819259088,0.055702546582439956
90.0,20.0,80.0,-30.0,0.2451744500700321,0.2445348449446384,0.24467318038868757,-0.924084734240472,-0.9304473831895964,-0.7813101141581716,1.9282076790291274,1.9288933705721834,1.9287057889460077,21.902466313975513,21.90646748435461,21.89802680893639,0.5984987239536121,-0.7371513072756187,0.7309832203559362,0.1925480190728721,0.2583943293180098,0.2583983278837864,0.2583774677142394,0.2446650770605635,0.2447213976152819,0.2446350047716501
90.0,20.0,70.0,-30.0,0.2546482238168937,0.2537671819296469,0.25401004510224334,-0.8630336876040079,-0.8712681019206037,-0.7944836467272816,2.0019428172944402,2.001829485645286,2.0014642278285595,18.989866950467437,18.99538348163862,18.98898678092354,0.5984987239536121,-0.7371513072756187,0.6580697281341139,0.18262266591854084,0.22477736428428907,0.22474243624659296,0.2247276105303234,0.25403992377381557,0.253980396036146,0.25399368762700114
0.0,20.0,50.0,-30.0,0.0764236992983873,0.0750202289334547,0.0758214435271045,-2.5534523080453004,-2.622750089001465,-2.0778561519067256,0.603369489703876,0.6045649498548513,0.608774928747616,14.66830882771271,14.685119324723201,14.678203045704736,0.617145342061956,-2.0150473293853004,0.003044914405012458,0.1689694900432484,0.18650617456857793,0.18655717998311727,0.18659116533049538,0.07544021241231616,0.07611481113668328,0.0759656732483799
0.0,90.0,60.0,0.0,0.219530700806635,0.21909783218744,0.21935163340327926,-2.09410780756156,-2.099014393321983,-2.0950530976388215,1.7390128487639276,1.7385544391020364,1.7395333879284427,19.18912970980466,19.182416158167968,19.16932197179562,0.7100174044766513,-2.0547884519709454,-2.5242388269940037e-05,0.7187478496892055,0.27471359321050864,0.27460476753601243,0.27423799881326777,0.21930535680742355,0.2193900648756088,0.21941621618429255
50.0,0.0,40.0,120.0,0.1577778613399272,0.1432024985801019,0.1538132644625461,1.8957620818203047,1.6224214803891297,-0.7564748490257449,1.2136917237141844,1.213487896729983,1.2147885588840845,10.706501468486005,10.709685141197793,10.708093495918977,0.5786783317088385,-0.5219133872819157,0.22310926282591892,0.05385387921200138,0.12504514578628234,0.12512748413656766,0.12501534953358062,0.15399987726101275,0.15414339066048136,0.15416713088703812
0.0,100.0,60.0,0.0,0.2391330070589668,0.2386782784899174,0.23888832426169979,-2.088480633037228,-2.095637078132493,-2.091644650020196,1.8923454462099654,1.8939334432227781,1.8929516197410456,19.419645465483526,19.42348431987598,19.406763666230226,0.7218526699760112,-2.0319799578528905,0.002704565368642166,0.8045326373067279,0.28227771008746205,0.282134050709809,0.2816886297320822,0.23891550068753975,0.23901407924738924,0.23878681135857885
0.0,100.0,120.0,-30.0,0.1869367946849368,0.1851489332763792,0.18607619016854487,-2.601119166946606,-2.614995171290765,-2.084099021222945,1.4862601051220283,1.4861458479667622,1.488286454335902,35.38930549488952,35.39679197549048,35.384379538362666,0.7218526699760112,-2.0319799578528905,0.011947526867977011,0.9990337977829788,0.4505801395356858,0.45094467584389497,0.45084809319701685,0.1861123660670224,0.18637006746790327,0.1863931298029837
0.0,90.0,0.0,30.0,0.2681389700414233,0.2663436136692441,0.26721415385945835,-2.039045359090078,-2.0708956549494784,-2.091353289237888,2.108768359553128,2.1079293414293114,2.1071239480594666,3.212789112492876,3.214529323162375,3.2097725968789192,0.7100174044766513,-2.0547884519709454,0.0010735189888186748,0.33272227303943885,0.10473621349201848,0.10455448131237566,0.10458682723616564,0.26733917464393314,0.26713493893736623,0.2672401883385095
20.0,20.0,90.0,60.0,0.0488848069668241,0.0475879718711351,0.048549767118327106,0.3079807398905046,0.2811533503630817,-0.8152626134701357,0.3873387901719817,0.38694365668691205,0.3854655495197747,24.94748707166075,24.936313129177336,24.934800301202458,0.6162442654560011,-1.27379193074638,0.16020777719738175,0.048022766047768464,0.28792303517084983,0.28765044345808155,0.2875133504711262,0.04875203410482569,0.048517786988733845,0.048551290063846224
50.0,20.0,40.0,-30.0,0.1700835522952312,0.168491354980621,0.16907309794177117,-1.0691184190650644,-1.0990934196398152,-1.039440621636427,1.332097031233204,1.3342519257823149,1.3349769486838396,11.283822801333631,11.282771988555295,11.283635370407907,0.6115535893142118,-0.8927449704416845,0.2539985895204833,0.14390348138432382,0.14441757211589043,0.14420815023981257,0.14444690640434146,0.16891012066611175,0.16925471663568567,0.168999743399482
20.0,0.0,50.0,60.0,0.0634014174164393,0.0596568868467067,0.062315781580302224,0.3424137005953035,0.2681140305366897,-0.8761982983766754,0.49472494128017785,0.4924521988155746,0.4939980665971976,13.939527945609107,13.93146873622105,13.929359551302397,0.5841886751953623,-0.5231776405480634,0.11436152351547221,0.04219326609615311,0.16340762192963254,0.16338946368744056,0.16343676804336965,0.06233811774500967,0.06226653320936646,0.06255347229033571
100.0,0.0,60.0,60.0,0.2671857063319731,0.2664792292636275,0.26677540317549703,1.0382368633799302,0.9984482368383067,-0.5996684569731483,2.1004689955993587,2.099283167727163,2.100617265004864,15.232716312278239,15.229904618008815,15.234606323277113,0.5610908219554596,-0.5198393037975151,0.5263580288313804,0.040574170326328055,0.16505179551913973,0.16508436119719966,0.1650815723822229,0.2667072089511445,0.2667247648518808,0.2668741529541715
90.0,0.0,50.0,-60.0,0.2669932601702382,0.2663535109083309,0.2666811800935032,-0.8932934017354656,-0.943931943959134,-0.6044428041806359,2.0992641319249783,2.0990764936221256,2.099327941392664,12.15146212178689,12.154134331162664,12.153030913143825,0.562745350766241,-0.5203297715459044,0.40196021645645774,0.03225197676764761,0.12674336074355363,0.12680034186182745,0.12686354648342407,0.2666763581789103,0.26668361868811385,0.26670965701709576
50.0,20.0,70.0,30.0,0.1464003377146217,0.145441923070092,0.1461010237575408,-0.2176861565181231,-0.229461560605838,-0.9784999903654392,1.1538638491966837,1.1561800081352025,1.1544889678673,19.74025545791133,19.742448768827877,19.741821575667863,0.6115535893142118,-0.8927449704416845,0.3751260945572818,0.18346195253478678,0.23875273955971463,0.23880035505300876,0.23874287105483735,0.14616570455907277,0.1462486340629057,0.14595849627761867
90.0,0.0,30.0,30.0,0.2836457922744353,0.2604693132200949,0.26806587084318156,1.3468154590854606,0.8796557622194704,-0.9840473705923456,2.1184957547821783,2.115832715041992,2.1181613519642717,5.606913223125317,5.583410815127022,5.627033367359391,0.562745350766241,-0.5203297715459044,0.12693132383910274,0.06717977888975096,0.050537751413123506,0.05041198983132392,0.0506653322080324,0.2688376739898508,0.2688326738946781,0.2692283276389763
100.0,0.0,0.0,30.0,0.2681838648967198,0.2662570636014304,0.2670930823280933,3.139468411462252,-3.137894126488257,-2.0913395982762553,2.106323822438738,2.108170791264609,2.1081903471689416,3.259088505745051,3.2545722613238444,3.256827675389317,0.5610908219554596,-0.5198393037975151,0.001087760444834863,0.33755110806089755,0.10622403317919489,0.10609607795342103,0.1062872486692559,0.2671127912721664,0.26735127191228014,0.2671099584279241
0.0,50.0,90.0,60.0,0.1267464808850147,0.1222634582434535,0.12550176048766087,-0.9444872118679708,-1.0534146990481172,-2.0731645135622845,1.003222364674913,1.004696788093659,1.0028399932390644,26.361173721959847,26.35243459951592,26.361824939102235,0.6597422425592191,-2.0628742020185755,0.01183539281335685,0.49695931554253114,0.3322812541710637,0.33230877538601916,0.3322851724137906,0.12571624286900224,0.1256711264342917,0.12548945806323916
90.0,0.0,70.0,30.0,0.2584839062427967,0.2568064640909133,0.2581213850970513,0.4245841305679323,0.4093468521637845,-0.5771124132577524,2.0321276818424026,2.032036050854524,2.0323347778876895,18.25141550439336,18.24843992224827,18.247783742191775,0.562745350766241,-0.5203297715459044,0.6198908742977911,0.033353894303045535,0.20122303041593328,0.20116248597436417,0.2011924736075284,0.25813748089496735,0.2581584427367916,0.25816178622025276
90.0,0.0,50.0,0.0,0.2670272765224567,0.266443873546087,0.26675971958376643,0.1050688718857228,0.0809040572935524,-0.6212362973819906,2.099845441963757,2.1004327814144146,2.0994814434331035,12.199100951047184,12.200667322812619,12.197439892446337,0.562745350766241,-0.5203297715459044,0.4077230271484613,0.04013818371837545,0.128417144953472,0.12853974545014862,0.1284429348013006,0.26681738434026964,0.2667777259785524,0.26670088012191534
0.0,90.0,100.0,30.0,0.1943728966955069,0.1928087019755714,0.19362323193358316,-1.484837663839812,-1.511028153210037,-2.0386324923426695,1.5428626729714743,1.5403069637896911,1.5432513933637761,29.99497895706989,29.985762449680696,29.988196671061672,0.7100174044766513,-2.0547884519709454,0.05215481537716831,0.8998767165396484,0.39125994787577406,0.3913963680222408,0.3912344284224102,0.19356759323534609,0.19363606734685865,0.19394861280858558
90.0,20.0,120.0,-30.0,0.2009236839458947,0.1964997920397096,0.19990403096076753,-1.0538581872007349,-1.0646952251044808,-0.7403086635006958,1.5773205777659804,1.5788817312761037,1.5787437701542706,33.26556599906025,33.27099729748345,33.263813917087035,0.5984987239536121,-0.7371513072756187,0.9021507114814672,0.1981629792169481,0.3872876918620302,0.3872260855990195,0.3870934020117398,0.20000167084938525,0.20015649372484676,0.19997267012583214
0.0,90.0,30.0,30.0,0.2481750142269637,0.2476796505498755,0.24792146414149321,-1.5692148118084657,-1.6034222510781266,-2.097668431105268,1.9593789776142758,1.9601042663368393,1.9604928943408924,11.253906670629314,11.245135157865164,11.244755789931357,0.7100174044766513,-2.0547884519709454,-0.0018509512485322445,0.5657837526508503,0.19113941096151157,0.19103469692873717,0.19101265999560135,0.24787062867649168,0.24801163286860164,0.24790816613047262
50.0,20.0,80.0,0.0,0.1412597821347379,0.1410186290394629,0.141176510169737,-0.7621415166635446,-0.7639735532908446,-0.9625427088361682,1.1155728271456629,1.1171428349157926,1.1166999932011064,22.515013830316615,22.510369427969824,22.5088577843178,0.6115535893142118,-0.8927449704416845,0.41260012705340043,0.19358559078059812,0.26993908518382825,0.269892849082962,0.26994863539474817,0.14116102612735582,0.14130256845103453,0.14110747385300004
0.0,50.0,0.0,120.0,0.1896886808171504,0.1881509211736066,0.18885787555071556,-2.083329248963331,-2.097662724056284,-2.091254637664458,1.4915964072788974,1.4890606238541537,1.4888031702932938,2.2758211836711197,2.2878979336449765,2.2747021980244866,0.6597422425592191,-2.0628742020185755,0.0005706229034551925,0.1660427832690926,0.07428462077422177,0.07436120812743346,0.0741958480168302,0.1889965374785085,0.18864689853857336,0.18897592853098488
20.0,20.0,20.0,60.0,0.1128881254536617,0.1061419724683051,0.11032644771960276,-0.1583649149927677,-0.590811856190467,-1.6527761000932613,0.8746224708226329,0.8743971326260813,0.8718650751021021,6.5548140197942715,6.551517730223887,6.553490398161778,0.6162442654560011,-1.27379193074638,0.05513635900059656,0.11778101338768308,0.09985674924520345,0.09991603888473448,0.09989253469485042,0.11070732132258951,0.11036331555019539,0.11037313902238824
20.0,20.0,80.0,-60.0,0.0793856584089659,0.0784797953013231,0.07884337674277206,-2.3356736595067584,-2.366569660040904,-1.386178337354113,0.6299550874521083,0.6299437068490462,0.6311590013487228,22.720275888876532,22.72599184022548,22.725934296801686,0.6162442654560011,-1.27379193074638,0.16839293457958052,0.1961100410841843,0.2738435683153394,0.27415954611292903,0.2742773594613663,0.0787422440676141,0.07891287470501886,0.0789131744053045
50.0,0.0,90.0,30.0,0.1263384979325214,0.1257560786543445,0.12615609658204893,0.2146852212203719,0.2071453924972856,-0.48642787760714046,0.9926511024065269,0.9927141889908883,0.9924149190944636,24.531456595798577,24.526156294996284,24.530942587059975,0.5786783317088385,-0.5219133872819157,0.41726666745122537,-0.015476917249140755,0.27669236848390993,0.27650231548120197,0.27659650153074977,0.12619838743083273,0.1261730983099125,0.12615502642799942
0.0,90.0,70.0,0.0,0.2407675263411446,0.2393047453113166,0.24003916150775634,-2.0807422239128357,-2.09597827505723,-2.0889337626638085,1.9028056491964978,1.9036378102929785,1.9043702746432105,22.238216756766356,22.23923213852241,22.229643504559373,0.7100174044766513,-2.0547884519709454,0.005628670640132303,0.8998469508523935,0.31439415202527327,0.31445780555556657,0.3143303333088531,0.23998928402297778,0.24018982653711726,0.2400854916593092
90.0,20.0,0.0,30.0,0.2673904634266155,0.2668361707132364,0.2671304046773692,3.1403056343253284,-3.1371033509719832,-2.091376660183659,2.107492532292178,2.107479028550021,2.1089455449268955,3.2632691909250835,3.2606735925328687,3.2608348017291022,0.5984987239536121,-0.7371513072756187,0.0010729111244041209,0.3374066151622286,0.10607844450808632,0.10607335901116903,0.10598056884731419,0.26709314170925114,0.2672827602971502,0.26728201909014426
90.0,0.0,90.0,120.0,0.2312719147118535,0.2293864925807951,0.2309793652630846,1.9868563514813424,1.9733599042200896,-0.43364977243465896,1.8160901471513307,1.8168158505217267,1.818142643154646,23.819696251444835,23.826839973637338,23.819596455639317,0.562745350766241,-0.5203297715459044,0.7158005483725932,-0.06436323212256682,0.25975964862392237,0.259909167089,0.2598276467027356,0.23087061334553483,0.23113347151454758,0.23103321150876005
0.0,100.0,20.0,0.0,0.2679089410680504,0.267517862190803,0.26771444104693687,-2.068539226508358,-2.0743836455374884,-2.08390065438008,2.116878801691167,2.113960645369285,2.113098535324343,8.739278944522235,8.733438262066992,8.727217375682088,0.7218526699760112,-2.0319799578528905,0.005733943714884517,0.5350248695761108,0.16753162501919605,0.16750632299335844,0.1674881576199843,0.26791776613587104,0.2674347975524679,0.2678035884760926
0.0,50.0,70.0,60.0,0.1307343130779502,0.130070665612819,0.13039536513316477,-1.047113548822614,-1.064327954922662,-2.1019213785123956,1.038262215015855,1.0381673759589507,1.0403017685763332,20.850814521048832,20.841943207880245,20.85376535944905,0.6597422425592191,-2.0628742020185755,-0.0028899436020870762,0.42204204381252425,0.27055438240756496,0.2706708201754415,0.27079705685026384,0.13023740587476013,0.13048603958471464,0.13049777421617573
20.0,90.0,70.0,30.0,0.2477408735392409,0.2459439048974758,0.24696839021241188,-1.2403698362536737,-1.2559098213266713,-1.8680027610950563,1.9573511728124977,1.957410973626106,1.958569674788883,22.193894608903552,22.189653348186493,22.19020405197157,0.7088879274287126,-1.824588487784622,0.20795721955821683,0.9000044854611314,0.31366959419468005,0.3138013617778814,0.3136935870039099,0.24692317003289146,0.2470841916788135,0.24708539171554575
90.0,20.0,100.0,60.0,0.2493096941750544,0.2436376138346677,0.2459270422372893,0.6163311561920197,0.599037038275799,-0.7411336543070376,1.9392136110931475,1.9382749749339365,1.9374990981581517,27.50147452762262,27.497056942290577,27.50588144267691,0.5984987239536121,-0.7371513072756187,0.9216093302838533,0.20375033392462963,0.3211745316439275,0.3212820319187439,0.3213067203255108,0.24604380253853758,0.24584187238721583,0.24595528684668747
0.0,90.0,80.0,-60.0,0.2235191797039208,0.2217389443366483,0.22264866639888697,-3.123749809823591,-3.1352497540892705,-2.0859061017502007,1.7678016320525465,1.769897598594887,1.7671195308586847,24.79004166643359,24.80776862134026,24.802026773758826,0.7100174044766513,-2.0547884519709454,0.008878503816111868,0.8997789653139128,0.33866958587955126,0.339000463897216,0.3388859845884788,0.2228555783590396,0.22276082682882412,0.22252067724478397
20.0,0.0,0.0,-60.0,0.0894701204174801,0.0597085068960441,0.07527745145393759,0.3455526696634892,-0.6095419098213847,-2.0798077021433925,0.7321359077443643,0.7316519364162665,0.7316517289534747,1.927383349434486,1.9305793778583378,1.9357696630744397,0.5841886751953623,-0.5231776405480634,0.0004733043325337444,0.05568956021427769,0.06040698922751387,0.060459082266853696,0.0605765283453658,0.0926022261938099,0.09254849880898401,0.0926227910164054
20.0,20.0,110.0,30.0,0.0681571375357956,0.0654481432262812,0.0664741336888077,-0.6790327706560125,-0.7346658866230332,-1.2900383895664513,0.5389018668323371,0.5361402170986169,0.5336805691692957,30.902324866578073,30.88958488244568,30.890394933509228,0.6162442654560011,-1.27379193074638,0.20905037629351186,0.20003600884464692,0.3638138868349274,0.3636489855028399,0.3633856704262293,0.06693970346034643,0.0663230115652723,0.06663815323229559
0.0,20.0,110.0,120.0,0.0472012006748842,0.0391595422679323,0.04526590102524515,0.3749590569106559,0.0016847588333435,-2.011382322096869,0.37363386376372903,0.3768411854542294,0.37522876386971915,30.9005197717177,30.917387656082237,30.91000607551545,0.617145342061956,-2.0150473293853004,0.017627828751455514,0.1940804030245516,0.36340045410479094,0.363691436222348,0.3635521137223804,0.04558982640596572,0.045788946193283574,0.04539881653353615
50.0,20.0,110.0,60.0,0.1327003140630248,0.1279550258108856,0.12958883238474048,0.2994368564578898,0.281099860112294,-0.8920896385353906,1.0305795644260305,1.0237338017109163,1.0248054406598268,30.781707640193943,30.766793781209962,30.770055538076438,0.6115535893142118,-0.8927449704416845,0.5223435556305963,0.20129855611962047,0.3612772048223916,0.3610641995990791,0.36094591441375834,0.12983001856098605,0.1291313863725595,0.12997869542981097
0.0,20.0,90.0,30.0,0.0466557742949267,0.045978984297758,0.04641018210606365,-1.4856689221377763,-1.5248126110246147,-2.0238364252743706,0.3776328351248745,0.3804905433555567,0.3809265969238575,25.35452748575197,25.36115814607681,25.34336579709554,0.617145342061956,-2.0150473293853004,0.012193675801499734,0.16647529522420396,0.3009104481079517,0.3012633826091965,0.30095379396532107,0.04633097297905407,0.04673204278262348,0.04639861694047915
50.0,0.0,10.0,60.0,0.1740619784130793,0.1581533501402009,0.16397198829552467,1.9237029110716557,0.7865236392123063,-1.6567654442454165,1.3025580203176095,1.302527817818563,1.306529161758423,2.1178093817855865,2.1433279572541406,2.1425761525027642,0.5786783317088385,-0.5219133872819157,0.04031385514991906,0.08550319813356985,0.052705635788994155,0.052986256160054104,0.053066089352432344,0.16515085171745392,0.16566830751428338,0.1656735368684536
50.0,50.0,20.0,-60.0,0.2349256748475523,0.2340165514473863,0.2344657714822775,-1.278689218519322,-1.289468357914747,-1.407201070002743,1.8482498444200022,1.847092709521392,1.8506539598537197,5.456210505517671,5.4546063760484085,5.459637342644209,0.6550888176419655,-1.2898374651384217,0.1695367296153746,0.20653071019814187,0.09606245527731679,0.09582936186508033,0.09590083663674426,0.23422226197208998,0.2345315850831895,0.23468076842410115
50.0,50.0,100.0,0.0,0.1669614974639156,0.165945971245577,0.1665210983315492,-1.151594572386296,-1.164078185221545,-1.3053229204910273,1.322359826565164,1.3240380228617041,1.322147861436088,28.87072498598246,28.866244596792594,28.853899735209136,0.6550888176419655,-1.2898374651384217,0.5049094090127151,0.4999916161563747,0.3572935393122978,0.3572683958132031,0.3572560005758416,0.16668826645869256,0.16665872272817817,0.16645111980983715
20.0,20.0,90.0,120.0,0.0632684445479215,0.0616236941207357,0.06294386747066814,2.199262974575307,2.184979141917996,0.022100413073028184,0.4891447637547733,0.4897848293862976,0.4892907430666597,24.353032979531708,24.356520805867323,24.367313808834616,0.6162442654560011,-1.27379193074638,0.17330716370478488,-0.10504818905386946,0.2686631651771262,0.26880041966746737,0.26888289569331475,0.06299540177353528,0.06303135718974402,0.06293184855796127
90.0,20.0,10.0,-60.0,0.2685233246950482,0.2632232260461277,0.26602837214373165,3.1387958858954392,-3.136396600802072,-2.1437549418295045,2.09974736546374,2.0981338339138205,2.1028608734999517,5.152541561296531,5.1570774256220755,5.164470195423431,0.5984987239536121,-0.7371513072756187,-0.017524591290126162,0.3759502191378103,0.12281617679495065,0.12294312698539922,0.12297338860587645,0.26582078129001996,0.2662111202648378,0.26642589099294767
20.0,20.0,110.0,0.0,0.0662898349736463,0.0649971954012683,0.0656182350492553,-1.2368388020603145,-1.2646799460936993,-1.3022736759826052,0.526193961968585,0.5300732396410999,0.5327850378558255,30.90236864218936,30.899814735071242,30.90264775192607,0.6162442654560011,-1.27379193074638,0.20379491420207402,0.20001186185121067,0.36354951747811387,0.3635918259722759,0.36378115509269227,0.0654113177550446,0.06620808258077648,0.06574301098912726
0.0,20.0,10.0,60.0,0.1081351790568743,0.0974919476228177,0.10250180605264357,-1.14326649473235,-1.550280828093391,-2.2199971098097797,0.810389272323496,0.8102968689446708,0.8121057773796222,3.9996763136457814,3.9975215905847152,3.999540223782325,0.617145342061956,-2.0150473293853004,-0.010890590118470456,0.08587017664338398,0.07243789300482481,0.07229509649072091,0.07240434096567541,0.10250493194512499,0.10271253746482877,0.10273445562182647
100.0,0.0,90.0,-60.0,0.2453094496230949,0.2443014014562491,0.24453333138827088,-1.2454262873215238,-1.2541927873482144,-0.5487534415952645,1.92540684316822,1.922911369152794,1.9259161904543411,24.044189543865016,24.044737780891662,24.051544224508557,0.5610908219554596,-0.5198393037975151,0.7858094548488537,0.019680600421216707,0.2685934337406905,0.2688454747204376,0.2687433828983541,0.24436976576771868,0.24445223587753348,0.2447576945793455
20.0,90.0,60.0,-60.0,0.225744653631558,0.2247910914029064,0.22514578788406034,-2.805904051688271,-2.8374269009287625,-1.8803252143234783,1.7848263368309394,1.783892246022641,1.7842624728192424,19.135502892340863,19.13492440224676,19.14180592468415,0.7088879274287126,-1.824588487784622,0.1571571627135738,0.7192655059645927,0.273624396139622,0.27392774659016894,0.2737577959892048,0.22516120999395,0.22509876490361,0.22522193080690603
20.0,0.0,100.0,60.0,0.057651780619196,0.0535875278763496,0.055062051599260746,0.6290474177129542,0.5729281793361999,-0.5218691941985465,0.43159253821941534,0.4345402389301649,0.43470942743306906,27.514296163257537,27.509356489993586,27.51516110010706,0.5841886751953623,-0.5231776405480634,0.2067633735442987,-0.00047363835329224433,0.3130911150306981,0.3132619700271387,0.313418744408455,0.05495781975939805,0.055350967858349066,0.054973975615795694
90.0,0.0,40.0,0.0,0.2675970365541745,0.2661242086788965,0.2667134138635899,0.3164039469199228,0.2307385179817889,-0.6704450271930547,2.0997631512430988,2.1000027421821668,2.099001486476677,8.98238419829819,8.977600089143552,8.97918981567038,0.562745350766241,-0.5203297715459044,0.2764539602642023,0.0414285621120773,0.0877367776850087,0.08778872304697978,0.08789810325554466,0.26679125372832796,0.26669765535688555,0.2666659343497065
50.0,20.0,110.0,-30.0,0.1268868059901983,0.1230372423374977,0.12552809887202343,-1.282346800811033,-1.3028465078417493,-0.900075993776053,0.9980456666630072,0.9926611843920938,0.994725882575247,30.777907549718172,30.781383704623178,30.77420014916258,0.6115535893142118,-0.8927449704416845,0.5041401349699367,0.19884440365061642,0.36128003179916335,0.3612377758327577,0.3610393576842538,0.12570858432843998,0.12532503491680133,0.12599652212962922
0.0,90.0,40.0,0.0,0.2382576969834068,0.2379419142067234,0.238055729306716,-2.0935938385131743,-2.0963512163321814,-2.0936274114889972,1.8822322059618015,1.8848546185385262,1.8838516308274527,13.888778899303004,13.885357636794366,13.878047331643803,0.7100174044766513,-2.0547884519709454,0.0007254954301311987,0.6218636394697331,0.21854840824671015,0.21845212916532622,0.21843627341709607,0.23804360359518328,0.23824723029300604,0.23790669507272574
100.0,0.0,70.0,30.0,0.261791307689639,0.2601341317256211,0.26145750233951304,0.4319819590123979,0.4168138911642007,-0.5763264340484845,2.058552321250958,2.0582501500234405,2.058465723552381,18.219121726845074,18.21669501198513,18.21446936165845,0.5610908219554596,-0.5198393037975151,0.6258098484431577,0.0331825920048418,0.20040234781529948,0.20051218637162235,0.20046493007542635,0.2614850622457201,0.26147532894378556,0.2615038393464686
0.0,90.0,50.0,60.0,0.2281175634421833,0.2273367547713082,0.22766533239915318,-1.049268639129976,-1.060044107416233,-2.0983050679113586,1.80235167139266,1.8028627560133006,1.8041984946659746,16.50833747106153,16.510336554912936,16.518873470876137,0.7100174044766513,-2.0547884519709454,-0.00242906014450697,0.668538879513323,0.2455283063042148,0.24571376686469348,0.24584623772343278,0.22754291913412458,0.2277589230562841,0.22772346280917596
50.0,50.0,100.0,-60.0,0.1674320611453683,0.1643867695850646,0.16637104314627824,-2.195686868091466,-2.2101263866625933,-1.3029327449204076,1.3207713042813418,1.3216176481488648,1.3233510070175205,28.84434298069871,28.86160634672396,28.863593461719553,0.6550888176419655,-1.2898374651384217,0.505406634652169,0.4979840900515241,0.35710551403367524,0.35720052585537426,0.3571845638389635,0.16630777974384164,0.16663801262225206,0.166520937929624
50.0,50.0,20.0,0.0,0.2294280011948889,0.2223716103543576,0.22649731257385897,-0.4409785680021397,-0.7242488697222269,-1.485765132452792,1.7869982523863086,1.7889126996714082,1.7869687303253607,6.217081684427974,6.212619240823743,6.2143178846055,0.6550888176419655,-1.2898374651384217,0.16994851318596776,0.2448836450896578,0.11028585579337735,0.11017686598326865,0.11025515273969005,0.2267093105966023,0.22670404430110264,0.2264584624484374
90.0,0.0,40.0,-60.0,0.2672770105262746,0.2201967707253424,0.26443677568057483,-0.6833475081364205,-0.7676069393857007,-0.6164227622172701,2.0872070608896673,2.0880019270255947,2.0877851269494574,8.853437250010264,8.860679374861142,8.855352132667234,0.562745350766241,-0.5203297715459044,0.2581452548540728,0.023682332610292227,0.082583310095219,0.08263071676915408,0.08241302778277539,0.2652171712504008,0.2652860334509019,0.2651793905545295
0.0,50.0,10.0,-60.0,0.1816144506586755,0.1790864928162581,0.1802166675857593,-2.512391809667843,-2.885948334580535,-1.9638249536419048,1.4217896303561837,1.4228658638864293,1.423965698613446,4.814899297136156,4.8117539490183505,4.812848447344981,0.6597422425592191,-2.0628742020185755,0.02830464385718302,0.2121653720853988,0.10030201599977251,0.10020423297431745,0.10023040728829521,0.18008995626537772,0.1803639929624703,0.18022669749085873
20.0,0.0,100.0,30.0,0.0561425580732804,0.0536514024664731,0.054626560392499385,0.084840764057538,0.0493615416592631,-0.524739987003957,0.4314331578223144,0.4314970599692786,0.42803469338825495,27.521865223365275,27.516475882779392,27.51066495468868,0.5841886751953623,-0.5231776405480634,0.20514613817263475,0.0002489584695991795,0.3134342214497575,0.3134098889767107,0.31308931931652323,0.05495993729916682,0.054524033093843405,0.05452141776502073
20.0,0.0,0.0,60.0,0.0894701204174801,0.0597085068960441,0.07527745145393759,0.3455526696634892,-0.6095419098213847,-2.0798077021433925,0.7321359077443643,0.7316519364162665,0.7316517289534747,1.927383349434486,1.9305793778583378,1.9357696630744397,0.5841886751953623,-0.5231776405480634,0.0004733043325337444,0.05568956021427769,0.06040698922751387,0.060459082266853696,0.0605765283453658,0.0926022261938099,0.09254849880898401,0.0926227910164054
20.0,90.0,0.0,60.0,0.2680974519386625,0.2665655287975851,0.2672288563829328,-1.9764533968955675,-2.0089439344192765,-2.091414827325976,2.108629055211095,2.10523130233032,2.1099872326732165,3.217162643414003,3.211998173813014,3.215472444527808,0.7088879274287126,-1.824588487784622,0.001060556439857788,0.33270986067284863,0.10460040099390283,0.10457767409872329,0.10462703684251053,0.2669771257921123,0.2671514278974355,0.26759242303837355
20.0,50.0,120.0,120.0,0.1119314804789968,0.1075454167573059,0.10907141459616967,0.5008436786714088,0.4140174987315916,-1.6966523070358726,0.8766151765189943,0.8764347005575289,0.8767978553006721,34.3519682202975,34.36249187819085,34.364098454815135,0.658991099436022,-1.6861926913303058,0.21245111769737496,0.4996887903050639,0.4172830259108492,0.417524503905434,0.4172948009396764,0.10919640177452294,0.10921487930796092,0.10924722090294525
0.0,90.0,90.0,0.0,0.2079023461623358,0.2065566896998004,0.20717170137687407,-2.084070850843868,-2.090298319232201,-2.08744315313736,1.6465140743130238,1.6483305916164042,1.6486506919268213,27.377375615160254,27.365483729473617,27.36920459270491,0.7100174044766513,-2.0547884519709454,0.007777018217110321,0.8999273533453817,0.36451723670085673,0.36453562598613964,0.3643425454029131,0.20714619285588032,0.20740404061373283,0.20716617931059725
20.0,0.0,40.0,120.0,0.0671446067376929,0.0542919445259715,0.06340932925856617,1.3877236811741285,1.0289356079862142,-0.991532580162796,0.5061984527819621,0.5041405206648797,0.5031259338966142,11.256712539483557,11.26141754567599,11.255565945710568,0.5841886751953623,-0.5231776405480634,0.09051171835820991,0.04595442745989908,0.13499531204998308,0.1351549774199576,0.13485249588215506,0.06393281825912234,0.06353987047480028,0.06380210562642753
0.0,90.0,50.0,0.0,0.2286415444380142,0.2282481669863102,0.22843911242940704,-2.0940484566866404,-2.099597084978261,-2.0945161649116923,1.8091594481779314,1.8088632661192574,1.8097725800374018,16.53157335006779,16.53335672830928,16.5192032043678,0.7100174044766513,-2.0547884519709454,0.00025036458201123585,0.6723899803750893,0.24655868335680553,0.24632848357250473,0.24641916551399481,0.22838392195627727,0.22846886337315567,0.2284789288619777
20.0,20.0,50.0,0.0,0.0941616273807948,0.0935682353148344,0.09389206104433835,-1.3136975023401671,-1.3354651534098636,-1.4600791352785474,0.7456394585500126,0.7450567222295424,0.7471746442516574,14.607615435265012,14.60759617544693,14.60908012990955,0.6162442654560011,-1.27379193074638,0.12316675279267177,0.1672744093824341,0.18524046195213778,0.18532417362846407,0.18545622652917368,0.09375521411778717,0.09394686118798702,0.09404025841854916
100.0,0.0,10.0,-60.0,0.2689521544914218,0.263779764302713,0.2662769045286577,3.1392761500336857,-3.135809700619891,-2.0575786123202793,2.09986124559909,2.102290216429569,2.105238986789568,5.130816900512664,5.133067269057,5.134714411835403,0.5610908219554596,-0.5198393037975151,0.008770229964895276,0.3785650488919002,0.12283322277717375,0.12276985663802034,0.12279630284649984,0.2660967562410497,0.2667880158457006,0.26646626136897
100.0,0.0,70.0,0.0,0.2621880241048387,0.261575150123507,0.2620259519353967,-0.0938957619909596,-0.0992403630666491,-0.5781441442011362,2.0626110803817785,2.063725825991685,2.062014750326244,18.221395900118264,18.21752257119203,18.213097068955456,0.5610908219554596,-0.5198393037975151,0.6273784044715471,0.034305359473518024,0.20070146394270513,0.20047975481374497,0.2004666460952753,0.26214289703565324,0.262051148169476,0.26192390149112527
20.0,50.0,50.0,-30.0,0.1557636405130591,0.1547883389097584,0.15507923276808575,-2.1227327522400303,-2.1525432566324803,-1.7503020354063539,1.229604495660377,1.2283635924927534,1.231125669599676,15.449220623005072,15.454496520392128,15.459181343136818,0.658991099436022,-1.6861926913303058,0.13335996967423186,0.3711592984605561,0.21263606737028673,0.21294001329920476,0.21273241369036325,0.15489623404514108,0.1550981599006629,0.155265840320313
20.0,50.0,70.0,0.0,0.139992201844494,0.1394284000070875,0.13972066614529788,-1.652632683969432,-1.66414192321948,-1.7430611903736182,1.1123635421989988,1.1105841241802836,1.111510526275504,20.8269438213791,20.82570195535882,20.815817068017576,0.658991099436022,-1.6861926913303058,0.15577759269040922,0.4239800961276938,0.27024364876054946,0.27036236218615495,0.27019666962868527,0.1397062675060886,0.13963214106297542,0.13984310664064437
0.0,100.0,60.0,120.0,0.2196319307475824,0.1754540425890408,0.21242094760558752,2.319683967710357,1.9972916083540777,-0.2881201411498741,1.6759414447670389,1.6769491862497203,1.6783757064402869,15.04429908492429,15.04799375020352,15.043051997929565,0.7218526699760112,-2.0319799578528905,0.3711144938550854,-0.08562681229968103,0.1506156096214724,0.15054215901883314,0.15052055513656631,0.21315515417146086,0.21345847784922423,0.21333821133972639
50.0,0.0,50.0,120.0,0.1518592052513334,0.1418195540171861,0.1494576812242639,1.8084799277370072,1.6627411025508354,-0.6944794192485922,1.1788940813934656,1.1785299293857907,1.1790274863213286,13.510677278725472,13.514300171070403,13.51494569893657,0.5786783317088385,-0.5219133872819157,0.2745191737812147,0.04795406711425612,0.15583810784679963,0.15574175506607799,0.155701365083918,0.14960375991308184,0.14961456382848687,0.1496638501379262
50.0,20.0,20.0,-30.0,0.1898772792994739,0.1843309996649579,0.18714332402980874,-0.4491420764615056,-0.6507917678398194,-1.1816388717637467,1.4747183199120295,1.4763981671990791,1.475350237619689,4.837080425174255,4.834955501518222,4.835272257825701,0.6115535893142118,-0.8927449704416845,0.1231383002362769,0.09545385286748098,0.0698084355526723,0.06982420626289447,0.06982308495648233,0.18724926945015516,0.18733156862554165,0.18711676702230545
50.0,0.0,10.0,-60.0,0.2161047077663291,0.1646234722547006,0.18715665706729767,2.10578855139429,0.0940346800130642,-2.4295778707263556,1.4850273965058889,1.4813423407474022,1.484579043270857,2.7602351812318386,2.764831589128407,2.7718332744886713,0.5786783317088385,-0.5219133872819157,-0.04673074292175503,0.12971805890404184,0.06797814149943371,0.0680094585666128,0.0679668155709291,0.18807211524118328,0.18801176971458308,0.18849549053347395
90.0,20.0,100.0,-60.0,0.2429264487770188,0.238768037817555,0.24090968045804614,-1.482808103267986,-1.4955780097402511,-0.7395528307503675,1.8996933662518876,1.8978492485789413,1.8994334577607979,27.508904118307584,27.519331747896285,27.514457690757325,0.5984987239536121,-0.7371513072756187,0.9032194157124919,0.19803831756039272,0.32129263473013636,0.3213104738353429,0.32112309193641886,0.24089909804888748,0.24086294077112597,0.24108814321741726
0.0,20.0,60.0,30.0,0.0699578892191691,0.0693826444737096,0.06969014496526142,-1.562732580103179,-1.5895983389955906,-2.0969172658199597,0.5601212339482072,0.5568947274439384,0.5590597861731972,17.36450891545549,17.356748143954167,17.359118437511867,0.617145342061956,-2.0150473293853004,-0.00032678015626987674,0.17956764503263586,0.2156269586548872,0.21535805610160808,0.21571298045722226,0.06968779340588958,0.06954955129979133,0.06994992126549963
100.0,0.0,70.0,120.0,0.2621194962434164,0.2570991578304999,0.2611691135687395,2.0004373318120727,1.952774457392658,-0.5838482173278057,2.0557361772106404,2.0566495223281422,2.057516769503857,18.236132165738535,18.244318184655064,18.240963046168364,0.5610908219554596,-0.5198393037975151,0.6274183761198988,0.03834230012931881,0.20118887176065128,0.2013677956451268,0.20118570560077792,0.26114398117064164,0.2613700163507616,0.2612429700463417
0.0,90.0,120.0,-30.0,0.1706073297935327,0.1689042293345891,0.16984767437164702,-2.6074095874704297,-2.618436119404423,-2.0878160128728718,1.357655899080887,1.3598842197849044,1.3583493086878065,35.190388304043495,35.19748356279307,35.189369590763626,0.7100174044766513,-2.0547884519709454,0.007621638289774561,0.8995609361550667,0.44445280040156765,0.4445025269745492,0.44428052628071524,0.17009558085171073,0.17015009641646536,0.16987808526555764
20.0,0.0,70.0,-60.0,0.0593398881708775,0.0571897021016285,0.057969556945773514,-1.6693371205890768,-1.7209064090336206,-0.7537150396344646,0.4599787952340444,0.4588902703197224,0.458275070051262,19.38204004418315,19.393033242425613,19.390974312652272,0.5841886751953623,-0.5231776405480634,0.15136492904194498,0.035357734705852045,0.224009378398388,0.22395665730865022,0.22394315525595324,0.058120001421892706,0.057890164364801155,0.058048982507830256
20.0,90.0,50.0,30.0,0.2329003637437112,0.2320274272056665,0.23256793899414502,-1.2402456906427102,-1.2728404342415691,-1.8890222818182834,1.8408276908376393,1.8415870054872552,1.8422741435425678,16.45896187803091,16.45861938533316,16.459742160562968,0.7088879274287126,-1.824588487784622,0.13893276163991242,0.6665978894112562,0.24497341818430418,0.2452352992349882,0.24516296480707847,0.23249043371917674,0.23267475708663032,0.23258828248308722
0.0,20.0,0.0,60.0,0.1179927013587365,0.098776926353608,0.10856466533032255,-1.954117828387036,-2.096116863577059,-2.0881208859091442,0.8960260965892496,0.8945836088239071,0.8966008584157161,1.8934303086509918,1.8903589480369913,1.8946096548860631,0.617145342061956,-2.0150473293853004,0.0005447609646088514,0.06622474080642131,0.05722546443431558,0.05688632879637163,0.05705029246909755,0.113499623693133,0.11355576102273865,0.1137802730847986
50.0,50.0,40.0,30.0,0.2062638258999865,0.2026833489528448,0.20523599368644874,-0.4247761137796251,-0.5099262852530443,-1.39424783038287,1.6219913482900685,1.6225110191989838,1.6211192366226657,12.302349782767866,12.29671523805834,12.299974520004069,0.6550888176419655,-1.2898374651384217,0.27793684815197844,0.33039308742418505,0.17620151316802038,0.17617347403455708,0.1761690562720079,0.20538679819568606,0.20528275846341035,0.20521943472724588
50.0,0.0,60.0,-30.0,0.1473559593840526,0.146140211618755,0.1464449886664685,-0.8502467902168143,-0.8638293099395987,-0.6424337208833749,1.1535710039947107,1.1538122798733306,1.1531933354997752,16.300577747627365,16.297601785752267,16.28974852964268,0.5786783317088385,-0.5219133872819157,0.32443307253459813,0.038657853553059805,0.18653549218996643,0.18666371868885762,0.1866561949703711,0.14647812551144887,0.1464231591701457,0.14640427842480142
100.0,0.0,40.0,-30.0,0.2675316514216228,0.2660863744038116,0.26664882462523376,-0.2024740004446996,-0.2287291717529209,-0.6503597211913503,2.0995132994632284,2.0999500836577742,2.097725763769965,8.916285268584295,8.91933563987205,8.918497494206397,0.5610908219554596,-0.5198393037975151,0.2692160444430545,0.034428945549331916,0.08541587013972753,0.08555314995618656,0.08540345335793051,0.2668260373419204,0.2666098626576915,0.26654805645025154
20.0,50.0,40.0,0.0,0.1628491414923628,0.1621617285025399,0.1624819375600313,-1.5941396006452115,-1.6089674879606162,-1.7627639326274462,1.2869326113635569,1.2860136103911084,1.287651053240814,12.777698929612926,12.772120598109877,12.76930042669746,0.658991099436022,-1.6861926913303058,0.11636239678687856,0.3377133484047543,0.184144544545531,0.1839639911752086,0.18398875389151548,0.16239407231691835,0.1624904221197934,0.16259744673109536
0.0,90.0,40.0,30.0,0.2378207657333991,0.2374255449935147,0.2376190007648798,-1.5700752042513184,-1.5894337831740726,-2.0960802253312707,1.880542088987746,1.8787171129893272,1.8814037988358914,13.881669742648274,13.876925241443631,13.873498036030558,0.7100174044766513,-2.0547884519709454,-0.0009258059330054918,0.6202268476395054,0.21838250547778754,0.21831089341670892,0.21820561503935845,0.23747573687064985,0.23759657843899545,0.23782015006504478
50.0,50.0,110.0,60.0,0.1667050349974301,0.1621137958967265,0.16338948806541329,-0.0596312854944734,-0.0754737429348476,-1.25384784499875,1.2977313439724445,1.2973162171032628,1.2993119444541674,31.53254826644552,31.529047067431495,31.53511175260054,0.6550888176419655,-1.2898374651384217,0.5617862064981516,0.501419556926269,0.3861044118141155,0.38633953405424365,0.386124520686148,0.16328668556018947,0.1635117727714064,0.1635375103028154
90.0,0.0,50.0,60.0,0.2672402132604256,0.266443673650682,0.26681871483139535,1.1526947718634435,1.0720059170680587,-0.6324185926984168,2.10109094801186,2.099734545905011,2.100493975483322,12.231990073303049,12.229278604158125,12.231391537690826,0.562745350766241,-0.5203297715459044,0.4114878300127001,0.04572543019655752,0.1296813499642535,0.12962605833912313,0.12958952513349123,0.2668198761180217,0.26674094957655875,0.2669106871164398
0.0,90.0,0.0,-60.0,0.2681389700414233,0.2663436136692441,0.26721415385945835,-2.039045359090078,-2.0708956549494784,-2.091353289237888,2.108768359553128,2.1079293414293114,2.1071239480594666,3.212789112492876,3.214529323162375,3.2097725968789192,0.7100174044766513,-2.0547884519709454,0.0010735189888186748,0.33272227303943885,0.10473621349201848,0.10455448131237566,0.10458682723616564,0.26733917464393314,0.26713493893736623,0.2672401883385095
50.0,20.0,20.0,30.0,0.1856814390583145,0.1737776813461229,0.18088868531698737,0.4457866493618266,-0.0068480387736551,-1.2545718988237953,1.4286185685174355,1.4282782234042792,1.4262844890957385,5.368643711698893,5.364436860422313,5.369985898551329,0.6115535893142118,-0.8927449704416845,0.1304799383559407,0.1181790306668312,0.08167657174615303,0.0817343720204933,0.08182219505227249,0.18128174297214827,0.1809836329245416,0.18103126240543066
0.0,50.0,100.0,30.0,0.1175814198967351,0.1151332929959557,0.1164094070057614,-1.476620742541697,-1.5250645069028417,-2.043022656744678,0.9326528476957777,0.9344963248863971,0.9336329543732238,29.022458213558316,29.019050986474234,29.016915766422677,0.6597422425592191,-2.0628742020185755,0.027134569997868285,0.49930238850297304,0.3597999622839812,0.35999046666723544,0.3598278623386754,0.11651320983681822,0.11663495754903717,0.11641294120053386
20.0,0.0,120.0,0.0,0.0484044257284424,0.0419966277146968,0.045057803156081835,-0.3773851995761081,-0.5607654458965701,-0.5184258900127418,0.3708402895260033,0.3688675514321144,0.37075462593654185,33.1085884143071,33.10564389577818,33.0944326659441,0.5841886751953623,-0.5231776405480634,0.20379704876250615,0.00011060274925855382,0.3773465103064038,0.37711460159267307,0.37712568577311995,0.046868736836873356,0.04685331790556974,0.04707317255238116
90.0,0.0,10.0,120.0,0.2682876343842177,0.2655488083231272,0.26698736042073823,3.14057969837696,-3.138433465041848,-2.138639580545125,2.106719613986742,2.1050706156242023,2.104558202205103,2.3097354708948217,2.2757398138958913,2.2835703670526524,0.562745350766241,-0.5203297715459044,-0.011143191755708349,0.26091469070074896,0.08606236736972628,0.08596659545795558,0.08592198633204844,0.2671638146337687,0.2668943480521218,0.26710487772792985
20.0,50.0,20.0,-60.0,0.1851972243655004,0.180887940854681,0.1825495751342519,-2.1703096648887046,-2.409535342280797,-1.7075799864621124,1.4410774950447196,1.4423117903266303,1.4411486833851017,7.173002227592071,7.175634416544538,7.176637444407784,0.658991099436022,-1.6861926913303058,0.10135657007691042,0.24744862234559944,0.12305191447869201,0.12300097358131594,0.12302586115546478,0.18255088587149515,0.18256987518061116,0.18239928282015028
50.0,0.0,40.0,60.0,0.1580964530759987,0.1503688650445616,0.15585846404569378,0.853514360563423,0.7134750199171253,-0.726653976612003,1.2294836218830991,1.2283813072991485,1.228437366889888,10.639556648231524,10.637480894649675,10.640192415340342,0.5786783317088385,-0.5219133872819157,0.22416133435495333,0.0466346514309247,0.12301939172901362,0.12296958838030637,0.12309879706064002,0.15604367879985978,0.15590898347814977,0.1560557997002681
20.0,50.0,10.0,-30.0,0.1912523357660809,0.1899628581539433,0.1906172051546524,-1.559683873994918,-1.6423695150802675,-1.8051329164211574,1.5036703939314155,1.505084451394847,1.5047198969204685,4.41489544072808,4.417614513298037,4.411908853760687,0.658991099436022,-1.6861926913303058,0.06146048190775238,0.20659363075206494,0.09514401972315015,0.09529246978322956,0.09519798462979619,0.19060727621294465,0.19075591081094107,0.1905676122856584
20.0,20.0,10.0,-30.0,0.1224348623046133,0.119873964618737,0.12130131409193227,-1.2335994323973007,-1.3443093983566696,-1.58517828258348,0.9566107755101148,0.9575165673765925,0.9582316046738352,3.4329381164751025,3.434621819508004,3.430167416653474,0.6162442654560011,-1.27379193074638,0.044522623553307,0.07974804023964986,0.06360013590682254,0.0635283646640725,0.06355499067748376,0.12127163610493205,0.1214654736193009,0.1213601490559501
50.0,50.0,10.0,-60.0,0.24991973599087,0.2375648707013293,0.24145466218513148,0.4081081980545193,-0.7434363580067149,-1.9787851920510953,1.9061542817949693,1.90866013967372,1.9006968725838511,1.179757354122055,1.1835885090153082,1.1828719594232409,0.6550888176419655,-1.2898374651384217,0.023980911143453725,0.18952918195507532,0.06743384541429207,0.06765095246850404,0.06772892565714095,0.24225490367491997,0.24156646037304258,0.241248740124261
0.0,50.0,80.0,30.0,0.1249897730888322,0.1243633003937369,0.12466251019108984,-1.476888328568813,-1.4956301134191272,-2.020648231707519,0.9941313333140465,0.9961569051541682,0.9946215764556627,23.56037516548816,23.555198280570107,23.53531903486247,0.6597422425592191,-2.0628742020185755,0.033332324344185704,0.44566882973118105,0.3003232819005903,0.3002394876589763,0.3000484297621838,0.12473034554568867,0.12480922122071043,0.1245384756903363
20.0,0.0,20.0,-60.0,0.085795399229494,0.0754029446129343,0.07946909896045155,-1.2482057568255802,-1.628470099763692,-0.8933090793437565,0.6390673618304419,0.639624469104283,0.6408239809387738,5.544879604006303,5.5648441172635,5.564868210786753,0.5841886751953623,-0.5231776405480634,0.0594072478715944,0.0254760476316359,0.07108805417346813,0.0707790413509548,0.07074223174217006,0.08100241727270725,0.08121062568114816,0.08116203986575347
20.0,20.0,60.0,120.0,0.0884066893712476,0.0836110352599933,0.08757808728253298,0.7803599021331445,0.6188157754791591,-1.454766889823745,0.6986992148442234,0.6973114902061817,0.6976274675845222,17.31051995313803,17.311898033731868,17.317423689362652,0.6162442654560011,-1.27379193074638,0.13373021107857275,0.18045298654683217,0.21472613793214812,0.21486403921675365,0.21479848213833938,0.08770544999507764,0.08757010947226239,0.08774477099650684
20.0,50.0,110.0,0.0,0.1175177339419095,0.1156863440877308,0.11658234319929671,-1.6544832795666198,-1.6666327912522505,-1.7089756545705221,0.9328352218950164,0.937302337154472,0.9352880841404962,31.667508274161218,31.68455519181037,31.673790353073365,0.658991099436022,-1.6861926913303058,0.20450012696132336,0.4999926823595497,0.3886626279893226,0.3887240192150196,0.38852093981513053,0.11670442331989014,0.11699818038154043,0.11644064958667452
20.0,90.0,0.0,-30.0,0.2680974519386625,0.2665655287975851,0.2672288563829328,-1.9764533968955675,-2.0089439344192765,-2.091414827325976,2.108629055211095,2.10523130233032,2.1099872326732165,3.217162643414003,3.211998173813014,3.215472444527808,0.7088879274287126,-1.824588487784622,0.001060556439857788,0.33270986067284863,0.10460040099390283,0.10457767409872329,0.10462703684251053,0.2669771257921123,0.2671514278974355,0.26759242303837355
0.0,50.0,70.0,-30.0,0.1320786205288371,0.1314637983494049,0.1317419237004052,-2.606664771097832,-2.626186977087765,-2.0937385211864394,1.0490225097076908,1.0479804776972588,1.0516351265790753,20.864849287042237,20.873224225308366,20.870280839452576,0.6597422425592191,-2.0628742020185755,0.0007100513202348262,0.42727826917359696,0.2711835944718678,0.271439281226542,0.27141550817787935,0.13149102105860663,0.13182277865835143,0.13195127863414763
0.0,90.0,70.0,30.0,0.2407946792302053,0.2389978587933426,0.23999613697167213,-1.54187217694215,-1.5709988297457476,-2.085895934130852,1.9033435955656353,1.9020418502840226,1.904541174338629,22.23567154565589,22.23236318628864,22.231866302945505,0.7100174044766513,-2.0547884519709454,0.008535556278320592,0.8995552674580183,0.3143560038805764,0.314323695302483,0.31438009761413943,0.2398949111835413,0.24004445972217006,0.24020970686170415
50.0,20.0,50.0,120.0,0.1607100233097767,0.1523152703617198,0.15865864795250362,1.4303239883464869,1.278945131119649,-1.0472173932877886,1.254123254656564,1.2530047991341238,1.2546450949581656,14.228589729578196,14.230979132967247,14.228307401014115,0.6115535893142118,-0.8927449704416845,0.29292381320463473,0.16985985661947495,0.1787271730081341,0.17861990699132382,0.17860937386044232,0.1587179038230304,0.15877939931845972,0.15891987018574794
100.0,0.0,50.0,0.0,0.2671500845697531,0.2664429799141536,0.2667576913384648,0.1055117457874705,0.0820745482344279,-0.6206681915956815,2.0998657037849533,2.1004206769518823,2.0994173658360613,12.19711923962028,12.198930545419143,12.195792757677955,0.5610908219554596,-0.5198393037975151,0.4075410348714728,0.039880078221233274,0.1283509622515363,0.1284849711594855,0.12838949786996448,0.2668207407419859,0.2667709870291184,0.26669910566784366
20.0,50.0,30.0,-30.0,0.1725600995752233,0.1709668889955027,0.1716640653253606,-1.993768688197708,-2.0601166692692856,-1.752977534059358,1.3568548953974515,1.358150154827865,1.3580410073898876,10.043055554043606,10.04897627900585,10.042184602201143,0.658991099436022,-1.6861926913303058,0.10652186480852498,0.29884811693750946,0.15471685508856547,0.15467901613445137,0.15467673405492074,0.1716121345080266,0.1717629965566252,0.17159110657340032
50.0,20.0,0.0,-30.0,0.1780277789475491,0.1768142777220722,0.17736792859622252,2.078552356130148,0.2341865039075016,-2.091313373327975,1.399845216609994,1.3967637506166455,1.4013003044470471,2.1632688442159465,2.1604664793887562,2.1569571913429826,0.6115535893142118,-0.8927449704416845,0.0005054610556670989,0.1476541196251637,0.07049995520675179,0.07047616572837193,0.07028597243208515,0.17714271751852273,0.1773235080558815,0.17771757996928242
0.0,100.0,80.0,60.0,0.2429124831833804,0.2389070094527327,0.24167516212140824,-0.9886303941935785,-1.0335595881254604,-2.0769598639380873,1.9188102392965805,1.9188624351761474,1.9186945115798941,25.034029991856393,25.029470357296137,25.03501072331159,0.7218526699760112,-2.0319799578528905,0.019325731502979667,0.9973550612888454,0.34637899433609876,0.3462647784868952,0.34648926463025226,0.24180106531180623,0.24176813154467466,0.24176800987432395
90.0,20.0,110.0,-30.0,0.2192532664752693,0.214992494612211,0.21813715315668528,-1.01206391781997,-1.0272201394615146,-0.7398632085061656,1.7201187612586222,1.7206157298273803,1.7224201416176665,30.426766707062306,30.430675837699223,30.418394378695442,0.5984987239536121,-0.7371513072756187,0.9019118627786835,0.19780229978828115,0.3545027534464015,0.3544918184606015,0.3542558297850061,0.2180939165059975,0.2183792633350754,0.21829967723478383
90.0,0.0,100.0,-60.0,0.2405889750303303,0.2385152453957846,0.24004941089797371,-1.2739611806058238,-1.2794739288925732,-0.5314009559837937,1.8894050095548909,1.8896371804949126,1.8896276964721148,26.859841776091525,26.874338812659772,26.869241775126977,0.562745350766241,-0.5203297715459044,0.8636784347965044,0.006776695633629429,0.3007538747328553,0.3009889452335266,0.300677843892173,0.2400782256682645,0.24010261150249554,0.24006883567385368
0.0,50.0,50.0,60.0,0.145680294716253,0.1448843860786103,0.1451341268147976,-1.0482229578316922,-1.07231053775998,-2.1018431860228772,1.1515490564604618,1.1513620584968898,1.1535594046800035,15.522905034577956,15.522164351399912,15.529175480358012,0.6597422425592191,-2.0628742020185755,-0.002675826946653331,0.3703271355125213,0.21358626387764115,0.21360003268697683,0.21363437198979734,0.1449630958410638,0.1452216150811347,0.14524474499061593
20.0,90.0,30.0,60.0,0.2534636294217678,0.2509550989788577,0.25265966754664076,-0.6405003016303134,-0.8533327675127107,-1.9227519959517558,1.996408235550645,1.9986950616344197,1.9969385461519864,11.170409941578715,11.16708750661065,11.168895016301526,0.7088879274287126,-1.824588487784622,0.09701931925360945,0.565140648817944,0.19011664435729936,0.18997316393964545,0.1900024928836533,0.2527543462895348,0.2528229388409174,0.2525291413672101
0.0,100.0,10.0,0.0,0.2683839935695813,0.266627891601532,0.2674586165097753,-2.056474806448134,-2.074524970749617,-2.0849649903716387,2.1110472986416764,2.108088320281805,2.1144266911791667,5.9677542403226855,5.9637937518571125,5.963311507970103,0.7218526699760112,-2.0319799578528905,0.0041809340633849725,0.4336770556725531,0.13581068310465194,0.1356890966707644,0.13576706813466108,0.26704993248003545,0.2674898740124548,0.2678376337751938
20.0,0.0,0.0,0.0,0.0894701204174801,0.0597085068960441,0.07527745145393759,0.3455526696634892,-0.6095419098213847,-2.0798077021433925,0.7321359077443643,0.7316519364162665,0.7316517289534747,1.927383349434486,1.9305793778583378,1.9357696630744397,0.5841886751953623,-0.5231776405480634,0.0004733043325337444,0.05568956021427769,0.06040698922751387,0.060459082266853696,0.0605765283453658,0.0926022261938099,0.09254849880898401,0.0926227910164054
0.0,50.0,60.0,30.0,0.1378552797278921,0.137308963409778,0.13762677007693622,-1.5727982072048072,-1.5854778455820366,-2.0984029228960552,1.0946395868448613,1.0936359261423358,1.095080187730256,18.186567121692338,18.17689299840831,18.174921160582265,0.6597422425592191,-2.0628742020185755,-0.0013850024747953911,0.3983292709333183,0.24188485716877484,0.2418226444841517,0.241610792048434,0.13755637261250472,0.13762313632439738,0.13775333006703896
0.0,50.0,120.0,60.0,0.1084013027144802,0.1047384399363776,0.10623897380949145,-0.6397308055074131,-0.7058023288463622,-1.7664746619194813,0.8540597297209837,0.8549056007738665,0.855735850044113,34.369448427734035,34.35668097365972,34.37639295503731,0.6597422425592191,-2.0628742020185755,0.1722501209164358,0.5001269805363626,0.41729738265218724,0.41736821825823184,0.4176056791325599,0.1062841671422461,0.10650152010495093,0.1063962479553283
100.0,0.0,100.0,120.0,0.2047622438479674,0.2034091802879223,0.20447549128621487,2.0814729457284464,2.0717814745895877,-0.2644229517244179,1.607560254384392,1.6055294007530387,1.6052374154694362,26.448212227048185,26.467452071608346,26.45517430167784,0.5610908219554596,-0.5198393037975151,0.6718950661766484,-0.17793186987542556,0.28408682380327743,0.2842790025488186,0.2841279824749236,0.2046150836106108,0.20432686206627393,0.2045746688812868
50.0,20.0,50.0,30.0,0.1605339215350986,0.1577787208044881,0.1597293515889138,-0.1373925396244074,-0.184427185036842,-1.0287007469365368,1.2615957058733418,1.260598452961686,1.2618907107955777,14.199221530959358,14.184338325717128,14.191567627092617,0.6115535893142118,-0.8927449704416845,0.29661984491162774,0.16420786410296592,0.17773792525774967,0.1774159544803399,0.17760036019660824,0.15969961626090753,0.15972604877626065,0.1598670187999351
50.0,0.0,40.0,0.0,0.1584709589918525,0.1562478445382529,0.15775572186819245,-0.1894706632384719,-0.2318475717543328,-0.7041273905940632,1.2427762260520152,1.2427331587752046,1.2428408080280606,10.58318333504572,10.580488051855617,10.579444325881287,0.5786783317088385,-0.5219133872819157,0.224858122777719,0.0411658473493781,0.12148419838650011,0.12135848356074733,0.12129617213317466,0.15779678002750633,0.15780134819366362,0.15780647002558815
50.0,50.0,40.0,120.0,0.2062546757785632,0.1967896161001057,0.20364331608431008,1.1399532748291783,0.8855664356191255,-1.4231965515765386,1.6113135318344016,1.6092219831763521,1.6106378636034837,12.369319185180483,12.378874722819518,12.374034851530455,0.6550888176419655,-1.2898374651384217,0.2680353561863825,0.33946597643618537,0.17794252647306089,0.17806513889011483,0.1779249160154766,0.20378453543458488,0.20370422561319818,0.2039659267983225
90.0,0.0,0.0,120.0,0.2680544161314068,0.2661406320716557,0.2671054144631762,3.1362750423425503,-3.1410982856828125,-2.091362685323016,2.106223467679137,2.10858643316233,2.108527255944516,3.257266487613324,3.252493358098268,3.257220856728947,0.562745350766241,-0.5203297715459044,0.001084048798530117,0.3375906760878476,0.10621056982141856,0.1060811040063627,0.10628648376286423,0.26712512476313294,0.2674159513945661,0.2671150185462852
20.0,20.0,10.0,-60.0,0.1273070018086669,0.1209558131192894,0.12401571423052525,-1.4473159523746737,-1.5785639791862836,-1.5008979711907995,0.986305755730378,0.9844925736705533,0.9838566609382029,3.1571392750206067,3.138622183097841,3.145829971367413,0.6162442654560011,-1.27379193074638,0.046883840802545027,0.07104444024948318,0.059692775500619806,0.05981470009695655,0.05949653641699766,0.12495273602822438,0.12469023123079716,0.1248856324533053
90.0,20.0,110.0,-60.0,0.219303566974106,0.2147472866805692,0.21785365965286477,-1.533614529769246,-1.5507391983843055,-0.7390580341108627,1.718041165943507,1.7197757353037035,1.719084059916283,30.41384319771587,30.42485807924171,30.429421493764586,0.5984987239536121,-0.7371513072756187,0.9007519849274925,0.19684304555288315,0.3542780631529046,0.3543877019337784,0.354464537221993,0.21798372451586678,0.2181040012025139,0.21790175908173226
50.0,0.0,100.0,30.0,0.1376125772931472,0.1357540970202907,0.1364390443865103,0.1724591023181892,0.1619223326533088,-0.5256155261941793,1.0735194851665553,1.074473882356963,1.0736144096909435,27.335202075269265,27.333288768137486,27.3350726455488,0.5786783317088385,-0.5219133872819157,0.505862238510286,0.0010768149680167778,0.309949491133178,0.3097432475152575,0.30989453633246455,0.13647270463930253,0.13648450579747928,0.13637135039986334
90.0,20.0,40.0,0.0,0.2674785660895817,0.2665749253438317,0.2669792076429068,0.0217618371696621,-0.0425980924385319,-0.8838296783178138,2.1031510029685916,2.1035243774427723,2.1021288451971163,9.820650109084898,9.815785045112765,9.815477437531385,0.5984987239536121,-0.7371513072756187,0.34750298972121424,0.1313001456827618,0.11636834454131147,0.11636056728720603,0.11642452807889662,0.26708362084431897,0.2669495679102409,0.2669111200096584
20.0,90.0,100.0,60.0,0.2043090914881618,0.2013747181553031,0.2025274482965178,-0.6577488287173444,-0.6879646261479979,-1.7981381502931804,1.6089961880968602,1.6106244062744492,1.6142149069895901,29.952241526596815,29.93996579109066,29.955139201062845,0.7088879274287126,-1.824588487784622,0.276747381693487,0.9003596111569425,0.3901356665897858,0.39048815197939424,0.3908232341628715,0.20224245236582322,0.2028755520231638,0.20269481861410474
90.0,0.0,60.0,60.0,0.26709692285128,0.2645352064717851,0.2666035763249932,1.03766337211339,0.9909980725628637,-0.601222794835812,2.0995185131260743,2.0982761788708117,2.0995077644432847,15.239267091232692,15.236699074960915,15.24120864959263,0.562745350766241,-0.5203297715459044,0.5265417529415893,0.04141662543107599,0.16526045442404957,0.16529670736139482,0.16530454004621803,0.2665870948056138,0.26658413876126674,0.2667412861437851
100.0,0.0,80.0,-30.0,0.2535262093076046,0.2527145469673837,0.2529636717976307,-0.6795755464762234,-0.6855238412218391,-0.5633774627914355,1.9898646701487661,1.9921626275673192,1.9915463042895816,21.15438200013765,21.166125809510543,21.150770372941768,0.5610908219554596,-0.5198393037975151,0.7111749179127592,0.02825224074862657,0.23513969030355106,0.23505149404213804,0.2351038924598859,0.2529237180012185,0.25312927163378457,0.2528275849655717
50.0,20.0,120.0,0.0,0.11626511587307,0.1150320277357712,0.1157022022683191,-0.7827222166567901,-0.7972483114879969,-0.9020410013242119,0.9185368449377519,0.9167639754278595,0.9205281853887866,33.53675703269759,33.53354696821726,33.525601839257284,0.6115535893142118,-0.8927449704416845,0.5044676180129211,0.1999204071844312,0.39223944540915767,0.3922824703508788,0.3925923226951626,0.1155737361722546,0.11583858726104918,0.11608288382819727
0.0,50.0,20.0,60.0,0.1712148629937822,0.1692445819287945,0.1703006352933941,-1.070506740363527,-1.2311786078430291,-2.127286992364983,1.3446191203698936,1.346569807818423,1.347566594163533,7.558147718933013,7.558156360871516,7.56113721840226,0.6597422425592191,-2.0628742020185755,-0.00886893719521181,0.2611901466175366,0.12897878883813646,0.1288906948611415,0.12903233627994323,0.17013854478240886,0.17051519555533173,0.17026779306846643
50.0,50.0,20.0,120.0,0.2250062858426112,0.2085261566336627,0.2183700512903881,1.4819472323162506,0.6537488157992308,-1.606601741584096,1.7267234997360172,1.7242623466309692,1.7271052839020413,6.8879447723348575,6.897388881205031,6.890780925376353,0.6550888176419655,-1.2898374651384217,0.14757886865098338,0.2840352510478832,0.1229586000116136,0.12320843601029356,0.12285061450175716,0.21857250790716293,0.21861629757221449,0.2189233601657484
20.0,50.0,30.0,30.0,0.1709147872079886,0.1690585084711731,0.17024577055241108,-1.0209074113974046,-1.1439232381738542,-1.7912267284387948,1.3462740524170227,1.347078228994667,1.3474204405955599,10.086917249168017,10.084260773706657,10.088790976674025,0.658991099436022,-1.6861926913303058,0.09415701296171824,0.3021206540811204,0.1554615761448339,0.15538976466909526,0.15555994935141565,0.17020967512018614,0.17034909822057553,0.17025629027799807
0.0,50.0,110.0,-60.0,0.1088310026362859,0.1069327537271218,0.10795332929059116,3.1415827364948634,-3.141504071780219,-2.0816314434192393,0.8679380234455413,0.8699536173871739,0.8682194706384023,31.67467194763461,31.687551779868734,31.674895869930296,0.6597422425592191,-2.0628742020185755,0.007834829617686693,0.4999799414048811,0.3883261110739959,0.38883337583011174,0.3886988846607377,0.10814155548976268,0.1081775313636712,0.10794044730434503
90.0,0.0,10.0,-60.0,0.268678202914146,0.2607502909618859,0.2650549215714892,3.1380854117885435,-3.1373029308075493,-2.058682834393074,2.090556936641453,2.0927390809106385,2.0955642827898986,5.125036044959258,5.127336760614455,5.133724692946017,0.562745350766241,-0.5203297715459044,0.008024187338876184,0.3757040277413125,0.1226388044047076,0.1225324502250481,0.12257401936224888,0.2649122858433846,0.26555303767066174,0.26526677563064627
0.0,20.0,100.0,-30.0,0.051009432772409,0.0495104740379551,0.050179631556546256,-2.5415374031401643,-2.6471895938898835,-2.06201273201482,0.41008296935508176,0.41177401130676,0.4105240779121436,28.183545346859553,28.198633526576483,28.182562285107764,0.617145342061956,-2.0150473293853004,0.007015984485553902,0.20005861864841154,0.3341874512570482,0.3343209460402645,0.3341695214763972,0.050367814561402366,0.050429303927509224,0.05020707260645358
0.0,50.0,20.0,-30.0,0.1708630558297637,0.1696487606355044,0.17028079290819306,-2.450547861197516,-2.594077413277751,-2.0553557372594,1.347839912370572,1.345207516827359,1.345600725311753,7.538816098773643,7.538176594478644,7.537253729171159,0.6597422425592191,-2.0628742020185755,0.010657162126550154,0.2622214021804335,0.12914279403769857,0.12916666139290564,0.12914236052354308,0.17038167409992402,0.17009522551071135,0.17043126855808866
90.0,20.0,0.0,-60.0,0.2673904634266155,0.2668361707132364,0.2671304046773692,3.1403056343253284,-3.1371033509719832,-2.091376660183659,2.107492532292178,2.107479028550021,2.1089455449268955,3.2632691909250835,3.2606735925328687,3.2608348017291022,0.5984987239536121,-0.7371513072756187,0.0010729111244041209,0.3374066151622286,0.10607844450808632,0.10607335901116903,0.10598056884731419,0.26709314170925114,0.2672827602971502,0.26728201909014426
20.0,20.0,0.0,-60.0,0.1304116090628707,0.1138819672024506,0.12239703534158657,-0.2252837278359606,-1.0647986331859949,-2.0889794066209135,0.9861096727086873,0.9916712034833506,0.9897610400986772,1.8909708384228325,1.9170376338087638,1.8757899441924326,0.6162442654560011,-1.27379193074638,0.0005540628654242648,0.07644178920905596,0.05752065371032243,0.05809847825942544,0.05804498332694065,0.1253048192160514,0.12579227532678294,0.1250871006839391
0.0,90.0,110.0,-30.0,0.1817073469046409,0.1798135894078071,0.18095611785180032,-2.601260098847093,-2.6208173271488198,-2.087609565629732,1.4404116212030684,1.4443627139533306,1.4465109475249434,32.59117056613792,32.60177325649669,32.59292340222096,0.7100174044766513,-2.0547884519709454,0.00780669679665069,0.9002388165197546,0.41753325526812,0.417594459867763,0.41769764509235907,0.18073463577265764,0.18148557531580714,0.18098252731867095
0.0,20.0,30.0,-30.0,0.0898485848623425,0.0858149741158447,0.08806007685828675,-2.4761351060425096,-2.625453945672118,-2.0548936825686397,0.7027320991888383,0.6979081255014976,0.6989962688334955,9.33590879271737,9.341002155836737,9.327258745851218,0.617145342061956,-2.0150473293853004,0.005694183009600869,0.13500210452764516,0.1289920793942484,0.12902101908858307,0.1289718342817586,0.08829238611653367,0.08780263491581573,0.08843578192276025
100.0,0.0,90.0,120.0,0.2342900692519049,0.2324056151206603,0.2339829104410655,1.991231858182225,1.9769486521266957,-0.43367856337153393,1.8398502341535865,1.8404843727905615,1.8416050529581833,23.79673621766444,23.805319248703338,23.797932195161223,0.5610908219554596,-0.5198393037975151,0.723720693686542,-0.06504222755567561,0.25924933861973964,0.25947910749786435,0.2593404455538665,0.2338936462801838,0.23412075759999113,0.23403189920436174
20.0,20.0,60.0,0.0,0.0884024844958851,0.0880540155280371,0.08827008332049036,-1.3173178504454988,-1.3388576471505216,-1.4386895610233499,0.7025307129198444,0.7020894014093475,0.7033977775747196,17.30610332958111,17.31015511308068,17.305115517108025,0.6162442654560011,-1.27379193074638,0.1382295909938179,0.1794841320578256,0.21472797637277258,0.21458666372048454,0.2145501709926622,0.08820239567700625,0.08830538078259295,0.08836416259208477
20.0,20.0,70.0,60.0,0.0825657465165457,0.0814198646503156,0.08225368941305282,-0.2683416307227438,-0.3025205932481469,-1.41662335651265,0.6574724859031629,0.6555469937770293,0.6560937184626691,19.99908114638877,19.987812866069216,19.996214810790896,0.6162442654560011,-1.27379193074638,0.1505556983872804,0.18694087400689588,0.24374696521679642,0.24368689880711963,0.24383259741154248,0.08230809722542695,0.08213741972443032,0.08239403028204047
50.0,20.0,30.0,0.0,0.1775669713726894,0.1732876687158164,0.1759704442509238,-0.3975802767238139,-0.5047171572331232,-1.0943726318651716,1.3881124315412463,1.388808557739989,1.3877385408763407,8.354946027555266,8.354697496720743,8.350481823982559,0.6115535893142118,-0.8927449704416845,0.19755011673742626,0.12716741395581815,0.11192288229389252,0.11183933264682028,0.11198106023681505,0.17611549529793238,0.17606560484231615,0.17597990715807094
50.0,20.0,90.0,-30.0,0.1372372918608024,0.1365065001137735,0.1367784460843625,-1.2923625741603404,-1.2990898225501577,-0.9456707143383457,1.0830350833800815,1.0819030788697332,1.0816697522233532,25.25918527458271,25.262983979165224,25.259696263379453,0.6115535893142118,-0.8927449704416845,0.4487741482118272,0.20132116067634248,0.3006735362887589,0.30070852914468355,0.3004620829713963,0.13686199042743355,0.13668167551031368,0.13682959358801622
0.0,20.0,30.0,0.0,0.0893859802908601,0.0861433143555241,0.08789653355385658,-2.0495175011708167,-2.1284643166445147,-2.086360611189453,0.6947779198496624,0.706388731716029,0.6973631662704471,9.361076768507921,9.363602958823373,9.347854790095992,0.617145342061956,-2.0150473293853004,0.0013396184016920378,0.13497458682005922,0.12988020092482355,0.1295876735470382,0.12973252586531242,0.0883620234094049,0.0887180275637329,0.0872760341637929
90.0,0.0,30.0,-60.0,0.272669797690771,0.2565256247344309,0.265747502474296,0.1199880625963251,-0.1981645205812931,-1.6219421316334808,2.1222050249147264,2.1221671152791357,2.1186272759829925,5.303068916094181,5.3363096065480145,5.322344784061257,0.562745350766241,-0.5203297715459044,0.015627208368068995,0.04860300191857575,0.04414651092777848,0.04448813603508134,0.04410128234682196,0.2697484195366832,0.2692532212736162,0.2692782098825368
20.0,90.0,110.0,120.0,0.1878511172551973,0.1847019539789227,0.18606391623240207,0.3252033321106147,0.2693952518737407,-1.8601069357993936,1.4832127330357259,1.483684116026963,1.483747000576696,32.578485110728714,32.58008648212519,32.5786602658373,0.7088879274287126,-1.824588487784622,0.2171692878246615,0.8993101381890295,0.41688705418880545,0.4174674975725734,0.41714012527137573,0.18615874584362888,0.18623669456536016,0.18618703623582233
20.0,20.0,50.0,30.0,0.0938430960051458,0.0921792572575369,0.0933519763703617,-0.790378008188022,-0.8455777922722201,-1.466094809382692,0.7426457924978861,0.7414271893336809,0.7415752429842991,14.615221075667806,14.610358483894423,14.604521072284424,0.6162442654560011,-1.27379193074638,0.12133752320170774,0.16708048210031914,0.18549762583730556,0.1851640578252641,0.1853277022800984,0.09344236977261326,0.0932977079742242,0.09344908637513732
50.0,0.0,80.0,-30.0,0.1369811814905054,0.1362653747388857,0.1365291858587679,-0.899573269459264,-0.9108182014475196,-0.5949642372725865,1.0746814793983777,1.0747566241481832,1.0766101999609716,21.863337444060782,21.867098635596918,21.8730387815711,0.5786783317088385,-0.5219133872819157,0.40647880243486934,0.029017389961528316,0.2490383445874706,0.24931401091048724,0.24927504492141828,0.1363506799818631,0.13662230269899692,0.1366130549058803
50.0,20.0,0.0,-60.0,0.1780277789475491,0.1768142777220722,0.17736792859622252,2.078552356130148,0.2341865039075016,-2.091313373327975,1.399845216609994,1.3967637506166455,1.4013003044470471,2.1632688442159465,2.1604664793887562,2.1569571913429826,0.6115535893142118,-0.8927449704416845,0.0005054610556670989,0.1476541196251637,0.07049995520675179,0.07047616572837193,0.07028597243208515,0.17714271751852273,0.1773235080558815,0.17771757996928242
50.0,20.0,80.0,-60.0,0.1430324278268221,0.1417861246777742,0.14209962059276396,-1.7987141027666362,-1.813639177258071,-0.9636578303143404,1.124347163605256,1.122415011128421,1.1241502474596161,22.51416023949498,22.515052596180684,22.51457204330726,0.6115535893142118,-0.8927449704416845,0.41539676401590225,0.19536036558898984,0.2701210677038537,0.2701408061873242,0.27000985349760087,0.14203439466703058,0.14201184873227782,0.1422521272773658
0.0,50.0,80.0,0.0,0.137582137137054,0.1347359119377163,0.13689281906463904,-2.0781029508885047,-2.098455426791868,-2.089116245771546,1.091382282141597,1.0922432724821665,1.0916705950313017,23.705834988152144,23.71169386890746,23.702484418366673,0.6597422425592191,-2.0628742020185755,0.0032002687059089524,0.4984854711220566,0.3052319284941061,0.30511846017237026,0.3047844923111237,0.13697988304962813,0.13701682687498223,0.13690205802456126
20.0,0.0,30.0,0.0,0.0715405529657853,0.0693045332966721,0.07048412958079493,-0.6903459014387943,-0.7647129583248151,-0.980240129733333,0.556564131097799,0.5571074276156598,0.5576137707195467,8.47062678289431,8.475998505993948,8.468866155983042,0.5841886751953623,-0.5231776405480634,0.07788914743737473,0.03831860719437916,0.10338179327041906,0.10339395077768736,0.10341538572485309,0.0704541255210838,0.07059344603944862,0.0705249464104629
0.0,100.0,50.0,120.0,0.3055949651321976,0.1915595502076764,0.2667471955342206,2.957039034146384,2.375500937904609,0.08774339621454216,2.1458645684821516,2.14457094812162,2.153332095371631,11.072904437289923,11.095356838891034,11.079088668663788,0.7218526699760112,-2.0319799578528905,0.18707190501122456,-0.026274448237330196,0.09197543968514149,0.09225514690346907,0.09177664902262518,0.2723737939964816,0.27328026541621087,0.27343165890289256
20.0,90.0,80.0,60.0,0.2302533817646543,0.2282221442389682,0.22904071585931635,-0.7164106991061622,-0.743089703321376,-1.863367780422778,1.815823091901747,1.8218273043015745,1.8168300981784848,24.759866957753143,24.75970031988936,24.76169919869254,0.7088879274287126,-1.824588487784622,0.2129346009267061,0.8991571221335498,0.3379693211125846,0.33832560601335737,0.33822207256729075,0.2292708037869094,0.22938304673387377,0.22866105378523502
0.0,100.0,50.0,-60.0,0.2487446078900212,0.248051412113359,0.24838164062992701,-3.0835295660313964,-3.137497254366609,-2.082999907809838,1.96593422327234,1.966982691907753,1.9669955191288084,16.760361544053342,16.773068456642832,16.77641132731665,0.7218526699760112,-2.0319799578528905,0.009480289617847972,0.7540247436791012,0.254104985055552,0.2543696046774061,0.2541678398107002,0.24833872379428829,0.24847690046874205,0.24835769405730762
0.0,20.0,20.0,-30.0,0.0958946075276482,0.093830634815537,0.09479837677118154,-2.4076077490216985,-2.5871968605333557,-2.0274916241933414,0.7506258024451629,0.7524421654400772,0.7502633126226999,6.639300180531751,6.640653593365966,6.6400309374773165,0.617145342061956,-2.0150473293853004,0.007838721028880252,0.11239546478483212,0.10030011661409587,0.10040329954575995,0.10037890624979291,0.09497577657919891,0.09491422185391447,0.09468372862457491
0.0,20.0,80.0,-30.0,0.0606008162397687,0.0594875875956588,0.06009679791386616,-2.580100571113795,-2.636591783921854,-2.083771603930459,0.4878907768042593,0.4868441782027145,0.4839510399129584,22.754569735774965,22.761241032793045,22.747556162165164,0.617145342061956,-2.0150473293853004,0.0024894535828187694,0.19736615484281805,0.27441806708191635,0.2745868150369374,0.27446629712307125,0.06041745722268153,0.059902621612680146,0.060054425161126496
0.0,50.0,10.0,120.0,0.1861787077033479,0.17993919935314,0.18242456599890042,-0.3354358043662051,-1.113291038126601,-2.2891847049193106,1.4369949728339055,1.442493934621393,1.439649404469407,4.686512536310459,4.68911196343213,4.69915219512849,0.6597422425592191,-2.0628742020185755,-0.04098311797098788,0.20556349052053102,0.0974614033126313,0.09748728998117256,0.09778734880096995,0.18239115905791503,0.1827185067193695,0.18202582187224134
0.0,20.0,40.0,0.0,0.082123581050899,0.0810982503553933,0.08164379634935968,-2.079165806955881,-2.09582230978771,-2.0878902629804585,0.6509265953905721,0.6479795766340234,0.6513272568795957,12.00192536135354,11.996859161609798,11.99422143084633,0.617145342061956,-2.0150473293853004,0.0010952193430378186,0.15353915728524972,0.15730643484318768,0.15713042587878193,0.15716876139875788,0.08152229489616321,0.08158413081922357,0.08192279465789447
100.0,0.0,20.0,-60.0,0.2898552802013805,0.2469416742526714,0.26369264602808756,3.140999616670808,-3.131865639723701,-2.3580762222153355,2.092946696490134,2.0895379445447193,2.0934316043283574,6.982531250632854,6.984251415201286,7.001768186537297,0.5610908219554596,-0.5198393037975151,-0.0774003080977614,0.36486827536940136,0.13385746198629392,0.13391019582158756,0.13409963125537186,0.26492193164381156,0.2649915802696576,0.2654283497271493
0.0,20.0,100.0,120.0,0.0381266050215218,0.0365938880755418,0.03748616513143302,2.9951716926380296,2.8733731548242933,0.8168234940596082,0.2818049616477254,0.28117835817682735,0.28427500797690536,27.09452364199385,27.112165920221823,27.104487595540498,0.617145342061956,-2.0150473293853004,0.030919783062200543,-0.13073675882265728,0.29969823758530284,0.29937752336754386,0.29933965617248315,0.03735787278029897,0.03764150968485127,0.03769380819426269
0.0,50.0,30.0,60.0,0.1620887236190721,0.1607626900597996,0.16142334851423007,-1.05504896220497,-1.132591807556918,-2.109707062472007,1.276720776620542,1.2772116366652333,1.2794238184790234,10.201950885564102,10.1998115631517,10.204511577687903,0.6597422425592191,-2.0628742020185755,-0.004777049587549488,0.3021883443385522,0.15680893566531118,0.15656612262220967,0.15673827873052767,0.16122775822234192,0.16157879378534806,0.16149775911992004
20.0,0.0,80.0,-60.0,0.0563529283887285,0.0549824734530766,0.05550031598473584,-1.6428104337195375,-1.6862542903423363,-0.6974104259401243,0.43934056538829686,0.4377218319233554,0.4403618077393882,22.09948634495246,22.10325485670542,22.104433644814645,0.5841886751953623,-0.5231776405480634,0.16637497718782338,0.029161786384352115,0.2538404947489268,0.2537481340156064,0.25398497934844677,0.055378178555701735,0.05550331390156967,0.055701804619709555
0.0,90.0,10.0,0.0,0.2683542430998993,0.2666235673505139,0.2674421977634198,-2.0591246721379246,-2.076334423455374,-2.085835846479698,2.11099108643264,2.1076940432948956,2.114681071814327,5.966709142625097,5.963601449880286,5.964211567913683,0.7100174044766513,-2.0547884519709454,0.0038073416113408344,0.4336550105650634,0.13582119483625713,0.135721058687086,0.13582174225512594,0.26700001093942444,0.26748031538594547,0.2678648885581007
90.0,0.0,110.0,0.0,0.2250643231900114,0.2218643336442634,0.22356885674297283,-0.2642637994981134,-0.2728567222695126,-0.5235228276865886,1.759717060084659,1.7603986198123451,1.758306993529804,29.790469896550885,29.788069407574273,29.78678973506156,0.562745350766241,-0.5203297715459044,0.8948950132830599,-2.3646392703785133e-05,0.33507135786268205,0.33503706482247986,0.3348528589185592,0.22377302794650664,0.22359783073213146,0.22351595745305858
0.0,20.0,70.0,-30.0,0.0652647031633741,0.064627812643473,0.06500899458347827,-2.5923765706398667,-2.6176585878394683,-2.084313639043999,0.5244552838711768,0.5218416369064834,0.5230535368011061,20.05969822240001,20.069361422164427,20.0674138832309,0.617145342061956,-2.0150473293853004,0.0022279820859139143,0.19054318432096928,0.24485594183303716,0.2450677406517039,0.2449587220322724,0.06503959015502224,0.06486993950332647,0.06520572743622655
90.0,20.0,50.0,120.0,0.267668599946182,0.2629611280074483,0.2668758938733336,1.9453134562490575,1.798659967189841,-0.8574377232123211,2.1022588155266577,2.102995219644239,2.1042537727828474,13.046277566404605,13.050900002209723,13.045167897951464,0.5984987239536121,-0.7371513072756187,0.47264102429914107,0.16532772048618655,0.15643978544423373,0.1564153002367889,0.15643438332202844,0.2667931502717701,0.2670424332083042,0.26695009182284646
0.0,100.0,110.0,0.0,0.1987929601950235,0.1969478514430705,0.19789328756129484,-2.075861681968322,-2.086625226587185,-2.0835582906589107,1.5773705071054798,1.5775026109193238,1.5777620389697444,32.797373931183294,32.79293328558097,32.792255710784076,0.7218526699760112,-2.0319799578528905,0.012600315533835985,1.0000586329409842,0.4240747437969046,0.42422072895107554,0.4238813645017767,0.19798896051507792,0.19802446124941755,0.19802259786661758
0.0,100.0,110.0,60.0,0.2034869011342775,0.2010039844486378,0.2023214157283458,-0.7796036641895404,-0.7992172425957383,-1.8875066709415709,1.609884960288485,1.612377982829212,1.6140388919804332,32.782162780977934,32.7750668806017,32.780467526575926,0.7218526699760112,-2.0319799578528905,0.21193689211790262,1.0000362625370778,0.42379739777271136,0.42368393827381745,0.42415174579689374,0.202214131009809,0.20271298090512982,0.2024168926471725
0.0,20.0,40.0,120.0,0.0838213589193298,0.0806322243531848,0.08205324132251368,0.0201431267091498,-0.1837855163119847,-2.12107318953008,0.6548793980565396,0.6538969289189638,0.6529456759148725,12.017591328171745,12.017668541021823,12.02116842161863,0.617145342061956,-2.0150473293853004,-0.004333317720721917,0.15330107239551022,0.1575365189475872,0.15742962288730028,0.157702530834676,0.08229574235078231,0.08205456938277272,0.08214815967464136
20.0,0.0,50.0,120.0,0.063525883531372,0.0543246091845243,0.06135072611457367,1.3875215137528325,1.1899537845378534,-0.8976176731895507,0.48671689193103357,0.48716457062452584,0.4879112168199257,13.945819277466272,13.943772954123945,13.949230948933085,0.5841886751953623,-0.5231776405480634,0.1116530881104182,0.04402166830218577,0.16382237283713072,0.1638381688279932,0.1637544731078897,0.06147433310231514,0.06162406306018241,0.06154847402476982
50.0,50.0,80.0,-60.0,0.1749841117526281,0.173679256035441,0.17409609865664855,-2.1852445437967254,-2.199878151178924,-1.3355159146185738,1.3791147717759638,1.3798359622291196,1.3810986825571367,23.33296193146914,23.348401071444087,23.346173971943387,0.6550888176419655,-1.2898374651384217,0.4251048703619172,0.4476023890498371,0.29662182826387234,0.2965970237171612,0.2967494193169235,0.173970193420976,0.17421693334352845,0.17412267653270605
20.0,50.0,10.0,-60.0,0.1942069161794151,0.1921530056595856,0.1931796267592128,-1.8001496269475956,-1.892275630436893,-1.7465979012850994,1.5236818760178965,1.5246867948155813,1.524081720484278,4.06955723666599,4.074741831688537,4.075090064879307,0.658991099436022,-1.6861926913303058,0.07025005895058604,0.1934867586369771,0.08974754991263233,0.09002171161240993,0.0898696593880415,0.19318605833077232,0.19324248015021583,0.19311565293428276
50.0,0.0,20.0,30.0,0.1840792694835473,0.1597745250683789,0.16864841929204563,0.9192318868408972,0.3931717190009623,-1.010750763285044,1.3417399324951953,1.3403560917683077,1.339930636778082,4.550356678678363,4.5634438533974455,4.548009857402474,0.5786783317088385,-0.5219133872819157,0.09757444572681301,0.05574648138396233,0.0593600344484762,0.0598303202999427,0.05978880838305322,0.17025105746905542,0.17005077784816394,0.17025713968590162
50.0,20.0,40.0,0.0,0.1686824129707364,0.1662213366066853,0.1679556960529922,-0.5717689258993385,-0.6165110013469469,-1.0515138304458957,1.325298952995294,1.3262002383036315,1.3250699301638038,11.316685616746081,11.317577867984111,11.309066988007817,0.6115535893142118,-0.8927449704416845,0.25197730602290275,0.1470495464872282,0.14517568082447013,0.1451549502699095,0.14504774502384962,0.16805714205414782,0.16801985190933627,0.1679029159387045
50.0,20.0,60.0,30.0,0.1532338125277107,0.1517566544126175,0.15283914204375854,-0.1902325162501579,-0.2129953839608456,-1.0031065474071839,1.2076172150965416,1.207414724283303,1.2076126140929553,16.99022174484037,16.984771766319728,16.988319774369167,0.6115535893142118,-0.8927449704416845,0.3380566459671569,0.175858537089252,0.20844481758170438,0.20851110695479178,0.20849495399229778,0.15285698987640045,0.15286807559893295,0.15289434977686678
20.0,0.0,10.0,60.0,0.0831847341059523,0.0637595603562675,0.07245577042326833,0.5389457632090923,-0.3272035094310251,-1.4776688599247745,0.6290911944021653,0.6299740857013654,0.6260458069605834,3.4605941476704376,3.458296084015216,3.446665779351997,0.5841886751953623,-0.5231776405480634,0.024667076044071725,0.045195499463286506,0.06197131590970207,0.06206099310854324,0.06165615351601635,0.07985987849459762,0.07948885039026499,0.07936665787794255
50.0,50.0,100.0,-30.0,0.1672988198043809,0.164886405169875,0.16642353887992603,-1.6729569586305044,-1.6868997251295983,-1.3039649358172576,1.3234590403444202,1.3207640290655525,1.322730240796775,28.860181563233642,28.860237586744994,28.855453773696993,0.6550888176419655,-1.2898374651384217,0.5051080959415086,0.4987838541566325,0.35727621815849614,0.35732366686710587,0.3571252152652935,0.16647888206507405,0.16640395591737578,0.16673645794100336
90.0,20.0,50.0,-60.0,0.2674593482940647,0.2665221910762901,0.26696655482082043,-1.1586657817697448,-1.2019846889529553,-0.827656172505648,2.1025714269722924,2.1036142064665473,2.1033947800736588,12.932033935040945,12.940047889290177,12.935311488039243,0.5984987239536121,-0.7371513072756187,0.46599107110197435,0.1458905253512464,0.15279247085313122,0.15292373725293712,0.15301032346969254,0.26693398944012425,0.2670431035498937,0.2669110652176355
20.0,20.0,70.0,120.0,0.0832427519786216,0.0803598749648219,0.08262341160976504,0.7816096031279628,0.6928354878857962,-1.4221991465785864,0.6594441901746726,0.6586168426424182,0.6606417955184852,19.997799939234753,20.001537309479133,20.010360005547735,0.6162442654560011,-1.27379193074638,0.15001997897351152,0.1888288260644488,0.2438946992485927,0.2439797732566984,0.2440276630417868,0.0825479343920569,0.08270850807262656,0.08280161158179598
0.0,50.0,80.0,120.0,0.0366117035736693,0.0322010372687128,0.03608285246732878,2.057698885577445,1.9975654525359752,-0.12038419122627282,0.28052158994435206,0.28157779852659787,0.2805477209512108,21.84269291385867,21.857106322850004,21.853726855193518,0.6597422425592191,-2.0628742020185755,0.09724383402357711,-0.041447485675405134,0.2451339503852294,0.24541065431535658,0.24513392068663523,0.03626517281746355,0.03626130474935138,0.03612941220191551
20.0,50.0,80.0,0.0,0.1355823877003414,0.1349854847994412,0.13528055223482083,-1.6380506894527012,-1.6458334027489891,-1.7184523934287093,1.0766392196456058,1.077347454399058,1.0789405156681113,23.52651909685981,23.538498617896767,23.516877759713964,0.658991099436022,-1.6861926913303058,0.17848473025328995,0.4509073469663854,0.30009069694038076,0.29994892736789586,0.29983949451190933,0.13512629197621578,0.13545798108075693,0.1353447162346541
90.0,0.0,80.0,30.0,0.2487022945120016,0.2477609733121503,0.24838126192824034,0.3669794586388084,0.3600713458562097,-0.554241876373667,1.9564166146827007,1.955365332769503,1.9537991132441719,21.176252895788764,21.157753325359852,21.160330009071526,0.562745350766241,-0.5203297715459044,0.6978661386504311,0.021471261659595536,0.23481579403835096,0.23485722289117866,0.23493163284599972,0.24857587927385988,0.24823370401695088,0.2483895419471439
20.0,0.0,80.0,0.0,0.0550963228402249,0.0543727747033335,0.054799189628165254,-0.5955986935825908,-0.6384020842083459,-0.6943794764048734,0.43253968761155603,0.434763262889995,0.43357340382855547,22.101351715018264,22.099430341034015,22.09603303343027,0.5841886751953623,-0.5231776405480634,0.16423958057016014,0.028302412283389405,0.253667001008033,0.25382883608107537,0.2536926599407893,0.05484690145026837,0.05496093176413229,0.05469528971413664
50.0,20.0,10.0,0.0,0.1931230312297679,0.1810427019509438,0.18686523378580255,0.882439446206747,-0.1018492073690551,-1.7497434043098985,1.4769799177401635,1.4733573969216611,1.473041709382066,1.7739735206855605,1.7815848153377722,1.796899728380684,0.6115535893142118,-0.8927449704416845,0.041227834758798425,0.10958835717953881,0.05363214024723353,0.05379007551794801,0.053644279928230974,0.1872443343822174,0.1867758855654871,0.18722634314571174
0.0,100.0,100.0,30.0,0.2162884056265436,0.2135095127334876,0.21477074827191966,-1.3277621672985889,-1.3506850858461437,-1.9122252588733188,1.7087920219665427,1.7081148403883362,1.708120685306296,30.204756325315962,30.194660843346952,30.19801566891484,0.7218526699760112,-2.0319799578528905,0.18607291177229246,1.0002819652679291,0.3979612463498795,0.39808329436849654,0.3977293219135263,0.2148711654775577,0.2147936553429888,0.21490143930094
20.0,50.0,50.0,-60.0,0.1566599929107184,0.154890141604475,0.15535836825103916,-2.6084828529175965,-2.6742574634726317,-1.7436555059826502,1.2312093274307314,1.232463419841033,1.2317645717817136,15.44524526866241,15.456051761063764,15.448330478467494,0.658991099436022,-1.6861926913303058,0.13622146762952378,0.37068561494663416,0.21272482879295834,0.21269035269545278,0.21258858912599626,0.15536050885534064,0.15543707174679766,0.15527114656509441
50.0,50.0,60.0,30.0,0.1874791012817234,0.1862266110536463,0.18713532089468765,-0.5670403006632778,-0.5874217683393247,-1.357252088021174,1.4811456532132006,1.4812727790707074,1.4805804534215403,17.848294858796002,17.843154251759074,17.846853760354836,0.6550888176419655,-1.2898374651384217,0.3552927574417411,0.3913262439831943,0.23603613963627787,0.23587311859654747,0.23602801396612053,0.1872101227144173,0.18712772746901138,0.18712683236832003
0.0,20.0,100.0,30.0,0.0510346696366705,0.0491940240543096,0.05013538648279772,-1.3748408864036217,-1.5618223127943518,-2.0195235006232286,0.40972013289959647,0.41149231723633195,0.4101738732307513,28.194901512827272,28.18201054855255,28.175244013075687,0.617145342061956,-2.0150473293853004,0.01593587104213627,0.19919235618192194,0.33417583004060036,0.33417704259001424,0.33409063365998165,0.050343310233588054,0.05040629434149402,0.05017694464870171
90.0,0.0,70.0,-60.0,0.2612381262681638,0.2588541232407494,0.25934635510517356,-1.12956253462016,-1.150843359315297,-0.5767124057552931,2.0404677602302033,2.0414585842806567,2.042074420535814,18.23386938341478,18.241021255478834,18.23970835220911,0.562745350766241,-0.5203297715459044,0.622019129780651,0.03286499424633416,0.20096533061528654,0.20106244043948415,0.20093175441100994,0.2592296430094679,0.2594316407891458,0.2592926385829686
90.0,0.0,70.0,-30.0,0.2597334275055885,0.2588395303222646,0.25908877121670343,-0.6196735164946154,-0.6273523660862009,-0.5786479507667099,2.039927132268193,2.039250931620889,2.039372510783869,18.245537438694523,18.247692719947967,18.245208867509408,0.562745350766241,-0.5203297715459044,0.6221142126359106,0.03420651263370361,0.20119106031109893,0.20124849555563754,0.2011817215827484,0.25909344106466176,0.25903969454634035,0.2591199823634307
90.0,20.0,10.0,-30.0,0.268672667299115,0.2634536325581562,0.2663784381473086,3.1359875284046432,-3.139197966819088,-2.245397580084058,2.102857988379165,2.09965064742741,2.104251722944185,4.6812818956507956,4.696685387318074,4.6906519140976215,0.5984987239536121,-0.7371513072756187,-0.04876728120669341,0.3480947331315117,0.11576365327393115,0.11582599591257259,0.11573954798008097,0.2661999935226258,0.2663816905109875,0.26677597249643387
50.0,20.0,120.0,-60.0,0.1167784699436573,0.1128539732271701,0.11557964265537397,-1.8256873209215627,-1.8424063271554656,-0.8996457043630941,0.9198965672676274,0.917874878242651,0.9162668160164128,33.522769956783065,33.534061194000884,33.52934188656934,0.6115535893142118,-0.8927449704416845,0.5040957911808108,0.1983157869305744,0.3925136178037409,0.39225927607480443,0.39212334856626613,0.11599522388536619,0.1155161695799446,0.11576931233701486
0.0,20.0,120.0,-60.0,0.0437636035508182,0.0416337802084129,0.04259324605062506,3.141534405617138,-3.1414003308287177,-2.0525129919989067,0.35665514978899826,0.3546789212998468,0.3577872994563509,33.62876640950026,33.64163228215921,33.63820776796023,0.617145342061956,-2.0150473293853004,0.009703455253349206,0.20002492080709725,0.39397754247363603,0.3943288572700912,0.3942726446364196,0.042722023639105704,0.04288601453966485,0.04312711607339847
50.0,20.0,90.0,0.0,0.1377496531991196,0.1372810051161731,0.13750632943741978,-0.7478598460390713,-0.7517537090733308,-0.9251189831600255,1.0871727690715005,1.0875190573915698,1.0883696145354187,25.230093766589363,25.228034645488815,25.223189876914404,0.6115535893142118,-0.8927449704416845,0.4536618410319271,0.19245861160787486,0.2994977685232317,0.29960716298570833,0.2995845932336484,0.13742843058774631,0.1375867679763912,0.13754822561547436
90.0,0.0,110.0,60.0,0.2335431705199413,0.2264931724473689,0.22919725114330491,0.7882732049898522,0.7699813914109639,-0.5270824267043953,1.8043308396221949,1.8022338575239092,1.803557050485436,29.76977227572214,29.765819980304478,29.770577719520535,0.562745350766241,-0.5203297715459044,0.9169260802014895,0.003440580894104074,0.3347450880635902,0.33458796349868164,0.33488520086348733,0.22917896831441578,0.22908261050986178,0.2293485858683493
100.0,0.0,110.0,-30.0,0.2281154258415702,0.22244383977732,0.22605659211124646,-0.77657488891425,-0.7929622382247278,-0.5211528588937584,1.7794572157917743,1.77880126200586,1.7797495019081253,29.76639198563266,29.778387637720062,29.76129579246484,0.5610908219554596,-0.5198393037975151,0.903437198037605,-0.002313443130121349,0.334573636381401,0.3345418818482011,0.3345834242613015,0.22610834574276287,0.2261394092806686,0.2262245530987575
50.0,20.0,100.0,-60.0,0.1389086023711797,0.1345317649757156,0.137045795907618,-1.7731950760426705,-1.7969228971090565,-0.8993775859042377,1.084186707815065,1.083444609330409,1.0851946179226142,27.987559058947852,27.993951387799434,27.997645397070777,0.6115535893142118,-0.8927449704416845,0.5036030140851367,0.19837372629605649,0.3302390345535123,0.3304477586608319,0.33047822774903457,0.1370080266454312,0.13713964286849323,0.1372307668632616
50.0,20.0,20.0,-60.0,0.1935721009762109,0.191658270115986,0.1926235460546495,-0.7776259191111078,-0.8552462374251946,-1.132646048949905,1.5171061688229819,1.5177134132514178,1.5173301843299836,4.278822938976282,4.281794694405359,4.27822624652221,0.6115535893142118,-0.8927449704416845,0.10607827184646221,0.07402200848153909,0.0565756692251376,0.056660028218834875,0.056435825109500966,0.19266480365174685,0.19270995996624626,0.1926083259459491
0.0,100.0,50.0,0.0,0.2480705681081337,0.247697259314796,0.24786814228802875,-2.0908510347603064,-2.094340049116888,-2.0919951971348687,1.9614720362483316,1.9640653863912239,1.962008840936916,16.766654065803948,16.77132886158632,16.74951461841846,0.7218526699760112,-2.0319799578528905,0.0021787629725197113,0.7520670606395328,0.254232980652473,0.2540384602316052,0.25390328806949525,0.24794334161307066,0.24801552129396826,0.24766779310027826
0.0,100.0,0.0,30.0,0.2681438280223742,0.2663331914375799,0.2672240670755853,-2.0264251907514157,-2.061172442017103,-2.091372843140037,2.1086983315178194,2.106656696891439,2.108660147462696,3.220505096997556,3.216051863936749,3.2115656516181654,0.7218526699760112,-2.0319799578528905,0.0010736174933873035,0.3327532027145367,0.10488833235466391,0.10462088011877771,0.10465832424754183,0.26715949412618123,0.2671535484143838,0.2674210837109416
20.0,50.0,90.0,-60.0,0.1373029362197969,0.1344905948133102,0.13613676833318075,-2.665172801323549,-2.700716966502497,-1.7070961092344554,1.0861358270353039,1.0868094270425797,1.0845470046420083,26.33531555014567,26.338150891142966,26.337948367110503,0.658991099436022,-1.6861926913303058,0.20451674907864706,0.4991644861371039,0.3320087135406836,0.33211926513454215,0.33204931211770705,0.13639984526233928,0.13619923452800467,0.13613203358564055
20.0,90.0,20.0,120.0,0.5643754041871086,0.0611747863528016,0.25207704361271316,3.128353993113844,-3.115999815943754,-1.595698346877132,3.566408079353673,3.604666889900918,3.61729356820997,9.921634657448067,9.956862695401567,10.091059917523841,0.7088879274287126,-1.824588487784622,0.06146656439191497,1.4105313148079437,0.28029601673587967,0.28282050705684186,0.27939212290058557,0.4525553442729882,0.4588256693940251,0.45411118387503724
50.0,50.0,110.0,30.0,0.1571793402734805,0.1539902325753165,0.15501048177400986,-0.6483128706026358,-0.6551747670314092,-1.3009831670488734,1.2306579561900342,1.2386989399971158,1.2299881541165838,31.560110607274314,31.57255598672628,31.557257637787053,0.6550888176419655,-1.2898374651384217,0.510537209229635,0.5007696397561961,0.38663900505683724,0.38666275554768664,0.38640991566498256,0.15549415167741873,0.15537889911601976,0.15438636495273206
90.0,0.0,60.0,0.0,0.267039030975112,0.266472476786403,0.26674604845623945,-0.0113545329235385,-0.0214884609301098,-0.5967450544097991,2.100269801355211,2.100304075519665,2.099011293639793,15.226666862811777,15.226224252208722,15.221499054243033,0.562745350766241,-0.5203297715459044,0.5253006285812292,0.038598590671516025,0.16480032165295389,0.1647901038353277,0.16480263060164274,0.26684220229030076,0.2666861627078509,0.26668097772627375
0.0,100.0,50.0,30.0,0.2474284923747157,0.246803544263195,0.24707035517485157,-1.5652769327241056,-1.5826007862632592,-2.093206963800966,1.956131822888338,1.9550691883385383,1.9574765967970367,16.754216851995285,16.75264590328269,16.756615009594682,0.7218526699760112,-2.0319799578528905,0.0011347189497412885,0.7487438878591547,0.2538059181121332,0.253804638638659,0.25363697048724937,0.24690904496494792,0.24709576253212853,0.24722473057841532
90.0,20.0,120.0,30.0,0.2028290371951449,0.199774241630482,0.20059360496562006,-0.0097830838386105,-0.0206830768965709,-0.7427184462991553,1.5838151759772015,1.5832840010526232,1.582037607965567,33.276506841411106,33.268394968479505,33.26991337665149,0.5984987239536121,-0.7371513072756187,0.9056635381278566,0.20147100468475443,0.3873045410597365,0.38724809053679093,0.38747859716878713,0.20074485099188824,0.20054095020180243,0.20062355821782876
20.0,50.0,100.0,60.0,0.1276684923036167,0.1251592266317959,0.12606313640271008,-0.5671121159311666,-0.6093881719618618,-1.7015851760186431,1.0070181712451163,1.0097874704680982,1.0076268152371228,29.00202073223026,28.996851829481017,29.005941153644304,0.658991099436022,-1.6861926913303058,0.20849774492320006,0.49958913575391267,0.35941520812620487,0.3597638817068748,0.35974727157213543,0.1261992392452387,0.1262698267613445,0.12595709269672703
50.0,20.0,100.0,30.0,0.1406337289362655,0.1361001994748382,0.13810581551409504,-0.21127918757303,-0.2267092996522347,-0.901261906488879,1.092283579777402,1.0916866053249465,1.0934213604154581,28.000040969364516,27.993944972519753,28.001935902365496,0.6115535893142118,-0.8927449704416845,0.5073064584794544,0.20108560243463944,0.33049385526970576,0.3305032849398778,0.3306684347278668,0.1380327743986686,0.13818849031761166,0.13826304900764455
50.0,50.0,70.0,-30.0,0.1819349245229896,0.1811841251385493,0.1814142631651571,-1.6444218099055663,-1.6557050288194033,-1.348547111567223,1.4365903405769287,1.4368475722526344,1.4370195253837075,20.619696875809822,20.618409178680672,20.607950366988618,0.6550888176419655,-1.2898374651384217,0.3930226249429213,0.42492599465843495,0.2668251461480552,0.2670555543042522,0.267079720696862,0.18138941184490237,0.18144286398562337,0.18141895156675866
20.0,50.0,20.0,-30.0,0.1819958769184885,0.180189998004283,0.1809599494907024,-1.860382432466978,-1.9265867998090676,-1.7557091505618059,1.4301454897417814,1.4301039158211408,1.4287648862959315,7.280882735263388,7.293859508039923,7.277072695184045,0.658991099436022,-1.6861926913303058,0.08994525924026912,0.25470650414166224,0.12518789849688325,0.12522816971031406,0.12503203790618725,0.18109141316669175,0.18091676570599202,0.18090703867643676
50.0,50.0,80.0,0.0,0.1750710348193355,0.1743182432616684,0.174702964983922,-1.132544331050906,-1.1370634384295255,-1.3239958793728357,1.3848333978885192,1.383833480227355,1.3856849637257609,23.328367463601385,23.326366502590883,23.32512940112002,0.6550888176419655,-1.2898374651384217,0.4308589900605368,0.44351415635306807,0.29607885925069466,0.2961122329544829,0.2962277326369875,0.17461187061938618,0.174714676475307,0.17485111217104307
90.0,0.0,20.0,120.0,0.2701262702834944,0.2543541191348588,0.26623373897637154,3.1395952485217182,-3.138369370580999,-1.9021686871265338,2.097508551074497,2.100605836670542,2.093490100163676,3.0206879185441675,3.001600546769812,3.0033019625956667,0.562745350766241,-0.5203297715459044,0.04617408923950074,0.1546993553710258,0.05581824504095215,0.05568040053474951,0.05600997731787055,0.26668431480077,0.26617967008238624,0.2657808436113271
20.0,0.0,10.0,120.0,0.078120386953687,0.0584706563268836,0.06886477362289269,1.2433048217716665,-0.082585269560449,-1.763206663864946,0.589876675556721,0.586800631227939,0.5870716408368308,3.6335347586925013,3.6206652810424953,3.6200110304583064,0.5841886751953623,-0.5231776405480634,0.014078802361732546,0.04898764112156546,0.06419218955928145,0.06405124107318412,0.06392377992362866,0.07451514604075117,0.07415286632804098,0.07445928850278077
0.0,90.0,90.0,120.0,0.2078976467034009,0.1908898858575554,0.2054479177121742,0.1516461536316964,0.005799961091774,-2.0681413267085555,1.6361403042558755,1.6358741298885395,1.6367857574030438,27.348090760194953,27.356282932682504,27.346621155389816,0.7100174044766513,-2.0547884519709454,0.026080333274737594,0.8877295981815132,0.3637183012911342,0.36390940096101543,0.36385713242112316,0.20570074311848113,0.20580124943085673,0.20582838642785978
20.0,90.0,60.0,0.0,0.2244870646830746,0.2238126340691721,0.22410164340560715,-1.7898895945980668,-1.7944280512230906,-1.886400950865243,1.7738948093485087,1.7767018548427165,1.777519870979083,19.130392031784602,19.149611038421472,19.13504532941991,0.7088879274287126,-1.824588487784622,0.151611751631478,0.7162864560786858,0.273573429413334,0.2736212783948201,0.2734675069889732,0.22392487577982934,0.22438021472413364,0.22402632114604631
0.0,90.0,60.0,-60.0,0.2200424560685524,0.2195820751884446,0.21983320369763001,3.1415894939580564,-3.141586067371801,-2.0893778487550776,1.7428556078833306,1.7421208531265755,1.7434652967641484,19.1728232720327,19.188759318769645,19.192770821717286,0.7100174044766513,-2.0547884519709454,0.004383552053213547,0.7207517710596826,0.27431790729524375,0.27483647872152167,0.2746923130975947,0.21974666566380785,0.2198352614718236,0.21995023460449897
20.0,0.0,110.0,-60.0,0.0512238948331227,0.0457158466837351,0.04906723704986797,-1.4733292899934205,-1.5448705087431278,-0.5196112920711784,0.3884316250257561,0.3878555141352196,0.38580893890531387,30.305895672161824,30.315753975867732,30.317433182762834,0.5841886751953623,-0.5231776405480634,0.20298415830338487,-0.0008430595775004181,0.3452754391502553,0.34547407763950544,0.3452975172030777,0.04947486392416515,0.049162940719959025,0.04925086880282031
0.0,90.0,110.0,0.0,0.1816704879684317,0.1798170871908564,0.18094920648359783,-2.077821463922127,-2.095912221686625,-2.087374723979868,1.446666902856672,1.4402276675607433,1.4441915567880448,32.60559350678843,32.59591631725471,32.589669645950515,0.7100174044766513,-2.0547884519709454,0.008075305929402511,0.900188509277012,0.41778298828882876,0.4176582339532958,0.41739717959279166,0.1809884069628315,0.18070741772888355,0.1814949522554175
20.0,20.0,20.0,120.0,0.1121217556382547,0.1050816706232923,0.10821532943179968,0.800798845676882,0.0310864196733075,-1.7855093783480809,0.8585285304714918,0.8561679059581887,0.8582695051237039,6.652358840662217,6.659753022046233,6.66051961270626,0.6162442654560011,-1.27379193074638,0.038454911161361315,0.1236029975432413,0.10216087905238298,0.10221997226158164,0.10225204777205392,0.1083504004642788,0.10830808953956673,0.1086002751023806
50.0,20.0,110.0,-60.0,0.1268695576865273,0.1228397019743946,0.12541307245941552,-1.801925602569834,-1.8256064132980336,-0.8992295484443941,0.9917473555351036,0.9932763512820493,0.9977137129029556,30.767351296502788,30.77821568776162,30.780625677295742,0.6115535893142118,-0.8927449704416845,0.5038495580434751,0.1982027589574272,0.3610199879581616,0.3610924205790755,0.36121203270123864,0.12513660927188397,0.12588734052730868,0.12566404373049841
50.0,20.0,80.0,-30.0,0.1424574495420747,0.1418330227718044,0.142059364086734,-1.284610015161726,-1.2900481251575702,-0.9653072332679894,1.123501587659409,1.1241483086073853,1.1226051298612054,22.516509487929973,22.5224234515374,22.512987439254506,0.6115535893142118,-0.8927449704416845,0.41504379069988945,0.19608650127715474,0.2700599887004343,0.27026175265694435,0.2701343044644648,0.14217047027178617,0.1420526768564947,0.14197927144993486
0.0,20.0,30.0,30.0,0.0894428777430485,0.0857078509122551,0.08785058849841752,-1.5492783388844706,-1.6644894542681077,-2.1042758575184886,0.6997606723674136,0.6986477804697214,0.6997088016444001,9.333381650079522,9.33840671357814,9.331948207576039,0.617145342061956,-2.0150473293853004,-0.0012558482022586822,0.13486289418204636,0.12975739378242954,0.1295291306317698,0.12944348257257693,0.08807476461964685,0.08803152156567666,0.08821975062542059
20.0,50.0,80.0,120.0,0.070470069005852,0.0672972035715728,0.06990433666872235,1.8593547633788363,1.8220947799444664,-0.3576855114734382,0.5483722088823061,0.5481617156273528,0.550204696726203,21.808755883386468,21.824687649763668,21.83010349131225,0.658991099436022,-1.6861926913303058,0.20225060048122542,-0.033761892066740025,0.24516570427039658,0.245046442525702,0.24520399308308385,0.0698198311941695,0.07005989745656507,0.07006883466716085
100.0,0.0,20.0,120.0,0.2721679971595979,0.2548480388349353,0.2661982541983192,3.1378995329011867,-3.1391780352796896,-1.909227672787673,2.0969705840488837,2.1009546110473662,2.092834524387337,3.0069673516923,2.996605041436663,2.998158373680896,0.5610908219554596,-0.5198393037975151,0.044699316377208156,0.15418540524230118,0.05551624501052927,0.05549183495703832,0.05580097574784808,0.26670394069876496,0.26617296718927147,0.2656754716123325
0.0,50.0,60.0,120.0,0.0668207558139497,0.0613718336847888,0.06484628667112168,0.5211898257626583,0.2926506002259866,-1.7027038901719653,0.5203321558425072,0.5216235756359578,0.5206287744558983,17.22824604852224,17.241261011581894,17.236756945223288,0.6597422425592191,-2.0628742020185755,0.062212698624043355,0.15168693156103297,0.2113202846226082,0.21165763486542113,0.21159236272707588,0.06505995932364078,0.06508713553238853,0.06494578085139643
100.0,0.0,20.0,0.0,0.2867170264196657,0.2537165832721387,0.2659320187918494,2.8002840261938164,0.8218488875859541,-2.4698872605711593,2.0922221084524395,2.097047139705426,2.099855536338054,3.892370202587943,3.9011706008759797,3.9124837116807,0.5610908219554596,-0.5198393037975151,-0.08340325931673172,0.17907520365233986,0.0732660170617017,0.0732180941821782,0.07355833417124318,0.2656201220118825,0.26657673199248627,0.2659750969649125
50.0,0.0,10.0,-30.0,0.1917731970770227,0.159743247352551,0.17541777908495756,1.5022062192589214,0.140624599889986,-2.2029094572433063,1.4051667989683723,1.3992617438842059,1.4036296147947342,1.696883427940009,1.7496893997989247,1.7302154866247446,0.5786783317088385,-0.5219133872819157,-0.012103249287809644,0.08978503191943282,0.052232657158073244,0.05293761600515194,0.05292745411792197,0.17791307073493984,0.17771614394295915,0.17851655050916346
50.0,50.0,50.0,60.0,0.1964652649981045,0.1931416285594345,0.19566926741790286,0.0113106724873728,-0.0602720143593241,-1.3770824017866254,1.5480933112067468,1.547055616159737,1.5474454509618305,15.09955936677196,15.096419047057658,15.105257794802917,0.6550888176419655,-1.2898374651384217,0.31732630465470113,0.3642491256982241,0.20645944704996425,0.20648629323671222,0.20659822453226304,0.19573678148434956,0.19565958404326148,0.19578869923024872
20.0,0.0,40.0,-30.0,0.0690741858240691,0.0651129571911483,0.06757445196926622,-1.191878779974562,-1.292892254890343,-0.9076810214031641,0.5350292446100365,0.5342609702373642,0.5344707727360866,11.206213454211452,11.201588513363662,11.202665430331386,0.5841886751953623,-0.5231776405480634,0.09978206228991104,0.04025193485138044,0.13357682766469647,0.133534958233708,0.1334459041181835,0.0676580527948781,0.06758157910364175,0.06767989150521522
90.0,0.0,90.0,-30.0,0.2418035429412064,0.2413235829296048,0.24147433419348768,-0.7312525689907292,-0.7355252631237637,-0.5503972769166837,1.9009893021511295,1.9009183515284298,1.9003432889696812,24.073968183315984,24.07537399005559,24.069024554522294,0.562745350766241,-0.5203297715459044,0.7775206248927996,0.020807571507588253,0.2693264177009615,0.2691940814841934,0.2693161175826186,0.24153167208066922,0.24144032618314476,0.24145687337340763
50.0,50.0,110.0,-60.0,0.1551287813893494,0.1513306304842369,0.15395558457156655,-2.2240156131912032,-2.232237474615007,-1.303420454747789,1.2237930772997416,1.230703375741538,1.2215768651831493,31.54294596352391,31.57614024217317,31.55471709715307,0.6550888176419655,-1.2898374651384217,0.5054774749274167,0.49817383722495867,0.38646540292921455,0.38671967041233907,0.38619750605607617,0.15458430530034104,0.15428660941088856,0.15342880202252857
50.0,0.0,110.0,30.0,0.1265668060731217,0.1213554937141919,0.12372429475734702,0.1453508065910287,0.1273836015681098,-0.5253159423567302,0.9738451772148902,0.9740803309685343,0.9732263083569425,30.189902752904597,30.181503511971517,30.18244973452195,0.5786783317088385,-0.5219133872819157,0.5071520643424148,0.00097652811952302,0.34273780738624116,0.34272238676969485,0.3428064823163804,0.12383943481126863,0.12376429491928617,0.12374525803275785
0.0,20.0,20.0,120.0,0.1147601946477766,0.0785023848742081,0.09648069836909305,-0.0415002755957045,-0.735177511751152,-2.261088884038633,0.7693709907197331,0.7698572435207875,0.7685943330351102,6.670884107532222,6.674092576043313,6.68154786291204,0.617145342061956,-2.0150473293853004,-0.019547588548324682,0.11117430265777795,0.10065685174286092,0.10060463650266241,0.10080269789309655,0.09725326953489802,0.0971396295688436,0.09709728109236315
20.0,90.0,10.0,30.0,0.2682499295101292,0.2667165444559136,0.26747517555351596,-1.6254425621480753,-1.7839055890427746,-2.120358996818219,2.1112960579183873,2.1108497602414236,2.111691034787299,5.952244892950326,5.949508291400751,5.9501182015647265,0.7088879274287126,-1.824588487784622,-0.011425066761546596,0.43301981002992923,0.1356196035912104,0.1354548612874526,0.1354680049513611,0.2674254415024673,0.26747019751681395,0.2675284547656013
0.0,100.0,60.0,-30.0,0.2393813016723468,0.2388883501941283,0.23910080445172838,-2.6007517003914846,-2.6190924186809186,-2.090356395799011,1.8964314682539458,1.8940989472790577,1.8936669009104572,19.418276014972168,19.417885763282722,19.417446455185534,0.7218526699760112,-2.0319799578528905,0.003908946835857257,0.8054945822163293,0.2821399298345853,0.28193334386390334,0.2822960560281453,0.2392581149556889,0.23888923865035538,0.2391944192831904
0.0,90.0,70.0,120.0,0.1078903846436017,0.1000472573831653,0.10652824695068219,1.6273229030979468,1.5441212254291432,-0.6715654066165013,0.8416845556571759,0.8399979869299421,0.8414330179637506,19.274097359547415,19.275110734431227,19.27933195642033,0.7100174044766513,-2.0547884519709454,0.27945485572318857,0.04202962604123739,0.22196765371091276,0.22212041999839907,0.22210702405926902,0.10661988022617096,0.10660288914982569,0.10680586533365159
0.0,90.0,70.0,-30.0,0.2408005909724365,0.2389005194056394,0.23995882552158615,-2.597471647807744,-2.6192313225380506,-2.0878536264850225,1.9037365756184628,1.9035203487897852,1.9018818927634484,22.23099054716588,22.23583456143618,22.23139296691228,0.7100174044766513,-2.0547884519709454,0.006733386252852609,0.8993572714054527,0.3143800592471114,0.31447087705450416,0.3143468465121845,0.24016240154085666,0.23993262250182404,0.2399608405587106
0.0,90.0,120.0,-60.0,0.1706138720610501,0.1688955969460633,0.16985206900008176,3.141555676954137,-3.1406734583158986,-2.0857892469226145,1.3602767442567296,1.358686544823559,1.3569916737489456,35.189223977848066,35.200544001476494,35.197164661632,0.7100174044766513,-2.0547884519709454,0.009384275827024382,0.8995538919035855,0.44431728262262493,0.4444351054811392,0.44454347696345775,0.17023188670348754,0.16983058753602812,0.17006457496716734
20.0,20.0,20.0,-30.0,0.1156865337758591,0.112977150391968,0.11433361968885432,-1.567234156828217,-1.6503688278204196,-1.4972275338726475,0.9035831000413633,0.9031812315802777,0.9045201706801727,6.367374464188786,6.376657519305011,6.3610495175183175,0.6162442654560011,-1.27379193074638,0.0727488729841935,0.10670206656277666,0.09573760360399196,0.09593110311758136,0.09558756126402579,0.11428098529684509,0.11441987045012107,0.11443029076172324
20.0,90.0,50.0,120.0,0.1462234961162036,0.1269889239009068,0.1419345714591678,1.868009437718665,1.5868558606564025,-0.6491930749967701,1.12015284409087,1.1202299242900005,1.1218399345337902,13.464252193464933,13.469673710315881,13.467487156313183,0.7088879274287126,-1.824588487784622,0.25818467458912636,0.03361057165408489,0.15364033738048155,0.1536352194686307,0.15358517891987,0.14216421078008176,0.1423723431482754,0.14235996077048724
100.0,0.0,50.0,60.0,0.2674209140064205,0.2665157066811994,0.26681295898685886,1.1527801430597324,1.0758809337898447,-0.6313170559850495,2.101027720906055,2.099947324955549,2.100361632356169,12.227518626371547,12.22584710004757,12.227787248673621,0.5610908219554596,-0.5198393037975151,0.4111410982488247,0.04520068676758461,0.12953916956134084,0.12950666804143757,0.12948131665308812,0.26683810920470924,0.26675182165557976,0.2668874101015611
50.0,50.0,70.0,30.0,0.1784674581177695,0.1775196592904957,0.17827818569876003,-0.5961294902640993,-0.6113098229756234,-1.3407415303652062,1.4119724023465134,1.41196012021302,1.4126541719549492,20.58318552055051,20.57576798939928,20.58979732547685,0.6550888176419655,-1.2898374651384217,0.3876004593901476,0.4128101673040796,0.2657599518829686,0.26584453291155846,0.26571419978698774,0.17823021557761434,0.17833062874602754,0.17833360381699634
0.0,20.0,60.0,120.0,0.0717840591290113,0.0692419269356831,0.07012979416999558,0.0160315338075463,-0.0648091957107636,-2.1018792302683758,0.5631715500206445,0.5619620064904726,0.5621478843672142,17.380743003753235,17.377331622830237,17.37994073554306,0.617145342061956,-2.0150473293853004,-0.0013340771716582904,0.18012567654522768,0.21458641369779707,0.21437953461211412,0.21479611352388037,0.0702289587776737,0.07008888697627255,0.0702359424852822
0.0,20.0,20.0,0.0,0.0952259798014989,0.0939055770514057,0.09460594092755745,-2.065178661509672,-2.0908301201867485,-2.085587310954597,0.7485546434778976,0.7507049354284366,0.7492403839572848,6.65031725907608,6.661005829920405,6.642403762720802,0.617145342061956,-2.0150473293853004,0.0010794276245552415,0.1125286593793447,0.10034457804873255,0.10058046738726141,0.10018961046060736,0.09470707352968163,0.09474537361971004,0.09449799571494998
0.0,90.0,80.0,120.0,0.1015405717200122,0.0983723592360985,0.10097416007718407,1.03732087800646,0.9846581060737174,-1.1889222069563916,0.802659062248249,0.8036126999608342,0.8026684287689503,22.68945012458544,22.702281884426,22.696371906983273,0.7100174044766513,-2.0547884519709454,0.259910151451052,0.204131265370015,0.2736270859235325,0.2740287830790481,0.27394511438039976,0.10107364547125729,0.10107647354171163,0.1009683791598924
20.0,50.0,60.0,-60.0,0.1486442313690453,0.1472757672023622,0.1477953260992331,-2.6539592024870347,-2.6937267600644765,-1.7418226826780878,1.1736290542418895,1.1730051750548374,1.1744119699803912,18.136892487767703,18.141472586259017,18.14603726273134,0.658991099436022,-1.6861926913303058,0.1479086521336493,0.4004885420495202,0.24163935097785513,0.24153498297812287,0.2414930273563586,0.14770870812239859,0.1478112067157687,0.14788768142502065
0.0,50.0,20.0,120.0,0.1746461611796811,0.1695426130667328,0.17149498217761855,-0.0312062456138548,-0.4906055062442747,-2.1812033016420376,1.355109417541744,1.3566562776777984,1.3548004107447111,7.568157530476304,7.568416607726902,7.5722408387755,0.6597422425592191,-2.0628742020185755,-0.023544821693356782,0.26030120878587404,0.12899766130179668,0.12908660598361288,0.12926964067579327,0.17158599424269763,0.17152928603152087,0.1713519724784636
90.0,20.0,60.0,-30.0,0.2653334281385626,0.2642644166369801,0.2646092350521786,-0.7704709499670843,-0.7828232238030836,-0.8083080329923368,2.0850331254104675,2.08611197430255,2.0835608166330273,15.99927112275638,16.000948684445827,15.997021990707458,0.5984987239536121,-0.7371513072756187,0.5756936606816302,0.16837629610225516,0.18982007633090991,0.18976024659738047,0.18967558450672528,0.26477984371861657,0.2645847760540754,0.2644497535558537
50.0,50.0,120.0,60.0,0.1660301155411728,0.1599449388470981,0.16194993316149225,-0.0080326551888887,-0.03416665270528,-1.200583519879281,1.2856186803822258,1.2876105808104659,1.2865903710518343,34.23189297368272,34.21333428985317,34.23756166084516,0.6550888176419655,-1.2898374651384217,0.6257429344962608,0.5016309008728408,0.414990263655554,0.4149145723336304,0.41485650909001504,0.16208127976164446,0.1621864938584809,0.16192681454739744
20.0,20.0,70.0,-30.0,0.0841348176354625,0.0833841689315684,0.08364487461292966,-1.8257079428859344,-1.856250986985339,-1.4128876638615033,0.6681433655091547,0.6672624909129592,0.6660162265783588,20.006775021729478,20.00886156604519,19.999105325740373,0.6162442654560011,-1.27379193074638,0.15418847148519713,0.1897108758704112,0.24409479098416745,0.24407698587230378,0.24401717682778112,0.08379843224844344,0.08351925417223809,0.08364781799187133
50.0,0.0,40.0,30.0,0.1582099645703814,0.1531904402349555,0.156745928153179,0.3325668656905762,0.2417481574995487,-0.7152945815648794,1.2357103548399562,1.2354364677141974,1.2347400246414884,10.61108465354522,10.610028071507553,10.609797095457921,0.5786783317088385,-0.5219133872819157,0.22450083248231079,0.043880447775040715,0.12215468940875168,0.12223832363107752,0.1222541783566579,0.15690907829248935,0.15678728897276603,0.15682236531624422
0.0,100.0,120.0,120.0,0.2330858292566316,0.1863589282623698,0.20842090898560872,0.0712931973794898,-0.0960283867518429,-2.094848719933315,1.727686277012564,1.7295407725806122,1.7261334413209877,35.7072667325633,35.71269245195324,35.69359063723521,0.7218526699760112,-2.0319799578528905,0.0008026138981048807,1.183728717287885,0.4631380810809156,0.46259223361903146,0.4629588193856356,0.21709162358106585,0.2168752964433719,0.2166425130842402
50.0,20.0,0.0,60.0,0.1780277789475491,0.1768142777220722,0.17736792859622252,2.078552356130148,0.2341865039075016,-2.091313373327975,1.399845216609994,1.3967637506166455,1.4013003044470471,2.1632688442159465,2.1604664793887562,2.1569571913429826,0.6115535893142118,-0.8927449704416845,0.0005054610556670989,0.1476541196251637,0.07049995520675179,0.07047616572837193,0.07028597243208515,0.17714271751852273,0.1773235080558815,0.17771757996928242
0.0,50.0,50.0,0.0,0.145766683222741,0.1453573346628383,0.14554505578243687,-2.0936510717248176,-2.100615789076359,-2.095563352965868,1.154753465360237,1.1543179686303322,1.1570434123160076,15.521297498827142,15.522212470702083,15.516568394037147,0.6597422425592191,-2.0628742020185755,-0.0002475098912259368,0.37196616296313884,0.21375200354063997,0.21388773024949745,0.2137680753880198,0.14534628155649812,0.14563529360017116,0.14569961171213017
50.0,50.0,90.0,0.0,0.1819498540619915,0.1796523059236176,0.1809448469159608,-1.121031762199569,-1.136825302067837,-1.3053988790967308,1.4330992393679378,1.4347578497469324,1.4364799849953735,26.158327705213654,26.162399435497722,26.153772281942153,0.6550888176419655,-1.2898374651384217,0.504412077133877,0.5001237589304637,0.32898996822222437,0.32885811533356746,0.328881828253897,0.1808229507292463,0.18124426406199914,0.1810252789901758
0.0,50.0,120.0,-30.0,0.1016527430978092,0.0997238468406996,0.10055495145161779,-2.5804710134981987,-2.624706159469387,-2.0798036435523177,0.811981190955169,0.8112307254471186,0.8105603917672944,34.37447508372091,34.391102915174784,34.37090859379283,0.6597422425592191,-2.0628742020185755,0.008908293864279538,0.5001714480033714,0.41790454361726864,0.41765020725867885,0.4178558495531313,0.10081188416163306,0.10061700857576046,0.10070628172891322
0.0,100.0,60.0,30.0,0.2367781598042415,0.2361262890932893,0.2364789399255662,-1.4946527345276517,-1.5156982923107054,-2.0469613630685832,1.8732166726644526,1.8738593191331216,1.8752503152224276,19.390622263317546,19.38231506993906,19.376410100134027,0.7218526699760112,-2.0319799578528905,0.03789958733220958,0.7925918394392156,0.2810398142194807,0.28098962949908657,0.28107213990638774,0.2363638060329973,0.23661177149507337,0.23654072623453895
0.0,20.0,20.0,60.0,0.0961004298031788,0.093840944216012,0.09472465473720383,-1.0684563689121418,-1.2964956926817155,-2.1555291399642487,0.7500205611737997,0.7517627108289213,0.7495076894322439,6.63900549303073,6.631844575351837,6.635229582412536,0.617145342061956,-2.0150473293853004,-0.007058523900416209,0.11235325668970876,0.10043278068151867,0.10037790447301878,0.10053129144587145,0.09489592851457793,0.09482568708337821,0.09459209513973085
20.0,50.0,120.0,60.0,0.1263721074374618,0.1210354850593721,0.1229462981075182,-0.3353576796691814,-0.3823063435101227,-1.4852111034604716,0.9842778202356698,0.9839486672082512,0.9826263060090792,34.3378134631059,34.326785853301395,34.3380670766902,0.658991099436022,-1.6861926913303058,0.3512436610200649,0.5006955278620602,0.4166541267953501,0.41698211007747493,0.41708162040460406,0.1231946618951348,0.12299784368082087,0.1230639307318035
90.0,20.0,100.0,30.0,0.244091541758537,0.2398972678940023,0.24179589542661226,0.0828081597214547,0.0680342447546259,-0.7432785740141116,1.9074320492616135,1.9052411893261025,1.9053885208701684,27.53121756335763,27.521751798360597,27.520290548893428,0.5984987239536121,-0.7371513072756187,0.9066192251145595,0.20247504520612114,0.3217269723147065,0.32154281681558466,0.32147133134665484,0.2419153027187795,0.24166012614126375,0.2419342715361512
0.0,100.0,70.0,-60.0,0.261255381290397,0.2590173790246675,0.26019212850320983,-3.105924657011137,-3.131570068483618,-2.0813806288132084,2.062825807216506,2.063000793128748,2.0624398777778685,22.48324271439015,22.49666156842695,22.498448809825824,0.7218526699760112,-2.0319799578528905,0.014187876431307493,0.9994230351076809,0.32204774512255613,0.3221384201343677,0.32214849998621775,0.2602888438537861,0.26023506102818517,0.26022251544878927
0.0,90.0,110.0,-60.0,0.1817388519219897,0.1799021580905375,0.1809566257405839,3.141506704259717,-3.141580702176653,-2.0858013443221908,1.4452427789064903,1.4465500542319019,1.4395438498520263,32.589999059981594,32.601923535691455,32.597241444544025,0.7100174044766513,-2.0547884519709454,0.009388127637536233,0.9001917405779336,0.4174080012709539,0.41776989240350565,0.41758660788640206,0.18159353162190442,0.18087209577786675,0.18073855978954737
20.0,20.0,0.0,0.0,0.1304116090628707,0.1138819672024506,0.12239703534158657,-0.2252837278359606,-1.0647986331859949,-2.0889794066209135,0.9861096727086873,0.9916712034833506,0.9897610400986772,1.8909708384228325,1.9170376338087638,1.8757899441924326,0.6162442654560011,-1.27379193074638,0.0005540628654242648,0.07644178920905596,0.05752065371032243,0.05809847825942544,0.05804498332694065,0.1253048192160514,0.12579227532678294,0.1250871006839391
50.0,20.0,80.0,60.0,0.1372107218468593,0.1361589596144344,0.13696997183995624,0.3353443072952393,0.3236308557145593,-0.9124898081761498,1.0837028491923675,1.082524302232175,1.082385405212587,22.419752426681107,22.414510260315005,22.417014216979137,0.6115535893142118,-0.8927449704416845,0.40446615180832524,0.1657167058146905,0.266724540240254,0.2668849449967185,0.2667978087734344,0.1370531242926257,0.1368933872817462,0.13704678790740424
0.0,50.0,40.0,-30.0,0.1540120856620883,0.1528665105846149,0.15348668296346285,-2.563678151348783,-2.621368871661739,-2.0848111938918352,1.216758556257243,1.2155783924261148,1.217161586792898,12.854881412324067,12.861121150568936,12.862668202012133,0.6597422425592191,-2.0628742020185755,0.003634361111023634,0.3401761287665463,0.18559712552456278,0.1857014137622127,0.18560682125872865,0.1533988903724967,0.15345179950640628,0.15360812741809712
0.0,90.0,80.0,-30.0,0.2235285776007141,0.2219528255751857,0.22267155326349367,-2.60629248929259,-2.6126998601925897,-2.0870738481026683,1.7679845097037454,1.767562027648907,1.7696780292819592,24.797416488143927,24.80089158284046,24.803157802330418,0.7100174044766513,-2.0547884519709454,0.0077110772800145335,0.8999529467725055,0.3388691755993342,0.33887989710789174,0.3390220841276073,0.22258333330318156,0.2227873048734152,0.2228309142411974
50.0,50.0,0.0,60.0,0.2293713928235032,0.2285129016068428,0.22895841626710423,1.603275659343528,-0.1564574886749108,-2.0913687051476715,1.8102371881694905,1.8033381036346845,1.8052457375185316,2.7809900069724565,2.7896544960106113,2.778469678034409,0.6550888176419655,-1.2898374651384217,0.0008035998588616672,0.24604135655628448,0.09065860653200068,0.09102374702562867,0.09047368826874709,0.22914013892136306,0.22848949442310784,0.22936363292787376
50.0,50.0,90.0,120.0,0.1227738685936643,0.1207002304274407,0.1223095528307786,1.4916992825818662,1.4695580947152185,-0.7718867976310889,0.9652193345652066,0.9662230649113981,0.9673848291296135,24.96772852835846,24.972804247906762,24.973246066525935,0.6550888176419655,-1.2898374651384217,0.41235057220593463,0.1045977555196757,0.29056902592174005,0.2908380515261963,0.2908878757423013,0.12220755609126648,0.12248412629921081,0.12236872952691634
0.0,50.0,80.0,60.0,0.0887053363459136,0.0874075974927161,0.08828058511228502,-0.7299441761597296,-0.782340845069128,-1.8280505339129076,0.7075705278437254,0.7075295928997594,0.7085265775529493,23.060594963279936,23.049097328908992,23.053645543459048,0.6597422425592191,-2.0628742020185755,0.07920261059329488,0.2895804650332827,0.2842700670087251,0.2843366807846889,0.28441865844479125,0.08821621748511403,0.08836002111224196,0.08834779144773153
90.0,20.0,20.0,60.0,0.2722925630579291,0.2556478603834466,0.2667449398272213,2.3355186252524662,1.1654536165047025,-1.7657317020135548,2.097184984847509,2.1011880118373067,2.1058651498921277,3.0239335434240564,3.033226786542631,3.0272455920808565,0.5984987239536121,-0.7371513072756187,0.06775460828823814,0.1564903737031247,0.056793980604425004,0.05652356066687637,0.056549195283071625,0.2661728810447842,0.2672788041149833,0.26675763516156925
0.0,20.0,80.0,0.0,0.059948980008803,0.0592055952482577,0.059633217406139354,-2.0675077552243293,-2.113652033605672,-2.092013643638312,0.48256624306283535,0.4825314397911786,0.48304453682995246,22.75760530692307,22.754238352199355,22.750631413516953,0.617145342061956,-2.0150473293853004,0.0008266954777337853,0.1957418533365636,0.27440954287557096,0.27433307256673617,0.2743902533743613,0.05963204888072856,0.059703735108472544,0.05968726754959612
0.0,50.0,70.0,30.0,0.1305377508065919,0.130009348139588,0.13025721945408816,-1.569202605517988,-1.586319503333236,-2.0992068615321413,1.0373497572058201,1.0398742401569148,1.0364015063255658,20.85430754088991,20.845712437113207,20.846196437107665,0.6597422425592191,-2.0628742020185755,-0.0017049468389688331,0.4215406610533955,0.27092962416969474,0.27073227756110974,0.27056857080439994,0.13046146616306192,0.13033876478895004,0.1300182029086372
0.0,90.0,30.0,0.0,0.2484410772036734,0.2479453759581769,0.24819610624197627,-2.091653022441664,-2.095622864075394,-2.0923765218393373,1.9633957403764684,1.961652787674469,1.961419874112924,11.255567899895633,11.252628006249868,11.250446213874815,0.7100174044766513,-2.0547884519709454,0.0013167551709376783,0.5667522008064562,0.1912931323161833,0.19110943056840016,0.19111936809047703,0.24830149074589897,0.24805563438285658,0.24826258700335005
90.0,0.0,90.0,60.0,0.2304637793422921,0.2296109781505683,0.2302897396681288,0.943005234263714,0.935996153516791,-0.4283601687754556,1.8123123747809577,1.810474690996014,1.811323077120196,23.811209482877473,23.81113285177633,23.818917902352975,0.562745350766241,-0.5203297715459044,0.712386692834504,-0.06793653236541751,0.259498247028219,0.2593663921776031,0.25960976179731554,0.2303048513961265,0.23018347211214377,0.23042384978264518
90.0,20.0,80.0,30.0,0.2393126268946594,0.2384289242165903,0.239150496776904,0.1735312151476103,0.1650204250252806,-0.7243197695405053,1.8845605035052662,1.8842635469486382,1.8849543063669079,21.748321206345253,21.738673315253788,21.744660455409996,0.5984987239536121,-0.7371513072756187,0.7088487696481878,0.1442658350807109,0.25275005074397666,0.2527097602665369,0.2529402211191203,0.2391154385841904,0.23916990049721185,0.2392248319635164
90.0,0.0,50.0,120.0,0.2675416501455435,0.2664404816755736,0.2668704338356468,2.198012627334291,2.04956233473347,-0.6481010823922412,2.099892259378341,2.1013737546577103,2.1015840081842305,12.274601545526597,12.278458769651806,12.277095694993166,0.562745350766241,-0.5203297715459044,0.41651898761969675,0.053714321263772104,0.1312823641895909,0.1312360016422268,0.13129429236670742,0.26679085455120444,0.267001386332592,0.26681953874106756
90.0,0.0,100.0,60.0,0.2038946340761239,0.2030882914351211,0.20355625031636954,1.0476239403379448,1.0370326766045832,-0.25098676602677306,1.5990310205572869,1.5976624495560812,1.5992076224163878,26.43627860300912,26.4216147949326,26.43628537160037,0.562745350766241,-0.5203297715459044,0.6646183024152016,-0.18565820113714315,0.2834119667413358,0.28322093441782265,0.283480545038313,0.2035020454881584,0.20352441184840808,0.20370391864275492
90.0,20.0,90.0,60.0,0.2122877923505029,0.2113362284188759,0.21204949802367595,0.788829775128801,0.7802674447161364,-0.5581358468412304,1.6688921454501882,1.6698964897482325,1.669587642442635,24.26595059819647,24.26991367573496,24.279627637216205,0.5984987239536121,-0.7371513072756187,0.692995154672481,0.02403628966199176,0.2733317874689345,0.2734384739877425,0.27343263719499633,0.21204625954504788,0.21215442966733408,0.21201621063629777
20.0,90.0,0.0,0.0,0.2680974519386625,0.2665655287975851,0.2672288563829328,-1.9764533968955675,-2.0089439344192765,-2.091414827325976,2.108629055211095,2.10523130233032,2.1099872326732165,3.217162643414003,3.211998173813014,3.215472444527808,0.7088879274287126,-1.824588487784622,0.001060556439857788,0.33270986067284863,0.10460040099390283,0.10457767409872329,0.10462703684251053,0.2669771257921123,0.2671514278974355,0.26759242303837355
20.0,50.0,0.0,60.0,0.1963741935887483,0.1952054560841789,0.1957819174386897,-0.5946595859789359,-1.2951574967289865,-2.091324669977518,1.5421830886385464,1.5453362504433803,1.545418577552721,2.3744420430980266,2.3669138609043845,2.3713199115154397,0.658991099436022,-1.6861926913303058,0.0006017250669815729,0.17902385358211606,0.07732015993876516,0.0771020072627134,0.0773036633275507,0.1956457733139487,0.19605648968148073,0.19565963437057735
20.0,90.0,110.0,-60.0,0.1867194594118701,0.1840746816246146,0.18577763669870578,-2.858895722123613,-2.8792538772439253,-1.8666357305157812,1.4810100370922843,1.482082297293366,1.481422809992549,32.580718355456185,32.58126088378137,32.583066868641765,0.7088879274287126,-1.824588487784622,0.2101594108940274,0.8995721556068309,0.41694394503754184,0.4176931699369537,0.4171214663213733,0.18591759259133012,0.18599395548539888,0.18586847529157338
0.0,90.0,80.0,0.0,0.2234929899798631,0.2218077428256067,0.22266522487199011,-2.086156870153614,-2.0916329513440908,-2.089354377018251,1.7706119647663403,1.7669219828943703,1.7675280189461156,24.811369765805043,24.801775924462696,24.79014889661732,0.7100174044766513,-2.0547884519709454,0.005607691004983306,0.8999533041603159,0.33894121466487437,0.33888139932197436,0.3386307686399832,0.22281831861174456,0.2224526774589713,0.2229055633758989
0.0,100.0,80.0,-30.0,0.2429332295727649,0.2412928195102789,0.2420359174419839,-2.599166389656528,-2.606511869329971,-2.082857417435752,1.92175312321885,1.9210844538899114,1.9209480519802895,25.031822411293536,25.043415838966812,25.036746817312554,0.7218526699760112,-2.0319799578528905,0.012885688992983889,0.9999070252079983,0.34652597660523815,0.34653826676001287,0.3466900379623127,0.24214644355030515,0.24202510662798024,0.24211713929674858
0.0,50.0,80.0,-60.0,0.1256746843674047,0.1248254000431129,0.1252864306801983,3.141534443493751,-3.1415823395368654,-2.0921910405441504,0.9993716082368552,1.0016493231590582,0.9992113063410344,23.559959487755357,23.56478655704012,23.563806897258026,0.6597422425592191,-2.0628742020185755,0.0015989126359922028,0.44961886558805386,0.3001062534181922,0.3006632088396295,0.3003300262424405,0.1254260262723059,0.12540957060814578,0.1251353978645464
50.0,20.0,110.0,0.0,0.1264723734298018,0.1245620859527471,0.12553373019269853,-0.7618886856198361,-0.7801451074893112,-0.9020470735550752,0.9940802626673573,0.9979732928320932,0.992796993487042,30.7844245669969,30.78378425694828,30.770033682881717,0.6115535893142118,-0.8927449704416845,0.5039991796799392,0.20001132684339812,0.361182305600062,0.36133902429433423,0.36117173154017396,0.12592425535001084,0.12574133850046484,0.1252791522577996
20.0,50.0,110.0,-60.0,0.1177088409971951,0.1146448755541626,0.11651157193633596,-2.697841548786508,-2.7211238680733074,-1.7076283729078032,0.9350207392178305,0.9324397474862428,0.937123979642514,31.67106684091088,31.663681665607452,31.683425450115422,0.658991099436022,-1.6861926913303058,0.20488538127981773,0.49926724578519016,0.3884736758814585,0.38861058035693674,0.3886616252068041,0.11638367656475974,0.11666492904068672,0.11697053842872909
20.0,20.0,20.0,30.0,0.1137198669060779,0.1089664879739961,0.11148426704383547,-0.6509566111025313,-0.9030122218411022,-1.6015884964122042,0.8815760775024827,0.8836223241714263,0.8812749307740689,6.502149962684825,6.501594455141371,6.495156820118956,0.6162442654560011,-1.27379193074638,0.06127145693620447,0.114676473301805,0.09873142856805936,0.0988000223777175,0.09856669621752677,0.11170476849668162,0.1116601715458799,0.11139751409145632
0.0,50.0,0.0,0.0,0.1896886808171504,0.1881509211736066,0.18885787555071556,-2.083329248963331,-2.097662724056284,-2.091254637664458,1.4915964072788974,1.4890606238541537,1.4888031702932938,2.2758211836711197,2.2878979336449765,2.2747021980244866,0.6597422425592191,-2.0628742020185755,0.0005706229034551925,0.1660427832690926,0.07428462077422177,0.07436120812743346,0.0741958480168302,0.1889965374785085,0.18864689853857336,0.18897592853098488
20.0,50.0,90.0,-30.0,0.1372261513201328,0.1346682709164297,0.13617576008625895,-2.147456574167378,-2.1780139154853506,-1.7076555572961942,1.0851634064775706,1.0855010267061889,1.087685626241075,26.340177298448143,26.3428479245225,26.33516893399649,0.658991099436022,-1.6861926913303058,0.20416655416355736,0.4994599324650487,0.3320082184768633,0.3321226957404079,0.3320309870939,0.13608891199555204,0.13640247662550023,0.1363532917269567
20.0,90.0,40.0,-60.0,0.2458208294528027,0.2438560713984637,0.24441842241250575,-2.6887766704573126,-2.7825745444563768,-1.8745821647494183,1.9329118877564095,1.9335060229030099,1.9331405982781373,13.789303555056328,13.790204409438665,13.793831732686623,0.7088879274287126,-1.824588487784622,0.1391200106746514,0.6186116069022416,0.2168770835134128,0.21702723480054262,0.21710486227611894,0.2444063256707747,0.2444254714135624,0.24436572291665765
0.0,20.0,120.0,120.0,0.0434012656256338,0.0366363493605545,0.04201581401818792,0.3586026725283848,0.0009379279419409,-2.0224111039050494,0.3529177070390646,0.35159860787599245,0.3526302928290509,33.626049824231075,33.638339897568265,33.629836103892245,0.617145342061956,-2.0150473293853004,0.016307148114230015,0.19556584951457423,0.3938482799847299,0.394031350919349,0.3940576627846548,0.04236976210557081,0.04234942411131539,0.04252074846442353
0.0,90.0,100.0,60.0,0.1941938096614405,0.1917368472036568,0.1932302781051303,-0.992095291328488,-1.0371361974575883,-2.076288413840534,1.541742867804335,1.5382685851170002,1.5377376035003982,29.98974225959506,29.979880937564303,29.986435126222,0.7100174044766513,-2.0547884519709454,0.018460716447831226,0.899035218388126,0.3913234681748402,0.3908736699724601,0.3912115053854854,0.19352615887665597,0.19302946971218568,0.19346622114534245
20.0,0.0,110.0,60.0,0.0543230719193622,0.0473392943244169,0.05011433263226821,0.628782668440671,0.559832514967128,-0.5215836947710151,0.39343272567928594,0.39588341055014115,0.3954740166586039,30.317275773601324,30.306820996218185,30.318345430257516,0.5841886751953623,-0.5231776405480634,0.20752920241831685,-0.0005459977678068097,0.34532832321031015,0.3453125835692358,0.3454656777672219,0.05019613816542619,0.05041911995883233,0.050133549893484515
20.0,50.0,90.0,30.0,0.1376972918960705,0.1354086775123641,0.13657763727811723,-1.092463376142541,-1.1236012998873313,-1.703197356658682,1.08906323351112,1.089984886216601,1.0883026594408338,26.346218838214387,26.334529461613407,26.345593844019962,0.658991099436022,-1.6861926913303058,0.20704601788483654,0.5001050973551382,0.332101377920867,0.33199948606536966,0.3320909249800637,0.13676644857612785,0.13665926216593074,0.13656276815841117
90.0,20.0,90.0,0.0,0.235641857696619,0.2351703963712673,0.23537543413314488,-0.4418206504968763,-0.4435019181491457,-0.7633982094110393,1.8554038341586883,1.8554474824641805,1.8561043772040948,24.751549601309467,24.741272080341535,24.7367999606929,0.5984987239536121,-0.7371513072756187,0.7941179866335022,0.19409077145191914,0.29042529261287625,0.2902585241185152,0.29039501372281445,0.2353215863177832,0.23540766056292728,0.23541450225863983
0.0,20.0,0.0,-60.0,0.1179927013587365,0.098776926353608,0.10856466533032255,-1.954117828387036,-2.096116863577059,-2.0881208859091442,0.8960260965892496,0.8945836088239071,0.8966008584157161,1.8934303086509918,1.8903589480369913,1.8946096548860631,0.617145342061956,-2.0150473293853004,0.0005447609646088514,0.06622474080642131,0.05722546443431558,0.05688632879637163,0.05705029246909755,0.113499623693133,0.11355576102273865,0.1137802730847986
100.0,0.0,120.0,30.0,0.2080424189693161,0.204653748012087,0.20577130409192484,0.2201577924934775,0.2034080399765802,-0.5252193455934071,1.6220614562686109,1.6205292488585221,1.6171513834642444,32.70901173888383,32.6977210698914,32.6974770930781,0.5610908219554596,-0.5198393037975151,0.9078500522083846,0.0016407623514370858,0.3690088779159256,0.3690201108929633,0.36910351264823155,0.2061422813061553,0.2055356387947692,0.20574974088760703
20.0,50.0,120.0,-60.0,0.1101420945535018,0.1063187712999375,0.10847581867185357,-2.6964890767717127,-2.7391983897767567,-1.708594374778816,0.8737720051749996,0.8722291263926057,0.8715341995108327,34.35412372079127,34.36387590488659,34.3663430563021,0.658991099436022,-1.6861926913303058,0.2044505961112361,0.4995760658767644,0.41739126957326367,0.4175965638862317,0.41725748419433856,0.10879407407343222,0.10852427237491122,0.10872576054797038
50.0,20.0,30.0,-30.0,0.1782210405191644,0.1776870944608231,0.17796860118500374,-0.9079204166034388,-0.9121744371411142,-1.0668976413190105,1.4027159335780448,1.4034972581001681,1.4034298584302616,8.258966271083448,8.258444528245123,8.251763626085529,0.6115535893142118,-0.8927449704416845,0.19880108350673742,0.12004770233051291,0.10951897040206843,0.10946527915135519,0.10942088887027922,0.17795942808554013,0.17804112435700237,0.17794379694957757
20.0,90.0,100.0,-60.0,0.1998246453620251,0.1970739465611453,0.19854216691216875,-2.848816405612646,-2.8681255019322167,-1.8659373995736066,1.5810055357364656,1.580318129611729,1.5803306379585007,29.94956674842474,29.966329594150245,29.968707965328903,0.7088879274287126,-1.824588487784622,0.21077702789982547,0.8993244244153537,0.3906206105116841,0.39096428775282965,0.39073413201861984,0.19868138104113375,0.19859102022460495,0.198694281173916
50.0,50.0,100.0,30.0,0.1689394129367387,0.166518503018667,0.16750340694000457,-0.6219245019878824,-0.6358908918338819,-1.301186372284782,1.3289320098326685,1.330413004805244,1.3320525701936605,28.863188856334926,28.854752312224186,28.864771057935023,0.6550888176419655,-1.2898374651384217,0.5100214166895485,0.5009074274391279,0.3572546989909696,0.35711430776255804,0.35736941481758844,0.16737417635799248,0.16776166087700276,0.1675737702914174
100.0,0.0,120.0,60.0,0.2145430404097546,0.2095265948149246,0.21106222552805748,0.7487522326732973,0.7272354070372853,-0.5264277086088326,1.658869225759812,1.6630795405455492,1.6617701196101404,32.68445298760699,32.675374933418695,32.68556161024989,0.5610908219554596,-0.5198393037975151,0.930491636526789,0.0029064979021226475,0.3686478097072421,0.3685825113303832,0.36888706951572575,0.21100603525011336,0.21134719759720105,0.21082979209673997
90.0,0.0,80.0,-30.0,0.2502891503073983,0.2495117694654721,0.2497631159329893,-0.6855330026854156,-0.6914199696413647,-0.5641725712563016,1.9648617397482306,1.966279051944877,1.9668993667085468,21.183035051940923,21.189516040751947,21.179033640771436,0.562745350766241,-0.5203297715459044,0.7038707080830179,0.02852352467058753,0.23571593202430524,0.23553357134951172,0.23568898386634063,0.24965819042877518,0.24990118722333304,0.24972078371495915
100.0,0.0,110.0,120.0,0.2301156539160617,0.2242421236387423,0.2268412495424394,1.8328825558763735,1.8128854771497809,-0.5279312975880585,1.7838713099156496,1.7855251323147487,1.78643496826462,29.781354275458863,29.785499308654686,29.783830251035166,0.5610908219554596,-0.5198393037975151,0.9079731999639351,0.003990147563789799,0.33496017437450043,0.3351613362088435,0.3350711523793991,0.2267590889778018,0.22707603543457436,0.22686703291448743
20.0,50.0,80.0,-30.0,0.1352343152153626,0.1345727525606864,0.13485972793247838,-2.156357011710527,-2.1709940395734653,-1.7195767531057446,1.075422932799505,1.0747969851341748,1.072958679387648,23.52729540948926,23.515473872473432,23.5201085114753,0.658991099436022,-1.6861926913303058,0.17741130690703313,0.4495160495466676,0.299815692069029,0.299859007322867,0.2999549787062665,0.13508514616359146,0.13475431905271645,0.13483464418608512
50.0,50.0,60.0,60.0,0.187530330364169,0.1855449482982376,0.18703185877745346,-0.0418970193745181,-0.0787036105337054,-1.3585835659150642,1.4799725140028919,1.4812078060916904,1.4798508285064635,17.850066510036207,17.84557003605248,17.851778969786604,0.6550888176419655,-1.2898374651384217,0.3545419154728759,0.39174528612366005,0.23601959337470976,0.23603487083771738,0.23605163752248706,0.1871326279579437,0.18711974379082508,0.18695643445434246
90.0,20.0,30.0,0.0,0.2678530258311485,0.2661182410894214,0.2669301485587663,0.4115813623208393,0.1578977091323818,-1.0207825989073602,2.103241536899852,2.1022610552217893,2.101454001431639,6.285270635325494,6.282679576673871,6.28335876290885,0.5984987239536121,-0.7371513072756187,0.20319699383109474,0.1112459596503156,0.07264246944719621,0.07268323040691405,0.07278286708061928,0.26704282143915786,0.26681730769773726,0.2669425617117473
50.0,20.0,0.0,0.0,0.1780277789475491,0.1768142777220722,0.17736792859622252,2.078552356130148,0.2341865039075016,-2.091313373327975,1.399845216609994,1.3967637506166455,1.4013003044470471,2.1632688442159465,2.1604664793887562,2.1569571913429826,0.6115535893142118,-0.8927449704416845,0.0005054610556670989,0.1476541196251637,0.07049995520675179,0.07047616572837193,0.07028597243208515,0.17714271751852273,0.1773235080558815,0.17771757996928242
0.0,100.0,40.0,-30.0,0.2586107691382,0.2580702178231596,0.25829980630728927,-2.5647698436174884,-2.6135110239175696,-2.0838043205290053,2.0435950487467287,2.042467886914451,2.0438790019913307,14.12560906690723,14.129852924817241,14.126660660726621,0.7218526699760112,-2.0319799578528905,0.008024263146480318,0.698990181336963,0.22625020420812533,0.2265066145425224,0.22649453282735352,0.2582416110808024,0.2582681412690552,0.2584230072875906
0.0,90.0,70.0,-60.0,0.2408073834164315,0.2381289226582739,0.23985481654912874,3.1415607588969934,-3.141505975563427,-2.085975268639665,1.9029584320281783,1.90145362006693,1.9025663570957296,22.226498159987813,22.234614349975228,22.237678973236182,0.7100174044766513,-2.0547884519709454,0.00862096824290265,0.8986997640205134,0.31423982730007227,0.3143407855063816,0.31435394788068655,0.23989022096858215,0.23984191791785112,0.2400361851386797
90.0,20.0,120.0,0.0,0.2007314701406233,0.1996599463970171,0.2002625371506306,-0.5338464855060818,-0.5413965675413063,-0.7415010542645399,1.5806197242197826,1.5806086346326809,1.5806156016753703,33.27553193288059,33.27193203277461,33.25601343471397,0.5984987239536121,-0.7371513072756187,0.9040359294831771,0.19981424039071918,0.38729487275157987,0.38739204890414225,0.3870527553571312,0.20032990729557018,0.20034777275713303,0.20031254343833418
0.0,100.0,30.0,-30.0,0.2684490637632543,0.2676078599805652,0.2680255173661274,-2.526859581092278,-2.5997296050174623,-2.073741083834473,2.1190681786300964,2.118725885663028,2.1178987803686815,11.484951766994337,11.48564370260035,11.485685674776494,0.7218526699760112,-2.0319799578528905,0.013759856098990893,0.6364533938169005,0.19886723169582085,0.19891315181649255,0.19894978940637065,0.2681249540349986,0.2679695043878689,0.2680162355418192
0.0,100.0,40.0,120.0,0.7206474674239961,0.1959075121404901,0.5037062618708749,3.1408359976365445,-3.1223997524030445,-2.085260557318767,6.995477631025983,6.97298242463529,6.970457503727826,19.337774794592953,19.32418908691,19.299845359591846,0.7218526699760112,-2.0319799578528905,-0.06294673895396077,5.2895570502670415,0.5317853789322665,0.5315173813316034,0.5309540752958062,0.8848797044142457,0.8817157574306493,0.8844020537398645
20.0,20.0,120.0,-60.0,0.0620205062732505,0.0578155605193714,0.060513286679223864,-2.286807200340082,-2.3429759197605304,-1.3013907493438615,0.49021914304497727,0.4910756241859573,0.494228721758123,33.6255329029241,33.620696042630996,33.62984893126124,0.6162442654560011,-1.27379193074638,0.20402680203969123,0.19942967113096147,0.39393011954197754,0.3941436751543278,0.3941564051519979,0.06048889859730931,0.06100171418010295,0.06085884727380173
50.0,20.0,120.0,60.0,0.1321864357321793,0.1272949348560136,0.1285188342578868,0.3148792595931277,0.3012092647040775,-0.8655557470465111,1.0179124168482574,1.0197630568199323,1.0171096232784003,33.51365509444536,33.501609483789466,33.51433968769815,0.6115535893142118,-0.8927449704416845,0.5674937475484482,0.20143283281361302,0.3919283750595102,0.3921106791599699,0.39178524694363476,0.1287324896974413,0.1286264599999356,0.1283818112085996
90.0,20.0,0.0,-30.0,0.2673904634266155,0.2668361707132364,0.2671304046773692,3.1403056343253284,-3.1371033509719832,-2.091376660183659,2.107492532292178,2.107479028550021,2.1089455449268955,3.2632691909250835,3.2606735925328687,3.2608348017291022,0.5984987239536121,-0.7371513072756187,0.0010729111244041209,0.3374066151622286,0.10607844450808632,0.10607335901116903,0.10598056884731419,0.26709314170925114,0.2672827602971502,0.26728201909014426
20.0,20.0,110.0,120.0,0.06952774129256,0.0645698363929968,0.06656800004320265,0.969949798625496,0.8249666554997531,-1.2813532341797307,0.5387428443358143,0.5350557216417857,0.5369487562051596,30.891410286437566,30.89643049414433,30.893589260373147,0.6162442654560011,-1.27379193074638,0.2111851406206325,0.1978198548518275,0.36356134694772685,0.36343837751217717,0.36342426284503637,0.06672734329201037,0.06651746449009263,0.06696077020990439
90.0,20.0,100.0,-30.0,0.2424340955083969,0.2386760533638825,0.24085485206491264,-0.9591729103428764,-0.9721763820427568,-0.7399092871056532,1.8982081077403383,1.9002916999317934,1.8977951754294977,27.513465018449367,27.52389152546508,27.512090652931235,0.5984987239536121,-0.7371513072756187,0.9029152357961338,0.19824037947470904,0.3211353610571412,0.32150603182852594,0.3212134540519525,0.241040423681443,0.24099587029454694,0.24072763732491823
20.0,20.0,30.0,-30.0,0.1085550503463691,0.1065179590941271,0.10719310874831318,-1.6949886654705664,-1.7713263958345724,-1.4806500119865016,0.8485500138759411,0.8482509673169919,0.8478569754579363,9.141347141054142,9.144612192643827,9.1393501214515,0.6162442654560011,-1.27379193074638,0.09258514262011885,0.13110459753114,0.12550453723083047,0.12559656061455104,0.1254313569333326,0.1072306048834016,0.10714210299894437,0.10717897352869193
50.0,20.0,0.0,30.0,0.1780277789475491,0.1768142777220722,0.17736792859622252,2.078552356130148,0.2341865039075016,-2.091313373327975,1.399845216609994,1.3967637506166455,1.4013003044470471,2.1632688442159465,2.1604664793887562,2.1569571913429826,0.6115535893142118,-0.8927449704416845,0.0005054610556670989,0.1476541196251637,0.07049995520675179,0.07047616572837193,0.07028597243208515,0.17714271751852273,0.1773235080558815,0.17771757996928242
50.0,0.0,0.0,-30.0,0.1668043277496807,0.1471818783256022,0.15841239850212258,2.5289071559731937,0.4143255335348795,-2.0911992954830456,1.249446935914381,1.2492877308524988,1.253238678375508,1.9589900499391106,1.95220415918979,1.9570949821670163,0.5786783317088385,-0.5219133872819157,0.0004451304560508828,0.11815188948071584,0.0631135610767144,0.06295017620642905,0.06289626266761783,0.1582375251223871,0.15870841764010535,0.158740877642884
0.0,100.0,120.0,30.0,0.1898177217822737,0.1881476304876986,0.18901372171348443,-1.350920283703837,-1.3667620435583114,-1.9184719508462302,1.5095461145178488,1.5114779270119192,1.508628926218832,35.38738081503182,35.36901252990172,35.36765961997438,0.7218526699760112,-2.0319799578528905,0.17968084385144162,0.9987018356303661,0.45060332770310985,0.45062006613011635,0.4505868846815578,0.18938772353042074,0.18928982352231055,0.1890492280930987
20.0,50.0,50.0,120.0,0.1545601901628372,0.1508565624916534,0.15346071194867875,0.4691118278744796,0.2983339611587187,-1.7849186702885214,1.2167527197622197,1.2187706880667317,1.2171717967309774,15.465625126003703,15.475788448967286,15.467984114142455,0.658991099436022,-1.6861926913303058,0.1182611327559789,0.3720148223959386,0.21298258953000207,0.21307265474969111,0.2129732500262608,0.1535762938037362,0.1536284302125904,0.15337462254408
0.0,100.0,40.0,0.0,0.2581148036867694,0.2577523341260741,0.25792557197718385,-2.0884439616457304,-2.090907350728368,-2.0903530336400413,2.0407244094750068,2.039705511900896,2.040661840903746,14.131556446372738,14.12827898528129,14.120474707535351,0.7218526699760112,-2.0319799578528905,0.0030945920540234022,0.6976780311369596,0.22631851853490817,0.22618013465298348,0.22624302701480928,0.2578934164137661,0.25790022850090805,0.25801570977700394
50.0,0.0,110.0,60.0,0.1270106500378521,0.1209312293852238,0.12365758495748823,0.6683233173362279,0.6500548282853224,-0.5258975880764403,0.9731389108166296,0.9731174631941767,0.9731232051386318,30.188104227066287,30.180347243920007,30.187374559285267,0.5786783317088385,-0.5219133872819157,0.5069223443712348,0.0012407902195841632,0.3428484655588167,0.34271289379506215,0.34288642147521486,0.1237127373164932,0.12370375184636577,0.12371026117382503
50.0,50.0,110.0,0.0,0.1549670248725552,0.1533107303535541,0.15409980970423467,-1.1791187554842557,-1.1851582189847003,-1.3053321838945233,1.231523549558169,1.2231027916961783,1.2238749277458267,31.57999734138507,31.55868645187272,31.543419227305233,0.6550888176419655,-1.2898374651384217,0.5052826997613558,0.4999375713135072,0.3867527643276434,0.3863104288453157,0.3864960778912775,0.1544806602030147,0.15352814258005104,0.1546000371403598
0.0,50.0,0.0,-30.0,0.1896886808171504,0.1881509211736066,0.18885787555071556,-2.083329248963331,-2.097662724056284,-2.091254637664458,1.4915964072788974,1.4890606238541537,1.4888031702932938,2.2758211836711197,2.2878979336449765,2.2747021980244866,0.6597422425592191,-2.0628742020185755,0.0005706229034551925,0.1660427832690926,0.07428462077422177,0.07436120812743346,0.0741958480168302,0.1889965374785085,0.18864689853857336,0.18897592853098488
20.0,0.0,100.0,0.0,0.054579098143034,0.0534777072703252,0.054085795441090954,-0.4378974845521525,-0.4749943073700245,-0.5236593893711852,0.42748668398289685,0.42394810004815436,0.4270923490224675,27.519071838452028,27.51558799483597,27.510745742482364,0.5841886751953623,-0.5231776405480634,0.20310550344542655,3.979835909082861e-05,0.31347206318393994,0.3131480316449386,0.3132982355381767,0.054025951170427,0.05398217291429671,0.05442958024972223
100.0,0.0,40.0,30.0,0.2676196241907834,0.2661232892836574,0.2667613895591498,0.8377441485536963,0.703421414971138,-0.684439113783724,2.101111417955767,2.098638022658402,2.1002921264584806,9.026173917341804,9.023743942455527,9.025551540961638,0.5610908219554596,-0.5198393037975151,0.28151340796741836,0.04666112761721493,0.08953362923963117,0.08944950977977076,0.0895297362080096,0.2667328581224729,0.2666241864908757,0.2669418926726006
20.0,20.0,100.0,30.0,0.0740045055849988,0.0705077451891763,0.07213839563671202,-0.6797774324190662,-0.7361774193863498,-1.294391196437419,0.5779907085720386,0.5784405350966801,0.5798549646027148,28.16637376011175,28.16283065339657,28.160882023722028,0.6162442654560011,-1.27379193074638,0.2068501486834414,0.2001670195513858,0.3335951307513917,0.33358272011205947,0.3335515391520687,0.07210363096795286,0.07235874710402256,0.07227791539145641
50.0,50.0,30.0,0.0,0.2174838824724831,0.2140777297689454,0.21616570665488236,-0.7841413055297903,-0.8789286810246547,-1.41295092400256,1.7065380419562255,1.707280073939063,1.706581532048617,9.345819687315196,9.346098683749513,9.343828852171542,0.6550888176419655,-1.2898374651384217,0.23347626447644812,0.288308880159875,0.14350306856338893,0.14331037324881105,0.1433256662827471,0.2162473627127386,0.21625633578780906,0.21615520665134486
0.0,90.0,90.0,-60.0,0.2079223614245532,0.206450111897355,0.2071707549779892,-3.1280779058596786,-3.1378114575544243,-2.0863107465704114,1.6482825528118092,1.6458908512358965,1.6493881003418756,27.369830762406497,27.378467721055273,27.368783656188455,0.7100174044766513,-2.0547884519709454,0.008837111184279949,0.8998713528292297,0.3643799454088658,0.36462478750743155,0.3645686969364057,0.2070277265028632,0.20720105523826526,0.20748152221021154
90.0,20.0,110.0,60.0,0.2280483463989578,0.2231106260606662,0.22462201457412936,0.5650401445423924,0.5486818475324663,-0.7390414804373088,1.769525510578217,1.7724885252032887,1.7718330182885815,30.41387929006929,30.403257400343485,30.414815629836912,0.5984987239536121,-0.7371513072756187,0.9289453830854706,0.20329370749081646,0.35415259549344963,0.3541550070333941,0.35432757879468885,0.2245731308728033,0.22485371261639722,0.22448243245431163
20.0,20.0,30.0,30.0,0.1063789700993729,0.1027380356137115,0.10538875003595448,-0.7309909321335005,-0.8717332026323545,-1.5339613646118133,0.8340832494533581,0.835520617378842,0.8353628669298017,9.195837228494776,9.192912448445966,9.195470810030479,0.6162442654560011,-1.27379193074638,0.08447234818803565,0.13499913484943854,0.1268979191324118,0.1268370401703771,0.1268935495651059,0.10542594345864939,0.10559183932810752,0.10541021980976557
0.0,100.0,100.0,0.0,0.2118608470727744,0.2100385248579909,0.2110713201202499,-2.071435588309791,-2.0912433975790297,-2.0835713373961053,1.6782473176365569,1.6813663005110322,1.6792510911920944,30.21229485011344,30.217065752865945,30.21090672725999,0.7218526699760112,-2.0319799578528905,0.012549490844400423,1.000118078370628,0.3982463132748948,0.3984867887319136,0.39790531607646484,0.2111985034444084,0.21133099857805585,0.2109507052284445
50.0,50.0,30.0,30.0,0.2168092557085318,0.210887911769081,0.21474977822195934,-0.2699942581152475,-0.4514520705187591,-1.4300484520985675,1.6958916534554107,1.6972094160080473,1.6953674130029144,9.413458075857086,9.4086157191294,9.408881018003438,0.6550888176419655,-1.2898374651384217,0.22893736348848506,0.29336853533291035,0.1447395863334019,0.14476304642303467,0.14471768825557352,0.2149456374216975,0.21488391102734458,0.2147159443395268
0.0,20.0,60.0,-60.0,0.0707456413646307,0.0697207463986042,0.0702686926937292,-3.07260519934834,-3.135632101233805,-2.075327337463518,0.5630977437493258,0.5628414992263607,0.563396100503608,17.361950926614128,17.3702705995993,17.366138852406984,0.617145342061956,-2.0150473293853004,0.0038287137567725974,0.18118732211499905,0.21568611456394549,0.21577323932571388,0.21582517379455282,0.07025632010985028,0.07029684997338509,0.07032664303106427
20.0,50.0,30.0,-60.0,0.1749378030627799,0.1713288111918713,0.17251405769778988,-2.3911727368082625,-2.5719260920704285,-1.7277372330626615,1.363461234772712,1.3638612943102828,1.3646865276439246,10.011727027590291,10.013089478495123,10.013359193121861,0.658991099436022,-1.6861926913303058,0.11430992887884267,0.29575640658108404,0.15387212526236788,0.15389316949007037,0.1539209080355193,0.1723869518163664,0.17253471237425966,0.17248919665476728
100.0,0.0,110.0,60.0,0.2363248073618648,0.2292467778663736,0.23197426954824057,0.7918137496492448,0.7731183143058232,-0.5270932134647998,1.8258227271390033,1.824133505755888,1.8257245291292292,29.75429999646718,29.75068743439381,29.75787677839758,0.5610908219554596,-0.5198393037975151,0.9272385694637654,0.003489909618011627,0.33443158909904436,0.3343141966030819,0.3345982252916392,0.23191529916866502,0.2319047837235033,0.23211796023576056
0.0,90.0,50.0,-30.0,0.2291512158402836,0.2285829437570995,0.2289006715535353,-2.59310084168876,-2.622004188990453,-2.090676275147068,1.8131732072098987,1.8132762474103674,1.812166077990363,16.53179756167736,16.53199294455416,16.529828419167774,0.7100174044766513,-2.0547884519709454,0.0030685269148826373,0.674196404979883,0.24645877053322113,0.24673230293466009,0.2466028226435145,0.22899237994850904,0.2288563331261921,0.22885914541477206
20.0,20.0,50.0,-60.0,0.0966811523113186,0.0941271819996698,0.09483428327705655,-2.2934481770484103,-2.371542274351156,-1.4445964275321639,0.7541192678263797,0.7532859390494643,0.751567770784356,14.601990579870229,14.60153517646603,14.599827434757291,0.6162442654560011,-1.27379193074638,0.12716312369738822,0.16671813103808833,0.18526480245956853,0.18512781456936125,0.18510646026262556,0.09500647055249217,0.09467416458474943,0.09477554232503331
50.0,20.0,60.0,60.0,0.1532017309036301,0.1505580397311925,0.1526109824524775,0.3337521429634202,0.2959594309002049,-1.0050294737646839,1.2064116562568334,1.206040319060966,1.2052352228761143,16.990210093375598,16.98707014001959,16.99354194630856,0.6115535893142118,-0.8927449704416845,0.33729807242926524,0.17638807372967433,0.20854765819838403,0.2084992170000724,0.208680161657491,0.1527410265100677,0.15259029624223486,0.15264948666326414
0.0,20.0,120.0,30.0,0.0442011223284921,0.0421620103786689,0.043086213452331976,-1.309298711063997,-1.4242291819880006,-1.9254067457646364,0.36069036229032553,0.35953102649918306,0.3596002448719788,33.648166100822706,33.63355409660758,33.629688699520315,0.617145342061956,-2.0150473293853004,0.03595971505379263,0.19955037100630824,0.3941239361262329,0.394298158495389,0.394239314302528,0.043430752570940506,0.04328554218940048,0.043420782945242015
20.0,0.0,120.0,-30.0,0.047653886182373,0.0415332277686319,0.045074676822746094,-0.9189205648544068,-1.0844208290753796,-0.5181819265030304,0.36561116938042076,0.3667278106093686,0.36586868136917894,33.103691870911796,33.10712721460287,33.095582805826346,0.5841886751953623,-0.5231776405480634,0.20372917156720655,-0.0003224976021497136,0.37695596289466987,0.3771965561599167,0.37713740026221104,0.04643424988909901,0.04648332526247975,0.046327612189739124
20.0,0.0,120.0,120.0,0.0514450063680856,0.0435438166457331,0.04657942421231083,1.7046689273485096,1.5625280809496354,-0.5186815729613901,0.37151035753541795,0.3701150381985258,0.37016490820982123,33.09045668211097,33.10295604629914,33.098925428380355,0.5841886751953623,-0.5231776405480634,0.21100412934447194,-0.0012604849306489016,0.37691129691489567,0.37706220021994097,0.37681312837037745,0.04704014304347877,0.04688661601616911,0.047055027392687826
90.0,0.0,0.0,60.0,0.2680544161314068,0.2661406320716557,0.2671054144631762,3.1362750423425503,-3.1410982856828125,-2.091362685323016,2.106223467679137,2.10858643316233,2.108527255944516,3.257266487613324,3.252493358098268,3.257220856728947,0.562745350766241,-0.5203297715459044,0.001084048798530117,0.3375906760878476,0.10621056982141856,0.1060811040063627,0.10628648376286423,0.26712512476313294,0.2674159513945661,0.2671150185462852
20.0,90.0,100.0,0.0,0.1994534753049845,0.1978278038985556,0.19859777861418898,-1.8044882759901864,-1.8193777147803507,-1.8673394788260365,1.5794850647500072,1.5809294483086838,1.5822422396964688,29.964203378821296,29.965178041754378,29.942534978168514,0.7088879274287126,-1.824588487784622,0.20965229440662167,0.9000754935201492,0.3909216345825523,0.39073681974435737,0.3904978522304693,0.1985197965994478,0.19889011233320816,0.1986889849360273
20.0,20.0,80.0,-30.0,0.0791953634166348,0.0785414194812218,0.07885341793288306,-1.8205033465621985,-1.844915428010888,-1.3888594557628096,0.6315773586124015,0.6295539048973682,0.630292856397835,22.721575852575544,22.729526275671308,22.72753501811156,0.6162442654560011,-1.27379193074638,0.16787629254375527,0.19664981761775124,0.2742740159729214,0.2740080697664727,0.27411564001851163,0.0788919856859005,0.07872238817642238,0.07899026645676517
100.0,0.0,10.0,30.0,0.2687490290303153,0.2658471078493747,0.26703582910720247,3.137958272879271,-3.1399932424147163,-2.275250640758681,2.1070735234796167,2.1065993111392847,2.1080528848177025,3.9994141948021595,4.0042927285126275,3.987884716119522,0.5610908219554596,-0.5198393037975151,-0.057512737750904215,0.31480756894972906,0.10617383692943336,0.10618447177934061,0.10590335690763,0.267055161493451,0.26717909317246974,0.26723170581772676
20.0,90.0,110.0,0.0,0.1866843517886527,0.1846857422315867,0.185835741908229,-1.8138914463928733,-1.8279872558638828,-1.8673298140569146,1.4824020293093554,1.4816313323737937,1.4814199725622015,32.58309449910175,32.58269191910788,32.582061585777325,0.7088879274287126,-1.824588487784622,0.20970480315074108,0.9001578623308206,0.4176188778141177,0.4172082701303296,0.4169474124477863,0.18602113240460313,0.18591068333755206,0.18598226418261932
0.0,50.0,30.0,0.0,0.1617465252420619,0.1609914869106814,0.16145626142648184,-2.091182875055116,-2.101177114276218,-2.0940513186472214,1.2773020550026852,1.273997947788735,1.2830258557589507,10.19287693259079,10.195110802534732,10.192145164829011,0.6597422425592191,-2.0628742020185755,0.00021894200411990946,0.303206956046961,0.15714843133798795,0.15733957331543066,0.15723940352579358,0.1608468349682242,0.16157001658094466,0.1620093501604004
20.0,20.0,80.0,120.0,0.0619285309021435,0.0592438585374656,0.061495486209639724,2.0305802391399888,2.015947854190351,-0.15773245739877662,0.4796967802341504,0.48141898327546045,0.48049854202757236,21.717392617713298,21.72727452826973,21.723997849590788,0.6162442654560011,-1.27379193074638,0.16595851815722018,-0.06348356857762402,0.24141785208342506,0.2414410955396957,0.24156629182853875,0.06156322408983785,0.061658821294462825,0.06145672172759134
50.0,0.0,60.0,-60.0,0.1493190731409616,0.1461795286932687,0.14686064660136144,-1.3511235937992143,-1.387529751772289,-0.6388841730258834,1.1566151972082994,1.1561305026309332,1.156854181654448,16.282729048640533,16.28782060809571,16.293066343866048,0.5786783317088385,-0.5219133872819157,0.32509719773916945,0.03744001365580016,0.1864044126850739,0.18647235398039208,0.18628928683471263,0.1467786999782532,0.14681712392239885,0.1468721609821809
90.0,20.0,70.0,30.0,0.252635192303342,0.2510773079929636,0.25217788491161464,0.1871177156113987,0.1711695644675528,-0.7865338959764525,1.9872859176460105,1.9880054788454533,1.9872396335172775,18.97736861533949,18.97158213641433,18.971176048586518,0.5984987239536121,-0.7371513072756187,0.6525839688142409,0.17574991265995724,0.22396129402504358,0.22397092479288028,0.22407998078254684,0.2522445109721217,0.25223327872368057,0.25214767618613954
50.0,0.0,50.0,-30.0,0.1533834043030065,0.1517354249759033,0.15229539905572653,-0.7903933902313803,-0.8168284252798905,-0.6657627543406619,1.1978833314808124,1.2007293711897251,1.1996893210182638,13.441680044154994,13.452801023602456,13.446527729422371,0.5786783317088385,-0.5219133872819157,0.27779752213637143,0.039682873089036445,0.1538697121748948,0.15395483184873876,0.15383676003456062,0.15224610375291117,0.1524684216245736,0.1521032261581575
50.0,0.0,110.0,0.0,0.1242841567069102,0.1209427644879462,0.12284371722756753,-0.3782643370256375,-0.3913122159095346,-0.5235501070042176,0.9672082591741653,0.9668976707215197,0.9668287042979075,30.187599153510984,30.185397817590307,30.178331607622134,0.5786783317088385,-0.5219133872819157,0.5033937983526245,2.385167555584975e-05,0.3427823071013572,0.34279860633693626,0.3426187092128166,0.12294458718819842,0.12290769685455226,0.12293758043331275
20.0,20.0,90.0,-60.0,0.0806927727518135,0.077560858563526,0.07851439905326128,-2.2422941604040427,-2.288215826075284,-1.3005624890146659,0.6282669010551684,0.6272990953520775,0.6281483787414296,25.41454068155487,25.41618881049875,25.42349311079709,0.6162442654560011,-1.27379193074638,0.20378934694210363,0.19971068005270792,0.3034852463567252,0.30361051075283924,0.30346971120027333,0.07849827498713391,0.07848554030151318,0.07860487908382252
20.0,90.0,90.0,30.0,0.214090215822447,0.2125743987506426,0.21324572911233808,-1.26453101518603,-1.2748099526450074,-1.8611333969793353,1.6937710233882994,1.6944712464993292,1.697169366902751,27.35843973780088,27.34476204977675,27.34570892496947,0.7088879274287126,-1.824588487784622,0.21544344004732302,0.9000587276035363,0.3640470188921075,0.36404111948460777,0.3640769692335335,0.2130539257487197,0.21347659959564405,0.2133777952918786
90.0,0.0,50.0,-30.0,0.2669674172144992,0.2665812158516317,0.26672386316340285,-0.4145084470731373,-0.4205043750255655,-0.6151188306508509,2.0998987390536508,2.100263994501712,2.0986705123169695,12.183148435371281,12.188248779822022,12.176628874613481,0.562745350766241,-0.5203297715459044,0.40563129018816557,0.037187207777239405,0.12798612045250776,0.12781651737186053,0.12776964354239684,0.26685395494201375,0.26669195619086666,0.266648365055877
0.0,50.0,100.0,60.0,0.1173802428188106,0.1138267460054908,0.11605891131768224,-0.9671251764627952,-1.0451703636520064,-2.0759900760095804,0.9314746040031558,0.9279140313340086,0.9340972081380083,29.01654944448338,29.008305143914985,29.020932316872308,0.6597422425592191,-2.0628742020185755,0.01086651470794998,0.49797188057322245,0.3598784730381101,0.35972488639941747,0.3600190768309808,0.11583316029376328,0.1161757205713287,0.11660827037789259
20.0,20.0,20.0,-60.0,0.1192885449258933,0.1139221104261764,0.11638344249590887,-1.8665540593226335,-2.117554574122856,-1.428612765167634,0.9181880728870456,0.9188826785636187,0.919555379734971,6.248079244996233,6.250830528719414,6.254056672218122,0.6162442654560011,-1.27379193074638,0.07906441920509723,0.10014716400736447,0.09272773502017426,0.09271515208651734,0.09287861176254467,0.11625137142203561,0.11642321848258644,0.11633480980694681
20.0,20.0,80.0,30.0,0.076745367259762,0.0760129675690208,0.0764031162200834,-0.7793134480030508,-0.8037724036431738,-1.388906853855458,0.6099483815031882,0.6122906475498976,0.611488428279283,22.70850745540536,22.71039024293054,22.697633191277248,0.6162442654560011,-1.27379193074638,0.16216950069866481,0.19007931455645724,0.2732439126195606,0.27328950181440226,0.27346247217021874,0.07638761107090962,0.07659517882809515,0.07629771966900838
50.0,20.0,80.0,30.0,0.1391334337038952,0.138413397998581,0.13894258853646946,-0.2234424723851005,-0.2334379938153518,-0.9485066071863886,1.0981199636254355,1.0988371224983333,1.0994474906478673,22.484721609876818,22.477708267634373,22.48862709670574,0.6115535893142118,-0.8927449704416845,0.4072025606057633,0.18417848129367015,0.26900299236123504,0.26882395167778983,0.2689902897943889,0.13887894111923874,0.1390462162045135,0.13896272709270538
90.0,20.0,80.0,-60.0,0.2459085733326833,0.2445114194134739,0.24474895889766324,-1.4414571658824022,-1.453618228694752,-0.7801628191184637,1.9288183707325315,1.9289538057529072,1.9295054357473527,21.890531389564174,21.901230862894884,21.902860285111448,0.5984987239536121,-0.7371513072756187,0.7311191036929389,0.19159349293688918,0.25816757472915636,0.2583870913492028,0.2582420807490564,0.2446810990010153,0.24477729153598976,0.24475671630979162
0.0,100.0,0.0,-30.0,0.2681438280223742,0.2663331914375799,0.2672240670755853,-2.0264251907514157,-2.061172442017103,-2.091372843140037,2.1086983315178194,2.106656696891439,2.108660147462696,3.220505096997556,3.216051863936749,3.2115656516181654,0.7218526699760112,-2.0319799578528905,0.0010736174933873035,0.3327532027145367,0.10488833235466391,0.10462088011877771,0.10465832424754183,0.26715949412618123,0.2671535484143838,0.2674210837109416
90.0,20.0,110.0,120.0,0.22282683784251,0.2176337015396748,0.2194161318313966,1.6004877232245578,1.5830541232046655,-0.7450205712713546,1.7307330874681377,1.7306118963757406,1.7301189940087298,30.42750123507873,30.437241763985675,30.440340887679966,0.5984987239536121,-0.7371513072756187,0.9076311722164917,0.20421634749927586,0.35465016164460744,0.35474652009266766,0.3548476526071575,0.2194752313136665,0.21939488974052299,0.21943057997378873
50.0,0.0,80.0,30.0,0.1354305139882922,0.1346273379448181,0.13513672391122908,0.1538627287238708,0.144430768847519,-0.583928024791961,1.0640761012758528,1.0650497095068914,1.063970812023694,21.85403593066352,21.856950194152084,21.850194254372525,0.5786783317088385,-0.5219133872819157,0.40174180703488815,0.024288860226284806,0.24877030200519504,0.24874342172451913,0.24855690837999717,0.13520334218230548,0.13519887371094483,0.13504877639933402
0.0,20.0,0.0,-30.0,0.1179927013587365,0.098776926353608,0.10856466533032255,-1.954117828387036,-2.096116863577059,-2.0881208859091442,0.8960260965892496,0.8945836088239071,0.8966008584157161,1.8934303086509918,1.8903589480369913,1.8946096548860631,0.617145342061956,-2.0150473293853004,0.0005447609646088514,0.06622474080642131,0.05722546443431558,0.05688632879637163,0.05705029246909755,0.113499623693133,0.11355576102273865,0.1137802730847986
0.0,20.0,10.0,120.0,0.116083650087894,0.0940761635124153,0.10456878782158942,-0.4118223681951307,-1.2732052656273674,-2.4350066981588725,0.8509384584231431,0.8573889098162779,0.8528214114977082,4.033286481594131,4.0421982717131915,4.024449492344698,0.617145342061956,-2.0150473293853004,-0.027096464890541905,0.0838102026914063,0.07516860697073686,0.07549622339294251,0.0756555168899345,0.10818793366784067,0.10840249805504747,0.10760448556181255
20.0,0.0,110.0,-30.0,0.051127006699014,0.0458272023393981,0.04912775226877737,-0.947392721436732,-1.0257298690717078,-0.5211351925459411,0.3853996534740335,0.38909508320843267,0.38909955972058785,30.311419200750272,30.316751251823025,30.313966396381762,0.5841886751953623,-0.5231776405480634,0.20315077441355683,-0.0005343883226644787,0.3453152854414252,0.3454676788900235,0.3454545221196761,0.049221458584640006,0.049658162896837596,0.04919854430880318
20.0,0.0,120.0,60.0,0.0496175810469393,0.0440554875528141,0.046029612370467814,0.6122780442352872,0.535118697864555,-0.5226218438673678,0.3647140767561733,0.36674449961925876,0.36560877841045053,33.10732595193568,33.097283991923256,33.10641031318625,0.5841886751953623,-0.5231776405480634,0.20853819075150234,-0.0002726595697509926,0.3768436170298059,0.3770879953086687,0.3771867851741438,0.04638029976060746,0.0464854623802328,0.04622948572171989
0.0,20.0,0.0,0.0,0.1179927013587365,0.098776926353608,0.10856466533032255,-1.954117828387036,-2.096116863577059,-2.0881208859091442,0.8960260965892496,0.8945836088239071,0.8966008584157161,1.8934303086509918,1.8903589480369913,1.8946096548860631,0.617145342061956,-2.0150473293853004,0.0005447609646088514,0.06622474080642131,0.05722546443431558,0.05688632879637163,0.05705029246909755,0.113499623693133,0.11355576102273865,0.1137802730847986
20.0,0.0,60.0,30.0,0.0600461342172244,0.058568480424912,0.05963725368485273,-0.1523016159642783,-0.1843208092900536,-0.8091960193655274,0.47184237714619637,0.4720359043128108,0.47282073468831576,16.66251311253965,16.660618807596347,16.66226992686853,0.5841886751953623,-0.5231776405480634,0.13250693201965977,0.03893912863545736,0.19380764456071736,0.19367950174053766,0.19369565173888081,0.059601583272853365,0.05972476563948224,0.05969183518898956
20.0,20.0,120.0,0.0,0.0621366133193281,0.0591283435137024,0.06058565781801565,-1.2453355378378297,-1.2732403122237137,-1.302184120320839,0.49109225966941383,0.4937577580421911,0.4925998902616668,33.62508395091665,33.63201449262523,33.62758151111097,0.6162442654560011,-1.27379193074638,0.20430696936116505,0.20000661896415592,0.39407993182621287,0.39421946634865207,0.3940743042933304,0.06086523250107873,0.061037997209312564,0.060715617806326824
20.0,50.0,100.0,30.0,0.1278304256825904,0.1255078357092297,0.12624669465491978,-1.100111440484598,-1.1255881912051462,-1.6994390887164845,1.0123135907245184,1.007648574775816,1.0092010577091115,29.008103077828853,28.99956385757979,29.002630009975967,0.658991099436022,-1.6861926913303058,0.20974193574229552,0.5000292494738235,0.3598207495713053,0.35970609875802206,0.35947266548742846,0.1263861157517449,0.12604312201515422,0.12661061983363997
50.0,50.0,100.0,120.0,0.1701424567683891,0.1659573092962637,0.1674157778310765,0.9723155291722934,0.9305992750464488,-1.3009233290822837,1.328840728186153,1.3283439021836079,1.3316809140833517,28.85068615036246,28.866217935946878,28.864700321042946,0.6550888176419655,-1.2898374651384217,0.5099924928759876,0.49999748245323083,0.3571741807611918,0.35720784348944673,0.35724845320558796,0.16720258060316548,0.16756547511028674,0.16761695666465606
0.0,90.0,10.0,-30.0,0.2684762076566919,0.266532618511215,0.267486526840721,-2.317553957921082,-2.490011430757362,-2.045506941310613,2.1113818771888067,2.111647893957438,2.111044000973586,5.929974050158958,5.930217398023546,5.933037860703509,0.7100174044766513,-2.0547884519709454,0.02148074300267025,0.43131968496919815,0.13515963950609655,0.13522358745439056,0.13516416278463483,0.2675258063797659,0.2674835379979795,0.26746165800884714
0.0,90.0,110.0,120.0,0.1816685638437555,0.1556958594795356,0.17903315993006275,0.0943886354428835,0.0002130183836965,-2.0760672686449992,1.4317058048092408,1.434457312190359,1.4297428799921583,32.56431021725836,32.57936033365446,32.57137577829576,0.7100174044766513,-2.0547884519709454,0.018413517949367526,0.8876673776028183,0.41677763401945866,0.4170123986986986,0.41690830848138166,0.17983798775815796,0.17959757627706355,0.17925437316973464
0.0,100.0,100.0,120.0,0.2118523117026805,0.194136962132123,0.2093797089335951,0.1220866967175423,0.0048483106539208,-2.0673148287204737,1.668131149390982,1.667586009151035,1.6694315426154538,30.18978393290646,30.191613627920255,30.192784481984194,0.7218526699760112,-2.0319799578528905,0.029502874331874044,0.9872397713506678,0.3972859985917447,0.39762226698138925,0.39779485367586537,0.20961578259539276,0.20976579319540956,0.2098488478614267
0.0,100.0,30.0,-60.0,0.2685266991094839,0.267640372010344,0.26807300383189564,-2.965313692349673,-3.1191223097177434,-2.0614534865576206,2.1186179658105115,2.118765606348319,2.119432788759046,11.479523239008326,11.485296611500747,11.489302584260143,0.7218526699760112,-2.0319799578528905,0.02202641644544669,0.6358126175855284,0.19878882500759698,0.19888294338383974,0.19878106766730824,0.2680162413156654,0.2681153376543055,0.26810319052203907
20.0,0.0,0.0,120.0,0.0894701204174801,0.0597085068960441,0.07527745145393759,0.3455526696634892,-0.6095419098213847,-2.0798077021433925,0.7321359077443643,0.7316519364162665,0.7316517289534747,1.927383349434486,1.9305793778583378,1.9357696630744397,0.5841886751953623,-0.5231776405480634,0.0004733043325337444,0.05568956021427769,0.06040698922751387,0.060459082266853696,0.0605765283453658,0.0926022261938099,0.09254849880898401,0.0926227910164054
0.0,100.0,20.0,-60.0,0.2685374998836008,0.2670147415040236,0.2678054692129336,-2.8109999100796714,-3.0864489882772195,-2.0347182104503267,2.115359352361843,2.1150442326768117,2.1159751503114794,8.706199835441657,8.704138516464289,8.708789725886373,0.7218526699760112,-2.0319799578528905,0.03284418891165781,0.5318457814289573,0.16706964938404698,0.16706007278481289,0.16706932638801203,0.26775946378663124,0.26783532769940616,0.2678737720175285
100.0,0.0,30.0,60.0,0.2836454188746112,0.2612264212640423,0.2683145443185222,1.834098414548594,1.3111582812543894,-0.9893525575315748,2.1153780860106735,2.117270468036547,2.120449867498731,5.673309851022326,5.664302914690927,5.665507738455189,0.5610908219554596,-0.5198393037975151,0.1405442234313567,0.07427326223015018,0.053400624091019595,0.05345157459092882,0.05329959178523981,0.268579260265622,0.26927501216720245,0.2690137114473585
20.0,50.0,20.0,0.0,0.1806179660464744,0.1787634969848722,0.1797817375772958,-1.427519684268484,-1.5173267660597325,-1.7941142344602223,1.4210548577541315,1.4198788854309838,1.4211846422160999,7.363380829136935,7.354631725397402,7.3522730907466265,0.658991099436022,-1.6861926913303058,0.0801895549795093,0.25938411546079576,0.1266595040293596,0.12642533670384698,0.12651609033606653,0.17975876443088537,0.17977215591516138,0.1799201202153904
20.0,50.0,60.0,120.0,0.1299717235268429,0.1234370801313318,0.1289301765385478,0.6218404273371351,0.4296431462248923,-1.6244052014269874,1.0246428590260954,1.0253606379065598,1.0255100194748392,17.822690483990055,17.83688170281677,17.83052945431391,0.658991099436022,-1.6861926913303058,0.1612095908147108,0.3187165931521585,0.23173590910939823,0.23175800642557257,0.2318433552946203,0.12901228792792055,0.12912531307503744,0.12902945107451735
0.0,50.0,40.0,60.0,0.1538861489907975,0.1523938303515658,0.15304579912414434,-1.049960326101684,-1.0884871893587458,-2.1036043780538463,1.212823973132636,1.2140628086987062,1.2125896346035234,12.86105287262568,12.856180404040748,12.856071996116118,0.6597422425592191,-2.0628742020185755,-0.0031258793671147095,0.33840338329877834,0.1852683257178384,0.1851999876168045,0.185138464776202,0.1531291207050297,0.1531022392393997,0.15294482674998156
50.0,0.0,100.0,-30.0,0.1362528152745895,0.1348891893188474,0.13570086764958086,-0.8701427455506929,-0.8802658179381952,-0.5219666751114008,1.0677941109917304,1.06766328191736,1.0688288895202003,27.331210158431652,27.329397412884312,27.330356321207745,0.5786783317088385,-0.5219133872819157,0.5029616754037777,-0.0008216819041437404,0.3097359601477552,0.30983718322706827,0.30964528190670243,0.1356260812010351,0.13575586463548586,0.13577048555128657
20.0,20.0,40.0,60.0,0.100066080094847,0.0963019344977434,0.0987883400625126,-0.2468655541338475,-0.3979820112007001,-1.5085851815010547,0.7831823759166888,0.783882046044537,0.7852194343027225,11.908169741303933,11.902165474255845,11.905646577798041,0.6162442654560011,-1.27379193074638,0.10150139194572229,0.1534674405145895,0.15582469543598326,0.15579175296219017,0.15585719998468245,0.09872941492407385,0.09899396163928771,0.09888628300049489
90.0,0.0,0.0,0.0,0.2680544161314068,0.2661406320716557,0.2671054144631762,3.1362750423425503,-3.1410982856828125,-2.091362685323016,2.106223467679137,2.10858643316233,2.108527255944516,3.257266487613324,3.252493358098268,3.257220856728947,0.562745350766241,-0.5203297715459044,0.001084048798530117,0.3375906760878476,0.10621056982141856,0.1060811040063627,0.10628648376286423,0.26712512476313294,0.2674159513945661,0.2671150185462852
20.0,50.0,110.0,120.0,0.1183086118821054,0.115809560930969,0.11694116469729833,0.5136180800859349,0.4295264584606371,-1.6963297410904294,0.9373592543331032,0.9358522379777681,0.9403319091978807,31.669217959145122,31.66570135235495,31.67693601569056,0.658991099436022,-1.6861926913303058,0.21194589746015127,0.4982414136634742,0.38836886791909797,0.38850455108447157,0.38854093691538394,0.11675640356703498,0.11714543693435155,0.11730917656114469
90.0,0.0,60.0,120.0,0.2671355549368154,0.2606533525300275,0.26612571536314705,2.08295438907356,1.9932164128707568,-0.6098097533380614,2.094969160057156,2.0961211585702477,2.096422533432262,15.266686285439052,15.271830860831974,15.268990450104239,0.562745350766241,-0.5203297715459044,0.5284717322767692,0.04652293176583823,0.16632330853535704,0.1662799296205047,0.16622928853748875,0.2661409462825471,0.2663207506493208,0.26617679155505464
50.0,20.0,40.0,120.0,0.168243730350773,0.1554564973443942,0.16464196772100434,1.514558702235444,1.2358014530316044,-1.0972908665104357,1.301581988569326,1.300039134607476,1.3020857106868053,11.422384825347988,11.431118499572735,11.42763392314326,0.6115535893142118,-0.8927449704416845,0.24428834459482165,0.1590349924164329,0.14798165784160056,0.14805631511417292,0.14798525482018265,0.16476038425698955,0.16482597722522704,0.16501683823876978
90.0,20.0,50.0,60.0,0.2676731530482714,0.2664841978460404,0.2670317558657618,0.9001519805483807,0.826407073755417,-0.8436720802680838,2.104675245001736,2.1031753401266173,2.1034498543352305,12.991272845018933,12.993022351765362,12.995941040859327,0.5984987239536121,-0.7371513072756187,0.47004069410326094,0.15652058331553612,0.15475037680310166,0.15471389006225353,0.15470809806261618,0.26706306312686257,0.2669073522414671,0.2670957696086272
0.0,100.0,110.0,120.0,0.1987513455165032,0.1598581187854737,0.19485577819718314,0.0928046597891738,0.0096913088752968,-2.073045442360988,1.5612789551954906,1.558859034312623,1.5605083091802558,32.75758424535048,32.76931872475312,32.765199344975514,0.7218526699760112,-2.0319799578528905,0.022946294061537552,0.9794712328349043,0.4228933811095092,0.4232113118038314,0.4233658023241544,0.19577249534153593,0.19568011949528738,0.19597463042182803
50.0,0.0,120.0,0.0,0.1130005999407448,0.1114355478481458,0.11232189788541044,-0.3984951093187767,-0.4198303581684245,-0.5234766480213299,0.8856121967296104,0.8853752809724033,0.8842839145391175,33.00391721023622,32.99935282263726,32.98879576241915,0.5786783317088385,-0.5219133872819157,0.5038286276544026,-4.837706823125333e-05,0.37466457137849285,0.37478456798915555,0.37477947009374557,0.11252166193388789,0.11234940388882021,0.11239530381610618
50.0,20.0,100.0,120.0,0.1417145216465477,0.1354455062512773,0.13810945399316307,1.3688467316704158,1.3426989549905264,-0.9010662948691217,1.0926180601446676,1.0919509235724647,1.0935234698912255,27.99220009902881,28.001458171735788,28.00203899426702,0.6115535893142118,-0.8927449704416845,0.5071411330158947,0.20064870492166798,0.3304343678791236,0.330625889576121,0.3306503200679229,0.13808825443313655,0.13820416667470822,0.13828957183614293
20.0,50.0,90.0,0.0,0.1369355595221921,0.1351560100513158,0.13622638770064982,-1.6261752005426575,-1.6523963443050231,-1.7088918164764395,1.0880919305531036,1.08451400808124,1.0866519146314568,26.34315286594967,26.338934624552756,26.337269756215793,0.658991099436022,-1.6861926913303058,0.20365197613270686,0.5000157121924234,0.33218946996350834,0.332082315027559,0.332077053863362,0.13628528362848635,0.13612051988220564,0.13655458121688754
0.0,50.0,20.0,-60.0,0.1719043799554941,0.1697732233979425,0.17057948958461253,-2.7783696774077797,-3.088967501360408,-2.0115802438375106,1.3481871790612123,1.3484389188437853,1.3480715949677962,7.5222027663524225,7.523875399264873,7.523052765180514,0.6597422425592191,-2.0628742020185755,0.022442073107845455,0.26094718306090353,0.12883686436214856,0.1287845920169989,0.12873165807407316,0.17057955941207503,0.1705652520293718,0.17053790900333896
0.0,90.0,20.0,-30.0,0.2594568896098811,0.2584320451651012,0.25908529755804127,-2.457427597968059,-2.5924350852472555,-2.0648903084925605,2.046819745974206,2.0462715539693432,2.046514822295645,8.618265196844481,8.620416614611807,8.619464439510796,0.7100174044766513,-2.0547884519709454,0.015549901082041094,0.506518183907653,0.1641395271696459,0.16405446943470814,0.16404077516167245,0.2590911415280491,0.2590487365613652,0.25912408742718246
100.0,0.0,40.0,-60.0,0.2672742471043347,0.2193029796274264,0.2641821167025513,-0.6835758646561293,-0.7700305283313109,-0.6151712530000696,2.085596163187051,2.086613222993108,2.0864960265924863,8.8543277692754,8.861600681129152,8.856344544110597,0.5610908219554596,-0.5198393037975151,0.25784910640046804,0.023386104999106774,0.08255721107825162,0.08260207961378753,0.08240667876179865,0.2650174137613632,0.26512771883778,0.26499371387423654
90.0,20.0,30.0,30.0,0.2679666743623907,0.2661093310638958,0.2669664085599883,0.9138767406653764,0.5877043897436883,-1.0369347259688682,2.10486731025123,2.100769236868364,2.102603249671924,6.421448413428815,6.422255888941422,6.422548777770462,0.5984987239536121,-0.7371513072756187,0.21343323122696745,0.1219254189029541,0.0770004028276889,0.07708123222551086,0.07707351417859122,0.2669953702182534,0.2667094496769757,0.26722702532155046
20.0,90.0,20.0,60.0,0.2641358613263136,0.2555195365673289,0.26191074424028704,-0.5931404091428709,-1.0308551058646651,-1.9853742084641275,2.0725523233683383,2.0772403724359116,2.073924234437702,8.568956319276772,8.566366027103394,8.571144728720482,0.7088879274287126,-1.824588487784622,0.054345585514705794,0.5106078017025866,0.16386483949284633,0.1638398658388584,0.16395001059000827,0.2627441282957611,0.2629153863168982,0.26232306275845096
20.0,50.0,80.0,-60.0,0.134477188989055,0.1338140719717643,0.13405224921217834,-2.691241653046009,-2.710173471949974,-1.7301663995734602,1.0674822877305776,1.0682584477966925,1.0683251249144972,23.503908039662925,23.52438522321152,23.52286116700078,0.658991099436022,-1.6861926913303058,0.1716357945638077,0.4485497625555738,0.2995848239982573,0.3001450543254391,0.29948405960371055,0.13400377647550418,0.13414743765518022,0.13406512743476096
0.0,90.0,20.0,60.0,0.2600010718327078,0.2581317553551985,0.2591041890777113,-1.0600587591778483,-1.1960308918888094,-2.112742756235846,2.047603433254708,2.046195316489999,2.046548479291591,8.629359982492815,8.628457527837982,8.627215931708998,0.7100174044766513,-2.0547884519709454,-0.009630722421023214,0.5042340848497723,0.16305338024316884,0.1628187536719085,0.16288263727555263,0.25913471002383276,0.259009044607223,0.2591887748446486
0.0,20.0,100.0,-60.0,0.0509388852949607,0.0494251590167183,0.05017093099952448,3.1413243110707234,-3.141090776152052,-2.062499449288182,0.4111963218221717,0.4109390008550894,0.4102745068548243,28.186026078261303,28.19060753743688,28.193140008110202,0.617145342061956,-2.0150473293853004,0.007035101269742297,0.2000024323431514,0.33407838797082406,0.3342711979104912,0.3341847841704383,0.050398628495678055,0.050281060266968054,0.050326061634443885
20.0,20.0,60.0,-60.0,0.0904955813860808,0.0885932501441623,0.08906856830635843,-2.317949216484035,-2.382777617394124,-1.4296999409378421,0.7089744160385237,0.7093678960362786,0.707825492796997,17.30518076846627,17.305341397415013,17.309222570861294,0.6162442654560011,-1.27379193074638,0.14129359636814526,0.1797649445038197,0.2146006493683711,0.21478060792144482,0.2145157377729003,0.08918514740525638,0.0890402011863731,0.0889821593402918
90.0,0.0,30.0,60.0,0.2837929094791567,0.2616352668164062,0.26831428274189484,1.8266794802061896,1.3069316815182974,-0.9901273352985839,2.115873801449003,2.116067298548212,2.118996965137504,5.6539163932381085,5.660650723200781,5.67355650688726,0.562745350766241,-0.5203297715459044,0.14119621003595476,0.07468586073922719,0.05360924444571432,0.05375487073139628,0.05386320074010378,0.26857911767676634,0.2689817412832947,0.2689959502291211
20.0,90.0,80.0,-30.0,0.2298142417141635,0.2277543316613131,0.22887954102779073,-2.3070120022513696,-2.314819975406712,-1.8663397483134474,1.8148535548463538,1.8206154279497917,1.8152960458878178,24.752508200551066,24.767718313460417,24.750903051428725,0.7088879274287126,-1.824588487784622,0.2099108681282554,0.8994025417970454,0.3379907081300839,0.3384752842028015,0.3380998383243977,0.2291491530536905,0.22920132493923062,0.22849787724751022
100.0,0.0,50.0,120.0,0.2673928776578899,0.2666360521781075,0.2668659837294725,2.1982688051825123,2.057337054432955,-0.6463041566976839,2.0999974540435438,2.10113512179649,2.1015169975669856,12.269385304834607,12.272544002546708,12.271200253174428,0.5610908219554596,-0.5198393037975151,0.4160002800263952,0.05284648571804959,0.13110167906751194,0.13103447799262224,0.13109002037955295,0.26678481297531487,0.26697311692308456,0.26683426738466764
20.0,90.0,80.0,120.0,0.134328081280872,0.1311521329324127,0.1337546672279675,1.168582982887842,1.1238926918091583,-1.1070109844445557,1.060886911436112,1.0601750180020058,1.059433776573571,22.734938909246544,22.7415997445093,22.737923459128528,0.7088879274287126,-1.824588487784622,0.36881460611601286,0.24362984353539335,0.2763686155248615,0.276580882119959,0.27633175259720416,0.13390686536752253,0.13372001583059806,0.1338160228478137
0.0,20.0,110.0,-30.0,0.0474199632053891,0.0451654078676337,0.046066974614156354,-2.560612432196894,-2.6357006045121025,-2.0654920414538807,0.3817970905825695,0.3787574720938872,0.3818976075371125,30.921741818687952,30.927039775209046,30.926734137485195,0.617145342061956,-2.0150473293853004,0.006617356350698292,0.20006540810296644,0.36396651345105635,0.36406104147314206,0.36413805660699955,0.04615253079609103,0.046163726674933035,0.04653446306447293
90.0,20.0,60.0,0.0,0.2642529049659573,0.2629952586692455,0.26390120773357423,-0.25474366683352,-0.2683049629621851,-0.8096929918858556,2.0786837537396337,2.0801012534303656,2.079921027587517,16.010927237091963,16.009530287467072,16.004441343249585,0.5984987239536121,-0.7371513072756187,0.5746434246211902,0.16912038925987882,0.19000108394366205,0.18996434715093902,0.18987159270082765,0.26388034516341663,0.2640435867094492,0.2638555112429014
0.0,20.0,80.0,-60.0,0.0604665289785365,0.0593030101031455,0.0599629706412925,3.14159084165904,-3.1414558621455075,-2.0815313654834164,0.48546515854953814,0.483373568235959,0.48669494824948767,22.747700953160635,22.759472065107424,22.763822129163024,0.617145342061956,-2.0150473293853004,0.002985741978540571,0.19687874278341172,0.2743780865665629,0.2745275302710431,0.2743950017251559,0.05977759970547977,0.05995092754462723,0.060227481616827304
20.0,0.0,50.0,30.0,0.0634251436992424,0.0610742681920059,0.0627068870246292,-0.1792402969823094,-0.2462883633262687,-0.8692370037801108,0.49514254097512433,0.49660101801287276,0.4979194779962617,13.930439141544346,13.921147579532759,13.935305616482134,0.5841886751953623,-0.5231776405480634,0.11537076081903601,0.04160477122832815,0.16332028869022655,0.16318929249368358,0.16328982439986975,0.06258640769517665,0.06293690545796543,0.06273318919384473
0.0,90.0,40.0,-30.0,0.2387607888985097,0.2381720602248879,0.2384234563703179,-2.572081067234158,-2.6182437874969726,-2.0864845196398503,1.8868466549144036,1.8866002174318597,1.886047461640461,13.882049353843714,13.886876863557156,13.885604229961658,0.7100174044766513,-2.0547884519709454,0.005497865969813273,0.6231269318627229,0.21842976554496968,0.2186346849056683,0.2185951485342668,0.2384891519957678,0.23837991256805777,0.23842000783059203
0.0,90.0,50.0,120.0,0.0942644520792954,0.073739351182902,0.09021192525046523,1.6893092779844818,1.3941816132061136,-0.6895260550953305,0.7152738137414387,0.7146814081396732,0.7143548204966788,13.735696492705143,13.743241996891866,13.735824979303999,0.7100174044766513,-2.0547884519709454,0.1680481581930611,0.028591401442700726,0.15847622351566887,0.15866502369960936,0.15848697276367046,0.09072508528331563,0.09060508398112281,0.0906776382278423
20.0,20.0,110.0,60.0,0.068883087463416,0.0647726391946834,0.06626970274367613,-0.1408415289651324,-0.2231781212773689,-1.2920802083989562,0.534947012896067,0.5364240277784748,0.5324413825079067,30.90197171546951,30.89138552578854,30.89778306424197,0.6162442654560011,-1.27379193074638,0.2081365868226271,0.19970900856983959,0.36357378037103993,0.36371056651082406,0.36356810281465285,0.06668316882396182,0.06636460119524801,0.06621756514830056
0.0,20.0,40.0,30.0,0.0821952289299997,0.080489273469716,0.08148607491642758,-1.556608948488263,-1.6128530423232093,-2.098154869080483,0.6491695701718121,0.6503242729028639,0.6474831495722643,11.998335234862209,11.990203750679802,11.985088001283685,0.617145342061956,-2.0150473293853004,-0.0005563744315957282,0.15317467255104064,0.1571551206900861,0.15704989082513768,0.15703813402085387,0.08172359671748829,0.08152171331202088,0.08136560668021538
0.0,50.0,70.0,120.0,0.0354821000204746,0.0243013942488778,0.03401942579901529,1.7479745955524273,1.4065515097479997,-0.48553382157477293,0.2702495474583792,0.2701955246841855,0.27104916798064677,19.250309070659835,19.26060881566749,19.254486732229424,0.6597422425592191,-2.0628742020185755,0.0886254812518969,-0.003390098806251029,0.21912725573876912,0.21911147889255317,0.21921228480305247,0.03430218882602524,0.03440247008355633,0.034395895989594985
100.0,0.0,0.0,-30.0,0.2681838648967198,0.2662570636014304,0.2670930823280933,3.139468411462252,-3.137894126488257,-2.0913395982762553,2.106323822438738,2.108170791264609,2.1081903471689416,3.259088505745051,3.2545722613238444,3.256827675389317,0.5610908219554596,-0.5198393037975151,0.001087760444834863,0.33755110806089755,0.10622403317919489,0.10609607795342103,0.1062872486692559,0.2671127912721664,0.26735127191228014,0.2671099584279241
50.0,20.0,60.0,-30.0,0.1549143662690536,0.1539061964870228,0.1541838386825006,-1.2285560990112523,-1.2435006631211605,-1.0030650578363476,1.2183722689721854,1.2178560420064926,1.2172341057021019,16.989854819372383,16.98973531555443,16.98477109945816,0.6115535893142118,-0.8927449704416845,0.34135730849505297,0.17732283693534506,0.208635601578001,0.20860741766609442,0.20864167690911017,0.15425697296682123,0.15410260939924567,0.15417856178934425
100.0,0.0,20.0,-30.0,0.2843493379049754,0.260460505011975,0.26630641329878074,3.134697137133656,-3.137948998695138,-2.5514226578585677,2.100513856266199,2.1038998393262123,2.102876604077335,5.379656286257945,5.39156662378013,5.402185113496495,0.5610908219554596,-0.5198393037975151,-0.12043080753042582,0.2509281802541244,0.10268423591572959,0.10270449974290477,0.10304753347020393,0.26663687097402405,0.266935030221208,0.26650278396717353
100.0,0.0,100.0,0.0,0.2401361480816388,0.2396813719677026,0.2398914226489103,-0.2157711486363277,-0.2185931603388584,-0.5197206727886683,1.8875932557688984,1.8882846584977435,1.8879650493710614,26.841764423432934,26.837758084679603,26.82890420130777,0.5610908219554596,-0.5198393037975151,0.8601467278133851,-0.0033118426859356813,0.29978517378409686,0.29957954252436547,0.29969971444296745,0.23989575179526634,0.2399342841697793,0.23985822954755193
100.0,0.0,80.0,120.0,0.2528421375227812,0.2498670884119259,0.25219901615961904,1.9360040122838995,1.9118926414864128,-0.564893200152045,1.985463425018206,1.986301283048206,1.9850381865392963,21.16478679241792,21.167306394666696,21.16743016430707,0.5610908219554596,-0.5198393037975151,0.7097356186204695,0.029619067561791713,0.23518129544838579,0.235403449387839,0.23535075723282284,0.25231894509556924,0.25226009228903656,0.2521669982163244
50.0,20.0,80.0,120.0,0.1288647182051157,0.1262744724081778,0.1284068289998238,1.5892099390656205,1.5627508810697075,-0.7076383513733369,1.0139256869178808,1.0122548844564485,1.013365558361637,22.067785218247998,22.0786891759216,22.06835315299532,0.6115535893142118,-0.8927449704416845,0.38598002707194656,0.07199297800010034,0.2554234476064026,0.2554416775134148,0.25521504332596145,0.12843304331423544,0.12836924153498325,0.1285621610169397
20.0,20.0,100.0,60.0,0.0748013764017833,0.0701891275819383,0.07208998498260985,-0.1281236009194747,-0.2179898133697892,-1.2929105464859718,0.5789280822274471,0.5780830710495812,0.5779114195270895,28.164909205955226,28.155098964623708,28.161211767045398,0.6162442654560011,-1.27379193074638,0.2070802369797123,0.19953440897735086,0.333574747253723,0.33349696857766414,0.33357799414451816,0.0722408750136241,0.0721106871745577,0.07222531431130226
20.0,0.0,40.0,30.0,0.0676124698478119,0.0636804533706962,0.06596434832434481,-0.1835732056685041,-0.2934516122640372,-0.9326536425745457,0.5195490497079241,0.5246100852440455,0.5235625610489096,11.210070693236695,11.224024414606136,11.22125089706014,0.5841886751953623,-0.5231776405480634,0.09658274845963659,0.04198920352217597,0.13367847974948396,0.13396533192243285,0.13417044568537018,0.06596936785049189,0.06648927472012725,0.06582039688400892
20.0,0.0,60.0,120.0,0.0602831438306061,0.0541865309117063,0.05907755704560965,1.414740405271672,1.2867317527170772,-0.823487437683126,0.4685035434976397,0.46825478874676246,0.4691143657263952,16.665693290883013,16.670954114072387,16.670711001568304,0.5841886751953623,-0.5231776405480634,0.130614669532421,0.0405327381865347,0.19396045507201146,0.19400578552288078,0.19397371984464765,0.059140501177910816,0.059219597680373263,0.059244544105410565
0.0,90.0,60.0,30.0,0.2183380440170941,0.2178667970173531,0.21812417373866924,-1.5703736095690854,-1.5811219372825438,-2.095884588565825,1.7295173259307703,1.7289992778069274,1.7295270445812796,19.165415500996552,19.169229187726767,19.162312583476034,0.7100174044766513,-2.0547884519709454,-0.0007018542230665264,0.7134621233965424,0.2738889990946893,0.2741008185415579,0.27399614706951025,0.21810495734627147,0.21812324751654882,0.21819521247556847
0.0,90.0,120.0,60.0,0.1807817274983471,0.1781640896680014,0.17920711255874697,-0.6555417761494667,-0.6725222982182835,-1.773414913029611,1.436186663197777,1.4285488176059244,1.4290172789003683,35.171687290828125,35.162147276761125,35.17052910122038,0.7100174044766513,-2.0547884519709454,0.3013407836268264,0.8993800134677421,0.44425119095042465,0.44361191810422584,0.44417101609098864,0.17967922323191476,0.17879080352363105,0.17975317554945655
20.0,50.0,10.0,120.0,0.1907094175409109,0.1852849698775361,0.18688134889311947,0.4149117500485804,-0.4546573600955716,-2.080433751927691,1.4770742530613645,1.4771280395620592,1.4717125887712097,4.993825688621411,5.002885826606505,4.9999614210039,0.658991099436022,-1.6861926913303058,0.0021372626466242602,0.22980174283009083,0.10402541148893232,0.10435042336443359,0.10419955609437412,0.18731913638725006,0.18662361257272803,0.18661139371333405
50.0,0.0,110.0,120.0,0.1275748044291746,0.120733771200814,0.12382794673016856,1.7215604342305866,1.6975027413701893,-0.5260090162673541,0.9746932953245367,0.9745638021275314,0.9745376451131669,30.18034999717993,30.188710893713928,30.187483958008194,0.5786783317088385,-0.5219133872819157,0.507407196029036,0.0011303119100725954,0.34271402725820216,0.3428634037386571,0.34286669714294965,0.1238988770220563,0.12387996271525567,0.12390581172097534
50.0,50.0,10.0,120.0,0.2298261384501465,0.217285082931212,0.2234177914199579,1.7155359637304732,0.3752784345238142,-1.8268446082349963,1.7660942130310933,1.7618635645877758,1.7664379067505054,4.5007668663270834,4.510094915009941,4.49936796694671,0.6550888176419655,-1.2898374651384217,0.07084395429448706,0.2668334278901003,0.10380589230722434,0.10395318258596167,0.10360995077928001,0.2234764797834948,0.22351873004811465,0.22405337540409806
0.0,100.0,90.0,-60.0,0.2263640356363334,0.2247116639403965,0.22570720784426204,-3.1219848980843445,-3.1308141320881737,-2.081983052817396,1.792175202142341,1.7968702082406498,1.7927111768213897,27.60031066467107,27.61343068841959,27.604939846951613,0.7218526699760112,-2.0319799578528905,0.014087220352736341,0.999873804949507,0.37185169649364913,0.37228982133122696,0.37204737925892784,0.2259181610486513,0.22599219920080782,0.2254062382405378
20.0,20.0,60.0,60.0,0.087981716747547,0.086298069028039,0.08758599096463465,-0.2686849949560911,-0.3233767194992725,-1.4436323307375791,0.6972932638070318,0.6981796977919635,0.6969586818633818,17.309147631292348,17.303622531450465,17.30370775746885,0.6162442654560011,-1.27379193074638,0.13605696233814216,0.1787432735392642,0.21456981743363626,0.21447019925661945,0.2146808406666934,0.08769444762397553,0.08764792196742635,0.08754218336424004
0.0,90.0,50.0,30.0,0.2280145684264436,0.227492151484813,0.2277352984001228,-1.569224211362929,-1.5829265354943107,-2.0956783251155455,1.8034855544650972,1.8038083103602345,1.8039190846043611,16.521836033566327,16.516805289510653,16.517438411296023,0.7100174044766513,-2.0547884519709454,-0.0006223974824502142,0.6695616230220534,0.24628832633053344,0.24620237056027672,0.2459163266934178,0.22770341645906741,0.22778337104249102,0.22773698177387508
0.0,90.0,90.0,30.0,0.2081242488782913,0.2061511046839549,0.20725283445330733,-1.5084467678947766,-1.530476881519966,-2.0572693309540275,1.6504939537644716,1.6472222384608588,1.6479699969015014,27.38719662662983,27.375154486991605,27.37160148071685,0.7100174044766513,-2.0547884519709454,0.03517532681348577,0.8995721475165185,0.36457750138167005,0.36468432898688763,0.3645464675555324,0.20738911588724537,0.20708916280068682,0.2075128345259194
0.0,100.0,80.0,30.0,0.2430393352394518,0.2408690437211836,0.2420004031393227,-1.530898114902811,-1.5502725457689257,-2.07513307906295,1.921104269291124,1.920164100844947,1.9219277415554534,25.039554661686303,25.030469019856714,25.03130721744681,0.7218526699760112,-2.0319799578528905,0.020764634683123208,0.9994981059003356,0.3463728402848822,0.3465216351081843,0.34638766752949246,0.24195790930858693,0.2420581527713023,0.24219887534414927
50.0,50.0,70.0,0.0,0.1804892787369769,0.1800975657808124,0.18029899729449994,-1.1273514394290567,-1.1319416957136257,-1.3479318891199104,1.4278390148169455,1.4279621358594414,1.4285183048131893,20.606857067259774,20.610508851589167,20.604547041433793,0.6550888176419655,-1.2898374651384217,0.39036665547636357,0.4216701184515813,0.26680558896920586,0.26651797493409174,0.2667075254557465,0.18026321943313997,0.18034027366830663,0.18033412523588974
50.0,0.0,100.0,120.0,0.0998155540153538,0.0985595305169439,0.09952673009384247,2.081479806371316,2.073932394802776,-0.13146709025199804,0.7779049036748265,0.7795645545529133,0.7777028768276374,26.99136192031334,27.003025700122688,26.995037623708733,0.5786783317088385,-0.5219133872819157,0.32720664714249764,-0.13513805246632937,0.2972334423759815,0.29744221319818037,0.29743065657422285,0.09965994677480652,0.09961253100839185,0.09942441064431957
20.0,90.0,50.0,0.0,0.2337457710094594,0.2331897931880438,0.2335065423939456,-1.7664207062015411,-1.7747940757796343,-1.8877711047379826,1.8490019885272513,1.8493030496917346,1.8483965110219245,16.468359945382723,16.47313268488503,16.46265551988921,0.7088879274287126,-1.824588487784622,0.14072815747375947,0.6699417009138053,0.2455806617615255,0.24561847028181655,0.24516330327800798,0.23356754298860943,0.2335117294543412,0.23346612720285406
20.0,0.0,70.0,30.0,0.0571175894791621,0.0561173004131101,0.056781431665239614,-0.1100732652457482,-0.1496080667621005,-0.748177337877905,0.4485165341755138,0.4503126903347029,0.4497710746560415,19.38139899049571,19.377628809450357,19.378393089245318,0.5841886751953623,-0.5231776405480634,0.14816936068512915,0.033845622851603786,0.22372521966458425,0.2236719464485535,0.22364235328729154,0.05680191200846165,0.0569540623154664,0.05671447958059147
0.0,90.0,60.0,60.0,0.2040913191450372,0.202758634073932,0.20354683491850428,-0.7471775193717701,-0.799653539148751,-1.8898883946538456,1.6137183307408953,1.6141682307689607,1.6143647596479842,18.90270944969064,18.892975207205662,18.89748105760467,0.7100174044766513,-2.0547884519709454,0.1311381097606495,0.6329738987586907,0.26576376802378476,0.2657286847566169,0.26597623017020455,0.20352385314114324,0.20360522959016947,0.20355055545620143
50.0,50.0,20.0,-30.0,0.2313252598903129,0.2273024803067293,0.22963822585096164,-0.8933621720233399,-1.0397151739703896,-1.4515076415743318,1.8107258313102736,1.8120081406699262,1.8121094446218609,5.937744827929864,5.935071049214168,5.934557043820225,0.6550888176419655,-1.2898374651384217,0.1721470425831419,0.23016877533066007,0.10504739238543857,0.10493327917304882,0.10500171541465822,0.2296513716851391,0.2298248423121827,0.2296644445766165
50.0,0.0,60.0,30.0,0.1460002326760467,0.1440704212258618,0.14543988043369976,0.1898206980543663,0.1687241821604183,-0.6434470186182445,1.145956100122754,1.1459634340651594,1.1459091234590288,16.30347640913698,16.296836122136973,16.306382925503257,0.5786783317088385,-0.5219133872819157,0.3223217105299471,0.038906601926225644,0.1867433739203545,0.18678182619599382,0.1866587500408308,0.14546809896178567,0.14547397488265093,0.1454669320938739
20.0,90.0,80.0,-60.0,0.2299451607058464,0.2275863912486097,0.2288553805022187,-2.825679547218998,-2.837411328647612,-1.8652884377986343,1.820342021851539,1.8153853963869262,1.81440693492345,24.759674257461796,24.762070694657325,24.75915315660983,0.7088879274287126,-1.824588487784622,0.21092706247949058,0.8989818783344505,0.3383074624901944,0.3381880747570518,0.33794941738055817,0.2291972981642335,0.22848150758719604,0.22908500250017078
0.0,100.0,80.0,0.0,0.2429355912735932,0.2412874928948057,0.2420358898187109,-2.0769143467267432,-2.083525717220675,-2.0834820430517347,1.921092321741935,1.9210872783479174,1.9216151829337869,25.042209440029236,25.03682194060815,25.034619714721362,0.7218526699760112,-2.0319799578528905,0.012210566263036399,0.9999288979849128,0.346635084869076,0.346607523142092,0.34636956268503344,0.24204969632455423,0.24212963399512685,0.24211409812400003
0.0,50.0,20.0,30.0,0.1705970103599453,0.1695040871049072,0.1700293643489226,-1.5766556073640354,-1.6654318159854635,-2.1107691233476675,1.346093731637168,1.3433523092822846,1.3434413717990752,7.547220740983523,7.543605414090531,7.540289379865448,0.6597422425592191,-2.0628742020185755,-0.004395694778911402,0.26212362356871777,0.129276290947692,0.1293035286499269,0.1292796767717133,0.1701763666098274,0.16982728624046586,0.17017155465360562
20.0,50.0,50.0,0.0,0.1547278085263029,0.1541670100709948,0.15450511578912302,-1.626614705726496,-1.635411593804326,-1.7555343913953758,1.2274655635121707,1.2253214848291267,1.2231286114121205,15.462734346468492,15.452807170006725,15.450173780193932,0.658991099436022,-1.6861926913303058,0.13072620971824217,0.37044277494366834,0.21278938292021526,0.2126807805560091,0.21274204747352268,0.1548007763245612,0.15425406210394815,0.15452616061714622
20.0,20.0,110.0,-30.0,0.0666251813517811,0.0636289470252308,0.06557880349784106,-1.752946949541426,-1.8027377058647784,-1.301309946789464,0.5293637701656271,0.5324355600380434,0.527670306965086,30.90023033174664,30.90993516741012,30.893473093593347,0.6162442654560011,-1.27379193074638,0.2037385013078342,0.1996294608563264,0.3634968314516614,0.36389780254505855,0.3635377373660522,0.06606938956466489,0.06586291152059523,0.06550095791045377
50.0,0.0,70.0,120.0,0.1408915926632923,0.1370587745163826,0.14017766036283177,1.7317546686867642,1.694414291079331,-0.6223488349950237,1.104308321664356,1.1052144140394395,1.1048132715135661,19.097846848716657,19.11541769682909,19.108506731172042,0.5786783317088385,-0.5219133872819157,0.3643498895040516,0.03633680391697373,0.2183995046150719,0.2185961418297873,0.21841798690834718,0.14025525243609047,0.14031759278455758,0.14019028715704804
20.0,0.0,20.0,60.0,0.0961018623028846,0.0527422222144725,0.07476523579758346,0.6774435572577645,-0.5594943536051729,-1.1962049969762987,0.6003324465941264,0.6016294099304612,0.5998237573820263,5.822370808335399,5.821869650930615,5.816667877473104,0.5841886751953623,-0.5231776405480634,0.05254683336874404,0.041375011475199834,0.07669963120323899,0.07677123418933422,0.07664082551233667,0.07611773812905792,0.07605168162662912,0.07589381674205571
100.0,0.0,120.0,120.0,0.2106411982359766,0.2044181257847059,0.2063861566207378,1.7905507707494774,1.7673437271829926,-0.5279214582597592,1.6258527374079317,1.625147173053614,1.6223590418530898,32.69792012356792,32.708670760564395,32.7070618831008,0.5610908219554596,-0.5198393037975151,0.9110666611011682,0.004169339036427347,0.36904829078050805,0.36934754586723584,0.3692268183950638,0.20663180307499904,0.2061994934726631,0.20630613151277538
20.0,20.0,110.0,-60.0,0.0666617433751582,0.0632269520472329,0.06550744648952997,-2.276467238748056,-2.3303426423675053,-1.301242284358616,0.5334539127715778,0.5261533216256887,0.5278483966427095,30.90162627657918,30.895973032722388,30.901928900122336,0.6162442654560011,-1.27379193074638,0.20357637072988877,0.19932852794712683,0.3637704283899182,0.3634702665060504,0.3634101847930997,0.06586970552757217,0.06519332126349636,0.06609218139629536
20.0,90.0,120.0,120.0,0.1765895552295584,0.1732572282666539,0.17468539691746487,0.3184967157590363,0.2660238382743169,-1.860668934778082,1.3933875374988727,1.3948864332746163,1.40036388879466,35.18106979970322,35.18556389521426,35.186157100095905,0.7088879274287126,-1.824588487784622,0.21675439583837833,0.8990189169872612,0.44395823414996544,0.44429374070466954,0.4445454210817272,0.17441190065960085,0.17525526309607467,0.17504390270299441
100.0,0.0,0.0,-60.0,0.2681838648967198,0.2662570636014304,0.2670930823280933,3.139468411462252,-3.137894126488257,-2.0913395982762553,2.106323822438738,2.108170791264609,2.1081903471689416,3.259088505745051,3.2545722613238444,3.256827675389317,0.5610908219554596,-0.5198393037975151,0.001087760444834863,0.33755110806089755,0.10622403317919489,0.10609607795342103,0.1062872486692559,0.2671127912721664,0.26735127191228014,0.2671099584279241
50.0,20.0,70.0,60.0,0.1466370044143236,0.1449625246484604,0.14624675553264346,0.3051579191264337,0.2841821232534161,-0.9804018208840206,1.1562858091078183,1.1552391655352148,1.1565960574822114,19.74565736517612,19.738341244698276,19.749880692030636,0.6115535893142118,-0.8927449704416845,0.3752889456458475,0.18449593143432247,0.2388473967614471,0.23883849720816766,0.23900881320571923,0.14620063974213912,0.1462445446372791,0.146377797437249
50.0,20.0,110.0,30.0,0.1284268928447996,0.1250994829494435,0.1264609042229476,-0.2356023405345367,-0.2550293249143177,-0.9007375598646459,0.9995217452913846,1.0016960842564568,1.0050028445963892,30.785591378663764,30.77625692316787,30.780810021047664,0.6115535893142118,-0.8927449704416845,0.5081344468777435,0.20090437759184163,0.3612397114750565,0.3610962590397829,0.36136304942925884,0.1261888776937603,0.12687638513591837,0.12657777429367628
50.0,0.0,20.0,120.0,0.1839626641741095,0.1444209581795165,0.16101792027922676,2.2887637485033108,1.390216194922204,-1.1275600266834394,1.2729282191344857,1.2732376679807065,1.277055270203989,5.089014111159004,5.091618208230886,5.084758980308459,0.5786783317088385,-0.5219133872819157,0.10824855029003644,0.0777304712725494,0.07096261375774493,0.07097348105652454,0.07062860205556236,0.16135512102631291,0.16189726120958425,0.1618425906400152
0.0,20.0,100.0,60.0,0.0509070370302802,0.0475714989379895,0.04979496657954918,-0.7961233243688568,-1.0655763931988265,-2.036794876011826,0.40768656569180334,0.40823713738118106,0.40831361307609804,28.188323062533918,28.17863995582363,28.18418664539065,0.617145342061956,-2.0150473293853004,0.01251135214091519,0.19755973901024668,0.33406872332077003,0.3339442870290137,0.33414561897015177,0.04996858773806967,0.05004393820826074,0.049968149066453395
20.0,20.0,0.0,-30.0,0.1304116090628707,0.1138819672024506,0.12239703534158657,-0.2252837278359606,-1.0647986331859949,-2.0889794066209135,0.9861096727086873,0.9916712034833506,0.9897610400986772,1.8909708384228325,1.9170376338087638,1.8757899441924326,0.6162442654560011,-1.27379193074638,0.0005540628654242648,0.07644178920905596,0.05752065371032243,0.05809847825942544,0.05804498332694065,0.1253048192160514,0.12579227532678294,0.1250871006839391
50.0,50.0,10.0,60.0,0.2340223466973278,0.2213422583886596,0.22796807352525103,0.9842493166147096,-0.0498249122663105,-1.7653616866037631,1.8034399911917869,1.7990224615026766,1.7981786332525198,3.879341037652383,3.8899008368819925,3.8921400046195513,0.6550888176419655,-1.2898374651384217,0.08248128459584435,0.24438484527719798,0.09488868033450003,0.09526224661776737,0.09514284321285531,0.22848937717642004,0.22782661483279723,0.22838582103295607
20.0,90.0,30.0,-60.0,0.2569612082736974,0.2542831894524433,0.2551260844643617,-2.571204719689357,-2.7172065692114065,-1.8654083253365419,2.0158407840135792,2.0160605357118238,2.016305348169508,11.095312223238853,11.093922100511831,11.091716121673967,0.7088879274287126,-1.824588487784622,0.13127748535990294,0.5592777489537986,0.18868206604712945,0.18873352925529965,0.18878134544820077,0.255072903753209,0.25513171453730527,0.2551023480434136
20.0,20.0,120.0,120.0,0.0651390527221136,0.0591931109278228,0.06155152055748613,0.948865458176649,0.8238301517059057,-1.2843850999011173,0.49971099262767615,0.4981114016259868,0.5005036998353746,33.62893665836522,33.63541096698781,33.630286126877124,0.6162442654560011,-1.27379193074638,0.21166509248760915,0.19899133290544255,0.3940619564363868,0.39420537751007456,0.39409765668551994,0.061666242408219454,0.06179383381142889,0.06194354161238552
90.0,20.0,30.0,-60.0,0.2822686796433459,0.266277319155399,0.26896013319895573,-0.3984843179586277,-0.5710667093209544,-0.978772967792703,2.117550699010013,2.118364458501422,2.1179798704539556,5.66136464652434,5.652603528163041,5.664694671450065,0.5984987239536121,-0.7371513072756187,0.14711025597883645,0.07225322196432445,0.05152936675683352,0.0514736519645784,0.0514813362137609,0.26899781821346486,0.2690495073708813,0.2689436797469248
0.0,90.0,20.0,-60.0,0.2604798383289363,0.2589189653448465,0.2594362778346778,-2.803620801089877,-3.0904554206783903,-2.0345147213515933,2.048869719114604,2.0489574785788274,2.0497661195717702,8.603650780861013,8.602783283706401,8.605503877767262,0.7100174044766513,-2.0547884519709454,0.03138755095862548,0.5050954523441284,0.16372758505749652,0.1637105308332077,0.16373817327195386,0.2593526698443975,0.2594640692859205,0.25945192055452576
0.0,50.0,60.0,-60.0,0.1389592049082967,0.1380673118940091,0.1385693641916926,3.141578954253676,-3.141588064515143,-2.0889631599742073,1.1017570662920966,1.1021235325134713,1.1018721841626962,18.18455223747594,18.192706098115266,18.19026716352623,0.6597422425592191,-2.0628742020185755,0.0027279457600413327,0.40166051821084425,0.24221590253080758,0.24233191429491746,0.24211346501084155,0.1385875085463501,0.1386059409253126,0.13857026703009812
0.0,90.0,90.0,60.0,0.2078398070567894,0.2048518981615583,0.20692279656499513,-0.998030044502116,-1.0405312315450277,-2.080557126305731,1.6476416465941783,1.6465520422065163,1.644414805573065,27.368059457193482,27.36713470322824,27.376419989156407,0.7100174044766513,-2.0547884519709454,0.01449953573823131,0.898125536786207,0.36447455609309765,0.3643277423354743,0.36457843171857496,0.2072494207403044,0.20682717529248,0.20700151519869261
50.0,20.0,50.0,-60.0,0.1652552527253163,0.160744808523528,0.16194708194634191,-1.6418803260870305,-1.7182288219076272,-1.013334524269338,1.2776552541339543,1.2773420700257978,1.2789084646250797,14.154251832373346,14.157081760586484,14.155818700000133,0.6115535893142118,-0.8927449704416845,0.30200421603221894,0.1605665633327811,0.17681492373705723,0.1767400425170116,0.17669882789437966,0.16177599468463305,0.1619336507818187,0.1619700661735379
0.0,50.0,100.0,-30.0,0.11756019105639,0.1153684472562948,0.11637659315533674,-2.601344030545788,-2.623864253420096,-2.0863798149462047,0.934275112699545,0.9300680589831922,0.9353152809015753,29.015376038066183,29.02240140575792,29.017641161983075,0.6597422425592191,-2.0628742020185755,0.005041304012970578,0.5000347912183594,0.36005183049887957,0.3601172417531037,0.3601715016885412,0.11620050512185418,0.11635165344753373,0.11686279227603907
0.0,50.0,70.0,-60.0,0.1319853756503287,0.131231962896218,0.13162933587970793,3.1415415150341803,-3.141549731216109,-2.091351156839687,1.046904956118317,1.0508320118286005,1.0482382041260976,20.86119024764759,20.878525716096554,20.871081099661062,0.6597422425592191,-2.0628742020185755,0.001837571814126843,0.42683030466017063,0.271209419778879,0.2715491847332061,0.2711890341959757,0.1316875561441258,0.1318541730630575,0.1313766558475979
50.0,50.0,0.0,30.0,0.2293713928235032,0.2285129016068428,0.22895841626710423,1.603275659343528,-0.1564574886749108,-2.0913687051476715,1.8102371881694905,1.8033381036346845,1.8052457375185316,2.7809900069724565,2.7896544960106113,2.778469678034409,0.6550888176419655,-1.2898374651384217,0.0008035998588616672,0.24604135655628448,0.09065860653200068,0.09102374702562867,0.09047368826874709,0.22914013892136306,0.22848949442310784,0.22936363292787376
0.0,20.0,90.0,60.0,0.01694715388799,0.0148425378310396,0.016083692186146584,0.6538010941735638,0.4126272873647578,-0.5495628856113849,0.13028292948924583,0.12898903878989496,0.12911543079914373,24.79526146228363,24.781980961196275,24.796297102347836,0.617145342061956,-2.0150473293853004,0.05461405344201445,0.0014352588644845916,0.2831600823861251,0.28313634408756433,0.2829084958882865,0.016319427365169472,0.01621665875134629,0.016382100780085826
50.0,0.0,50.0,0.0,0.1521766858715766,0.1506954881456888,0.15161607824147605,-0.281584567523791,-0.3032364217439658,-0.6708072867041257,1.1945100812339307,1.1936065174575985,1.1950236046191356,13.460017993081625,13.459326727439906,13.459483930392471,0.5786783317088385,-0.5219133872819157,0.27700313273826876,0.041131755767914016,0.1541815955808969,0.1541934621318884,0.15428272995168785,0.15154000438976972,0.15161255854957623,0.15172488918438776
0.0,50.0,100.0,-60.0,0.1174759892272117,0.1155531506209476,0.1163775002385695,3.1415217014426733,-3.1415888701386216,-2.0856515485575065,0.9301793100689636,0.93640407376995,0.933489896306387,29.011033423937775,29.0238834914808,29.020101786866455,0.6597422425592191,-2.0628742020185755,0.005460615994553438,0.49999553561462834,0.35980544295820094,0.36012444137452926,0.3600262537923784,0.11648401536326045,0.1168782382278715,0.11610117593216787
20.0,90.0,120.0,30.0,0.1789657086465393,0.176684719980834,0.1780098334798305,-1.2087361841241395,-1.2206555147900509,-1.7936801994102805,1.4220011647836048,1.4197975704669497,1.4245713115763161,35.18390503869259,35.165886817934954,35.17154369434998,0.7088879274287126,-1.824588487784622,0.2809916622834032,0.8993245455499999,0.4439453109156819,0.4439892483485602,0.4443371214994967,0.17793151265034637,0.1782361065446056,0.17852432922463893
50.0,20.0,30.0,30.0,0.1769180317470255,0.1695280757551595,0.17434171074645013,0.112098256446302,-0.0782434672829154,-1.116024663079908,1.3767908965701863,1.37574346182232,1.375403574953534,8.427375153146514,8.422279647285288,8.43069345084673,0.6115535893142118,-0.8927449704416845,0.1959782754372045,0.13258330708778426,0.11382089750377802,0.11362684683357675,0.1136849799146628,0.17455205604929716,0.17437778453944427,0.17450345857066243
0.0,100.0,40.0,-60.0,0.2590310317050026,0.2580983115579335,0.2583910877316377,-3.0381141706197883,-3.134551615197452,-2.075905460020436,2.0435382954337005,2.0442314970108004,2.0441712413658197,14.123827722370862,14.130391364666124,14.13167269850768,0.7218526699760112,-2.0319799578528905,0.013925900249523428,0.6990426063675897,0.2263444859178492,0.22653848506175278,0.2263270559477131,0.25835784149631214,0.2584420736867251,0.25836353972903986
20.0,90.0,50.0,-30.0,0.2347077199047341,0.2338886218627206,0.23424289938257195,-2.271114127223513,-2.295064751422739,-1.884179011610277,1.8553900057372734,1.8531963455847926,1.8553567600664451,16.473139794059684,16.47152865093116,16.472830998565847,0.7088879274287126,-1.824588487784622,0.14390241862555428,0.6719308126435177,0.24570073106929882,0.2454634378137587,0.24575168879165546,0.23416222643334783,0.23415090850355824,0.23442812883945705
0.0,20.0,60.0,-30.0,0.0706803473007343,0.0697305128910021,0.07025305700054227,-2.580113718843377,-2.615123535342205,-2.081818497990191,0.564546734365329,0.5622776329912244,0.5621285489721962,17.361350073143527,17.372200951164547,17.36856398364448,0.617145342061956,-2.0150473293853004,0.002537547190374808,0.18117414157200404,0.21576711755487935,0.21574399934569158,0.21577227572519037,0.07038780558892171,0.07007264500125719,0.07037186945907675
0.0,20.0,40.0,60.0,0.0827226871035499,0.0797897346249781,0.08146725389163322,-1.0393964863142118,-1.1319196058798493,-2.1073197419042033,0.6480015236049922,0.6494895951064976,0.6488295352275566,11.991074070496202,11.99549542637335,11.9960255031046,0.617145342061956,-2.0150473293853004,-0.0020391151522849388,0.1531028522824793,0.15718290485835495,0.1571233898052074,0.15711188405805393,0.08149526433360332,0.08160661670244236,0.08142347547188643
20.0,0.0,30.0,30.0,0.0710387965079793,0.0659806587310697,0.06928898862232954,-0.1690942905752497,-0.3543680848663629,-1.008232972924995,0.5481153232268723,0.5503146205415171,0.5471681156577793,8.49434090341288,8.499631375617584,8.495370775463995,0.5841886751953623,-0.5231776405480634,0.07586337551900353,0.04012177770654887,0.10406284626521188,0.1042833357767508,0.10420197033252775,0.06958912944014922,0.06948161139228642,0.06919434756457449
0.0,20.0,20.0,30.0,0.0955688908186841,0.0932001754214477,0.0946135891948182,-1.5688157119609645,-1.687605113445161,-2.1202886017691314,0.7493979165505329,0.7489864926204933,0.750703228817543,6.642057664153296,6.639090829225329,6.644309940050819,0.617145342061956,-2.0150473293853004,-0.002970539947465675,0.11250368509640593,0.10023584870476944,0.10033385628453327,0.10031094116805811,0.09455109672178981,0.09471404134004807,0.09476686658989517
0.0,50.0,40.0,120.0,0.1568113713687988,0.1510081948677012,0.15365876468132392,0.0032487465692891,-0.1034542055624681,-2.108507732404537,1.2198188183255492,1.2192246187765083,1.2172855311366952,12.88094684799146,12.882436682649713,12.879356455133673,0.6597422425592191,-2.0628742020185755,-0.0050480843813156375,0.3387861017593273,0.18480815909397433,0.18497940223303602,0.18482935294943093,0.15395566283241252,0.15362653698078674,0.15370857985738265
20.0,90.0,40.0,-30.0,0.2446998700152223,0.243745172442505,0.2440454800191739,-2.222086092219158,-2.260544005011766,-1.883415780455945,1.9304336429160867,1.9297219729280028,1.9309344972904183,13.801142768952367,13.798675017987138,13.79847379735689,0.7088879274287126,-1.824588487784622,0.13321038066016858,0.6196129344826482,0.21729516118531964,0.21710910601925185,0.2171973320931801,0.2439759108062078,0.24403010664727254,0.24411412217557335
50.0,20.0,60.0,-60.0,0.1567090630533071,0.1540071842240707,0.15457188146777326,-1.728750362503785,-1.7665697760458183,-0.9995177740161847,1.2204575301009628,1.22016111373159,1.221295721260667,16.977538587463673,16.984792958499696,16.981176774047427,0.6115535893142118,-0.8927449704416845,0.34261842212839927,0.17626507845859887,0.20838764024522516,0.20853939676370659,0.20843477159935567,0.15445494815279642,0.15457032128992393,0.1545990143870602
0.0,50.0,10.0,60.0,0.1808853855482654,0.1787080373028279,0.17971743089558861,-1.1739843201298974,-1.4774806136290208,-2.168734409432049,1.4185119932406476,1.4198964731870898,1.419141377291038,4.896616750792198,4.891330572069346,4.896632535709212,0.6597422425592191,-2.0628742020185755,-0.01622751936482678,0.21471538114831723,0.10126346856672942,0.10129143999965312,0.10127335588460616,0.17975077771924314,0.1798312779388419,0.17965696952511878
90.0,20.0,20.0,120.0,0.2680439317815843,0.2570786983879269,0.2670688777537671,3.136931664246203,-3.139799684483361,-1.5946741408545888,2.100402317989152,2.1085157065679923,2.10171420768785,3.6022440595401553,3.5967733800271784,3.5934401500135076,0.5984987239536121,-0.7371513072756187,0.11013152891771222,0.18066057100331176,0.06807181852273493,0.06779216057856649,0.0680860142050462,0.26720565461155665,0.26736686979272173,0.26633947195624447
100.0,0.0,100.0,60.0,0.2071878530828619,0.2064787930429723,0.20701056390594133,1.05083386296906,1.0420198882138696,-0.24942208493337673,1.6254978212497393,1.6258168783986653,1.626054945299184,26.400124002162194,26.39525421011569,26.41012883470294,0.5610908219554596,-0.5198393037975151,0.6736758762316045,-0.18932155075447146,0.28254094418509557,0.2825359431630252,0.28268985054086665,0.20698784047409075,0.2070767962588199,0.2070264851930216
20.0,20.0,30.0,-60.0,0.1115287946946761,0.1068450649248942,0.10837296700239235,-2.0809932364827066,-2.2825129462396445,-1.4458043141506753,0.8570594611861303,0.8568599289530172,0.8572504005338204,9.106686201845084,9.107490293288665,9.10608760416304,0.6162442654560011,-1.27379193074638,0.0975826768345954,0.12798288860470416,0.12467158762247374,0.12463125304158476,0.12465700599907763,0.10830457567222311,0.10832777105629461,0.10834890715669046
50.0,50.0,90.0,60.0,0.1835958595734124,0.1795913460116972,0.18140963319422118,-0.0720729996968185,-0.0891304531205132,-1.3050110535802508,1.4381554290770349,1.4399841398454343,1.4370228122081656,26.164521731805795,26.15703321216064,26.160553217432422,0.6550888176419655,-1.2898374651384217,0.5059807704045458,0.5013138346313759,0.3288942854622911,0.32894530269398703,0.32908494986447395,0.18165954553508804,0.18150646148660737,0.18129470287690216
50.0,50.0,30.0,-60.0,0.223652388878429,0.2181246365573964,0.2202034190866347,-1.6574349144477631,-1.8090010969133448,-1.3607460130783422,1.7371041668173273,1.737119304599349,1.7371957057329366,9.125507620557016,9.12341700302026,9.12509194909668,0.6550888176419655,-1.2898374651384217,0.24444006502795032,0.2704784922331943,0.13868573185626742,0.13856967159426803,0.1386437202834667,0.22012034932795183,0.22012586677390647,0.2201230137662346
90.0,20.0,0.0,0.0,0.2673904634266155,0.2668361707132364,0.2671304046773692,3.1403056343253284,-3.1371033509719832,-2.091376660183659,2.107492532292178,2.107479028550021,2.1089455449268955,3.2632691909250835,3.2606735925328687,3.2608348017291022,0.5984987239536121,-0.7371513072756187,0.0010729111244041209,0.3374066151622286,0.10607844450808632,0.10607335901116903,0.10598056884731419,0.26709314170925114,0.2672827602971502,0.26728201909014426
0.0,50.0,30.0,-30.0,0.1621964622976681,0.1611157225933614,0.16161860878521894,-2.519940767459531,-2.618591351621236,-2.074520163066672,1.2797907850233683,1.278871443006807,1.279209240185397,10.192183163219156,10.197528148064501,10.194680195033396,0.6597422425592191,-2.0628742020185755,0.0064527894227305125,0.3034553500502366,0.15726653685243228,0.15720862729246454,0.1572249037252979,0.1616367975223558,0.16155964363076172,0.16169137815453177
50.0,0.0,90.0,120.0,0.1213824377444224,0.1195682844063968,0.12099794483221463,1.907897117060387,1.8900232552040483,-0.35825788705089934,0.9520891562463699,0.9494139304780915,0.9502459265421811,24.361099168903696,24.373923449514436,24.364365914123255,0.5786783317088385,-0.5219133872819157,0.3870960655212011,-0.0644537372744987,0.2710379054149961,0.2710296428413058,0.2709699312532023,0.12108475604217758,0.12084205493706954,0.12118421825074568
0.0,50.0,60.0,-30.0,0.1389767758527229,0.1380716522874318,0.13857232213069878,-2.598366719537532,-2.622127188820553,-2.0928139806711115,1.1018432647503384,1.1021056661670792,1.1019132238227012,18.18189950567915,18.192366218286107,18.18430363269883,0.6597422425592191,-2.0628742020185755,0.0010261503678793788,0.40170445527751397,0.24199859644068641,0.24237944647128018,0.24224890454605955,0.1386042025906194,0.1386011118922917,0.13858145382143777
20.0,90.0,0.0,30.0,0.2680974519386625,0.2665655287975851,0.2672288563829328,-1.9764533968955675,-2.0089439344192765,-2.091414827325976,2.108629055211095,2.10523130233032,2.1099872326732165,3.217162643414003,3.211998173813014,3.215472444527808,0.7088879274287126,-1.824588487784622,0.001060556439857788,0.33270986067284863,0.10460040099390283,0.10457767409872329,0.10462703684251053,0.2669771257921123,0.2671514278974355,0.26759242303837355
20.0,90.0,60.0,30.0,0.223099116260654,0.2222236163708958,0.22266147846811446,-1.2620790882835151,-1.2785742529973605,-1.8847063828119903,1.7648343404811475,1.7626215376261385,1.7669115769388433,19.122477761396368,19.112502463323874,19.12309177028594,0.7088879274287126,-1.824588487784622,0.15138815912149883,0.7099338239833358,0.2729461187679658,0.27298484100736564,0.2729926119140524,0.22240782858452768,0.22268156880580686,0.22295636748047246
100.0,0.0,0.0,60.0,0.2681838648967198,0.2662570636014304,0.2670930823280933,3.139468411462252,-3.137894126488257,-2.0913395982762553,2.106323822438738,2.108170791264609,2.1081903471689416,3.259088505745051,3.2545722613238444,3.256827675389317,0.5610908219554596,-0.5198393037975151,0.001087760444834863,0.33755110806089755,0.10622403317919489,0.10609607795342103,0.1062872486692559,0.2671127912721664,0.26735127191228014,0.2671099584279241
20.0,90.0,30.0,-30.0,0.2551867631668767,0.2541113135080747,0.2545089430730839,-2.14294455451917,-2.200626123130193,-1.880955393903291,2.011234640963639,2.0115649449771915,2.011387035425565,11.117050983989774,11.119759685036302,11.115843909755693,0.7088879274287126,-1.824588487784622,0.12221598800441645,0.5617254346108301,0.18926586800586984,0.18920758011962405,0.18909382486460385,0.25450015769244777,0.25452746554780026,0.2544826483759555
50.0,50.0,60.0,-60.0,0.1911328717834937,0.1890504470040888,0.189521933207692,-2.103734984284208,-2.143562712068057,-1.3549941998086459,1.5000821810114782,1.4990028594036184,1.4992331993963077,17.850027667912528,17.854618654868926,17.854808777066328,0.6550888176419655,-1.2898374651384217,0.36164370691531345,0.3958697819301062,0.23639932651614,0.2363570763825443,0.23642469260500226,0.18953001917549067,0.18941357235554038,0.18955764340801773
90.0,0.0,40.0,30.0,0.2675850271490959,0.2661483355382602,0.26676456263854387,0.8371623090519609,0.7002686138387878,-0.6854441906471366,2.101156638546964,2.0986600163516127,2.1003115217629116,9.029483631634283,9.0270473798217,9.028562904907666,0.562745350766241,-0.5203297715459044,0.28187475419480107,0.047033617618102236,0.08965844299334032,0.08957744807386739,0.08964664244255441,0.26673726022595606,0.2666253030136727,0.2669457596391098
20.0,90.0,110.0,-30.0,0.1866834941642685,0.1844728373897614,0.18578242119967336,-2.337343174201359,-2.353122451295872,-1.8676580704723702,1.4817116161060533,1.4803205232801042,1.4824171102232562,32.57170225823341,32.59237121750076,32.57397332167462,0.7088879274287126,-1.824588487784622,0.20928442089914917,0.8998997356651406,0.41709511601191296,0.41710472360478007,0.41757002358657724,0.18582249063164846,0.18587544933535688,0.18606977899315297
20.0,90.0,40.0,30.0,0.2430983172581385,0.2420585369864289,0.24273197666337137,-1.2100202090269443,-1.265129804460653,-1.8954098402781192,1.9202279747921265,1.9191383368086403,1.9216608125161165,13.80197446544007,13.801888513403386,13.803740485533853,0.7088879274287126,-1.824588487784622,0.12444155622540985,0.6177825954086459,0.21713624942771542,0.21707798016027216,0.21721497356891137,0.24259258389242241,0.24277709969910646,0.24292262146568105
50.0,0.0,70.0,30.0,0.1404679717633951,0.1394682153350781,0.140239762623315,0.1634344147933033,0.1515405248690132,-0.6148446926588716,1.1049503346076683,1.1052127101665448,1.1043011697656444,19.094579212291013,19.096709909801945,19.096043217861315,0.5786783317088385,-0.5219133872819157,0.36421371376103634,0.03338349535072997,0.21805504295101805,0.21810573566034736,0.21801628478071533,0.14033212804439965,0.14025715711356618,0.1402129729369559
20.0,0.0,80.0,30.0,0.0544821550138581,0.0532685813107603,0.05398398343916618,-0.0591437964501009,-0.1140641632428123,-0.6834313837807547,0.4280302170150408,0.4265245924380072,0.42737395054874244,22.100848323130645,22.094000588841833,22.08782451125218,0.5841886751953623,-0.5231776405480634,0.16190349091181178,0.026100203287105772,0.253611944169822,0.2534942322845721,0.25345474532468676,0.05403273648953241,0.05396015381685857,0.05412724976990418
0.0,100.0,80.0,120.0,0.122214392220579,0.1190899376288784,0.1217621066753214,0.707602861144513,0.6443569339657618,-1.5005688110791031,0.9684011958119512,0.970396411401495,0.9707533142678942,23.187320467112436,23.189464448396944,23.191142542264988,0.7218526699760112,-2.0319799578528905,0.23548237660671942,0.3492317854136894,0.2893639936919924,0.28942006722491076,0.28953301606247006,0.12173157883772857,0.12200527524816636,0.12175298212520894
0.0,100.0,10.0,60.0,0.2682976899799756,0.2668239076464805,0.2675378699633522,-1.2071232900104458,-1.5700882002639889,-2.164955964538087,2.109690942032262,2.1120979952164642,2.1135975544483405,5.914277253680619,5.9097485642588445,5.913655878436109,0.7218526699760112,-2.0319799578528905,-0.030473137772111664,0.42487805487852376,0.13415206569261123,0.13393296577350114,0.13400606487389474,0.26733016258046643,0.2678270547750957,0.26752481929362654
0.0,90.0,90.0,-30.0,0.2078957308044284,0.2065419114933124,0.20717615830799915,-2.6077384238407704,-2.6153408956206814,-2.0878602095033605,1.6487576167471782,1.6486678048536922,1.6462552495110745,27.360776315037878,27.379405878400682,27.369629337280475,0.7100174044766513,-2.0547884519709454,0.007402621776444149,0.8999577224613559,0.3644543397325427,0.36455094690694717,0.36453445963733977,0.20744729759408287,0.20712281247464454,0.2071607141696583
90.0,20.0,80.0,120.0,0.2403205435510438,0.2375997339355028,0.23986030492590366,1.7344891012863597,1.7109272302276262,-0.7361155969169272,1.8907371555767845,1.890214128627331,1.890676780094237,21.76996573843236,21.78124465470445,21.77931192141737,0.5984987239536121,-0.7371513072756187,0.712272620684534,0.15394343692118376,0.2538442692572104,0.25406904654344875,0.25395780884902486,0.23988616794441964,0.23988880410649835,0.2399532628594845
100.0,0.0,100.0,-60.0,0.2412818606710122,0.2385669580330061,0.24079298498020005,-1.2736789370576287,-1.2797743030720377,-0.531889145234165,1.8952715770011281,1.8955702968012291,1.895561313406917,26.856904041826063,26.871248979062585,26.86621660068993,0.5610908219554596,-0.5198393037975151,0.8661905164354801,0.007201961301524648,0.3007090910196897,0.3009821869287698,0.3006577739293003,0.2408252794842038,0.24085899273005698,0.24081709029953732
0.0,50.0,120.0,30.0,0.1020942463458658,0.1002312710886452,0.10115361120162034,-1.4096040112972148,-1.4726075276574724,-1.9828605995081658,0.8155914234827034,0.8169517178254753,0.8151153381134186,34.38728582969812,34.36225441043907,34.364890158374244,0.6597422425592191,-2.0628742020185755,0.05799588458758319,0.5000351411186138,0.41741678387602565,0.41782371143666686,0.4178159098400545,0.1014229109795044,0.10134835587719108,0.10121381748772079
20.0,20.0,50.0,120.0,0.0940480701224326,0.0869296794301478,0.09258381906619355,0.7804111363788171,0.5208953012366362,-1.4955615721287931,0.7375347699647065,0.7360699787297232,0.7367536162589136,14.625756540549428,14.62689120498842,14.628160009846331,0.6162442654560011,-1.27379193074638,0.11500968638215531,0.16951624585940744,0.18580969928961125,0.1856794095610038,0.18584353137002338,0.09274359898605686,0.09262968499985337,0.09281236384002835
50.0,50.0,70.0,-60.0,0.1825402041624113,0.1811845851774422,0.18151293328797896,-2.155491403229192,-2.177876652767869,-1.3462945168587548,1.4377575259611395,1.4372855228547137,1.4374271788761184,20.609859097109286,20.61186281355195,20.61520214674798,0.6550888176419655,-1.2898374651384217,0.3941231573234501,0.4240322149719432,0.26685714970745716,0.26700812476882235,0.26672935433041023,0.18151422704675216,0.18147801795368707,0.18152806873874747
0.0,20.0,80.0,120.0,0.0520616817644981,0.0486002686013491,0.05139762473480143,2.8337796126068917,2.714252677484932,0.6068009601175163,0.3965241607980145,0.39377758710003496,0.39619276285106936,21.471882781351134,21.48140649186872,21.484260037728202,0.617145342061956,-2.0150473293853004,0.06087723955708952,-0.12933986080403284,0.23284618229844145,0.23316390643823237,0.23291146964991333,0.05139480502950336,0.05136596558569367,0.05169795138556519
0.0,100.0,20.0,60.0,0.2687588986240998,0.2670307267631736,0.2679194748988556,-1.0614531752402905,-1.2978247633753277,-2.1277274121500476,2.114866062677374,2.1161690340789336,2.118126796271509,8.729854410227428,8.721665744347991,8.725249983568661,0.7218526699760112,-2.0319799578528905,-0.018421968197606834,0.5306448828262063,0.16624427731411576,0.16594500607676335,0.1661491529228382,0.26771604293659435,0.26814039183781735,0.26796624581327094
50.0,50.0,60.0,-30.0,0.1898252402547189,0.1889926720084856,0.1892191733712876,-1.6050604319309756,-1.620702078423276,-1.3584575503354066,1.4970642106939862,1.4974113608046076,1.497111077151435,17.86122474535327,17.85962546498293,17.855000641564263,0.6550888176419655,-1.2898374651384217,0.3598107438764115,0.39686873720199606,0.2366594582301219,0.23664309420582236,0.2364110480607818,0.1892293396061369,0.18923127027736153,0.18917529013808887
50.0,0.0,30.0,60.0,0.1650147452615942,0.1528571555028285,0.16078297187308446,1.0203596902730871,0.7325073510755218,-0.8146863520789458,1.2694228100691982,1.2671335009134215,1.2684903669239538,7.718317557046781,7.715685354083393,7.7173716964965795,0.5786783317088385,-0.5219133872819157,0.16647114394733525,0.05074562925864604,0.0907954640344116,0.09082090635692977,0.09084819271419615,0.16100155214685014,0.16087856542289533,0.16117104269998322
100.0,0.0,70.0,60.0,0.2618421424155998,0.2592866161513059,0.26132185056591,0.9552639365820628,0.9307448133452452,-0.5781304036181792,2.05813242598763,2.0567597486928486,2.05760428529154,18.22319188167875,18.2192844861706,18.226634235870524,0.5610908219554596,-0.5198393037975151,0.626085449519951,0.0344341308686426,0.2006018802367149,0.20061463595196297,0.2008312955067283,0.2613476703840022,0.26129366795558395,0.26146803640358734
0.0,50.0,0.0,-60.0,0.1896886808171504,0.1881509211736066,0.18885787555071556,-2.083329248963331,-2.097662724056284,-2.091254637664458,1.4915964072788974,1.4890606238541537,1.4888031702932938,2.2758211836711197,2.2878979336449765,2.2747021980244866,0.6597422425592191,-2.0628742020185755,0.0005706229034551925,0.1660427832690926,0.07428462077422177,0.07436120812743346,0.0741958480168302,0.1889965374785085,0.18864689853857336,0.18897592853098488
90.0,0.0,90.0,0.0,0.2411967947049919,0.2409657217154821,0.24110397224789293,-0.2074267768353574,-0.2100909660942741,-0.5481756274428307,1.897358803815331,1.8988303550961732,1.8974054276348935,24.07371843638558,24.073256911032114,24.060844677844482,0.562745350766241,-0.5203297715459044,0.7758783775173106,0.01908019699581782,0.2692530591607594,0.2690676408689772,0.268909176261814,0.2411758691201332,0.2411724654027115,0.24098617611085676
20.0,50.0,80.0,60.0,0.1018781198932306,0.1009889366644937,0.10169057492858129,-0.2684950319468849,-0.2899174019200587,-1.4188273633799182,0.8113893170313755,0.8114939353388092,0.8092474298357222,22.944119192607644,22.93668330002859,22.935144458683993,0.658991099436022,-1.6861926913303058,0.21395547507880489,0.2667359190693611,0.2813524598677646,0.2812034823965127,0.281247462037369,0.10190363695083174,0.10163223748797409,0.10161820372723082
100.0,0.0,120.0,-30.0,0.2063098682011918,0.2013659811069753,0.20493075190752183,-0.8190184899206705,-0.8390260805581267,-0.5214834819971846,1.6112772999955405,1.616370015458899,1.6141522039329446,32.69286869202432,32.70351071009251,32.693273805861715,0.5610908219554596,-0.5198393037975151,0.9030985304810933,-0.00208695446293904,0.36889598417868513,0.368915751810787,0.3688674246918234,0.2050489467444244,0.20538465222566618,0.20475520048444504
50.0,50.0,20.0,30.0,0.2280656199645411,0.2182827808634075,0.2240807360593841,0.0356097267604589,-0.3803874802611786,-1.5151394800655875,1.7688286179285975,1.7712913539592305,1.7676646676807088,6.416395975951846,6.4149548755985775,6.423322825630458,0.6550888176419655,-1.2898374651384217,0.16618306799033158,0.2558984346570328,0.11391136403918407,0.11398633108763738,0.11414251794368946,0.2244508131617919,0.2243120892799054,0.22399796813872425
20.0,90.0,20.0,-60.0,0.2658342617072127,0.2562475381839937,0.261664227320507,-2.5134392261272755,-2.770725261226982,-1.9183300416385234,2.0819340221077742,2.0815330707092965,2.081150871209996,8.47225401151962,8.472198945243582,8.474941138766209,0.7088879274287126,-1.824588487784622,0.08875630029882373,0.5010776976137861,0.1623444295782281,0.16229907417927555,0.16234767907152736,0.26360697457236526,0.26350305609851377,0.26355793986517445
0.0,20.0,100.0,0.0,0.0509126771492568,0.0496188943812328,0.050165688892887514,-2.03488417696352,-2.1048503712513327,-2.0680262900003354,0.41127124780388963,0.409859681776933,0.41076599286771337,28.186905811189245,28.190930045829898,28.183840041402107,0.617145342061956,-2.0150473293853004,0.005916837421368981,0.2000518830533359,0.3342501766248001,0.33419552857025403,0.3340803895978817,0.05029333710480674,0.05023187856641046,0.050417958707912686
0.0,100.0,70.0,60.0,0.1760928940404652,0.1750947781530978,0.17575733205621824,-0.6791276067154904,-0.7089243438268621,-1.817272949385722,1.3940433749072714,1.3952060108977704,1.3991281957055257,21.281742327078597,21.28998341513772,21.286665141227285,0.7218526699760112,-2.0319799578528905,0.1640795760711015,0.5763041112658809,0.28514506460876893,0.2854419826384254,0.2855471474285307,0.17540741994382408,0.1760578641662917,0.1759175973393189
0.0,50.0,30.0,30.0,0.1616481769812102,0.1608237534732751,0.16129100986078107,-1.5719568617023796,-1.61622964301609,-2.1022000809007433,1.2770921171397644,1.2759140302255403,1.2771140654546098,10.196627863019902,10.190064232021676,10.18549697477098,0.6597422425592191,-2.0628742020185755,-0.0024131032111938838,0.30273201535193134,0.156975083796101,0.1568181325926534,0.15690969887246214,0.16125040010884842,0.1612540939138687,0.161396482930923
0.0,50.0,110.0,120.0,0.1087152126301731,0.1019348383840585,0.10735473937558064,0.1325101884523764,0.0027752649466228,-2.0690521917066618,0.8637668673408242,0.8659358215185864,0.8637157501105214,31.667307126920033,31.680960370695914,31.668491388705736,0.6597422425592191,-2.0628742020185755,0.015035601606827879,0.4957884465384755,0.38812755758662265,0.3885893743759816,0.3885040702462133,0.10765344139182173,0.10764182747191271,0.10738629826753451
0.0,100.0,30.0,60.0,0.2686042609340261,0.2663658569845116,0.2678213274750053,-1.040607331590685,-1.1377409017174192,-2.101656882175537,2.1165105868191176,2.117443800977227,2.117588363643466,11.504353640556303,11.499707942312167,11.497369650580328,0.7218526699760112,-2.0319799578528905,-0.004978189059829051,0.6325931819756702,0.19777512761038887,0.19770947892610163,0.19758077923107947,0.26779412931539043,0.26794873340696984,0.26782534425850224
0.0,90.0,80.0,30.0,0.2235273433102478,0.2214475183651165,0.22260449715585845,-1.5370799013943768,-1.5610732197049342,-2.081817796274979,1.767437283120936,1.7692728925225898,1.7670847260770852,24.80034128949801,24.800987621732887,24.796537407645786,0.7100174044766513,-2.0547884519709454,0.012622952133930878,0.8994653583469702,0.33873589371717105,0.3389577834274602,0.3388129525177962,0.22277773431688308,0.22271831408758572,0.22252021387095527
20.0,90.0,90.0,60.0,0.2140017330669422,0.2122005471037558,0.21310295230892776,-0.7335886105919888,-0.7564406414651498,-1.862869142011314,1.6950322189971763,1.6940967236196913,1.6931389941947679,27.35076400679849,27.349427065729472,27.34930772861263,0.7088879274287126,-1.824588487784622,0.2139205375857725,0.8996669320822307,0.3641081570883292,0.36408885258174545,0.3641472480338144,0.2132764416074145,0.21305305540098582,0.21317895104406243
90.0,0.0,120.0,-30.0,0.2039243278126057,0.1993874168253498,0.20255593071209368,-0.8228842879285613,-0.8409197592556004,-0.521478967136835,1.5933543140277848,1.597453155935816,1.5947641035531275,32.70345959241758,32.71539124689744,32.70343346182319,0.562745350766241,-0.5203297715459044,0.8931180143633717,-0.0020699130727273537,0.369104676090781,0.3691558841665652,0.369121938051147,0.20274701339521237,0.20290561934737186,0.20240465212214429
0.0,20.0,50.0,0.0,0.0759091140171524,0.0753697936758343,0.07561365391358513,-2.0794449278834204,-2.102120839004946,-2.0891536887688367,0.6034869340450659,0.6022520737945063,0.6057828034770335,14.676614579936109,14.676878436594826,14.681772860989732,0.617145342061956,-2.0150473293853004,0.000998547219984829,0.16848194028967214,0.18636204704752796,0.18660865066030227,0.18634765251808688,0.07537763891244212,0.07567725092152293,0.0758209525631617
0.0,50.0,50.0,120.0,0.1491425693608731,0.1434847328664061,0.1456646582589648,0.0074466272957527,-0.0667895212323635,-2.1018466750205915,1.158250624239609,1.1575457094043027,1.1579124673861223,15.536971114991717,15.544680795253873,15.539933018433924,0.6597422425592191,-2.0628742020185755,-0.0028308360073022332,0.37096772190830163,0.21271139552375182,0.21268423650809862,0.2129611909168019,0.1458719262511475,0.14581915784809893,0.1459045034804753
20.0,0.0,110.0,0.0,0.0506496974664943,0.047229471869093,0.04912757599603507,-0.4430438244352432,-0.4992501592999681,-0.5235651822457406,0.388171185688153,0.38638657619740574,0.388520936042099,30.316427582215617,30.316343195054753,30.308951598178872,0.5841886751953623,-0.5231776405480634,0.2032987893430986,1.7774400268989387e-05,0.3454825073925235,0.34541134312416344,0.3453756001250766,0.04921611137949782,0.049278176516225417,0.04948318188431986
20.0,0.0,40.0,-60.0,0.0721527554961897,0.0661517842702146,0.0685089329553506,-1.637687669327036,-1.7946884308692457,-0.891041157355502,0.5407388240484067,0.5407043143344726,0.542974029393253,11.182209935244245,11.189397476943478,11.194119874939968,0.5841886751953623,-0.5231776405480634,0.10159484477885228,0.03884911701891977,0.13311417124488747,0.13293957647251695,0.13317770267255924,0.06833520773847537,0.06861521182076306,0.06862930985129051
20.0,90.0,40.0,60.0,0.2429800481919432,0.2411630691532539,0.24238103379032194,-0.6860914137788485,-0.7962194007514127,-1.9018268205131856,1.9171838697455457,1.9190626141225817,1.9166717300034288,13.807761220374072,13.803920918339621,13.806999935104729,0.7088879274287126,-1.824588487784622,0.11990767285233722,0.6179120894528753,0.21723161085245088,0.21712946246397166,0.2171803150657412,0.24254425334694718,0.24247108878666088,0.24223533164869404
50.0,0.0,50.0,-60.0,0.1566702952235924,0.1518518817088718,0.15311804546062266,-1.2692222033596527,-1.3388078276126467,-0.6570548023287524,1.2060231214175385,1.205745111468473,1.2047337471750181,13.425296855806055,13.429611149691432,13.424578755244456,0.5786783317088385,-0.5219133872819157,0.2784758297480642,0.0370875079789201,0.1532941344644179,0.15329330674104122,0.15330147085999685,0.1531509978712869,0.15298382740117256,0.15302546247856946
50.0,50.0,60.0,120.0,0.1818909065951502,0.1769817570636226,0.1808660863317701,1.0956338895447515,1.0061864599532242,-1.2899823564404687,1.431237633765912,1.4305262257980091,1.4324144951350462,17.654048294066115,17.667869514834987,17.658234417611094,0.6550888176419655,-1.2898374651384217,0.35884995740142595,0.3460898451319301,0.230313322202559,0.23050453402509427,0.23034354794533227,0.18081884959631647,0.18096590810746593,0.18105265984039498
90.0,20.0,60.0,60.0,0.2636802285536102,0.2593443888919956,0.26267877073117657,0.7951787934107518,0.7463216078246272,-0.8108776694192218,2.070849262536329,2.070315617415532,2.0699561547870884,16.02180257323399,16.016826202494016,16.02348631599853,0.5984987239536121,-0.7371513072756187,0.572540884585703,0.1695645802384489,0.19015863446220532,0.1900762001834287,0.19027414432291836,0.26281221587179127,0.2626933588367514,0.2627645495323805
90.0,0.0,20.0,30.0,0.2831080573070674,0.255417040670787,0.26651967165277024,2.756799346655533,1.1320065597143154,-2.307552091627641,2.0959509194512345,2.1015951891699345,2.1029501413005964,3.157620900793459,3.1783503165135016,3.174800723140441,0.562745350766241,-0.5203297715459044,-0.04101181411712955,0.1553352713248498,0.05901117656177168,0.05907743252991842,0.05927724522208419,0.26623234830243825,0.2671117989347857,0.2664021276311988
20.0,0.0,10.0,-60.0,0.0939008038796517,0.0685426697850708,0.08188441978661792,-0.8132055135310705,-1.13888612019824,-1.0279945091653737,0.7657790809767752,0.765397016231838,0.7658533899404784,2.9090548344636367,2.918360038678771,2.8978821509856387,0.5841886751953623,-0.5231776405480634,0.02612053411339694,0.043362102698038786,0.060580145361098986,0.06062989948756463,0.06023428919147118,0.09697611915520225,0.09698958646370338,0.09701636226871317
20.0,50.0,60.0,60.0,0.1464452505350417,0.1451756519440593,0.14603386393581158,-0.5951139233127737,-0.6357022149151923,-1.7515173470512149,1.160447355092832,1.1598441584854855,1.1599643997615365,18.13796310350426,18.127901645058532,18.134773884994363,0.658991099436022,-1.6861926913303058,0.14157996593282146,0.39660589880648806,0.24111856840866722,0.24113263726056544,0.24112752739062981,0.14609154449465891,0.14602286765396352,0.14610343159598885
0.0,90.0,100.0,-60.0,0.1940904402056088,0.1925773538659079,0.19334036238385138,3.1415917003233784,-3.1415073433639558,-2.0867579807497454,1.5387641979686688,1.5410275491761973,1.5401295258954644,29.9810023046078,29.9922593062374,29.984943532492313,0.7100174044766513,-2.0547884519709454,0.008548739744189638,0.9000181354640673,0.3909994886583993,0.3913334814620491,0.39127424374546904,0.1934064283436628,0.1935843019509544,0.1932971166319179
90.0,0.0,80.0,0.0,0.249613964067271,0.2491869465003859,0.2494355948830738,-0.1651621965194567,-0.1673739535287648,-0.5631906128533742,1.9645984844300997,1.9628101920066803,1.9630911343925939,21.18583229030526,21.186296261290988,21.1795823234408,0.562745350766241,-0.5203297715459044,0.7028073319738252,0.02786126788714585,0.2357145837365962,0.23563457615757882,0.2354220199317484,0.24949130079828652,0.24931104188927966,0.24952679692670882
90.0,20.0,70.0,60.0,0.2528552604137298,0.2502628326243988,0.2522449462842588,0.7095371017889495,0.6849312279463514,-0.7890121198712657,1.988883985430754,1.9872613101752894,1.9882798212665194,18.983097527231212,18.976037702494228,18.984236517607986,0.5984987239536121,-0.7371513072756187,0.6530448011042169,0.17771831447167677,0.22430049513917882,0.22417169483848945,0.22432955203667185,0.252269315912053,0.25219102003328414,0.25239815199378024
50.0,20.0,60.0,120.0,0.1536883551856291,0.1481863333447542,0.15258440388123798,1.3791529701014162,1.297907027804518,-1.0134824817730101,1.20615997263583,1.205520958536965,1.2067376368778384,17.001947186915448,17.009875551948245,17.00616386493186,0.6115535893142118,-0.8927449704416845,0.33632153894036115,0.17978054891401943,0.20897567625787128,0.20915711119277433,0.20904173051397285,0.1526065239726783,0.15268647965125967,0.1527591375432977
20.0,20.0,40.0,-30.0,0.1019091638373791,0.0995742813744487,0.10051503568328912,-1.7716447719397568,-1.8378223640910656,-1.4690663738501284,0.7978064417176336,0.7971150244844346,0.7960886541718974,11.87815371424257,11.886234012005774,11.879136384573158,0.6162442654560011,-1.27379193074638,0.10944255674616947,0.15121032085487618,0.155274628002412,0.15534619697586263,0.15531900420629624,0.10064567233061664,0.10041930326909153,0.10051822203177313
0.0,90.0,80.0,60.0,0.2234972095065465,0.2190400905760017,0.22222048569262273,-0.9857975736940124,-1.0406944203835458,-2.079990805719389,1.7641587279215916,1.7646766101463094,1.7670933287385162,24.79698554386172,24.784528473698025,24.800725270589393,0.7100174044766513,-2.0547884519709454,0.014621877357990733,0.8969516900865107,0.338696668456411,0.33848835720438963,0.33881648639900125,0.22212441288465598,0.22248043727181557,0.2224024258799071
50.0,50.0,80.0,60.0,0.150211392463534,0.1489406418028344,0.1498961020663119,0.0628978773888163,0.0500037344005054,-1.173534374475556,1.1873784711868018,1.1876130905316062,1.1883941677054695,22.91796411597234,22.90826359171739,22.917675800840623,0.6550888176419655,-1.2898374651384217,0.40332546803570113,0.3064441893299497,0.28259302104904216,0.28247991000198713,0.28279028536385786,0.14985164572286014,0.1499626695057041,0.14995103741697477
0.0,90.0,0.0,-30.0,0.2681389700414233,0.2663436136692441,0.26721415385945835,-2.039045359090078,-2.0708956549494784,-2.091353289237888,2.108768359553128,2.1079293414293114,2.1071239480594666,3.212789112492876,3.214529323162375,3.2097725968789192,0.7100174044766513,-2.0547884519709454,0.0010735189888186748,0.33272227303943885,0.10473621349201848,0.10455448131237566,0.10458682723616564,0.26733917464393314,0.26713493893736623,0.2672401883385095
50.0,20.0,40.0,60.0,0.1681527786957014,0.1614717477583236,0.16619065447040676,0.4728244451597754,0.3284079253836424,-1.0709529498091723,1.3134946576059545,1.3124057197416512,1.311192073487278,11.367715667003775,11.360912362570536,11.367277050698121,0.6115535893142118,-0.8927449704416845,0.2483933149889299,0.1519860617795974,0.14639523999693696,0.14636173271026304,0.1463902154289369,0.16644731108815194,0.16615460827230366,0.16629787405949617
0.0,90.0,60.0,120.0,0.111943298205177,0.0987402857408069,0.10967827899274762,1.6915848231456296,1.5323029710605165,-0.6591988629054197,0.8670960835741741,0.8655558594724684,0.8662096742514663,16.457556418153523,16.46004888393052,16.455527688215472,0.7100174044766513,-2.0547884519709454,0.24534291655800985,0.03399127047696288,0.18928800821329697,0.18941025971765152,0.18935270205043306,0.10992955795584294,0.10981374902050915,0.1100157385249002
20.0,90.0,0.0,120.0,0.2680974519386625,0.2665655287975851,0.2672288563829328,-1.9764533968955675,-2.0089439344192765,-2.091414827325976,2.108629055211095,2.10523130233032,2.1099872326732165,3.217162643414003,3.211998173813014,3.215472444527808,0.7088879274287126,-1.824588487784622,0.001060556439857788,0.33270986067284863,0.10460040099390283,0.10457767409872329,0.10462703684251053,0.2669771257921123,0.2671514278974355,0.26759242303837355
20.0,90.0,120.0,0.0,0.1754969429753273,0.1730949889251456,0.17440832632234637,-1.8227389064264043,-1.831282535350828,-1.8673060784379438,1.3920026057486936,1.3983906925293481,1.3922834898090273,35.18615409461782,35.191343619587364,35.18322288760722,0.7088879274287126,-1.824588487784622,0.20974456410881068,0.8992399611306735,0.4442418475006499,0.4446507556893731,0.4440099940374827,0.17488178346594185,0.17490581216660878,0.1741534835387191
100.0,0.0,0.0,120.0,0.2681838648967198,0.2662570636014304,0.2670930823280933,3.139468411462252,-3.137894126488257,-2.0913395982762553,2.106323822438738,2.108170791264609,2.1081903471689416,3.259088505745051,3.2545722613238444,3.256827675389317,0.5610908219554596,-0.5198393037975151,0.001087760444834863,0.33755110806089755,0.10622403317919489,0.10609607795342103,0.1062872486692559,0.2671127912721664,0.26735127191228014,0.2671099584279241
100.0,0.0,90.0,60.0,0.2333949141344327,0.232487856006215,0.23316953907796464,0.9507314360067464,0.9418211501684088,-0.4260242500643031,1.8337290869052965,1.8333872831020182,1.8349448409187372,23.780941009271714,23.78003685903887,23.79365536132672,0.5610908219554596,-0.5198393037975151,0.7192246741870716,-0.07028466866192179,0.25878219357309706,0.25866936829225573,0.2589530614565445,0.23306703150049538,0.23322044629291225,0.2332652013152812
0.0,90.0,70.0,60.0,0.2078397522555752,0.2068124955357823,0.20747694305828807,-0.8916483135036007,-0.9421523496873416,-1.9887356123263995,1.6456249009853956,1.6466206086246804,1.647801336565565,21.78913919367257,21.782582898092375,21.796871014188007,0.7100174044766513,-2.0547884519709454,0.07858990015518434,0.7406809226646034,0.30066098094552113,0.30067214985605073,0.30104333149802553,0.20738143788297436,0.20764161671764922,0.2075365341811207
20.0,90.0,10.0,0.0,0.2684935477559829,0.2666652183573833,0.2674750697660254,-2.029014063320503,-2.0478969629096504,-2.0794385843107337,2.11306239772024,2.110787496216988,2.1100941436784115,5.964124780658888,5.9656778424580414,5.9543630680321815,0.7088879274287126,-1.824588487784622,0.006608115726709338,0.4336037946831594,0.13594652011974037,0.13568712158789897,0.13558471680757886,0.2676206852093978,0.2672668190461678,0.26754392608642896
20.0,50.0,20.0,60.0,0.1796460010506197,0.1759392036998287,0.17809452685560764,-0.4383423641390169,-0.799351139592398,-1.8627718313161588,1.406674244625128,1.4097092413070413,1.4073263643869216,7.451301863743242,7.4521529880049036,7.459334248433635,0.658991099436022,-1.6861926913303058,0.06183588760409731,0.26578302352521,0.12840755515718763,0.12834583082403497,0.1284579072788161,0.17823178464383477,0.17831874842759945,0.17793344431200583
50.0,20.0,70.0,-30.0,0.1483444547817883,0.1476417930765317,0.14784654700389413,-1.264801623257062,-1.273507165635455,-0.9843294955117312,1.168408092355486,1.1674008608046043,1.169519258435446,19.754877628919097,19.75191493141417,19.754774012808806,0.6115535893142118,-0.8927449704416845,0.37941764508681874,0.18816237135352928,0.23924382266574748,0.23925834873900603,0.2392959745185381,0.1477099662618379,0.14784446818850827,0.14797758071977604
0.0,20.0,120.0,60.0,0.0433721067509128,0.041130238306028,0.042442398191719556,-0.8550927176915378,-1.0397680521108188,-2.0418012865060446,0.35624607476665515,0.3565989024730998,0.35323793385766555,33.638081410333925,33.633173988082405,33.64271575048067,0.617145342061956,-2.0150473293853004,0.012629416774988435,0.19883256512933858,0.3942836394977905,0.3940715902914779,0.39423283775045204,0.04304189472849474,0.0426513388500979,0.042626289525557165
0.0,100.0,100.0,60.0,0.2118763072352661,0.2096682950771374,0.21103178280424073,-0.9871865782244892,-1.0291531731806978,-2.069640036217669,1.6806003501351237,1.6788350197611983,1.6787766271667586,30.20984587940804,30.202080285014056,30.20783913494751,0.7218526699760112,-2.0319799578528905,0.0268783479460586,0.9994376925382924,0.3983535939139736,0.3978815016835107,0.39836327338819427,0.21121284227016004,0.21097603345000293,0.21119412501021975
90.0,20.0,20.0,30.0,0.2713321287081013,0.2557244368930017,0.2662657501064399,2.006497903058394,0.8114745941499342,-1.9025297557590508,2.095274478005794,2.0946325460878925,2.101228641593173,2.837779198021386,2.853757897514058,2.8570303782904447,0.5984987239536121,-0.7371513072756187,0.040597125469667934,0.147974090134092,0.05253016958669901,0.05254051608209585,0.052437079117241145,0.2656697659334566,0.26642979172324505,0.26651165070266547
0.0,20.0,120.0,-30.0,0.0435294470633674,0.0416546797605697,0.04257102422788246,-2.5592797311142625,-2.633352028172482,-2.06147070978066,0.35735927277444723,0.3572091910140962,0.3537020487164076,33.63721164341427,33.64745149190881,33.636527458544116,0.617145342061956,-2.0150473293853004,0.007974574757296432,0.20002761123817586,0.3943283113018262,0.39424584391557005,0.39425878753414273,0.043166318276379734,0.042712200864826355,0.04273628819407187
20.0,0.0,40.0,0.0,0.0678082908225176,0.0654833825318897,0.06674701215753105,-0.6994421818265738,-0.7565599804805253,-0.9204934408641826,0.5319691347873574,0.5287739906047351,0.5245608603837143,11.22504539780418,11.216110500643605,11.193723385724955,0.5841886751953623,-0.5231776405480634,0.09816196871571835,0.0411740716127195,0.13386205299160353,0.1341204683727822,0.1333218169510356,0.06734525855801957,0.0663858669799355,0.06680199439145107
50.0,50.0,10.0,0.0,0.2388758043368786,0.2283718116760405,0.23378512408505342,0.3685567680273511,-0.4915687576599384,-1.756131352109185,1.846145671009125,1.8466588643250688,1.8419961592203926,2.9315599988498615,2.9273701076185117,2.9406297289192103,0.6550888176419655,-1.2898374651384217,0.07692043698986636,0.2172427186535696,0.0827105236409254,0.08278629096810956,0.08303027242317972,0.23433806739909024,0.23381809747770874,0.2337564406834327
20.0,20.0,90.0,0.0,0.0788939728428589,0.0775922644074701,0.07834675859117826,-1.2165690389555848,-1.240923015112587,-1.303677114816188,0.6267614508036703,0.6268007411178537,0.6271705074605691,25.420142916443417,25.423178651187094,25.416595512115677,0.6162442654560011,-1.27379193074638,0.20249472529359977,0.19995235595353103,0.3036775381509553,0.3034870279907482,0.30351379476317686,0.07836858780235131,0.07842316306448564,0.07841460202158695
0.0,100.0,80.0,-60.0,0.2429199332877409,0.2409524609802243,0.24201819005195194,-3.1186011138655902,-3.1286494360794723,-2.0814908102383285,1.921462641305162,1.9210986987847585,1.9210376699105491,25.03353333962901,25.040625033946135,25.037062113696198,0.7218526699760112,-2.0319799578528905,0.014352995586152295,0.9997433517490876,0.3463451844578333,0.34666002945533286,0.3465732357748985,0.24209585943050718,0.24205043909653834,0.2421113113718324
100.0,0.0,110.0,30.0,0.2296558674722457,0.2247387187191465,0.22690957337303175,0.2626334395036613,0.245796354807562,-0.5257364858628779,1.7850520550774733,1.7858610740374343,1.7858747861218054,29.787369220802947,29.769254119858196,29.7744006035275,0.5610908219554596,-0.5198393037975151,0.9079845943398417,0.0021328659676917126,0.3348191436836165,0.3348469837423584,0.33486784722462243,0.22690555295160894,0.22701230222402552,0.22691362222059924
20.0,50.0,30.0,120.0,0.1705919366811877,0.1673603661411865,0.16913078119366473,0.5298873761663352,0.136504893345608,-1.8573710521579652,1.339393239517397,1.338496688796883,1.3376613753153623,10.156440833983893,10.160590897728204,10.160770335397006,0.658991099436022,-1.6861926913303058,0.07298497391861322,0.3075288708558253,0.15672499052085365,0.15678375309106996,0.15684982684006332,0.16928295975518237,0.16907464282645654,0.1691794266375538
50.0,20.0,100.0,0.0,0.1385896683023053,0.1355707033759025,0.13717082966008662,-0.7369304156779666,-0.7518489231465225,-0.9021372299769714,1.0841911733663048,1.0861882415551192,1.0854796733285463,27.99994277148888,28.002629748667076,27.992113900512738,0.6115535893142118,-0.8927449704416845,0.5036184418808521,0.20009776290978182,0.33056481202618615,0.33063210477239885,0.3303988364042662,0.1372249575051871,0.13739091879428494,0.13713360707156869
90.0,0.0,70.0,0.0,0.2588652438297654,0.2583015084095443,0.2587007569824592,-0.1016707982277138,-0.1067209264555025,-0.579089892630836,2.0367773833646323,2.0373706656453185,2.035695864966862,18.253993049617645,18.25263776516119,18.24554408456235,0.562745350766241,-0.5203297715459044,0.6215250047902617,0.03457295536856115,0.20136200966399487,0.201243610395454,0.20129768693264896,0.25883335236368094,0.2586854604115809,0.258625344459154
90.0,20.0,10.0,0.0,0.2686860170454143,0.2656858087370047,0.26697071437371905,3.1385361222973205,-3.137149269710716,-2.2711161223753282,2.1071511497928914,2.1053667250255685,2.1073250477187493,3.954422550110394,3.967111701739673,3.959411580258724,0.5984987239536121,-0.7371513072756187,-0.0561212967166916,0.31288972400816484,0.10539833789050126,0.1055512881960226,0.10537348977013233,0.2669845023409006,0.2670117200594339,0.26722456245580967
0.0,90.0,50.0,-60.0,0.2292762617675017,0.2285815277375074,0.22893042397334534,3.1415437014230667,-3.1415755504265497,-2.0856039964834054,1.8135382557539543,1.8130274599779488,1.8130414073688428,16.5234635869436,16.536508308675906,16.53933590513474,0.7100174044766513,-2.0547884519709454,0.006742081982943842,0.6741981742232521,0.24654892659328217,0.24663819508120075,0.24650203274977334,0.228951845455888,0.22889775097688098,0.22896848171445996
0.0,100.0,50.0,60.0,0.2474906089974479,0.2466031249230516,0.24701177570443125,-1.0462887143820765,-1.0580901084389671,-2.0966384473749438,1.9549843556294353,1.9564019402463795,1.9558768118730774,16.74663506503148,16.746862260638192,16.755507709532722,0.7218526699760112,-2.0319799578528905,-0.001457282685728685,0.7475857750589877,0.25313032312160816,0.2533044585598223,0.25341345243283037,0.24701567709180097,0.24710384522273704,0.24695394423700076
0.0,100.0,110.0,-30.0,0.1988686314060347,0.1969752110551803,0.19790350843384172,-2.599250832104015,-2.6125561150029486,-2.0837674615432893,1.5787528365788532,1.577502976525563,1.5767449333360297,32.78795241091452,32.80207308863017,32.787015880349585,0.7218526699760112,-2.0319799578528905,0.01233811429354543,1.000125228123589,0.42412061645276605,0.4240686066581912,0.42401049686877756,0.19811887924531066,0.19788384911835485,0.19805262054217118
20.0,50.0,10.0,30.0,0.1887704850288244,0.1857435800952963,0.18744206531549315,-0.7869515655539341,-1.1992378622953586,-1.9136411565597244,1.4786690354602707,1.4812270356669026,1.4804252194009886,4.779253860747839,4.774698676244049,4.777775508495121,0.658991099436022,-1.6861926913303058,0.03998936000137167,0.22139337125080996,0.10106269972041945,0.10090891836780293,0.10101440380877913,0.18746368536248262,0.1876804527020812,0.18736147732035838
20.0,20.0,0.0,120.0,0.1304116090628707,0.1138819672024506,0.12239703534158657,-0.2252837278359606,-1.0647986331859949,-2.0889794066209135,0.9861096727086873,0.9916712034833506,0.9897610400986772,1.8909708384228325,1.9170376338087638,1.8757899441924326,0.6162442654560011,-1.27379193074638,0.0005540628654242648,0.07644178920905596,0.05752065371032243,0.05809847825942544,0.05804498332694065,0.1253048192160514,0.12579227532678294,0.1250871006839391
50.0,20.0,20.0,60.0,0.1845905743381732,0.1700445185402793,0.17850682274942217,0.916522165116374,0.3481566573874924,-1.2878389139824111,1.4113250734865885,1.408068873584165,1.4098323731205695,5.556227951724953,5.559967585386216,5.561338568799388,0.6115535893142118,-0.8927449704416845,0.1306828981038252,0.12707248745011046,0.08584558478856318,0.0859034178795933,0.08595722803364304,0.17878532998057145,0.1785930178232641,0.17900245642527687
20.0,90.0,70.0,60.0,0.1773069750720872,0.1759311139454752,0.17691432425956977,-0.350454420956417,-0.3777002847424566,-1.5633063670502436,1.4043958728338959,1.4026936528612781,1.4036104217957106,20.98648496275865,20.98340346159754,20.983153904603068,0.7088879274287126,-1.824588487784622,0.29660652383919406,0.5048114445026842,0.2769823582750051,0.2766869614908381,0.2769044237221978,0.17693219554166165,0.17684287040173563,0.17704067888436736
0.0,100.0,30.0,0.0,0.2682591251188632,0.2677055483678294,0.26795643165597693,-2.072144940546913,-2.079008657161876,-2.0836576449744824,2.116626036226837,2.11892924349391,2.1184539261070436,11.48773311851294,11.490815895843141,11.472957136127128,0.7218526699760112,-2.0319799578528905,0.007027102988775658,0.6365285345764967,0.1990049276301834,0.1989804025665049,0.19876013414031996,0.26790436021481817,0.26815090252616824,0.2678453712406695
0.0,50.0,30.0,120.0,0.1646782685367671,0.1606445371370727,0.1622053582223391,-0.0021385956121963,-0.2179715416953379,-2.128130380765788,1.2837124759405079,1.2862903655588547,1.282638409455278,10.253724058661346,10.245832785921944,10.253557258441033,0.6597422425592191,-2.0628742020185755,-0.010788491564146982,0.30227689705314853,0.15721070605051296,0.15729329169922696,0.1573715663334042,0.16247733875637954,0.1623020618144517,0.16198357190570453
100.0,0.0,10.0,-30.0,0.2689191235979986,0.2638666390309465,0.26631103426848507,3.1355814520621563,-3.1407725203019616,-2.180792593059826,2.100815535479509,2.101207294056737,2.105001372335139,5.039184047518182,5.053498426482761,5.044118762810745,0.5610908219554596,-0.5198393037975151,-0.029196113229801667,0.3693785136098857,0.12138110076393228,0.12145037440679002,0.12137242791825648,0.2661013928265654,0.2666334114138224,0.2665796547779214
0.0,20.0,90.0,-60.0,0.0556088884562366,0.0544417835126768,0.05500578435512051,3.1414110721190185,-3.141351257797245,-2.074126501017088,0.44696479373531445,0.44681076854325164,0.44858541721286976,25.44904445839576,25.465892939637353,25.469463663331748,0.617145342061956,-2.0150473293853004,0.004876442286320173,0.1999553278104833,0.304190276444065,0.304522283929407,0.30450785881477804,0.05493925871272204,0.05513711816222675,0.05517458534313714
0.0,50.0,120.0,0.0,0.101410566737572,0.0997965633254069,0.10054781422620275,-2.0592156135208635,-2.0969269132819472,-2.080647644653433,0.8112151393011346,0.8113472783756134,0.8110755509655639,34.38384352121901,34.377030204950884,34.37853784790926,0.6597422425592191,-2.0628742020185755,0.00860863269160518,0.5001321521040705,0.4178934547238454,0.41796536953674013,0.41746247204700593,0.10072000440157726,0.10072508547660518,0.10069022350719178
20.0,0.0,70.0,60.0,0.0574329740665256,0.0554436522240067,0.05676014112923619,0.4237702198559399,0.3632906619182511,-0.7510330917519006,0.4500971362240684,0.4492776064770548,0.44965309177750534,19.38883308193521,19.376864789723736,19.384446588955907,0.5841886751953623,-0.5231776405480634,0.14802192090799937,0.03426374239200728,0.2237688717022939,0.2237903893601134,0.22382480341236832,0.05682879422863009,0.05678374948760887,0.05688807030092478
50.0,20.0,90.0,30.0,0.1176801023600819,0.1169620738680127,0.11741983693299833,-0.1224163527679534,-0.1334485629520095,-0.8061997396643079,0.9272690543959982,0.9275393477598327,0.9294444460207999,25.020606831146143,25.016548064552307,25.029038993189896,0.6115535893142118,-0.8927449704416845,0.39423226597011335,0.11441482109402508,0.29216274275730514,0.29210771080210796,0.29226212957620384,0.11725720303874107,0.11754434125502337,0.11750712002949276
20.0,20.0,30.0,60.0,0.1063236199414787,0.1012766420519252,0.10463233855322089,-0.2117027158357908,-0.4708432707006303,-1.5608061829749498,0.82865996113402,0.8301842319277407,0.829354313768559,9.217625340171349,9.216197678501846,9.218779695005024,0.6162442654560011,-1.27379193074638,0.08034596877331497,0.13676767118012526,0.12738876261344378,0.12742628838470668,0.1275733948424092,0.10475596924706587,0.10484503904410075,0.10465316860362114
20.0,50.0,70.0,30.0,0.1388030691930537,0.1378425877604165,0.13824937131212223,-1.1283919920823955,-1.1489561830060009,-1.7425729336835276,1.0996409064874908,1.1008602168730697,1.0993933488633705,20.806790886436225,20.808107372333524,20.80726556632379,0.658991099436022,-1.6861926913303058,0.15396947347065623,0.41862664448283504,0.26981655164762197,0.26972491003651927,0.2697854009009563,0.13833788993345877,0.13829793108745506,0.13816522449693955
50.0,20.0,40.0,30.0,0.1683428042348566,0.1637183940739435,0.16696254230290294,-0.0503361608302883,-0.143318792662399,-1.060960251963583,1.318166353237414,1.3180944923342008,1.3180013153830745,11.340259459876934,11.33770260758265,11.338663911407078,0.6115535893142118,-0.8927449704416845,0.2500726124134353,0.14935542522688833,0.14572331414814896,0.1456728865393511,0.1458157184064185,0.16704988613502655,0.1670280700847408,0.16703685224288692
20.0,90.0,100.0,-30.0,0.1994171018331517,0.1974537489164376,0.1985258260053505,-2.327962513765028,-2.3458190045973226,-1.8676918561990679,1.5806567494404278,1.5813454705731007,1.579086992033638,29.959579793951242,29.951688236249176,29.95557321928982,0.7088879274287126,-1.824588487784622,0.2092166499087528,0.8997391586814448,0.3906844270036542,0.39060184225130123,0.39088421616317337,0.1988107345577537,0.19858753421916575,0.1984933188995896
20.0,0.0,110.0,30.0,0.0530705307199803,0.0477436533587414,0.05006530732423175,0.0816263814196996,0.0316717409520431,-0.5237030137848038,0.3958691845629061,0.39601365015846,0.39221067272949256,30.317301939192024,30.316086617428653,30.313318849972525,0.5841886751953623,-0.5231776405480634,0.20726551009015126,2.8114372014844615e-05,0.3454114119973954,0.3454454566160081,0.34534361227693994,0.05051206584291899,0.0500702541707636,0.0500729950700631
20.0,90.0,60.0,-30.0,0.2256903205335064,0.224965330595433,0.22533606317983806,-2.299665497898332,-2.315032092662717,-1.8832023827206874,1.7869456708651301,1.7856039783623,1.7847736349354433,19.144834216894672,19.14547176841728,19.13990115936189,0.7088879274287126,-1.824588487784622,0.1551247715469365,0.7207309445123535,0.27389500664447214,0.273920465252361,0.27398852360279324,0.2254713873802562,0.22518979052970298,0.22537361178363027
90.0,0.0,10.0,60.0,0.2681902429725853,0.2656368100429503,0.2668917261501037,3.1402685330348032,-3.138114389637498,-2.2526394359926276,2.1063049786583052,2.1053967494337393,2.1049306919122266,3.3269384078700166,3.326137806205116,3.311315347758486,0.562745350766241,-0.5203297715459044,-0.04913818053954479,0.2883583587706977,0.0973559185100104,0.09737409584124299,0.0971480974508696,0.2670694447726962,0.2668974538047118,0.26700878483830914
20.0,20.0,90.0,30.0,0.0794841830351125,0.0762088732356482,0.07862331282480883,-0.6829580742094989,-0.7123782643187435,-1.2985676853967771,0.6295856488849372,0.628562222728169,0.629772247693438,25.421022078332538,25.410632517157204,25.41920910617334,0.6162442654560011,-1.27379193074638,0.20399468145475436,0.1994701038986328,0.30360661500692654,0.3034605585644435,0.30341663851985556,0.07865424496541018,0.07867218160285881,0.0787989161257756
90.0,20.0,40.0,30.0,0.2674256989559456,0.2666752699537951,0.26701039936172766,0.5446344564689996,0.4333169435561362,-0.8928517640898989,2.1037899314197435,2.1028889165122173,2.103000673922939,9.856221553460772,9.855296057404532,9.854703369269833,0.5984987239536121,-0.7371513072756187,0.35019531475298454,0.1363325582806374,0.11757143647222651,0.11757091110468437,0.11767755760482665,0.2670425684244274,0.2669357742553966,0.26705252729762163
50.0,50.0,120.0,120.0,0.1493574782355539,0.1420748409717462,0.1443303803503652,0.929003620002378,0.8830436631883404,-1.3007851986121193,1.1496693497060733,1.1486808480391608,1.1494121703359874,34.26542482480659,34.28739504221699,34.28022821321485,0.6550888176419655,-1.2898374651384217,0.5119104079013823,0.5014086432284085,0.41581692338079695,0.4161830487430147,0.4157450115917641,0.14436193562086558,0.14437022403349278,0.14449852503087193
90.0,20.0,120.0,60.0,0.2121723172616445,0.2071243318840184,0.20836145226171476,0.52941421583102,0.5141294745380881,-0.7360617524221562,1.6435550890211066,1.6451243693924074,1.642542320151033,33.246670195246786,33.23932055655917,33.247124923981296,0.5984987239536121,-0.7371513072756187,0.9409169156664651,0.20288749012680687,0.3869457678849624,0.3866263601094407,0.3870555770542352,0.20853758982000364,0.20837130029335954,0.20820180300753618
20.0,0.0,80.0,60.0,0.0547596385231945,0.0534837820151556,0.05431437561763401,0.4549209502049838,0.4258352563933749,-0.688475762648688,0.42944476017189076,0.43145497134042876,0.4287058661264231,22.091331648156554,22.094799577786247,22.097515096007903,0.5841886751953623,-0.5231776405480634,0.16280562000930482,0.02709121690526825,0.25355914282142994,0.25358515384934743,0.2535767858962767,0.054509503710563935,0.0544169898367734,0.054167824594816484
20.0,90.0,40.0,0.0,0.2436831296867806,0.2431477432926506,0.2434220375095056,-1.7342777839483918,-1.746049743366994,-1.8901790286256481,1.9244308465236413,1.9261657936184198,1.926210559837211,13.802036114937337,13.80315540238176,13.798513339697276,0.7088879274287126,-1.824588487784622,0.12837899940637368,0.6190315372745081,0.2171442356536543,0.21732543175292215,0.21710307524993727,0.24334830675945818,0.24359074546565812,0.24336549247108952
0.0,20.0,80.0,60.0,0.0594678263825529,0.0582589942623935,0.05885218025339456,-1.01902915793342,-1.079797626903005,-2.0982187886085093,0.47721656643102317,0.4763807499381321,0.47612743730773804,22.746667613286785,22.737176528300427,22.745864022178736,0.617145342061956,-2.0150473293853004,-0.00048764327667085404,0.1929376812288702,0.2739286533044418,0.27383924860656644,0.27411036405663886,0.058967338152163006,0.05881248034646769,0.058920921150581104
100.0,0.0,10.0,0.0,0.2687793269643798,0.2638504840813093,0.26672685488405623,3.139873020357949,-3.135674127088331,-2.256103817332935,2.1034163765672758,2.104124710783297,2.1073244085637155,4.608865321716954,4.614288772535474,4.6056634042136855,0.5610908219554596,-0.5198393037975151,-0.05216235144031398,0.3442961713627078,0.11488769957536937,0.11495576554623413,0.11475337025827706,0.26650940386486444,0.267010318338291,0.2669102559720049
90.0,0.0,90.0,30.0,0.2338036164866057,0.2332349165986424,0.2336564359509684,0.3996001741393461,0.3951978010555999,-0.45291030172313124,1.8389794824999657,1.8374607086945078,1.837922774217103,23.863576947497116,23.84751715877968,23.850812217282122,0.562745350766241,-0.5203297715459044,0.7287781695862303,-0.05153322699132489,0.26121211099003167,0.2610873059804976,0.26114268317119005,0.23368872013926467,0.23355049798189725,0.23375730830236743
90.0,20.0,60.0,-60.0,0.2670799840229555,0.2643153480731092,0.26504501832764205,-1.2753705142135714,-1.3064936963660256,-0.8054840580976921,2.0882341334074885,2.0873774417774618,2.088663440279788,15.982573522117153,15.985167676131063,15.986843470529264,0.5984987239536121,-0.7371513072756187,0.5759072734905106,0.16649751509895155,0.18932510214263096,0.18943247046320086,0.18941814584348426,0.26494018622324517,0.2649951102220676,0.26511025411875483
20.0,90.0,90.0,-30.0,0.2139203293735942,0.2119403052812601,0.2128291602772629,-2.321387934603566,-2.331340385320361,-1.8671743881577159,1.6931111819892217,1.6914077016765863,1.691518586374321,27.343303745774193,27.356026707349905,27.334903016048926,0.7088879274287126,-1.824588487784622,0.20955912824125386,0.8995171769529441,0.3641918127096099,0.36424785424830003,0.3641090377682299,0.21295917088709115,0.2127846793983519,0.21297473617021218
100.0,0.0,10.0,60.0,0.2681595101656416,0.2656774167013793,0.2668956791291648,3.140288455942424,-3.1383557547918715,-2.2534974095444587,2.1066271776804872,2.1056545345417614,2.104926418850073,3.337328201827915,3.3356522987320005,3.3192517859495947,0.5610908219554596,-0.5198393037975151,-0.049427734643658836,0.2887671893143565,0.09749795756251467,0.09751102664055943,0.09727339169830329,0.26712502667594173,0.26690626822873253,0.2670196315884337
0.0,20.0,0.0,30.0,0.1179927013587365,0.098776926353608,0.10856466533032255,-1.954117828387036,-2.096116863577059,-2.0881208859091442,0.8960260965892496,0.8945836088239071,0.8966008584157161,1.8934303086509918,1.8903589480369913,1.8946096548860631,0.617145342061956,-2.0150473293853004,0.0005447609646088514,0.06622474080642131,0.05722546443431558,0.05688632879637163,0.05705029246909755,0.113499623693133,0.11355576102273865,0.1137802730847986
20.0,0.0,100.0,120.0,0.0535447899041616,0.0523827824420204,0.05309151222792948,2.6352617674713947,2.6011402707746454,0.4859800761684734,0.4058568212052179,0.4088584746681393,0.40577334636974755,26.983051768149092,27.00095259526309,27.00579374647045,0.5841886751953623,-0.5231776405480634,0.10041999522604825,-0.15923375631966621,0.2961986348237854,0.29619187148141546,0.29659293860754954,0.05327746153283144,0.053280427739570334,0.05289879411524479
50.0,50.0,80.0,-30.0,0.1747229961211345,0.1738718139770728,0.17420964589181478,-1.6697671155330704,-1.6777864056295504,-1.3376983782552827,1.3811967647257248,1.3805417202429682,1.381196362040752,23.34980214105771,23.343680388411904,23.347258837323285,0.6550888176419655,-1.2898374651384217,0.4245466594669067,0.4490838791461435,0.29682261639879864,0.2969190544913381,0.2966263914106363,0.17419568075607725,0.17420137854751114,0.17428284553010268
50.0,50.0,30.0,-30.0,0.2182942098524374,0.2175544194195254,0.21786936174243784,-1.2883088973290535,-1.3014762218780955,-1.3919978288019292,1.718687912888561,1.720931818110858,1.7192390582449792,9.258017286939085,9.263124716605835,9.256976857134541,0.6550888176419655,-1.2898374651384217,0.2384189545432376,0.2815668332481066,0.14150579294079654,0.14156950680018573,0.14139220384109594,0.21791021799971663,0.2179820904107489,0.21769648363303895
0.0,100.0,120.0,-60.0,0.1868614126349388,0.1852064934680653,0.1861117890860912,-3.1135973689994647,-3.123002212230833,-2.073682757222743,1.487119754097329,1.4901085055437229,1.4841878671907849,35.384639089583445,35.39382866814451,35.39629081180849,0.7218526699760112,-2.0319799578528905,0.022533668240472985,0.9990395224602424,0.45082302091868237,0.4509768359812382,0.45065260044092875,0.18668849973848098,0.18632802764685513,0.1859616556173083
90.0,20.0,10.0,30.0,0.2680611824773752,0.2657200592866893,0.2668448637987236,3.140300905886275,-3.136903652542744,-2.2410186580733122,2.1050476551541433,2.1054448799251033,2.104651411541577,3.158922652508697,3.168844863462023,3.1539078785578103,0.5984987239536121,-0.7371513072756187,-0.04519345109058891,0.2827283114223681,0.09497917250945397,0.09519114824617551,0.09502475094458972,0.26698237815574855,0.2669356617185551,0.2668819070343736
20.0,20.0,70.0,30.0,0.0823758011485266,0.0815879797067612,0.08211359334177251,-0.7937985103768532,-0.8193640049190978,-1.415879321919271,0.6539736447492759,0.6558331674834421,0.6559938974877377,19.995035181002976,19.996349141230244,19.991161535301963,0.6162442654560011,-1.27379193074638,0.1504751808599402,0.18645622990803656,0.24371279658727246,0.24377361465162628,0.24365648549350197,0.08204443775079616,0.08231386197901323,0.08206567714372634
0.0,20.0,70.0,30.0,0.0643609644929665,0.0639820117244062,0.06419827618965881,-1.565722964207285,-1.5898938290329514,-2.098822369086559,0.5162863035559858,0.51742103009554,0.5165252072956198,20.06713705344125,20.055363526650886,20.048756889400682,0.617145342061956,-2.0150473293853004,-0.0006270772175080773,0.1879232901643757,0.24479868811292751,0.2446417462446188,0.24456067068340628,0.06425880958816697,0.0642922790687726,0.06413962923472613
50.0,0.0,30.0,30.0,0.1656043904822503,0.1565928208802411,0.162384406997416,0.5087579909693353,0.3046727148167212,-0.7902352624235979,1.2806366941206606,1.280059925662605,1.2799835769647199,7.642478030379985,7.6379332251410865,7.642483597125203,0.5786783317088385,-0.5219133872819157,0.16557499888594165,0.04580189997178705,0.08867977895213214,0.08864141023353214,0.08875217337947727,0.1625669409954731,0.16248680834102763,0.1625606398130266
90.0,0.0,40.0,120.0,0.2677536978401141,0.2661323698877732,0.26690019257003367,2.3946275997431616,2.1016805611145286,-0.7292533697049608,2.0997299349685306,2.1025576114151097,2.1014334656738365,9.179219146966116,9.181075371560794,9.177767177390747,0.562745350766241,-0.5203297715459044,0.2973683422672103,0.065147575046028,0.09525866319595536,0.09520459269552696,0.09518641052505912,0.26686181424146965,0.2670801623332204,0.2667227945280383
0.0,50.0,0.0,30.0,0.1896886808171504,0.1881509211736066,0.18885787555071556,-2.083329248963331,-2.097662724056284,-2.091254637664458,1.4915964072788974,1.4890606238541537,1.4888031702932938,2.2758211836711197,2.2878979336449765,2.2747021980244866,0.6597422425592191,-2.0628742020185755,0.0005706229034551925,0.1660427832690926,0.07428462077422177,0.07436120812743346,0.0741958480168302,0.1889965374785085,0.18864689853857336,0.18897592853098488
100.0,0.0,100.0,-30.0,0.2416629899493053,0.2401772499058742,0.24131263201533817,-0.7499937311686908,-0.7545609027811891,-0.5322323079958649,1.8988215249349498,1.89996517358706,1.8994354815493193,26.861670787329114,26.867672074568684,26.860543742253764,0.5610908219554596,-0.5198393037975151,0.868068539759371,0.007534996744086852,0.3006539669512304,0.30079657179190594,0.3008435471817885,0.2413314127731638,0.2414089345604228,0.24126193528091613
20.0,50.0,0.0,-30.0,0.1963741935887483,0.1952054560841789,0.1957819174386897,-0.5946595859789359,-1.2951574967289865,-2.091324669977518,1.5421830886385464,1.5453362504433803,1.545418577552721,2.3744420430980266,2.3669138609043845,2.3713199115154397,0.658991099436022,-1.6861926913303058,0.0006017250669815729,0.17902385358211606,0.07732015993876516,0.0771020072627134,0.0773036633275507,0.1956457733139487,0.19605648968148073,0.19565963437057735
20.0,20.0,80.0,60.0,0.0727591058545059,0.0717085753741921,0.07249920683346539,-0.0998040717177672,-0.119830740358544,-1.2383305519317378,0.5795326983526204,0.5803051332474772,0.5773097313709736,22.568574439118233,22.563655798122497,22.5691658290094,0.6162442654560011,-1.27379193074638,0.17628137181431636,0.15282615922781295,0.2690392566957079,0.26908986669803464,0.26896439387393833,0.07275389390274208,0.07246995124507317,0.07238023722072338
0.0,20.0,90.0,-30.0,0.0552686585183637,0.054567997985409,0.05500989604261164,-2.5728188094970643,-2.624152764872963,-2.0787181956020215,0.4490821771068698,0.44695535902531247,0.44632176117460765,25.459977921875176,25.458455357177236,25.46007308363061,0.617145342061956,-2.0150473293853004,0.0037500073833167877,0.20001386918084374,0.3044525655299781,0.3043077206496788,0.304403925516657,0.05523697755662675,0.05488568174926147,0.05514519244431664
50.0,0.0,80.0,-60.0,0.1376439668091043,0.1362465612621098,0.13659055749584506,-1.4174328421928737,-1.434180754109802,-0.5938263833376425,1.0749095897283734,1.0766996964061333,1.0756194092771094,21.857905610302073,21.877137378524125,21.86346843284514,0.5786783317088385,-0.5219133872819157,0.40662320216102443,0.0285151788516988,0.2491696963668888,0.24928953156628011,0.24896864266643606,0.13660754289142843,0.13669215406360902,0.1364384286824354
100.0,0.0,10.0,120.0,0.2683624180831189,0.2658104716590448,0.266999633887379,3.138862544431191,-3.140189116320655,-2.141678484903917,2.1070969093193423,2.105088864917392,2.1042380999849186,2.3045352732557043,2.281537162518749,2.2883719609212014,0.5610908219554596,-0.5198393037975151,-0.012134864730547017,0.2611656126814423,0.08593096202506126,0.08590093271428843,0.08584577607307074,0.26721206029729516,0.2668543107998449,0.26710662669963503
20.0,90.0,100.0,30.0,0.2003168992636937,0.1981287469506598,0.19910992661796378,-1.2669641836219403,-1.2843458179825644,-1.8574852691147392,1.5855932464927691,1.5871265873737181,1.5817188762747776,29.97353645799208,29.962400277281308,29.962332642093553,0.7088879274287126,-1.824588487784622,0.21915252371818705,0.9002627128769697,0.390852223339608,0.39086844643180424,0.39064773352770266,0.19959255047332267,0.19908186270926465,0.1989259617343496
90.0,20.0,10.0,120.0,0.2678952247539796,0.266359380032289,0.26712026251669907,3.137336649755773,-3.141436352041695,-2.0355863454897594,2.107038606916487,2.108192262488096,2.1036532891597783,2.0501557582546863,2.0345456567438833,2.031638309692605,0.5984987239536121,-0.7371513072756187,0.020286764310754938,0.2579161768687632,0.08339227183528052,0.08342945445034627,0.083468187798399,0.26749503037336436,0.26706741657187444,0.26691913501740183
0.0,50.0,110.0,60.0,0.1087563088421189,0.1062557684153747,0.10777819249330375,-0.9749278094110544,-1.0394374488093456,-2.0742162151346064,0.8670347870669017,0.8666797595130663,0.8685271680430345,31.673840471934056,31.67193396116996,31.685563884736844,0.6597422425592191,-2.0628742020185755,0.012201910317345051,0.49873792106351716,0.38861253029393195,0.38826771359195456,0.3887627764649775,0.107791505953409,0.10796363516298775,0.10800972118979896
50.0,0.0,10.0,30.0,0.1765184244627397,0.1579051196135956,0.16498607696674417,1.6245995450291764,0.5261140047986778,-1.7504503022697926,1.320252813472512,1.313601802763563,1.3172279998705754,1.8204735989902368,1.867185320199051,1.8654584203173672,0.5786783317088385,-0.5219133872819157,0.029723712097793346,0.08077732682071101,0.0509942272479918,0.05110209310112388,0.05055484640331734,0.16708195837530332,0.16672900016312528,0.16752877841836034
90.0,0.0,120.0,60.0,0.2122592414627446,0.2070142905520491,0.20860414953234216,0.7451725281582912,0.7243077553668623,-0.5264375592759111,1.6391140041973524,1.6436625632978046,1.642954793676778,32.69552297405051,32.68422730667255,32.69630643999065,0.562745350766241,-0.5203297715459044,0.9201766478833711,0.0028773768651215205,0.3688690479666435,0.36875547522537866,0.36909108678901165,0.208485853320558,0.20894221195577153,0.20838196345915808
100.0,0.0,100.0,30.0,0.2134007079199798,0.2128863322203817,0.21323303031556973,0.4579350977406551,0.4521522184642075,-0.3322345136151253,1.6760794507056862,1.676265068061814,1.6750621927554912,26.539688652272133,26.536288640794716,26.529162250939848,0.5610908219554596,-0.5198393037975151,0.7203130869291267,-0.13944039025235427,0.2877527319388673,0.2875339405625147,0.28766728085712323,0.21334881396011132,0.2132168769836476,0.21319592255836164
90.0,0.0,60.0,-60.0,0.2671459362308022,0.2663954923028233,0.2667261654946354,-1.0348963721338458,-1.0613205288336147,-0.5914387026391553,2.098896135832273,2.1001896143500387,2.100055364185865,15.207315501192465,15.210868499462322,15.211935411381475,0.562745350766241,-0.5203297715459044,0.5234046476157913,0.03529929651728648,0.16428932841071792,0.16425822234350737,0.1642813706219664,0.2666792343691207,0.26682377681884795,0.26666378873981544
90.0,20.0,70.0,0.0,0.2536443315568693,0.2530366475234211,0.2534157921482573,-0.3443518773162877,-0.3488988424222056,-0.793373871886209,1.9967940686109886,1.99821966404162,1.9965575382758927,18.996490425557223,18.992392898808596,18.9861805173752,0.5984987239536121,-0.7371513072756187,0.6564734918197777,0.18152232342728772,0.22471214664848232,0.22469748905714165,0.2245892332251085,0.25351148267454815,0.25347783232339405,0.25329673433108896
0.0,90.0,100.0,0.0,0.1940267334586176,0.1926228598029859,0.19333521139817306,-2.0803363950865457,-2.09523229240324,-2.0882197137157794,1.5413700684473992,1.540279669907726,1.5379961858357512,29.994473044822946,29.987365152825536,29.98094612756157,0.7100174044766513,-2.0547884519709454,0.007278698203603094,0.9000326053120036,0.391375316742947,0.39132557113821137,0.39098633788214104,0.1936577894113478,0.19323773394586186,0.19337396184689373
90.0,0.0,20.0,0.0,0.2864385059007359,0.2542193624561962,0.2659390786570332,2.7968578191034243,0.8197072237759712,-2.4687118143869475,2.091883913738552,2.0972300086398494,2.0996830288811856,3.876860648774632,3.89397753048384,3.8994981528891386,0.562745350766241,-0.5203297715459044,-0.08301645339793674,0.17869603556198627,0.07307537696958416,0.07296656076732033,0.07332611146397697,0.26561132780134594,0.2665945213168411,0.265909178417521
0.0,100.0,0.0,0.0,0.2681438280223742,0.2663331914375799,0.2672240670755853,-2.0264251907514157,-2.061172442017103,-2.091372843140037,2.1086983315178194,2.106656696891439,2.108660147462696,3.220505096997556,3.216051863936749,3.2115656516181654,0.7218526699760112,-2.0319799578528905,0.0010736174933873035,0.3327532027145367,0.10488833235466391,0.10462088011877771,0.10465832424754183,0.26715949412618123,0.2671535484143838,0.2674210837109416
90.0,0.0,110.0,30.0,0.226938968207934,0.2220342075467907,0.22419152511767826,0.2593966971263555,0.2434548830232634,-0.5257154316032724,1.7638027702832364,1.7644110028386837,1.7644458019417968,29.802603973515534,29.78343259090013,29.7883393694279,0.562745350766241,-0.5203297715459044,0.8978416195960954,0.0020916948956607403,0.3351056108307994,0.3350931593885352,0.33516141193758736,0.22419666830429183,0.22428022771636574,0.22420704558794996
50.0,20.0,90.0,60.0,0.1091872724509269,0.1081064058590693,0.10882291166563962,0.4991319275060879,0.4869572631730948,-0.7009811578445467,0.8600401474531567,0.8585575284387156,0.8585397313839708,24.8754333869795,24.869905303230414,24.87852480281343,0.6115535893142118,-0.8927449704416845,0.3680860092060666,0.06599204658274524,0.28734424745397125,0.2870400267341098,0.28734248816828023,0.10892092499651929,0.1087213809373227,0.10891064104455643
0.0,20.0,70.0,0.0,0.0649528443419732,0.0645318707078563,0.06469153547815472,-2.087309525525807,-2.1009422602993,-2.092994328471422,0.5206014439928202,0.5217524317992885,0.519483097568505,20.06720061835103,20.05923525888646,20.054997458099713,0.617145342061956,-2.0150473293853004,0.0004971706872873713,0.18952015872952802,0.24484035978229465,0.24488366744863455,0.24473648581796512,0.06485673373566288,0.0647253163263038,0.06458261919659769
0.0,50.0,60.0,0.0,0.1384222362469843,0.1378776772612982,0.13820407901417534,-2.0959036851119097,-2.099780725636546,-2.0961078924228858,1.0985311719918942,1.099210269362633,1.0992137983952661,18.188681622059526,18.1847965599769,18.183061943666424,0.6597422425592191,-2.0628742020185755,-0.00041611983715976285,0.40038826571662045,0.24221208256282664,0.24193225190183318,0.24198175513230782,0.13818906755747654,0.13829035579282473,0.13818153766532731
20.0,90.0,10.0,-30.0,0.2684632976292038,0.2665990550824112,0.2674793418054377,-2.2755005041206147,-2.469518615861276,-2.039681277935929,2.110794613169506,2.1115556451723796,2.1116016808148044,5.920585168553653,5.920232972230837,5.9240480944904865,0.7088879274287126,-1.824588487784622,0.0239920349354482,0.43068901868228743,0.1350038700087401,0.13501870653480125,0.13497136041875682,0.26745468653043736,0.26755232690526765,0.267457952601412
100.0,0.0,80.0,-60.0,0.2542913644988656,0.2527118619797098,0.2530786887505868,-1.1955525975479078,-1.2088949243951237,-0.5624246675791433,1.9921268475720197,1.99258929202548,1.9912295959171522,21.15350307183173,21.15382591203794,21.154930449457215,0.5610908219554596,-0.5198393037975151,0.7111713740865035,0.027485182055280288,0.23488625270433783,0.2350920053049306,0.23504158184814816,0.25315956201934636,0.2530399683404293,0.2529936300831895
50.0,50.0,30.0,120.0,0.2158979926792863,0.202708962397867,0.21150749981706607,1.275357046639086,0.8136577886865118,-1.485135328799928,1.673582351655162,1.6699844920604667,1.672703715506371,9.595937267231028,9.602723310342096,9.596843807451632,0.6550888176419655,-1.2898374651384217,0.21375429291786666,0.3096715574305611,0.1490006050428901,0.1490747512538021,0.1488083734457131,0.21168216168607915,0.21157110680605876,0.21202407099594167
0.0,20.0,20.0,-60.0,0.0967483016257045,0.0939119436019673,0.0951217707194525,-2.7112119307473783,-3.0628881811045274,-1.9611177340944377,0.7534047916662288,0.7530058400408254,0.7542023596607358,6.631514672547659,6.626203239318488,6.631197693724058,0.617145342061956,-2.0150473293853004,0.015467422012008179,0.11138253535694133,0.1001164673809434,0.10005927277114408,0.10007636517004316,0.0950846980988014,0.09518732966813168,0.09523235907956454
50.0,50.0,90.0,30.0,0.1835475695240585,0.1801363799379288,0.18174530560439126,-0.5932766331447286,-0.6084821247634822,-1.3027894506456623,1.4414403511830556,1.440242796070779,1.44124999353719,26.16721630141811,26.15173526722917,26.161817010621842,0.6550888176419655,-1.2898374651384217,0.507984356557013,0.5011142272914026,0.32889173864421817,0.32885649091240393,0.32891147342050175,0.18177130375076644,0.18176577347615225,0.18191732411169825
0.0,100.0,20.0,120.0,0.2698277204489155,0.2673555771530073,0.26849442570039245,-0.0717658436711205,-0.79577755927889,-2.2137442642496126,2.1210174215367434,2.12459666536935,2.117178680741425,8.650343886017898,8.658234301321164,8.66529948793299,0.7218526699760112,-2.0319799578528905,-0.06362321604249639,0.5181721116585278,0.16493571760940004,0.1650438575933312,0.16518595983818912,0.2690032614872945,0.2685266926873961,0.2680613876730499
90.0,0.0,120.0,120.0,0.2082396335386721,0.202304499320394,0.20398133993485423,1.788541777558209,1.7647458688615396,-0.5279009745519146,1.6065639485553602,1.6059805674384735,1.6040039584139505,32.70896733554574,32.719351091554294,32.71788531553033,0.562745350766241,-0.5203297715459044,0.9009396975233707,0.004095389709818076,0.36927065825103184,0.3695833682742869,0.36946397523818414,0.20415811073418533,0.2038435801146401,0.20392766361681416
20.0,50.0,120.0,-30.0,0.1095494828797398,0.1069997227060295,0.10843746913002782,-2.1792686045842635,-2.2127361959342773,-1.7106336437108813,0.8732067596551384,0.8724730590002783,0.8706592283609145,34.359118702999545,34.36167311495256,34.35874722460116,0.658991099436022,-1.6861926913303058,0.20343466843565827,0.4998899109422252,0.41734561072343107,0.4175190434830042,0.417608057192754,0.10881520169421148,0.10847216174989455,0.10858462657421232
20.0,50.0,40.0,120.0,0.1625732605287336,0.159154433273855,0.1611342617678613,0.4949946713131768,0.2487814578060552,-1.8114909898625091,1.277751844241755,1.2765763807932362,1.2761430184373346,12.80546440622589,12.8116293216734,12.808068573690765,0.658991099436022,-1.6861926913303058,0.09824098192080823,0.3412506413002046,0.18473106352066684,0.1848516824024847,0.18470375733053437,0.16128464086164115,0.1610845479973022,0.16122727138504994
50.0,20.0,120.0,30.0,0.1186562399551053,0.1155593107245341,0.11650823807004577,-0.2549573300616416,-0.2740865640817462,-0.9006678552353445,0.9263353888119521,0.925102397287545,0.9226586150169054,33.54127754645016,33.530944575158586,33.529431565033306,0.6115535893142118,-0.8927449704416845,0.508427032174766,0.20071720598832915,0.39271515293988496,0.3922327684533507,0.3923240309071405,0.11687766673816542,0.11638593219105635,0.11655665084743895
100.0,0.0,120.0,0.0,0.2061139263649359,0.204596692231645,0.20533903764279388,-0.3034839216500596,-0.3149693041448411,-0.5233458292463585,1.6168844860216192,1.6143511918025997,1.618783917870149,32.70408090478231,32.701191014387064,32.691754812629966,0.5610908219554596,-0.5198393037975151,0.9054948347056423,-0.000233814780524606,0.36909893450914977,0.3689847843535865,0.3688224312748358,0.20513609478007677,0.20539277464570413,0.20568222679780873
20.0,50.0,30.0,0.0,0.1712219499122308,0.1703321866317383,0.17091685757385983,-1.5386615610710743,-1.571188309959223,-1.7728787478701042,1.3522421221586334,1.3520906944816766,1.3517093698572353,10.067499446338655,10.07126611612947,10.066634919922103,0.658991099436022,-1.6861926913303058,0.1001326422970433,0.3007049739761151,0.15507858739764582,0.15524917259142088,0.15492097054397796,0.17094745412226656,0.17089838629111787,0.17092433888592548
50.0,50.0,0.0,-30.0,0.2293713928235032,0.2285129016068428,0.22895841626710423,1.603275659343528,-0.1564574886749108,-2.0913687051476715,1.8102371881694905,1.8033381036346845,1.8052457375185316,2.7809900069724565,2.7896544960106113,2.778469678034409,0.6550888176419655,-1.2898374651384217,0.0008035998588616672,0.24604135655628448,0.09065860653200068,0.09102374702562867,0.09047368826874709,0.22914013892136306,0.22848949442310784,0.22936363292787376
0.0,20.0,50.0,120.0,0.0782202013571628,0.074235250229616,0.07589791950023167,0.0134342914435573,-0.0957689573645552,-2.1064709856230324,0.6079622921751089,0.607682244509161,0.6067357096585265,14.701822021454115,14.70429139116526,14.702365746576552,0.617145342061956,-2.0150473293853004,-0.0021292451381195263,0.1684554044614048,0.1856048086635904,0.18564050851431133,0.18580325256246458,0.076188223627925,0.07600982383278479,0.07605011452778454
100.0,0.0,90.0,-30.0,0.2448436636719706,0.2443615452488721,0.2445241846940957,-0.7251138197731174,-0.7308914235533892,-0.5496068592572193,1.9252372135130935,1.9257028183036837,1.923295417430423,24.050675474478396,24.05695095673341,24.04170681450046,0.5610908219554596,-0.5198393037975151,0.7859984285617251,0.02040490040548433,0.26887572258626297,0.26876285060181243,0.2688123448654144,0.2447141068597442,0.2444555278320595,0.24440754422338626
20.0,50.0,70.0,120.0,0.0737096811955159,0.0691187169846258,0.072840086435054,1.536508695755454,1.4785451459051295,-0.7009386807876036,0.5755641583306285,0.5756621879931819,0.5764499220009821,19.3430830064183,19.35310930311135,19.348665731161116,0.658991099436022,-1.6861926913303058,0.19110105676665898,0.03438900540608517,0.22301164417319214,0.22304550093416445,0.22307369618799128,0.07285716823868554,0.07298512070726196,0.07297426531493355
50.0,0.0,0.0,-60.0,0.1668043277496807,0.1471818783256022,0.15841239850212258,2.5289071559731937,0.4143255335348795,-2.0911992954830456,1.249446935914381,1.2492877308524988,1.253238678375508,1.9589900499391106,1.95220415918979,1.9570949821670163,0.5786783317088385,-0.5219133872819157,0.0004451304560508828,0.11815188948071584,0.0631135610767144,0.06295017620642905,0.06289626266761783,0.1582375251223871,0.15870841764010535,0.158740877642884
0.0,90.0,120.0,120.0,0.180146758900652,0.1688934230624735,0.17047219548836903,0.0554340321869767,-0.0071314456509749,-2.082326524433681,1.3660749451301444,1.365712211328972,1.3621602640361297,35.19891477954738,35.20783866295907,35.20857423695396,0.7100174044766513,-2.0547884519709454,0.013049061484061894,0.9051474369853355,0.4447458137848086,0.4448257065212474,0.44492257650109457,0.17112341727924496,0.17062992308823535,0.17070311620415046
20.0,50.0,110.0,-30.0,0.1175585775646941,0.1152394931418327,0.11652029550770251,-2.176080813488866,-2.194446993445362,-1.7089938586040228,0.9378981912259065,0.9346529567898851,0.9317812607148781,31.6756665840564,31.673803272512075,31.653710046171806,0.658991099436022,-1.6861926913303058,0.2042730819307513,0.49964935979068154,0.3886506926677901,0.388500521939819,0.3885307339033469,0.11704160396012961,0.11626961447596812,0.11668231602969613
20.0,50.0,100.0,120.0,0.1277462857400936,0.1237142151695379,0.1260344571465972,0.5450555096399247,0.4368074759492436,-1.6921247690468435,1.0091654774701506,1.0078609745467921,1.0074028730480784,28.989216438583814,28.99721074974963,28.9923525429474,0.658991099436022,-1.6861926913303058,0.21335913971883091,0.49646788618883686,0.35953863305162825,0.359455787246727,0.35925849030768464,0.1262413308893501,0.126040197379281,0.12618186016366653
0.0,20.0,40.0,-60.0,0.0827930852040373,0.0811298054281681,0.08185693389147433,-2.9790357005015045,-3.1334786493827727,-2.051013562174423,0.6521434399057413,0.6515736028136898,0.6517654809793048,11.986881851289176,11.997794784431095,11.99506265449225,0.617145342061956,-2.0150473293853004,0.007140509678638914,0.15369935396872433,0.15715787208078624,0.15723995559294826,0.15716649746609598,0.08189519201316582,0.08185514573760083,0.08193463250663574
0.0,20.0,70.0,60.0,0.0646307308239484,0.0639160195665905,0.06427972024154816,-1.0410754261577446,-1.076960291010352,-2.1013451438265776,0.5168509497182334,0.5168456712440693,0.5184901676008872,20.054002977943625,20.053434959174968,20.058569248353546,0.617145342061956,-2.0150473293853004,-0.0011603178702376152,0.18817299634944934,0.24471386738940631,0.2446977152838403,0.244766615549587,0.06417443029639404,0.06438699665587891,0.06438171793265703
20.0,0.0,30.0,-60.0,0.0773389515323656,0.0710244938260929,0.07338788960476388,-1.539053834278521,-1.7445327523081882,-0.9109262556917775,0.5795956023417179,0.5791464584739043,0.5781483785519111,8.404225416016649,8.409403525841462,8.404101723348765,0.5841886751953623,-0.5231776405480634,0.08225570508503523,0.03326472096740685,0.10169574848759248,0.10162356167770333,0.10157904772814415,0.07345019312383999,0.07326137570693772,0.07331972029470879
20.0,20.0,40.0,120.0,0.1001387819462008,0.0927400889056427,0.09772684168926563,0.7968483249237606,0.445162769317199,-1.5519288376228317,0.7762533645305236,0.7765842248689302,0.7762028271048903,11.927644784754314,11.930450737401916,11.934304660342793,0.6162442654560011,-1.27379193074638,0.09355605836668263,0.1563901250514749,0.15644436225725802,0.15648278553436035,0.1565440609325239,0.09789178531619247,0.0978680442968033,0.0978363330313335
20.0,50.0,80.0,30.0,0.1259424774662314,0.1252379757073812,0.12567566626498064,-1.084444595557296,-1.104001938315728,-1.692024003052011,1.0024880522595616,1.0020710829125419,1.0011817342754326,23.408376062737155,23.389569739959512,23.401326951209978,0.658991099436022,-1.6861926913303058,0.1744151592117075,0.4088867806154466,0.29571459567027125,0.29580568022483833,0.29564724005970494,0.1257964574320836,0.12562978574533604,0.12569282321971184
0.0,100.0,0.0,120.0,0.2681438280223742,0.2663331914375799,0.2672240670755853,-2.0264251907514157,-2.061172442017103,-2.091372843140037,2.1086983315178194,2.106656696891439,2.108660147462696,3.220505096997556,3.216051863936749,3.2115656516181654,0.7218526699760112,-2.0319799578528905,0.0010736174933873035,0.3327532027145367,0.10488833235466391,0.10462088011877771,0.10465832424754183,0.26715949412618123,0.2671535484143838,0.2674210837109416
100.0,0.0,40.0,0.0,0.2675850110698335,0.2661182652660139,0.2667111145559522,0.3169192045883341,0.2320704432328607,-0.6698087876023838,2.09960914776369,2.0999870119360295,2.099102700323823,8.980275464732374,8.974972160450832,8.977451492863219,0.5610908219554596,-0.5198393037975151,0.2762301506292443,0.04120867894520829,0.08765627056416372,0.08770501862559507,0.08783068937645576,0.2667732573667263,0.26671171660765525,0.2666624240647305
20.0,50.0,50.0,30.0,0.15420890802757,0.1531763354378043,0.15385893293012104,-1.102113503349878,-1.138555659241964,-1.7594388852262661,1.217874482851654,1.2226884091907309,1.2203886871532612,15.45448785787303,15.456823473987418,15.444689574005057,0.658991099436022,-1.6861926913303058,0.1284907741325363,0.3692172675589106,0.21270760163817923,0.2125706385053713,0.21249062788655787,0.15388319852838175,0.1542022692981182,0.15358637912226938
50.0,0.0,50.0,60.0,0.151876816439279,0.1468642260516111,0.1504801015724451,0.7657528573057885,0.6885418559210584,-0.6795107893118834,1.1857570715580403,1.1863339724845738,1.1860369722798558,13.482178500046638,13.480349206420051,13.4818162473775,0.5786783317088385,-0.5219133872819157,0.2755921188855519,0.04360821698381602,0.15478740533966223,0.1548713776927808,0.15479091741079792,0.15056083074855636,0.15059413886659268,0.15051813617138904
90.0,20.0,40.0,-60.0,0.2670984487518246,0.2664756191279551,0.2668857792047799,-0.951464408860172,-1.0206161580591584,-0.8524487532129348,2.101995052279636,2.101844167251579,2.1022385579087297,9.687431998500843,9.69055956876892,9.690194160634364,0.5984987239536121,-0.7371513072756187,0.337569282059111,0.1149353856270097,0.11229239408276297,0.11226258445547381,0.11225710994140604,0.26686792064708326,0.2668985788794835,0.2669134800566376
50.0,0.0,0.0,60.0,0.1668043277496807,0.1471818783256022,0.15841239850212258,2.5289071559731937,0.4143255335348795,-2.0911992954830456,1.249446935914381,1.2492877308524988,1.253238678375508,1.9589900499391106,1.95220415918979,1.9570949821670163,0.5786783317088385,-0.5219133872819157,0.0004451304560508828,0.11815188948071584,0.0631135610767144,0.06295017620642905,0.06289626266761783,0.1582375251223871,0.15870841764010535,0.158740877642884
100.0,0.0,30.0,30.0,0.2833894835910314,0.2613823528156628,0.268099191009198,1.3387779416958665,0.8833373278315361,-0.9844712926590505,2.1183371784457297,2.1165065323661216,2.119494602486229,5.5862708144485085,5.578658417135641,5.587325070694853,0.5610908219554596,-0.5198393037975151,0.12640044038168383,0.06678435803715219,0.04974561087278095,0.050291112338377984,0.04983572034562655,0.26887567222460385,0.26900579053873064,0.26924415872231927
20.0,90.0,30.0,0.0,0.254152315820249,0.2533602844205855,0.2538010937668894,-1.679364140059868,-1.7077730709509464,-1.894755473175349,2.0059125379746336,2.0053872944162023,2.0068807061841123,11.137918848869708,11.140072714194112,11.137854054729793,0.7088879274287126,-1.824588487784622,0.11394235093443807,0.5629746519710118,0.18934828136369672,0.18960207410444885,0.18939214485245184,0.25370498134259595,0.25383747694176545,0.2539121733604554
50.0,20.0,70.0,0.0,0.1473162933174918,0.1469318324945053,0.14715587859934726,-0.7459094978060616,-0.7499796310888844,-0.9832230337620775,1.1636110991814077,1.1635350867984093,1.1621272926186028,19.75663077188388,19.75227571907611,19.744078604019595,0.6115535893142118,-0.8927449704416845,0.37759598085975943,0.18681513831054253,0.23923319885048694,0.23911327960684178,0.23906944686104212,0.14728780079824347,0.14709736886862407,0.14711001166384985
0.0,100.0,10.0,30.0,0.2683618020524204,0.2666408752396398,0.267472847971063,-1.6399551969359725,-1.8163180757346624,-2.1252759565113726,2.111015164272768,2.110376983102116,2.112476712273536,5.94954979497368,5.9467563152516965,5.946743308039012,0.7218526699760112,-2.0319799578528905,-0.013577853947303965,0.432749749447706,0.13558628585651514,0.13540844594074264,0.1354369338167016,0.2673290018854244,0.267510721332595,0.2675931090156764
0.0,50.0,50.0,-30.0,0.1461101709406543,0.1455589429681125,0.1458288099795707,-2.588282739959334,-2.6228941689587653,-2.0903447553090695,1.1572546021782182,1.158688896387375,1.1570555726427354,15.521873586215474,15.528688604148211,15.521911767290163,0.6597422425592191,-2.0628742020185755,0.0018764488443211642,0.37285357601456937,0.21386219897581643,0.21397639453862483,0.21384754423478755,0.14592008097514403,0.14590653585578783,0.14572561034411213
0.0,90.0,100.0,120.0,0.1940726653194628,0.1829575711833768,0.19232424105467333,0.0828218907623163,0.0005688552216782,-2.0754597392100775,1.531574190345515,1.5332596393258993,1.5344188463809456,29.96794288149087,29.97989965521712,29.973617711480383,0.7100174044766513,-2.0547884519709454,0.019288170955232366,0.8926316272418103,0.390599035165764,0.3909110904270335,0.3909263446498304,0.19240010967191573,0.19276014691384002,0.19254443898268433
20.0,20.0,120.0,60.0,0.0757529337571798,0.0708764290791249,0.07209430472455762,-0.0158730447252419,-0.063600796424386,-1.1568255089075552,0.5824940756526326,0.5793074085674597,0.5783741799737852,33.62467138539518,33.61124581649281,33.61999436053485,0.6162442654560011,-1.27379193074638,0.2748769824123513,0.20016745235621597,0.3938395359341611,0.3939364059121265,0.3941059093322929,0.07244447707081592,0.07195295742080382,0.07238155205390316
100.0,0.0,30.0,-60.0,0.2721936942367962,0.256508433544569,0.2657208684685241,0.1368829319414761,-0.1934398757634413,-1.607634172659212,2.1228887917483816,2.1220403738478333,2.1185958874803865,5.289882092322345,5.326897631814124,5.378672366899202,0.5610908219554596,-0.5198393037975151,0.01479658773490045,0.048910945592077364,0.04437848635193562,0.04442126109594873,0.04491311833368746,0.2697376934294716,0.26927625447364195,0.26930718405788273
90.0,20.0,10.0,60.0,0.2679107761330947,0.2654455635876167,0.26688657879271943,3.137573687982528,-3.1397209170849267,-2.181679058948936,2.1040383206728026,2.1066528938690143,2.1033282346269053,2.50140599633292,2.508822822662159,2.4928204176595457,0.5984987239536121,-0.7371513072756187,-0.025214080358994938,0.2644409345239483,0.08756192079319336,0.08776314023305756,0.0875946980744197,0.26709536530517736,0.26700820894244504,0.26667762781060805
50.0,50.0,110.0,120.0,0.1593024692264066,0.1534128728703875,0.1551698998651416,0.946347250532345,0.9104261474119184,-1.3007762550901185,1.2317694678972293,1.2383562528872627,1.2317808329042752,31.547267270271842,31.57763853781408,31.560323692234643,0.6550888176419655,-1.2898374651384217,0.5115945335973648,0.5009722639086259,0.3865799311934073,0.3867442105929011,0.3864038647165047,0.15549033029900822,0.15546724072136675,0.1546459610733044
0.0,100.0,70.0,30.0,0.2612730629057877,0.2592069841254542,0.2602069267757936,-1.5388939111331337,-1.5608684636995431,-2.0816488563696933,2.0624772925922294,2.062822156355753,2.0631931074601604,22.492071576567007,22.492817678070388,22.489627254298444,0.7218526699760112,-2.0319799578528905,0.013801424521724247,0.9995476262661941,0.3221304736178986,0.32214696517766633,0.3221313057315697,0.26021662568552195,0.2603010843941593,0.26026931787665825
90.0,0.0,100.0,30.0,0.210372095575677,0.2098770362298728,0.2102323215331089,0.4529942264979958,0.4502222508389038,-0.3309663971816793,1.6520360769034477,1.6517551978689764,1.6525267650222697,26.561562860676325,26.550439915253694,26.554673633686942,0.562745350766241,-0.5203297715459044,0.7110768385134595,-0.13858914253686108,0.2882274292564867,0.2879069806434563,0.288181626044752,0.2101902410288618,0.21025165919440428,0.2102991100754796
20.0,50.0,120.0,0.0,0.1098831441095824,0.1073635718837976,0.10855466482756221,-1.655038108052854,-1.6818359078707157,-1.7090158055276001,0.8714016115688643,0.8732471734214167,0.8740268477685647,34.364591375080096,34.366524764517735,34.35294143418791,0.658991099436022,-1.6861926913303058,0.20459335087087263,0.5001617539141271,0.4176426703847768,0.4174315643898201,0.4174128200127221,0.10859320218210976,0.108922787849007,0.1086720899581819
0.0,50.0,60.0,60.0,0.1381358760498505,0.1373189759117322,0.13761196634645556,-1.0506167352142115,-1.063858736525746,-2.1015289333764398,1.0943123423504746,1.094798275650838,1.093778628869588,18.182250408622664,18.178748980597895,18.18327478798599,0.6597422425592191,-2.0628742020185755,-0.0026653426411227094,0.3981967506423859,0.24190609915046316,0.24187818498978972,0.24198171483636072,0.13769607477092888,0.1376199022784408,0.13755881309325002
50.0,0.0,20.0,0.0,0.1793484764273184,0.1627703248789742,0.16896991383092863,0.4880537898764656,0.0761183184654827,-0.9737990083106857,1.3492043227197468,1.350495454844367,1.3496850413531367,4.457336502904792,4.451363765387879,4.4650491481514285,0.5786783317088385,-0.5219133872819157,0.08991152031726593,0.049402858369267014,0.058141985660266474,0.057816336352335,0.057883907617137506,0.1714106743129718,0.17146712701778397,0.17128297660580516
20.0,20.0,0.0,60.0,0.1304116090628707,0.1138819672024506,0.12239703534158657,-0.2252837278359606,-1.0647986331859949,-2.0889794066209135,0.9861096727086873,0.9916712034833506,0.9897610400986772,1.8909708384228325,1.9170376338087638,1.8757899441924326,0.6162442654560011,-1.27379193074638,0.0005540628654242648,0.07644178920905596,0.05752065371032243,0.05809847825942544,0.05804498332694065,0.1253048192160514,0.12579227532678294,0.1250871006839391
0.0,90.0,10.0,30.0,0.2683831843659641,0.2666543762616041,0.2674705404149169,-1.646280491603778,-1.819328659835026,-2.1260712009694385,2.1113934856942453,2.110918329736745,2.1119069856516326,5.949771096881825,5.947090152447704,5.946494307536206,0.7100174044766513,-2.0547884519709454,-0.013912112067108186,0.4327031469799351,0.13561226666200585,0.13546463239226453,0.13544499041811556,0.26743165616464637,0.2674904161316136,0.26755268068938765
0.0,20.0,30.0,-60.0,0.0902366982235814,0.0856474875548041,0.08820078157259556,-2.85262269796961,-3.138336948411192,-2.019359971630473,0.7027629969141554,0.6990049911385029,0.7018869038009908,9.333323479175396,9.333031940696195,9.32919138741338,0.617145342061956,-2.0150473293853004,0.010737448794196976,0.13469495533867262,0.12912588200403885,0.1291345699764828,0.12896252453932916,0.08826255548778275,0.0881484075150725,0.08862526029385359
20.0,90.0,80.0,0.0,0.229691286319691,0.2279471558286259,0.228860671078179,-1.7865907216498873,-1.7942588149827623,-1.8685444033991154,1.8155304853295202,1.8147820119692086,1.8198088333166331,24.766836296984756,24.758799410816692,24.762473708357195,0.7088879274287126,-1.824588487784622,0.20788893775483425,0.8999764586112772,0.33828622657176244,0.338066080710827,0.3383926546610819,0.22855290949668253,0.22906357542984104,0.22915284433128755
50.0,50.0,40.0,60.0,0.2060339246991169,0.2007765626295109,0.20456702700930546,0.0962401762879607,-0.0381865614145709,-1.402369610497726,1.616981586392771,1.617505341684253,1.616494560385619,12.321626576673786,12.316898040999591,12.326141939254759,0.6550888176419655,-1.2898374651384217,0.27487697564646535,0.3326242650240876,0.17660283581930272,0.17663676206797443,0.17677662954940462,0.2047299151892758,0.20466170427675234,0.20460345326632395
50.0,50.0,70.0,120.0,0.1497478463297866,0.1449244495205083,0.14873707854563256,1.58921889053377,1.5324967975625436,-0.7748955856718059,1.1732044533183836,1.1741094773586052,1.1741012234995813,19.346798458248536,19.359960044250307,19.356567143707835,0.6550888176419655,-1.2898374651384217,0.39103554859505113,0.10071426394411723,0.22678153404564586,0.22713853081595672,0.22689411289685454,0.14878328162977783,0.14890318727015373,0.14878312339477784
90.0,20.0,50.0,-30.0,0.2673971201889515,0.2664448117384144,0.2669821778260675,-0.670723935119895,-0.6785697282090716,-0.8341207397852479,2.1032155612558263,2.1026004327343135,2.104377292688923,12.96488747425013,12.957643969530672,12.961826398087416,0.5984987239536121,-0.7371513072756187,0.46768055497431005,0.15002836834682792,0.1539293758040282,0.15352454637631033,0.1537428305554209,0.266858851823078,0.26699537851871863,0.2670909461992043
0.0,100.0,60.0,-60.0,0.2393032140123082,0.2387106279562868,0.2389892413309165,-3.105491861904112,-3.1398900948227544,-2.086700362212717,1.8935504071882996,1.8935439154478653,1.8946528678303742,19.411488657899422,19.422283500934064,19.426712703767713,0.7218526699760112,-2.0319799578528905,0.007017452308727186,0.8049495269284527,0.2817628215656568,0.2823607081125298,0.2821399795839788,0.23890171559970372,0.2390472119356205,0.23906958741478912
50.0,0.0,80.0,120.0,0.1363920048464631,0.133695447644696,0.13575844080074115,1.7200916590755173,1.6918482171989575,-0.5943423723635551,1.0688140588774453,1.070146928726606,1.0699107082201733,21.86140222143335,21.879374828140744,21.866240839265895,0.5786783317088385,-0.5219133872819157,0.4040593382927223,0.028772991538795985,0.24922867372018212,0.24932797692640277,0.24904493315502169,0.1357781439998392,0.1359092983437606,0.13571830431767434
50.0,20.0,30.0,120.0,0.1756295683464988,0.1585390157937252,0.17000750957145974,1.6523834809051092,1.1649636714076987,-1.1863381049517523,1.3440932929255527,1.34282029710404,1.345058564929503,8.641627276087466,8.64370832182872,8.64041367534776,0.6115535893142118,-0.8927449704416845,0.18899104145167864,0.14954465942376094,0.1191801697527235,0.11919351356579319,0.11896349335313929,0.17023309346107107,0.17034844747017902,0.17050892672060267
50.0,20.0,10.0,-30.0,0.1978966093596319,0.1842485292605769,0.18903433331165062,0.8289231642485565,-0.1637182380260411,-1.9193121389744352,1.4955834673807742,1.4923331851591086,1.489263749355333,1.2781681319455898,1.2877373055322838,1.2952010171689075,0.6115535893142118,-0.8927449704416845,0.020089180423710228,0.10262401018683086,0.049391876084427626,0.04980164367497154,0.04936537080203755,0.18976671680586504,0.18900525862954898,0.189412932696627
0.0,50.0,120.0,-60.0,0.1015322622960224,0.0994639920666794,0.10055142143161348,3.141470412449904,-3.141218921552562,-2.076443784039848,0.8109824465233467,0.8111833875990658,0.8114814260867865,34.37785411307441,34.380577881090495,34.37701834438061,0.6597422425592191,-2.0628742020185755,0.010565334150470057,0.5001154029490584,0.4175081153241543,0.41795531071251046,0.41790349268687516,0.10066794616235356,0.10073258768393809,0.10072660666760284
50.0,0.0,40.0,-60.0,0.1646836315389085,0.1587672291295898,0.1605572291496375,-1.1222896258385369,-1.2355784999465695,-0.668232775805716,1.264149689780784,1.2637768957711963,1.2631702125322168,10.488528747241798,10.491392762954385,10.48711074547984,0.5786783317088385,-0.5219133872819157,0.2247021299392481,0.03240458028902344,0.11869162687642437,0.11885334082304129,0.11866192493092767,0.1605506873587132,0.1604307066559505,0.1604699306596886
0.0,90.0,30.0,-60.0,0.2493657249403592,0.248243687402866,0.24863020700065186,-2.956152167148957,-3.132228512698156,-2.062467337513111,1.965213635650321,1.9656953551542515,1.9657197667833457,11.245962929040198,11.251749737594155,11.250960066356098,0.7100174044766513,-2.0547884519709454,0.019212780577949586,0.5671183084529534,0.1911370405759265,0.1913036674187892,0.19120820615002204,0.2486065483317652,0.2486715226618135,0.24861776831247348
20.0,90.0,20.0,30.0,0.2646732077668495,0.2625818006033846,0.263816980790856,-1.0772982587100557,-1.3061078357265337,-1.936547975074889,2.0825047391910148,2.084465993190506,2.0847250116274574,8.51114065749629,8.508664613481116,8.508787925924679,0.7088879274287126,-1.824588487784622,0.07980245792862987,0.5059049656901571,0.16281602396353986,0.16266080124148358,0.16272723861623706,0.2637532035093299,0.26403335252539056,0.2637879967510301
20.0,0.0,80.0,120.0,0.0551450254047243,0.0526120795283367,0.054634508784745496,1.50279038884479,1.4588721296971117,-0.6963386939461386,0.43374014068725847,0.4316600296035454,0.43267542315300567,22.101090790263065,22.10322301169835,22.100575233934887,0.5841886751953623,-0.5231776405480634,0.16355715487580136,0.02857320103989695,0.2538270096804651,0.2537664623763386,0.25376810513327364,0.05471633203982492,0.054578472206044,0.054831715113936134
0.0,100.0,120.0,0.0,0.1868381922140604,0.185218914290217,0.18610518123300232,-2.0624177460809943,-2.071248998576776,-2.0707237290191545,1.4898755876076792,1.4842680309913006,1.4869849639075121,35.3939873351577,35.394411795582364,35.38481152024324,0.7218526699760112,-2.0319799578528905,0.02546655321812146,0.9989167097810946,0.4508677744533727,0.45065613909883784,0.4507907573911936,0.18632412760323008,0.18597027760031157,0.18666884172316606
0.0,100.0,110.0,-60.0,0.1988198258459918,0.196892589360672,0.1979007333364199,-3.121515611370375,-3.135928528139298,-2.082742088206875,1.5778419006325475,1.577035661159195,1.5780311223007724,32.79148933516884,32.79742174340436,32.79469631022131,0.7218526699760112,-2.0319799578528905,0.013329706873200916,1.000071075369327,0.4239058300933121,0.4241603102975718,0.4242060762361869,0.19796316314110676,0.19799955649081633,0.19808094862732967
0.0,20.0,80.0,30.0,0.0591483269317178,0.0582592764415469,0.058736501444660236,-1.5523092101902136,-1.6027826347963765,-2.1013748845291085,0.47429418710160165,0.47564216726146413,0.4768885366967719,22.744949464148227,22.733096404909162,22.734888114037172,0.617145342061956,-2.0150473293853004,-0.0010179509197753448,0.19252323435857602,0.2738917940901423,0.2739795511364797,0.2738063731222105,0.05860720943198579,0.058940309695732114,0.05877661349718957
50.0,20.0,20.0,0.0,0.1871428322279118,0.1785264328874026,0.18360701041871264,-0.0201353661685287,-0.3431462121057402,-1.2204929383969876,1.4487197309448268,1.4495682769549245,1.4470949683037053,5.139855149270516,5.140940354526369,5.143801162651553,0.6115535893142118,-0.8927449704416845,0.1285358082186815,0.10826751427860085,0.07678873873262078,0.0767275356207501,0.07689251375834498,0.183935138455789,0.18372889273967186,0.1836241425395703
50.0,50.0,0.0,-60.0,0.2293713928235032,0.2285129016068428,0.22895841626710423,1.603275659343528,-0.1564574886749108,-2.0913687051476715,1.8102371881694905,1.8033381036346845,1.8052457375185316,2.7809900069724565,2.7896544960106113,2.778469678034409,0.6550888176419655,-1.2898374651384217,0.0008035998588616672,0.24604135655628448,0.09065860653200068,0.09102374702562867,0.09047368826874709,0.22914013892136306,0.22848949442310784,0.22936363292787376
50.0,50.0,40.0,0.0,0.2066783735593732,0.2052709213222811,0.20619573355134663,-0.9489133211174408,-0.9837345572892596,-1.38682612956767,1.6293668888453559,1.628266459173713,1.6297025558467293,12.287232736854909,12.281999490585351,12.275308530986264,0.6550888176419655,-1.2898374651384217,0.2812449551143749,0.32893953609815785,0.17593142549448504,0.1757417221770633,0.17577145916914366,0.20615030526184278,0.20619827846858657,0.20632180140783396
20.0,0.0,100.0,-30.0,0.0549856025839161,0.0527820394388865,0.05404815378827366,-0.9544977584612506,-0.9972098687792226,-0.5212820516562197,0.4235674960660857,0.427155645946734,0.4270545946321882,27.508683113982254,27.519012233264753,27.515255012548575,0.5841886751953623,-0.5231776405480634,0.20295974600176603,-0.0004726935915237767,0.3130416962869681,0.31343686292181144,0.31337114058577337,0.053975359810448605,0.05442245808028818,0.053957407263463326
20.0,90.0,70.0,-30.0,0.2476917044775438,0.2449836651765654,0.24667126027803335,-2.2880861793236167,-2.302845692464848,-1.8682176108888764,1.9562108147989825,1.9554401659420872,1.9550901966881042,22.18779174427198,22.190733701250064,22.18834514341851,0.7088879274287126,-1.824588487784622,0.20751165315960596,0.8984902072656282,0.31362528940551365,0.3136628142220174,0.3137626586130967,0.24682216690152411,0.24666564112905134,0.24677551141292736
90.0,20.0,30.0,-30.0,0.2677205961011458,0.2660691035691942,0.2668822622568064,-0.0767684126529457,-0.2480965573979132,-1.0003279556650113,2.101841369186933,2.1025919638198554,2.1009670781140604,6.100793552878837,6.096413396507384,6.096978250312837,0.5984987239536121,-0.7371513072756187,0.1881520059063979,0.09762046041536515,0.06660606682391602,0.06641402116093267,0.06656110703043888,0.26699642619010167,0.266879555290166,0.2667882499127027
0.0,100.0,40.0,60.0,0.2580898891920229,0.2570857772889963,0.25750590109188914,-1.0486084560350373,-1.0718539146468875,-2.0969634996452333,2.0367892415038678,2.037192670956718,2.03700289082816,14.128857313725002,14.123853817105164,14.131594533849231,0.7218526699760112,-2.0319799578528905,-0.0017259902967982593,0.6940512433990272,0.22556651830141758,0.22552108856444839,0.22563025405544052,0.2575008360623891,0.25753214504814054,0.2574890962256601
20.0,20.0,80.0,0.0,0.0782197824217943,0.077687050075306,0.07795667450857435,-1.3055533656252165,-1.3243416095804244,-1.391538175694338,0.6233317721188941,0.6246170101086852,0.6224301733423259,22.72290923785031,22.722350876921865,22.71672958422376,0.6162442654560011,-1.27379193074638,0.16529020534041994,0.19472427949822793,0.2739012518481476,0.274136171392048,0.2736622602013707,0.07810704039747933,0.07799658223892986,0.07782463129579184
100.0,0.0,110.0,0.0,0.2277963260411221,0.2245705539038165,0.22629949141795083,-0.2611826709521976,-0.2696966324362472,-0.5235255212071471,1.7813418820069604,1.7819385725679797,1.7795980271286045,29.7760399073254,29.774186371262196,29.77173517817033,0.5610908219554596,-0.5198393037975151,0.9050802622840225,-2.210984250505137e-05,0.33483119968491226,0.3347496689095934,0.3345825826167509,0.2265274374216816,0.2263110426765961,0.22623732102853175
20.0,50.0,60.0,0.0,0.1472282658272709,0.1466007053187324,0.14694837482480402,-1.644370025447389,-1.65136384138877,-1.7490471137262906,1.1673260540879016,1.167709416303372,1.16627691930981,18.14304862203757,18.14630683373346,18.134337516333566,0.658991099436022,-1.6861926913303058,0.1438410996615206,0.3991302962994589,0.24142380796641438,0.24139418494942352,0.24144067514418321,0.1470701929362918,0.14693911205890747,0.14688875523816045
20.0,90.0,40.0,120.0,0.146247861168011,0.1162999760671603,0.13882942540396065,1.8915453704818317,1.3547808208247023,-0.7755808433931073,1.0986890411157617,1.0981330592107685,1.1009333053984065,10.82524422626778,10.832044954851684,10.82981768347374,0.7088879274287126,-1.824588487784622,0.2025080629158074,0.054047139515804414,0.12725212605352246,0.12733493303500473,0.12726678196547486,0.13930163519406297,0.139589471886741,0.1396542007034675
0.0,100.0,10.0,-60.0,0.2684383409517367,0.2666654739333357,0.2674713980780569,-2.528626584143976,-2.893278346240513,-1.999631298344227,2.1096364445815095,2.1118470163440226,2.1117942817763558,5.837449736438593,5.835547528466918,5.8376003458961945,0.7218526699760112,-2.0319799578528905,0.04093474788194556,0.4243491064374017,0.13358066523428508,0.13358031620835265,0.13360485459748056,0.2673837632897275,0.26765007224510434,0.2673732710055363
20.0,90.0,120.0,-60.0,0.1757800611676895,0.172619189017483,0.17438413681053588,-2.868321691306923,-2.8837013649432373,-1.866701454530255,1.392014075588175,1.3925744812190817,1.39787120493626,35.18242771468035,35.18545255573517,35.1911400295861,0.7088879274287126,-1.824588487784622,0.21012301413695536,0.898856531475728,0.4440157613889468,0.44434491964733663,0.4445873437086404,0.17419224297157362,0.1748952170520707,0.17480864801243118
20.0,90.0,10.0,60.0,0.2682426728408976,0.2665845045270144,0.26752709164710875,-1.1919017584518097,-1.5343344687965712,-2.159473149751734,2.1101064223452655,2.1115284363804805,2.1134274203528762,5.924920167912852,5.918103887367894,5.921025864976269,0.7088879274287126,-1.824588487784622,-0.0281650883662564,0.4256779334356489,0.1341990653768094,0.1340479670312607,0.134067248976351,0.267320727943123,0.26774799461644794,0.2675662455737032
50.0,0.0,70.0,60.0,0.140702872637746,0.1387852047242942,0.14017525236515285,0.6899846021157687,0.6646843260844332,-0.6164075257097459,1.104772183880601,1.1036999338861653,1.1048861343688325,19.100591450196358,19.09057177848057,19.104013583304297,0.5786783317088385,-0.5219133872819157,0.36410909580167616,0.03400211889236545,0.2181561243065196,0.2180552543251523,0.21830423986215822,0.14015518930253545,0.14017905084129428,0.1403217802497597
0.0,100.0,90.0,120.0,0.2262924832749653,0.2029979920183187,0.22342530467919774,0.1890503831234998,0.0133243715613576,-2.0604928211412186,1.7763798276041947,1.7815696415212001,1.778563438230674,27.57208656859035,27.583641155437068,27.57719121301288,0.7218526699760112,-2.0319799578528905,0.03641528169756895,0.9828372268783182,0.3710123175226993,0.3713341629100634,0.3711940059461225,0.22390506652236916,0.22417897065149803,0.22353041397285311
0.0,50.0,80.0,-30.0,0.1247219806691597,0.1241856922793219,0.1244437031000407,-2.587262629459493,-2.604290267936072,-2.0768098924925864,0.9921134953102795,0.9959766728392119,0.9918882431901165,23.552443858393247,23.56195178589302,23.539404916605278,0.6597422425592191,-2.0628742020185755,0.008398830074288231,0.44604452333873845,0.300290336805246,0.3000457560988723,0.30004561701394994,0.12465379215277668,0.12463415291757034,0.12413694985576028
20.0,50.0,20.0,30.0,0.1801737037935684,0.1773279619031991,0.17881963024359238,-0.9303664465707718,-1.1574336415318534,-1.8296985702669442,1.4128711881511884,1.4135803036784047,1.4136690883512628,7.4125033261092,7.410104837096764,7.408162322899628,0.658991099436022,-1.6861926913303058,0.07079733418765977,0.2629680583203987,0.12764796780982132,0.1275484223028607,0.12755745735163837,0.1788358512384315,0.1789383218485812,0.17884645850983436
0.0,100.0,10.0,-30.0,0.2684863515145519,0.266585997889095,0.26747842143579276,-2.313913335381354,-2.481164961855646,-2.044622128553604,2.111415806639976,2.11171749028672,2.1112066943151975,5.929999387211354,5.930247641520733,5.932586929993402,0.7218526699760112,-2.0319799578528905,0.021862671644843408,0.4312389104988742,0.13519270864281743,0.13527683452751685,0.135170144767395,0.2675314656843306,0.2675004132543733,0.26747036325912377
0.0,20.0,10.0,0.0,0.1114908365346577,0.0961117029019212,0.10318046102320884,-1.668954201142221,-2.3988390505893458,-2.0689670847811255,0.8196182845569183,0.8175227939075635,0.8176172694825934,4.001267455164912,3.9993324465209374,3.994371819538863,0.617145342061956,-2.0150473293853004,0.0018671977903779646,0.08782817005220808,0.07226016759084587,0.07225351709031873,0.07207284139667038,0.10364719386510308,0.10339761132733448,0.10365742078471767
100.0,0.0,60.0,30.0,0.2671923704976907,0.2664833381136381,0.26676008135895807,0.5145375760788167,0.4911669347515704,-0.5969967954847245,2.100340308753612,2.0997770123408586,2.0997657234896305,15.225972829297383,15.222117713272404,15.225914955928298,0.5610908219554596,-0.5198393037975151,0.5254549363060491,0.0389037788708947,0.1648376924016913,0.16474094376430815,0.16482246601483844,0.2667728338157242,0.26670148118753045,0.26677325658651746
20.0,0.0,60.0,0.0,0.0603137131759949,0.0598685316210275,0.06013108431713912,-0.6841777602206759,-0.6994107949957202,-0.8096821295841274,0.47573839534572004,0.47652765561070626,0.47568141740859915,16.664456798570615,16.663490150916054,16.655947491414725,0.5841886751953623,-0.5231776405480634,0.13366952295583154,0.03930081296881592,0.19376524387138208,0.1937492828868044,0.19373119039067319,0.06018653535325889,0.060175385700699593,0.06008075998360355
20.0,0.0,30.0,-30.0,0.0736831845882112,0.0705670641267237,0.07179658364460594,-1.1418793101047573,-1.2320344511913313,-0.9491104119836207,0.5660778149125358,0.5682371737525859,0.5664761754317177,8.43522724685649,8.449110402947273,8.446874970416067,0.5841886751953623,-0.5231776405480634,0.07998157526354283,0.036155072495035585,0.1024965162609218,0.10279318112199633,0.10260806275699766,0.07184526240647215,0.0719067860380787,0.07162672934232855
90.0,20.0,40.0,-30.0,0.2674077285733581,0.2666805652197098,0.26694481882626814,-0.5005727312469713,-0.5153596302780401,-0.8727064978482497,2.102571009152416,2.1029205946486997,2.1024011632670554,9.769996320924143,9.772933968616154,9.773459947116692,0.5984987239536121,-0.7371513072756187,0.34406272917019,0.12530236406216255,0.11492543884046591,0.1149443670625701,0.11490660217888098,0.26697959038800523,0.26696846174093136,0.2669163468023474
20.0,0.0,10.0,30.0,0.0847579464381376,0.0648970784728592,0.07442783144351879,0.1514768888849292,-0.5325493095268184,-1.3662249430686053,0.6528048364016691,0.6577471042648232,0.6593947606143804,3.3309011540145947,3.371065936185844,3.3493995066541116,0.5841886751953623,-0.5231776405480634,0.027439827876336368,0.044118655104198656,0.06096960920367191,0.061143224571256205,0.06109534919421885,0.08282619895457531,0.08363467481100895,0.08299926006074552
20.0,0.0,40.0,60.0,0.0675215527334762,0.0612004104678238,0.06524987807692571,0.3386159420842345,0.1655045115667516,-0.9469032811281727,0.5187598406451628,0.5144301771958688,0.5188927548518386,11.234893455393125,11.220402220322796,11.23368384914313,0.5841886751953623,-0.5231776405480634,0.09502031664892956,0.04299303945101677,0.13448500246119263,0.13401180183595277,0.13425900945819094,0.06521594457063465,0.06524494036757639,0.06579705043260763
20.0,20.0,10.0,30.0,0.1263448975531236,0.1149929867933185,0.11799662095020502,-0.2386469216068749,-0.9603974115730606,-1.7454021188762863,0.9315735553021804,0.93382056751724,0.9341299063278748,3.8194641099538758,3.8156281656483015,3.82108849690825,0.6162442654560011,-1.27379193074638,0.03360489638847034,0.09307140689747663,0.07084407891652705,0.0707639991284437,0.07091700479193418,0.11806854809592199,0.11837805346178162,0.11810368203182188
50.0,50.0,90.0,-60.0,0.1822543047405235,0.1785914466500923,0.1807822940313175,-2.1601478249831514,-2.181939072395995,-1.3032686402657458,1.4352170326361864,1.4328504558117534,1.4323347244745344,26.152840988776454,26.155694952246098,26.15687705366686,0.6550888176419655,-1.2898374651384217,0.5049288933331442,0.4982977119528935,0.32870102818160274,0.32887857511887997,0.3286322517189065,0.1809994130815324,0.18065385736182354,0.18094669179613146
50.0,50.0,110.0,-30.0,0.1551752896598925,0.15231697955089,0.15404514459718877,-1.701460990153696,-1.7087898604943348,-1.3042171261744764,1.2231613818147151,1.2231164071496243,1.2316385537453327,31.553971347040402,31.55215667182975,31.566909934229,0.6550888176419655,-1.2898374651384217,0.5054731316353687,0.4990075379118689,0.386336194944718,0.38658484911684754,0.3865930592859911,0.15346280769810955,0.15454928173974072,0.15452511857190832
100.0,0.0,60.0,120.0,0.2672301041303544,0.264050157854507,0.26669292710662323,2.083485207789992,2.0024419717279334,-0.6082705229909919,2.099016539998992,2.100098287690983,2.100388774462223,15.256559048699486,15.261178482770399,15.258383939269468,0.5610908219554596,-0.5198393037975151,0.528871644315669,0.04577183606024904,0.16604249980456243,0.16598775086308204,0.1659430568485694,0.26665364785525897,0.26682396178760925,0.26668787702189245
20.0,90.0,0.0,-60.0,0.2680974519386625,0.2665655287975851,0.2672288563829328,-1.9764533968955675,-2.0089439344192765,-2.091414827325976,2.108629055211095,2.10523130233032,2.1099872326732165,3.217162643414003,3.211998173813014,3.215472444527808,0.7088879274287126,-1.824588487784622,0.001060556439857788,0.33270986067284863,0.10460040099390283,0.10457767409872329,0.10462703684251053,0.2669771257921123,0.2671514278974355,0.26759242303837355
0.0,100.0,50.0,-30.0,0.2487299538693087,0.2481058517352846,0.24839831781298324,-2.5884546163828714,-2.616237827974353,-2.087979853102296,1.9683497187528292,1.96576721338479,1.9658936836575909,16.771215744571357,16.766302110438946,16.768576280219044,0.7218526699760112,-2.0319799578528905,0.005453010227390119,0.7542303439855357,0.2541658941094636,0.25426045931004043,0.25432478544861703,0.24850079928997645,0.24818339948787518,0.24852102586850117
