P,Q,V_mag,V_theta,I_max_tail,I_min_tail,I_avg_tail,Iphase_max_tail,Iphase_min_tail,Iphase_avg_tail,I1_avg_tail,I2_avg_tail,I3_avg_tail,V1_avg_tail,V2_avg_tail,V3_avg_tail,V_avg_tail,Vphase_avg_tail,P_avg_tail,Q_avg_tail,V1_inv_tail,V2_inv_tail,V3_inv_tail,I1_inv_tail,I2_inv_tail,I3_inv_tail
20.0,90.0,70.0,30.0,0.2480119679570168,0.2461416989424383,0.24734039778422964,-1.2310017903003507,-1.249151035328953,-1.2383060927111593,1.9597254415885252,1.9600460921844016,1.9622706894025328,22.179361197913465,22.181699641776152,22.184049045308242,0.5396633306783035,0.6235731700060528,0.2137111336117933,0.8998761879691188,0.3135967337180771,0.31369531304045356,0.3136681219072139,0.24719990928173147,0.24752434757307612,0.24748826732398527
50.0,20.0,110.0,0.0,0.126523663635118,0.1246250363630323,0.1256259659136072,-0.7614726248153453,-0.7798615675875618,-0.7698175204121519,0.9948509131853303,0.9987282144951672,0.9934238097788786,30.78439220090584,30.783732012684098,30.770218196890095,0.6223419049212602,0.1320281605324777,0.5044076788395832,0.20005635244146008,0.36117938052457205,0.36133785293700266,0.3611621476425313,0.12602582014541838,0.12582502354822606,0.12536513922443054
0.0,100.0,50.0,-60.0,0.2427477771822862,0.2421034435005769,0.24240145881062702,3.1415468387353003,-3.141523794815644,0.8761338280322757,1.919371503764936,1.9195578836053386,1.9194749721011803,16.689178652370465,16.70019345149662,16.70343930634634,0.4341848468464896,-1.0471379101792324,0.0032789755484010797,0.7291837352219663,0.2518634604996481,0.25205329397106274,0.2518077223704889,0.24239358711306594,0.24242605019986155,0.24241063755995165
20.0,0.0,100.0,-60.0,0.0559421747823942,0.0526911053040431,0.054003809733740596,-1.4770215154688413,-1.521168519959606,-1.500753242474984,0.42655912437674676,0.4266024683797937,0.4229703219707871,27.51006967716591,27.515874698289043,27.514104082217244,0.5406969512630864,-0.9801601755855375,0.20293295199698994,-0.0005914312627132802,0.31325773310239274,0.31343916265437655,0.3130716249423228,0.05435537620013416,0.053898107542261035,0.053897812917033425
50.0,50.0,100.0,60.0,0.1694092490776044,0.1662998370707607,0.16744655771832656,-0.0967351481207379,-0.1137176026585858,-0.10659086019034451,1.3318309425513406,1.3287502866463339,1.329375985707698,28.86939528145896,28.84869218319616,28.866435687692313,0.6152409872705821,1.1953890411588501,0.5095019172144938,0.5011323029741307,0.35738238425881674,0.3572532591924876,0.3573804004169741,0.16758405427538706,0.1672775589179589,0.167674820068894
20.0,0.0,30.0,-60.0,0.0733855235013652,0.0668826096158138,0.06927427212245836,-1.6162632384098363,-1.846056256387644,-1.7582343316743592,0.5468597550053418,0.5477598254354162,0.546419124245375,8.461910736143693,8.467812625398977,8.464458601329802,0.17706332175726677,-0.7866010691786577,0.07672186446462381,0.036576064246624906,0.10316259478047836,0.10320279266432632,0.1031357789524415,0.06932729372238794,0.06926485795315716,0.0691516289377142
50.0,20.0,10.0,120.0,0.1720665748754592,0.1571640063215246,0.16497106620038635,1.969840723971244,0.6070086284649711,1.375997152272918,1.3045975847948352,1.3017669637157854,1.305655134226846,3.6418870290101553,3.6446473993844934,3.6360431371549566,0.13129236938006789,0.215547773092338,0.056363759583250087,0.13875858084927084,0.07679599697229653,0.07685679874782693,0.0765265296207943,0.16508077775007574,0.1652153850162497,0.16557743147017742
20.0,0.0,120.0,60.0,0.0496274523959028,0.044046263166284,0.04602872661655998,0.6149898225363802,0.531661944723101,0.5724849029441366,0.365025343532151,0.3667259376897721,0.3654299797040997,33.107081112948435,33.096137490358565,33.10563242681315,0.6495089402206656,1.0948327411201093,0.2085666817584392,-0.00030415112421501366,0.37683714765422427,0.3770513443426181,0.37717640494783555,0.04641031908335003,0.046452662649567315,0.04624856132846031
0.0,100.0,20.0,-30.0,0.2686472376547021,0.2670793111861235,0.267778076092197,-2.4455373706632324,-2.573713035127955,-2.5298543504577227,2.115102767987031,2.1150132333887326,2.1152963564638836,8.721538824010334,8.723515586640552,8.722651644477178,0.28815300665227783,-0.4704280838500295,0.019284114779920054,0.5341706259785259,0.16745162528969768,0.16737537913349498,0.16739159678645257,0.2677662689022719,0.2677891241158713,0.267804482608839
20.0,0.0,40.0,0.0,0.0630259764025156,0.0617561007464779,0.06247967858578986,-0.790398491703934,-0.8287269155012925,-0.8074510474939027,0.4968614733578009,0.49378711943417125,0.49392895182674923,11.26035358849753,11.254689414637916,11.248791101662578,0.2319368421646043,0.17437564642508252,0.09008065212640695,0.04444875997648406,0.1348835533366023,0.13464051503744132,0.13447093775106742,0.0626600620892783,0.06227783544610202,0.06266664911947727
20.0,50.0,0.0,0.0,0.1909636467372933,0.1895781243535693,0.1902799398189125,-0.6766401830800919,-1.3384858304363978,-1.0081816830481272,1.4982276919323732,1.5028062997035667,1.5017107441057285,2.302889502782751,2.301525254446622,2.307365340927017,0.12823085132279952,1.0830780882727609,0.0005836207909148001,0.16906286556832184,0.07515375620076474,0.07503139184732027,0.07521527917242259,0.19018368979554043,0.19062539060292177,0.19004456846461792
50.0,0.0,60.0,-60.0,0.1385709087518857,0.1354655199761869,0.1363077152142998,-1.4014186455517808,-1.4458671456309675,-1.431421380874774,1.0724161278129887,1.075110413107781,1.0738742659565144,16.374456489422382,16.39265057866832,16.386990672723286,0.32543634167291297,-0.7643804014633439,0.30436968067109305,0.04376827350709442,0.18856153607158543,0.18882003984768697,0.18866020156386584,0.13626171809103318,0.1364553789885289,0.13609854776878555
90.0,0.0,20.0,0.0,0.2847528458123135,0.2547595864037709,0.26611933385865,2.621410807707805,0.7572178746678506,1.5074414506816167,2.0942278159396617,2.095276185461962,2.10258714628304,3.6420236025590116,3.6525588974673857,3.665754225988389,0.10663507585019649,-1.185249891670946,-0.07066103725414478,0.1700085615537953,0.06853383022582707,0.06827813621424385,0.06873141510207664,0.2655376455105997,0.26659815172876083,0.2664533083422465
90.0,20.0,20.0,-30.0,0.2819304920806763,0.2560883141163368,0.2661514391740866,1.9855019138565653,0.1855244519455814,0.8777254084192544,2.0986679329439077,2.0937587110613523,2.0996193719107263,3.428553815407743,3.4124668524219355,3.4371308708496504,0.10016090539494261,-0.25829390658274426,-0.05428925885913059,0.16155395850544896,0.0640297308722613,0.06362841001628787,0.0637908829436853,0.2659087025994053,0.26602639835825265,0.26665187222895853
20.0,20.0,120.0,-30.0,0.0621729560719731,0.0583573984164355,0.06050716010926878,-1.7664142197034909,-1.8072573745629212,-1.7815127186684554,0.4948234200143611,0.49110133535586264,0.49042847689830815,33.63005463115647,33.63826924346362,33.620065936950056,0.6781444475496822,-0.47917931875551706,0.20386995918101833,0.1997313644347565,0.3941599999147023,0.3941562467374556,0.3941135324626757,0.06101344239304091,0.06048843223627155,0.06096164729313678
20.0,90.0,90.0,-30.0,0.2140973056259535,0.2122601846020844,0.21315756454012022,-2.314213279938808,-2.321637499595056,-2.317168643405637,1.6965329899927244,1.6933666394618867,1.6937465121842081,27.344954420441876,27.355804504112967,27.343169714115117,0.6261207626236194,-0.4563245131874071,0.21553944923296783,0.8994822722335851,0.3640457951902892,0.36412081248823525,0.3640179296514903,0.21331649719554774,0.21298693899103116,0.21338750005354318
100.0,0.0,0.0,-60.0,0.2680563371295863,0.2661649513964565,0.267096164764713,3.14065683253596,-3.1368574359851835,-0.3352899499009053,2.106333503105351,2.1083651231302794,2.1084361088134513,3.2597870881275024,3.2541276340532774,3.257373835417787,0.18227941127625355,-0.6540941694773061,0.0010841552669672635,0.33756630670940796,0.10629665878807301,0.10605652764958218,0.10625793572257218,0.267117399945522,0.2673842443441356,0.2671220462953162
90.0,0.0,90.0,0.0,0.2234951197722137,0.2232425670099671,0.22338024901526796,-0.2454287090131414,-0.2493023319843838,-0.2468644999847473,1.7587940748047577,1.759523449873735,1.7573692143939559,24.2219959037155,24.209285932983477,24.206563353091962,0.4699419352147736,0.3132130372758548,0.7271263088065862,0.02655164547781967,0.2724702099353414,0.2724465178311534,0.27226176356810167,0.22354757350125018,0.22334637746394725,0.22327966719949643
0.0,50.0,40.0,60.0,0.1492668604989635,0.1478295727650236,0.1485505299363743,-1.0478471546234622,-1.0878550990707576,-1.0610802384122426,1.1772302235651988,1.1786051330277028,1.1771835682545986,12.805525371823093,12.801024843525406,12.801149094304137,0.31614612838173584,1.0419010687475403,-0.0028199768821931754,0.325374143139668,0.18342710433658865,0.18335278852340625,0.1833371010963045,0.14861828636583616,0.14861388759574556,0.14844168306849853
0.0,50.0,80.0,60.0,0.0816936599242459,0.0804057268030621,0.08124490493847923,-0.6642281835630762,-0.7133762420896823,-0.68200371366353,0.6516377396305983,0.652010131001098,0.6526430692749909,22.957179414730163,22.961175363591444,22.96309272355274,0.4850964690186224,1.0872310139042118,0.0874457761517368,0.25876658700491456,0.28114617197204905,0.2811524809419813,0.2810032405956851,0.0811893517857296,0.08133850777733823,0.08128696499634162
20.0,0.0,100.0,30.0,0.0558842188389783,0.0534172424621608,0.05438820270056655,0.0846203502720766,0.0486139678664951,0.0662535659702572,0.42958616463750393,0.4297037283827858,0.42610891415668795,27.522214985452923,27.5170635485274,27.511053507245315,0.5408391370362867,0.5911155175294203,0.2042474084338661,0.0002768221815699384,0.3134449946104475,0.31342330697969084,0.3130924443781223,0.05473366252411915,0.05428720471875999,0.054277129480417484
50.0,0.0,80.0,-30.0,0.1270317050362661,0.1263546988301869,0.12658743066574005,-0.9396797174261392,-0.9510907291666598,-0.947234189131011,0.9967911501862793,0.9974335763451438,0.9980447679942898,21.93247191277423,21.949307655406265,21.934034199115672,0.4336221836911638,-0.32679061505457047,0.3787814418848915,0.0367638952717621,0.25096023114775967,0.2510063174020911,0.2510093940692011,0.12650801863995356,0.1266711981821272,0.1265822345488893
90.0,0.0,60.0,60.0,0.2488087155062497,0.2443836653950928,0.2477517610717964,0.98185062767445,0.9319761437543828,0.9707012791685189,1.9516472820882944,1.9506484917723128,1.9510507691692205,15.476527524854315,15.474701940080083,15.478742977957987,0.29469499121507553,1.5833090578178093,0.5039327615577842,0.045372089205682316,0.1703827493867341,0.17059825359860298,0.17058294889550685,0.24782498846483064,0.24775626899720135,0.2478794356991021
50.0,0.0,0.0,-30.0,0.1484901682529125,0.1443269589548376,0.14650778703246742,2.266843869488716,0.4997350663982219,1.3863453993286228,1.1553825417852326,1.1540843842712878,1.1586153738847558,1.8478244225880522,1.8473839377553058,1.8438273435261856,0.09927322796227755,-0.8751913463529892,0.0005313092815619389,0.10099435665087937,0.0589098932334399,0.05865172500997126,0.0586441173819469,0.14627473378287806,0.146695948043146,0.1468388380811606
0.0,100.0,80.0,60.0,0.242844046410882,0.2388233890740983,0.24165462606387064,-0.9976544947804156,-1.0415524885146616,-1.0324141782317475,1.9183647942998632,1.919214036109895,1.9184428964214284,25.037614908797774,25.032706121299235,25.03555758918072,0.5960340985171075,1.0503517872941803,0.013503344393582218,0.9973597808524082,0.34641546131321643,0.34627856127721174,0.34644043511584516,0.24179948943993992,0.2417960630406128,0.24169253001847496
0.0,20.0,90.0,30.0,0.0428279737917317,0.0419886753856905,0.04234227827294692,-1.4471554702628004,-1.504716622905415,-1.4707001378472557,0.3457662482789456,0.34655346905414725,0.35082530732755635,25.300678473953006,25.30653520118563,25.297494784911905,0.5161343400692376,0.5286770339171568,0.014771283080955534,0.15077270878737295,0.2991283512857507,0.29939040352731366,0.29933975098983967,0.04203057184314212,0.042662249581925306,0.04257593633468267
0.0,50.0,40.0,-30.0,0.1498599625563622,0.1486827899774068,0.1493039380252327,-2.5552243406259865,-2.620938341620665,-2.601655559444063,1.1838204942001165,1.1832346569991516,1.1836004651674519,12.807442836144395,12.809307259508914,12.811836068686254,0.3170601520394631,-0.519415851254681,0.0043589746280122705,0.3279492877492707,0.18401398913613565,0.18409741073858207,0.18394285897825072,0.14929336452686484,0.14927721507176175,0.14935467069190408
0.0,100.0,70.0,-60.0,0.2611584421001052,0.2587434232290686,0.2601456954912293,-3.1139110034265944,-3.1401911186585387,-3.1325494471825985,2.0637840040646647,2.0619199034141062,2.0616009131913136,22.47988941788508,22.493910951683745,22.493759836486575,0.5544839735576111,-1.0453168361042335,0.008342344723036622,0.9992498908232986,0.32208074135621967,0.32213188873510806,0.32213223262532364,0.2603064489148063,0.26003520900821486,0.26027777055773293
50.0,0.0,20.0,-60.0,0.1754690175472111,0.1561285054504097,0.16540979485176277,-0.4434414401740666,-0.6414167939376081,-0.5470244712435812,1.3526848738371124,1.351185151936879,1.351241591150116,4.252481980273664,4.239659933203438,4.260793517693876,0.06077021995209982,0.2941697765353805,0.06546956185027797,0.03888306421684099,0.056101008753705654,0.05652184822354976,0.05601787279141738,0.17171842592384484,0.17154784476718357,0.171659934350348
50.0,20.0,110.0,-60.0,0.1269008908286781,0.1232059368892231,0.12543750434839407,-1.8026922212298453,-1.822849766642417,-1.8144763191960525,0.9921403169698223,0.9932286720900667,0.9979920161390453,30.76773756612105,30.7782661205064,30.780031754628585,0.6221092685341578,-0.9152324207305568,0.5039224006497617,0.19823966741075758,0.3610416038148813,0.3610918939749201,0.3612363193508963,0.12515623113255187,0.1258938719932827,0.12572607429926003
50.0,20.0,10.0,-60.0,0.195182375834247,0.1729031838115955,0.18274223285904848,0.7627295539063793,-0.4494017107440841,0.06668306843106943,1.4542355081522296,1.452808280859194,1.4483173894552992,1.425365953634355,1.455888426259646,1.4133549622720107,0.07473183064146685,1.9060130622779947,-0.0025164562122979993,0.09486899240605666,0.050254136546392145,0.051304186482660906,0.051204768011643455,0.18465675805755352,0.18388054656005762,0.18404532314683522
0.0,20.0,100.0,120.0,0.0365186152523358,0.0353084655275263,0.03598538207961036,2.995832953647265,2.861638563144804,2.9220866003403776,0.2696322349970231,0.26768835430683563,0.2746788358677864,27.109661259085737,27.121654371906438,27.119767637320454,0.5183619828315378,2.104649012237418,0.029664327752161122,-0.12572921588630645,0.30031348982529116,0.2998829766050207,0.2998743909792961,0.035564406774710636,0.03621547040791885,0.03641166996791507
0.0,50.0,80.0,120.0,0.0397091319743009,0.0370198620505202,0.03919247460332765,2.097678601851323,2.060059076973947,2.071974940753001,0.30415039862384513,0.3042384240493915,0.3047443050380564,21.810743453234192,21.817394576383364,21.82399563077918,0.42150663086817763,2.149475796756606,0.10324919747426609,-0.04929559402086566,0.24407298398863486,0.2442428317729595,0.24410762696466665,0.0392277634954828,0.039308368401932595,0.0392877684524379
0.0,50.0,20.0,60.0,0.1666392042033076,0.1645627388519762,0.1656994412613581,-1.0674981694479668,-1.2314147895798588,-1.1158551159332792,1.3080007824950448,1.3109219163091437,1.3109345651601718,7.50390431793282,7.502457296399527,7.506678337189469,0.21850265873914726,1.0112559572323871,-0.008479373073554114,0.25065062637814656,0.12721529444823462,0.12717919345080492,0.1272513382092535,0.16558027932772593,0.16595818836844667,0.1655804238487316
20.0,90.0,60.0,0.0,0.218112333413675,0.2176110081972999,0.2179158601092159,-1.7972672445342983,-1.8028819982137387,-1.7993121935350795,1.7266545721500446,1.7279358780607728,1.7274540945553472,19.06613429338038,19.071183691843803,19.05712620006405,0.46764568132666173,0.09028247135637649,0.14401344227950522,0.6913162665234983,0.27133965947414107,0.2710943992370095,0.27111292789345937,0.2179211201630605,0.21801251029675886,0.21784085467346664
50.0,50.0,60.0,-30.0,0.181717585815007,0.1808825767114207,0.1811062837020409,-1.6360182535062575,-1.650369004921871,-1.6462595593013436,1.434454982262603,1.432739856711047,1.4331542525554872,17.8480928181528,17.845756249720143,17.843924553664074,0.4067994272870376,-0.27404286568272146,0.33774285950136784,0.3829824398919298,0.2354843596907942,0.2355401908376698,0.2355838536617961,0.18114633970094196,0.18096696728443867,0.18120203959744693
90.0,20.0,20.0,120.0,0.268452676674574,0.254362798390216,0.265661617775459,3.12894508277743,1.7687525559856434,2.4863066641481777,2.0916864562179476,2.099505673585493,2.0944326706239362,3.758570239002124,3.747510518400651,3.7432857851689993,0.11802511668082079,-2.229477996684054,0.1170598805161671,0.18430722281844428,0.07073400202163022,0.07041719328203556,0.07070600452156697,0.2659949327287017,0.26634301817642675,0.26534725561931
20.0,20.0,20.0,-60.0,0.1140928410085174,0.1091053786146724,0.11126690896042353,-1.9069200652497935,-2.160460971276803,-2.060494489875703,0.8774803801182831,0.8789123998750493,0.8802051391381231,6.26773366672112,6.2614446759422355,6.263440455800015,0.1578159816609216,-0.6173633502970347,0.07394313195577032,0.09644155854630956,0.09259847706745286,0.0925581868409947,0.0927319298898236,0.1110899032128858,0.1114177956203904,0.11123775997178917
50.0,50.0,40.0,-30.0,0.1992915104391766,0.1979490211801996,0.19842715552597204,-1.4858525264480098,-1.516291191470709,-1.5060814216226874,1.5678123830568205,1.568477940776246,1.5667345154522578,12.269482006394114,12.27622146417422,12.267370116878093,0.3009180014040193,-0.11521863607842928,0.2678305123711323,0.3153808553207484,0.1746829940672907,0.1747847910460917,0.17461689732200342,0.19852656255042134,0.19840264280607475,0.19832373773856252
20.0,20.0,60.0,30.0,0.082894487456411,0.0818074612853086,0.08260009473154428,-0.8190520280341482,-0.8567027055560076,-0.8305434942067289,0.6575728698800049,0.6574603779733842,0.6594263543832116,17.270746278967277,17.273607468155085,17.269274030284972,0.3680916879918923,0.6250740344014957,0.12566106985084,0.16914802022501246,0.21341035446338155,0.2134850763324595,0.21346558279243788,0.08246779714163095,0.08271179666105187,0.08270906324460668
0.0,50.0,30.0,30.0,0.157166880583902,0.1562997764013884,0.15679866459002637,-1.5697534695252864,-1.6165796238560346,-1.5843738520717472,1.2416619691359,1.2406155281880353,1.2416328557462581,10.141666324578374,10.135913387249351,10.130494873412424,0.2679056908586376,0.5170333310355755,-0.002101841795185424,0.2910286861653528,0.15518665130766973,0.1550663448860642,0.15516501317538392,0.15677292600100684,0.15676778234927008,0.1568963640169426
100.0,0.0,70.0,-60.0,0.2650595604320155,0.2631155291013101,0.26357269500970354,-1.1388121684347667,-1.1563925969563702,-1.1526172372262302,2.074532373948538,2.0749436422142318,2.0748757841590946,18.241318795593102,18.247296425014458,18.244083117985166,0.3478415255454373,-0.5618937596932054,0.6338757895440273,0.04243373501689932,0.20166084963549738,0.2017670749201559,0.2016429991467979,0.2635418315115381,0.26358608913501164,0.2635274454179412
50.0,20.0,70.0,0.0,0.1380402664607821,0.1375359974899413,0.1378029859494939,-0.770373362758874,-0.7751777995591674,-0.7726686838949078,1.0898514226841114,1.0892580026773901,1.0895846461477428,19.759058203001675,19.754878385119902,19.75489937871607,0.4123601496046918,0.21957324447399404,0.35145712666247064,0.1778547892612543,0.23881867200786977,0.23866053181587343,0.23865141596315056,0.1378113258969108,0.1377710227020201,0.13785369960369728
90.0,0.0,20.0,-30.0,0.2808599643869375,0.2462889673633429,0.26612084933993724,3.1370031121717865,-3.1366879553876275,1.453135615143352,2.099008844488063,2.102769352599945,2.1035894385635703,5.098480350676023,5.0976729019831035,5.116094450404956,0.14769243142342578,-1.2047423964474748,-0.11657391243722501,0.23531444950215727,0.09699810804281628,0.09695190811098173,0.0974888748155975,0.26640831581502544,0.2669837672977484,0.2665179247242823
100.0,0.0,0.0,30.0,0.2680563371295863,0.2661649513964565,0.267096164764713,3.14065683253596,-3.1368574359851835,-0.3352899499009053,2.106333503105351,2.1083651231302794,2.1084361088134513,3.2597870881275024,3.2541276340532774,3.257373835417787,0.18227941127625355,-0.6540941694773061,0.0010841552669672635,0.33756630670940796,0.10629665878807301,0.10605652764958218,0.10625793572257218,0.267117399945522,0.2673842443441356,0.2671220462953162
0.0,100.0,60.0,0.0,0.2329407047644847,0.2323218180230803,0.23267314864560582,-2.100245477225368,-2.106627560833705,-2.103997829634525,1.844801571904714,1.8428207731270607,1.8446380273227807,19.341115946016888,19.341990076559693,19.333190172177282,0.48186395949872196,-0.00419320349797185,-0.0037189960574683534,0.7767962125397762,0.2795925975383077,0.2796452741316065,0.2794380726295405,0.23262162117693905,0.23260336853536417,0.2328503004899717
0.0,50.0,100.0,60.0,0.1173660065771158,0.1138009332862739,0.11607154736216495,-0.9621866427346268,-1.0391729156165928,-1.02084044105824,0.9311714351113985,0.9283935855681568,0.9340139866647604,29.01700637411538,29.009209648356293,29.020520052584978,0.6199010565936791,1.0500175046491405,0.013419490128150965,0.4979730585359562,0.35980400804709,0.35969796774532525,0.3599627466343209,0.11585084301336598,0.11622197314968748,0.11655862973602002
0.0,90.0,50.0,0.0,0.2228545599936646,0.2224947985233986,0.2226894965358979,-2.0910710773563883,-2.096833029005807,-2.0938739678005307,1.763905217420146,1.7634870950646682,1.7643239127170867,16.459129728156864,16.459116340906828,16.4483920127628,0.42092091516476066,-0.0009153943580954373,0.0012557301772310751,0.6494419911943974,0.24433442579192044,0.24408462318050844,0.2440934937148994,0.22264518798695387,0.2227064246446298,0.222732267985428
20.0,50.0,40.0,-60.0,0.1601280809816771,0.157742918011331,0.15844858098159714,-2.5454086295667024,-2.6610640777927443,-2.6311361285200596,1.254843684981941,1.2548242230619273,1.2545780555114459,12.713483352659791,12.717774616982192,12.717717406998688,0.31404603165326106,-0.8816344596479718,0.11714784920199588,0.32423968350003446,0.1822161181685771,0.1822996348499389,0.18220054405050273,0.1584431500370333,0.15841390097572383,0.15841812897969332
50.0,50.0,100.0,30.0,0.1690144272711637,0.1665950094816447,0.16760376600747423,-0.6214237324402964,-0.6349316637575085,-0.6284975402225922,1.3296260234321196,1.3311925759467977,1.3330159928654453,28.863132696548345,28.85413858708315,28.864848304303084,0.6151812897023614,0.6721222460457066,0.510589437872719,0.5009040076265904,0.3572252431607903,0.35709872237323476,0.3573620684844282,0.1674573906103054,0.1678785934144849,0.16768188490777253
20.0,50.0,50.0,30.0,0.1488036210579913,0.1478067635535251,0.14842780919999968,-1.1208672198606384,-1.1582592687911952,-1.1302484789321803,1.1769745268855272,1.179400172967573,1.1760361807644084,15.414177076386501,15.409836376069105,15.400990363376408,0.3638289503267152,0.640102471530852,0.1191210883891482,0.3547161961065753,0.21117339690651682,0.2109407648189041,0.2107849629698767,0.14862665297424704,0.1485207823311551,0.1481980690097982
20.0,20.0,40.0,60.0,0.0950574338613366,0.0912144319626202,0.09375137604097311,-0.2723935198571478,-0.4350953212478721,-0.3212900387249346,0.7427665569849383,0.7457663970083417,0.7450537885148045,11.884393269986914,11.884007842388343,11.87864051564992,0.2671662841076629,1.2039653803616526,0.09325200063134365,0.1462334580877651,0.1547189613482885,0.15486909296076234,0.15480963224087949,0.09376563166985062,0.09407139437728651,0.09367720867205288
90.0,20.0,10.0,120.0,0.2681232538747986,0.2558694387900545,0.2653801533358007,3.138986730693415,-3.1408237501649907,0.623048528971398,2.094067602862577,2.0966297343983236,2.0919149001047175,2.1266149450566862,2.107275427778835,2.1076919063891393,0.1425554149062068,-1.451569698772371,0.028270239535189125,0.25617835965681174,0.08356484451574883,0.08346854485098763,0.08361438281566537,0.2659173204978092,0.2656355171787781,0.26531482682495955
0.0,100.0,50.0,0.0,0.2418601635382504,0.2413654283316161,0.24159722943703846,-2.098953565505819,-2.105039607700629,-2.10211162533938,1.9134077899799093,1.9116829037183647,1.9141716344667357,16.695053053182406,16.696085117228606,16.683474553195882,0.43367034941098,-0.004048680891478701,-0.00230070633846386,0.725929532195442,0.25166090025842264,0.2514546226740762,0.25164722039752013,0.24147301013694394,0.24157792233269051,0.241767199463835
0.0,50.0,30.0,-30.0,0.157851447781864,0.1567696594654388,0.15729527818908381,-2.511930508459701,-2.614735589912298,-2.58226485429106,1.245861291899588,1.2451944427278587,1.2444246686472298,10.139721602552417,10.14461959688635,10.140300262881446,0.2681442069702663,-0.5107641960755126,0.007095395928514579,0.2921122023979013,0.15535919185450228,0.15542917145677523,0.15539798150661135,0.1573957251196337,0.15720709540958544,0.15730450490996103
90.0,0.0,110.0,-60.0,0.227528854558063,0.2222627235775287,0.22539955063820574,-1.301592806391686,-1.3172753954048295,-1.3105351991750287,1.7727290735195196,1.77457300307386,1.7748492283377975,29.768382963197592,29.77234896726355,29.77113780331528,0.5766060813979472,-0.7898354017119918,0.9010043718476116,-0.0026362997555889113,0.3344373879167254,0.33473102336851046,0.3346198388954213,0.2253873556049987,0.22565455480228291,0.225421787880217
50.0,0.0,50.0,120.0,0.1407374733286016,0.1307580656769682,0.13829417932224036,1.7541313964814351,1.60310727446973,1.717447080571902,1.091087284441454,1.0908392814690637,1.0915451247636336,13.612139843181053,13.6206969469336,13.618686035029203,0.27336820551047125,2.437781024865517,0.25650353444808993,0.05166192170279636,0.15809096763686412,0.15806372789498335,0.157989490670367,0.1384147750899487,0.1384704436673687,0.13849482845258881
90.0,0.0,110.0,-30.0,0.227561927682945,0.2216971940669629,0.22550833235082257,-0.7775957775532797,-0.7937067148383024,-0.7874378506831041,1.7752424789366192,1.7744677159035702,1.7754413698485907,29.7700045741532,29.78188290660214,29.764522518068517,0.5766849537630018,-0.2661132978739149,0.9014151234054549,-0.0021568337514076136,0.3346550482831974,0.33463925562290797,0.3346473240385998,0.22556622803106813,0.22558671745086192,0.22568606899040727
90.0,20.0,70.0,-60.0,0.238451709405802,0.2362462468067723,0.23676985473380383,-1.4161951389261618,-1.4391743262890553,-1.4341559290959447,1.8653486990413986,1.8657840764426792,1.8668004373617832,19.110802315952053,19.112047015872363,19.115617401079714,0.39134565915215047,-0.6318038338085062,0.617454218294856,0.17644547503648447,0.22656926608322928,0.22677733320831323,0.2267904889202971,0.23663555471671044,0.23682885020749195,0.23676695144219292
50.0,20.0,110.0,30.0,0.1288394898951089,0.125212923505794,0.12665513354364077,-0.2348264556680499,-0.2545055701471316,-0.24337389373334448,1.0011125193519732,1.0027858346060803,1.0069994268991573,30.785163305542643,30.773693701535688,30.78196072148786,0.6223623252502195,0.6568013796488328,0.5090069161031922,0.20090954620799345,0.3612413617159688,0.3610655283211218,0.36135528258449173,0.1263296946654366,0.1270703214367905,0.1268307229184844
20.0,90.0,20.0,60.0,0.2576684102970124,0.2551263329702108,0.256572112373694,-0.5828998231519039,-0.9330465284937222,-0.7076750434647442,2.02532339716631,2.0284810706178287,2.0268216743149723,8.474000973638491,8.470908976897856,8.476637163563705,0.2771360933464965,1.2545071947460698,0.06378916731521901,0.4882279130392106,0.16085312406026606,0.16076470353075284,0.1609340570945682,0.25661735840526606,0.256807336765986,0.25640832748374853
20.0,0.0,10.0,60.0,0.0793866226247708,0.0599967585297024,0.06903024995768116,0.4143825439682275,-0.4607174922999212,-0.0118398866238873,0.6016062089994761,0.6030792258919168,0.600137090077647,3.5114750593741535,3.4787002601656916,3.468193076471425,0.0875752679283492,1.517320418435031,0.022064587920856717,0.04472719658256067,0.062278750865977194,0.06196777683588611,0.06227773227417884,0.07633011035779567,0.07612165477800309,0.07597479269457957
20.0,90.0,100.0,120.0,0.2005785642110604,0.1980754604220148,0.1991976237907815,0.3556541830308584,0.2856574535138902,0.30240242422069585,1.5867020276408568,1.5873930733339148,1.582209758778025,29.955037773075563,29.964158608187795,29.960198421226124,0.6710179514859664,2.15331403749902,0.22589534178207493,0.8983042030289193,0.39072862557772914,0.3908323398244342,0.39050671473162346,0.19969818148706098,0.19912640900834103,0.19905213940336347
100.0,0.0,100.0,120.0,0.212321246197615,0.2108619170018523,0.21203030180525267,2.0782377872616222,2.0679171872767568,2.07508826910527,1.6660933216715597,1.6660600507751677,1.6650317450262855,26.41834406626885,26.432022909483425,26.422984917493892,0.4896529740907464,2.3530398808793125,0.6979907312705138,-0.17477465917294918,0.2836057974803542,0.2836819946330075,0.2836686953443168,0.2121523335185635,0.21200742164744282,0.21201561066400362
50.0,0.0,50.0,-60.0,0.1454823212445532,0.1408630264090661,0.14212098219001543,-1.3303744675281448,-1.3991853133605976,-1.3786549406544195,1.118953815364194,1.1195699692311598,1.119070775625848,13.53663300539168,13.546497494851193,13.548711333048587,0.2695994187082972,-0.6918602627966567,0.26204784646752427,0.042876712919262344,0.15607864606747546,0.1560671591173643,0.15606812854661348,0.1420692065299257,0.14208824575111897,0.14200847292329427
20.0,90.0,80.0,0.0,0.2301767863861663,0.2283457866673491,0.2292024968964457,-1.778326898054845,-1.785673921934573,-1.7816617370951486,1.8178220160660088,1.8173344220553995,1.8230319179204073,24.771922460971744,24.764550667264437,24.76306485461725,0.5823133108035672,0.08079006737308077,0.21364545691614645,0.8999467936423721,0.3382775725825777,0.3380328436118998,0.3383680148610519,0.2288268110468075,0.2294628958218407,0.22950739315921526
50.0,50.0,80.0,0.0,0.1672440708880145,0.1665368056994168,0.16694152346394228,-1.1511662670711722,-1.1552773343494604,-1.1532273651400633,1.3222216823349844,1.3251748287778327,1.3238939769402271,23.298572076976402,23.296082031621403,23.284781790802185,0.5082885767131963,0.1792516117978575,0.40630137211938455,0.4253893875302962,0.29460424547394304,0.29488738201444814,0.2947370153514918,0.16693891007088774,0.16716076680016326,0.16678477653106447
0.0,20.0,70.0,120.0,0.0577352937187523,0.0526887703971684,0.05482024777333335,0.0648040271781444,-0.014015744452126,0.04322692951180759,0.44335074500035015,0.4435376992519263,0.4424141757083327,19.93338357282937,19.940253989124965,19.936822289706303,0.41534573051480933,2.0978155727167116,0.006343810913120875,0.15783380064112196,0.24055320762870036,0.2407078907119594,0.2406636896168029,0.05496342158025012,0.054844897965640835,0.05483060983921269
0.0,90.0,110.0,0.0,0.1817724585370919,0.1799468883882985,0.18096264354656572,-2.067599395425152,-2.086316935869703,-2.0768738021563475,1.4460153780427731,1.440468848032431,1.4448156446479834,32.60666033449598,32.59930401845763,32.590188963435125,0.7179082386088695,0.0024091969645296763,0.015345713339763227,0.9001816381259933,0.4177412608721583,0.417643844512876,0.4173704342140487,0.1809279677309909,0.18081099990305144,0.1814834906983559
0.0,90.0,110.0,60.0,0.186158758595162,0.1837515333896541,0.18493471134755524,-0.7802451623901823,-0.8098755154516196,-0.7997698069050724,1.4762159036816849,1.4731147856625026,1.4749273969844965,32.591263020599804,32.58150005378444,32.587848281495475,0.7175329297644387,1.0891610440800148,0.18960883685772267,0.9001536057764452,0.41749016414910894,0.4170393871722415,0.41769107320577453,0.185047164238653,0.18488495049860598,0.18527378255080643
100.0,0.0,110.0,30.0,0.2505482080546902,0.2459662020092073,0.24808911058277108,0.2876312877913439,0.2713599835474647,0.2815902499468219,1.9529709093368643,1.9522345601960076,1.9517680751376292,29.670661717763036,29.660685163425548,29.661986861642486,0.5732256533663419,0.8076315111389167,0.9859582347638463,0.002618367739287631,0.3326618404417411,0.33254987498243305,0.33261665463614404,0.24819830258769318,0.24805055278439608,0.2481418503273377
100.0,0.0,70.0,0.0,0.2627819305238178,0.2618219870740861,0.26259820997115735,-0.1045945324856953,-0.1139174099278902,-0.10615268253800057,2.0675438870955256,2.0673399498602802,2.067478901227175,18.252942197436536,18.248099471887585,18.24522158339038,0.3479404452930583,0.48346247151061894,0.6317819811434962,0.0418193967501361,0.2017630628769467,0.2016371455001718,0.20171153085558088,0.26261883511288847,0.26260676451005516,0.2626375017245898
50.0,0.0,40.0,-30.0,0.1484313871845518,0.1468499414272649,0.1474059772401196,-0.761802956963532,-0.786724250758158,-0.7780769066488762,1.161865513648053,1.1609229636695493,1.1603677043329836,10.69201607198921,10.694823953740684,10.692416907658782,0.2130865270836679,-0.058431474416371185,0.2134964605917902,0.042327814443528095,0.12379563289152956,0.12373824367035692,0.12361639009239307,0.14749076559351396,0.14729650941184633,0.14741581406898177
20.0,90.0,120.0,-30.0,0.1755356703006471,0.173259427848132,0.17467157042467688,-2.336751961937054,-2.3506181617465964,-2.342840329582174,1.3998819101105426,1.3915392415824028,1.3975378852669946,35.17801962643798,35.19539954108221,35.18176422547214,0.7643855182287679,-0.48226306641627886,0.2160238350787712,0.8990707331168956,0.4443655243117458,0.4442004465964203,0.44432329931326014,0.174715257085747,0.17448741546695964,0.1755096474282657
0.0,90.0,100.0,120.0,0.1941753670484649,0.1815899620825469,0.19222082713657093,0.0969893368125324,0.0114038026359641,0.03436864811541504,1.5316343245504276,1.5313340870365788,1.5343281376388767,29.965361353660374,29.974348288438595,29.973775149136685,0.6710317215119463,2.100303310872091,0.027673176992367227,0.8915757787589575,0.3905055642372132,0.3907757916485744,0.390906757873528,0.19225158683249788,0.19259001384207425,0.19262028273638335
0.0,20.0,70.0,0.0,0.0620139397428681,0.061462947692687,0.0617335715813334,-2.0909726284726684,-2.1173616305855263,-2.102876098903293,0.49905317511805125,0.4962820715280825,0.4965037219786181,20.02894446346416,20.027078713094564,20.020816165442852,0.4208218217302203,-0.0012010145125851096,-0.0010738035241639498,0.1799958417697252,0.24366250443834592,0.2436195315336797,0.243635961014503,0.06185924765902658,0.06153661935931876,0.06190091088064483
20.0,20.0,110.0,60.0,0.0692954786060604,0.0648346604596386,0.06633233378966703,-0.1387775241992,-0.2221936819442891,-0.18991918985726203,0.5352284854954855,0.5372237713575301,0.5326902586766249,30.901879624656807,30.8938709864719,30.897808118502706,0.6262408606873259,1.1009665769313222,0.2085749742618744,0.19962482613577232,0.36354820097228024,0.36370058364321917,0.3635643922704639,0.06676454555603481,0.0664404939702417,0.06623318693984048
0.0,90.0,60.0,60.0,0.2122640437340649,0.2113967376197565,0.2117706683752902,-1.0340416016174794,-1.0554027708248064,-1.0467963490451688,1.67920171081396,1.6787729700584701,1.6799164535831697,19.08937875505527,19.079381559524272,19.088556012822053,0.4676720489176778,1.0463429134803606,0.0011112883572297172,0.6861930217197615,0.27118891293286695,0.27118570126226027,0.27146704813735023,0.21171214590631232,0.2117803347090681,0.21185576992557578
90.0,20.0,80.0,120.0,0.2226900719899039,0.2199602462914697,0.22222203241868801,1.7305171211045238,1.706359788348799,1.7266034087251083,1.752262584418751,1.750800282419407,1.751373909662417,21.785682455572193,21.795951639406685,21.793357719708023,0.436590561236686,2.439974152575267,0.6602405338950819,0.12706409475438207,0.25272977897528515,0.2529097704519684,0.252700681875375,0.22227532536360822,0.22217744453675498,0.22235491800222168
0.0,100.0,20.0,30.0,0.2680988862589795,0.2674565709651074,0.26771343717276463,-1.5650563790268637,-1.6823800291450477,-1.608595611481465,2.1142003514998833,2.1145608061185657,2.115223713077728,8.734289594733637,8.728172065006587,8.726071663798617,0.2884659079465701,0.49809262341692684,-0.006864118456292535,0.5349459702883366,0.16766190480089976,0.1674344583745572,0.16755317435620382,0.26765349259926546,0.2677758119068724,0.26773149149676445
0.0,90.0,70.0,-30.0,0.240713815295831,0.2298383817047758,0.2387885990639272,-2.5933644988957387,-2.611732448506817,-2.6010309847346904,1.8975217925713679,1.8942032234167743,1.8935020509728102,22.2142864667681,22.21463283423983,22.218180073197445,0.5402228897383009,-0.5195183170974901,0.012212785535307644,0.8925082981402114,0.31399284764712515,0.31399831100177655,0.31401014494142404,0.23920243418311954,0.23869680456176046,0.23912734301371477
50.0,50.0,30.0,60.0,0.2068866806880788,0.1988355666797549,0.20421608193974625,0.1971228601738751,-0.06860666615174,0.11260429911901614,1.614500498574667,1.6139004448784955,1.612966735650251,9.504293375133471,9.501636356768351,9.511682199770208,0.25137834218680355,1.571368916891866,0.21032558441518692,0.28667872628516894,0.14551192206016694,0.1454806623635298,0.1456325440665557,0.20446427307933066,0.20426873019329655,0.204347996710093
20.0,20.0,90.0,120.0,0.0634714154924863,0.0618598178567124,0.06321539087391219,2.255008939882277,2.242058046384504,2.2482115188517917,0.49066065999898817,0.49131561667834417,0.49070379358520133,24.312024299553983,24.322098266241287,24.321560587439752,0.4623166425043468,2.166437000294841,0.16666167733025106,-0.11515580532162259,0.2675544052411996,0.26737537456513577,0.2675199800525757,0.06328714033176867,0.06326575844333496,0.06321070634129472
20.0,90.0,80.0,60.0,0.2305920629128152,0.2285895528982155,0.22941771134490788,-0.7106121210705831,-0.7337364589802086,-0.7272261801921246,1.8197853771455892,1.8233684350876351,1.8201271331907034,24.761517371150326,24.755046710288493,24.76271631651756,0.5821719753344051,1.1299193341117009,0.21880083447978851,0.8992067436824502,0.3380679368262038,0.33829193910742034,0.33836121027696914,0.2296083464315401,0.22962431402313838,0.2292133182858731
20.0,0.0,10.0,0.0,0.0830053354500678,0.0626638485657395,0.07302549073438189,-0.3539553595709329,-0.8704517965757174,-0.610923173912698,0.6537528019030593,0.656223815939254,0.6525350102897085,3.3070440427567966,3.296875057200387,3.305355635262788,0.07690856777899314,0.691174734384863,0.027490636603352405,0.042437838752237916,0.060778422083125436,0.060760655857818244,0.06094985232897033,0.0830153846598461,0.0828819248186371,0.08257141013764518
50.0,20.0,120.0,30.0,0.1188864015991404,0.1157391591284768,0.11672978225364034,-0.255023947392807,-0.2722418562929633,-0.2638510419410109,0.928275973489737,0.9266051745822942,0.9243794400825522,33.540852779333996,33.53039182098817,33.52822128869586,0.675137575049717,0.636140895835383,0.50952132501862,0.20075615758391374,0.39271400007287316,0.3922112605058246,0.39229433157635624,0.11709680336735244,0.11657881442900585,0.11680178364911926
50.0,20.0,20.0,-60.0,0.1815803112256523,0.1802945050390184,0.18096591157780464,-0.9348552290159474,-0.968985227856723,-0.9485101680854064,1.4253227936870208,1.4275395193558746,1.424837624415891,4.595591805541697,4.605726468710803,4.6095128270837415,0.10601889719726477,0.15959462029726296,0.11095535620286698,0.0734604160830649,0.0620301684582303,0.062275961987514145,0.06227288811105096,0.181098292648461,0.1810369021545609,0.1807791521464357
50.0,50.0,110.0,-30.0,0.1552287423446779,0.1523948962407469,0.15410749761611361,-1.7009694361845982,-1.7084630292574012,-1.703893375386633,1.2236516983880743,1.223524013052363,1.2321963398021305,31.55403701597456,31.55234241404688,31.567533169769344,0.6645954851540815,-0.40000304128292197,0.5058370298628081,0.49904428341364454,0.3863357183356135,0.38658518293608823,0.38660127056128346,0.15351530404261463,0.15461083754022514,0.15459752215402428
0.0,90.0,80.0,30.0,0.2236239041952864,0.221395537625101,0.22259826810218616,-1.531931214898428,-1.5545659596650758,-1.5480573771603205,1.7681108075039977,1.7685441159807036,1.767101718772347,24.798764632008737,24.79982957900555,24.795377657456427,0.583281044109906,0.5285780984404018,0.017266990887235427,0.8993235465358849,0.33872315518856344,0.338911194336766,0.33878003228259157,0.2227709757851988,0.22263331462390182,0.2226104571438716
50.0,50.0,0.0,120.0,0.2211011674672511,0.2202511151909357,0.22068099553815457,1.4008586870926143,-0.2656103044353698,0.5699758966209768,1.7449350970576882,1.738493942421797,1.7395024402323087,2.679393408334942,2.6861059489053343,2.676996282762445,0.14936395122286011,1.3502724764079594,0.0007415401092731706,0.2284275790956318,0.08727175418906591,0.08750768767621127,0.08717472731464075,0.22091177934931522,0.2202170145636306,0.22103762900129217
50.0,20.0,20.0,30.0,0.1743821009264826,0.1634642278897833,0.17003796845349012,0.3450031846754131,-0.0722141871087425,0.17754355248561107,1.3433802942354225,1.3426794620015592,1.3407663714943847,5.522935525307918,5.520829991185651,5.522087474951408,0.14294713005039608,1.4308041968563983,0.12505553926635865,0.11294013916773939,0.08323453141794084,0.08325368418347927,0.08331700941683731,0.17043104630227915,0.17009701867217317,0.17018321005870388
0.0,20.0,90.0,60.0,0.0174542456844647,0.0151612169790053,0.01634828740270861,0.7384270091958431,0.5845934315025756,0.6599949750637021,0.13091605384522625,0.12647048687828466,0.13147178950232852,24.781733315124526,24.75546156353744,24.781652452429597,0.4867064322343121,1.0693929187194093,0.05501141837123961,-0.006263035510484473,0.282460401219254,0.2821530892847918,0.28233008668409965,0.016318543285405638,0.016517113088590153,0.01702919049999643
20.0,50.0,30.0,120.0,0.1653090711806051,0.1621025938627963,0.1637367106138435,0.5053002466518492,0.1160725923186671,0.37637185904070364,1.2960926412120752,1.2970307411876825,1.2950674145052634,10.105604390707526,10.11591058475047,10.113378744032332,0.26728989913683987,2.2449695568212995,0.06654054904255903,0.2951813246185721,0.15490498055485855,0.15504183858955384,0.15513237829758586,0.16392161107068284,0.16378729126514213,0.16367138133742604
0.0,100.0,110.0,30.0,0.2019930420052658,0.2000917869069831,0.20108418368859543,-1.3476438477421444,-1.3589172109094136,-1.3553416441266282,1.606526707391777,1.6018879541264857,1.5992014680138007,32.793865519898695,32.781381524033364,32.77358233961381,0.7291019440566577,0.5626835150919022,0.18010535993983523,1.000038214980672,0.4237164431602041,0.4238886258252751,0.4237636880796873,0.20159345969206116,0.20071574219417646,0.20132411767973382
0.0,100.0,60.0,120.0,0.1495092949523286,0.1270030548419023,0.1460732168016276,1.9966907829596068,1.8025950527294223,1.9551424855635522,1.1516209954992482,1.1520976575726658,1.152370475591996,15.939113284846572,15.945063310575959,15.938254911487153,0.3023968609425841,2.4006805938009323,0.30409422054994023,-0.02283332256594123,0.17488146392989093,0.17490053924381962,0.174746707778269,0.14642231125528127,0.14650798321548483,0.1464510874856688
20.0,50.0,30.0,-30.0,0.1672582508729729,0.1655459405773172,0.16633023495627897,-2.0152032589400477,-2.086796999275077,-2.0619432002224927,1.3166314579041563,1.315454933555556,1.3148876336925543,10.009954054923774,10.009298263944304,10.00310797645073,0.2642112304191959,-0.29944125196785615,0.0994962503917172,0.2877734703083867,0.15316313394368508,0.15297796330662933,0.15297934191194218,0.16641708423312904,0.16619906472940973,0.16633784652202777
90.0,20.0,40.0,-30.0,0.2673718393952329,0.2664774456538247,0.2669305795417022,-0.4853525537343618,-0.5071167122576293,-0.49276270768459496,2.102251250268551,2.1029042512042215,2.102157982514745,9.733637816376492,9.73574382969862,9.733925455681245,0.19590664122457452,0.37167142822087373,0.34158401651126585,0.12125550240076916,0.11375592780216784,0.11376514004316193,0.11371152311591907,0.26697030650332804,0.26696433489668725,0.26687669453811974
90.0,0.0,30.0,0.0,0.2837323530385254,0.2615061738079989,0.2679854355482711,0.8415405166304406,0.4191121713035524,0.6533261696272935,2.119062015492525,2.116400702342658,2.1166267980083497,5.498498349893961,5.5184643728541545,5.541512802714229,0.07007824839397589,1.6375096726029283,0.11828319929721588,0.06301187313911553,0.04822916203785111,0.048277052400800526,0.04839208852804693,0.2689945547133495,0.2687214510448453,0.26909892604393637
20.0,50.0,20.0,30.0,0.1744186610614327,0.1716997274715062,0.17323656065964416,-0.9635169292049244,-1.1818044349889325,-1.044077614985393,1.3692870655551128,1.3698273922354383,1.3691581662041163,7.3753993041038965,7.369852526691791,7.371569250015413,0.21708206524906587,0.7953010979487375,0.06528178329658091,0.2521968051727939,0.1260745773427198,0.12599774149983028,0.1260116642483637,0.17333472869914326,0.1733095031736345,0.17324606597012418
0.0,50.0,0.0,120.0,0.185061000061337,0.1834616749111352,0.18417922961707767,-2.0692897925415927,-2.087893369003724,-2.079237145827707,1.4510216071162594,1.4536700924977857,1.454104387603704,2.2403659567190046,2.2344376938399226,2.230192904277882,0.12373267917021114,0.012224619994630568,0.0005197297291566475,0.1578998218438648,0.07275759625485939,0.0725985085836135,0.07254807895766702,0.1840613905162889,0.18441685698014273,0.18410571294411127
50.0,20.0,0.0,0.0,0.1686343796545293,0.1676010411965185,0.16818184739190029,1.823653315800196,0.105667032047767,0.9601569368690168,1.327651622328858,1.3247490323512119,1.3280642823716653,2.0450188115935926,2.047872373585955,2.045701587974769,0.11381363504228736,0.20426255987157954,0.00045727096180520977,0.1326444269549573,0.06661574066522931,0.0667187780730441,0.0665483109129615,0.16804359102845723,0.16810314844959584,0.16847374377386762
50.0,20.0,120.0,-30.0,0.1166482664315978,0.113816811208283,0.115741781381052,-1.300074515785839,-1.3231955096362351,-1.3124929516002628,0.9172487055600971,0.9207648582690918,0.9194613288058003,33.52704339577278,33.53824769859647,33.52906030721043,0.6750080231213357,-0.41204048050584796,0.5047298838995389,0.19906835389379401,0.3922577931853191,0.3927351573433771,0.39218364691694513,0.1158652779917431,0.11616748641532912,0.11569226670341377
90.0,0.0,30.0,-60.0,0.2720470307273548,0.2563455819284606,0.2657016516286908,0.0526285709931945,-0.2529374167239378,-0.10966329873355268,2.1150605616974514,2.117078453934932,2.115816106815818,5.338709629295066,5.303707390149863,5.330010584307169,0.027679694021464862,1.2762013992838674,0.03535526570532666,0.04818300781033418,0.04321743577462439,0.04279154294106955,0.04342706576056863,0.26883934083253275,0.2689383147202009,0.2686966055309817
90.0,0.0,0.0,120.0,0.2576776352362103,0.2563370637853831,0.2570101911287382,3.139787829779746,-3.136585135736338,-0.20051453214810905,2.0270469622610183,2.0283186730108604,2.0290820924909783,3.1517974196850496,3.147376982117073,3.1535030701707503,0.17527335811384362,-0.8359762298699338,0.0010336487635187238,0.31233160445560776,0.10243081807378275,0.10239394252873897,0.10256506789450183,0.25699947787551625,0.25724948557444816,0.2570946761089897
90.0,20.0,40.0,120.0,0.2674858824920256,0.2489440873728628,0.262553691210405,2.11714910938784,1.7719797241872444,2.013170686542762,2.0698428736657766,2.0710289804781583,2.072669469195231,10.070112089751559,10.074900057321459,10.0662845991509,0.21317820505538163,2.9417167583097856,0.35562697939768306,0.15488573062237088,0.12348590868998761,0.12344880237796003,0.12327859847094998,0.2627083752942162,0.2630659747420172,0.2629085313890121
20.0,0.0,60.0,120.0,0.0559400730242235,0.0501799326948571,0.054687098934411225,1.345242151882572,1.2258184431974477,1.3209717077774037,0.4343843096248274,0.435079091815224,0.43422652959723534,16.698483724245108,16.702637138142507,16.701969741877484,0.3360778987273468,2.20034490044669,0.11911437226544722,0.0444223563420882,0.19477469468242992,0.19482621416504478,0.19485409479933785,0.05486247886569887,0.05482397366641794,0.05474992175636138
50.0,20.0,50.0,120.0,0.1509321527375213,0.1425133978737731,0.14886629574598415,1.3953056573464535,1.2410041213100027,1.360276784525024,1.1773485982121796,1.1755831162081132,1.177885380128073,14.248864774565032,14.252239066552818,14.25548157938778,0.3079982693333862,2.417854450270688,0.272910567935801,0.16207685430914387,0.17861762914225354,0.17854027093088617,0.17840033346521045,0.1488917274182574,0.14896547196489074,0.14918275450528126
0.0,100.0,100.0,-30.0,0.2119003798398769,0.2101563104811588,0.21106398103053706,-2.6018939238109526,-2.62362085168834,-2.612279632095659,1.6815133755965972,1.6784723807564308,1.6788115011687381,30.20555660875595,30.216607121183145,30.20072322577474,0.6838860837376508,-0.5231134269640031,0.006901677670012045,1.00014384569324,0.39831843309796167,0.39810153368310697,0.39829631982270475,0.21125365546220942,0.2109149736718752,0.211296321049799
100.0,0.0,10.0,0.0,0.2692308075780689,0.2647662138187332,0.2668847894359201,3.1385451135325555,-3.138023783321421,0.3712689250101533,2.105400459146758,2.1040950112363515,2.109441451918529,4.560230089411041,4.565118630077388,4.550110667305526,0.18996805504495773,-1.1633541432168473,-0.05324359542629095,0.3414636452707055,0.1142378564784596,0.11414576282846824,0.11401796607528164,0.2665912513987252,0.2671017573546134,0.2672700645139169
100.0,0.0,0.0,0.0,0.2680563371295863,0.2661649513964565,0.267096164764713,3.14065683253596,-3.1368574359851835,-0.3352899499009053,2.106333503105351,2.1083651231302794,2.1084361088134513,3.2597870881275024,3.2541276340532774,3.257373835417787,0.18227941127625355,-0.6540941694773061,0.0010841552669672635,0.33756630670940796,0.10629665878807301,0.10605652764958218,0.10625793572257218,0.267117399945522,0.2673842443441356,0.2671220462953162
0.0,100.0,110.0,-60.0,0.1988773829126819,0.1968808435379624,0.19789381532076938,3.141372012140648,-3.1412553591470544,-2.9929520188582215,1.578060494695651,1.5767798494485545,1.5779405077830673,32.79022254594115,32.79723389431892,32.79575301904913,0.729406060375078,-1.0464685119726642,0.008276204049790821,1.0000806222902492,0.42384094100725733,0.4241049661035949,0.4241775139652877,0.19796520760525468,0.19796370100047864,0.19811132234559983
0.0,100.0,20.0,0.0,0.2685791638450766,0.2671705476267522,0.2677409929592769,-2.0622193730274,-2.0697405360966714,-2.0660399115249652,2.119435528732991,2.1143608190010363,2.1110832970287174,8.74311215192331,8.7406134621172,8.728443871699815,0.2884723908324208,0.015836734278073472,0.006857548111930478,0.5351001177598848,0.16782913808500674,0.16811141757753664,0.1677120007854111,0.2682770442995262,0.26718532095003295,0.2678146357961195
20.0,90.0,40.0,0.0,0.2372496211529337,0.2367383465605139,0.2370254767648868,-1.742362008839534,-1.753690794427392,-1.7460813260868409,1.8749128044689036,1.8733701957110913,1.8772066468696638,13.738266622889098,13.73610790462017,13.736835058552158,0.3708437780701776,0.1461105815434916,0.12247751829558168,0.5966155643964248,0.2148496072321468,0.2149159310291699,0.21497698449270236,0.23677739645654297,0.23707010733417397,0.23726326833817757
0.0,50.0,60.0,0.0,0.1342970469441719,0.1337901316745775,0.13408594053044426,-2.0955521965311035,-2.099755533255736,-2.0973010878955995,1.0661082640625186,1.066461656204986,1.0668731711686468,18.141034564620828,18.135566335313214,18.1339371571067,0.4153503704365935,-0.0013164438459885403,-0.0003536685434312834,0.3858682006780034,0.24053024481638255,0.2403988864622243,0.24040647583406144,0.13404505050055066,0.13415867985353394,0.1340988491626659
0.0,50.0,70.0,120.0,0.0357059321508117,0.0241176817405018,0.034410986089886374,1.8083874401042597,1.5764225652018051,1.700590329319285,0.273372383266946,0.27196982872189507,0.2739302931912926,19.239774781115212,19.243611884785448,19.24139236922596,0.3770142312844472,2.1552354802079376,0.08936899801520595,-0.006156667108291578,0.21868778780808712,0.21875230259755554,0.2187638932933234,0.03463213542121628,0.03472658832180097,0.03487204211390035
20.0,50.0,10.0,60.0,0.1822725487791589,0.1796058467863076,0.18098493564311957,-0.424067331764486,-0.9925305631919288,-0.6617689435874593,1.4290552063176252,1.4303781157396112,1.428560591851801,4.833465853544681,4.830424994866881,4.834724741445921,0.17282190713444084,1.3132838844560129,0.025132119282572463,0.21507524823408347,0.10088365727561958,0.10077520088324543,0.10090887078715612,0.18113438544397314,0.181076290898998,0.18090843706769572
50.0,20.0,0.0,-60.0,0.1686343796545293,0.1676010411965185,0.16818184739190029,1.823653315800196,0.105667032047767,0.9601569368690168,1.327651622328858,1.3247490323512119,1.3280642823716653,2.0450188115935926,2.047872373585955,2.045701587974769,0.11381363504228736,0.20426255987157954,0.00045727096180520977,0.1326444269549573,0.06661574066522931,0.0667187780730441,0.0665483109129615,0.16804359102845723,0.16810314844959584,0.16847374377386762
0.0,90.0,20.0,-30.0,0.2535251138459452,0.2525805213052695,0.25305448104532924,-2.444184706901755,-2.5825100736479274,-2.5352291047783706,1.9988448354868196,1.9995837987701706,1.998463556964905,8.541486471777345,8.545174139712854,8.542615253609641,0.27823500950024727,-0.47485737781240894,0.017181297332385485,0.4874480229147913,0.16171397208225657,0.1616609206761317,0.16163158053348597,0.25312254424619574,0.2530697470075706,0.2529752441168785
0.0,20.0,30.0,-60.0,0.087541203532903,0.0827539088505012,0.08502924345591238,3.141384789194148,-3.139739919379355,-2.810995227754294,0.6758771941885076,0.6757192780559811,0.6778735401950535,9.304509654164146,9.312209971629844,9.308908623659246,0.2191719411941485,-1.024737019959214,0.009313019606739519,0.12870770735880246,0.1283374374728003,0.12827924906067256,0.1280842643654537,0.08503599891886819,0.0852677872282521,0.08531902281783349
0.0,100.0,40.0,-60.0,0.252615902376228,0.2519161484144515,0.2521938559482916,3.1415648930445235,-3.1415592751956347,-0.6811350326573236,1.9949290021335384,1.994869439992169,1.9956796312030531,14.046881379595849,14.057574532297386,14.056311396786098,0.3864494445011205,-1.041401159571924,0.008071143328722129,0.6751402134707726,0.2239167626993894,0.22403143112618598,0.22387192153110524,0.2521244722732973,0.2522257731877966,0.2522394840836293
0.0,50.0,60.0,60.0,0.1336154607765405,0.1328618019055071,0.13313968834082474,-1.0496262865365544,-1.0661263009571784,-1.0569538218498176,1.0591505246431654,1.0592514605908092,1.0586224513736573,18.125930981578243,18.121564254071018,18.12962655995958,0.41466650518019477,1.0444032222345374,-0.002492471981400153,0.38249481386963663,0.24023521421657523,0.24019450321954108,0.24026994010133204,0.13320579183719747,0.13313586134708275,0.13312444217407382
0.0,90.0,50.0,30.0,0.2219944027854426,0.2215279621668925,0.22175540181572595,-1.5651458924600596,-1.5811068434294462,-1.5718427057481108,1.7562901975578542,1.7573665761912647,1.756001410070395,16.448555259033867,16.44307258122509,16.440174608639573,0.4202853193181168,0.5221444573679426,0.0004812771449530711,0.6457418943889671,0.24385930440446318,0.24387639968971622,0.24356603474576194,0.22181671922324617,0.22180073190448138,0.22166569933787594
20.0,90.0,0.0,30.0,0.2681603644441917,0.2662532655928841,0.26722472500198313,-1.947895981905587,-1.9919249868590951,-1.969171162717314,2.108212220247495,2.1070730204529933,2.108733756310116,3.2108626204928834,3.2162952295446785,3.214765721252773,0.1797217702576631,0.1221954308761558,0.001072609372405954,0.33274882157753355,0.10453337233299403,0.10470201234248037,0.1046388028649394,0.2671595327568587,0.2672208265510721,0.2673652344385355
20.0,90.0,60.0,-30.0,0.2198541663921269,0.2189056603396609,0.21930487757455933,-2.306845889109,-2.3236570153587084,-2.318407527889794,1.7396025860390343,1.737248393796408,1.7379045552193304,19.080265918144114,19.077185339400234,19.079726670838053,0.4684026581022671,-0.43155868671043934,0.14723080705135935,0.6964280926201291,0.27147033337984344,0.2716855272475184,0.2717821568913322,0.21934906611581442,0.21912446045407993,0.21944977861298295
50.0,0.0,100.0,0.0,0.1359008539096662,0.1350000704712546,0.13559244752189611,-0.3516520439632665,-0.3590576052986856,-0.35477248640404635,1.067789698929895,1.067565155380793,1.0665998173676092,27.3404450935422,27.336111440654857,27.328246895804803,0.5346397854941677,0.16919688953845927,0.5026700225637654,0.0002178320271706027,0.30979430414447295,0.30989060127097745,0.3098514277818296,0.1356993146806041,0.13555826917524438,0.13558874292893472
20.0,90.0,50.0,60.0,0.2261278094284829,0.2248811150430969,0.22573037942053478,-0.7186981579251497,-0.7791860324756992,-0.7338515971377869,1.7848984825443368,1.7892284485502843,1.7888810444868934,16.388503156976956,16.385978469615186,16.393555759090454,0.41829787695021875,1.1582896532434996,0.1312338286718788,0.6409274283594623,0.24260290977177168,0.24259569758562055,0.2427043932926405,0.22560780991181675,0.22610015117343177,0.2255458358653249
50.0,0.0,10.0,-60.0,0.1847410922774151,0.1494849891806827,0.17074661314202721,1.4387648598740768,-0.1087466210196016,0.5756725118150519,1.3707513400447597,1.363160137469916,1.3659171134465717,2.196506859045554,2.229865281741539,2.1853125081194986,0.07957697209009351,0.3184337120913495,-0.0303610501887997,0.09361305120706526,0.05742180276512846,0.05787154675754391,0.05725922094273646,0.1735096675005878,0.17288243306217643,0.17382098327489567
20.0,20.0,100.0,-30.0,0.0731233386705865,0.0689848072849502,0.07142090503094115,-1.7362874763322305,-1.7953867351737525,-1.761682310260757,0.5749177509102359,0.5724275142272786,0.5734174238607948,28.15718889655144,28.16206868089541,28.15803402587595,0.574822052236064,-0.46047970681861256,0.20329689571630488,0.19949376592003826,0.33358074353258477,0.33364364834041144,0.333525027886458,0.07159453681520517,0.07142252576371601,0.07173707753674352
50.0,20.0,70.0,30.0,0.1366379217489496,0.1356468373070349,0.1363358037400517,-0.2381837031318779,-0.2514648905664449,-0.2418805685121056,1.0789367642290382,1.0782960823750025,1.0766971829602474,19.744883030410428,19.73803234459707,19.73439617948564,0.411314635675353,0.7417246103413632,0.34828396496573527,0.17254542872272835,0.23814749143221153,0.23815182583038869,0.2381097506157347,0.13650584942653135,0.1362332640230734,0.13631912129422158
90.0,20.0,30.0,60.0,0.2678329097011283,0.2623033345179049,0.2667430342877929,1.429848470363108,0.9686129659773196,1.2606625310892052,2.1020805163353797,2.0997482640865717,2.103365905205374,6.56729366084935,6.568955946761418,6.571252861997788,0.1395742255683805,2.315241246405723,0.22278455211332496,0.1335502407045766,0.08152491048230859,0.08161595857399168,0.08144596222923417,0.26662720688434194,0.2667861815612925,0.2670846222902846
90.0,20.0,90.0,120.0,0.1996845927075518,0.1975214003527456,0.1993199722954659,1.8598950533917884,1.845080523565631,1.8572007292520165,1.5689428101480352,1.5688222972838053,1.5688842140008772,24.23144540895475,24.241944198510033,24.23616542116087,0.4683102537126136,2.3731332843828232,0.646896612578379,-0.004767844724705674,0.2712645608190926,0.2712897571469858,0.27140563357487535,0.19936691078795457,0.19934621374084832,0.19936768945734573
0.0,90.0,10.0,-60.0,0.2664047665542463,0.2638152668021977,0.2650488080898994,-2.5149165764435457,-2.880431037624055,-2.725067623119635,2.090854413521738,2.0913948717631983,2.0933013829519984,5.804701697088406,5.798437221062163,5.80140453059386,0.22839071556515497,-0.7287330099640841,0.04166179825391164,0.41708699841476365,0.13270018380767587,0.1325337452817711,0.1326075131180785,0.26484419372676493,0.26515450439035265,0.2650851925239667
50.0,50.0,10.0,60.0,0.2243559451507618,0.2127778429344558,0.21864327583994878,0.8631216234593847,-0.1258658144457728,0.416856419050704,1.729374070662622,1.7260958387238061,1.7243305042956703,3.9848479498826954,3.9896523918512843,3.9940792641105354,0.16186453826428251,2.1800527509428345,0.07887138401512066,0.23256437380607822,0.09426032124947324,0.09451978650592048,0.09453845741290487,0.21917011075500836,0.21852522623044318,0.21894509443326624
0.0,20.0,40.0,-30.0,0.0792745096706133,0.0777202610361039,0.07867597248989837,-2.5356280995681773,-2.6356010361553257,-2.600511457785245,0.6259410391053749,0.6271254168353251,0.6267379359755346,11.95555697301456,11.964707091495052,11.962680399727745,0.2693970797124708,-0.5208280844531876,0.002414995623170302,0.1468149104564166,0.1559815898326918,0.1560636981561288,0.15612126246626326,0.07868874411556506,0.07876608570242755,0.07864028870893744
20.0,50.0,60.0,-30.0,0.1433827135430306,0.1425528137611089,0.14285834120225707,-2.1685366736606784,-2.1887441668666474,-2.1825941112131035,1.1341104333418042,1.1358405232906612,1.1345130677160167,18.101218245767217,18.110747256402966,18.105111892398863,0.4143988865990888,-0.42625703749240373,0.13640746502772194,0.38692965513353245,0.23990448223419011,0.24013879831018695,0.23982748179155652,0.1429088771816099,0.1429529355504948,0.14274023604948552
90.0,20.0,20.0,0.0,0.2858079078781581,0.2555047039958701,0.26659061407710616,1.687099740395222,0.4508699756376464,1.037977124139848,2.1034189048885907,2.0973789485291827,2.104098451481911,2.7956342798868934,2.8017519167875804,2.81610158830194,0.08624633406812696,-0.07949275999261776,0.006897916215776015,0.1451612692207154,0.05169653505177846,0.0517032537555595,0.05161442440209353,0.2664715078400504,0.26656361358092956,0.26732586464007935
20.0,50.0,40.0,60.0,0.1567272078067869,0.1546290749483493,0.15607465726865152,-0.566625036536869,-0.6853623037434727,-0.5987919096620928,1.2365930165831351,1.2371450227367364,1.236333199035677,12.733943018290034,12.734087692122637,12.737274825028386,0.31469764101586434,1.1913859187270428,0.10153591375189826,0.32472015606646953,0.18254221711980984,0.18250277703826173,0.18261915625208283,0.15615646686333898,0.1561287678245321,0.1560615766666135
50.0,50.0,100.0,-30.0,0.1673172884897623,0.1648615941587941,0.16649704762210835,-1.6731019671376002,-1.6867223634521729,-1.680141021935157,1.3239414169216346,1.321093080482766,1.3234669429112793,28.860170640317033,28.858907104409862,28.854206975838558,0.615027748118184,-0.37651260851821505,0.5054926860159334,0.4988334469725425,0.35728604589123325,0.35730806464585463,0.35712040441721243,0.1665172789838281,0.16647605424933762,0.16682608734402501
0.0,20.0,30.0,60.0,0.0863383501967331,0.0819893963989248,0.0845079125511129,-1.0359140131833786,-1.2122503349130458,-1.0952265944613173,0.6725349658855484,0.6727461585762665,0.6730509893576884,9.310410213294832,9.29318986052047,9.30282385656814,0.2189915034492565,1.0339300076317592,-0.004424979050314111,0.1282319043842261,0.1287317655945114,0.12883341757600897,0.1288889421669429,0.08468186502307339,0.08478408606698107,0.08473499864763376
0.0,50.0,70.0,-30.0,0.1283771909220257,0.1276702881526329,0.12801275034158038,-2.603429758234721,-2.62466576971811,-2.6157136978039714,1.01846651641092,1.0201141160023421,1.0217115463350122,20.815673174974016,20.827176692784136,20.819621324420257,0.46556912278146495,-0.5238397559828742,0.0014712777506239645,0.41293305208241005,0.2699354170446973,0.2701240369578274,0.2698801417051149,0.12781728296884753,0.1282346150714749,0.12800738465463063
100.0,0.0,30.0,120.0,0.2835246200483853,0.2614780614682588,0.26874428782952287,2.8032236300788056,2.134188525095237,2.544789063676457,2.116634624896044,2.119953898381941,2.1179116337465556,5.943215021095199,5.936940686075412,5.941010851320519,0.10278461377643944,-2.725811859304489,0.17026430981272087,0.09469509231040973,0.06305496095515492,0.06280506648113136,0.0629701422725762,0.26900426936394,0.2691982296695793,0.2687373370365745
50.0,20.0,50.0,0.0,0.1511072312309576,0.1500325591837199,0.1506470555558373,-0.6993166348174699,-0.7152327983715755,-0.7050678395506612,1.1885637241882052,1.1911181594947262,1.1896996849773727,14.210944063884991,14.218897446954392,14.209939369094755,0.306075869088281,0.33151369687294835,0.27840028231870206,0.15684666260469818,0.17744576012447288,0.17734989432272538,0.17763910525673407,0.15067759161391425,0.15081646917242922,0.15049550016008656
0.0,90.0,40.0,-30.0,0.2329960296299553,0.2324947063172393,0.23271313211728015,-2.563819607555763,-2.61304708900221,-2.600694227387714,1.8413878627731282,1.841514449978278,1.8414683131384102,13.812132660461256,13.817287265863282,13.816095409537574,0.37337094863816367,-0.5176463807413687,0.007396622002380014,0.601947160271493,0.21622099095345076,0.21640507612482418,0.21634406277806834,0.23272204497799176,0.23272149989342686,0.23271462450746652
100.0,0.0,90.0,120.0,0.2361866379481154,0.2341245425393872,0.23580553189820702,1.9950621604478256,1.979226117397846,1.9914415166520485,1.854406941824341,1.8561701264201862,1.8544214894328344,23.780404181168013,23.791687543478965,23.78152278205167,0.44752609838886703,2.4246687832967693,0.7283699070698039,-0.06577893284604755,0.2589298277252891,0.25922476584428145,0.25901970739441255,0.23591320140845687,0.23591520199458668,0.23569603008369797
50.0,0.0,40.0,120.0,0.1461466437305451,0.1317695499924529,0.1423112668604117,1.8272577131399603,1.5562879041053037,1.7522729721028059,1.123028849097677,1.1233680719670236,1.1243560992620223,10.83235621694993,10.839176226347336,10.8371391868218,0.220509464683556,2.5352216603458455,0.2094574439646386,0.05641584351419495,0.12775715094309126,0.1277949295284953,0.12780923743717543,0.14249621619193695,0.14266086475940903,0.1426217200112317
0.0,20.0,110.0,60.0,0.0472333759579858,0.0438390404471632,0.04579186170631067,-0.8259355954504225,-1.049686805237117,-0.9965914603122953,0.37956926008939934,0.3769484769139631,0.3803677574867519,30.921788544179048,30.912652045940877,30.92763823977383,0.6268016788853922,1.0492633516813445,0.011153003167977254,0.198091201251436,0.36381383616844776,0.3636995019042814,0.3640255348069276,0.04587553042492175,0.04596325830640183,0.046301544847133516
20.0,50.0,60.0,60.0,0.1409210647681733,0.139851868029544,0.1405665003507984,-0.611642395232785,-0.6550400971886576,-0.6204337144423078,1.116213602189994,1.118470960562012,1.1160695861307373,18.085048711865323,18.08307746738892,18.086491470022697,0.4132175933939802,1.1414360342262388,0.1313676667960139,0.380428779633318,0.2393258050465696,0.23931670830873064,0.23920028795330717,0.14070295068738695,0.14067670056209522,0.14039669084989692
50.0,50.0,0.0,30.0,0.2211011674672511,0.2202511151909357,0.22068099553815457,1.4008586870926143,-0.2656103044353698,0.5699758966209768,1.7449350970576882,1.738493942421797,1.7395024402323087,2.679393408334942,2.6861059489053343,2.676996282762445,0.14936395122286011,1.3502724764079594,0.0007415401092731706,0.2284275790956318,0.08727175418906591,0.08750768767621127,0.08717472731464075,0.22091177934931522,0.2202170145636306,0.22103762900129217
50.0,50.0,120.0,-30.0,0.1451854773913583,0.1410002305861556,0.1432636393092221,-1.7092745515446304,-1.7345864208747916,-1.7228704122947138,1.1431558398259225,1.140100569164918,1.1418854567349297,34.27529266427641,34.2726197559054,34.27856816170049,0.7146839159744599,-0.418390592596257,0.5054682133205024,0.4993817195538927,0.41572292386574233,0.4158399095168069,0.4160823581736761,0.14343795244822816,0.14324051062439225,0.14366356781196624
0.0,90.0,10.0,30.0,0.2641779246924792,0.2631915429742761,0.2637395680064473,-1.604092255262722,-1.7394755796821522,-1.6559283296225675,2.0820413670984474,2.080671491679889,2.082839004079528,5.9171961741425605,5.913185289840251,5.913011695187763,0.23142062953355927,0.4561088705508127,-0.007603930831781169,0.4227880777128713,0.13428159471970366,0.13411917331127546,0.13420223578563853,0.2636182527681639,0.26371682473175817,0.2638896218312229
50.0,50.0,80.0,30.0,0.1550020526870364,0.1542643683377947,0.15472825244972327,-0.5740973670735672,-0.5841328514791444,-0.5773512904182557,1.225701887315564,1.2267718818820574,1.2285114683258873,23.11957231292137,23.111465454417235,23.1286761779103,0.49849519913380025,0.6992659217564471,0.3902781756948898,0.3654894128151629,0.2888193153896961,0.2888801754711674,0.2890571136691162,0.154543941317958,0.15490954403176843,0.15478657399088316
0.0,90.0,0.0,0.0,0.268150834598054,0.2663405025266216,0.267218960373473,-2.0129884724108664,-2.05087923953319,-2.031157280922236,2.106940149130641,2.1074845318647086,2.1092364994117716,3.21750495214964,3.215446197751963,3.2161201357267393,0.17972446003360423,0.06020070696787681,0.0010783654891820876,0.3327477881089026,0.10478240323616,0.1046550204168933,0.10466919329440057,0.2670571259800402,0.26734507165731053,0.2672862692302907
20.0,20.0,110.0,30.0,0.0683552142321933,0.0651569640765,0.0664342756102214,-0.6778652264604779,-0.7357195879028084,-0.7128238167998867,0.5390070849789259,0.5355961393530491,0.5336494417930554,30.905022244256674,30.88902123704502,30.890908465745856,0.6262828996670367,0.577469114310412,0.20888099649899763,0.19997134366113017,0.3638063785323218,0.3636280613210416,0.363346879953973,0.06690047362674659,0.06626710524557322,0.06666539296371674
20.0,50.0,90.0,120.0,0.0622963201074408,0.0601963662771797,0.061822340708298125,1.8454994336761648,1.8093261163334444,1.825588813862416,0.4860022610729761,0.4852305153346448,0.48394809960006874,24.616129221468874,24.628067673247052,24.61535045505251,0.47908813604975026,2.1785436771184807,0.20240186239627742,-0.034765663154884545,0.2776434623146553,0.27767426744507634,0.2775829202866793,0.062041971702699754,0.06175501384175855,0.06188418368456363
0.0,20.0,100.0,30.0,0.0509782291550824,0.0488507061746834,0.05002669753238014,-1.4053712004090506,-1.5850648915376766,-1.5239820425767834,0.41025693936951224,0.4094888082926699,0.40944459519356696,28.19419166863451,28.18078785687777,28.18195653956463,0.5756282023329499,0.5260536373954664,0.009821781886879124,0.1991261022772243,0.3341744378614068,0.3341003496254962,0.3341259679344676,0.050246666158854925,0.050128066058909564,0.050231644768205096
20.0,90.0,0.0,-60.0,0.2681603644441917,0.2662532655928841,0.26722472500198313,-1.947895981905587,-1.9919249868590951,-1.969171162717314,2.108212220247495,2.1070730204529933,2.108733756310116,3.2108626204928834,3.2162952295446785,3.214765721252773,0.1797217702576631,0.1221954308761558,0.001072609372405954,0.33274882157753355,0.10453337233299403,0.10470201234248037,0.1046388028649394,0.2671595327568587,0.2672208265510721,0.2673652344385355
20.0,0.0,110.0,-60.0,0.051163957920654,0.0454959186368502,0.0489983289354434,-1.4646789039225263,-1.5451454085854268,-1.511659006292459,0.38812235728265876,0.387132162118638,0.38523678579369786,30.306702061229192,30.315509709199105,30.316614775409285,0.5952556599721027,-0.9918696498249578,0.202683381967095,-0.0008028763429777809,0.3452955351724281,0.3454724105986589,0.3452905002911396,0.04941046758957943,0.049064206901886315,0.04920608121132427
20.0,20.0,50.0,-60.0,0.0923123577993042,0.0897396175822308,0.09040270153248861,-2.314121086841213,-2.4055512109419754,-2.3741899302586877,0.7183166794242405,0.7181300864950735,0.7180764338304929,14.581635980139534,14.582306749327222,14.582218083902042,0.3174879025155361,-0.9143693315738161,0.11826420441213696,0.16001764710812344,0.1844122383136714,0.18427293745402795,0.18439161865463316,0.09041049258506098,0.09036878624312814,0.09039080794852648
20.0,90.0,30.0,-30.0,0.2489123885980972,0.2477889125184853,0.248194407805345,-2.1461791555892646,-2.2084981116726303,-2.189632562957473,1.9611850809699078,1.9620381624178662,1.9615517860294018,11.051874344304025,11.05467426969872,11.050556414731888,0.3220925529014789,-0.3080446117949508,0.11742934312883026,0.5412725297218326,0.18698111551793556,0.18697705856614663,0.18677801568756489,0.24818748703790497,0.24824380258707465,0.24813226022269688
20.0,90.0,30.0,60.0,0.2468701226076891,0.2447097603295257,0.24607723142744597,-0.6456439885423988,-0.8435911569563092,-0.6992526705321022,1.9447846165029237,1.9460299470496454,1.945389146993526,11.093357153020662,11.089820983731752,11.094701044234954,0.32333442232424653,1.221345928426624,0.09445793756541451,0.5429627038889949,0.1875907364252392,0.1874667501118666,0.1875446589281202,0.2461184396813294,0.24619215782630086,0.2460317951079
50.0,20.0,90.0,-60.0,0.1292370958231112,0.1282717509382282,0.12854292172531084,-1.8312469703128436,-1.8408882102832695,-1.8380043847562195,1.01629220766963,1.0183538789434934,1.0176940768864546,25.257965200224163,25.255962439178205,25.256797823615052,0.5177192801273774,-0.8854401505386533,0.4198033582696236,0.19175956976582603,0.30013579239432603,0.30000027110236893,0.3002479744599994,0.12853430838999194,0.1286884980174807,0.12843239896326755
90.0,20.0,80.0,60.0,0.2221094499451031,0.2207270832986698,0.2218276625833773,0.6860429521394483,0.6740258514060463,0.6837719472337543,1.7485206397076167,1.74914320214243,1.7467738456371154,21.783084386563093,21.774938898010586,21.781857491439794,0.43589648614015847,1.3924407355806747,0.6586854406578989,0.1234081709295101,0.2523285057177968,0.25232254611290944,0.252482497952732,0.22202724544912614,0.22179378526208046,0.22173347857731954
50.0,20.0,60.0,-30.0,0.1457000692731373,0.1446984816736941,0.14498964204877174,-1.2602293455107365,-1.274631625931471,-1.270830447599747,1.1458018364427052,1.1456563765260868,1.1452603136545485,17.010047361897367,17.00577864557283,17.001420371726066,0.35976629958100015,-0.25619253912684636,0.3189019301794467,0.1703745935571526,0.20862395107343926,0.20851992996514282,0.2085168102285478,0.14502924263401443,0.1449556985422406,0.144974250579162
50.0,20.0,50.0,-60.0,0.15534663083393,0.151524131173826,0.15244816896554217,-1.6862662962966777,-1.7511666497748044,-1.735693446548676,1.2028547417713604,1.2036499115141512,1.2034846752780248,14.188021574659029,14.192119235853646,14.192203326344304,0.3051532254024418,-0.7095501196198403,0.28271478254358373,0.15497400712423148,0.17704477254775952,0.17699338787643962,0.1767412476757473,0.15238055845813975,0.15246002450040108,0.15234759774074075
90.0,0.0,90.0,60.0,0.2135863653195866,0.2126765447846368,0.2134229868888127,0.939719117251696,0.9330516619202646,0.938168834512829,1.6790141442152589,1.6776567068675152,1.678415299544896,23.881490081083708,23.881866950722532,23.884541404486058,0.4499312527831183,1.344199823398099,0.6609304086032234,-0.07794848976327173,0.26044686271220074,0.26034565939902315,0.2604241793539159,0.21342815966534467,0.2133578968679383,0.2135292133338052
90.0,20.0,90.0,0.0,0.2198060866410173,0.2192723782590642,0.2195269345506014,-0.4614753392573744,-0.4663745838154345,-0.4642885878826645,1.731339139526955,1.7300560788361514,1.7314017495057052,24.80235072763976,24.78951876517476,24.794694836453367,0.501677351652333,0.2984963219031893,0.7417132276839129,0.18079353090505992,0.29096956171384314,0.29063071445398525,0.29078825516405515,0.2194744279160848,0.21947168373737339,0.21965063463357107
90.0,0.0,20.0,120.0,0.2727678974067637,0.2539316920371317,0.2650011668064662,3.1372601747033486,-3.140162594733675,0.9968037982768644,2.0883476296662526,2.094492616759602,2.08646273989703,3.165179718595318,3.1507709429634456,3.150700980795984,0.09713468604225703,-1.64582885563555,0.06231643205485351,0.15777888586324446,0.05846032016972486,0.05821201142214025,0.0584633695771692,0.26569143005731566,0.26545258954265777,0.2646689437202411
90.0,0.0,30.0,-30.0,0.2714235758610732,0.260182299911252,0.26551521127261785,0.383108572382548,0.0769490262077952,0.2162495201557396,2.1033414099209935,2.1042034418743687,2.1014650120349962,5.469370794728311,5.479600250725297,5.459631756461051,0.05547440578348226,1.2059131912311696,0.09272276533538007,0.052958379380972816,0.04563511700794418,0.04559810463746929,0.0452290075108197,0.2674166009510427,0.26710816801568066,0.2669677020183769
50.0,20.0,40.0,0.0,0.1584528243613757,0.1564540430980097,0.1578019550847715,-0.6142692577822819,-0.6565401208978283,-0.6301064428765591,1.2447007276872792,1.246298159331235,1.2457863996351441,11.375201100936746,11.362580172712608,11.369273315352572,0.2514026555711173,0.43314374041837844,0.23579353376767256,0.14133801141863803,0.14556906845075088,0.14553867708895327,0.14556553647037618,0.1578041736270208,0.15793582929658906,0.15774595717480763
20.0,0.0,30.0,-30.0,0.069643078581347,0.066169471527869,0.06766406631952887,-1.219277492021748,-1.3291398131848329,-1.2853080827603574,0.5335132628719973,0.5367002263274457,0.5347514986953606,8.496283136300448,8.505161738287429,8.497828450775428,0.17873635665652132,-0.2740739652737996,0.07412554765409039,0.039229405455452185,0.10405627739106882,0.10440203966873125,0.10433629456696554,0.06772906709744203,0.0678807864591853,0.06747728972909758
0.0,50.0,20.0,120.0,0.1701947583168555,0.164975825951521,0.1669085073590108,-0.0291356114382579,-0.4913036742981734,-0.1819384781065056,1.318750350019499,1.3205098886869246,1.3187268141894544,7.513441179216357,7.514937266809454,7.519524470831348,0.2172340622273772,2.0007535953547877,-0.022989930770093127,0.2497690836633245,0.12729346664546043,0.12735384728862784,0.127543701887477,0.16697878837202249,0.16695355958326438,0.1667661483736958
90.0,20.0,100.0,-30.0,0.2422703412462644,0.2380024221979435,0.24059634383190012,-0.9610733560640043,-0.972578366830089,-0.9675484053636965,1.89621573623175,1.8983332313829087,1.895994931843506,27.515258809162564,27.525366546122676,27.514373345092633,0.5536877893502486,-0.22744230914288094,0.9019138979994045,0.19818619887078884,0.3211691518818459,0.3215295377345213,0.3212594243424724,0.24078198818886182,0.24076001989495974,0.24048979211238067
50.0,20.0,90.0,-30.0,0.1290238847483027,0.1283984829173974,0.12864073090842026,-1.314153281251872,-1.31987247519243,-1.3173587618338687,1.0184272677588693,1.0171918133847822,1.0192457937870778,25.260948962809405,25.266282064067145,25.255495755311543,0.5179741570538394,-0.36192092131885223,0.41974072555782654,0.19322717902129843,0.3003629771771656,0.3003795883869642,0.30004689209182556,0.12853082616692676,0.12864814919091788,0.12878639295913077
100.0,0.0,0.0,-30.0,0.2680563371295863,0.2661649513964565,0.267096164764713,3.14065683253596,-3.1368574359851835,-0.3352899499009053,2.106333503105351,2.1083651231302794,2.1084361088134513,3.2597870881275024,3.2541276340532774,3.257373835417787,0.18227941127625355,-0.6540941694773061,0.0010841552669672635,0.33756630670940796,0.10629665878807301,0.10605652764958218,0.10625793572257218,0.267117399945522,0.2673842443441356,0.2671220462953162
0.0,50.0,60.0,30.0,0.133474261537429,0.1329810421564509,0.1332509344619614,-1.5725097471881442,-1.586230929165492,-1.5767319801243491,1.0602491357392607,1.059303865658021,1.060187641870434,18.134747797786435,18.126119006596603,18.122830520800377,0.41480595215901866,0.5216432567412933,-0.0013218508478849318,0.38295469915685965,0.2402745760643641,0.2401248849867432,0.24003227491746343,0.13323010297856863,0.13322638475612072,0.1333460570348893
100.0,0.0,60.0,0.0,0.2671380272625621,0.2664081886365252,0.26676159406613226,-0.0234461777262639,-0.0333704604964687,-0.025637380368619556,2.1000538666758466,2.0999197714209967,2.1002606318815027,15.265917074662072,15.25970780826235,15.260918737522505,0.287059226976689,0.5824826791688085,0.5287813057271403,0.04489608814347194,0.16608451257219536,0.1660334528835086,0.16610561843776311,0.26672909141347656,0.266755524186507,0.2667738519525676
0.0,50.0,80.0,0.0,0.1215194786243399,0.1209530840625597,0.12124564449277117,-2.06071192929346,-2.0724492818638067,-2.067299781695712,0.9672667283653092,0.9661867149799385,0.9708464277601085,23.50522547495363,23.519507532809556,23.508649885690705,0.5152392268685745,0.003685479996001619,0.01061823028634505,0.4327266056065826,0.298843288200287,0.29908406205664056,0.2986225952045594,0.12091541323602875,0.12138238795079996,0.1215240617037061
20.0,0.0,90.0,120.0,0.0548534413678037,0.0530985696856801,0.05445980883442878,2.276452560648811,2.253974092338481,2.263548336294576,0.4196818647374061,0.42361833209933863,0.42199158808614445,24.378574809541693,24.378224236511425,24.385408876823583,0.4652537879945973,2.1553000093040384,0.1418300419423686,-0.10362146841696275,0.2692586534902249,0.26914060848804744,0.2696252400516284,0.05448290740546339,0.05476195088520582,0.054271620861405676
20.0,20.0,0.0,-60.0,0.1265801870138008,0.1078630871481286,0.11758146932218838,-0.3509466871911689,-1.1054078170276618,-0.7321502423245339,0.9583473155476248,0.958229474948396,0.9581046518297327,1.8948336579035452,1.8955262498889043,1.9071498139659278,0.07955166594677453,1.355897600860275,0.0005626047857982227,0.07291371321459685,0.05751190852556957,0.05759141041852977,0.05792521751507009,0.12152619914178497,0.12154973318575407,0.12155338543715402
90.0,0.0,100.0,0.0,0.2348239371200036,0.2343754234378935,0.23459910162129463,-0.207846421786495,-0.2097264780202502,-0.20874526935338714,1.8463763578076462,1.8463463260039965,1.845568392972652,26.832261868404963,26.825962081899615,26.817413074328513,0.5159213324632316,0.2955442894810293,0.8388146881897502,-0.016161277811937904,0.29902619699740074,0.29887876636888194,0.2988626134212307,0.23467176044155022,0.2345639291813535,0.23457994113171285
0.0,90.0,10.0,0.0,0.263989026225547,0.2636078815340483,0.2637665096780079,-2.069902911461297,-2.0735900879627365,-2.0718940302206166,2.082338676242761,2.0807290794765314,2.0830805244015003,5.915892679011684,5.913842895954162,5.913306485483672,0.23157234805224738,0.014868883992734568,0.0033080350757636466,0.4231771345000973,0.13413196611673234,0.13422716971681584,0.13414289798267137,0.2636344976528363,0.2637341173525552,0.2639329523093977
90.0,0.0,60.0,-30.0,0.2507511117016463,0.2495629715847589,0.24990278471476762,-0.5845320674608999,-0.5971192548292857,-0.5938357526893878,1.967210729908453,1.9681306985253006,1.9667632318939186,15.45371315003858,15.45681208636666,15.454110210037772,0.2937594534021738,0.01762511712041538,0.506722217918228,0.04456459149040219,0.16994189636319032,0.17013442767613812,0.1699827762679131,0.2499584569159588,0.24990800614813805,0.24979041518210665
20.0,90.0,110.0,30.0,0.1907275031104824,0.188294283625967,0.1895225782023517,-1.2000404938364977,-1.2178407301173442,-1.2111573786601133,1.5091324460175288,1.507567735720719,1.5145448309859315,32.570338209150094,32.557180769872204,32.56049051377355,0.717076915442071,0.5857351511887727,0.2778169247658119,0.900410503745624,0.41685035649069574,0.41706911169443334,0.4169471956465778,0.18910463970957964,0.18980075558416665,0.19000201924013035
20.0,20.0,60.0,0.0,0.0837847903265153,0.0833739871739421,0.08359598516746682,-1.3416394916737582,-1.3625075594030422,-1.350619385726133,0.6646837257798954,0.6671073129754618,0.6658903526157165,17.279698847656952,17.28392924263093,17.27108818683072,0.36851431115049277,0.1029778445261656,0.12775532365695352,0.171103551082638,0.21376893263110688,0.21376275801454744,0.2136173012677322,0.08362121937797637,0.08375982657666796,0.08346242298032587
0.0,100.0,80.0,-60.0,0.242956586690936,0.2410820217192781,0.24200411013778583,-3.127108548200776,-3.1366332280583147,-3.132848892512885,1.9212504370053964,1.9210555885237288,1.920860383582015,25.03450320077196,25.037849938331927,25.039844685708626,0.5963156794469635,-1.0456492569790423,0.008637100508593737,0.9997319832965327,0.3463629150622054,0.34647556899127435,0.34655559747985026,0.2420898024341004,0.24203787678976166,0.2420709193771292
0.0,90.0,40.0,0.0,0.232384961195474,0.2320368122017976,0.23217359994215409,-2.088571980813167,-2.0915583084267944,-2.0907952992842613,1.835017948958318,1.8390708851631548,1.8376850591039098,13.818396096523275,13.816917438777033,13.809973102838402,0.37306864443788296,0.0002135469775398979,0.00228152120397041,0.6001164936992909,0.2161920627619345,0.2163295947315652,0.21617856448397185,0.23213594816584301,0.23246641353135253,0.23195318689780542
20.0,0.0,110.0,60.0,0.0545447019644822,0.0473328487487981,0.05015147500925803,0.6295083417699059,0.5602874495806403,0.5824751458989268,0.3936619990340091,0.3961502446570726,0.3957729114509228,30.317070706196226,30.306527536642704,30.318054941964025,0.5952331266245532,1.1038566236130019,0.20769892773837648,-0.0005934047666479432,0.34532257579385045,0.3453060206926845,0.3454624246376621,0.05022663763537179,0.05045772961437906,0.05016732979065666
90.0,20.0,20.0,-60.0,0.2827909637047465,0.246241437081339,0.26547518317734287,3.137980770714781,-3.133404960131655,1.1980632039479768,2.0944861581209975,2.0919950358160855,2.0918595175443073,5.649982651738311,5.640054988588193,5.667343777933682,0.1632460206425336,-0.6071907497071655,-0.11279702566515254,0.26607510984728583,0.1077635147059659,0.10747887773368779,0.10806363192341459,0.2655520778957137,0.26521845039689024,0.2655237208132998
90.0,20.0,50.0,-30.0,0.2577956426714874,0.2570558263697625,0.2573720096267207,-0.6975986070452247,-0.7066091839962029,-0.7033500259247518,2.0265397452488316,2.028635863540153,2.0278041965175064,13.064693828915383,13.061771305686708,13.062962220842511,0.26825390410426947,0.13031422473460094,0.45559921778952545,0.14591083592713572,0.1552764595759333,0.15532899025542282,0.15530218782160413,0.25733947441641003,0.2575029180843155,0.2572319068881352
50.0,0.0,40.0,0.0,0.1467863053232445,0.1446680463682764,0.14612974791700817,-0.260771616426689,-0.3007641685590776,-0.2719168535565758,1.1512657789809708,1.152058118343724,1.1510513807416454,10.724474678739082,10.723748910035717,10.720142862465554,0.21461707784659448,0.45956268063841055,0.21261975267708533,0.04495189977924126,0.1244834736721203,0.1245912489183703,0.124474139016106,0.14622393411212295,0.14619982923604807,0.14609490399330502
0.0,20.0,10.0,-30.0,0.1054450299660186,0.0943937668882755,0.10009835342043795,-1.9410007820133783,-2.830558659899546,-2.382694926251476,0.7941833441833472,0.7916223864894003,0.7923813592492117,3.9315128395629344,3.937814932246302,3.930971510278214,0.11995161843185297,-0.39553525989021987,0.008806626605268023,0.08263143843933318,0.07045854270053356,0.0704992999381744,0.07044686857792358,0.10040591323322132,0.10016674103793874,0.10050228053901791
50.0,0.0,90.0,0.0,0.1215644301659692,0.1211066945852404,0.12135038768547905,-0.4122202774041638,-0.4217951474382232,-0.4176951263780853,0.9571873384710621,0.9540480634643533,0.9569136344383722,24.695075526045887,24.688342861429845,24.696173792123854,0.4861978365827505,0.16787457170260697,0.40832034174856946,0.02533186495057673,0.2819748837999193,0.2815977762193345,0.2818189422525947,0.12124158905554172,0.12123082234063377,0.12162512839038159
90.0,20.0,10.0,0.0,0.2685684419938779,0.2552935960224052,0.2664827530952089,3.13943384911787,-3.1361573302605272,0.8242675815470911,2.1019386675105634,2.1000560891912072,2.1010112655364352,3.853763979827346,3.8692420644561283,3.8561662927520888,0.1721783642419251,-1.2784988975819567,-0.05566646346819657,0.3082740934965924,0.10386434039379125,0.10409163634336352,0.1039177794188077,0.2663761205388904,0.2662550520876839,0.26649249552764614
20.0,50.0,70.0,120.0,0.0722958211036971,0.067510823466728,0.07128613290222433,1.603002255400951,1.542011747591499,1.5798561675279608,0.562857757308515,0.5631557967866635,0.5632735687435778,19.294411982604508,19.302305312660405,19.298002732577125,0.3819608694810569,2.220258119780127,0.18725015561792213,0.02212062352530978,0.22135997119692807,0.2213844184903048,0.22140636554861196,0.07137443677939566,0.07140933144755666,0.07138497789514028
50.0,50.0,60.0,60.0,0.178722261530324,0.1765273262162942,0.1782075308402419,-0.068466289716606,-0.1072906328859987,-0.07586228598018933,1.4118447026022167,1.4113515455290015,1.4095139633436802,17.82434836935221,17.82007075627318,17.826862470585326,0.4053766008878424,1.293522849381258,0.33189992623422065,0.37477514638755466,0.23461493039517753,0.2346118814033663,0.2348009415128969,0.17841896660567336,0.17811727706601777,0.17819477707766532
20.0,20.0,40.0,-30.0,0.097251570796925,0.0947448992964037,0.09583524202460553,-1.8008250928460765,-1.8637200314414848,-1.8385908126344548,0.7592220295272296,0.7588162651084651,0.7621456278478677,11.858748221446852,11.860010340951147,11.861538921326884,0.26641840250289545,-0.35341511120180646,0.10144978004598007,0.14500872723202604,0.15431336372780247,0.15439533468726724,0.1544857392521174,0.09557008786535522,0.09594270216922389,0.09598922882746724
50.0,20.0,80.0,120.0,0.1218074907720567,0.1189742263396887,0.12132413600525076,1.6117762069499433,1.5840913075199057,1.6052937944373744,0.9568169886738587,0.9572001456265522,0.9571156786308282,22.025585881581772,22.035397537448837,22.03935732500894,0.4385977305902169,2.2815792641388453,0.36445045456028397,0.05621875302133699,0.2537094683030302,0.25388141734268005,0.2538105294547228,0.12135664129697213,0.12139831530306162,0.1213531622304272
20.0,0.0,90.0,-60.0,0.0498560210533238,0.0489912995658345,0.0493280122633736,-1.659589949942694,-1.682699644176411,-1.6706654834803294,0.3902290067228585,0.3917774155907801,0.39038761440218483,24.863816777627367,24.866985482972968,24.867226439846345,0.4922930523534838,-0.9800188868289841,0.16628559233451262,0.027990940075756674,0.2851077618564971,0.2852821482012655,0.2855227322629279,0.04942048932620457,0.04942335627521151,0.04925202535623881
0.0,50.0,90.0,-30.0,0.1267802356975507,0.1253553629376875,0.12601528319500752,-2.591058010438578,-2.6248064311490498,-2.6052189791232836,1.007166224125877,1.0078642095283323,1.006559874522029,26.356377913391956,26.36866444154201,26.364283693221232,0.5726964941718503,-0.5222433099055054,0.006421131269618154,0.49997982870472374,0.33237273574034465,0.33270878989033814,0.3324430148678203,0.1261516334435086,0.12609093503511212,0.12601390416233732
90.0,20.0,80.0,0.0,0.226723012102524,0.2264750112540479,0.22662074042637093,-0.4371502619234244,-0.4392026400811111,-0.4377761650095739,1.786352018746659,1.7870338152371903,1.7866232978973533,21.99172058169665,21.98720385744512,21.9810979327991,0.4475572369135054,0.34671710474110334,0.679211529610624,0.1812856186696681,0.2594113772239502,0.2593215804828819,0.2593598136965272,0.226634982886859,0.2266651158883878,0.22658683451852088
20.0,0.0,20.0,-60.0,0.0811642827364092,0.0721294481970739,0.07533611599093852,-1.3099739416650231,-1.6989227221094638,-1.5625243140879972,0.6018591889409113,0.6026018486064236,0.6019643003038004,5.607691528644717,5.609738972537663,5.604131039214263,0.11922617965001796,-0.6102428024594687,0.056655136071419816,0.02721437363190601,0.07185851798002046,0.07179532754308082,0.0717479301021534,0.07634487331072812,0.07636748913247747,0.07628043625108774
90.0,20.0,60.0,60.0,0.2444996492373959,0.2403535104953443,0.2435030754334528,0.747485730395214,0.698583455517428,0.7363922361143016,1.9206705093073806,1.9192694386069764,1.9185077817714862,16.18055921262863,16.176384782473132,16.176763493210657,0.33216223337851963,1.5507907012471513,0.536871486571131,0.16103497066662376,0.19257162679609574,0.19251285242296284,0.19260345446866745,0.24369713814681418,0.24342253957816587,0.24360211325993314
100.0,0.0,20.0,-30.0,0.2890393094630338,0.258330654022141,0.2662289594840662,3.1391674322615306,-3.1348559288698588,1.415908827672075,2.0995414087133684,2.1003040917470988,2.1028934424197634,5.169015043520685,5.180030379336154,5.192360938937459,0.14941910212105133,-1.2453106816393393,-0.11803210230068872,0.23878858017640237,0.09852081379762043,0.09845286647842885,0.09893768912791188,0.26627386118927493,0.2666844363237611,0.26659844400503235
50.0,0.0,0.0,30.0,0.1484901682529125,0.1443269589548376,0.14650778703246742,2.266843869488716,0.4997350663982219,1.3863453993286228,1.1553825417852326,1.1540843842712878,1.1586153738847558,1.8478244225880522,1.8473839377553058,1.8438273435261856,0.09927322796227755,-0.8751913463529892,0.0005313092815619389,0.10099435665087937,0.0589098932334399,0.05865172500997126,0.0586441173819469,0.14627473378287806,0.146695948043146,0.1468388380811606
0.0,90.0,70.0,60.0,0.1625086010446887,0.1613743177845314,0.16213859835629593,-0.7016466517629795,-0.7337685161587237,-0.7103380628117866,1.2891086677814123,1.2903797609997643,1.2869103424213653,21.150561399223555,21.138881463905037,21.137527530066123,0.4838932958398183,1.1210972291265076,0.1414483414283491,0.5249541728708534,0.2807875045330085,0.2805574486781777,0.2806220395295192,0.1624086911551658,0.16214273419220018,0.16197109368125703
90.0,20.0,0.0,-30.0,0.2608354362028808,0.2597922302109539,0.260323202261263,3.139799223099109,-3.138075816166457,0.16016486792817158,2.0546822579551645,2.0536813090810644,2.054534657900378,3.1876283103745244,3.183042232852486,3.182796221029676,0.177460282414358,-1.2053903272224533,0.0010281507046783786,0.3202816869406676,0.10349209388059674,0.10332738777010579,0.10339402489289427,0.26038359534909816,0.2603665788092951,0.2604802139676373
50.0,20.0,10.0,-30.0,0.1862081792327969,0.1725130825237436,0.17807551127942886,0.5107728695726687,-0.33309249404739,0.06103056265469988,1.412109139304731,1.410547726424347,1.4083026322532133,1.6006026062657728,1.6129792903977,1.632103097824127,0.07762426038136702,1.850216972452691,0.03045437311850185,0.092721821827294,0.05021578151517065,0.05021786514084783,0.05029226242950097,0.1792138900207302,0.17876081663825966,0.1789777609635384
50.0,20.0,110.0,-30.0,0.1269172865559968,0.1230789063631777,0.12556025633206358,-1.2826180504207467,-1.3030233126429818,-1.2915737649073287,0.9981149831308045,0.9930554752606496,0.9951177363974151,30.77829709851231,30.781520924287097,30.77373099805195,0.6221878992902696,-0.3915418301090966,0.5042734283806216,0.198896785272265,0.3612789327088837,0.3612492577749462,0.3610228764935899,0.12573278682141578,0.1253889583773161,0.1260175040226168
20.0,0.0,60.0,0.0,0.0559349423323887,0.0553519017482581,0.05565984443962752,-0.752523021234157,-0.7638365995512845,-0.7584547514531139,0.44178262416167025,0.44087140340093356,0.44122321625295047,16.69723676358471,16.69475444491606,16.69177551185362,0.3357867894566496,0.10833499849146512,0.1220406044273665,0.04358299911902883,0.19464841526728457,0.19466131189430172,0.19462778139969755,0.05567363156594015,0.05561739538115258,0.05573727474418869
0.0,100.0,60.0,-30.0,0.2334687736098056,0.2328830764466862,0.2332005060129704,-2.617529437898392,-2.6271213059913783,-2.624283665800169,1.8473186152657532,1.848901168458334,1.8483479136343914,19.342003944035312,19.351154849995375,19.34540194709999,0.4822265670844345,-0.5267179943621918,-0.001896593021007055,0.7791553349268627,0.27983178442978024,0.27982152928949194,0.27980471736949936,0.23319041865641169,0.2333121258938871,0.23312944280492512
20.0,50.0,40.0,-30.0,0.1585619990972515,0.1575443686991338,0.15791860309997652,-2.093246114378084,-2.14177503782872,-2.127345782613898,1.2508992152022294,1.2506260735579986,1.2507939526507263,12.724292407718961,12.724173999951068,12.726711748893846,0.3144544163682267,-0.36470854397853675,0.1123719350718046,0.32523032545916164,0.18232194457182188,0.18248765293396113,0.1824584846883758,0.15790742512654438,0.15789425344376828,0.15794308806583124
90.0,20.0,100.0,-60.0,0.2422669309012663,0.2379152177071375,0.24046312111934526,-1.4850337970981604,-1.496118800742033,-1.4909743640472926,1.8965102216717544,1.894559896013203,1.8959607881859684,27.51109693164243,27.521874202681342,27.516934609971024,0.5536309983080336,-0.7511823165579754,0.9014887261768949,0.19786930977456066,0.3213493640309305,0.3213405192805681,0.32114951687508797,0.240496457457551,0.24042428406873173,0.2406641404907993
0.0,90.0,70.0,-60.0,0.2072769716317637,0.2058447043616966,0.20670201819727735,3.14158606233664,-3.141566091052915,-2.813842793344021,1.6409407469522799,1.641880126055365,1.6393656908783714,21.794826963446038,21.8027887086396,21.807562931470134,0.5185972847839713,-1.0456838299372553,0.005961217723889355,0.7426614358462853,0.30094715493715374,0.30132106123676605,0.3010297010956249,0.20690088115712152,0.20671919803315397,0.20661940460418682
20.0,50.0,30.0,60.0,0.1651639999888214,0.1623785342834431,0.1642311825697114,-0.5254485601030082,-0.7317458320390103,-0.5872710888371794,1.299623822498459,1.3000205061591026,1.2996626253425607,10.059637028988242,10.056334386566558,10.061569753801237,0.2660673373354685,1.231405837271596,0.08178458209618,0.2913287958576089,0.15419994176635646,0.1540143373235442,0.1540964165739681,0.16428957796034585,0.16429889346140852,0.16424465490276557
90.0,0.0,30.0,120.0,0.2831176520713856,0.2532641648013796,0.2672800485603242,2.7774721863221274,2.043670250455809,2.500003480985516,2.1044125136111003,2.110827680234414,2.10803546450528,6.074238086303029,6.0582384562350935,6.068378708840623,0.10933402152349962,-2.7635394091147694,0.17865443578421353,0.10018938900591504,0.06641000448910629,0.06596505873852343,0.0663923873517111,0.2676052603107104,0.2680452322990927,0.2672775664358734
90.0,0.0,60.0,0.0,0.2493960193736226,0.2480052076236945,0.24903321719144925,-0.0699396685880125,-0.0836368954377024,-0.07322535060690114,1.9607750604512055,1.9610895014746978,1.9605061428346395,15.46728170619321,15.464832226022848,15.461588497329762,0.29422356580393877,0.5391265457328408,0.5057430112585237,0.04511076816142575,0.1702975855645735,0.17013597241408837,0.17034581554865832,0.24908371548700975,0.2490465868054006,0.24901370332692047
90.0,20.0,60.0,-60.0,0.2494541572248522,0.2459803801607217,0.24675002990189124,-1.318255617595262,-1.3587067556689716,-1.3502924698828525,1.9440166337400393,1.9439802451369044,1.9443414758943676,16.15374160800163,16.158361077594986,16.157818311463835,0.33154541744493476,-0.5363118100432888,0.5432144971561981,0.1619675539454693,0.19218366272778162,0.19240797161951018,0.19227477161583728,0.2466739296901818,0.24671944704495474,0.24672079954654266
0.0,50.0,50.0,30.0,0.1409802688717058,0.1405748366716647,0.14076721825168012,-1.569109180227316,-1.5889974998952243,-1.5767268532038443,1.1162978870094749,1.1193202511846727,1.1175316321622184,15.471268591394828,15.465642463634985,15.455343256668753,0.3656057715221945,0.5212502030234404,-0.0011657054935131856,0.35657004441389917,0.21202196823639494,0.21198070438659558,0.2117880455297209,0.14080640174783982,0.14096757295969747,0.1405726231943529
20.0,0.0,90.0,0.0,0.04829379361967,0.0474710701496104,0.047871117961016924,-0.5906891869165009,-0.6430219836155187,-0.6146004622588329,0.37968164412918826,0.3797726342217272,0.3786944913487137,24.858263718489223,24.859126840844805,24.855446058102164,0.4918546965030391,0.0653325869103158,0.16147744009555107,0.025417915307140826,0.28495275181988583,0.285299403869665,0.2848710088209722,0.048003982420863366,0.047896742970676594,0.04788556774051668
20.0,0.0,50.0,30.0,0.0588518695274212,0.0565441029494179,0.05815792840960539,-0.2454547374779952,-0.3118192056558442,-0.27119280051160394,0.46030474932505305,0.4608732066115618,0.4622504362916351,13.963463985524339,13.956656147331257,13.966432160125477,0.2838495592064355,0.6564472288401489,0.10515702743765659,0.045002581887173126,0.1644068671768665,0.163984719723861,0.16426669426750007,0.05806131480940177,0.05829277548078691,0.05822648193444154
0.0,20.0,60.0,0.0,0.067163349269646,0.0667234142819571,0.06695074685545678,-2.095739212478879,-2.105633541801962,-2.1010845594099696,0.5351084159591214,0.5367547433486489,0.5391502374270647,17.322985257538473,17.333850074778532,17.32157421389414,0.3700245057335939,-0.0013143599879730048,-0.0007587878595055717,0.17165610895840447,0.21427077450202892,0.21476401297272935,0.2144932255805572,0.06670977509408237,0.06721298090328232,0.0670270273277367
20.0,90.0,80.0,-30.0,0.2302522313122232,0.228116830837196,0.22924785516260007,-2.2978024300027267,-2.3057321115639207,-2.301948225390015,1.8194650116589735,1.8219126407938429,1.8180628849894083,24.758396554716068,24.766918086630824,24.758298019715564,0.5821996754216483,-0.4419272046103072,0.21588712148847733,0.8993699782287554,0.3380258084692589,0.338406979793502,0.3382715718532186,0.22954067884103657,0.22933886260003009,0.2290713300545552
50.0,50.0,90.0,-60.0,0.1823551984352822,0.1786007560559496,0.1808493332664803,-2.1608879681615374,-2.1812100733316946,-2.172156843937909,1.4358206222011327,1.4333977479389812,1.432900472814693,26.152528710133154,26.15527266586161,26.15658907205956,0.5658968015637219,-0.869242583292713,0.5052462010323768,0.49827992941816746,0.32869446963039306,0.3288745513141941,0.32862688806204415,0.18107334351050053,0.18072331720090873,0.18102321584563041
90.0,20.0,100.0,30.0,0.2439080296693817,0.2398641642238272,0.24173338322856636,0.0827316023811721,0.0673958011400748,0.07751746717731066,1.906992145457927,1.904840636495952,1.9049448854647524,27.53202665418414,27.522689162336054,27.521091684327605,0.5541862668738,0.8209856012874759,0.9063673025595342,0.2026022798790781,0.3217522184220358,0.3215631539710769,0.32149056431226375,0.2418628228368726,0.24160688187877905,0.2418760442049046
100.0,0.0,100.0,30.0,0.2208014908512828,0.2202765686966802,0.22064257244001692,0.4728959453915887,0.4672368950815316,0.4696686218762818,1.7353799665683713,1.7328842137558433,1.7337435159450894,26.474697836398885,26.465403857015556,26.46499363360603,0.4933334669282197,0.7959304070660705,0.7398289951611192,-0.1478041867888717,0.28583487421751824,0.2857616758608259,0.2859762555455741,0.22068130779511907,0.22049102536468196,0.22080868850321037
20.0,50.0,60.0,120.0,0.1249424914306762,0.11849815836312,0.12387201011478517,0.627086278818074,0.4319880260528453,0.5944104055525395,0.9853468359008128,0.9854149335608228,0.9850397658304737,17.767209461915996,17.77804701612294,17.774190734110555,0.39703893012556024,2.211664190689955,0.15578360148276515,0.30261516693031504,0.22995993495776232,0.22988722435618758,0.23001645946189497,0.12402598870236411,0.123987216198881,0.12397801034793786
50.0,20.0,60.0,0.0,0.1441436559791522,0.1436388585200644,0.14401038445937225,-0.7456426957008648,-0.7547911213912616,-0.7483330894497142,1.1370838949464679,1.1384930124357084,1.1384258237543023,17.004151605246825,17.006706984752963,16.998040015253718,0.359560793468131,0.2656456923891467,0.3165996880967604,0.16898893877692658,0.20841311277886207,0.20849920961642845,0.2083520512811929,0.14396825600672292,0.1441432858778501,0.14396519900160157
90.0,20.0,40.0,0.0,0.2673645977010918,0.2642122787891968,0.2666892795607902,0.0363394147495831,-0.0631819231809455,0.007716818173718326,2.1016344867090737,2.1017047686402903,2.0997259782898063,9.804840803473192,9.801309291700893,9.799602911550481,0.19975776747500107,0.8874847383282715,0.34615202480266444,0.1293661925930373,0.11585786415828095,0.115844175031551,0.11589450594719033,0.2669052536107964,0.26665911169158063,0.26665906301363
100.0,0.0,50.0,60.0,0.2673028579984318,0.2665842935689612,0.26683057445477815,1.1427195038640716,1.0635442286340688,1.1246752868436563,2.1011441895282097,2.0999281685862505,2.1007130763011417,12.257526599044136,12.254902750488,12.257735398782906,0.22532819731029374,1.7654018016962783,0.4140972165052101,0.04947397633154415,0.1306029376626776,0.13056839540756235,0.13051375934191392,0.2668250084043683,0.26676675657881305,0.26691640971071895
20.0,90.0,40.0,30.0,0.2365617858050225,0.2354204215445612,0.2361551705983112,-1.216149470389717,-1.2714962856253518,-1.231234022317167,1.8687810490408316,1.868024639806212,1.8684893542143668,13.733681273102128,13.730793774086475,13.731020052903373,0.37056402687447065,0.6657278922124914,0.11880183182540156,0.5945753783589021,0.2148309202911014,0.21466993279778593,0.21476212061469552,0.23617268559510124,0.23613843380469718,0.23623758365563713
90.0,0.0,10.0,60.0,0.2681449290368546,0.2639388162017018,0.2667183808382276,3.139721275292715,-3.138472995472354,0.5613991128937146,2.1040513016849385,2.1050204041602596,2.104287745341954,3.0705252242391876,3.0685436698297597,3.054227650519453,0.15617231220924735,-1.2086136441488757,-0.04275307179490121,0.2793134985671807,0.09404898379436093,0.09413684189649942,0.09396919723996741,0.26688190757466274,0.2669177750534595,0.2667866082116438
90.0,20.0,110.0,0.0,0.2189378938872238,0.2176123825921695,0.2183720006413971,-0.493909360041887,-0.5048252351111138,-0.49895085460587973,1.723349669116923,1.7224975207906958,1.7218675309441553,30.43188280346157,30.434971755549682,30.419756456982135,0.6107990191366292,0.24298166076940605,0.9031579020052021,0.20019730965535093,0.3545213333564373,0.35465416024649177,0.3544359222952607,0.2185192256188801,0.21835516428784765,0.2184524244659944
50.0,50.0,110.0,-60.0,0.1552261160123221,0.1514394555665678,0.1540527155101316,-2.222769625170703,-2.2321196561633703,-2.2264102311217044,1.2244176449601039,1.231432855365906,1.2224480770757569,31.542255606690617,31.576548011251344,31.555229710527733,0.664492168063702,-0.9235192381349084,0.5060499331727804,0.4981978172377536,0.38645702529532405,0.38672536800064,0.3862069138409851,0.15466288229503017,0.1543963486755941,0.15352595063064658
0.0,20.0,0.0,-30.0,0.1143691774492201,0.0948409349449528,0.10489836464724432,-1.9683521513389437,-2.1233151001426056,-2.0527377363804375,0.8722778098357091,0.8709131581624432,0.8747650155537772,1.902104196040116,1.891876442467774,1.8882663867576022,0.07093800316225875,0.034990315627435244,0.0005446495022690768,0.06404501311115599,0.05734085173728654,0.05711521210826777,0.05723777345929586,0.11036082402021788,0.11068358610241595,0.11084052188051222
90.0,20.0,60.0,0.0,0.2453002389244536,0.244198101268931,0.2450213225063871,-0.3079757842934486,-0.3201555046150828,-0.31068053856298894,1.9311430271377878,1.9313370182124467,1.9307515226771548,16.180891292259474,16.179076216362766,16.174360554720824,0.33243682898966537,0.5065007615828583,0.5402991310469696,0.16341088858057654,0.19286043564138627,0.19270697779612647,0.19263167250010352,0.24508647239913195,0.24503452231545467,0.24500926635495265
0.0,50.0,70.0,-60.0,0.1282714987639888,0.127607028878176,0.1279369642240997,3.141565784434011,-3.141499557830524,-2.0143858585556162,1.0186244513388358,1.0207613424915876,1.0191389916204665,20.81400443548465,20.8290055264853,20.823356702589443,0.4654994153860513,-1.0465430744940283,0.003219902626242931,0.41261904181374676,0.2698027391393979,0.26994136095506005,0.26991825471834696,0.12799119410069926,0.12803827213838645,0.1277928423972353
50.0,0.0,10.0,120.0,0.1580462455447815,0.1369720040837955,0.14718370745823975,2.3796442556168227,0.9676895904308724,1.7705619860361859,1.167094332057531,1.1678722984931356,1.1703303859977,2.9910047147521883,2.9856458621738975,2.985460634525727,0.10232471750499673,-0.9257023522128703,0.050429289248286296,0.0924081012780303,0.062044511319790746,0.061904102260779775,0.06188573902675152,0.14791568930302168,0.14834584372498497,0.14822065681999697
0.0,100.0,20.0,60.0,0.2686382732626476,0.2669651599496621,0.26790549411982895,-1.0539373290413618,-1.2905130116026866,-1.1331014740657182,2.1142215451437516,2.116175641411041,2.1184894443727535,8.732178009107505,8.723576322094566,8.728796120805296,0.28624112577782784,0.9923895066735637,-0.017222918067001707,0.5308148898097028,0.16631301458929948,0.16596813823549544,0.16624780264338146,0.2676443148584219,0.26819722905986754,0.2679431408841407
20.0,20.0,50.0,0.0,0.0894460432525085,0.0888567192722915,0.08914958760055183,-1.3372406623379949,-1.368045507906108,-1.348376949246283,0.7082814424869979,0.7090325772657494,0.7087778416789575,14.584776320139122,14.584979515977773,14.584456886848358,0.3175902930358476,0.12803251282493464,0.11375463529717632,0.1598935048179703,0.18422807974729602,0.1844754244234182,0.18442348209448298,0.08916255110572463,0.08922249037429887,0.08914606772060082
0.0,100.0,80.0,120.0,0.1171784733076012,0.1123187388895904,0.1164516077441925,1.369636268311575,1.3152038561956174,1.3602348413140462,0.9223841950967533,0.9213042898485622,0.9215614689084294,22.375713678133902,22.381443586512265,22.38124227404133,0.45664312657131634,2.262912379413088,0.3420564134902946,0.1365605681371581,0.2647100401004856,0.26471983984209113,0.26459652955976315,0.11657468368453869,0.1164655158732408,0.11659776708651372
20.0,90.0,30.0,30.0,0.2471231396731362,0.2456513555572361,0.24655101475891697,-1.1669097896230478,-1.2696446932517724,-1.1976130687508777,1.9478829824587804,1.9488771285297837,1.9503640138959242,11.08051931122882,11.07980450238698,11.081691033699279,0.32291431204494814,0.710632533839361,0.10172627966966731,0.5421384633759248,0.1873741699439293,0.1872084688583497,0.18742291820850956,0.24641835902277126,0.24672600376743276,0.24660772601932554
20.0,0.0,20.0,0.0,0.073557914026975,0.0692441611557464,0.0707103881138949,-0.6769911339328654,-0.8288316591654739,-0.7432539573665791,0.5592720135260981,0.5582491165098769,0.5583354212837313,5.763169233904621,5.7663515153265035,5.765432630113423,0.12753473106057994,0.37161804743444815,0.05195260249554686,0.03505352932044846,0.07459799418683656,0.07451755214385823,0.07435288435715644,0.070750565107158,0.07063315529096525,0.07075037224068897
0.0,20.0,110.0,30.0,0.0473496748409413,0.0447793199165615,0.046083462247357765,-1.362528542875778,-1.5199240893956982,-1.4758614372917542,0.380791419393563,0.38212223808360507,0.3802237681096391,30.923257176125343,30.91738754352476,30.916541878424894,0.6269397001983226,0.5278638209996852,0.019473658940493806,0.19914993465457745,0.3637351489325483,0.363886710433775,0.3637808261535326,0.04642885755720433,0.04633976750759392,0.04617831877292396
0.0,50.0,120.0,0.0,0.1014287128633847,0.0997208121605301,0.10054406070328695,-2.062790949637041,-2.100652172794303,-2.0829354122492845,0.8109949640112286,0.8116577241605026,0.810931961069017,34.384924989377275,34.379633695956414,34.37767787919059,0.7178361745273039,0.0006572648678466995,0.00713204376557449,0.5001243387644381,0.4178525827558228,0.41796938774345277,0.41743542779020487,0.1007309933510113,0.10074967631692612,0.10064356030343308
20.0,20.0,80.0,120.0,0.0620138372844088,0.0592798247293121,0.06155455064388044,2.0743595870780123,2.05481226916436,2.0677720692937993,0.4814606867408922,0.4793546506372771,0.48091434085535806,21.689789859266178,21.69882393977431,21.698542782934606,0.4154177996341904,2.1824650664893994,0.16259654828426864,-0.07034573982720478,0.24062663250318694,0.24043953580185484,0.24040279876671808,0.06157882562786655,0.061503129897522615,0.06176962887394052
100.0,0.0,20.0,120.0,0.2744521897332137,0.2527825086301186,0.26625027378989574,3.1411664123645777,-3.136402509464721,0.6988421510460127,2.098093525014491,2.101558795847546,2.093668968436953,3.032623708920882,3.020563033606156,3.0231647843301572,0.09384114608599739,-1.4930494700861532,0.04909364901345787,0.15554236024041201,0.05612750450153359,0.056105999263415196,0.05637093490409168,0.2668161687774342,0.2662464983343152,0.2658157451806174
90.0,20.0,60.0,120.0,0.2452136815890762,0.2378313045669409,0.24365564157575656,1.78727492004069,1.699893723098737,1.7695886601067294,1.9207137780912709,1.9210369268954957,1.921921432021061,16.2121012878786,16.218042354762847,16.21701317511636,0.3343853178755688,2.5963111106097316,0.5385976333085585,0.16917315327015972,0.19370393061794966,0.19387522599528895,0.19375080259437585,0.24369363881633538,0.24384773726228431,0.2438057469682217
50.0,50.0,80.0,120.0,0.1320631968229649,0.1287783322540854,0.1314369445702812,1.6533315060282152,1.6189341185010375,1.6452312025711608,1.0363358238270153,1.0366303495412148,1.0362990472617877,21.974815515632358,21.979429625312118,21.973827490274306,0.43622756005914165,2.298160757480668,0.39397141462469026,0.05143565988469306,0.25230758148884036,0.25256064698883174,0.2523548547180734,0.1315039990237148,0.13150211849681104,0.13147185950614915
0.0,50.0,0.0,-30.0,0.185061000061337,0.1834616749111352,0.18417922961707767,-2.0692897925415927,-2.087893369003724,-2.079237145827707,1.4510216071162594,1.4536700924977857,1.454104387603704,2.2403659567190046,2.2344376938399226,2.230192904277882,0.12373267917021114,0.012224619994630568,0.0005197297291566475,0.1578998218438648,0.07275759625485939,0.0725985085836135,0.07254807895766702,0.1840613905162889,0.18441685698014273,0.18410571294411127
50.0,20.0,30.0,0.0,0.1668469690177767,0.1628980141936354,0.16535950916176098,-0.4574001448357641,-0.563296806600072,-0.4964413991599394,1.304187360616593,1.3050714665727283,1.3049892346103478,8.456159665893885,8.44734581179879,8.453916747112332,0.19457172654399127,0.608094187363611,0.18627304884634838,0.12256673122134015,0.11312011568235318,0.11300433271378531,0.11318786275172961,0.1654092862982434,0.16550320224559362,0.16539884300032007
90.0,20.0,110.0,120.0,0.2223876682901369,0.2173235244446358,0.21921132956147055,1.6003229633931766,1.5829788957162647,1.5930325597717945,1.7294038178300704,1.728893335708869,1.728487754690057,30.428445775890506,30.437684188926493,30.440650873877573,0.6112617475027143,2.338156351574453,0.9067221662177767,0.2040836773051656,0.3546771158591758,0.3547547460992132,0.3548952754113952,0.21928602111268142,0.21916827080156118,0.219254551474371
90.0,20.0,50.0,-60.0,0.2619877838122594,0.2572878317051013,0.2587167861046419,-1.1645305649136335,-1.2295964885011814,-1.2109757115591355,2.0375748484861655,2.0377663447139525,2.037746720216155,13.010649135823202,13.016254758668971,13.012684056241763,0.2658340875181731,-0.38706965845813485,0.45512386624480805,0.1405636163943658,0.1538695921263193,0.1538483488252321,0.15395880332171522,0.25863761709771327,0.2586511682898141,0.2586316620646652
20.0,0.0,30.0,30.0,0.0672504981269579,0.0616326581497943,0.06503385639954756,-0.2504855985817393,-0.4505794736173814,-0.3168244289426962,0.5158915540311365,0.5169201728698802,0.5147088023564205,8.548834372418558,8.55253110648984,8.548471736254818,0.18089262129909064,0.7549152809997781,0.06947592018141102,0.04259184452164857,0.1057581007622693,0.10579014029677661,0.10569890580896597,0.0653762885605535,0.06521746123054058,0.06509395257361307
90.0,20.0,60.0,-30.0,0.2467799934734028,0.2458242092249694,0.24608159005248303,-0.8245043491019863,-0.8351108100166208,-0.8326929206734515,1.9387802672375642,1.9396672432884046,1.939133805921647,16.171200444273097,16.176483268903525,16.17430452638637,0.33238523845416357,-0.014804510713243875,0.5424674123782183,0.16429772900427414,0.19271815753149388,0.19267456429677976,0.19279244186351827,0.24607901057738157,0.24612607088527236,0.24601800032190804
0.0,100.0,0.0,120.0,0.2680615972170371,0.2664137442736966,0.26722136908769945,-1.9989678708984195,-2.040399219685535,-2.018928657899864,2.1074785871268005,2.10779157516352,2.108478540558381,3.21434988861873,3.2170567230043874,3.2165853111053497,0.17970977605395191,0.07243262674675528,0.0010746045542737541,0.3327406164320834,0.10468731423618971,0.10464844347754985,0.10461999691885805,0.2671592528166982,0.26728568964107374,0.2672536183097949
0.0,20.0,70.0,30.0,0.0613310392407758,0.060511428214932,0.06092574727997801,-1.5698330562467624,-1.610547731384629,-1.586612625212939,0.4906229405683051,0.4927976688745467,0.4895947664210179,20.024631247517753,20.01835591974828,20.010315937686137,0.42024126224079705,0.5217287177737867,-0.002270558980611651,0.17737897093908922,0.2435689906369393,0.24341932801301117,0.24322177396693676,0.06115269144048456,0.06102539740218619,0.06074387508388475
0.0,50.0,40.0,0.0,0.1492754731970761,0.148791110956397,0.14898538587445515,-2.0898639251744817,-2.099464061115385,-2.0944981734106727,1.180829509123545,1.1820675114681354,1.1803457069084844,12.812036062906486,12.805968798660366,12.797617664457787,0.31687530322164775,-0.0009788227429404607,0.00041324904413852614,0.32709124984209753,0.18382885754488948,0.18389739506384714,0.18385510028466034,0.14909405167102255,0.14901529328451904,0.1488698641676382
0.0,90.0,30.0,-30.0,0.2431093921553195,0.2422632662987232,0.24259146452460686,-2.5226678528064963,-2.606873098791472,-2.5818242799910505,1.9179276107838008,1.9181284487438393,1.917699261403167,11.176111680044935,11.182524954282894,11.180980086258716,0.32568544467284094,-0.5069743816700006,0.011303755062666477,0.5472498024171485,0.18902295656767273,0.18896146651598164,0.18905067325376768,0.24262919464548133,0.2425948690582334,0.24257484193830284
20.0,20.0,80.0,30.0,0.0716238812407118,0.0701468983962169,0.07101944275033083,-0.7942533751423517,-0.8255048351008006,-0.8079052894441506,0.5661319205357778,0.5702879776045003,0.5711101274490992,22.666978182867627,22.6753366836567,22.663414835608208,0.4694262792820176,0.5937601849707519,0.14784102227820684,0.17776354964489838,0.27206299092743574,0.2722002358942742,0.27232787270435105,0.0708229764243492,0.07145766686597219,0.0709138986028935
0.0,50.0,30.0,120.0,0.1601996596751599,0.1564048812369915,0.1577329888976983,0.0034598960073663,-0.2183889349234951,-0.05662054957373688,1.2490202534093198,1.249200041127499,1.2481492910548702,10.19545445530126,10.191045804628361,10.195578606225736,0.26611723988883834,2.071330833209824,-0.010344480845642053,0.29063448138359144,0.15554022178993301,0.15550125399958017,0.155574014729278,0.15785593652007607,0.15772043122985044,0.15771656676554682
20.0,0.0,0.0,0.0,0.0864027260968172,0.0563953623588114,0.07224047403577188,0.1933055651748629,-0.7766421383853772,-0.3000496295123764,0.7174237926466355,0.7203815539801717,0.720308296788813,1.9226808523418955,1.9239429537842103,1.9237115116196402,0.05033167163377119,1.7806486765386185,0.0004578553488341409,0.055458982214942616,0.06057748516564372,0.06069923925839364,0.060673242367435626,0.09089099184450083,0.09126911761034476,0.09087999122966468
50.0,50.0,40.0,30.0,0.196960331528846,0.1937157149456003,0.19604719563316386,-0.4650416285242464,-0.5477836029706002,-0.4876401296470993,1.5491290727876046,1.5496539049744578,1.5499538306331717,12.309858270980326,12.302601031135938,12.305307625798926,0.30216252410550604,0.9189529223473261,0.2603294745070503,0.3173415224716574,0.17538952960209822,0.17527706914789828,0.17536545326284547,0.19606181496589709,0.19616584782796687,0.19608680216259083
0.0,50.0,0.0,-60.0,0.185061000061337,0.1834616749111352,0.18417922961707767,-2.0692897925415927,-2.087893369003724,-2.079237145827707,1.4510216071162594,1.4536700924977857,1.454104387603704,2.2403659567190046,2.2344376938399226,2.230192904277882,0.12373267917021114,0.012224619994630568,0.0005197297291566475,0.1578998218438648,0.07275759625485939,0.0725985085836135,0.07254807895766702,0.1840613905162889,0.18441685698014273,0.18410571294411127
90.0,0.0,80.0,30.0,0.2296817394647131,0.2287360888785613,0.2293661840250739,0.3305326129095061,0.3225873817722968,0.3280327984802434,1.8066607074425636,1.8052937636229491,1.8048893063416533,21.323089796250056,21.309300546563463,21.316762578537848,0.4111005231651536,0.8875269503481773,0.6530554851989101,0.023526268190119784,0.2380353684962803,0.2379409362695443,0.23807437556196295,0.22946785502804673,0.22924921206367435,0.2294285158358284
0.0,20.0,60.0,60.0,0.0667952361455538,0.0660318993240691,0.06639540698971606,-1.0487875658921793,-1.0944379235471982,-1.0645540603808203,0.5327090801185826,0.5334784105092751,0.5315813107803271,17.323158342076315,17.31581072456572,17.31710948062968,0.3696005942446137,1.0446476875140294,-0.0024367488543444453,0.17001336159100017,0.21450835606086063,0.21428360341163968,0.21417725703225166,0.06654067423929663,0.06641073602835937,0.06630319511669838
20.0,20.0,100.0,60.0,0.0747209682874214,0.0702125135001092,0.072107595378971,-0.1273114643640988,-0.2176685041774678,-0.18084539902969002,0.5791241908365186,0.5782404242095229,0.5782259301670393,28.166144847809477,28.1560636704463,28.162247062967555,0.5747681207931269,1.1114851050355707,0.20725938231643856,0.19944232681709148,0.3335925702592147,0.3335161722872483,0.33359626882830895,0.07225875104662868,0.07214339274020326,0.07226410299624021
0.0,100.0,80.0,0.0,0.2429111380728945,0.2412683842469416,0.24202449754796382,-2.088597792120113,-2.0944946390391883,-2.0911763940763692,1.9223694471003538,1.920970536666954,1.9201676291417786,25.0420209907244,25.033356503863672,25.03297771848167,0.596327918796495,9.144901180329815e-06,0.004489772958037053,0.9999058651536318,0.34644402737048013,0.34641357690167107,0.3462317255708481,0.242210989133941,0.2419387821555331,0.24210696219382896
20.0,20.0,120.0,-60.0,0.0620507912298482,0.0578558340966131,0.06049226080647324,-2.2840069141256207,-2.333340484580966,-2.3043936385096093,0.49145022274934674,0.4907823517657349,0.49348595241821447,33.63077715294895,33.6242448248241,33.630217828401626,0.6781185240415575,-1.002747747874744,0.20393180792669846,0.19942303432295183,0.39399450096326255,0.3941082567472181,0.3941203619808281,0.06060539311772234,0.06085275558768202,0.060911889229658164
100.0,0.0,80.0,120.0,0.2533126588172972,0.25025111863892,0.2526367528494006,1.9257483746123825,1.902054823076772,1.9211948856136838,1.988435904535491,1.9897316132776044,1.989377855690223,21.192893506985428,21.19548768876636,21.19952338971081,0.4082235600993478,2.4968755090360606,0.7137013626803193,0.03750502478769474,0.23614426094002208,0.2364126197558127,0.23638062998999204,0.25265525750363593,0.25278195638433254,0.2526237930122012
0.0,50.0,100.0,30.0,0.1174906579393237,0.1150276385128506,0.1163470549695549,-1.4882295648890211,-1.5374044643484936,-1.5241668975923934,0.9313691569572699,0.9349301487599039,0.9330436497992771,29.023340252638825,29.01879550342774,29.01355112612309,0.6200629894155949,0.5290101682446661,0.022052661275530263,0.4992664846702264,0.3598782904197757,0.3600923421229786,0.35986613212630697,0.11646601741309914,0.11667295750494011,0.11623536164743985
100.0,0.0,30.0,0.0,0.2832083245925185,0.2607284034331267,0.2679010390328585,0.8380205728416207,0.4434319339417735,0.6669170913776794,2.1198690153062136,2.11518695308883,2.116251372581596,5.519470811283017,5.53971303371048,5.525494710375202,0.06788533407987296,1.650813507560699,0.11459893371407187,0.06136203539270266,0.04755099004594164,0.0471375219114571,0.047293638885170665,0.2690482286581075,0.2685791568511496,0.2692131621184248
20.0,50.0,30.0,-60.0,0.1696497720731853,0.1661292342905861,0.1672066000581308,-2.4160271772837243,-2.595346420022944,-2.541103179951187,1.3224263186826308,1.3224615376215612,1.3216788291267443,9.978439219655169,9.975918831771383,9.97625654633467,0.2629707996434834,-0.8045219742425264,0.1072729814816041,0.2849805319812425,0.15233392210805696,0.15240277438386418,0.1524131972049698,0.16723001350867897,0.16712472323426383,0.16712717133669083
20.0,50.0,80.0,60.0,0.098021605417417,0.0968093024070031,0.09765292703805367,-0.2308369238780734,-0.2562686830117421,-0.23918174004331336,0.7792178198825845,0.7800433542043045,0.7766594235069573,22.877964868299227,22.871602004129333,22.86939867500385,0.4814916102364138,1.1455663250357488,0.2124947146523486,0.2471748513249441,0.27933381888118564,0.2789336210323955,0.27906670352553425,0.09793842178214111,0.0976072704319865,0.09749951859880927
50.0,20.0,70.0,60.0,0.1368471239663569,0.1352323940522199,0.13644107595905364,0.2855199709099633,0.2638717035600749,0.28076031420040964,1.0782349129803093,1.0798668523282853,1.0787320726574954,19.73683190784609,19.740002068841363,19.743668487363006,0.4114284923276847,1.2653849474863013,0.3484173177773846,0.17311814776971554,0.2381528407958211,0.2381469079000743,0.23830847949116268,0.13650025595629947,0.13655848506216006,0.13635987540298303
90.0,20.0,80.0,-60.0,0.2291523402400869,0.2278040962261816,0.22804722767508098,-1.478541010111313,-1.4903186238445387,-1.488347396975611,1.7981848436098475,1.7967159118559197,1.7984622862705575,21.992454477872595,22.001245057354215,21.996786302058265,0.44830991992437386,-0.6987242285592329,0.6837654944544321,0.18611166295950826,0.25981917495663936,0.25997570968572264,0.25977456665889836,0.22794943184220473,0.22799268225846844,0.22816596023031238
20.0,20.0,0.0,60.0,0.1265801870138008,0.1078630871481286,0.11758146932218838,-0.3509466871911689,-1.1054078170276618,-0.7321502423245339,0.9583473155476248,0.958229474948396,0.9581046518297327,1.8948336579035452,1.8955262498889043,1.9071498139659278,0.07955166594677453,1.355897600860275,0.0005626047857982227,0.07291371321459685,0.05751190852556957,0.05759141041852977,0.05792521751507009,0.12152619914178497,0.12154973318575407,0.12155338543715402
20.0,90.0,120.0,0.0,0.1755310645927235,0.1734995996159557,0.17471179318325622,-1.8128022555595291,-1.8245544862562169,-1.8186784614519733,1.3981684497032778,1.3995264207113323,1.3920402413425716,35.19069967570362,35.1851158085464,35.1825442539611,0.7643837469821667,0.04142589171384991,0.21657909273934978,0.8992108592877214,0.44444019938655005,0.4444736025081242,0.4440245624757177,0.17551366546405298,0.1747057917593205,0.17460674431080983
0.0,90.0,10.0,60.0,0.2652005692873598,0.263034748688778,0.2643069568705812,-1.1314478119218678,-1.472116160426434,-1.2580027607921442,2.084931068625697,2.087093263932875,2.0873099240672,5.906893493529689,5.902598160720965,5.900037732771983,0.22914149278742582,0.8840434110191322,-0.02042436201589782,0.4192105952093356,0.13341774778100654,0.13323773060739363,0.1331677719311276,0.2642284791329862,0.2645261168167854,0.2642591182600003
20.0,20.0,0.0,30.0,0.1265801870138008,0.1078630871481286,0.11758146932218838,-0.3509466871911689,-1.1054078170276618,-0.7321502423245339,0.9583473155476248,0.958229474948396,0.9581046518297327,1.8948336579035452,1.8955262498889043,1.9071498139659278,0.07955166594677453,1.355897600860275,0.0005626047857982227,0.07291371321459685,0.05751190852556957,0.05759141041852977,0.05792521751507009,0.12152619914178497,0.12154973318575407,0.12155338543715402
20.0,50.0,10.0,0.0,0.1841733556490165,0.1817321217993865,0.1831143352667357,-1.2334497378421017,-1.461364981297279,-1.3318058561774224,1.4455612816843093,1.4450341602843497,1.446396063198935,4.612463954562149,4.611403318780152,4.606602471154751,0.16656280547390706,0.5341750054510456,0.04767142920018689,0.20594463604043595,0.09736037568604836,0.09725592331299653,0.09720903724652594,0.18305694251989393,0.18316551508635523,0.18323178273902782
50.0,0.0,70.0,30.0,0.1293840581991646,0.128447862843721,0.1291654460035419,0.1238389195173734,0.109927410330676,0.11979733708721471,1.0183260141989763,1.0181137678483565,1.0171956348173627,19.171342273640995,19.16408674393621,19.163565976515258,0.37905822554828644,0.7533697447313088,0.33728445996115947,0.0372875394721543,0.2196373785575797,0.21955157210197782,0.21972646452247457,0.1292783844276604,0.12913008736353976,0.1291695369498722
50.0,50.0,60.0,-60.0,0.1831098308124762,0.1811436096622662,0.18159704376536495,-2.1356952089382424,-2.172615902837756,-2.164255934035538,1.4372063395724686,1.4359515336738655,1.4381564668504285,17.837476519800642,17.843696642780927,17.84255387760996,0.40657491443907895,-0.7958557204373133,0.3400847394770346,0.382407060456207,0.23537328959161563,0.23554392210956054,0.2353823015369754,0.18143217007608925,0.1815678340429073,0.18171944966291548
0.0,20.0,20.0,30.0,0.0924708911958645,0.0901654768467203,0.09121186645837995,-1.580847761769348,-1.7120595913687648,-1.625014667783339,0.7235745597957943,0.7226697844332699,0.7224531427378447,6.598884659957966,6.594086338519849,6.602003885302826,0.16935896711545428,0.5028873722464244,-0.0036387967338455877,0.10698068112970956,0.09888637372428732,0.09896935992881814,0.09892959202077371,0.09133408356386138,0.09119607875892498,0.09130793561408507
0.0,20.0,100.0,0.0,0.0509389325841304,0.0495084104639742,0.050195898967306064,-2.0120626440080613,-2.0900437765915845,-2.046566753093375,0.4119142869675513,0.4093602284850847,0.41153091981307904,28.18989622853364,28.187114020780776,28.188919687691616,0.5757697994929448,0.0025531537826139774,0.009706398073502813,0.20003524846907506,0.33420078740054066,0.3341862095852944,0.33415481427859955,0.050282268183139966,0.0502399349452508,0.05055373937495761
50.0,20.0,60.0,30.0,0.1433358395138362,0.1418021319611763,0.14295582204142077,-0.2167379916537374,-0.2389235337644882,-0.2229647424734708,1.1300048286540638,1.1297840998978474,1.1296590809920695,16.99747060564105,16.991916488418564,17.000300762479025,0.3590718174174968,0.787767963132525,0.3143256898548954,0.1665630907774091,0.20808460388245673,0.20811670383448522,0.20815297794336643,0.14300549926304912,0.14296664265341338,0.1429951467097456
20.0,0.0,0.0,120.0,0.0864027260968172,0.0563953623588114,0.07224047403577188,0.1933055651748629,-0.7766421383853772,-0.3000496295123764,0.7174237926466355,0.7203815539801717,0.720308296788813,1.9226808523418955,1.9239429537842103,1.9237115116196402,0.05033167163377119,1.7806486765386185,0.0004578553488341409,0.055458982214942616,0.06057748516564372,0.06069923925839364,0.060673242367435626,0.09089099184450083,0.09126911761034476,0.09087999122966468
20.0,0.0,70.0,60.0,0.0524425455251091,0.0505760592947483,0.0519120841826994,0.3547847803517672,0.2960117305702224,0.3370457766219622,0.4108601903081163,0.4121930539193151,0.41289164781214666,19.407132866526954,19.403752556504497,19.41514756219083,0.3873509323551256,1.1357329041032396,0.1341495436061739,0.037885638221039485,0.2243637562096512,0.22452204259240766,0.22457666997194126,0.051866830693133505,0.052134095334420746,0.05194240619969423
50.0,0.0,20.0,0.0,0.165169789623834,0.1519665020176809,0.15691738749458992,0.3155567714862226,-0.0369674310290751,0.13721400854664365,1.2517980896388232,1.2493752747285722,1.249373559630608,4.691899630058686,4.6843175624367985,4.713100244513518,0.09444958516580942,1.0886941479488135,0.09351464336354308,0.046986160248526164,0.0604522500166014,0.060560660167962355,0.06136321846519232,0.15877084262955937,0.1584867330076199,0.15887431977062696
20.0,0.0,80.0,0.0,0.0505602971214005,0.0497495772930971,0.05018058128881494,-0.6519607953485499,-0.6870768222003075,-0.6690291954633502,0.39742182279400967,0.3991936320180078,0.39711089016733453,22.124239185877563,22.134713358628524,22.12575224508795,0.4397852846114048,0.07598790418705316,0.14940619147739484,0.03359729101996901,0.25442862541592864,0.2547630906402496,0.25450145701066273,0.05030415123069324,0.050280405783062754,0.050061224029524336
20.0,20.0,0.0,120.0,0.1265801870138008,0.1078630871481286,0.11758146932218838,-0.3509466871911689,-1.1054078170276618,-0.7321502423245339,0.9583473155476248,0.958229474948396,0.9581046518297327,1.8948336579035452,1.8955262498889043,1.9071498139659278,0.07955166594677453,1.355897600860275,0.0005626047857982227,0.07291371321459685,0.05751190852556957,0.05759141041852977,0.05792521751507009,0.12152619914178497,0.12154973318575407,0.12155338543715402
20.0,50.0,40.0,30.0,0.1570107888641362,0.1554967638296737,0.15644437924409196,-1.090762645115787,-1.1615201256210943,-1.1099671878199158,1.2390236800717835,1.2391205555800435,1.2403055029740442,12.735761896987606,12.730851458831234,12.727737277864524,0.31453830036085784,0.6719654156968985,0.10464516741417307,0.32447382612060816,0.18256612331467137,0.18241405778263375,0.18241924344841665,0.1563747500251764,0.15653986366370023,0.15650818099891547
20.0,0.0,0.0,-60.0,0.0864027260968172,0.0563953623588114,0.07224047403577188,0.1933055651748629,-0.7766421383853772,-0.3000496295123764,0.7174237926466355,0.7203815539801717,0.720308296788813,1.9226808523418955,1.9239429537842103,1.9237115116196402,0.05033167163377119,1.7806486765386185,0.0004578553488341409,0.055458982214942616,0.06057748516564372,0.06069923925839364,0.060673242367435626,0.09089099184450083,0.09126911761034476,0.09087999122966468
0.0,50.0,10.0,-30.0,0.1755570057307729,0.1742622314864715,0.17491887280412743,-2.308612433579422,-2.492561053139858,-2.4131366421772777,1.3816120062874755,1.3810352312413605,1.381147562382964,4.83295158425333,4.833458024086392,4.836313030996017,0.1707436056131894,-0.3852746735763868,0.014025821142361486,0.20642806979246325,0.09968339038100493,0.09973640083708372,0.09968471785182147,0.17495106887694017,0.1748978888502541,0.17497004515937958
0.0,50.0,10.0,30.0,0.1753138038658207,0.173890316112931,0.17466708107606826,-1.6210590575567945,-1.776522623717092,-1.6874481776246426,1.3785707433254428,1.3797008264208899,1.3798768058652433,4.854266777444019,4.850751792765084,4.85124704716859,0.17121902895186497,0.4417166593355424,-0.007295523862827491,0.20707397274021863,0.10006571119751617,0.09999485007008052,0.10008715530829336,0.17463379210705468,0.17479295891844213,0.1746534463809667
20.0,50.0,30.0,0.0,0.1660100239172562,0.1648204668605697,0.16549386337402483,-1.5610943816809109,-1.5972885630358464,-1.5731095204501677,1.3097314553720791,1.30692756610156,1.3111525975393108,10.03430710540339,10.031117690522823,10.031458860225264,0.26497231983163166,0.20964039071349197,0.09315333225296216,0.28921686582071626,0.15353864536435824,0.15359573711921057,0.15337931129099308,0.16525333882836674,0.16545572354743018,0.1657865632324603
0.0,20.0,10.0,60.0,0.1017187293431094,0.0961596927466987,0.09903197374937554,-1.1994707752690923,-1.5550426648006437,-1.3576769837383327,0.783257122546012,0.7829653007052418,0.7837511249855992,3.958063295687046,3.952249400790923,3.9541480972192913,0.11924643930966332,0.8726780407599554,-0.01110949836755335,0.0811560977977976,0.07126259333300772,0.07099177218042896,0.07119881449739997,0.09911193038508799,0.09916698362335429,0.09920524916271581
20.0,0.0,110.0,-30.0,0.0510656867078379,0.0459419262005686,0.0490726660180455,-0.9564499610419276,-1.0150794723196803,-0.9896311574716452,0.3846117176932401,0.3890108836441415,0.38862845949872254,30.31123066490698,30.31750053175736,30.31429871021099,0.5953069876918607,-0.4681815526143853,0.20292741562027078,-0.000470904821749297,0.34531025615701344,0.34547931678410526,0.3454571963880982,0.04916922796463691,0.04964300401075424,0.04909186933130204
50.0,20.0,50.0,-30.0,0.1526309476901651,0.1510104938988311,0.1516317749009165,-1.2070559645308292,-1.2335924905784494,-1.222815982712297,1.198042297619744,1.1969816448712625,1.1967987234374184,14.213254505180787,14.210107610276777,14.197601790057941,0.305875266464837,-0.1892207472464324,0.280606460419352,0.15679367756399415,0.17721030436624113,0.17757902333864858,0.1772614495262025,0.15167532394698421,0.1515210978479348,0.15164976846771913
20.0,0.0,30.0,120.0,0.0660061958244271,0.0512893734790047,0.06089332579798344,1.2840205390715678,0.6475284258120856,1.0875170394734623,0.48773242044064447,0.48535289445952073,0.48396058995615615,8.624427446002016,8.629652809808313,8.619817336247168,0.18456203788768788,2.2912558341567446,0.05970612445717371,0.04841287255986234,0.10791494357491288,0.10812608412583659,0.1079052503381929,0.06154796148883207,0.061061132451443526,0.06138032030960568
20.0,0.0,90.0,30.0,0.0451280934991196,0.0442727833238411,0.04469239390483625,-0.0002055115901257,-0.0390201315754804,-0.021691496973200834,0.35335547000026674,0.3531438159655828,0.35399956373876107,24.821520754315706,24.817674312397454,24.8069240467071,0.4894044294237048,0.58513704803041,0.15132871144104715,0.012639131950721808,0.2835683380127054,0.28352999370577864,0.28360234814745583,0.04470173099284611,0.0447922078982932,0.044797167133202156
20.0,50.0,0.0,-60.0,0.1909636467372933,0.1895781243535693,0.1902799398189125,-0.6766401830800919,-1.3384858304363978,-1.0081816830481272,1.4982276919323732,1.5028062997035667,1.5017107441057285,2.302889502782751,2.301525254446622,2.307365340927017,0.12823085132279952,1.0830780882727609,0.0005836207909148001,0.16906286556832184,0.07515375620076474,0.07503139184732027,0.07521527917242259,0.19018368979554043,0.19062539060292177,0.19004456846461792
90.0,0.0,100.0,-60.0,0.2440232789686451,0.2433247767271602,0.243738563689269,-1.2735221456290189,-1.2771191855016415,-1.27467568592139,1.9180676555967127,1.9187446997829283,1.9185772980198699,26.84835865793045,26.862752262659953,26.858509441741024,0.5190067970340078,-0.739588912707695,0.8767843067693911,0.010126167580000546,0.3007079191344511,0.3009725370014224,0.30062975756062865,0.24374028284372007,0.24380205382792683,0.2437112262219086
0.0,20.0,90.0,-60.0,0.0554420410967663,0.0542374021034698,0.05498165852277414,3.141243674109606,-3.1411375234908383,-2.844238055815683,0.44666751426518914,0.44573680070346733,0.4494767995896907,25.447363021940763,25.468926621386384,25.471871076580424,0.5247228838664767,-1.0464408810682733,0.004125656830892541,0.19986141524076406,0.3041035164665117,0.30456252016211427,0.3045770552105122,0.054783043075080196,0.05513186109914078,0.055268068750431054
20.0,90.0,50.0,30.0,0.2262541433406205,0.2255603313886974,0.2260492093983801,-1.2477790719798374,-1.2801183918867882,-1.2555764494818342,1.7913071895271537,1.7914745085059955,1.7875455923815475,16.395660671212905,16.3964933515898,16.384979234689823,0.4184384730270491,0.6354658120589248,0.1324271043965926,0.6418784416397143,0.2428105956864611,0.24270939432230015,0.24258063952854902,0.22638678511863597,0.2259089580051134,0.22589845357949648
50.0,0.0,50.0,-30.0,0.1423303214272972,0.1407652318577835,0.14126120869900977,-0.8502672358264869,-0.872003003123769,-0.8653070414169791,1.112726879151694,1.1128049444306696,1.1129014157836212,13.563794738855654,13.562176023835788,13.558774957662994,0.2704887457809193,-0.17089191557476008,0.2609613599423352,0.04492674042643697,0.15653228501088787,0.1565999933599234,0.1564524091678439,0.14122442911294736,0.1412451264578576,0.1412391733550516
90.0,20.0,50.0,120.0,0.2564301751636979,0.2437824092256094,0.25318080946867794,1.9117204007187745,1.7383302944845274,1.868183911398236,1.995536714956333,1.9966350775784099,1.9978858895139588,13.196651489169774,13.20364526746078,13.199598510451263,0.27487939558154995,2.72939381955976,0.45459245109361834,0.16083859757351168,0.158977087390515,0.15895680112375668,0.15897430965170584,0.253243091781623,0.25353345676479183,0.25340147751012043
50.0,20.0,0.0,60.0,0.1686343796545293,0.1676010411965185,0.16818184739190029,1.823653315800196,0.105667032047767,0.9601569368690168,1.327651622328858,1.3247490323512119,1.3280642823716653,2.0450188115935926,2.047872373585955,2.045701587974769,0.11381363504228736,0.20426255987157954,0.00045727096180520977,0.1326444269549573,0.06661574066522931,0.0667187780730441,0.0665483109129615,0.16804359102845723,0.16810314844959584,0.16847374377386762
90.0,20.0,110.0,-30.0,0.2191028332385191,0.2152225518148947,0.21807024880003756,-1.012230072002498,-1.027526598257568,-1.0210083776719223,1.719877269334684,1.7203864894411172,1.7215457504300642,30.427362014668557,30.43127999084433,30.41861270204163,0.6105367066813956,-0.2808747915262149,0.9016792644699959,0.19801744109026734,0.3545155501975793,0.354497821478443,0.3542546659244513,0.2180888805273384,0.21829196449677843,0.2182140763478786
20.0,50.0,110.0,0.0,0.117571742407518,0.1157618393428038,0.11664324500743153,-1.6530890773416644,-1.665170777748758,-1.6583601609645646,0.9328410933665872,0.937718638478815,0.9363645218790049,31.665950500897154,31.683665972258716,31.673879294724177,0.6680005085859995,0.04927645284499738,0.20527170593195418,0.499977976983574,0.3886149563683698,0.38876225509293444,0.3885317675251737,0.11669413448579488,0.11712559887368534,0.11651376520157425
50.0,20.0,40.0,60.0,0.1577811955852636,0.1514109866156698,0.1559089247059607,0.4292109768948681,0.2852274154744689,0.3885840136864448,1.2316835135650244,1.2319146646436818,1.2308720283534362,11.406799581139587,11.410230370651984,11.415138667608046,0.25329219809491244,1.469856953147011,0.23182052776239984,0.14515318320046072,0.14649880555522934,0.14654990915460064,0.146619221837591,0.15609076666215096,0.15599603638992116,0.15596275667156634
0.0,100.0,110.0,-30.0,0.198848388403665,0.196963263787494,0.19789734024950967,-2.6048141467566728,-2.6191711719231168,-2.6117541290567114,1.5787071257563094,1.577654749447193,1.57638861086896,32.78842731461155,32.80086086493641,32.78687346632935,0.7294068321983159,-0.5230659376904359,0.007413360668314124,1.0001242050109804,0.4240959560937626,0.4240154075702238,0.4239622104182443,0.19815015061614033,0.1978698520164497,0.1980172115928483
0.0,100.0,30.0,30.0,0.2617819227681902,0.2612153783607622,0.2614705276738011,-1.5764716415709663,-1.6081166896462382,-1.5864399745105564,2.06639006216136,2.066506396312571,2.0676875280078875,11.414107356414563,11.408224106280429,11.406945244169995,0.3385393326757152,0.513893769566099,-0.003623835257602567,0.6132676187981377,0.19633667242221559,0.19629996335614186,0.1963179192079492,0.2613774694165696,0.26154132687754367,0.26151689189469624
50.0,20.0,100.0,-30.0,0.1389811006119726,0.1343949933361489,0.13716163335950898,-1.2561640930552953,-1.272704910772528,-1.2644780680543763,1.0863943549060704,1.0851374033254955,1.084774880706991,27.997643386575582,27.99523532869637,27.99017866667145,0.5693873047594066,-0.36461958247367804,0.5037925936558272,0.19875697309800786,0.33052430445555814,0.3303848672133572,0.3303671541850917,0.13735717382779117,0.13714732264741397,0.1373152702953005
50.0,50.0,80.0,-60.0,0.1675341592550472,0.1662645842820258,0.16673335825189062,-2.2093703729010183,-2.2235072989362874,-2.2196638614171116,1.3233476766545387,1.322490585319964,1.3207376161703883,23.321857641076488,23.326329969384712,23.319105550755754,0.5096563211220029,-0.8711952768947949,0.4001492225294672,0.4323903077050931,0.2956756240263698,0.2954817596127187,0.29557260902655663,0.1669273320321438,0.16659462067516068,0.1667072408738568
90.0,0.0,10.0,-60.0,0.2685467033743174,0.2424176081699016,0.2548018397997458,3.138983603317776,-3.137678778573044,-0.10166866395247905,2.009528959902186,2.0106880447104443,2.0148515367252724,5.090376465503834,5.0986285077807745,5.097676174083704,0.20403580730336626,-1.0240959035828816,-0.0016635536130345618,0.3527965789405286,0.11953820549152817,0.11949893642576587,0.11960258095036738,0.25452458518603266,0.25520442675523536,0.25504739506612945
90.0,0.0,50.0,0.0,0.2609607324607452,0.257644087665824,0.25997610668167237,0.0710176483724225,0.0288034903863001,0.05860301987087114,2.047226847980984,2.0474394408205265,2.0465397368241662,12.344432764208396,12.34199652992807,12.339678944887934,0.22809813732306017,0.6963385064330363,0.4083149572903497,0.04706050576913277,0.13214875605483806,0.13217166712888018,0.1321861446136822,0.26009795764973487,0.2600123147930244,0.2599880236844543
50.0,20.0,90.0,30.0,0.1124133487289221,0.1116684634689063,0.11212138752633549,-0.1352990120758564,-0.145530521619672,-0.1397363520410282,0.8867805590828248,0.887035881460556,0.885633895905829,25.027931809642837,25.028146711177445,25.026555335912224,0.5041231784891378,0.6722062660413116,0.37580212312104394,0.11139879932731994,0.29216470965969926,0.2922725433817814,0.292111689384931,0.11223704007863379,0.11211790686052288,0.11207783349173604
50.0,50.0,90.0,0.0,0.1818888301503312,0.1795604372901673,0.18088359860359712,-1.1214570849620324,-1.137905545179002,-1.1282646542326469,1.4326360094970518,1.434293486325968,1.4360132569752004,26.158823745068073,26.162730277737573,26.15411523847627,0.5661977138255627,0.1775186456286531,0.504047743952604,0.500160185252652,0.3289968440196916,0.3288637759970295,0.3288893931014459,0.18076358653240582,0.18118431749450695,0.18096555317928023
20.0,0.0,120.0,0.0,0.0460824172123656,0.0435640731296654,0.04507086403623848,-0.4314626727273524,-0.5282394655856135,-0.47627493201413945,0.3591578305139539,0.35848508432767806,0.3591906212222391,33.10333160298712,33.1070206686998,33.091604383127354,0.6495738517409342,0.04664915670851532,0.2039313806161198,-6.170881700126556e-05,0.37717398716353917,0.3769906531222462,0.37708482820471056,0.04545747952722558,0.04549674310664294,0.04556076272998097
20.0,90.0,10.0,60.0,0.2671203064788107,0.2559188522188705,0.26221120235599304,-0.783449623433208,-1.27598584120103,-1.0026107660996406,2.086189511076384,2.088198341569323,2.0885388794354514,5.930529989962011,5.937483232633215,5.928148356451979,0.2305327277351494,1.0791026689504142,0.004807488093454983,0.4275467543208285,0.13587809319410182,0.13572013878676242,0.13578964100030505,0.26437570079505307,0.2646681671676573,0.2644000805679173
0.0,90.0,100.0,-60.0,0.1941837757508726,0.1923495802904508,0.19335542349612156,-3.1141510807136146,-3.1355198850063526,-3.1228338201123726,1.5394271909176078,1.5394982820877574,1.541333887706077,29.97977985869564,29.98633948074956,29.98630806151666,0.6718934791398512,-1.0442026016052655,0.015852146621357394,0.8999853368675024,0.39093041383125565,0.39120591207399996,0.3912831414277286,0.19328872818972334,0.1935313455102828,0.1935117593475502
0.0,90.0,80.0,-60.0,0.2237041030530429,0.2217504464206342,0.22266182205101542,-3.1116046422579817,-3.124806385989455,-3.1200782870644943,1.7690263302982168,1.7690237645383282,1.7669553998207008,24.788601620357063,24.802605465712556,24.801462184985787,0.5833257460540124,-1.0425182079234279,0.01638742348065994,0.8997054572097958,0.338681507192811,0.3389429795273875,0.33888163511806857,0.22289273466279555,0.22262439917985527,0.22265000906662663
20.0,50.0,100.0,-60.0,0.1268889695764983,0.124007628304658,0.1256905062260497,-2.6840195882987947,-2.7102888200680706,-2.6949229617467076,1.0067765322143853,1.0052326433549645,1.0045998407324999,28.996739564366518,29.00625324300067,29.00103830759247,0.6192878968098114,-0.9886175866374671,0.20524070994676016,0.49909866969172617,0.3597186789633477,0.359660975217048,0.35936936891014826,0.12591586443905858,0.1256702072503232,0.12583181168453525
0.0,100.0,50.0,30.0,0.2408914809099269,0.2402955548551932,0.24054127036203124,-1.5748320636844797,-1.5874420563960383,-1.5797572410520395,1.9049938283833887,1.9046167849617819,1.9047947564946786,16.678206648928455,16.672065846776217,16.675937059451783,0.4329837235513686,0.5190880837410423,-0.002937511305955292,0.7216038076661314,0.2513322066380159,0.2511733030290491,0.25095001417459967,0.24053957371990048,0.24053806427872693,0.24058166851518945
50.0,50.0,10.0,-60.0,0.233932589278331,0.2284469571617544,0.23152068466706377,0.0352139739583404,-0.8434682507734256,-0.44044969987527915,1.8247781753406656,1.8286802183757838,1.8237454719182384,1.4025474203369555,1.384531463453009,1.3948993732277257,0.11166352794967124,1.452252228261606,0.03770785489598449,0.1747374944049062,0.06541164861435851,0.06531324790081956,0.06556537640311388,0.23186664379471428,0.23173260819742517,0.23124078740002235
50.0,50.0,90.0,-30.0,0.1823467623170224,0.1785743542336953,0.18091413566276277,-1.6413757567336371,-1.6577066414451949,-1.6490777124585438,1.433591760044981,1.43585444250206,1.4346010558884204,26.157830038881418,26.162734125051966,26.150835587731294,0.5659734854625822,-0.3456811222363503,0.5051262552810202,0.4987381279699402,0.328713781500402,0.32890260012242656,0.3288063094119352,0.18103536371455908,0.18115342081328528,0.1808849003237808
90.0,0.0,0.0,-30.0,0.2576776352362103,0.2563370637853831,0.2570101911287382,3.139787829779746,-3.136585135736338,-0.20051453214810905,2.0270469622610183,2.0283186730108604,2.0290820924909783,3.1517974196850496,3.147376982117073,3.1535030701707503,0.17527335811384362,-0.8359762298699338,0.0010336487635187238,0.31233160445560776,0.10243081807378275,0.10239394252873897,0.10256506789450183,0.25699947787551625,0.25724948557444816,0.2570946761089897
20.0,20.0,0.0,-30.0,0.1265801870138008,0.1078630871481286,0.11758146932218838,-0.3509466871911689,-1.1054078170276618,-0.7321502423245339,0.9583473155476248,0.958229474948396,0.9581046518297327,1.8948336579035452,1.8955262498889043,1.9071498139659278,0.07955166594677453,1.355897600860275,0.0005626047857982227,0.07291371321459685,0.05751190852556957,0.05759141041852977,0.05792521751507009,0.12152619914178497,0.12154973318575407,0.12155338543715402
20.0,20.0,30.0,120.0,0.1010071035895432,0.0930694091632189,0.09808892111831105,0.776935155419248,0.2316669958265489,0.6068320822581728,0.7817950377607741,0.7797171540497762,0.7762488303308768,9.261655185639125,9.263220719018308,9.25931811305609,0.21934785092077824,2.265596689560722,0.06188748314999786,0.1345623447643679,0.128081231919258,0.12828165072321604,0.12806838453616787,0.09871787193549038,0.09802673245117499,0.09830027712142397
20.0,90.0,10.0,0.0,0.2680057661885659,0.2566659878185733,0.2633055594867819,-1.635671579507946,-1.8179786257241533,-1.7183411296416797,2.0942422799452483,2.091906497538248,2.094937376305052,5.856199189728684,5.834300432226848,5.863857830707653,0.2284704282660929,0.28662121149094766,0.037235305281956746,0.4220493029753969,0.13406101825719047,0.13407710938795558,0.13454240608741058,0.2650926531142005,0.26516308827726975,0.26548424180227453
20.0,50.0,50.0,0.0,0.1495317590122216,0.1488962860021678,0.14930512544479022,-1.6448087850317448,-1.654407262539812,-1.6481007427998453,1.185739663406173,1.1820212394975267,1.1853161471366862,15.419548537737093,15.411262383314572,15.41560459767266,0.3641998848729837,0.1185534556499172,0.1214442328645237,0.3567081188142095,0.21122855988910885,0.21102838768272672,0.21135827453941033,0.14921467182634618,0.14914718693769033,0.14960905353858536
0.0,100.0,30.0,-60.0,0.2632515642775362,0.2621650470694599,0.26254542289146704,3.1411912046586257,-3.141592489372961,-2.9295925233078752,2.075480563241214,2.0746806783026637,2.075670696501242,11.41553756499146,11.420470857001263,11.423153443518535,0.3389347343896486,-1.0228549723157672,0.016830805546105197,0.6161159889290144,0.19659205555556505,0.19669513539999375,0.19663494679376234,0.2624917868664291,0.2625150037680672,0.26262300987841564
50.0,0.0,50.0,60.0,0.1403076732118314,0.1355978465581494,0.13907122007157102,0.7087216936250285,0.63598703219338,0.6902842822879339,1.096727969057569,1.0961448992363885,1.0965240846268567,13.58920265168543,13.57873230981564,13.590300179506903,0.27165150444484976,1.3937534998610412,0.25743627959507803,0.04708079399834269,0.1570774749615068,0.15713583869721334,0.15711768716064586,0.13913691039888887,0.13911690613003208,0.13919215285896466
50.0,0.0,30.0,30.0,0.1532085173679422,0.1449098812617727,0.15033103768626135,0.418354278474123,0.2249317196963803,0.35105105276597864,1.1857441560358517,1.1853427962326346,1.1851080921425257,7.828326573943093,7.826184105784386,7.829221566280032,0.15925699718558015,1.162439419719743,0.15891959762048594,0.0475407631738569,0.09251114216118837,0.09246572221314603,0.0925881388999307,0.15051192159885599,0.15042830240386576,0.15048013890184336
0.0,100.0,30.0,60.0,0.2623285525051145,0.2610279766689871,0.26159524748667745,-1.0569492957874682,-1.111392604086513,-1.06945826570218,2.067771333416846,2.067373264762602,2.0681245894913034,11.431529243668338,11.431182747537969,11.43562603139534,0.3372664255670364,1.0344241527824465,-0.005942080912322605,0.611229805938735,0.19574071372733978,0.1957492016433579,0.1956894896727596,0.26152758538020304,0.2615879966095694,0.2616427075690979
0.0,100.0,90.0,-60.0,0.2263424753837488,0.2247612469223425,0.22569877585069553,-3.129950384504789,-3.137826217472585,-3.133872762865715,1.7922169796947267,1.795415754193053,1.7941072767676416,27.602702689241845,27.616876615536718,27.607088805300044,0.6394846015724062,-1.046072593061938,0.008271555959708951,0.9998869061934663,0.3719599441432832,0.37232747822939527,0.37224063606089486,0.22574337883093556,0.22599128940081462,0.22558485546863868
0.0,90.0,20.0,-60.0,0.2545857460858148,0.2526738333234486,0.2534455880022523,-2.787851040029261,-3.0792691401036225,-2.976626784500665,2.0013294877514025,2.0020705330904023,2.002443073198111,8.528029300755756,8.525584329717148,8.528701822589754,0.27755470571118596,-0.9481338659845315,0.03316107289484008,0.48593287614595715,0.16132480954681963,0.16129862410463705,0.16134191740918277,0.2533717490319527,0.25350910652942477,0.25341579465984154
100.0,0.0,20.0,30.0,0.2815733372287107,0.2548137250385852,0.2665794474477694,2.712588131990012,1.1096246733655737,1.8076024231061583,2.096560864956918,2.1019975991533624,2.1035159613351593,3.120729715217941,3.1377977809130866,3.1362910945303546,0.0942776329918586,-1.012853086188204,-0.03625695853859457,0.1542451715966863,0.058368363262653336,0.05844396261639716,0.058547366600967654,0.2662760129837596,0.2671678201876865,0.2664801604290562
20.0,90.0,20.0,120.0,0.2386498138873743,0.1501564133591768,0.2092406099219578,0.6387914736207139,-0.5185282565175148,0.26392960109738345,1.975933751981707,1.9782183352045102,1.9713889140535579,8.515456199697825,8.68389991445519,8.851868074865774,0.24381573717216012,2.245242610185563,0.039017042585098284,0.544609324540394,0.18042510827396976,0.18423169912632098,0.18249277041478065,0.2501467211802555,0.24955812494707652,0.24965280584146438
20.0,90.0,0.0,60.0,0.2681603644441917,0.2662532655928841,0.26722472500198313,-1.947895981905587,-1.9919249868590951,-1.969171162717314,2.108212220247495,2.1070730204529933,2.108733756310116,3.2108626204928834,3.2162952295446785,3.214765721252773,0.1797217702576631,0.1221954308761558,0.001072609372405954,0.33274882157753355,0.10453337233299403,0.10470201234248037,0.1046388028649394,0.2671595327568587,0.2672208265510721,0.2673652344385355
20.0,90.0,70.0,-30.0,0.2119860977275393,0.2110005753174035,0.21145966960322402,-2.320555442382435,-2.3417824639313976,-2.3319680842272237,1.6796756809221656,1.6767258846476443,1.6768525160126966,21.763371236884492,21.7596316385779,21.774105570271214,0.5176652853618957,-0.44663962061887713,0.15809863719720943,0.7419205620285536,0.3004551183521504,0.3006721772273561,0.3006340164084544,0.2116205148914406,0.21125345489939754,0.2116360704393656
100.0,0.0,80.0,-60.0,0.255027402421888,0.2535740219816038,0.2539553620532879,-1.2107725477061453,-1.2228076741360092,-1.219790361740563,1.9984086099638874,1.9999211836917832,1.9988847871164062,21.189552200280456,21.191114433921015,21.195608287862626,0.4081608963974139,-0.6426086268560137,0.7173378490841548,0.03834609419247611,0.23616018859554538,0.23645347513458978,0.23640990992250324,0.2539580127862149,0.2540268012235305,0.2538429983259984
90.0,20.0,70.0,-30.0,0.237049160494655,0.2361445850746784,0.2364284071629594,-0.9066406483065604,-0.9155065344633978,-0.9130073654344618,1.8642281160415584,1.863456836196306,1.862783822938865,19.116080980076617,19.126422047660284,19.113700852619537,0.391675044006887,-0.10904021831541616,0.6167528068724321,0.17748055180017033,0.2269418607446779,0.22681839552140015,0.22683226164537007,0.23650820342801987,0.23632722593809513,0.23643240101248678
90.0,20.0,80.0,30.0,0.2229475589065021,0.2221712005506074,0.2227841490267843,0.1443594054027305,0.1355332300703889,0.14206423047770333,1.7555805540453144,1.7565175080777016,1.7553327974440158,21.834671580362272,21.827649696270942,21.8278633858757,0.4386646969020002,0.8690867974280378,0.6633616472144377,0.1368686823648294,0.25397876689299764,0.2540778232281041,0.2540110401846468,0.2228553741253716,0.22283233696411237,0.2227078515770711
50.0,0.0,10.0,0.0,0.1691873085624094,0.1465749241718573,0.1561195600541698,1.1316491764792789,0.1408095794147606,0.6368143930135114,1.2618400898055908,1.2601333410577358,1.2596413233409123,1.9483840359019946,1.9506318543738175,1.9421443115904458,0.06264117113483147,2.0118524127767956,0.023959584923188778,0.07159353082664191,0.05135487351795609,0.05135071123084107,0.05093464961822659,0.16010961169218502,0.15987653717871747,0.1600257326752176
50.0,20.0,120.0,0.0,0.1163600575557347,0.1151366478588907,0.11578927893727597,-0.7825066498107053,-0.7968755385877092,-0.7902569503099225,0.919236120664594,0.9174368374288593,0.9211681510938149,33.53683907883952,33.5332211586944,33.525568257342826,0.6751156038472306,0.11156158741558156,0.5048932641841065,0.19996174672778702,0.3922463120895462,0.3922778916697984,0.39259299732152797,0.11566384326285263,0.11591996578898296,0.1161682047531358
0.0,100.0,110.0,60.0,0.2036841547646526,0.2012165387970218,0.20252640413243134,-0.7736450306708851,-0.7941754497009285,-0.7884478827914715,1.6112426359206902,1.6160695209108347,1.613746970800204,32.7756781253391,32.774071528504244,32.77617367880998,0.7289368469229638,1.0944603211927446,0.2167199806229366,1.0000231850221266,0.42378879163872374,0.4236538237575495,0.42401442897095415,0.20265099336916265,0.2029462770364994,0.20235700539591014
100.0,0.0,90.0,-60.0,0.2461797902677918,0.2452290026012929,0.24542497089073528,-1.2598995319842532,-1.268032315092782,-1.265796379342449,1.93153196974194,1.9318986292083833,1.9324907751102876,24.07697273494517,24.09193112286955,24.091200126130715,0.46612489248695255,-0.7018355182756565,0.7922753072385692,0.03191102677677616,0.26983476945209056,0.2703134414162142,0.2700910805924242,0.24534426367453177,0.24548656057400592,0.24542636568148318
0.0,90.0,80.0,0.0,0.2236443495720834,0.2217836074995111,0.22267840898777727,-2.0740796198054112,-2.0818348583669253,-2.0780836959453017,1.7698471373886715,1.7667030338112408,1.768657420250897,24.80513935109929,24.800145953207743,24.788556008835616,0.583353390703351,0.0033492240999341075,0.012716545554886662,0.8999199662812306,0.33894541891949476,0.3389463880541983,0.3387116211297691,0.22268519863379715,0.22256245753162696,0.2229490449373233
90.0,20.0,90.0,-60.0,0.2209618791745924,0.2198833134563462,0.2201951064814719,-1.5195114199560864,-1.5264421247381008,-1.5247373442925265,1.7350013452249333,1.7368954529565592,1.7368868156171364,24.821552784342476,24.83345287948125,24.829565728886184,0.5036806413246779,-0.7488436997831541,0.7445505157064048,0.19176252158936405,0.2919592036178053,0.2920739370246335,0.29196082513567456,0.22012213843720463,0.2203466037856296,0.22010814221103558
20.0,20.0,60.0,120.0,0.0836708487539888,0.0780643314731911,0.08277080774262476,0.7567153974571982,0.5615471259097579,0.7232992882266923,0.6603685043032681,0.6590053627722143,0.6611400001887147,17.27577813770452,17.283859080334235,17.287789652764456,0.3687505630986116,2.1940305789125665,0.1229549242754377,0.1716700398291956,0.21372699331391576,0.2138530300976115,0.21386589088073726,0.08275637206695446,0.08285461612476579,0.08302120508749508
100.0,0.0,50.0,-60.0,0.2670167763258133,0.2662727706968542,0.26670812686158607,-0.9130411658739164,-0.9594167654075294,-0.9479492497942194,2.0995878521130167,2.099106244362481,2.099973073742865,12.198782561908214,12.200155466124933,12.201112639848724,0.22143010521671663,-0.32782130978053603,0.407004030639505,0.039113546071263154,0.12850743922829327,0.12845966468975847,0.12861378451888852,0.26666574740449456,0.2667103418959978,0.2667821701716636
0.0,50.0,50.0,60.0,0.1411504966551056,0.1404210529559702,0.14065403303292484,-1.0493515235688935,-1.070014421549265,-1.0577249967782627,1.1164626593479723,1.1155698081796401,1.11837078949666,15.467814828514527,15.465290721320711,15.474951776801692,0.3653032109497885,1.0436702840789684,-0.0024188350917887084,0.35597938638499615,0.2118078648435208,0.21180125748341527,0.21189171109140656,0.14046276934134688,0.14070388334013892,0.14081928624977455
50.0,0.0,60.0,-30.0,0.1367150362712378,0.1352807131257868,0.1357981663861988,-0.9025127701820532,-0.9222667305054708,-0.912014738439204,1.0698061707694102,1.0688140534344504,1.0715102410193198,16.392353597684416,16.38773482124194,16.395272757391076,0.32577266249309883,-0.24197517152998874,0.30336275051574,0.04465892541049849,0.18885314957442748,0.1887609244672366,0.1889572409416298,0.13559840222961297,0.13581638947618807,0.13595678491494337
0.0,90.0,60.0,-60.0,0.2147564370319649,0.214310878343845,0.21455701787519452,-3.104764708564417,-3.137324178795032,-3.130565938888514,1.7013673246460452,1.7005628711923857,1.7017580846971114,19.108532774139277,19.124316140183797,19.129103127134357,0.4696508436401721,-1.0448795743457113,0.006838636288127048,0.6981418520869456,0.27223642217200006,0.27272280871935833,0.2726257855958145,0.214492097223857,0.21454641347937772,0.21467052534832787
0.0,90.0,20.0,60.0,0.2536446967088481,0.2518961223699494,0.25272555271598035,-1.0565276583086125,-1.1803962406650126,-1.0909949113998636,1.9961662041869583,1.9953685667314673,1.9980055817873825,8.55046680449761,8.549091578489424,8.552468239634464,0.27707935959307006,1.0190342558375962,-0.007893362181070812,0.485058500036983,0.16088417228924348,0.16064816647834051,0.16076817759140682,0.25254602945919546,0.25278002239943587,0.25288642974891384
50.0,50.0,0.0,60.0,0.2211011674672511,0.2202511151909357,0.22068099553815457,1.4008586870926143,-0.2656103044353698,0.5699758966209768,1.7449350970576882,1.738493942421797,1.7395024402323087,2.679393408334942,2.6861059489053343,2.676996282762445,0.14936395122286011,1.3502724764079594,0.0007415401092731706,0.2284275790956318,0.08727175418906591,0.08750768767621127,0.08717472731464075,0.22091177934931522,0.2202170145636306,0.22103762900129217
20.0,0.0,100.0,60.0,0.0579827182236468,0.0535959910150805,0.055165334955298795,0.6338991684428045,0.5729677823302199,0.59469519599727,0.43240149342741646,0.4353126752197615,0.43543583394878455,27.51354792257131,27.509027285903866,27.514375102031824,0.5406556688800811,1.115672167979498,0.20716088046802217,-0.0006929314851129817,0.3130755780774304,0.31324452069632064,0.3133928974448406,0.055062930892757364,0.05544580308161873,0.055072646903140024
0.0,50.0,100.0,0.0,0.1173666962901743,0.1156797884747218,0.11637963963018738,-2.069777050844213,-2.0820825011656514,-2.075678355233076,0.9363213087784005,0.9339406302405483,0.9295961595996689,29.028672987701853,29.019442443703824,29.014811674422194,0.6201500119503703,0.0018869183227202763,0.00955070783973095,0.49997691522380433,0.36011671195798317,0.35994523802598355,0.35981431507898753,0.11694362834866774,0.11609201473369722,0.11640953936543297
20.0,20.0,40.0,-60.0,0.0993388203417352,0.0949106862318088,0.09655991295232111,-2.242539947258329,-2.3779872446795403,-2.3388183308759083,0.7653841159347617,0.7667760774470859,0.7644519976354806,11.846147511500005,11.849165926668714,11.84771521005713,0.26589891571245106,-0.8713808963506404,0.10476663947068138,0.14383850533872625,0.15410873733379488,0.15420931955817524,0.15405362970675962,0.09668039545310508,0.09655383134883047,0.09638535665618703
20.0,50.0,100.0,-30.0,0.1268056311997194,0.124310392474991,0.12570280284167018,-2.1642690658934622,-2.185088339283133,-2.173058837261404,1.0045027140436529,1.006879503217424,1.0052545288125763,28.999291858328046,29.006749455621353,29.004271557437914,0.6193490370244042,-0.46522387967561385,0.20449454639849,0.49954180636399026,0.35940258206615766,0.35991941006323475,0.3597099900358556,0.12583173752498797,0.12593302066926834,0.12565618358095287
50.0,0.0,10.0,30.0,0.1665721330731775,0.1457451799777671,0.15370558978623725,1.3785683315915127,0.3826391751857237,0.8908433572134545,1.2326518750629283,1.2312070175893874,1.2339740189610187,2.182608971220105,2.143762345570505,2.1382040470351646,0.07209707082225296,2.098674745018535,0.036018584974868935,0.07392488991113008,0.05224831460505035,0.05274646690012236,0.05225670980725731,0.1562461533640362,0.15641569879504494,0.15662441695956475
50.0,50.0,0.0,0.0,0.2211011674672511,0.2202511151909357,0.22068099553815457,1.4008586870926143,-0.2656103044353698,0.5699758966209768,1.7449350970576882,1.738493942421797,1.7395024402323087,2.679393408334942,2.6861059489053343,2.676996282762445,0.14936395122286011,1.3502724764079594,0.0007415401092731706,0.2284275790956318,0.08727175418906591,0.08750768767621127,0.08717472731464075,0.22091177934931522,0.2202170145636306,0.22103762900129217
90.0,20.0,30.0,-30.0,0.2676878867478518,0.2660874227848616,0.26691695499306595,-0.0565831544447636,-0.2469610863676625,-0.13638935023145107,2.1024037257761155,2.1029833468316785,2.1007482517131724,6.069488162261094,6.067335124229389,6.0668178815141545,0.11238157641873717,0.8613801639867127,0.18557352660730755,0.09574013481205557,0.06552760758337943,0.06540229920546838,0.06548614863224779,0.2670879227692,0.2668751937448367,0.2668020900940073
20.0,0.0,60.0,-60.0,0.0587515094471411,0.0561904173964101,0.0568498711177722,-1.7651296957590403,-1.8255779618429493,-1.80013820394615,0.45038091428039095,0.4503720535460921,0.4504130996629343,16.69551051866363,16.695345092885802,16.695245042430347,0.3358508232980176,-0.9363855648931763,0.12494322979401676,0.044072464052651875,0.1947289658724099,0.1947440332206307,0.19471775442585848,0.0568369884075718,0.05683354834066831,0.05683479462421096
20.0,90.0,40.0,60.0,0.2363243723060491,0.2346534304963382,0.23576596538249187,-0.6914975959077994,-0.7922482956608046,-0.7161489896377219,1.8643927624965748,1.8671200357822508,1.8648351886839722,13.733770049604606,13.731026836098387,13.734068881882516,0.37057245791405696,1.1856254447472392,0.11540842809523563,0.5941921471699312,0.21476142863711764,0.21474399353711063,0.2147103901524478,0.2358807510025633,0.23593104604560058,0.2355885219051871
90.0,20.0,90.0,60.0,0.2000668383217863,0.1991624577917413,0.19987286434192486,0.7758446710860738,0.7665685226989821,0.7732319426990842,1.5731390541013006,1.5736339323381354,1.5739316396861878,24.321143371952495,24.320769321715535,24.328486649611506,0.4732789288526791,1.326601390504995,0.6553637163902221,0.019610147108554476,0.27429587293284813,0.27422240383648044,0.2741217206915274,0.1998493615728391,0.1999589811135034,0.19987468717474344
50.0,0.0,110.0,0.0,0.124431152433125,0.1210536594567757,0.1229601243960997,-0.378939107756551,-0.3929505150367877,-0.3843676917576301,0.968039431195265,0.967890221926582,0.9677592890532677,30.187206573187613,30.185749654382246,30.178385588244943,0.5907049014113321,0.13934656431221065,0.5038667012366242,0.000109733752231605,0.34278323894389,0.3428063878320632,0.3426218991816762,0.12306054846015282,0.12303546782103833,0.12304455975325145
0.0,100.0,90.0,120.0,0.2262923568427427,0.2079123673803042,0.2239104782028931,0.1395672827070274,0.0055023046550293,0.029336421134895607,1.7799894234796112,1.7845125178779218,1.781309820760194,27.580172097785475,27.593427463894766,27.583868502985585,0.6380989772435514,2.100430315209738,0.025897298075542422,0.9868532247869585,0.3711886110404258,0.3715657419173719,0.37140838009581634,0.2243359641462371,0.2245046904203471,0.22394566900329035
0.0,90.0,50.0,60.0,0.2219563245368547,0.221263724776566,0.22152640222784048,-1.0451529025327255,-1.0603958048136453,-1.0527738363724701,1.7538388571177443,1.754764944783428,1.7555829621579355,16.43479535144329,16.436340858665623,16.4438239643109,0.4198081820756961,1.0441772594774763,-0.0014762476022337646,0.6443334364919465,0.24322045248424948,0.24335550042365933,0.24347488050515936,0.2214327601531656,0.2216340108404639,0.22154265441503687
20.0,0.0,40.0,30.0,0.0627655856840775,0.0591981354798535,0.061579567846712265,-0.2584606195971674,-0.3825884451582986,-0.29936800260566393,0.4871224886064203,0.4902849284348789,0.48734980247091114,11.258470563658795,11.261044332215617,11.258883015417672,0.232245292994149,0.6944392518518112,0.0882766064061348,0.04496839743017244,0.1348131617577624,0.1350078041352383,0.13495044597392372,0.06179504797848961,0.06182827680308992,0.06142849687391114
0.0,100.0,40.0,120.0,0.5695703049700159,0.0568155793431099,0.3836751067682325,3.132760627196791,-3.1206044348619613,-0.21336261112989263,6.096111178065564,6.096589545534489,6.111578844984588,17.553691689778287,17.61605715811507,17.566765415924827,0.3945239408285147,0.29340701975603684,-0.08424194366605998,4.00870280213148,0.47655112173027864,0.47779632427532676,0.4763006114045664,0.7710726527398751,0.7730867348613123,0.7731577104420422
0.0,20.0,40.0,0.0,0.0789951749897264,0.0774765332581282,0.0784346292474777,-2.0842731518772206,-2.1154994269197784,-2.0985495481683025,0.6229734538816744,0.6240921368951888,0.6277041261538416,11.960453320820923,11.955499973975867,11.952660200592717,0.26925079653113504,-0.0014413207615540631,-0.0002717538578824525,0.14632321244014965,0.1562988156786241,0.1561752069642761,0.15616446971594908,0.07814438249596702,0.07872424326955588,0.07857728246537328
20.0,50.0,100.0,120.0,0.1278346613358831,0.1232562712165808,0.12605283741919984,0.5468688182721161,0.4381088649153048,0.464456356652413,1.0100814931730415,1.0078516556805377,1.007391362329131,28.990445013402063,28.996889897670947,28.994676286473045,0.6188938521833068,2.1553339790922394,0.21398187290738513,0.49620881510638454,0.35950434878948473,0.35945049834399534,0.3592616394939453,0.12631524264069657,0.12599838937438745,0.12626151462556873
50.0,50.0,30.0,120.0,0.2066101664485411,0.1938093041434169,0.20240405670722936,1.2253579981499818,0.7582672723138286,1.0843284524840875,1.6011378908146632,1.5986148195200547,1.6014250382806352,9.618501916274523,9.625387972339595,9.621608065973453,0.25605623229071184,2.5829681795761963,0.19949967468879873,0.29759582965891745,0.14819016611466498,0.14835309305777564,0.14819335100361422,0.20251320886475274,0.2025541619895386,0.20287069848086256
20.0,50.0,40.0,0.0,0.1574304376002674,0.1568286025318292,0.15716981536345484,-1.613181976086286,-1.6301935370429712,-1.6200154862838811,1.2441460182607766,1.246023867094665,1.244791544445707,12.734892813051482,12.729328798465234,12.731547691526927,0.31454711078109365,0.15316536644316694,0.10821815653603699,0.32502103943091315,0.18253143292049043,0.18246350398752706,0.18238374276877162,0.15721045306355347,0.15727567750898125,0.15704145034498196
90.0,20.0,30.0,-60.0,0.2824322949215909,0.2660643419614984,0.2690142130158744,-0.396480546246504,-0.583007572879556,-0.502636985737823,2.117516825636339,2.119147878179816,2.1184041376930747,5.66720887106906,5.659362477569163,5.667260087667515,0.08782583110218162,0.4770295083285881,0.14739964696684082,0.07259301836997238,0.051665723162855,0.05157584858230583,0.0515840145963296,0.2690550017897451,0.2691563832351127,0.26894808150642885
20.0,0.0,90.0,-30.0,0.0497861987054543,0.0490692644643138,0.04932762581598208,-1.142956061779536,-1.159184189221288,-1.1516846047976765,0.3914645011128192,0.3900914475378826,0.3911050404714476,24.86602313235775,24.8797186659641,24.862422743650658,0.4924495199351624,-0.45647458090883297,0.16618375662370438,0.028759121498463668,0.28561224267849117,0.28536750296399266,0.2853289297965079,0.0493440631079712,0.04929853892883747,0.04946006636897211
50.0,0.0,120.0,120.0,0.1175912355772879,0.1116727134937594,0.1136272880870529,1.6979634936870178,1.6709635756645271,1.686230065245559,0.8940348983700861,0.8955005977313732,0.8953035076084366,32.98900839054319,33.002932464535576,32.99939655660178,0.6460326374158822,2.212267403935229,0.5099958946160066,0.0012066758012159757,0.37479801641916977,0.3746983933709019,0.37481479500822124,0.11362924545265489,0.11377652467661385,0.11358766192702567
0.0,50.0,0.0,60.0,0.185061000061337,0.1834616749111352,0.18417922961707767,-2.0692897925415927,-2.087893369003724,-2.079237145827707,1.4510216071162594,1.4536700924977857,1.454104387603704,2.2403659567190046,2.2344376938399226,2.230192904277882,0.12373267917021114,0.012224619994630568,0.0005197297291566475,0.1578998218438648,0.07275759625485939,0.0725985085836135,0.07254807895766702,0.1840613905162889,0.18441685698014273,0.18410571294411127
20.0,50.0,60.0,-60.0,0.1440449709032724,0.1427605021183418,0.14309987652956035,-2.6702289099635066,-2.7079573229671468,-2.6992982275251656,1.1375885081029211,1.136065439538911,1.1363747681110126,18.09838202255113,18.104653605192162,18.102193015364826,0.41431262483102865,-0.948221797495917,0.13877597507427053,0.38674348503262024,0.23998554905297692,0.23988127353058544,0.2399769269392411,0.1431345094858649,0.1429859392695646,0.14318419107927075
50.0,20.0,120.0,-60.0,0.116830019594313,0.1127360561395003,0.11561315444256054,-1.8242500222379328,-1.842266733886741,-1.8352859629016884,0.920132480683009,0.9181729540094093,0.9166250889443509,33.52269905003144,33.534234090322215,33.52889101085584,0.6749236593512329,-0.9357348932477899,0.5042386856294977,0.19832376392316345,0.39251797114812365,0.39226753073153686,0.3921271560776066,0.11602544529145806,0.11556303557267614,0.11580662133484448
20.0,20.0,20.0,-30.0,0.1106599756512826,0.1081331424722759,0.10927426372523606,-1.610663512346955,-1.6951792761577578,-1.6549051329986058,0.8637676327417224,0.8628137023090707,0.8645672109253855,6.369530594077059,6.359669331832468,6.357655431078935,0.1618942619467358,-0.1430878223442731,0.0675754820676158,0.10229043890962335,0.09501413319214869,0.0948445442792873,0.09483477876020313,0.1091852172698204,0.10926990176114904,0.10940097300708504
20.0,0.0,30.0,0.0,0.0679516948501187,0.0646399454445338,0.06630304491008825,-0.763677251550979,-0.8630874849933128,-0.8027878181213078,0.5245461121199156,0.5241778857170944,0.5258904738067037,8.534511321484237,8.52495045805559,8.524241805006117,0.17990049755728127,0.2400381054004692,0.07178113826611132,0.04105409858007793,0.10514100531563016,0.10485599019612298,0.10501077951909257,0.06626916266497773,0.06642728947483688,0.06648049907508555
20.0,20.0,90.0,-30.0,0.0788819000593029,0.0774936356069862,0.0782325622364572,-1.7360178608054653,-1.7609959685478649,-1.7504219765431777,0.6267702263535857,0.6251695780611465,0.6259326520794313,25.418683905529292,25.42032572418247,25.415848875771836,0.52354454401399,-0.4470492907252125,0.2023138504637872,0.19954153337158825,0.3034580165570429,0.3035821314627024,0.30358159140654417,0.07828209798591142,0.0781806504165525,0.07838434579468709
100.0,0.0,120.0,0.0,0.2245967966499891,0.2229819193617176,0.22380453553490948,-0.2846490746704195,-0.2961627380385138,-0.2898033172753715,1.763311076345296,1.7590970376177615,1.7636979371634571,32.61771008958458,32.62255920854116,32.60897036680524,0.6329225853153297,0.23379206917620488,0.9825377657753196,7.3365249634237045e-06,0.3673581434117991,0.36722680204700536,0.3670945219491181,0.22364850375992243,0.22372852640904592,0.22422445439607108
0.0,90.0,60.0,30.0,0.212520089461024,0.2118805701470671,0.21217905662531614,-1.569058250687489,-1.581225541016875,-1.5729172361729364,1.6821054319809732,1.6819134013707924,1.6833602775594436,19.0907276979407,19.086345838877428,19.089202625995785,0.4680804288527036,0.5219314885915494,3.282389172390648e-05,0.6881177470295953,0.27154548108314336,0.2716796338095305,0.27155348609473257,0.21206609805529933,0.21224158974574997,0.21226429253722784
0.0,20.0,20.0,60.0,0.0929251648010368,0.0901468180868712,0.09129643080748595,-1.0677992018274234,-1.3185464234060371,-1.1587945642344004,0.7223213072975198,0.7239329785118045,0.7243690192481982,6.5980686390029675,6.5914556995520215,6.592007567876722,0.16926931696602504,1.0055938772724689,-0.007656323616530247,0.10674674636239467,0.099218984210081,0.09912821235760969,0.09917626394024195,0.09126069110620809,0.09151306812582508,0.09131509916862707
0.0,20.0,60.0,-60.0,0.0678412531593887,0.0669532387020314,0.06742426960531862,3.141525808830196,-3.141566381695476,-1.7116177634686163,0.541716322117368,0.5393629652376317,0.5408572101643434,17.328126939847063,17.334779725252744,17.336028772665184,0.37032575120922917,-1.04627781643604,0.002204209964923274,0.17298703880624788,0.214646843794974,0.21458336132204334,0.21482839028217668,0.06742089996353536,0.06730789313012754,0.06759980093861814
50.0,20.0,120.0,60.0,0.1338352325930829,0.1289448201290838,0.130100575956251,0.3194900979221714,0.3085908259695283,0.3131941613466,1.0303839498235248,1.031225952969296,1.0299989357081913,33.51245487744887,33.49495766495379,33.51125769452034,0.6741095101655946,1.1745095530036505,0.5751927926297343,0.2014382891640268,0.39179526393559855,0.3919652288854002,0.3917380661116364,0.1302153629771545,0.13016898548351147,0.13005163593988173
50.0,20.0,30.0,30.0,0.1662057040846094,0.1592499493318659,0.1637366023160459,0.0511547851519737,-0.1340078776899149,-0.010169243328739069,1.2928710919346056,1.2930789231720559,1.291673661630844,8.517260557220514,8.515859639463256,8.515072659129931,0.197354723190649,1.1154372464732005,0.18423976303604503,0.12719520274860485,0.11468600684781488,0.11459562376231942,0.11467869464649601,0.16398028887193383,0.1638238416288496,0.1637957045282826
20.0,90.0,100.0,30.0,0.2003572453101149,0.198455188611388,0.1992819078452699,-1.2627922595490324,-1.278180280974927,-1.2721580794807963,1.5874756229764848,1.588535997611953,1.5823944014921232,29.978131754006146,29.963175274575438,29.963793916739082,0.6712523552832018,0.5818408682744098,0.2224611817179136,0.900244296854772,0.39089156885801285,0.39078889851864396,0.3906052302033186,0.1998455461967487,0.19918586024959367,0.19907541860828612
50.0,50.0,40.0,-60.0,0.2028611154291737,0.1983708757020209,0.1996135649027033,-1.9303197610713296,-2.035419056708637,-2.0058131030079664,1.5772958611364156,1.5757625369127162,1.5764481885191903,12.23302984256663,12.235763450484546,12.234243370729443,0.29937032587627405,-0.6290705943775519,0.2726831702600628,0.3114965715521092,0.1738794134671411,0.17388646807117025,0.17391488065187932,0.19955955034624673,0.1994592982256197,0.1996504286464604
90.0,20.0,100.0,120.0,0.2438086273259078,0.2368470390458269,0.24086788937085166,1.650685796152543,1.634371882217347,1.644586108875974,1.8992746048427702,1.8990676845247794,1.8994687610976133,27.528205250921417,27.54478580085088,27.53589686344172,0.554655826909981,2.3904954775529417,0.9029580580714311,0.20396392218037168,0.32189631730209517,0.321999571835329,0.3217760444532547,0.24095160603757523,0.2409793582774179,0.2409949088492868
20.0,20.0,70.0,30.0,0.0772511526800387,0.0764759170039394,0.0769917955199965,-0.8123901678851118,-0.8378545345352956,-0.8218470460514383,0.6140255558472031,0.6157352474306339,0.615079663874287,19.965360286959143,19.96125655727757,19.95621138750897,0.41886790438861476,0.607642392779131,0.13802295401987272,0.1758614725399993,0.24258620233753014,0.24249736515021478,0.24254794373009045,0.07700496742679017,0.07713250035338833,0.0769101486253713
90.0,0.0,70.0,120.0,0.2396790199374562,0.2348040622543919,0.2387475067866021,1.9414079040140304,1.8949043269007269,1.9321495933437567,1.8803712312750984,1.8804812073131636,1.8801235574819255,18.47474220985493,18.4788362385096,18.478165781329345,0.35619762345402567,2.530545376568791,0.5876001140219638,0.04447370715088035,0.20634420896786496,0.2063347128492809,0.20646135831267926,0.23885311127374076,0.23882495204223358,0.23882008802252994
100.0,0.0,30.0,30.0,0.2829153848364551,0.2612039087844753,0.26814797980637417,1.3215859531787393,0.8637427527239759,1.1291444213944757,2.117190351447323,2.114278686036068,2.119395907231999,5.611054827471745,5.630250482995404,5.633182826192261,0.07782466344800021,2.113513307584593,0.1312754841964543,0.06887012574223905,0.05091805580568964,0.05117478635933162,0.05117728923148927,0.2685832445334622,0.2688601920662472,0.2692696323438221
20.0,90.0,70.0,120.0,0.1174642442934388,0.1120333756083694,0.11642745181203955,1.3430713117964257,1.265112614061207,1.328614256712942,0.9219598012739108,0.9208224401721697,0.9218501642028546,19.664114031142272,19.66406650338734,19.66262359062703,0.40552735228080383,2.2829101898040163,0.29697550098075237,0.13681342229164214,0.23470625776854712,0.2348232912521866,0.2348840590863805,0.11648880016184304,0.11647055095422025,0.11661555660134373
20.0,90.0,90.0,30.0,0.2141367337343585,0.2128562664099511,0.21353380468293542,-1.2572758686443688,-1.2683093445203963,-1.2633050033774929,1.6942566012709486,1.6976223857646129,1.700402944060976,27.354266665003987,27.345910739244193,27.341113510571248,0.6261427672808562,0.5924590385617869,0.2205531380065112,0.9000421156741774,0.36400213127168,0.3641381197412582,0.3640451998698972,0.21322836588531596,0.2139913996990046,0.21355555892616893
0.0,90.0,120.0,120.0,0.1707617908585216,0.1682100565755855,0.16984595315219056,0.0683695622912486,0.0143776604746095,0.029450217688255363,1.359651442622147,1.3609310159342864,1.355971451247845,35.18624179594316,35.19747818871928,35.19513511452373,0.7648670656375444,2.0982482288178517,0.025132862707424066,0.8988290668623704,0.4442938121800368,0.4443976723163125,0.4443823000793331,0.1704200860949869,0.16994964614749047,0.1698323974436681
50.0,50.0,110.0,120.0,0.1593919057854034,0.1535762784673265,0.15530362165362746,0.948138347906214,0.9120865245085904,0.9196244103054261,1.232638725821718,1.2395605458808656,1.2328367154323854,31.547281242861015,31.57869727741673,31.56027166319574,0.6647363689907082,2.2194716626698128,0.5124772672201982,0.5008868673602528,0.38657594018687275,0.3867546782227009,0.38639104439116867,0.1556231480627744,0.1556239572918501,0.15475879655655775
50.0,50.0,80.0,60.0,0.1457061777901913,0.1443221321544677,0.1453072388720995,0.0563161191995607,0.0406342692422392,0.052186967984445484,1.1521469833419877,1.1517023088947889,1.151140597689453,22.901309932804253,22.891881790234226,22.895730866565764,0.48620476921435896,1.2272100571354425,0.3895096840779599,0.2968541845563569,0.2818793241737237,0.2817662384031164,0.28202514118827754,0.1453983619360677,0.14526080800088365,0.14533065229366182
90.0,20.0,70.0,30.0,0.2341380238495705,0.2327091277667728,0.23375195368243412,0.1487749910519978,0.1347611583237187,0.1461483753808762,1.842301289786878,1.8432717193304005,1.842057433519651,19.09230411533709,19.081083559736665,19.08300222728877,0.3893446789837753,0.9351261236434203,0.6086166087617213,0.16551091730897227,0.22541164717119558,0.22548363638073662,0.22560515378423882,0.23384044779496296,0.23381049673515936,0.23369114125153598
90.0,0.0,70.0,30.0,0.2388264610744168,0.2373004097079009,0.23851497102709418,0.376032316785067,0.3614129133647148,0.37330159083865005,1.8791802891735032,1.8775303862947543,1.8771338062891976,18.451780516600024,18.442196523681954,18.442135137770197,0.3542718289948991,0.9596661541013273,0.5844036485449369,0.03686224219338484,0.20536801243341704,0.205130215486637,0.20544714397692357,0.2386451222592707,0.23838286112181079,0.23860469849315352
20.0,20.0,110.0,-60.0,0.0668223499070802,0.0633572560015449,0.0654936446996149,-2.2784128308064817,-2.327637458158696,-2.295917494273915,0.5326790747209136,0.5265681071106824,0.528020150713244,30.902108974519606,30.899251398171273,30.90364196732315,0.6262459690367849,-0.9946239540851435,0.20351068224578864,0.19930541835550214,0.3637410919767081,0.36353743751177575,0.3634916628323042,0.06583950762798597,0.0652721673686644,0.06602736820188208
90.0,0.0,90.0,-30.0,0.2247091076240926,0.2242439078241654,0.2243764822995327,-0.7733269845908881,-0.7782769633608169,-0.7764841485580072,1.7660951564647909,1.766485257523558,1.7667291374087934,24.222366764416535,24.23213345034614,24.226397728089417,0.47088346831344385,-0.20907200802936013,0.7316334751974901,0.032047571622762346,0.2729816425960287,0.27294888979487514,0.27291887163737344,0.2243365963612644,0.22443034896032776,0.22437695857702977
90.0,0.0,50.0,-30.0,0.2617066775419071,0.2611177566544538,0.26138162588327135,-0.4483899854570433,-0.4545642936682733,-0.4520222454814267,2.05757140137433,2.0584532238579594,2.056832236109868,12.301575636356004,12.306675564895812,12.297603516103646,0.22592526201995392,0.17788561361996624,0.4068540959431373,0.04338675378429695,0.13107689435757308,0.13104276687721847,0.13090114406800485,0.2614820579260886,0.2613865270928733,0.26127400132441037
20.0,0.0,40.0,-60.0,0.0679365276150497,0.0628092461543577,0.06442071492433304,-1.7229566677204116,-1.8692287306754385,-1.8160653338343415,0.5090476746857004,0.5087444823975295,0.5110026669245453,11.232998386225777,11.235629694944997,11.23822835248358,0.2309581635538449,-0.8647133352483375,0.09403689370020689,0.0425710714788359,0.1344474194720879,0.1342774116687296,0.13438544541544167,0.06425564859176242,0.06449776042145955,0.0645304531599145
0.0,20.0,10.0,0.0,0.1070550734029011,0.0921179111285511,0.10027347254979291,-1.7357368814833052,-2.417516164940044,-2.0535360317200295,0.7966799679540444,0.7981724152572154,0.7962935819687861,3.9588643520311497,3.9545649385250212,3.9534785029035904,0.12077620677054139,0.01863843196891919,0.0014932152333747752,0.08401575278409552,0.07092005161692681,0.07097922015310212,0.07115484893072346,0.10100624672499954,0.10095866014329567,0.10077098276748565
0.0,100.0,50.0,120.0,0.163338114745967,0.1284018840268087,0.15602758750396137,2.176857468501544,1.8002341876438468,2.0851378715129694,1.2319778206978056,1.2330830189143036,1.2343120104379588,12.941551394672247,12.945705532132697,12.94175167556414,0.23727331500928014,2.4889740704109524,0.25293080945159924,-0.026560394759237823,0.13738616301054332,0.13734820463543904,0.13735808849364192,0.15665585879948823,0.15694466388894973,0.15681083188542985
0.0,50.0,10.0,-60.0,0.1769856907660466,0.1746772507858832,0.17564519485733276,-2.50441808876163,-2.876992088098151,-2.713393992726148,1.3855779606003014,1.3880557200638826,1.3868373443776956,4.755271630736964,4.756298613015857,4.755292948305211,0.16839967948086196,-0.7545789771938372,0.02809808757761235,0.20281215371909586,0.09839824870854262,0.09841201613433072,0.09845524559206675,0.17565826795820816,0.1758184794587587,0.1754948097065771
0.0,50.0,60.0,-60.0,0.1351285248470751,0.1342319816319663,0.13472411746340046,3.1415204316442678,-3.1415846313180253,-3.120863278219348,1.0718542199623038,1.0715962191060686,1.071287226983394,18.139701883863907,18.149192622611523,18.1451068927592,0.41577762570425925,-1.0456436598720342,0.003917665111981453,0.38808409104664776,0.24074527222830017,0.24087406665490133,0.2406505268458702,0.13477504406119706,0.13470555342057128,0.13474788524929254
20.0,0.0,110.0,30.0,0.0530729674612815,0.0477077491052736,0.05004483046122897,0.0810300916514718,0.0315747061204839,0.05632426114186074,0.3957166064149302,0.3958373156698603,0.39203224303698664,30.317375301289466,30.3160887471381,30.3132971643199,0.5953322308290225,0.5801293066017542,0.2071839555966341,2.9648717690173578e-05,0.3454118041267487,0.3454457121938804,0.34534517794257547,0.050491629096561366,0.05004661709664716,0.05005258598948419
90.0,0.0,80.0,-60.0,0.23316845198321,0.2316998012183259,0.23201814816234528,-1.2499516229548249,-1.2633237360210725,-1.2598593268179685,1.8259599274814986,1.827048129871787,1.826347108023554,21.350428055889935,21.361697610942294,21.36632815884583,0.41382777292167017,-0.6792789217800378,0.6643862132360624,0.03775965603326633,0.23952076143964982,0.23973333672425995,0.23964131251207568,0.23201260148721706,0.23207236189772276,0.2319227980144937
20.0,20.0,10.0,0.0,0.1223973641882797,0.110068609208221,0.1162616730966257,-0.7235820391587664,-1.4914227795288952,-1.0372932313286976,0.9194690668201945,0.9199588608307963,0.9199541658228714,3.6617966788506306,3.6645131863236804,3.653808844059732,0.11453898504237013,0.6333792955921045,0.037767680661708394,0.0843345440120166,0.0673183983813784,0.06735494271599882,0.06740738869381613,0.1164839812295879,0.11655292823018512,0.11649220557922814
0.0,90.0,110.0,120.0,0.1817908632706977,0.1774438523592664,0.18068087512700626,0.0849879043347557,0.0110173234780621,0.029596578648123983,1.4426140553668247,1.443702527808095,1.4392736553001808,32.582605075293074,32.5975044867576,32.591836575884,0.7176683001233632,2.0987989951898336,0.025341571722839646,0.8976989328178785,0.41725186432745315,0.41756533846669797,0.4174616803781456,0.1811540975803346,0.18072917617829096,0.18061464527432716
100.0,0.0,70.0,120.0,0.2626700864241721,0.2575505813789292,0.26168604474686585,1.9902835143356103,1.942278958401957,1.981139640461102,2.060403871643549,2.061075374052519,2.0610340001731156,18.267094263641386,18.274525542582904,18.27084583321473,0.34915088788071313,2.5759306227398584,0.6315125335191895,0.04554094215482229,0.20233365688667715,0.20239699291848984,0.20227976728193123,0.26175186344304663,0.2618292342001791,0.2617423013890208
20.0,50.0,10.0,-60.0,0.1884932799651689,0.1863031965189378,0.18735818232816565,-1.8343504063315472,-1.9466602974796303,-1.8953649113025324,1.4781632630454995,1.4778382642377796,1.4788010567173895,4.087002460551265,4.088837456695562,4.089306684523002,0.15211966718090852,-0.14736436169669562,0.06713174681238437,0.18565460695198813,0.08885313024357476,0.08897999687197426,0.0889495185041215,0.18728285787847268,0.18737028368681702,0.18741405203875516
50.0,20.0,100.0,-60.0,0.1389435071327341,0.134448146072118,0.1370333571833684,-1.7748754449323432,-1.7967771503116232,-1.7877921945318629,1.0842058785470734,1.0833386496694681,1.0851738095802197,27.98755620214889,27.994134385133183,27.997602388707964,0.5693340329516781,-0.8883421333459951,0.5035003153059404,0.19838105977581458,0.3302443007090458,0.330449060774837,0.33047952459885754,0.13700102194124986,0.13712820287954952,0.13723502144141325
90.0,20.0,120.0,-60.0,0.2007873474574683,0.1951032795705724,0.19946351168661688,-1.5755548068901728,-1.5876540690197003,-1.5840104060276186,1.5752135330532944,1.574904768767521,1.5750440405077413,33.25324338752608,33.271885444633675,33.26953915401249,0.6659837324895548,-0.8442180909350565,0.9000646658052034,0.197200159836708,0.38692522206842234,0.3872703744845988,0.3872769032111713,0.19960612237472908,0.19961424058738075,0.1996626654334437
0.0,50.0,110.0,30.0,0.1087625619951932,0.1073675297439833,0.10815506394257053,-1.4610282484697177,-1.5012943768840088,-1.492140246102068,0.8697460381406272,0.870726087251462,0.8698167896563066,31.69123562069251,31.682837511295403,31.67927199600389,0.6685650006937491,0.5317922570233911,0.03718626922251805,0.49963140579557513,0.38851183738404893,0.38882086919555403,0.3885958736476974,0.10830540001744648,0.10831902613902551,0.10819346334421302
0.0,50.0,20.0,-60.0,0.1677419739249572,0.165345713817832,0.16618533062212432,-2.765858467695315,-3.0807749462027547,-2.9675990871972275,1.3129186179320897,1.3127079225438252,1.3153575948964586,7.468663444311164,7.469259886937315,7.471851681816686,0.2188150702383593,-0.960412241604782,0.02267213297143735,0.25065143708658355,0.12720074021610192,0.12714811066390624,0.12712019597411678,0.16596358763658223,0.166271429010355,0.16629898008105323
20.0,20.0,20.0,60.0,0.1080352426605822,0.1018749572480107,0.1052790958927036,-0.1973437215067147,-0.6288195640603341,-0.35425882944407355,0.8344327379417407,0.8353210581638039,0.8321991094884017,6.538473088317947,6.529223781797154,6.534387542820011,0.1687446370743219,1.317219742772803,0.049984163303195224,0.11219242944716164,0.09885212387993307,0.09882766319332613,0.09888459573561707,0.10566780325453465,0.10538924508728041,0.10527861352836744
20.0,90.0,90.0,-60.0,0.2141655254704131,0.2118522678358573,0.21317670623223156,-2.835032231338434,-2.8427872617866483,-2.8383615871052883,1.6928318255900872,1.694165121180633,1.6970788765703877,27.345317814045377,27.348245049522838,27.348177687810058,0.6260552496378102,-0.9793751499372356,0.21726805400305443,0.8990185303450651,0.36396745923957435,0.36416377606838524,0.3640583243488925,0.21295061359858947,0.21349137286411227,0.21329492141790857
50.0,20.0,10.0,30.0,0.1818187694446893,0.1668716199858962,0.17405158863727593,0.9589494375668176,0.0086601173217627,0.5281393004450866,1.3770933727729397,1.3734035986908981,1.3721792014968386,2.5149150806149545,2.517482976109717,2.522117256281063,0.1018477272000148,2.163282874219627,0.05493996225401662,0.11048802957453269,0.059985108665525894,0.06005130705401073,0.06002848453337647,0.17459998669175664,0.1739636215598904,0.17442861971297322
50.0,50.0,90.0,120.0,0.1190079421462723,0.1168557973060494,0.11849399195885696,1.5786395167643936,1.5570724014680035,1.5721254327330711,0.9359671203178499,0.9344218980630868,0.93487871134704,24.837049327088142,24.848060341383647,24.837996415996034,0.49436965410229644,2.2563562719384147,0.40084558172026646,0.06503954988863206,0.2864064182377623,0.28666983907255683,0.28634219601058314,0.1185643061410148,0.11843565464303293,0.11862018998120642
50.0,20.0,0.0,120.0,0.1686343796545293,0.1676010411965185,0.16818184739190029,1.823653315800196,0.105667032047767,0.9601569368690168,1.327651622328858,1.3247490323512119,1.3280642823716653,2.0450188115935926,2.047872373585955,2.045701587974769,0.11381363504228736,0.20426255987157954,0.00045727096180520977,0.1326444269549573,0.06661574066522931,0.0667187780730441,0.0665483109129615,0.16804359102845723,0.16810314844959584,0.16847374377386762
0.0,50.0,90.0,30.0,0.1267122076820687,0.124344027058684,0.12588161524580416,-1.503818570391287,-1.5696899035876763,-1.548932559472615,1.0065168534527194,1.0056642581541055,1.0065015213934332,26.37008844788556,26.363678770563414,26.357161940614077,0.5725687787315635,0.5263109872827144,0.010576062972444978,0.4991651145293844,0.3325340765915153,0.33240499548132446,0.33232909738287575,0.12592815928097997,0.1259358233812454,0.12602438752531447
20.0,50.0,120.0,120.0,0.1120434847021607,0.1074635778178234,0.10912155159031357,0.5012084822990532,0.4176637502475336,0.442751532897865,0.8775031402968324,0.8764581277866644,0.8771483754021241,34.353057089358245,34.36215689257761,34.368176898343975,0.717318098155852,2.1379829363898772,0.21325702672506353,0.49959189417701744,0.417295180306948,0.41750103379462333,0.41736878691954765,0.10925900564103208,0.10920845394244466,0.10936337754741564
0.0,50.0,20.0,0.0,0.1659843427778497,0.1652522246113994,0.16562092382965318,-2.085105739928283,-2.096356624240382,-2.0904908454430764,1.3118092769839302,1.3088326201915164,1.3074934465809662,7.493899583313732,7.4841368468334935,7.482569282815621,0.21959395792737865,0.0005309589649481112,0.0009128614349975809,0.25198409415322304,0.12763288666141032,0.1273917838893908,0.12743657982223103,0.16587270151790817,0.16532244093819387,0.1657001984530305
50.0,20.0,30.0,120.0,0.1650140262640019,0.1482456397357923,0.15959335941124905,1.591595377078368,1.1034655582619337,1.4371707098501814,1.262572391980676,1.2604024165139862,1.2632306309705024,8.711127018116498,8.715150754319811,8.707086858235224,0.20604566690359774,2.6359680824732172,0.1762381786762632,0.1430061248018442,0.11954111890171597,0.1196699430555477,0.11949340217931184,0.15979311421962006,0.15988582469964902,0.16015635666433004
0.0,90.0,20.0,30.0,0.252996300693304,0.2519450817012886,0.25249273418618084,-1.567303995012993,-1.6363619824651825,-1.5907711210140782,1.994982928343573,1.9943249077208363,1.9944489935844647,8.552341003424464,8.547018473899609,8.54483202233685,0.27823159930962066,0.5095417282326632,-0.0029932417846810803,0.48670679334332795,0.16168727036421052,0.16154200068872293,0.1616062660919896,0.2525171629355136,0.25244559306421843,0.2525259995617002
0.0,100.0,20.0,120.0,0.2696168094829309,0.2672783397486819,0.26848865133962807,-0.0666729328732474,-0.7738069992080688,-0.31272876474195566,2.1188453633789224,2.1251909568485297,2.1188928607002717,8.653496814107234,8.654834583877507,8.668364353238978,0.2821102044509899,1.8969802109624667,-0.061635078204994156,0.5190944187641918,0.16514367747712377,0.1651636074997725,0.1655797008673561,0.2687997932046771,0.2688100736681547,0.26800355778894586
0.0,50.0,20.0,-30.0,0.1666736078822617,0.1651043177716252,0.16582773822330027,-2.444430963882654,-2.5897061796805265,-2.5354121267649194,1.3121167282721833,1.3109135352540322,1.3102419901109947,7.484155955882354,7.4842015608805355,7.483479758198409,0.21945317024685523,-0.4832780449008357,0.01106051607510171,0.25184661718583523,0.12744560521024875,0.12750681859850027,0.12748048532648884,0.16596264546919645,0.1657161182615575,0.16587338594187445
50.0,20.0,20.0,60.0,0.1733617564797414,0.1596677044144404,0.16772939078526355,0.8199022882469078,0.2737068223384009,0.6098434797085494,1.3266613289389635,1.3244761205338031,1.3233124400565912,5.689573436870434,5.692488690753438,5.693998981668429,0.14928276320404038,1.8992277720813158,0.12412947308901606,0.12103039937620112,0.08687668351305623,0.08705857340149592,0.08699668060256781,0.16818499207837764,0.16776325103407025,0.16804203557166705
50.0,20.0,40.0,-30.0,0.1600372099527245,0.1584378697562728,0.15905236109488666,-1.1193188910530871,-1.1483892979851815,-1.1362778908901112,1.2547388881474182,1.2547831228537103,1.2555129449261981,11.339284493640278,11.340974117524595,11.346774415385417,0.2502205755474542,-0.08390556248675907,0.23818262265511478,0.1390252830432584,0.1449748829548851,0.14486759160058174,0.14494568212001627,0.1589708895354792,0.1590682291453342,0.15906486700240033
0.0,20.0,110.0,120.0,0.0472149072796854,0.0387341791265454,0.04523472884862744,0.3555155777106559,-0.0007478223621164,0.08436418356675722,0.37345564902879064,0.37666595861979096,0.3751207661974436,30.900935607812766,30.917005123099152,30.91006773198336,0.6262660034355274,2.0979035344871684,0.017155334299347614,0.19394384098214176,0.36338308070905523,0.3636724041491692,0.3635308715090155,0.04556454838637478,0.04577001460444246,0.045380246701634666
100.0,0.0,100.0,-30.0,0.251606215682086,0.2510886043781333,0.2513332294905226,-0.7506984822883168,-0.7521628554663573,-0.7515291408281648,1.9775042129945344,1.9785964916611591,1.9788809439670603,26.84068381365801,26.84626665727399,26.839782125198337,0.5191588254550755,-0.20613867313771073,0.9042311872664394,0.0197195591259485,0.300821109296232,0.3009092348011489,0.300816522350756,0.251272859254911,0.2514471154553965,0.2513013118521114
20.0,0.0,90.0,60.0,0.046336487599764,0.0455641561077954,0.04608321085929328,0.8957792594694783,0.8729541721584736,0.883115653126766,0.3599556347470664,0.3603819610223678,0.35796613208833794,24.604304165036705,24.603511336383924,24.604248963199915,0.4778519094024625,1.1080049197822146,0.1460701476780777,-0.044866712615823645,0.2769642883532486,0.27672054890123393,0.2767725544487289,0.04632618811427101,0.0460462130758948,0.046025312555225635
50.0,0.0,50.0,0.0,0.1409130036526066,0.1395621475690296,0.1403814885098871,-0.3390358682387653,-0.3599607742195281,-0.34723649159207354,1.10643653540358,1.106935432069973,1.1052136561916674,13.575184850037427,13.57562296738887,13.560581846310523,0.2709065517649832,0.35027370639007827,0.2595542426302157,0.04564879290038273,0.15670566944992134,0.15677379011910306,0.15669843818069332,0.14051833137779055,0.14035675346643423,0.14029418980863784
0.0,20.0,100.0,-30.0,0.0510133301492447,0.0494936674708731,0.05017395187350968,-2.544150082860781,-2.6485578096654474,-2.5860410891076993,0.4107060930338875,0.411567268392452,0.4101347120368527,28.183884696427665,28.19616337637606,28.181937611265354,0.5757674141170646,-0.5219814734925402,0.006600194764333541,0.2000447487663043,0.3341945235802823,0.3342791264178794,0.33414493585186084,0.05041813420215641,0.05035538211558278,0.0502334689537048
0.0,90.0,0.0,-60.0,0.268150834598054,0.2663405025266216,0.267218960373473,-2.0129884724108664,-2.05087923953319,-2.031157280922236,2.106940149130641,2.1074845318647086,2.1092364994117716,3.21750495214964,3.215446197751963,3.2161201357267393,0.17972446003360423,0.06020070696787681,0.0010783654891820876,0.3327477881089026,0.10478240323616,0.1046550204168933,0.10466919329440057,0.2670571259800402,0.26734507165731053,0.2672862692302907
20.0,20.0,50.0,30.0,0.0888474056861803,0.0868759842011099,0.08836719323194152,-0.8142336040403694,-0.8686742921973606,-0.8325515378371744,0.7015446282107382,0.7031737615364073,0.7031334271582198,14.590257061396553,14.583243137318474,14.579125121469126,0.3174087319300154,0.6494648348114782,0.11168580461791619,0.15905247270557935,0.18429280408039453,0.18412480683122198,0.18428033911006417,0.08834702872457147,0.08854050436500431,0.08832343021208543
50.0,20.0,70.0,-60.0,0.1406188518913245,0.1389025967210955,0.1393046331734678,-1.8024143372437773,-1.823460789624738,-1.818658458529324,1.101483727176368,1.1013465207786444,1.100827066231471,19.758543646320103,19.76340179909356,19.758726085868638,0.41271121824729246,-0.8253311427337078,0.35553033815584584,0.1802170771493407,0.23888474583505942,0.23904539961883783,0.23887491885698545,0.13934094120736748,0.13926178587055568,0.13927126850473462
90.0,20.0,30.0,30.0,0.267857561800452,0.2660970159203445,0.2669847621554432,0.9273909939647283,0.5593697781566298,0.7854281327770091,2.10539725466708,2.100777036604244,2.1027344257989355,6.4257772355467,6.425729593863589,6.4263594502612325,0.1321809240721187,1.823418584581181,0.2135518442338737,0.12263544947374956,0.07718422824866336,0.07722748208529287,0.07723598451017681,0.2670342837429867,0.26669535537902533,0.26728531391302646
50.0,50.0,20.0,60.0,0.216969549075128,0.2059130436760131,0.21249991943958568,0.439974029375785,-0.0752255284430472,0.24379974290822065,1.6796292624308091,1.6797335391932808,1.676665399627061,6.663689193734077,6.664131953328031,6.67213512857746,0.20164932531779484,1.796406553051677,0.15182877705200698,0.25500549234255965,0.11689643516175585,0.11710452073609154,0.11720321810085066,0.21297298029055675,0.21259428204891828,0.21257934795184766
20.0,90.0,110.0,120.0,0.1879560558324887,0.1851145958981424,0.1863558878497162,0.3316469339232931,0.276996446663617,0.29074859268343867,1.485586447095564,1.4842583041161432,1.4873362581020497,32.577230850798124,32.57632915267565,32.57328548518784,0.7172431057333506,2.1440103110000357,0.2235979412832358,0.8990909935441351,0.41682662503927337,0.4172649239627874,0.41718874909890874,0.18628173432463394,0.18649243902168325,0.1866563093243814
50.0,0.0,30.0,0.0,0.1538681176919437,0.1492052889915928,0.15208675276683553,-0.0961706898405575,-0.2058149316420953,-0.1339254065645009,1.1984741022495977,1.198662581644924,1.1986667635976658,7.760847358932031,7.755401081483157,7.754753882788694,0.15584101387201407,0.6527778407661049,0.15856633511993992,0.042964313728203925,0.09060107283994563,0.09049117092368045,0.09059611021517712,0.15215522136498644,0.15218296513095247,0.15215910039087452
90.0,0.0,60.0,-60.0,0.2535248542000499,0.249686256843384,0.25062659431543577,-1.0783695072523614,-1.120596674168942,-1.1107363923060865,1.9726570252574915,1.972593040686564,1.9727715526967158,15.430701615708742,15.435156319846179,15.434205039147056,0.2926625901769673,-0.5040758841317973,0.5064117235899953,0.04184332552835996,0.1694828710002792,0.1694464950342759,0.16931745536316808,0.2505538094214249,0.25056615897192486,0.25057191183860467
20.0,20.0,40.0,120.0,0.0952891565277567,0.0881163006833837,0.09282672306953765,0.7717036383161883,0.4039819854391247,0.6661956929351482,0.7400629987486713,0.737365024618276,0.7368022941993229,11.90701605738823,11.904986066263275,11.907610404339227,0.2683773523779368,2.238047082326157,0.08529384306272733,0.14925327873115854,0.15551555537044193,0.15545731073604382,0.15542428239091144,0.0931650567227538,0.09274415357225607,0.09308162793074877
20.0,0.0,100.0,-30.0,0.0549779404476568,0.0524195990173804,0.053951772884283634,-0.9518853568692484,-0.9972474254424196,-0.9776338351180411,0.4230111825069779,0.42644659774947835,0.42630303691504495,27.50931690333139,27.518923984334755,27.514846719476594,0.540718735732849,-0.4566143158285746,0.2025521207312249,-0.0005316051073392997,0.31304622014989036,0.313435273325337,0.3133685815915656,0.0538997808855972,0.05432132858319986,0.05387822371287497
20.0,0.0,60.0,-30.0,0.0572656965439212,0.0557386090119803,0.05641161323161852,-1.2629797192873993,-1.3078513739446085,-1.2817507177049927,0.44704045946559845,0.44791027206141565,0.44695381787065286,16.693176593680306,16.70278498602017,16.69368243281132,0.3359404059374589,-0.41380004144183197,0.12376974008636461,0.04429458285413697,0.19472419329490553,0.19491398785045713,0.19476258166107546,0.05647676965913154,0.0564732458558652,0.05635761981400868
0.0,100.0,0.0,60.0,0.2680615972170371,0.2664137442736966,0.26722136908769945,-1.9989678708984195,-2.040399219685535,-2.018928657899864,2.1074785871268005,2.10779157516352,2.108478540558381,3.21434988861873,3.2170567230043874,3.2165853111053497,0.17970977605395191,0.07243262674675528,0.0010746045542737541,0.3327406164320834,0.10468731423618971,0.10464844347754985,0.10461999691885805,0.2671592528166982,0.26728568964107374,0.2672536183097949
50.0,20.0,80.0,30.0,0.1298801933411975,0.1290485705013107,0.12956782806567263,-0.2399827844682818,-0.2500291027620694,-0.24474152043524106,1.0246803100194433,1.0259186867899106,1.0246878684568694,22.47893013739627,22.475748380293226,22.47050105686489,0.46272864229146804,0.707264325975606,0.3781202380525027,0.1725997241722214,0.26828146357543825,0.2681392662091527,0.26821806306597595,0.12964007746549808,0.12964874487885547,0.12949256556542152
20.0,0.0,30.0,60.0,0.06719161508555,0.0576673518100302,0.06384950363226262,0.2725261576307244,-0.0305664210373948,0.1661678348523689,0.507398407427733,0.5074185523671283,0.5067754974319436,8.570221471682528,8.572293787787965,8.574779062488552,0.18188996877250987,1.2696098778706577,0.067071531106496,0.04414140869721126,0.10640643165849135,0.10641457248022472,0.1065464824298892,0.06416012060764098,0.06408711991524547,0.06407860755370265
20.0,20.0,20.0,120.0,0.106822807505863,0.0995576292532077,0.10335820703252759,0.7674775463988515,-0.0094734776404322,0.464033207102152,0.8205749348019363,0.8173034759051097,0.8188992683374301,6.625478344456785,6.628938663108707,6.629775354546944,0.1720741116479906,2.2741081812251327,0.03339726399135211,0.11740011130871778,0.10103742381482296,0.10114338212330892,0.10113321729659182,0.10350504610042269,0.10328423420319505,0.10370447030569535
0.0,20.0,0.0,0.0,0.1143691774492201,0.0948409349449528,0.10489836464724432,-1.9683521513389437,-2.1233151001426056,-2.0527377363804375,0.8722778098357091,0.8709131581624432,0.8747650155537772,1.902104196040116,1.891876442467774,1.8882663867576022,0.07093800316225875,0.034990315627435244,0.0005446495022690768,0.06404501311115599,0.05734085173728654,0.05711521210826777,0.05723777345929586,0.11036082402021788,0.11068358610241595,0.11084052188051222
50.0,0.0,20.0,120.0,0.1721414049897387,0.1331576545553867,0.1493428857428792,2.1937317841496684,1.2654766818590726,1.8411959979465924,1.18171390714084,1.181165295904486,1.1844537110026998,5.2916389341338,5.287588170456059,5.273099783143523,0.12534422943731385,2.4805706341676292,0.10426692341095099,0.07522720122122513,0.07348210381296144,0.07357568527587921,0.07317999674302654,0.14975441739640233,0.15013117131665538,0.1501543233541937
50.0,50.0,10.0,120.0,0.2203411182663899,0.2087510447495434,0.2143906836657113,1.6034261328310988,0.2988578301168642,1.042550695484859,1.6958805803905304,1.689297644339548,1.6956574669195277,4.549295828714704,4.554105463250269,4.548367422106714,0.1764038011726484,1.3503588642151356,0.06473549654466933,0.2534932712814955,0.10268511660351345,0.10285212572715388,0.10252195367124037,0.214384236642362,0.21435278701598076,0.21519238851913994
50.0,0.0,0.0,120.0,0.1484901682529125,0.1443269589548376,0.14650778703246742,2.266843869488716,0.4997350663982219,1.3863453993286228,1.1553825417852326,1.1540843842712878,1.1586153738847558,1.8478244225880522,1.8473839377553058,1.8438273435261856,0.09927322796227755,-0.8751913463529892,0.0005313092815619389,0.10099435665087937,0.0589098932334399,0.05865172500997126,0.0586441173819469,0.14627473378287806,0.146695948043146,0.1468388380811606
0.0,20.0,80.0,0.0,0.0570184449379401,0.0563218082099034,0.0567312038481646,-2.08378873766949,-2.1244124911162023,-2.104820133095456,0.4596179146892228,0.4602615315367112,0.4593957717599275,22.709214089384872,22.7135464682281,22.708635970970796,0.4716905238650882,-0.001225821771587999,-0.0013578244388329501,0.1854184290323099,0.2732230297063974,0.27306840849928826,0.2728502995009387,0.05680934616194866,0.056794051137684695,0.056696120559726254
20.0,90.0,20.0,0.0,0.2588923481694223,0.2573516688004006,0.2582023694347065,-1.5837805891632122,-1.6567710568960807,-1.6093684193262978,2.0387263815801995,2.0390449718946484,2.040357181309647,8.391322485015722,8.385375161592709,8.383385574235431,0.27439947366305956,0.29797678379391457,0.09116924932857076,0.48238038970935365,0.1594765404196321,0.159427721496947,0.15934870659750325,0.25809475084799605,0.2583000037255516,0.25825633868715603
20.0,90.0,20.0,30.0,0.2582789027777959,0.2562417767354177,0.25730749919584506,-1.0819312513949622,-1.2823565601884912,-1.1516053316414518,2.0309355123338824,2.0331446712073173,2.033534490646288,8.431409053049995,8.430140499116488,8.432889947397284,0.2757669007156003,0.7803828766065307,0.07891019453927565,0.485213787619205,0.16024381191416348,0.16011799132164795,0.1602129795653025,0.257216990409862,0.2575490979779281,0.25727097961279255
20.0,20.0,50.0,120.0,0.0892513080402158,0.082522698624276,0.08771552069996194,0.7578613309624433,0.4999639634829501,0.6998463008008214,0.6988251990879784,0.6980904167956746,0.6984377744167878,14.5971094943673,14.599161288623357,14.602236126169279,0.318248322512214,2.213603896862249,0.10541943356605896,0.16159458990288209,0.18468721203238497,0.1846559947269051,0.18479644244138277,0.08786018384450574,0.08779874942138956,0.087892062736129
20.0,50.0,80.0,120.0,0.071358265624867,0.0681093122113807,0.07070063595220441,1.837662202313303,1.8033181995969445,1.8255468011828506,0.556370254375348,0.5553042131623197,0.5545131519355005,21.83072742559817,21.847430785578762,21.83027660815426,0.4241484143899283,2.203202094076912,0.20559219457313269,-0.030089065113227148,0.24574020502202942,0.24555944418275374,0.24556120024935033,0.07090028405855207,0.07064648693887608,0.07078929243810982
20.0,0.0,80.0,-30.0,0.0518154817168273,0.0508050847046283,0.0512616230886665,-1.182915998894557,-1.219592001868238,-1.2004453913690905,0.40604975583097597,0.4068284782953694,0.4069490310419018,22.129958916767983,22.141985431725804,22.1311154494735,0.44021883265295364,-0.4460891757590862,0.15247173835278394,0.03577449732145297,0.2548223186809258,0.25488653843059383,0.25473285430393483,0.0512622114572107,0.05137888729889565,0.05126811204493726
0.0,50.0,90.0,120.0,0.0321902106297135,0.0296866187725247,0.03138003674160699,2.191266729048262,2.1416829669832373,2.1564667905240142,0.24204100662388098,0.24026499244568522,0.24249755864095207,24.583545662837405,24.594643518675962,24.588755010162334,0.4764780713051596,2.13164429115807,0.08855169871728485,-0.053956063813550434,0.27608099869562974,0.27618485204716064,0.27610111145067134,0.0313682693509291,0.031446086975972565,0.031647822340499523
100.0,0.0,100.0,0.0,0.2491396391472039,0.248604152797629,0.2488571206360521,-0.194793196653779,-0.1973508253848067,-0.1959726026174657,1.9584958374200667,1.959300195454802,1.9573268592873683,26.757772573564516,26.756179390556795,26.746005726025352,0.5137531628563364,0.31431924706118586,0.8861207940059282,-0.011762477269707902,0.2976930222583066,0.2976750936633922,0.2975812857428165,0.24899426535307437,0.24884103707536234,0.24874851973306186
20.0,20.0,120.0,120.0,0.0655815773457595,0.0591121449446259,0.06153415185599154,0.9526526531427728,0.8264190422684177,0.8561318972520513,0.4982084488803926,0.49740193875894767,0.5016178730882681,33.62210830746974,33.62251524004116,33.62649529491578,0.6780152750134965,2.140389628712271,0.21157380417433364,0.1988682215142865,0.39392324321834743,0.39408057714511097,0.394034046893592,0.06141444863273962,0.061879462297892054,0.061936231160567776
100.0,0.0,90.0,0.0,0.2445942123753924,0.2443126363814665,0.24449205448509356,-0.2121839003050584,-0.2152904707937495,-0.21386777480218955,1.9246304778466643,1.9254995458359756,1.9238627195330797,24.08081994537945,24.079898794364674,24.066944646221373,0.46532313711586715,0.34410097393267847,0.7880548335606583,0.02710552928975598,0.26979688022091314,0.2696660134465063,0.2693699089325718,0.24460908439061557,0.24450248976739336,0.24438761388094954
20.0,20.0,30.0,-30.0,0.1035569412661655,0.1010378742353222,0.10232668203472922,-1.73634088265748,-1.8181778461599776,-1.7814149546713773,0.809987521728734,0.8104554274442046,0.8100272485250757,9.131161991274146,9.12957430778407,9.135176066848375,0.2147450710968401,-0.2844035124553586,0.08583153156906914,0.12579717948520783,0.1249386673157964,0.12493005155673494,0.12493610948494761,0.10236125419612556,0.10235735402131699,0.10231153435506268
100.0,0.0,10.0,-30.0,0.2689384143172156,0.2649279130868563,0.26663757307566527,3.136480218380872,-3.139509299050093,0.1638044299077515,2.1033176157451905,2.1035960454268765,2.1079172546759173,5.0148534877317505,5.021091521770635,5.014572693657266,0.20440638673028014,-1.0919252046740195,-0.0320868553660695,0.36806577711154964,0.12107275350086158,0.12106200191041455,0.1209068020943877,0.2663894838826057,0.2669750058205622,0.2669418451161502
90.0,20.0,90.0,30.0,0.2065861895886783,0.2057782179096556,0.20630315694817336,0.2131904044665843,0.2039561834740745,0.20886965201980173,1.62613185954852,1.6245399505037106,1.6236884192999714,24.42709718581028,24.40627857276115,24.409061734392274,0.4791077629438546,0.811391911630736,0.6829759542588475,0.054059764375217825,0.2776035201178489,0.27743906847701283,0.2777852469436284,0.20644896397571358,0.20614054870670978,0.2063694190352778
20.0,50.0,20.0,-30.0,0.1763618164813861,0.1746480731024186,0.17543009404452126,-1.8845257991953728,-1.958159064198889,-1.9296390405784165,1.3867252489554833,1.3848846048534484,1.3865442706966955,7.262977914162652,7.259778451500598,7.250959618034954,0.21304317271976828,-0.16568282124782538,0.08422291867457019,0.2448657462349531,0.12389268706717811,0.12378162847633524,0.12378003253722933,0.17538308092836172,0.1753523554567351,0.17558107896558306
0.0,20.0,70.0,-60.0,0.0625948439992178,0.0619562834283025,0.0622738865107282,3.1415271918532146,-3.141578008855177,-1.797400161701799,0.5005363825594104,0.5027570465079642,0.5014300669549984,20.029493505830555,20.03827675499086,20.035453785460838,0.4211732935451859,-1.0468852631614105,0.0015791580323827191,0.1817246018889993,0.2438703221349488,0.2439651827381336,0.24383341378589005,0.06232853528553934,0.06244035516143226,0.06215720873531194
20.0,20.0,70.0,0.0,0.0785836157442766,0.078029609326368,0.07835142502314399,-1.337341011428245,-1.3555020085487517,-1.3454873367723372,0.6259346699724381,0.6260034255478547,0.6249682990787789,19.973818546638256,19.9773679659509,19.97104304347239,0.4195986728483703,0.08535119087247023,0.14052802162387967,0.17945550095092183,0.24292652305129295,0.24306074703931388,0.2429695775395411,0.0784490753950473,0.07832761593537584,0.07834201065176594
20.0,90.0,50.0,-30.0,0.2288211706198898,0.2279499727210349,0.2282721609011727,-2.2761270645369454,-2.30063575708575,-2.2948789743860356,1.8064425641479027,1.8084773418623308,1.8079620707532214,16.40702170900056,16.411622640586152,16.412046214053298,0.4196224144576284,-0.40819041831254904,0.13737845281255134,0.6493765504743865,0.2433584496748506,0.24349451240201114,0.24346903027131575,0.22824796256102126,0.22843969973208525,0.22817854850618338
20.0,0.0,0.0,30.0,0.0864027260968172,0.0563953623588114,0.07224047403577188,0.1933055651748629,-0.7766421383853772,-0.3000496295123764,0.7174237926466355,0.7203815539801717,0.720308296788813,1.9226808523418955,1.9239429537842103,1.9237115116196402,0.05033167163377119,1.7806486765386185,0.0004578553488341409,0.055458982214942616,0.06057748516564372,0.06069923925839364,0.060673242367435626,0.09089099184450083,0.09126911761034476,0.09087999122966468
0.0,50.0,70.0,30.0,0.1261565549714769,0.125591348530362,0.12585093898075406,-1.570371810407861,-1.5880666470181075,-1.5784985177575983,1.0030033792178108,1.0048976204891829,1.0014955284104683,20.800209311479477,20.791187644671222,20.794031542409353,0.4641106166017891,0.5215614783501018,-0.001976338825920151,0.4046834652883458,0.26921922898075085,0.2689262235657453,0.2688267153424311,0.1260748597439465,0.12588098580255272,0.12564040048893574
100.0,0.0,60.0,30.0,0.2671558978430764,0.2664550439515183,0.2667651834237619,0.5057510421050869,0.4819409817843841,0.5009080459284542,2.1013223173998163,2.0996649358503725,2.0992427184117464,15.253766189673957,15.251118609750103,15.251152531300654,0.28653751307630343,1.1062618214343465,0.5280366668406703,0.04354745309144951,0.16578991858449246,0.16571919410718616,0.16576547481109438,0.2668611515081849,0.26659917513903225,0.2668102459905616
0.0,100.0,30.0,-30.0,0.2626726139361201,0.2620312786514308,0.26233556733582786,-2.541617708776485,-2.625035186891239,-2.6004898059444534,2.0737049568628145,2.073684212565181,2.0736390542805703,11.41494245633505,11.419513255058302,11.415535604591344,0.33902473093336916,-0.5160516720320789,0.006799058330863142,0.6161280658917948,0.19663315499291487,0.19664998950814314,0.19667205042266694,0.26234898125339573,0.2623425706891932,0.2623489006269222
20.0,90.0,70.0,0.0,0.2479317963034329,0.2462670062853319,0.24729365876910184,-1.7557610823893943,-1.7728969821357703,-1.762568053413435,1.9596810918633607,1.9608272194467158,1.9602356824593914,22.18260413033659,22.18590802365289,22.17185214844637,0.5396652238508272,0.099769294056265,0.21331917239113982,0.8998470069773559,0.3137461755755473,0.31370650381441256,0.3135488809755688,0.2473541202398784,0.24742538089551755,0.24728095439113518
50.0,20.0,50.0,60.0,0.1502700581500081,0.1462563671535878,0.14927501699979162,0.3495614641335469,0.2768693878556829,0.33275891321851064,1.180211206972847,1.1792917600486343,1.178918174942063,14.226536366499474,14.217927064173784,14.223773472071553,0.3064439304382455,1.374604771216335,0.27515268841045426,0.15723661413608334,0.17751515604987134,0.17774601535802564,0.17771017379219933,0.1494135065433456,0.14925214473053824,0.14937540576810004
0.0,90.0,20.0,0.0,0.2529799502430925,0.2525221324334337,0.2527347460378196,-2.078493099216268,-2.0834758520138705,-2.081538070620441,1.9955768332455828,1.997659204333547,1.9962035774888838,8.552311433711255,8.54885640729954,8.537436197589383,0.2783878224748919,0.0060603300739952735,0.003433718993497367,0.487459003853031,0.16176632959973414,0.1618145346301419,0.16163059135339683,0.25277815792763986,0.2528531272527786,0.2525868185678057
50.0,0.0,120.0,30.0,0.1156618578909765,0.1120806567484651,0.1132718298418941,0.126292247558128,0.1016556615851402,0.11597231679371786,0.8918640528014499,0.893311276973944,0.8922055238701723,33.00261403198912,32.99302184092322,32.997647670227,0.6460009207840106,0.6411242253126136,0.508293523774237,0.0008693587434649116,0.3748036476718357,0.37456803034012076,0.37483319340734983,0.1133868583111268,0.1134189564142176,0.11324032473311658
100.0,0.0,110.0,-30.0,0.2488157167249383,0.2411434742782563,0.24649902483173863,-0.7541500344209059,-0.7685999526810433,-0.7627938244285152,1.9401110877160375,1.9410148420815803,1.940336977814704,29.657463581522524,29.664245817936603,29.65485410704557,0.5727698461696229,-0.24146342725127543,0.9784331840070022,-0.0023521154869274303,0.33234148070165737,0.3324075504308933,0.33229104113880303,0.24665125654235753,0.24668109668075203,0.24656951590285606
0.0,50.0,100.0,-60.0,0.1174615485603794,0.115583081453408,0.11637657445641326,3.1408224552170685,-3.1415861326617947,-2.909315365963011,0.9301822186933426,0.9363520544238965,0.9333289252500723,29.012343536624776,29.02383651553246,29.020213278756174,0.620161984023837,-1.0460978270651355,0.006791156656937069,0.49996976316261804,0.35981821611344994,0.36010117345354087,0.35995397560421827,0.11648400713842784,0.11686313724828463,0.1160878391148259
50.0,0.0,100.0,-30.0,0.1362708654319563,0.1345372782503613,0.13561385291156455,-0.8690200141982747,-0.8802567444913326,-0.8763439415539949,1.0672423843400745,1.067072284834823,1.068251075263019,27.33178257384299,27.329765178263354,27.33046697529603,0.5344521210923101,-0.3543907410637715,0.502585671360391,-0.0008322677579279236,0.3097465197023067,0.3098449982230422,0.3096493979065923,0.13555385331331596,0.13568002333384704,0.13569947679011207
90.0,20.0,110.0,30.0,0.2212924107428555,0.2184512460491852,0.21948089959661587,0.0313776513209559,0.0157887598720694,0.025065950048854414,1.7311492051697492,1.732094135867338,1.730192081067508,30.436566043462097,30.42234631879337,30.431079562894443,0.6108929171785914,0.7678297415823879,0.9078262894052516,0.20214897946754426,0.35465491197574806,0.35442768715716694,0.3547348074763248,0.21964674152683594,0.219515292773519,0.21942166042941205
20.0,50.0,0.0,-30.0,0.1909636467372933,0.1895781243535693,0.1902799398189125,-0.6766401830800919,-1.3384858304363978,-1.0081816830481272,1.4982276919323732,1.5028062997035667,1.5017107441057285,2.302889502782751,2.301525254446622,2.307365340927017,0.12823085132279952,1.0830780882727609,0.0005836207909148001,0.16906286556832184,0.07515375620076474,0.07503139184732027,0.07521527917242259,0.19018368979554043,0.19062539060292177,0.19004456846461792
50.0,50.0,40.0,60.0,0.1967710478543811,0.1917136732256556,0.19537082869011324,0.0581890925185105,-0.0769021447481035,0.022891673275544554,1.5454497108862597,1.5447680693623982,1.5434877636518705,12.323628112070493,12.32097782545528,12.328754229436159,0.3028816935246342,1.4372150891610922,0.2573372104949405,0.3190950080868289,0.17570742274106377,0.17572211936684004,0.17578027662569493,0.195587930742463,0.19534985107218236,0.19543964417240603
0.0,20.0,110.0,0.0,0.047302309148552,0.0451214079930363,0.04605392809221858,-2.0452901934485,-2.0893666029170763,-2.06487737867714,0.3819098279420307,0.3819961403620913,0.37811920826658857,30.93121090861581,30.9255209799005,30.916729167752248,0.627063762241722,0.0010886283764916787,0.006643301116687028,0.20001941981771415,0.36415253950554743,0.363994517276017,0.36385424688267815,0.046582610162538694,0.046119535669152154,0.04610797289584161
0.0,20.0,40.0,-60.0,0.0795772413442446,0.0780669452506282,0.07879262104052237,3.141024646981045,-3.1412019041377257,-3.0330751779571026,0.6270947808140116,0.6280873354322773,0.627655781001134,11.95459297067981,11.961685843743759,11.961014203923554,0.26940296588992724,-1.039387249291319,0.005650821434233646,0.1468862053105779,0.15599733945658614,0.15610285263644924,0.1560335480919235,0.0788182419926656,0.07888851732176519,0.07877248271532027
20.0,50.0,90.0,-60.0,0.1372686960769114,0.1345787424666235,0.13618147194805894,-2.6647444849917195,-2.6989937878246586,-2.6828512725733593,1.0868166805812058,1.0870218911304588,1.0847404297482923,26.33636399326743,26.338961353970863,26.34062438199583,0.5715598780669702,-0.9765675284030493,0.20497546850896428,0.49915563006360236,0.3320117435083122,0.3321120619501043,0.33204655297699237,0.13646609238546742,0.1362062055107593,0.13619851020472437
20.0,50.0,20.0,60.0,0.1742130278201079,0.1704468607096657,0.1725254200118003,-0.4651490559410482,-0.8203573790956258,-0.5913523440814836,1.3635318125137341,1.365552945315342,1.363046143115149,7.413816910273711,7.411552427249206,7.413077165062362,0.21843239990136218,1.281724078598885,0.05649092242286615,0.25467364691700844,0.1267991931725981,0.12665599045323678,0.12679175709121246,0.17272460919324065,0.17266366547860815,0.17240675969066738
20.0,0.0,80.0,30.0,0.0493795939560048,0.0482972029649013,0.04887234149604457,-0.1090134178575875,-0.1546454212462556,-0.1274855188703607,0.38673204550890466,0.38747082509957886,0.3884652971754684,22.123895998007455,22.112627571731803,22.1124476758487,0.43902017212813815,0.5979508873507511,0.1458464476532033,0.02983171176124981,0.25416027458247703,0.2540526744366061,0.2542048330312024,0.0488161638140062,0.04903311345009223,0.048929148581194716
0.0,100.0,10.0,-30.0,0.2684816609336705,0.2665952370413303,0.2674873662622388,-2.300353732022771,-2.4747602064254703,-2.401686884052422,2.1108877021451704,2.1116789488696277,2.111562768584521,5.926217080804879,5.92629944813256,5.930229456841545,0.23293966449023268,-0.35949612398535363,0.02290150565090336,0.4310077880332678,0.1351032239190912,0.13513986931279912,0.1350796544466118,0.26746776286286694,0.2675523737594011,0.26746040034303364
0.0,100.0,0.0,-30.0,0.2680615972170371,0.2664137442736966,0.26722136908769945,-1.9989678708984195,-2.040399219685535,-2.018928657899864,2.1074785871268005,2.10779157516352,2.108478540558381,3.21434988861873,3.2170567230043874,3.2165853111053497,0.17970977605395191,0.07243262674675528,0.0010746045542737541,0.3327406164320834,0.10468731423618971,0.10464844347754985,0.10461999691885805,0.2671592528166982,0.26728568964107374,0.2672536183097949
0.0,50.0,10.0,60.0,0.1760933346415268,0.1740359785098431,0.17501395619498408,-1.171861717728002,-1.4763863563752642,-1.2937619358916272,1.3811650888099618,1.3821062037322114,1.3828584031173987,4.83371493097566,4.830735276479462,4.832551282919268,0.17018934041938025,0.8761358946772894,-0.01579985608286282,0.20569891004382654,0.09968791191993306,0.09965143077019017,0.0996027661481151,0.17493396019731636,0.1751482895457966,0.1750341394352741
90.0,20.0,30.0,0.0,0.2678429898197406,0.2660964329061366,0.2669405880865839,0.4296825212698788,0.1449814883447434,0.31564893545049966,2.1038754906532215,2.102059151302703,2.1011897998175595,6.273189318257753,6.270950100617745,6.268742355045264,0.12375135852489554,1.3353132347999668,0.20204055371721358,0.11049244740369217,0.07219376564083985,0.0722568676609368,0.07226592754860717,0.26709303346879754,0.2667506060512901,0.2669804511399866
20.0,90.0,100.0,-60.0,0.1998907513582385,0.1974133728604134,0.19885540386824366,-2.8421443581869363,-2.859678408960976,-2.8497628955483996,1.5839443714757797,1.5847572262677274,1.5802503762315352,29.958425938181602,29.967389106223507,29.96643949864856,0.6711773269801686,-0.9903746106966866,0.21698633390688316,0.8992876594857845,0.39069962740300523,0.3909297179855738,0.3906346454253602,0.1993088268105553,0.1988345344820951,0.1987516553432536
100.0,0.0,120.0,30.0,0.2264501325640185,0.2233431231092944,0.2245441142947928,0.23945116747306,0.2224270928579767,0.23270270250837796,1.76990772074713,1.7683265634415208,1.7646928826603332,32.62664772444038,32.611784292970036,32.617287853971185,0.6330878447908862,0.7581889626357446,0.9862225296412085,0.0020624914247949406,0.36735227696977096,0.36733909824352384,0.36732648492333164,0.2249325520196854,0.22428910172870123,0.22451144049683217
20.0,20.0,100.0,-60.0,0.0730071014727067,0.0690323152807808,0.07136904151010753,-2.262533442957176,-2.3184300366674586,-2.284692104204835,0.5715453400007349,0.5724908966208229,0.575052336081026,28.151409355470967,28.163052491086187,28.166438954620528,0.5747663799949032,-0.9840908257246944,0.203387858962727,0.19921237700152117,0.33344672518688184,0.3335688240637721,0.33363100862898387,0.0712614742469247,0.07170772691109537,0.07157255982812474
50.0,20.0,0.0,30.0,0.1686343796545293,0.1676010411965185,0.16818184739190029,1.823653315800196,0.105667032047767,0.9601569368690168,1.327651622328858,1.3247490323512119,1.3280642823716653,2.0450188115935926,2.047872373585955,2.045701587974769,0.11381363504228736,0.20426255987157954,0.00045727096180520977,0.1326444269549573,0.06661574066522931,0.0667187780730441,0.0665483109129615,0.16804359102845723,0.16810314844959584,0.16847374377386762
0.0,20.0,10.0,120.0,0.1134429777687145,0.0899063524366159,0.10093260568839724,-0.4359697272882799,-1.324128416357663,-0.8285646451210968,0.8300602746123923,0.8340007651626041,0.8305053446266252,3.974790914722805,3.9781559499654024,3.9650066875325476,0.11038629626361755,1.6261533130268828,-0.0268452517047121,0.0800673688817177,0.07436091730563008,0.07501836554727698,0.07460737375532375,0.10536720094350291,0.10552720848639761,0.10499341662537841
50.0,0.0,70.0,60.0,0.1296162841279957,0.1279061549155242,0.12925430292311338,0.6477271677981372,0.6276201428586581,0.642036846968835,1.019074192719032,1.018434116108134,1.0185938364296674,19.16649030688189,19.16662857984053,19.171744082482597,0.3791857211810869,1.2770937602630603,0.33753580914118697,0.03787363954060716,0.21981909309105901,0.21967813387388693,0.2196954386044647,0.12931219149095408,0.12925588251945677,0.12932300573070124
0.0,50.0,90.0,0.0,0.1267582562913543,0.1253687533330993,0.12600760499991792,-2.073130563840466,-2.099812782044493,-2.0853218829877527,1.0062938158643842,1.0062636738781583,1.0088154062296721,26.36766912637879,26.364252674099014,26.356049607017205,0.5726945361244973,0.0008068566151142684,0.004841000713197448,0.49998304944287997,0.332429190474832,0.33247021027932583,0.33250998954879407,0.1258640066647245,0.12617809468854863,0.12618767474014278
0.0,90.0,50.0,120.0,0.0926467660236288,0.071974615861202,0.08897378066462266,1.6466313894104323,1.3397544649047837,1.5853983377349954,0.7059754969804164,0.7045451364891049,0.7047049060331215,13.779229557607428,13.785291334145288,13.779842815409072,0.2764707617279509,2.312256715435522,0.1659912206076464,0.03460105734727477,0.15979662374611242,0.1598969811227228,0.15986996096470757,0.08944546293668458,0.08928191002863456,0.0894719163764707
0.0,100.0,90.0,0.0,0.2263649586743352,0.2247300886623555,0.22569866244070122,-2.081545184058288,-2.0888419829912745,-2.0857849358240133,1.7955466973420888,1.793741118982928,1.7922525222358145,27.618124247504333,27.605594424412622,27.602673484431605,0.6394860788477305,0.0013349180560203666,0.008914827383588968,0.9999246849527513,0.37230989083809257,0.37224519052958116,0.3719403497097363,0.2259710103585122,0.22555668180135302,0.22577940327160573
20.0,0.0,120.0,-30.0,0.0469569044319256,0.0408354654113459,0.045018517370311324,-0.925731339520467,-1.0633858793033149,-0.9971471657184943,0.36117130489949306,0.36299682480640266,0.3615768533923981,33.09542133226701,33.10335331876633,33.09087539250322,0.6494997566432497,-0.4770156731055509,0.20351276067524104,-0.0003262063529062989,0.3770278339003453,0.3772441596311834,0.37721072968196984,0.045940042849057096,0.045983243734461304,0.04573325731678332
20.0,90.0,120.0,120.0,0.1767933246479216,0.1735184308758426,0.17496350609701494,0.3235770416931959,0.2718282949711236,0.2828753007678413,1.3942709155137853,1.3995230485298626,1.4015681745269724,35.17944894481845,35.187728671643875,35.18217214725713,0.7643532464052505,2.136967232338373,0.2229551370449581,0.8989668253433718,0.44397581694428495,0.4444112277983413,0.44442617690889236,0.17482316178074517,0.17571603850785095,0.1750202836963719
50.0,20.0,100.0,0.0,0.1387193049518374,0.1356521475418846,0.13726954492176013,-0.7366042144709918,-0.7518560085367483,-0.7429978272852573,1.0849719804676559,1.0869764171792868,1.0862441789236421,27.999848012901158,28.002451681992266,27.991940032328664,0.5695959969551916,0.15897306029549763,0.5040070830345273,0.2001588535376041,0.3305659445185086,0.3306338639246983,0.33039841216539684,0.13732586134758457,0.13748968616791377,0.13723153083892758
100.0,0.0,50.0,-30.0,0.2671499142791757,0.2664566978647453,0.2667667325922296,-0.4316860945819044,-0.436931354412304,-0.4342188565261147,2.100843431694973,2.100605668251476,2.0986970708519457,12.227021228108216,12.232343502196205,12.2203899563688,0.22318436617128734,0.19531779739024055,0.41021373428120195,0.04359151323689813,0.12960809518846106,0.12951714323163413,0.12931299686077613,0.2669537370307457,0.26667111240777847,0.2667010745402103
90.0,0.0,120.0,-30.0,0.2057974010596276,0.201133278113878,0.20447851066912617,-0.8205109462410904,-0.8392230784344645,-0.8320158878932381,1.6075854081197123,1.612623661413613,1.6107854952411131,32.69520494904477,32.70562898392081,32.69516455074233,0.6355832775069293,-0.31033471957393394,0.9012681499830999,-0.0018933573851328538,0.3689510759139959,0.36894839342444163,0.36891380514915056,0.20456058763599408,0.20493794536364943,0.20431382764972603
90.0,0.0,80.0,60.0,0.2301807871957503,0.2287267775343097,0.22978288577922829,0.8500147062175365,0.8388224598753666,0.8464842938688305,1.8087923343234948,1.80907879829345,1.8091583032357312,21.334376853401984,21.32543906575571,21.328195332402995,0.4119004776084212,1.4117195862842378,0.6553541765352916,0.027429214478760594,0.23852500479407018,0.23839518212709024,0.2385401604852891,0.22978893546157944,0.2298289428162744,0.22980240893537848
50.0,20.0,80.0,-30.0,0.1339562857674866,0.1334038793210188,0.13358489599388246,-1.3075851116018355,-1.3146673318168585,-1.3118085737962166,1.0575981445089142,1.0565804243501113,1.056409375366069,22.52400835254641,22.525149152665502,22.513074570286634,0.4655060346709927,-0.33611724125370274,0.3879048322512345,0.1882023006567919,0.2698196912476942,0.2698988396756821,0.26980561622412236,0.13364895422250533,0.13350018428062874,0.13363224722657557
100.0,0.0,50.0,0.0,0.2670695940456364,0.2666382043991759,0.2667920919428396,0.0917237715850095,0.066525085476602,0.08532746112784537,2.099859740294233,2.1009725910068666,2.0999009287279913,12.237068417470896,12.237742395355099,12.235300825171455,0.22391166241512475,0.718725196448488,0.41157405509384004,0.045585484151697095,0.12973001903885945,0.12990273255135368,0.12987404159350385,0.26683278127512977,0.2668505281254713,0.26670479413936643
0.0,90.0,60.0,0.0,0.2139089021471859,0.2135779743677688,0.21377649882335883,-2.094203845637704,-2.0982212330914765,-2.096322371290155,1.6949645046104371,1.6955778216394595,1.6946303355646355,19.11815408380011,19.114354713597198,19.099457477920584,0.4691491959975245,-0.0016401266924525872,0.0002339813701528892,0.6948927960262288,0.2726284458177581,0.2723933021919206,0.27206168547424703,0.213846056699873,0.21382086170635328,0.21370761956074696
20.0,20.0,90.0,0.0,0.0788129362829575,0.0775740579150963,0.07828419374335666,-1.2165060324175827,-1.241832889014837,-1.228033013558274,0.6263618013468776,0.6270325063766347,0.6257814394148994,25.419921821277843,25.426254207466616,25.415296827172472,0.5236159389146441,0.07650349784404656,0.20215437098649777,0.19994001545991055,0.3036838063448466,0.30350720484588933,0.3034401868850244,0.07841459468238912,0.07833973569622671,0.07825437769903779
50.0,50.0,120.0,0.0,0.1451069398853874,0.1418181943347958,0.14342693929526965,-1.1861697530420905,-1.2123021341763076,-1.1991817873657873,1.1425737089360082,1.1443572781095348,1.1416435462782557,34.28829863633517,34.280998790628445,34.262722387850815,0.7147466169218194,0.10532819843410063,0.50620024294328,0.5001232357852888,0.4161765880489587,0.4157626485760288,0.4157430021164376,0.14376016001810693,0.14363840986129353,0.14337744687826723
0.0,90.0,30.0,120.0,0.2507531590755392,0.2253947040019387,0.24103266882830843,0.0075397558282746,-0.2815437540321402,-0.05078460057807677,1.935649696564824,1.9358101469271778,1.9360801883874295,11.242841905517675,11.22956396735042,11.230784315450892,0.32223202815906243,2.067953891082741,-0.014044688747928035,0.5576356639848354,0.19112076220165392,0.1909468791171124,0.191213127226885,0.24482079208947496,0.24487208134512123,0.24480706567448082
20.0,20.0,100.0,0.0,0.0728766319258063,0.0702225373944957,0.07150100125581096,-1.2180037351487578,-1.2648288321768828,-1.2390780956545735,0.573793191744988,0.5753014443893064,0.57284846556946,28.16485633350548,28.164976449270572,28.157149530833703,0.5748843810209289,0.06314301887285696,0.20338947308052419,0.2000273183812916,0.33358950490217487,0.3336818793099483,0.3335299121837743,0.07177388678987508,0.07165427693104266,0.0714745621299868
20.0,90.0,30.0,0.0,0.2475820109453765,0.2469445978955159,0.2473345687059084,-1.6870529668000132,-1.7132256953530771,-1.6960252749755869,1.9554197027003497,1.9549722320255898,1.9547682290276789,11.070095147388193,11.072222610295675,11.069957698102469,0.322616346138277,0.20006628670560275,0.10895915947057835,0.5420366907007494,0.1871287912343112,0.18736282561177436,0.18711164761558802,0.24737214398845286,0.24731028481712986,0.24736894296392933
90.0,20.0,10.0,-60.0,0.2681529901309653,0.2463483346820724,0.258590693391321,3.137592270619058,-3.1393467355163605,0.20331914727560274,2.0415637924168655,2.038694295463755,2.041953207527551,5.0797349593851076,5.084171985948737,5.0882499113198385,0.20407140226306872,-1.4243550654295718,-0.024005142246704653,0.35688701859473904,0.11997445186122646,0.11999215534554904,0.11994376919506522,0.25845155470199244,0.25850794606125344,0.25886411801171083
0.0,20.0,100.0,60.0,0.0508163838291047,0.0473085578224933,0.04976466731728366,-0.7976718401989485,-1.0671998523490491,-0.9886291253176287,0.4076399194977782,0.4080732823717683,0.4080105312134393,28.189691746768425,28.177304083518393,28.184683445532055,0.5753855568543794,1.0502662120034263,0.012084146008914892,0.1974434985150184,0.33404582463476484,0.3339310142934241,0.33414013741849985,0.04996300604971724,0.05000602731751573,0.04994041534535956
0.0,90.0,30.0,30.0,0.2420128618122863,0.2415726082124168,0.24179408928482904,-1.562901457291073,-1.6003175526781013,-1.5761948398532273,1.9108620480132124,1.9119572466726056,1.9121737663392222,11.17933136869903,11.172342824164026,11.17148845604002,0.32527659653297397,0.519317038269091,-0.0006254119874319501,0.5449086884423928,0.18874387685236002,0.18868614778506998,0.18862138462924383,0.24173639438484112,0.2419119133236747,0.24176313739882688
0.0,50.0,60.0,120.0,0.0672614902348629,0.0619248734621872,0.06539312796588036,0.5291994143315306,0.3173609946248809,0.45305549330560624,0.5246982539676647,0.5254360520776045,0.5247788040637982,17.23443878979651,17.246534011659573,17.24242830582452,0.364684752426809,2.146647111143277,0.06415457230929048,0.15231950358498053,0.21147559088854923,0.21172864549704554,0.2116526957581772,0.06557077063422267,0.06558526183505091,0.065502647829014
100.0,0.0,0.0,60.0,0.2680563371295863,0.2661649513964565,0.267096164764713,3.14065683253596,-3.1368574359851835,-0.3352899499009053,2.106333503105351,2.1083651231302794,2.1084361088134513,3.2597870881275024,3.2541276340532774,3.257373835417787,0.18227941127625355,-0.6540941694773061,0.0010841552669672635,0.33756630670940796,0.10629665878807301,0.10605652764958218,0.10625793572257218,0.267117399945522,0.2673842443441356,0.2671220462953162
50.0,0.0,10.0,60.0,0.163528534591807,0.1460964743678139,0.1525695675456103,1.714768643851317,0.7929131544369848,1.2013479565894578,1.2156420552648517,1.215001556531185,1.2195215841895628,2.383896312848808,2.352131472359124,2.3970134216840844,0.08165699893805393,1.7304060410409585,0.04398582422576093,0.07885675450781308,0.054810580096364796,0.054421958576634254,0.054619656542237334,0.15402112663037465,0.15448324634151084,0.15457228169032636
20.0,20.0,110.0,-30.0,0.0665409176501571,0.0635524256210584,0.06555130910426475,-1.7532949654870849,-1.8035938889423333,-1.772767135877895,0.5283594476153813,0.5331076465014668,0.5266041163240155,30.89914705460479,30.911862522849393,30.89169584393657,0.626275082984103,-0.47100132199824735,0.20359291240483304,0.19962252089774715,0.3633966451868845,0.3638948451966672,0.3634713853354744,0.06607972454775705,0.0658600611461352,0.06529161232126418
0.0,100.0,30.0,120.0,0.2645868915438477,0.2359303831443814,0.2582212889129056,-0.0013502373929967,-0.3092635744317489,-0.0708219107113455,2.07575441578582,2.075942406949706,2.075471820515607,11.47431923715164,11.471437138394505,11.432718264507047,0.3335424127594439,2.0566735277743726,-0.020501594156934175,0.6175168163691838,0.1986181348244643,0.19775067753533576,0.1982365402127134,0.26259265548517946,0.26259570078327565,0.26250577118318047
0.0,50.0,90.0,-60.0,0.1267733219347793,0.1251484326374411,0.12599333954853684,3.1414865822687155,-3.1415040078273617,-2.724883347942412,1.0079838923432431,1.0065395331886553,1.0066631291724082,26.359785688776526,26.36843991185239,26.364518139613295,0.5726786191880967,-1.0457014825840443,0.006950954277026846,0.4998525119573096,0.33248315590483984,0.3324922476016923,0.3324086977244199,0.12611510606125015,0.12595555632148003,0.12612742559335086
50.0,20.0,110.0,120.0,0.1303423608138417,0.1245623950705181,0.12679588050680743,1.347050373488984,1.3144472168887271,1.3276402890161887,1.0014547353269432,1.0042204185365486,1.0077501676843685,30.769777528463987,30.78239653741567,30.784698939131466,0.6223667551300346,2.2277517148313506,0.5096513244221605,0.2008485867758425,0.36113055680694595,0.36113854229036024,0.36132599015703515,0.1264549310675369,0.12723383100099026,0.12686656112987596
50.0,50.0,70.0,-60.0,0.1748917949788036,0.1735964686447093,0.17389235728982363,-2.1804083872236912,-2.203459866696794,-2.198596304745789,1.3777285089987217,1.3767633164588315,1.3783859794256084,20.584050040468593,20.59985875122858,20.600723193851305,0.4583343778269189,-0.839292579267219,0.3708414197988894,0.4095365941418218,0.2657931905179804,0.26590839241099246,0.2658009244816119,0.17378855060005738,0.17387949735521727,0.1739977997193283
50.0,50.0,70.0,120.0,0.1428265747445455,0.138132736588284,0.14192772382965055,1.5868663075928875,1.530060338139757,1.576801716455838,1.1194565564439103,1.120372488602271,1.120488175684178,19.342892075171587,19.35635071053504,19.351904355885374,0.3908313731648133,2.341199492101838,0.373105835303306,0.0919377878777169,0.22618538733658256,0.2265338071239184,0.22633006171099956,0.1419584729527602,0.14210054997986116,0.14197723681563576
100.0,0.0,20.0,60.0,0.2877000768178044,0.2531791112555328,0.26658517930319825,2.848330570497833,1.4554266037655703,2.144547616028103,2.097476172350003,2.1047053604571984,2.103454694932275,2.8810200186116663,2.8896703695509585,2.8718664896226875,0.08873340070477861,-1.4105066005408067,-0.0037914735244086225,0.14779777007063957,0.05346676708905727,0.053343114624323215,0.053474080233916664,0.26661405050960924,0.26736709387161384,0.2664500693321556
100.0,0.0,60.0,-30.0,0.2671144686507121,0.2663771955892066,0.2667527113258068,-0.5459804025373007,-0.5530031382944034,-0.5501644096879722,2.098966949169505,2.1015360049799945,2.099639504043731,15.263786899233,15.26922177673779,15.265418400882051,0.28722242473869064,0.05875664816226012,0.5289472341980351,0.04519302849987613,0.166163630508421,0.16627282353609288,0.1661756268184051,0.2667972360950105,0.2668844944931701,0.2665596791656639
0.0,100.0,20.0,-60.0,0.2680820900241031,0.2675130946787821,0.2678164608323574,-2.802265757431054,-3.076680280751566,-2.9822394241708685,2.1151276522991167,2.1153705264185505,2.115895693746417,8.704400336729405,8.702743938050943,8.705980639880615,0.2873178510578859,-0.9495588638267705,0.03392324401727979,0.531680911935722,0.16698372845543605,0.1669582831181989,0.16699172958943473,0.26777214718390824,0.2678677823105295,0.2678353721187229
20.0,20.0,90.0,60.0,0.0473827522294611,0.0457861624742235,0.046674246882277746,0.4168176754139809,0.3584378766081509,0.3902679482204524,0.37008172563291075,0.3702297152806226,0.37178812583866494,24.8860107366695,24.875347278612775,24.884704667957507,0.4930502765335206,1.1104306942197568,0.15665614855079826,0.0311536461171561,0.28604896258784396,0.28560965652079856,0.2857549448773759,0.04665466121512553,0.04683654670838795,0.04680555104052594
20.0,50.0,80.0,0.0,0.1299216991128118,0.1293605673281375,0.12959094336433727,-1.652051836591501,-1.6624913201079698,-1.657314514230456,1.0333051632280654,1.0332494160650236,1.03208272948946,23.474887012559183,23.469820050785902,23.451983000901297,0.514066665468755,0.07132722994814839,0.16558452264883292,0.43105487214331845,0.2984470515768399,0.2978387915041343,0.29782840162327184,0.12972013794054893,0.12958339795765567,0.12954157650764042
90.0,0.0,50.0,120.0,0.2604385304337836,0.2465154489700627,0.2567284673045649,2.161019445733244,1.977480789351877,2.112212782501788,2.0221490060034917,2.0235299948727237,2.0239632466427144,12.460237422895993,12.46706943845047,12.461668483502566,0.23479978935757476,2.7775760284880575,0.4133796878149199,0.06032883588815415,0.13585304646145477,0.13584852868874678,0.13579059134257107,0.25688018064166385,0.25710789047195615,0.25693445935082276
90.0,0.0,110.0,60.0,0.236027908562945,0.2293129616045936,0.2320064755020568,0.7918514068031002,0.7728221644887514,0.7850713203148556,1.826141008072358,1.8244402700485252,1.8260341476400204,29.75459182144644,29.7509173271517,29.758123022771308,0.5764142202865175,1.3122932928106712,0.9273442493885212,0.0035974949325872866,0.3344377191113879,0.3343241260661056,0.3346048740852022,0.23195474441920572,0.23194329260252566,0.23215789366021825
50.0,0.0,120.0,0.0,0.1131389904113392,0.1115870502041876,0.11243143667953444,-0.3983878540251324,-0.4197437004983598,-0.4069616688106451,0.8864504353149592,0.8862426180729188,0.8851456262274163,33.00388914556037,32.99925584366255,32.98860877844168,0.6459512852568368,0.11663649377763054,0.5043215974424319,1.7637706786486563e-05,0.374665426275421,0.3747847199451948,0.374777962935139,0.11262926336558797,0.1124600328173364,0.11250221043416012
50.0,50.0,50.0,30.0,0.1876885313173801,0.185678371186043,0.18709003225050375,-0.5434427380198946,-0.5856703511076102,-0.5557417759400155,1.4803685235507622,1.4814009230886682,1.477839009253386,15.087250717453175,15.084651654006706,15.084248857980091,0.35413752748130556,0.8298491874908607,0.29875495149873854,0.34862889986215506,0.20523783413822966,0.20535568572593443,0.20519681433598455,0.1873778976993348,0.18706444149654736,0.18694968235329903
50.0,50.0,120.0,-60.0,0.1454650935888098,0.1399882082519661,0.14325333099648013,-2.2310776887799104,-2.2599255424032743,-2.245219259507517,1.14068054451124,1.141614211854459,1.1432532227791976,34.25880124354884,34.283976647180246,34.27843144407288,0.7145953139188498,-0.9418842807930796,0.5058409002015734,0.49864370568452215,0.41563238981443684,0.41619808132161795,0.41564438482712907,0.14325480266219387,0.14363118594808993,0.14350316421599507
90.0,20.0,110.0,60.0,0.2283692291060906,0.2235066116880735,0.22507665382901348,0.565971637060743,0.5489824032959718,0.559353640434081,1.773433941440532,1.7759670224042652,1.7752312762734783,30.411738418630833,30.401877637408585,30.411281923531913,0.6101373903646192,1.2981033528094705,0.9307643727623888,0.2033958223845875,0.35412685348493844,0.3541034459048735,0.35426802702928145,0.22505433300512886,0.2252688662199816,0.22495228529194705
50.0,20.0,0.0,-30.0,0.1686343796545293,0.1676010411965185,0.16818184739190029,1.823653315800196,0.105667032047767,0.9601569368690168,1.327651622328858,1.3247490323512119,1.3280642823716653,2.0450188115935926,2.047872373585955,2.045701587974769,0.11381363504228736,0.20426255987157954,0.00045727096180520977,0.1326444269549573,0.06661574066522931,0.0667187780730441,0.0665483109129615,0.16804359102845723,0.16810314844959584,0.16847374377386762
90.0,0.0,50.0,60.0,0.2602709039164043,0.2518575078780398,0.25800419953351067,1.118433207368597,1.0079948908749583,1.0887491071493214,2.032919088252935,2.031430002930362,2.032645848779908,12.39546674702905,12.39381251598342,12.3988041698347,0.2308886024447754,1.7363721745484688,0.4096861086638461,0.05181041584804821,0.13367701888367434,0.1337191871735221,0.13370322131325635,0.2581126445449604,0.2580807399811553,0.25826603849347335
90.0,20.0,120.0,30.0,0.2027918334265733,0.1996472262140846,0.20050457192563859,-0.0101129985663997,-0.0215640926622687,-0.01543422786129223,1.583055632185845,1.5826622985763508,1.5813160451107837,33.27634438381411,33.269479203958426,33.27035312975569,0.6664004094541756,0.7275268844642688,0.9052614371390963,0.20162680667174812,0.3873046343927697,0.3872611678235892,0.38749220649102145,0.2006564099298673,0.2004568987544243,0.20052345335803504
20.0,20.0,50.0,-30.0,0.0909677901908292,0.089520527688128,0.0899292553704369,-1.8356166767739548,-1.8862999108579024,-1.8623491626184978,0.71519032905746,0.7143572404851851,0.7143086600640294,14.58044199502167,14.5890889092826,14.586782440325443,0.3176610975199579,-0.3931417384759026,0.11604707838112405,0.16045825063848404,0.18450501763779117,0.18455051043383594,0.1842991401704878,0.08996849331145078,0.08986731487227721,0.08996770269147279
50.0,0.0,20.0,60.0,0.1725158434528092,0.1429787575066679,0.15435490175912814,1.2468774558574818,0.6444060586440866,1.0054357807376824,1.2246287013726609,1.2213582322036527,1.2235685231049833,4.922718071013013,4.950151896385737,4.935103437833155,0.10992186586531612,2.0403023930027686,0.10195494253957309,0.05968309411726322,0.06562860754057666,0.06582147726446004,0.06574350929348999,0.1551594139714401,0.15509298871491997,0.15544856128410908
0.0,90.0,90.0,60.0,0.2078907001091217,0.2048731790135706,0.20694996038422836,-0.990366490443799,-1.0312932724837227,-1.0206445206167352,1.6464384629619708,1.6463465579760266,1.6464339121897689,27.369151382587447,27.366552543630476,27.37668337494348,0.6268062127308394,1.052388299794177,0.02123783546501383,0.8981226355935433,0.3644226053390752,0.3643256246762354,0.3645839343513056,0.2070509367809778,0.2070341757189419,0.2070713073110796
0.0,50.0,110.0,120.0,0.1087542036361233,0.1015949394198714,0.1073356628196925,0.1372544710133872,0.0090766038272571,0.03375222951660879,0.8636245912351643,0.8656523504873413,0.8639010343993223,31.666355942881353,31.681033126278766,31.667904961897392,0.6680909055122254,2.0976181899511834,0.01758484704287302,0.49558094903819616,0.38810347900690567,0.38856685016028847,0.3884587961985817,0.10760844849202393,0.10764209439008676,0.10740053208641057
50.0,50.0,70.0,0.0,0.1720012428003429,0.1717357056898961,0.17185546155194958,-1.1544364988310007,-1.1590207708235594,-1.1562989285026302,1.3601388488533945,1.3628075331511025,1.3622492158670452,20.591558099692467,20.590175560908516,20.57861793903712,0.45770278273735265,0.2050120821404908,0.36500732710293365,0.40500624505087074,0.2654336751934229,0.2654612081132311,0.26542721108303713,0.17180755229635594,0.1720720153550559,0.17173454063388596
50.0,0.0,90.0,120.0,0.1129782257748371,0.1111649461993189,0.11255046920696038,1.896414192179724,1.872540028734286,1.8877738500478525,0.8846130326990503,0.8836077599462507,0.8841716048908168,24.408855099488278,24.414257555543067,24.40965735221009,0.46992239236909233,2.2483581412185583,0.3617740837949983,-0.059360335596130465,0.2721821184146375,0.2722372979441945,0.2722286833902096,0.11258658452579168,0.11252733702214565,0.11266357928552338
100.0,0.0,60.0,120.0,0.2672076013063396,0.2644522939980326,0.26674227497971303,2.0718164988863523,1.9902628349299911,2.056979239672965,2.100007140972808,2.100383205965638,2.1004065957200004,15.293285938588244,15.298307527220283,15.292314463853044,0.28917015637727017,2.676235152146863,0.5322445530560023,0.05196666312824749,0.16729133574114938,0.16724585135914707,0.16715719492109254,0.26675064980530283,0.2667976442760071,0.2667498976332819
90.0,0.0,100.0,120.0,0.1916838809082028,0.1903177906856519,0.19145705948330172,2.067901393841624,2.058262936243439,2.0652073332404433,1.5032093494340906,1.504465453537601,1.5030686225758876,26.536863623774835,26.556250667565557,26.54233744373497,0.49436610417711274,2.3262935524339885,0.6335691794544583,-0.17005475562428618,0.2865739839989133,0.28642997032579526,0.2864216729181925,0.19156457542469427,0.19152690448201581,0.19137146523919882
90.0,0.0,120.0,0.0,0.2055650609513241,0.2040906198052616,0.20484168555308074,-0.3040439734951878,-0.3160919699200071,-0.3099311389559825,1.6128052455195814,1.6107089158152224,1.6147739253000615,32.705818383728136,32.703719486387484,32.69492154373118,0.6357837904781883,0.2136623777822201,0.9034477497106207,6.943156985937825e-06,0.3691625957245254,0.3690581681950716,0.3688893472764011,0.20465248751615425,0.20491634548457932,0.20515181442167096
0.0,50.0,30.0,0.0,0.1573808297234094,0.1565589197778678,0.15703329565686022,-2.089292080067968,-2.0986964895916875,-2.0933685559967348,1.241842153887845,1.239607700703664,1.248150236180801,10.141718738501691,10.143043580754053,10.14088999729588,0.26805960767278436,-0.0008907480092369535,0.0006678345848436826,0.2916694957578458,0.15553733161488725,0.1554653094346505,0.15548969052032457,0.15642344774281117,0.15722007983111932,0.15751011950863508
0.0,100.0,0.0,0.0,0.2680615972170371,0.2664137442736966,0.26722136908769945,-1.9989678708984195,-2.040399219685535,-2.018928657899864,2.1074785871268005,2.10779157516352,2.108478540558381,3.21434988861873,3.2170567230043874,3.2165853111053497,0.17970977605395191,0.07243262674675528,0.0010746045542737541,0.3327406164320834,0.10468731423618971,0.10464844347754985,0.10461999691885805,0.2671592528166982,0.26728568964107374,0.2672536183097949
20.0,20.0,120.0,0.0,0.0618986668448626,0.0589336139913171,0.06059517085972971,-1.2459360556671992,-1.2721392276957406,-1.2578017230922762,0.4908728271625308,0.494098306646457,0.4926605926209453,33.623505620907466,33.63208322027607,33.6311973842061,0.6781804942611966,0.04450019199465552,0.204330313167154,0.2000289742951863,0.3940162091290484,0.39423503744927496,0.39409787986789296,0.06086313726851193,0.06108054796392187,0.06070097708559158
0.0,90.0,0.0,-30.0,0.268150834598054,0.2663405025266216,0.267218960373473,-2.0129884724108664,-2.05087923953319,-2.031157280922236,2.106940149130641,2.1074845318647086,2.1092364994117716,3.21750495214964,3.215446197751963,3.2161201357267393,0.17972446003360423,0.06020070696787681,0.0010783654891820876,0.3327477881089026,0.10478240323616,0.1046550204168933,0.10466919329440057,0.2670571259800402,0.26734507165731053,0.2672862692302907
20.0,0.0,70.0,120.0,0.0532218524271874,0.0491471048239216,0.05233816266666721,1.3976782976269315,1.327855520542918,1.3730562983779184,0.415931135783391,0.41687702448282904,0.414626199931801,19.41368274677254,19.42402655312033,19.415304596738448,0.38781631640596786,2.1833547949956573,0.13480993813763165,0.03983343631704234,0.22473686708745624,0.22485255149007044,0.22461800068414695,0.0526132258639773,0.052430864352535814,0.05232398777394742
20.0,50.0,10.0,120.0,0.1854839410458679,0.179768074202847,0.1815850161147573,0.3718076931142826,-0.4977327901787368,-0.0008570809007801439,1.434424751120803,1.4349101640606876,1.431439768831835,4.93309150421011,4.9388021176044665,4.939554880430682,0.17427288734554247,2.092022359923015,-0.0006783517514944252,0.21873301934167907,0.10221421489851411,0.10235113245011057,0.10240837469409862,0.1818324932209338,0.1814622044852961,0.1813920928919317
20.0,90.0,70.0,-60.0,0.2116994876256112,0.210505003939616,0.21102119286705642,-2.830702777530812,-2.861851525354047,-2.850026631238348,1.6749899197949965,1.6732005986936098,1.6744518442271534,21.74795004098751,21.762777409720737,21.76291049149069,0.5172165349519136,-0.9688790239159195,0.16083719532770493,0.7390537044963639,0.3003440947439722,0.3003605423516341,0.3002303608860131,0.21102414394628843,0.21096554324864078,0.21117959661528168
90.0,0.0,60.0,30.0,0.2488768875881577,0.2458419809807392,0.24814435069941967,0.4579897295343821,0.4251730684571974,0.45041326210887017,1.954609253650697,1.9536776555568705,1.9536681892017367,15.46868115124071,15.465312579200841,15.465824977638633,0.294164886330981,1.060747793413648,0.5039333858910093,0.04407634429535115,0.17032998999212973,0.17019752051823045,0.1701265694289373,0.24823030039096874,0.24810738966912246,0.24822139316146047
90.0,0.0,120.0,60.0,0.2152962554178065,0.2101134516776598,0.21165445693340232,0.7490846443632494,0.7269698460505376,0.7414436322072956,1.6635676610977475,1.6677128104379062,1.666446235084609,32.682090620528264,32.673430780683944,32.68358460578268,0.6352229084340036,1.2680621243075354,0.9329973880390007,0.0031009944075637377,0.3686046447604872,0.3685413159401964,0.36884247387609836,0.2115976996206966,0.21193703978471543,0.21142617400286345
90.0,20.0,10.0,60.0,0.2679080763570312,0.2652659460808048,0.26685530965605386,3.139022632941884,-3.1387178877671187,1.1363991151231345,2.1040192423488544,2.106385929081669,2.1033239536398676,2.377558775845523,2.39070905929174,2.3584119208688494,0.14548490034505657,-1.5761015196135777,-0.019154211118996674,0.26148640582495375,0.08639939560784426,0.08655290326531508,0.08644127300255913,0.267091560126374,0.26699304047166456,0.2666929312976241
90.0,0.0,60.0,120.0,0.2492291854978434,0.2409166684110057,0.2474259528358459,2.024358808351646,1.9333597629569872,2.005104764439979,1.9484712189083728,1.9492253608184518,1.949742034013661,15.509274475868182,15.514025585199033,15.512338812324629,0.29679789227298414,2.6291330986887083,0.5062271511189719,0.0517556171818017,0.1717847350106266,0.17180826224683748,0.1715881623112862,0.24748635055509857,0.24764417813290185,0.24754553287419417
0.0,90.0,40.0,60.0,0.2318504159443237,0.2310715601784628,0.23143332300051198,-1.0481270576534447,-1.0708770301944217,-1.0547716392428266,1.8303303622750033,1.8324011665120963,1.8314748597200508,13.808042043866118,13.806746767924903,13.812493878627647,0.3720202989226766,1.0428614101326101,-0.0018844911777908648,0.5965278898203942,0.2157746997765336,0.21566900293457222,0.2157010811450639,0.2314302200429692,0.23158098298765695,0.2313159057026985
0.0,100.0,110.0,0.0,0.1988176443622525,0.1969216193113967,0.19788782019551968,-2.0797157222155453,-2.0911273087979905,-2.0858535941996537,1.5768665990060986,1.5774631283171723,1.5781103010058843,32.79766260261604,32.79395129777089,32.79231605715118,0.7293950392996883,0.0009507372702211341,0.009344292477643758,1.0000433090313083,0.42401866390188975,0.4242116841013425,0.42386735037376083,0.1979312944991787,0.1980699070111865,0.19800951668771044
0.0,90.0,30.0,-60.0,0.2438198734273865,0.2424457808914007,0.24280962720898966,-2.94680891033176,-3.1229547635537944,-3.0708456998559135,1.9195219552821292,1.9194269533516626,1.9197037428166834,11.174650809501667,11.178419797670191,11.181779008302913,0.32554889661046765,-1.0132523583806698,0.021226560026144956,0.5470661517198034,0.1888646640166821,0.18901696607062574,0.1889687146281558,0.2427810540690363,0.24280230858667687,0.24282271213003614
20.0,90.0,100.0,-30.0,0.1997556688987586,0.1976930626225839,0.1988195841664222,-2.321280634622863,-2.3379685302815587,-2.328841582664805,1.5815371556135949,1.5832580327698023,1.5831543215562776,29.963375480558245,29.965152970022867,29.96107075703169,0.6712372930332315,-0.4672966689453903,0.21504458650660263,0.8997246993841982,0.3907268206985697,0.39084718108604477,0.39086955470475676,0.19887190624105125,0.19906618870030832,0.19883143787233012
0.0,20.0,120.0,30.0,0.0438174157473264,0.0420451552907608,0.04294982504317344,-1.328328354135943,-1.44584247341966,-1.4158213089922242,0.3600241314482873,0.35793557110376667,0.35876698507272753,33.64708972212818,33.63473475747779,33.633358596785854,0.6786929930460387,0.529810609269007,0.03183085953290241,0.19955560351287757,0.39419216492120607,0.39433289481772565,0.3942950546552465,0.04326821090988872,0.04309468855073798,0.043357216934096277
20.0,0.0,110.0,0.0,0.0507290540282521,0.0472836002138023,0.04918515592183775,-0.4430781484013567,-0.499218782144209,-0.4679110619939237,0.3885068829508998,0.38674399115554453,0.38897436875170543,30.316345529825984,30.316115053914316,30.309261208519857,0.5953622012328955,0.05555517187270143,0.20353091802595308,-1.3229373783661598e-06,0.34547792813224065,0.3453972432406134,0.34536912986761426,0.049256963842819954,0.04933262217971185,0.04953484389699923
20.0,0.0,50.0,120.0,0.059285528914959,0.0502326049864619,0.05704919403924818,1.326902491317718,1.107507746933075,1.2645747487392756,0.45425182458092805,0.45329366732033727,0.45366483399429886,13.976789186358362,13.977275339356241,13.979195852025049,0.2847283714628869,2.2229152914704713,0.10166501968499696,0.0473796196614426,0.16475752773318328,0.1645973342313682,0.16467130990268686,0.057239880117790756,0.057158607012373734,0.05728799695610687
50.0,0.0,50.0,30.0,0.1403660484783592,0.137268591500426,0.13952535011795686,0.1845539557525064,0.138821417255325,0.17249886266430003,1.0998317015657646,1.0995745859085406,1.0996733654255222,13.578793599715885,13.574192933778463,13.578628005328698,0.271168919693983,0.8716021944116469,0.2580896025643779,0.04592102633966559,0.15693142066115248,0.1567382424462761,0.15690235661825058,0.13956535138759601,0.13954708214362233,0.13958002516466375
50.0,0.0,60.0,30.0,0.1347226829600012,0.1328673283485085,0.13422757680686587,0.1435435219978338,0.1216655411328726,0.13677806986647817,1.057215439324024,1.0586111953997153,1.0579497261256068,16.388533170761203,16.389022538643967,16.386473986895762,0.3254920331660774,0.8020433797571523,0.2997119597453887,0.042830214911565745,0.18860097287085445,0.1886787030769756,0.1887079879227768,0.13425431468153531,0.13435246180758284,0.13417165049026725
20.0,50.0,60.0,0.0,0.142087832215274,0.1415159646744039,0.1418467062717489,-1.661083652413219,-1.6708868384534008,-1.6653263788093207,1.125042192278218,1.1268437294418066,1.1289265849069898,18.103838429578204,18.10068936964673,18.097765130252483,0.41394839071119244,0.09541458985670254,0.133481477367024,0.38438874752095753,0.2395798521925685,0.2398696156779695,0.2397873631366052,0.14161362535856978,0.14210407685569584,0.1418712658846997
20.0,90.0,100.0,0.0,0.1998251837096964,0.1980346588680486,0.1989427137324973,-1.7967765514415848,-1.81116942843126,-1.803573242635459,1.5851998991051373,1.5808507493553268,1.5845521089520695,29.970464273639195,29.966631659896343,29.960015877779274,0.6712602100285264,0.056656984838224234,0.216405246735567,0.9000737019290518,0.39093798593332385,0.39071977988178375,0.39080100910466464,0.19890107788611083,0.19883509849686218,0.199380876815552
50.0,50.0,50.0,120.0,0.1884224264096835,0.1820259196450122,0.18690505639465493,1.026919913119504,0.8801515048465746,0.9936517813708835,1.4802898837735958,1.4792487399416026,1.4778393765115572,15.113576522161752,15.12218432675169,15.114345329935299,0.35578773988694307,2.394669439620304,0.29377793338320324,0.35469126806629175,0.20609067397476485,0.20635170326404537,0.20607954943813558,0.1871823211763785,0.18687967854983464,0.1870157853809474
50.0,50.0,70.0,60.0,0.1696661303054348,0.1682813326119445,0.16928784479821268,-0.0828262787589094,-0.1053415917792681,-0.08803734201804612,1.3410183393875694,1.3412921035803085,1.3420073390077587,20.532180664882997,20.52403829642566,20.534226966478677,0.4547718467842908,1.2535597978087005,0.3648433071009133,0.389349610568059,0.2634942968983387,0.2636458620687715,0.26397196470234197,0.16924246969385312,0.1693693167668811,0.1693424836579774
0.0,90.0,90.0,-30.0,0.2078915834561957,0.2064546621782422,0.20719372450745863,-2.5971191015841715,-2.605477993872499,-2.600096009441404,1.648414097856962,1.6482891674995295,1.6473800645334185,27.365058024874017,27.38072604185171,27.37390579992373,0.6270214653566772,-0.5203124150879834,0.014671885368832412,0.8999382961795936,0.3644294906686871,0.3646208826512564,0.3646731848620122,0.2073405480705456,0.20719484192442175,0.2072426062365351
50.0,20.0,100.0,120.0,0.1415660173638565,0.1355148863599599,0.13813862818667147,1.3691729374254675,1.343013479773602,1.3536768296548403,1.0929660447067147,1.0922105405301097,1.0937765513742512,27.991983770088652,28.000935353584698,28.001548631624203,0.5696101566654872,2.2544400326137266,0.5072435735136391,0.20050429129172018,0.33042504185057986,0.33060805208054006,0.33063829371846654,0.1381295878752826,0.1382326945224304,0.13833007302730568
0.0,20.0,40.0,120.0,0.0807551674262117,0.0773389685953375,0.07874850970238562,0.008269044553365,-0.1871435818240804,-0.04324135487638983,0.6294667705623126,0.6278490805137695,0.6266538864965722,11.990033050905367,11.988755295642697,11.986640636193465,0.267429263700651,2.085406942807156,-0.005233364054578682,0.14591750238164858,0.15608072689639838,0.1559805922275646,0.15604953446366393,0.07905690767967115,0.07869064383443836,0.07887993708044128
90.0,20.0,0.0,-60.0,0.2608354362028808,0.2597922302109539,0.260323202261263,3.139799223099109,-3.138075816166457,0.16016486792817158,2.0546822579551645,2.0536813090810644,2.054534657900378,3.1876283103745244,3.183042232852486,3.182796221029676,0.177460282414358,-1.2053903272224533,0.0010281507046783786,0.3202816869406676,0.10349209388059674,0.10332738777010579,0.10339402489289427,0.26038359534909816,0.2603665788092951,0.2604802139676373
90.0,20.0,120.0,120.0,0.2058509817928475,0.199495625102863,0.2012482113900438,1.5594556836968327,1.5471978986563724,1.5544449272099221,1.5885226744902246,1.5872881952562081,1.5876711917450108,33.26446194243257,33.281073450929306,33.2769365633,0.6666273138058058,2.299017577816562,0.9088058011986462,0.20396354054728663,0.38732244196144405,0.3875549843282396,0.3876335752026031,0.20124179320494065,0.2011586440206545,0.20133128571272244
0.0,20.0,120.0,60.0,0.0435081689699615,0.0411134725676398,0.04241914316106607,-0.8564290657996528,-1.042426976048764,-0.9968392735616041,0.35568063218202245,0.35640675240874475,0.35355377419494266,33.63850066553113,33.635342903133406,33.64545603712733,0.6785677962001975,1.0489213272435265,0.0118080033138069,0.19875782471591427,0.39424601173941815,0.3940778674592034,0.39424354085024593,0.04296720763405804,0.04267845443238179,0.04261274702688465
0.0,100.0,120.0,0.0,0.1869616242865599,0.1851398015329106,0.18605399833073602,-2.083983963478353,-2.091698590207133,-2.08828168989432,1.488108117800403,1.4853033351466303,1.4864352625550772,35.39562536861964,35.39409410538657,35.38332496780003,0.7757736306525599,0.0004245438131407796,0.007470326876972405,0.998908142311477,0.4509027945902873,0.450705458154496,0.450728816720651,0.18629159921340463,0.18608581703196725,0.18643101787723426
50.0,0.0,10.0,-30.0,0.1791334316140922,0.1479053152871142,0.1604467038817859,1.0423979592728458,-0.0380631872185708,0.4806128422744612,1.2983333265684822,1.2945351670056482,1.296498738543956,1.7726582691830117,1.7720160996335728,1.7523885052219075,0.058978889285983084,1.3917833958986798,0.00394585845812462,0.07340743129503483,0.050830335595091064,0.050305321991274646,0.05082954937930905,0.16460608722571743,0.1643280352744703,0.1648197239273846
100.0,0.0,40.0,60.0,0.2676183206583828,0.2661349820937944,0.26681313667608847,1.3449149700510743,1.162822417797136,1.2900616767454947,2.100818102515644,2.099577616685481,2.1013291655090267,9.102752771820835,9.104128263410942,9.106338735113999,0.15916225023907243,1.9979548501415256,0.2898406443618737,0.055577113600882855,0.09241186180984429,0.0924886777787538,0.0924126367760929,0.26673154196602067,0.2667919205312682,0.26695195127299864
90.0,0.0,40.0,-30.0,0.267510952859438,0.2660770493216824,0.2666773920672074,-0.2187618255255693,-0.2529042531491323,-0.2304987019865581,2.0996400328309646,2.1001320334636624,2.098075834438177,8.969670951660273,8.973054691037536,8.969985085258394,0.15027722830846382,0.4363304359991772,0.2749987527505851,0.03982684232802203,0.08746034371339681,0.08753076466181592,0.08730577641893293,0.26683630777049705,0.2666402984701352,0.2665689594165808
90.0,0.0,90.0,-60.0,0.2251179311295689,0.2241887879149265,0.22436374185598487,-1.292727765215493,-1.3010763063065705,-1.2987526151539062,1.7655087847944195,1.7666248719606998,1.7666499668316342,24.217446846421844,24.231490342303893,24.220752941406936,0.4706774327872533,-0.7326748272973,0.7313321948510362,0.03100713650696428,0.2727439459782447,0.2729309423862426,0.27284137531163577,0.22432240085539204,0.22446196081708225,0.2243003661279283
0.0,100.0,0.0,-60.0,0.2680615972170371,0.2664137442736966,0.26722136908769945,-1.9989678708984195,-2.040399219685535,-2.018928657899864,2.1074785871268005,2.10779157516352,2.108478540558381,3.21434988861873,3.2170567230043874,3.2165853111053497,0.17970977605395191,0.07243262674675528,0.0010746045542737541,0.3327406164320834,0.10468731423618971,0.10464844347754985,0.10461999691885805,0.2671592528166982,0.26728568964107374,0.2672536183097949
90.0,0.0,70.0,-30.0,0.2409873909919057,0.2399058057281468,0.24028583223888536,-0.6744857762859799,-0.6851325058174556,-0.680643050495539,1.8902325009107406,1.8934042118564125,1.891546828737741,18.456638708927454,18.466771379762726,18.45786037155343,0.3554312457893269,-0.08446380434797314,0.5903006993666532,0.04285504863035193,0.20613827520807926,0.20604079472439585,0.20589610709317793,0.24031916072502013,0.24046630330493568,0.24006566832450857
0.0,20.0,0.0,60.0,0.1143691774492201,0.0948409349449528,0.10489836464724432,-1.9683521513389437,-2.1233151001426056,-2.0527377363804375,0.8722778098357091,0.8709131581624432,0.8747650155537772,1.902104196040116,1.891876442467774,1.8882663867576022,0.07093800316225875,0.034990315627435244,0.0005446495022690768,0.06404501311115599,0.05734085173728654,0.05711521210826777,0.05723777345929586,0.11036082402021788,0.11068358610241595,0.11084052188051222
90.0,0.0,90.0,120.0,0.2140690839939709,0.2120973059815754,0.21373879406999727,1.9817649517575109,1.967313026982976,1.9787615256430955,1.6809736482040332,1.6805834439198062,1.6817044628843634,23.897031661527617,23.90040615759464,23.897900228706803,0.4508532117394092,2.392080246888173,0.6637864931862665,-0.07331010442154738,0.2609913445908341,0.2609647649064358,0.26092196023049224,0.2137014627192851,0.21378650097670074,0.21382971976905898
20.0,50.0,0.0,60.0,0.1909636467372933,0.1895781243535693,0.1902799398189125,-0.6766401830800919,-1.3384858304363978,-1.0081816830481272,1.4982276919323732,1.5028062997035667,1.5017107441057285,2.302889502782751,2.301525254446622,2.307365340927017,0.12823085132279952,1.0830780882727609,0.0005836207909148001,0.16906286556832184,0.07515375620076474,0.07503139184732027,0.07521527917242259,0.19018368979554043,0.19062539060292177,0.19004456846461792
50.0,20.0,60.0,60.0,0.143317341476159,0.1407437023488594,0.1427272374107117,0.3078629282527843,0.2668907412252452,0.29872748385238107,1.1284415171597124,1.1284355200995746,1.1275478655729418,17.00137787910531,16.993253838583712,16.999296641928836,0.35917616116250395,1.3107544762577994,0.31361242723622185,0.16681144534314415,0.20819310383747666,0.20809011480326467,0.208248355725107,0.1428474154300999,0.1427360893452504,0.14274150807081468
0.0,20.0,20.0,120.0,0.1095490868581634,0.0781647726587481,0.09359568434703947,0.0560536547551405,-0.6974006636268483,-0.28371142826813567,0.7463670856918723,0.7471513354294532,0.7464079017440635,6.627988144961202,6.630432373397577,6.635037974165156,0.1672253267048209,1.9875606118542277,-0.02025164995024886,0.10640835552519452,0.09891788846338244,0.09925568812397612,0.09913592143035752,0.0943429263933525,0.09434155253664887,0.09423841331733189
20.0,50.0,0.0,120.0,0.1909636467372933,0.1895781243535693,0.1902799398189125,-0.6766401830800919,-1.3384858304363978,-1.0081816830481272,1.4982276919323732,1.5028062997035667,1.5017107441057285,2.302889502782751,2.301525254446622,2.307365340927017,0.12823085132279952,1.0830780882727609,0.0005836207909148001,0.16906286556832184,0.07515375620076474,0.07503139184732027,0.07521527917242259,0.19018368979554043,0.19062539060292177,0.19004456846461792
50.0,0.0,30.0,60.0,0.1529013194620757,0.1412463740565366,0.14878796074327844,0.9305920935887464,0.6528335916342909,0.8376140541794624,1.17499168105331,1.1733089411903534,1.1735029726690696,7.893114908780847,7.893169526790002,7.897001894652014,0.1624230732257268,1.6730760838179404,0.1589974433910398,0.052018990704381846,0.09433962719755003,0.09435403587148523,0.09437850575670954,0.14906202270535943,0.14886902621085213,0.1490858387258441
20.0,50.0,20.0,120.0,0.1733749275060178,0.1709719576346897,0.17200057050483158,0.5254990809085255,-0.080763081098523,0.2879061579581461,1.3610830845867068,1.360077852864182,1.3580454276112697,7.497678572798809,7.508726709567715,7.504060798751019,0.22027792810328314,2.241962993100894,0.03524116648062983,0.25933034069739974,0.12808370669276567,0.1283224334325865,0.1282309570722732,0.1722428969752989,0.1718638599695973,0.17199437340465973
90.0,20.0,50.0,60.0,0.2559636686874834,0.248688836848076,0.25404217007950947,0.8699054228318055,0.7683097893598562,0.8440938473483475,2.00315086277667,2.0019249587792753,2.002680498213752,13.133557225836094,13.130752148525627,13.136992307176566,0.27137369268161177,1.688790892130201,0.45318341215420854,0.15142170646777145,0.15699191436581497,0.15697269056106222,0.1569688947901616,0.2541504275663314,0.25409015663729684,0.25423926062930596
90.0,0.0,80.0,120.0,0.231258545667966,0.2284115726600559,0.2307137979104345,1.8860047923065,1.8636552349594249,1.8814032889523502,1.815796945562043,1.8173185448784996,1.8169404245586764,21.351655686999507,21.36610198559307,21.368462968859816,0.4138381508235009,2.4602265825601815,0.6606301706479286,0.03679930846222137,0.23944952668423408,0.2396786056404719,0.2396103323550456,0.23072687850308754,0.2308815957917749,0.23067863689985582
0.0,100.0,120.0,-30.0,0.186977267632477,0.1851527233144122,0.18608319049840327,-2.5994461899074324,-2.6131690961137783,-2.604746853094044,1.4867408599498992,1.4860715807544098,1.4881061034971461,35.38966295904202,35.39638829237965,35.38456549289999,0.7757989462173043,-0.5220217231139136,0.013311303032480655,0.9990361012224873,0.45057977625028683,0.45092437037882566,0.4508454012078402,0.18615181904834086,0.18632798475406728,0.18642215656271083
20.0,50.0,90.0,60.0,0.1380756525332262,0.1352163566384417,0.13652595783252594,-0.5489806377738833,-0.6027384465801567,-0.5826236464911203,1.0876283854774784,1.0892812347594967,1.0893147205628448,26.342554331677746,26.3376643969044,26.338094912902932,0.5715633559219337,1.1188413141250537,0.20795172995580344,0.49927576760305864,0.33211893292836736,0.33204089890184946,0.3321421125816232,0.13655930170191372,0.1367533417769061,0.13654231754874163
100.0,0.0,100.0,60.0,0.2134624434928994,0.2127210660309025,0.21325788507521248,1.0422942583681092,1.033308420918934,1.039363092079458,1.6746323733555333,1.6756086209468788,1.675275973050804,26.389047114385725,26.38296941296162,26.39477456468019,0.48785639208688647,1.3066409617789811,0.6975538779123043,-0.18266858761888813,0.282608515357259,0.2825821567877111,0.28259616436124546,0.21325765887725698,0.21335044667563857,0.21321483929081533
20.0,50.0,80.0,30.0,0.1221792870889311,0.1213490916781264,0.1218681829864458,-1.0866992595801368,-1.1105280522054006,-1.0975161624879715,0.9718666118754653,0.9737221696353802,0.9703856936587923,23.36523401813208,23.351389543411457,23.35635299929821,0.5081000199426645,0.5966843545335517,0.16755278058412573,0.39515232051856003,0.29446043453422943,0.2946357762127952,0.29428308765814953,0.12209967171987947,0.12193000658124674,0.12168945867297243
0.0,90.0,100.0,0.0,0.194212194238621,0.192318597406509,0.1933559064540668,-2.067819583835967,-2.0846733763251186,-2.076482854295841,1.538719004840043,1.5422605291005758,1.539116804949058,29.98796581938603,29.988772477743534,29.982636195643362,0.6718888412708385,0.0028355473139454637,0.015286099997596848,0.9000175921200371,0.39120514302834153,0.39140901087886876,0.3909110277656147,0.19355830396272322,0.193601971926382,0.1931731278256822
50.0,0.0,90.0,-30.0,0.1230712291192272,0.1224356078583006,0.12268945011936767,-0.9456937805693436,-0.9527076960873428,-0.9499780883884505,0.9654376231933425,0.968267781322762,0.9662822527551448,24.701008874340665,24.71473452077589,24.69673165953223,0.4869822494126045,-0.3539660360337306,0.4132181277601644,0.029954307502960808,0.28206308766014987,0.2823561385729943,0.2822881940807793,0.1227585765504409,0.12285216141867607,0.12248950468453446
0.0,20.0,30.0,30.0,0.086137977984307,0.0825784734333453,0.08454925521645693,-1.547470155657651,-1.6625942853430864,-1.5946080456794403,0.6735470180845798,0.67339796397408,0.6705639475028218,9.302895719007134,9.31208854869928,9.301149383699707,0.21907813810525023,0.5166474620666257,-0.0020750541878967847,0.12840265096023334,0.12867897214057888,0.12869445324560827,0.12838908732929108,0.08496794264428473,0.08452922932662096,0.08459251843026522
90.0,20.0,120.0,60.0,0.2155402579658389,0.2103776712467064,0.21166117461950593,0.5355818656784871,0.520393392142973,0.5300828895151778,1.6690396913022767,1.6718260015147934,1.667937194870228,33.229939025936545,33.22812779966319,33.230626236068225,0.6650190613433083,1.2631376949945787,0.9557676943592985,0.20308010860076292,0.38665162689822274,0.3864545296736829,0.3868215059310174,0.21189317405562771,0.2117176428252014,0.21139500256774094
20.0,50.0,70.0,0.0,0.1349505292800714,0.1344393084443153,0.1346907351233401,-1.6681609287161092,-1.6821964081740997,-1.677209794467613,1.0719973732232078,1.0709215990904317,1.0728427718099023,20.783454379440474,20.7792833045496,20.7742158658079,0.46384890885969293,0.0786226897611411,0.14413189512768737,0.4082922047765483,0.26884152871025163,0.2688393347025879,0.2685943074669841,0.13459029864700417,0.13471081326972478,0.13480949645867815
0.0,50.0,0.0,0.0,0.185061000061337,0.1834616749111352,0.18417922961707767,-2.0692897925415927,-2.087893369003724,-2.079237145827707,1.4510216071162594,1.4536700924977857,1.454104387603704,2.2403659567190046,2.2344376938399226,2.230192904277882,0.12373267917021114,0.012224619994630568,0.0005197297291566475,0.1578998218438648,0.07275759625485939,0.0725985085836135,0.07254807895766702,0.1840613905162889,0.18441685698014273,0.18410571294411127
20.0,20.0,70.0,-30.0,0.0799657109344784,0.0792375457997592,0.0795232233010123,-1.847357765216322,-1.8761275800356465,-1.8638747828293551,0.6353512881682168,0.63492771820814,0.634116474948811,19.98454074967231,19.986197132766332,19.979922335184906,0.4200599861020683,-0.4365512179404673,0.14348287479864577,0.18182431999078347,0.24327145650201507,0.24333328568644974,0.24312481564987176,0.07961857923040569,0.07947213372272789,0.07952420670166646
0.0,20.0,70.0,60.0,0.0613606173676148,0.060554748456399,0.06095908817776971,-1.0429944715121795,-1.0897457886933295,-1.065117806922671,0.48984997610500985,0.49098961794111723,0.4931418292381459,20.013790398037482,20.01208430889619,20.021595348934177,0.42026157217454074,1.0450882033343034,-0.0026487037764409507,0.17748662092394585,0.24341854779461136,0.24342706357660338,0.2435463016068743,0.06079215807382321,0.061209284175103344,0.061054928766115686
0.0,90.0,110.0,-30.0,0.1818267290537801,0.1799429724497181,0.1809696623648821,-2.5912371808864365,-2.6131275791857007,-2.600979887705297,1.4409260341708432,1.4446659568898956,1.4458956202725257,32.59472657915637,32.60219976336311,32.59525955003796,0.7179168380837792,-0.5212743753771262,0.014905169239978408,0.9002269554365369,0.41749707325934493,0.4175484192853528,0.41767294823777207,0.18083358171209415,0.1814340208724147,0.1809635797994795
100.0,0.0,120.0,60.0,0.2281477717970631,0.2239422326012337,0.22533618030212985,0.7638874708299487,0.7339640563449422,0.7557701321696977,1.7710829813484459,1.7754227931368491,1.7751448893287487,32.6257602619928,32.611715043520924,32.61949827157486,0.6331711276828669,1.2826300981785435,0.9899473087277796,0.0035773315705018354,0.36737832914831103,0.36728579333718364,0.36759275145526754,0.22522719281120251,0.22570966319262314,0.2251713950362449
0.0,20.0,110.0,-30.0,0.0475297849558051,0.0448457874363392,0.046061646834929984,-2.5636544132033148,-2.6454703021214887,-2.5896009792209806,0.3819313453926723,0.3792241917443772,0.38176575714569,30.92119219004313,30.92786120280607,30.925736480523025,0.6270671102786045,-0.5225766393487215,0.006312148916000259,0.2000579941267056,0.363987549357197,0.36407894101543115,0.36414405431462654,0.04621154034239912,0.04618772309820611,0.046520694249744934
50.0,50.0,110.0,0.0,0.1551130421385445,0.1534307579454011,0.15423621165734522,-1.178030842880744,-1.1839762217620262,-1.1809440852667934,1.2325090334356599,1.2237477965081422,1.22541864850493,31.580459608362457,31.557934742169845,31.545935091614062,0.6647092596224574,0.12361863618405053,0.5061064209398435,0.4999894191412491,0.386752675005744,0.38631211568557466,0.38654391511080877,0.15455065592546546,0.15367178540882462,0.15478612034993414
90.0,0.0,0.0,0.0,0.2576776352362103,0.2563370637853831,0.2570101911287382,3.139787829779746,-3.136585135736338,-0.20051453214810905,2.0270469622610183,2.0283186730108604,2.0290820924909783,3.1517974196850496,3.147376982117073,3.1535030701707503,0.17527335811384362,-0.8359762298699338,0.0010336487635187238,0.31233160445560776,0.10243081807378275,0.10239394252873897,0.10256506789450183,0.25699947787551625,0.25724948557444816,0.2570946761089897
20.0,50.0,90.0,-30.0,0.1372678693350364,0.1345184110569877,0.13621918643925893,-2.146505913890992,-2.176969799936767,-2.159909859715583,1.0856144041410982,1.0859500311083177,1.0878101650863328,26.341356637862532,26.343147180052867,26.33468689110476,0.5716177908445594,-0.453032813273481,0.20461098160983276,0.49945058038730517,0.33201601491451693,0.3320980653538491,0.3320138123244127,0.13616167833294665,0.13643131072145442,0.13638242592378386
0.0,100.0,40.0,30.0,0.2510900722117228,0.2506127715728724,0.25082417654684297,-1.5758031925857927,-1.5932867012972152,-1.5812150102058655,1.984494149051173,1.9839701342700327,1.9846363441424444,14.038520653226302,14.037216310827867,14.032266664391527,0.3856306979308115,0.5177187259893246,-0.002894515809158448,0.6701457341908454,0.22349829279015998,0.2234405902853214,0.22314206650604868,0.25078564040776224,0.2508231871835779,0.25088464030614427
50.0,50.0,100.0,0.0,0.1672380971437383,0.1660635486155087,0.1666664125358167,-1.150132375835978,-1.1632753968055622,-1.1574146215355086,1.3232813176876586,1.325458582018306,1.3232743178448227,28.869680484263682,28.866534539828198,28.852756381661532,0.6151729835154964,0.14713218739608339,0.505718688384014,0.5000237950921333,0.3572827232517097,0.3572847662521616,0.3572476685839264,0.1668415734928906,0.16683580687146665,0.16656613237822948
20.0,50.0,80.0,-30.0,0.1310731090690696,0.1303055373493297,0.13066533086822746,-2.170596094614606,-2.183340280190101,-2.178175040949905,1.0409431978924701,1.0436087591017449,1.039676785466665,23.48627852571903,23.47736132222863,23.483503656316934,0.5146600388660324,-0.4513552423628252,0.16798983737554107,0.4348399371323947,0.2982268693437044,0.2985782782092583,0.29861071733661865,0.1309249538602312,0.13074162793226765,0.13042431671041413
50.0,0.0,90.0,-60.0,0.1234485147504197,0.122379402206143,0.12270754384109807,-1.4621551034490785,-1.481355911796411,-1.4713765326069703,0.967479149024261,0.9679402290749426,0.9648485723456873,24.70298408667746,24.705978262035746,24.697650570143068,0.4867972167521343,-0.8775256515103663,0.4132162684352765,0.02902631424413232,0.28214871728476865,0.2823664948083403,0.2819639485019604,0.12295573490223166,0.12261144289244512,0.12257142591714744
100.0,0.0,90.0,30.0,0.2382046449647341,0.2374962631033758,0.2380420943522608,0.416760837490986,0.4086116720472475,0.41363812475695755,1.8725143471263532,1.872213974027618,1.8729056277109464,23.80614125152341,23.793648432776862,23.79212716313696,0.4485150233294856,0.8574676275276664,0.7375969467192823,-0.058879527204470115,0.25958449907349096,0.259658209272322,0.2596592309738661,0.2380056239778597,0.23805792544338944,0.23809823555361367
0.0,20.0,90.0,-30.0,0.0553239876285226,0.0545011876857918,0.05499362477642476,-2.5745798219361,-2.627530721543798,-2.60541741723028,0.4491530263805178,0.44702921542040575,0.44581177363655144,25.460294338298663,25.457602555808784,25.458643305510407,0.5247466527372627,-0.5231672140310671,0.003049755705817869,0.1999538667654515,0.3044754558556484,0.30425538447879935,0.30438273727044585,0.055269165700102166,0.05484436565672733,0.055103267666501206
20.0,90.0,120.0,60.0,0.1960758737825168,0.192974047962227,0.1938543764273968,-0.4441283150369707,-0.4608039571291046,-0.4559268241169811,1.543370300858143,1.5477443315642898,1.5436175156117582,35.11901307181617,35.101716311915844,35.121032888216305,0.7625137772683521,1.1422156091871045,0.48965043837881406,0.8997463939849998,0.44302330390314787,0.44312095378680016,0.443131146699618,0.1941784902345402,0.19420217389771136,0.19367982919418547
90.0,0.0,10.0,0.0,0.2686684943758719,0.2426086100420844,0.26342538744479715,3.138716005935615,-3.13742779567132,0.43502928207172414,2.0758520920535566,2.0764461923762942,2.078958135805983,4.4252957739687755,4.436552006771236,4.421727848982713,0.18558303394258666,-1.2373583984697494,-0.05553792925952098,0.32910245286442885,0.11141921563765184,0.1114659930476441,0.11134008873757349,0.26305293536276675,0.2634454315452746,0.26336818259146166
0.0,90.0,120.0,-60.0,0.1706995547820363,0.1689269079707213,0.1698650422376618,-3.120734944769205,-3.1367956024345216,-3.124594293850746,1.36022713163126,1.3588668187784954,1.3572934659741172,35.19045298491751,35.20283771428257,35.19906696671409,0.7649126862855915,-1.0452011977993187,0.01513270094229846,0.8995380600275837,0.4442977820090269,0.44445384602190624,0.44453935660280325,0.17022870766695142,0.16986874237359598,0.1700720029160318
0.0,90.0,0.0,30.0,0.268150834598054,0.2663405025266216,0.267218960373473,-2.0129884724108664,-2.05087923953319,-2.031157280922236,2.106940149130641,2.1074845318647086,2.1092364994117716,3.21750495214964,3.215446197751963,3.2161201357267393,0.17972446003360423,0.06020070696787681,0.0010783654891820876,0.3327477881089026,0.10478240323616,0.1046550204168933,0.10466919329440057,0.2670571259800402,0.26734507165731053,0.2672862692302907
0.0,100.0,120.0,-60.0,0.1869892449892976,0.1851063833616798,0.18609659618288707,-3.120967860798793,-3.141031737992234,-3.1266454526291154,1.4865730690122914,1.4891135444824033,1.4854677351657484,35.38405953295947,35.39611413698486,35.39712232236418,0.7758044992725669,-1.0453568646025009,0.014683721521318397,0.9990899509980717,0.45078046607400185,0.4510097613678004,0.4506843599988793,0.18650267500110515,0.18637977458549562,0.18605850041398292
20.0,50.0,50.0,120.0,0.1493709291814981,0.1458518760352814,0.14819224756522137,0.4547472154087978,0.2831322872707755,0.40645851358930124,1.1763032299295797,1.1768653412994001,1.1748811947293158,15.421816109756664,15.427144863945115,15.421550212222643,0.36459585205750544,2.201922282515858,0.10953392334422168,0.357618253851377,0.21140578158183096,0.21141086860749142,0.21127478220467436,0.1483923777575139,0.14822086290522882,0.14813959846333233
100.0,0.0,40.0,-60.0,0.2673751371488823,0.2653807900650387,0.26650771170328763,-0.6858067624282311,-0.7408685276317082,-0.7210089572129144,2.0981809831123166,2.0978440595612624,2.0981709520251464,8.88473831771198,8.890644766495646,8.8852249338489,0.1443852014471153,-0.08340961885629206,0.2645276675959786,0.030070995446618388,0.08425312589218656,0.08417740462783263,0.08408204264116008,0.2665313479475568,0.2665239763188088,0.26656301241160024
100.0,0.0,80.0,-30.0,0.2543771439775559,0.2535828861779121,0.2538349220080034,-0.6940070092586758,-0.6993323885386795,-0.697366497047796,1.9978060747425028,1.9982430465161867,1.9986287440517456,21.195545377950186,21.201484206415845,21.188121962200903,0.4083606352873672,-0.1192348693532023,0.7173023471150048,0.03911267401751554,0.23652215509869318,0.23633524868785008,0.23643516798078984,0.2537919847113693,0.2538787988721748,0.25382661640135296
90.0,20.0,40.0,30.0,0.2673604292602373,0.2598577205218311,0.26572057442811087,0.5601621646399453,0.3916484320788851,0.5110787889293974,2.0949182933353483,2.0935635730362896,2.0936127019460744,9.865923764726963,9.862100257968216,9.865173780863204,0.20288965678917792,1.4018739791307389,0.34872825882194725,0.1351450478843129,0.11758925520291288,0.11757484753803041,0.11770027506522315,0.26589637716645564,0.26572625961254065,0.2659012523688381
20.0,90.0,60.0,60.0,0.2018421774485959,0.2001625568360243,0.20148972599985315,-0.4204812506887763,-0.4631604108300609,-0.42945614670643706,1.595199235436372,1.5979324564123545,1.5970855089905218,18.570382998955044,18.568664725891363,18.574313572077987,0.44301109000774425,1.2246104304178358,0.263562707845311,0.5595739922308872,0.2567236471791596,0.2568775610856489,0.25707060868716425,0.20148386344864178,0.20170959284425946,0.20136836986698617
20.0,90.0,60.0,30.0,0.2163153138469835,0.2155940009149459,0.21608599872162113,-1.2689493772504985,-1.286719563110568,-1.2732935778603176,1.712496131486644,1.7123464078058352,1.7140268722765515,19.04269314734985,19.043574947279577,19.045506853184662,0.46634746694155405,0.614100097658583,0.14377204761800172,0.6833117678718703,0.27048136297874353,0.27046362364504634,0.27029835722733514,0.21595426790010247,0.21616658606671588,0.21617379738520429
0.0,90.0,120.0,30.0,0.1740213461592278,0.1720389661329731,0.1731160302360555,-1.337473816350098,-1.3479202051350083,-1.3442588525520704,1.3806919168981922,1.3871378084523216,1.3842765574946323,35.20342187245845,35.19077745423016,35.184876558566316,0.7645377994953677,0.5573578290224732,0.17758886588289172,0.8992647452534546,0.44427455938158306,0.444447735235253,0.44428102185498164,0.173297500656951,0.1737437736747575,0.1729319013936344
20.0,20.0,120.0,30.0,0.0634909442352963,0.0596428225052935,0.061487006620024647,-0.6852785231697962,-0.7358868893802761,-0.7191742770960968,0.49823958470822843,0.49740209220348064,0.5008748146274695,33.63945526960389,33.620919818006534,33.628244557222416,0.678149045125798,0.5693649745354789,0.2102736987887634,0.20006663108183062,0.39405474095926235,0.3941948769724939,0.39410217308025924,0.06143778030827594,0.061789422484449616,0.06186674890348406
0.0,90.0,90.0,30.0,0.2079265473096744,0.2059036099314426,0.2071627038427413,-1.5214246364655344,-1.5431161367883428,-1.5375449538284962,1.648538125424018,1.646683900585393,1.648279176391902,27.376089789383688,27.367944131648965,27.365526710784494,0.6269741162609956,0.5303142099805142,0.02562349981235653,0.8994381372750778,0.3644236483873922,0.3645585795597857,0.3644885059990558,0.20717275912690086,0.2071533018495386,0.20739045021385738
20.0,90.0,40.0,-60.0,0.2398414635047643,0.2378752706057478,0.23839318168222268,-2.6903800185859748,-2.7872939497555795,-2.763267827772828,1.8854763434909805,1.8854405683848499,1.8861504530585316,13.72288556714619,13.724586485544211,13.727756155404542,0.3706645929204844,-0.887895709382163,0.1338828451211381,0.5973777244734148,0.21477107015996122,0.21486365313440825,0.2149714316069304,0.23832035264419588,0.23839982567737583,0.23841323445459928
50.0,0.0,110.0,30.0,0.1266092436248011,0.1214757783082165,0.12384651231894307,0.1454345673493283,0.1273494161985259,0.1385667484499431,0.9748221743979383,0.9750603246658341,0.9742043416848823,30.18969971950885,30.18129561278454,30.182205644705206,0.5907515756737503,0.6639573250681482,0.507632953661129,0.0010155389437668447,0.3427356186433573,0.34271960524912576,0.34280386248625755,0.12396375475115819,0.12388865361992199,0.12386923929424673
20.0,20.0,40.0,30.0,0.0952451084525407,0.092831704794333,0.09427343786592145,-0.7955821439881346,-0.8852874059390102,-0.8275661174247004,0.7492718511560231,0.74897430524802,0.7471089859849012,11.882391661797705,11.87165199518965,11.872912671864247,0.2668686097006558,0.6845108936478236,0.09576343425745285,0.1456366628897146,0.15480747828879401,0.15462693367832944,0.1545596126642428,0.09452108361608216,0.09424145438783094,0.09427499222676824
20.0,50.0,20.0,0.0,0.1748825017305352,0.1734537492883136,0.1742217102648265,-1.4592958750830136,-1.543430641656914,-1.4903577199207587,1.3767275336860452,1.3763556264577992,1.3776086140028425,7.331957352209633,7.317572996393058,7.3214780315739265,0.21534767370561636,0.312609278261642,0.0745849321578594,0.24905128602617088,0.12512128643171627,0.12497603233841335,0.12504418072720208,0.17416928760829345,0.1742698744273187,0.17433104503876704
0.0,50.0,10.0,120.0,0.1815136626595822,0.1751065266453794,0.17774966559968985,-0.3342910007936728,-1.115303637685804,-0.6612200211354267,1.4009928898005504,1.4059386958566888,1.4015513427149517,4.633511783752306,4.636887394757277,4.648808300613385,0.16328140564821986,1.6321722805410064,-0.040010242147050346,0.19635390424712135,0.09564537041196132,0.09579300621349603,0.09603609873038323,0.1778707684498772,0.17793403109677333,0.1773043474985286
0.0,100.0,70.0,0.0,0.2612195893711422,0.2594492297254284,0.2602339096672866,-2.0854967701978127,-2.095822636979605,-2.0902653015842927,2.0622237389807507,2.0624331417290835,2.064299181944096,22.49532340011891,22.494567741317024,22.483181145863448,0.5545639471522951,0.0003267515261861492,0.004662040130207681,0.9998655371969534,0.3221642297908287,0.32221684642662746,0.32211784757000106,0.2601137887300335,0.2603825577558355,0.26034850315711716
20.0,20.0,40.0,0.0,0.0955757903193741,0.0944442123673733,0.0950802604580457,-1.3186586021736868,-1.353706941878339,-1.3334575294337816,0.7549377972581739,0.7521174207810684,0.7561518189813649,11.867983263472343,11.866485790746069,11.871793007299793,0.26667603023609626,0.16550760862837305,0.09858491646589157,0.145460957142409,0.15455173395767802,0.15431676032929656,0.15462839627297417,0.09488629552369818,0.0950317004027066,0.09540269753373357
50.0,50.0,50.0,60.0,0.187509215354822,0.1842583701176944,0.18666965067073837,-0.019142110456956,-0.0910177182105871,-0.03675369081041478,1.4753633332402905,1.4776663162568895,1.4772497953846555,15.08682326774932,15.084753403352204,15.095052596730067,0.3543052899532995,1.3517047156992055,0.29705080273487533,0.34893683598799147,0.2052636205690537,0.20525827168259042,0.20553942775542494,0.18667705203405294,0.186900735776854,0.18661690844814027
0.0,100.0,70.0,30.0,0.2611707801768258,0.2589343558127963,0.2601709140606235,-1.5475759281837616,-1.5695207684429802,-1.562063251715806,2.063362949290599,2.0618085130815476,2.0625625399797074,22.49127865896576,22.48936358814884,22.486993117544273,0.5545027971206468,0.5253961465464889,0.007997897216738754,0.9994352550808496,0.32216260368346566,0.3221380529707168,0.3221288216812199,0.2602278436515779,0.2601271229257183,0.26033407047989915
0.0,50.0,50.0,-30.0,0.1420569091536718,0.1415193669845738,0.1417931447226871,-2.5852308716896166,-2.620967938761261,-2.6106585036431618,1.1258804866172956,1.1253850210844827,1.1262499705221076,15.46636823606686,15.479916623631306,15.475275126964315,0.3662879938888293,-0.5224891865951024,0.0026048176225045745,0.35983372097931116,0.21228537665915917,0.21242327679920148,0.21238377522407348,0.14175420956612744,0.14181304769355652,0.14187890380435295
20.0,0.0,50.0,-60.0,0.0629016871499258,0.0591107060552167,0.06029956671729255,-1.7662115507629008,-1.856663415093691,-1.8215995318241616,0.4761188363184866,0.4780753097944816,0.4779565268336455,13.952574714870117,13.956351762832194,13.961347166920502,0.283637802409896,-0.9086056220480623,0.10986510718919064,0.04487306296416767,0.16417154410272244,0.16401868539080933,0.16410329155332345,0.060212738884199216,0.06042434191732149,0.060179130886249786
100.0,0.0,110.0,0.0,0.2487102403079284,0.2452001502582195,0.2471962827980048,-0.236435470731407,-0.2460053108002919,-0.240899641995398,1.9456668582187635,1.9458006090707818,1.9448504254901,29.66808185958399,29.663760529559838,29.65479216455041,0.5730393093798134,0.2829681442543641,0.9820065874831827,0.00033053799115457557,0.33253728254896614,0.3325164874969047,0.332414165425551,0.24733091182524838,0.24722450323626394,0.24721669068091526
0.0,90.0,40.0,120.0,0.0961470902408901,0.0750559598996267,0.09016145144395055,1.6375923781740866,1.1409518809115105,1.5121652338757792,0.7153974914352031,0.7146171251177311,0.7168235761039944,11.122241101717346,11.124225817047458,11.124035158104057,0.22785889330097478,2.3621905844844098,0.13347094587530467,0.04706416905777197,0.13215604526412106,0.13216770020739557,0.13217795949902464,0.09055347232137555,0.09073132188544904,0.09083091996243854
0.0,90.0,50.0,-60.0,0.2238827898302461,0.2230658322951457,0.22344552587142322,-3.077930301289547,-3.137289505715116,-3.123528422481784,1.7694333898278882,1.7704065679104426,1.7700059626870057,16.454633813306177,16.467878677749248,16.4699056814276,0.42136738691877723,-1.0418853990250947,0.00913744779462955,0.652260723665864,0.24429965696155834,0.24452557576844786,0.24434196560777596,0.22344045883436198,0.22351764310006036,0.2234049745595534
20.0,20.0,80.0,0.0,0.0736833570824043,0.0730936964232339,0.07334718776537076,-1.325534001222657,-1.3448452620731035,-1.3347197352326183,0.586545262661109,0.5900201892417851,0.5855213473574137,22.699395112923092,22.695378711770246,22.681664353437107,0.4707497290246877,0.07201962238804953,0.15218523486631125,0.18486717674786546,0.2727527088024032,0.27308672296434244,0.2726402128335648,0.07361302833906495,0.07347151274774126,0.07304093515007164
20.0,50.0,0.0,30.0,0.1909636467372933,0.1895781243535693,0.1902799398189125,-0.6766401830800919,-1.3384858304363978,-1.0081816830481272,1.4982276919323732,1.5028062997035667,1.5017107441057285,2.302889502782751,2.301525254446622,2.307365340927017,0.12823085132279952,1.0830780882727609,0.0005836207909148001,0.16906286556832184,0.07515375620076474,0.07503139184732027,0.07521527917242259,0.19018368979554043,0.19062539060292177,0.19004456846461792
50.0,0.0,30.0,-60.0,0.1621138078052999,0.1254811270336593,0.15425605748489643,-0.9402276811999902,-1.125680224132723,-1.0770190690123984,1.2154650837749899,1.2144113891430666,1.214731423972465,7.570361839203879,7.570085783486536,7.5712705191313745,0.14568284005862744,-0.3700679783357179,0.15280171251299932,0.028253244353947788,0.08477025078872083,0.08475456956027472,0.0848274524982298,0.15428711215501853,0.15419277256603076,0.15433115114427137
90.0,20.0,70.0,60.0,0.2343063649804546,0.231847735870825,0.23377611003413676,0.6722452016132674,0.6500257438164362,0.6681158673490734,1.843166266840663,1.8420543572347334,1.8433001842716714,19.09161998167194,19.087249172599666,19.090306448271985,0.38960696483113005,1.4585934742556221,0.6088034851015972,0.1666243932911501,0.22572737182890468,0.22551270172413124,0.22573202090553587,0.2337622446491274,0.23377477375776648,0.2339209454495586
20.0,20.0,30.0,-60.0,0.1064040508581872,0.1019745136681319,0.10351343832927944,-2.11007361989559,-2.3224852084222887,-2.253681007884238,0.8195962468243206,0.8185306186974857,0.8187481367874989,9.099582661211711,9.09675142061345,9.097068130243295,0.21323925904819022,-0.7923935761064815,0.09081379584283437,0.12297180841839783,0.12407509765153175,0.12399598362277076,0.1240267287008465,0.10350703878857907,0.10340333401144394,0.10353590279241566
90.0,0.0,0.0,-60.0,0.2576776352362103,0.2563370637853831,0.2570101911287382,3.139787829779746,-3.136585135736338,-0.20051453214810905,2.0270469622610183,2.0283186730108604,2.0290820924909783,3.1517974196850496,3.147376982117073,3.1535030701707503,0.17527335811384362,-0.8359762298699338,0.0010336487635187238,0.31233160445560776,0.10243081807378275,0.10239394252873897,0.10256506789450183,0.25699947787551625,0.25724948557444816,0.2570946761089897
50.0,20.0,100.0,60.0,0.1407525376007636,0.1355831418804509,0.13780480812538223,0.3110232883390167,0.2958998800975425,0.30413417331869297,1.091143120050997,1.0903419856486045,1.0889406723008708,28.005251877592926,27.99424209106976,28.00078649612175,0.5697309468722166,1.2067460896782685,0.5059376716431345,0.20129889333932366,0.3307014793470056,0.33050487379335675,0.33068462466438087,0.13801863132653056,0.13773568106771775,0.13784473847610143
50.0,0.0,100.0,120.0,0.0960822944262638,0.09475350410717,0.09576453599654884,2.0593334812340123,2.0479156798483715,2.0542209109995437,0.7489098315234031,0.7489176196307917,0.7493205385836208,27.040949296490464,27.03955661222257,27.041499647270015,0.515393175382182,2.2057275861370385,0.318858258922255,-0.12424413139005332,0.2985462188211075,0.29857700933480213,0.2988555991858644,0.09575954706315419,0.09580881886731095,0.09583980642468846
0.0,20.0,0.0,30.0,0.1143691774492201,0.0948409349449528,0.10489836464724432,-1.9683521513389437,-2.1233151001426056,-2.0527377363804375,0.8722778098357091,0.8709131581624432,0.8747650155537772,1.902104196040116,1.891876442467774,1.8882663867576022,0.07093800316225875,0.034990315627435244,0.0005446495022690768,0.06404501311115599,0.05734085173728654,0.05711521210826777,0.05723777345929586,0.11036082402021788,0.11068358610241595,0.11084052188051222
20.0,50.0,100.0,0.0,0.1265888220223429,0.1251224287708465,0.1257997978838746,-1.6409161551723888,-1.6578157636554074,-1.6492192106906653,1.006502414732553,1.005163570187489,1.0068769366831338,29.00975656752701,28.99942186038562,28.99679651483375,0.6194033769613329,0.05843053530827433,0.20480492546712917,0.4999867809392831,0.3597577083581088,0.3594925977924642,0.35982004487726216,0.12582456249066384,0.1258328769670806,0.12601693625005106
20.0,0.0,0.0,60.0,0.0864027260968172,0.0563953623588114,0.07224047403577188,0.1933055651748629,-0.7766421383853772,-0.3000496295123764,0.7174237926466355,0.7203815539801717,0.720308296788813,1.9226808523418955,1.9239429537842103,1.9237115116196402,0.05033167163377119,1.7806486765386185,0.0004578553488341409,0.055458982214942616,0.06057748516564372,0.06069923925839364,0.060673242367435626,0.09089099184450083,0.09126911761034476,0.09087999122966468
90.0,20.0,0.0,120.0,0.2608354362028808,0.2597922302109539,0.260323202261263,3.139799223099109,-3.138075816166457,0.16016486792817158,2.0546822579551645,2.0536813090810644,2.054534657900378,3.1876283103745244,3.183042232852486,3.182796221029676,0.177460282414358,-1.2053903272224533,0.0010281507046783786,0.3202816869406676,0.10349209388059674,0.10332738777010579,0.10339402489289427,0.26038359534909816,0.2603665788092951,0.2604802139676373
0.0,100.0,50.0,60.0,0.240763125437513,0.2400251237584153,0.24034982209109879,-1.05414729887328,-1.064637562960081,-1.0586347462046333,1.9024226030613798,1.9033323307267267,1.903846854780761,16.66195035748492,16.664359303435443,16.669935700463785,0.4323076729017647,1.041873737341278,-0.004181196549910051,0.7198922772587845,0.25045791570918585,0.25068385895266826,0.25070214561151427,0.24027774426944576,0.24044392685924482,0.24035864885524563
0.0,100.0,100.0,0.0,0.2118657978504375,0.2100339730961095,0.21106596559207494,-2.07341886084973,-2.0937626081384417,-2.0836684321652843,1.6776306996179118,1.6820011959253314,1.6791227231776378,30.212579985108434,30.219272320041206,30.21257218777322,0.6838671426404115,0.0015319463920693104,0.010913942749682031,1.00011064351043,0.39825368744394707,0.3985078315911661,0.39788448213786887,0.21120706822925697,0.21140026258384173,0.2108647711643038
0.0,50.0,110.0,-30.0,0.1087608651273886,0.1069558081851719,0.10795412790861725,-2.597861288406422,-2.6218227546679778,-2.6067268441686138,0.8683039670293082,0.8678305658084564,0.8696980932049005,31.672223485613898,31.688348395026342,31.681193549854864,0.6685956134705905,-0.5227355199802358,0.006708683559900462,0.5000096418567328,0.3886983532609303,0.3885153921952445,0.3888467720564125,0.10794814200643782,0.10811314608032072,0.1081637168313656
20.0,20.0,110.0,120.0,0.0693185167341371,0.0647495285413468,0.06656146683920808,0.9770264513715946,0.8239630741145355,0.8680434963722268,0.5388449860636397,0.5345247071634509,0.5370911404541763,30.891487195633502,30.895468479614635,30.895497344561186,0.6259770675808262,2.1488305940135057,0.21126748659334438,0.1976133194643007,0.3635548790147821,0.3633801848146059,0.3633600384293174,0.06668149048180462,0.06648816560008365,0.06699794022570094
50.0,20.0,30.0,-60.0,0.173578743033427,0.1681485841827775,0.17003157674671954,-1.3328953619703927,-1.4827138117951344,-1.4283140522251065,1.3401010415422714,1.3398394010733108,1.3401235532419884,8.238855138714795,8.24081748637088,8.24006204262956,0.1850077455184197,-0.389685337294678,0.18962142861997835,0.10699857408961405,0.10774149000172832,0.10769214973413109,0.10775233721408771,0.16995518156948572,0.16995967317239957,0.1699985959697917
90.0,0.0,120.0,120.0,0.2098659472290297,0.2039005440657182,0.20585627378946533,1.7904493798847845,1.7671846389784134,1.7812085364911476,1.6214800528156623,1.621301660096422,1.6181622951007202,32.69999769517975,32.71054350886853,32.70936332692234,0.6362283476059725,2.3091356219693684,0.9088020677879004,0.004131207282785162,0.36908060526210656,0.3693880052178379,0.36928654929538524,0.20611376049016233,0.20570034730252518,0.20574325971844346
20.0,20.0,10.0,30.0,0.1207046141205206,0.1092466214060174,0.11351659437166485,-0.3032245485073946,-1.0195061666860084,-0.7513609882285811,0.897241082893968,0.8985971556468422,0.898413649747103,3.8180481618613937,3.816441251672306,3.811671504446655,0.11958386081758703,1.0068378007896477,0.030802225719161094,0.08873886066720563,0.07008721519342799,0.06994567738640783,0.07001878337850778,0.11368515657492002,0.11385094115607057,0.11366476529743605
20.0,90.0,30.0,-60.0,0.2508224494217434,0.2480779938377892,0.24893860722026817,-2.5642681099298312,-2.724046283574422,-2.6765531791592885,1.9673499867621327,1.9673803494310205,1.9670497701944765,11.028132203540254,11.025070503939473,11.023865896692994,0.32110272431631937,-0.8127109515185021,0.12744204369751197,0.5387893502695463,0.1864385353058858,0.18639657048038202,0.18649783132656345,0.24894260157801457,0.24890125984777015,0.24889700040309373
50.0,0.0,70.0,-30.0,0.1315318489934179,0.1306176070334999,0.1309315323647905,-0.928347774642414,-0.943582438045858,-0.936262972986262,1.0323887334831015,1.0318973777906946,1.0307692626120561,19.174217717618465,19.184552620158502,19.177413285318384,0.3799912945483915,-0.2909935748506268,0.34234805158059245,0.04181255668710592,0.22028479075089208,0.22025270117313098,0.22021901103721198,0.13105604960559972,0.13084245905065875,0.13091349777897557
100.0,0.0,10.0,30.0,0.2687252885811197,0.2652267801119136,0.26701156334567194,3.1399068380429305,-3.1370622771145125,0.469356713879067,2.106404711722868,2.1073765976287535,2.107804847485291,3.9273049744938784,3.925166568898552,3.9170125930565716,0.1738185284908002,-1.1508682812137687,-0.056926054810434855,0.31162088667997995,0.10522628043088712,0.10520467924084977,0.10512876222232755,0.2670811210531041,0.26725455713326374,0.2671202377702427
20.0,20.0,0.0,0.0,0.1265801870138008,0.1078630871481286,0.11758146932218838,-0.3509466871911689,-1.1054078170276618,-0.7321502423245339,0.9583473155476248,0.958229474948396,0.9581046518297327,1.8948336579035452,1.8955262498889043,1.9071498139659278,0.07955166594677453,1.355897600860275,0.0005626047857982227,0.07291371321459685,0.05751190852556957,0.05759141041852977,0.05792521751507009,0.12152619914178497,0.12154973318575407,0.12155338543715402
20.0,90.0,50.0,120.0,0.1374276544883585,0.1204541913233381,0.13346827209936837,1.819069981038073,1.5548706617360442,1.7579656872090157,1.0538548208041496,1.0537444248655854,1.054184567769001,13.546407998163607,13.552536637977443,13.550805282753068,0.26906334705128315,2.4283014129921763,0.24519168561232485,0.03709131322087716,0.15555765493504597,0.15554043341038531,0.15550487729504184,0.13375687292964633,0.1337900454407288,0.1338090050114182
0.0,90.0,50.0,-30.0,0.2236581316026892,0.2230299663043268,0.2233929427398143,-2.5877641933516835,-2.616899987113652,-2.609519663038033,1.769431782957249,1.7699711613221767,1.7689266807744168,16.462797915933383,16.464207222431533,16.46250243796806,0.42136864450780503,-0.521690171874365,0.00484270287904237,0.6521703148918688,0.2443166522470966,0.24448582396855853,0.24443018805560843,0.22346268457928137,0.2233950429736415,0.2233330060906786
0.0,90.0,110.0,-60.0,0.18182259997967,0.1798838930428134,0.18096378177783612,-3.113649420609228,-3.139213653825363,-3.1241487627476823,1.4449875511214452,1.4461021670472103,1.4403785890867848,32.590106117304096,32.60523574030434,32.60040907207635,0.7179133836597802,-1.0448031051039106,0.015187934761379248,0.9001646242360103,0.41738427684843166,0.4177883566806003,0.4175842663787759,0.18149718082805114,0.18091788193141248,0.1808089755172326
0.0,50.0,100.0,120.0,0.1173705716990493,0.1066883407619869,0.11527749632732288,0.1616984858131442,0.0075280242844261,0.040253726732822674,0.9229848265924323,0.9283258713578468,0.925929074030864,28.997306788909857,29.01022152784762,29.005069028660113,0.6192758217903701,2.0988356574356257,0.019568344984755792,0.4928469546066788,0.3593405764036916,0.35958631163316407,0.3595149837279244,0.11551468231165829,0.11587077990029744,0.11520260990890405
50.0,0.0,20.0,-30.0,0.1680917027751917,0.1529492648069422,0.16027548113403084,-0.1103835118934473,-0.4023651788076531,-0.2535363912605592,1.2890817180679908,1.2915529681242468,1.2847637282658046,4.4846476111646165,4.541333714469973,4.568094828029014,0.08258689175373374,0.6509745310021101,0.08506723029378005,0.04260235219109214,0.05857504974423338,0.059202965982255995,0.05919711762022007,0.164063651334766,0.16357278255846427,0.16320100109986074
90.0,20.0,50.0,30.0,0.2561992649363956,0.2510015725512575,0.2547986608702999,0.3459866095002254,0.2745515718246301,0.3279140431296647,2.008634752678667,2.0086181878766496,2.0074224883724474,13.10917126910651,13.109794054647958,13.11322137632674,0.2703348609355497,1.1684162109866336,0.4534996141980998,0.14918560787682245,0.15632812274163693,0.15629186177587387,0.1564852890714191,0.25497988693371376,0.2548230797418025,0.2548317645612806
50.0,50.0,60.0,30.0,0.1786179154901662,0.1774010493429821,0.17827109427018986,-0.5936301975976673,-0.6156490846962226,-0.5988005886004324,1.4109597952049535,1.4108213304208488,1.4120794846983096,17.825186701808093,17.820486050176576,17.825260654601436,0.40535517085713235,0.7701408895510499,0.3322761409267428,0.3746915198158963,0.2346489533101015,0.23469466875921852,0.23465914299557059,0.17818519730602328,0.17833802130218057,0.17835915546234438
100.0,0.0,120.0,120.0,0.2279218192542041,0.2224940238853835,0.22442694687513173,1.809452156408285,1.7867284209515488,1.8007081838144285,1.7679197717763506,1.766709073609527,1.7647348759853478,32.61990297550331,32.62745177366899,32.63027524045147,0.6335057570108577,2.3288508025557473,0.9864069107547256,0.004717142810101374,0.36750674787209076,0.3677419694034996,0.367550435773608,0.22462562244195503,0.22423507947316834,0.2244033999705223
20.0,90.0,0.0,120.0,0.2681603644441917,0.2662532655928841,0.26722472500198313,-1.947895981905587,-1.9919249868590951,-1.969171162717314,2.108212220247495,2.1070730204529933,2.108733756310116,3.2108626204928834,3.2162952295446785,3.214765721252773,0.1797217702576631,0.1221954308761558,0.001072609372405954,0.33274882157753355,0.10453337233299403,0.10470201234248037,0.1046388028649394,0.2671595327568587,0.2672208265510721,0.2673652344385355
90.0,20.0,40.0,60.0,0.2671607656944369,0.2560610431033623,0.26468170069996455,1.0820629490122975,0.8569459980921535,1.0144335171199221,2.087683098624362,2.0851467139075788,2.08672728672954,9.924719471297106,9.924714767331539,9.929666316602814,0.2059503369952326,1.9160435942734988,0.35091598193300444,0.1407687814211774,0.11929330550553838,0.1194057490150456,0.11937407115617098,0.26485125779101804,0.264734393212246,0.26505575632143563
20.0,0.0,40.0,-30.0,0.0657656560506306,0.0623912442485481,0.06345552311261182,-1.2511025783220049,-1.3658067533619394,-1.3138942585976867,0.5023917294424047,0.5014511062422219,0.5025887336695664,11.246918816057292,11.244761879052206,11.242820590829584,0.23154229666637807,-0.3452469548435404,0.0920073805627641,0.043791058093178424,0.13450139231665595,0.13451235757206376,0.1344712488904379,0.06341089925107735,0.06344340647417038,0.06355704712190202
90.0,0.0,80.0,0.0,0.2313006574968003,0.2308532488749852,0.23108736943616767,-0.2084922650816797,-0.2130362540438161,-0.21037579843153575,1.8199636760597633,1.8193357180401648,1.8185589052299962,21.35868360039888,21.361018499647724,21.345241507209696,0.41343960447393274,0.36646967762132227,0.6612044249631835,0.035259105249719015,0.23946765377647297,0.239399261848296,0.23925678804107614,0.23119278997399667,0.23100668110403774,0.2310863252291403
50.0,20.0,40.0,30.0,0.1580179338157581,0.1536100196295174,0.1567174197283301,-0.0926025138577109,-0.1840434322545201,-0.1202766518071965,1.2379858293763775,1.2373576754510758,1.2371385202166403,11.39503643185957,11.3886382646115,11.382430217310526,0.2522745371338372,0.9512784752393902,0.23367300433730265,0.14293884180770672,0.14606634343219083,0.1459655832700106,0.14607826022547452,0.1568396866265346,0.15672181082559763,0.1568083459421326
90.0,0.0,10.0,-30.0,0.2683445405325249,0.2423590320000005,0.2588480282545447,3.134448041277076,-3.1400757514548485,0.16995073897732552,2.041399675909701,2.041625568565798,2.043946903802316,4.913995451461634,4.925991278151686,4.92220647347494,0.19893872459124984,-1.1533856353683274,-0.037045321053829385,0.347635060064509,0.11753429422167175,0.11757646093365116,0.1176096360751451,0.2586226918239057,0.2589546406956723,0.25891997221136603
0.0,100.0,0.0,30.0,0.2680615972170371,0.2664137442736966,0.26722136908769945,-1.9989678708984195,-2.040399219685535,-2.018928657899864,2.1074785871268005,2.10779157516352,2.108478540558381,3.21434988861873,3.2170567230043874,3.2165853111053497,0.17970977605395191,0.07243262674675528,0.0010746045542737541,0.3327406164320834,0.10468731423618971,0.10464844347754985,0.10461999691885805,0.2671592528166982,0.26728568964107374,0.2672536183097949
20.0,20.0,60.0,-30.0,0.0852266481000778,0.0840982266887696,0.08450792181183515,-1.844805533879488,-1.884744511650695,-1.86826044587365,0.6732914129342605,0.6729262872998036,0.6727201467028017,17.28654589518246,17.286988245512944,17.28710943612979,0.3687931595831295,-0.4188247213440726,0.13005696556275015,0.17254428953065337,0.21388116733745313,0.21388731817528275,0.21393375135146706,0.08455242033839547,0.0844795966532402,0.0845305295777528
90.0,20.0,110.0,-60.0,0.2191433863731128,0.2148006346071415,0.21777991899207036,-1.534323731683681,-1.5510143562221466,-1.5440172217532102,1.717562872786976,1.719157169965767,1.7182016568737735,30.41504691174627,30.425269036139287,30.430052487794395,0.6104133012843835,-0.8047618093233962,0.9004482258777804,0.19694178140559904,0.35425741556179363,0.35438861204499233,0.35446402469064603,0.2179257902633755,0.21799548649872139,0.21781291040194845
90.0,0.0,120.0,-60.0,0.2058017402470813,0.1998056110377896,0.20412774992176366,-1.3429803744268884,-1.3628437192398897,-1.3548209664130322,1.6100225988580201,1.6074673033875726,1.605760073302468,32.69083574845306,32.70208580909248,32.7002525374748,0.6354856997299132,-0.8343127957694838,0.8994872936585332,-0.002969195803129242,0.368740264157304,0.36908873901214795,0.3688998257058861,0.20451454082670947,0.20399999463586954,0.204327767886263
90.0,0.0,40.0,120.0,0.2675585000836007,0.250865258057416,0.2639335102695919,2.3749280725672666,2.018112039465745,2.266652695977557,2.0787264254544917,2.081144723049187,2.081299715065134,9.313202265658727,9.315067011425676,9.30938390317996,0.17088022139854192,3.018522064591811,0.30412348948910917,0.07356332964671296,0.09929599390758159,0.09921609566171122,0.09910011633994026,0.26410466735687527,0.26443543878999953,0.2641245710808949
50.0,20.0,70.0,120.0,0.13815284375285,0.1346346467215609,0.13745699728231808,1.327172608550114,1.279609840949716,1.3183593463305092,1.087899128035937,1.0871319435168783,1.0867099985523272,19.757430710685323,19.762930223778795,19.756519582186954,0.4125463695337213,2.313154928690544,0.34999943465484495,0.17854867170799274,0.23875360756418412,0.2389065938353451,0.23873580174752013,0.1375820471821175,0.13743452403800116,0.13752639502092745
90.0,0.0,0.0,60.0,0.2576776352362103,0.2563370637853831,0.2570101911287382,3.139787829779746,-3.136585135736338,-0.20051453214810905,2.0270469622610183,2.0283186730108604,2.0290820924909783,3.1517974196850496,3.147376982117073,3.1535030701707503,0.17527335811384362,-0.8359762298699338,0.0010336487635187238,0.31233160445560776,0.10243081807378275,0.10239394252873897,0.10256506789450183,0.25699947787551625,0.25724948557444816,0.2570946761089897
20.0,50.0,100.0,60.0,0.1276648549547998,0.1251443099289082,0.12610566172151716,-0.5665691492261025,-0.6086566700188257,-0.5938435526442418,1.0074443694997528,1.0105475566844249,1.0074360346815077,29.00230857657539,28.998289038451905,29.002922261591454,0.6193137958187331,1.106795067950749,0.20904345792454143,0.4995431294192974,0.35943010303105266,0.3597810619687074,0.35968898565005675,0.12630756964891537,0.126303257125292,0.12594404171412552
0.0,100.0,100.0,30.0,0.2156080108584238,0.2135459891205499,0.21455768020357815,-1.3344127052157286,-1.3566003145534908,-1.3475647254972027,1.7060940298776728,1.704909326371554,1.7091746526025502,30.200092253150626,30.196395143654524,30.19990707660616,0.6834506346600283,0.5698135011227465,0.18073455447674416,1.0002546050328407,0.39794472732314573,0.3980996666100855,0.39784784534661766,0.21432586589083383,0.2147279584921966,0.21487933777699536
20.0,20.0,30.0,30.0,0.1022757313545137,0.0968289013786624,0.10035874503526088,-0.7574251626244237,-0.9207083369524314,-0.8122575847799415,0.7959981063467496,0.7952705275913735,0.7952981361458071,9.184728242229061,9.176357983618496,9.173233055487072,0.21648656012261472,0.7389098159446092,0.07763656700158234,0.12895229133106284,0.12609168777866175,0.12588403767442125,0.12592502270028597,0.10048289798205923,0.10040656132191772,0.10049407920354655
20.0,0.0,80.0,120.0,0.0508315048425658,0.0480393366431689,0.05015522779464037,1.4464282787708325,1.397111466754689,1.426408351595396,0.39729525674209354,0.3975108551937163,0.39941420246569626,22.12487885234306,22.123753870339005,22.13591273454238,0.43975717467894615,2.1703903180481654,0.14918404380895678,0.033452279573448054,0.2545101766749567,0.25439097372785485,0.2547446710424897,0.05007686804942031,0.05031894372978562,0.050308703257503064
0.0,90.0,120.0,60.0,0.1814725921939354,0.1785584200665091,0.17969890007842695,-0.6450255808600105,-0.6650932752477327,-0.6587985186345195,1.4373623473531896,1.4345077503793318,1.4332962341966482,35.16334616411665,35.15957729148963,35.16654449380155,0.7639754940459965,1.1067177212973203,0.30923358710177257,0.8993688041917653,0.4441368882877949,0.443756171242304,0.4441231815252437,0.18009307826269497,0.17959598201697682,0.17997407165998813
0.0,90.0,40.0,30.0,0.2317892005604415,0.2313759569862223,0.2315656286170711,-1.5643510876394089,-1.5869841079554696,-1.5725251599497483,1.8326445174027357,1.8308431622010988,1.8338388751640111,13.807731005229572,13.803449230045452,13.800955122839703,0.3726552490326566,0.5215989258706343,0.00026148579784016085,0.5978755615702547,0.21598812226300831,0.21591674877276917,0.21593454317774574,0.23139485893048586,0.23155246085437586,0.23177720518546743
20.0,90.0,60.0,-60.0,0.2202841304893266,0.2190377238056958,0.21950881701154623,-2.807241154114531,-2.8430022589849755,-2.834487456640071,1.7393299272129368,1.7395437600152885,1.7405721905853901,19.07136987193227,19.073556018625272,19.08151191252084,0.46829987913316906,-0.9527845713589917,0.15109084471693757,0.6961259387359995,0.27149200014511554,0.2717797400433144,0.2715528297216871,0.21940292654276145,0.21957826201950714,0.21954507988566302
20.0,90.0,20.0,-60.0,0.2623567179762076,0.2593901201466056,0.2604355677939757,-2.3807834582819702,-2.5775808436390357,-2.507184608062646,2.0557231270288674,2.0566297606054724,2.0565852074621214,8.2441010416497,8.24534427097653,8.244651188259033,0.27008498777013057,-0.6546292085962372,0.11732051851535025,0.4727751252626482,0.1569993046989581,0.1569625361095526,0.15696870507976152,0.26036250863275096,0.2604733766664492,0.2603565587634222
50.0,0.0,80.0,30.0,0.1243966209702922,0.1235460963459058,0.1241807388335188,0.122887727456345,0.1105351116418267,0.11861010094993697,0.9789170213609134,0.9788616376902306,0.9772518672696099,21.922600774398102,21.91201506249093,21.903328909375826,0.43193372364714516,0.7170227477346676,0.37078402119707393,0.02781372709470567,0.2501879229639868,0.2499826775007921,0.2500051259740604,0.12434150554732745,0.12411803562205687,0.124132952663624
50.0,50.0,80.0,-30.0,0.1676560928248981,0.1668039852797856,0.16722562419862408,-1.6925899513176637,-1.7006947995266484,-1.6975306842386295,1.3245881730258349,1.3270048565280563,1.3267318360505642,23.324952539250138,23.332624654484206,23.32680606872334,0.5100129808234278,-0.3473926391026011,0.4008231921940893,0.43466471312854,0.2957577755646069,0.2959781452629272,0.29557879219982436,0.1671643323165321,0.16743365802106758,0.16712537710254236
20.0,90.0,80.0,30.0,0.230401563006218,0.2285747262474377,0.22938905942228183,-1.249425332777081,-1.2581412077937073,-1.2543263309365706,1.8229685221694787,1.8192189748402687,1.8204603574422118,24.7689265623808,24.75942298157389,24.759985952546902,0.5822746940808405,0.6054189638871116,0.2162408627770213,0.9000125059945341,0.3383394427816548,0.3382786546839068,0.3380400917769087,0.22947990358855974,0.22920186498355843,0.22966760228852087
50.0,20.0,10.0,0.0,0.182642833709284,0.1709595390302001,0.17660456724328139,0.6861718334211043,-0.1994673931077068,0.2674405422753458,1.3970745914412535,1.3956998727719503,1.3937242724068164,2.0521536636103614,2.0709484291681166,2.0651410791021707,0.09000691382331907,1.937932308058256,0.04644490267962892,0.10097501759563418,0.05400389221630593,0.054288702158822796,0.054261938564521876,0.1773042176349774,0.17686745958647052,0.17708704762486574
90.0,20.0,100.0,0.0,0.2420674752411435,0.2387974066102086,0.24073064633332403,-0.4425419400834143,-0.4520518937034684,-0.44611467555371925,1.8969621176402707,1.898137351070249,1.8982942740375262,27.532003371688457,27.524899861677707,27.51772024472178,0.5540397413101896,0.2961865195323906,0.9025937707036402,0.2005444866764614,0.3215755971534881,0.3213874813574964,0.32154914698673887,0.24073082767112802,0.24089245195623704,0.24075115055502666
20.0,20.0,80.0,-60.0,0.0756172543761779,0.0746131199132872,0.07497931023164428,-2.3563637711724126,-2.385092328046797,-2.3718001094844703,0.5984189318313445,0.6009178923473624,0.6008179815512292,22.690529697765886,22.707327475489446,22.70285586927767,0.4712827620758987,-0.9728701109515193,0.15729985716607459,0.1879566204972888,0.2729949082601859,0.2731723028978478,0.27336137685658357,0.07489609751070997,0.07521094704537153,0.07488854868639559
0.0,20.0,40.0,30.0,0.078775240654527,0.0772419033882353,0.07818919809411898,-1.5660156052590943,-1.6147188650791906,-1.5857824162448253,0.6220026833719021,0.6236251725515779,0.6234263186099775,11.95612595758702,11.949682399178153,11.94209909056771,0.2690156376779411,0.5200427226156148,-0.0016252940852130504,0.1457310838746406,0.15604346408679418,0.1558876916534891,0.15600209493851677,0.07818887394723345,0.07838852768048815,0.07814554378361721
0.0,90.0,100.0,30.0,0.1955488023677968,0.1936833955693484,0.19451347513255024,-1.4205194816210154,-1.4454606139732642,-1.4358483907735085,1.5496655890941828,1.5480584950185792,1.5491424024866893,29.991246226262614,29.977654682268465,29.977925041202937,0.6717830651793252,0.54919843943841,0.10066696131946438,0.899953996578854,0.39107914306106156,0.39132096305770886,0.39109242422986995,0.19457518889584355,0.19451092862484315,0.1947236029520362
20.0,20.0,110.0,0.0,0.0665403812585735,0.0645111528141304,0.065613973017735,-1.2363186943289644,-1.270329022177333,-1.2497166702091895,0.5265766646733818,0.5297273605681806,0.532770495936807,30.904006943160848,30.901323643321806,30.901871634099443,0.626332231162008,0.05263217786441467,0.20378560225690293,0.20000348057125814,0.3635686684281451,0.363634652068401,0.36377812620183897,0.06541371705460222,0.066168528483698,0.06578663124590256
0.0,20.0,40.0,60.0,0.0791426658283271,0.0770680010976712,0.07812002677565423,-1.0479877532435755,-1.12922746959974,-1.0736558921423358,0.6215872129175771,0.6233003691161554,0.6222420700301888,11.953939438450906,11.955840745416884,11.956478573067033,0.2689751726304257,1.0413909355169344,-0.0030578365892398227,0.14556607690377013,0.15604803856033142,0.1559328414265351,0.15596558086672616,0.0781706961459766,0.07826511803825491,0.0780504708308341
0.0,20.0,30.0,0.0,0.0863632921923016,0.0825068252045676,0.08465506957487978,-2.0697514402412422,-2.14457220358344,-2.0951963419992277,0.6718887074011625,0.6715071624894962,0.6787603837027365,9.339952518892277,9.316001056957113,9.31591100054049,0.21920255026028443,-0.0010065179214339033,0.00027572785090315823,0.12869830728106593,0.1286526517556955,0.12830037635680636,0.12878797529156785,0.08423370391572198,0.0851727207753554,0.08525677244088897
0.0,100.0,10.0,30.0,0.2682804138827759,0.2667175479384548,0.26746789153189304,-1.6308043776575691,-1.8084660906544976,-1.7031948155194716,2.1104866687072206,2.1112206571847154,2.1122121298080336,5.950311623151458,5.947849314352382,5.9485713958611175,0.23372641752136317,0.4194513328106046,-0.012440993304493116,0.4328844556635257,0.13555939481222337,0.1354063638483268,0.13544852477764932,0.26736831986817977,0.26757794075470326,0.2674895917011602
0.0,90.0,80.0,-30.0,0.223640563197943,0.2220065038875329,0.2226860889097024,-2.594946759320063,-2.6025792761319395,-2.5984348282931213,1.7679431558099716,1.7686154261996645,1.7689192809123826,24.795429068647543,24.798486117196205,24.800845039951703,0.5833607887097523,-0.5194302612214216,0.014968840299784177,0.8999103964348493,0.3388643609324348,0.3388893614884375,0.33897518038884267,0.22270287701178904,0.2228121773396647,0.22272137711034173
0.0,50.0,50.0,0.0,0.1415474769489323,0.1411303008802316,0.14134716072469,-2.0912479715429666,-2.0994801172661632,-2.0958569592257565,1.1234076313654122,1.1213200968177885,1.122069727099498,15.471918807323183,15.46208189367044,15.466332995352547,0.36600620127237515,-0.0011521809887419122,7.56018408996672e-05,0.35843952821677794,0.21224082122640744,0.2121635607515276,0.21218531311639557,0.14138774206853635,0.14121354556457247,0.1414872846453653
0.0,90.0,90.0,-60.0,0.2079016694561011,0.2064136896799968,0.20718600355442782,-3.117384859484948,-3.127378324290117,-3.1213846138910304,1.6480662874480319,1.6482048823808912,1.6478575327986278,27.371191880730606,27.381511040693862,27.37202566866303,0.6269965833034068,-1.0434061109930242,0.016336755812792998,0.8998237184046178,0.36442068141868433,0.36469619898261,0.3645022624322621,0.20726617563713867,0.20726868278983934,0.20724080054821906
20.0,20.0,100.0,120.0,0.0759873750971009,0.0703102541687129,0.07258984596699643,0.9814261846375364,0.8328811933880952,0.8834052594736417,0.5819044193170774,0.5819070590631198,0.5829758679407857,28.1485980415121,28.156059487977597,28.156245391212988,0.5743505274462442,2.1600399238736765,0.21160657596040888,0.19674658224088862,0.3332775881150078,0.33332868990549824,0.33335648550324326,0.07262984310896757,0.07276953689778516,0.07276120629370827
20.0,50.0,120.0,60.0,0.1264769838822819,0.1211071479850519,0.12305827945044377,-0.3340245264595812,-0.3810057832525238,-0.3640135853457481,0.9850839179468238,0.9849983915594844,0.9834299024187723,34.33860844352336,34.3256779469093,34.33739520492316,0.7164888012671001,1.119909184713778,0.3522110474571771,0.5006936986297145,0.4166575139946438,0.41699244666197693,0.4170852593101094,0.1233198722543234,0.12312219268002832,0.12315637344954605
50.0,0.0,110.0,60.0,0.126845048435294,0.1208448509067907,0.12355688232648519,0.6682095681987307,0.6497369886271404,0.6612490165885238,0.972372087678501,0.9723688812540736,0.972358798320078,30.188521808465705,30.18073446494015,30.187787193213797,0.5908273482754304,1.1872242691669526,0.5064951066250202,0.0012773624243647653,0.3428592072528053,0.3427182759991506,0.3428937030521525,0.12361668358113093,0.12360777902031331,0.12361209938970966
90.0,0.0,50.0,-60.0,0.2660882456706078,0.2612665923764799,0.2627692211778259,-0.9157131092178536,-0.977763921786684,-0.9585438420167647,2.0680983623909994,2.067766889040541,2.068103827957079,12.248420201758469,12.250731024035248,12.249456451044766,0.22301481444288634,-0.3404399313739517,0.4039786387406204,0.03800000479974253,0.1294373242744454,0.1293887709716676,0.12949632053308496,0.262694765493422,0.26268972447449196,0.26273890295241953
20.0,0.0,70.0,30.0,0.0522707614573447,0.0511191533229895,0.05186870962759216,-0.1736902499973509,-0.2055767806100765,-0.18539233012650314,0.41153799805157865,0.41285810116408994,0.4099436421359132,19.41361587485808,19.409789990094872,19.399844660986055,0.3873207493753314,0.6120676406335173,0.1341285095031045,0.037661271594353736,0.22445835701540554,0.2244432623878055,0.22433696809767978,0.05211207834850397,0.05188817273730982,0.05174757892280442
100.0,0.0,50.0,120.0,0.2673657968282708,0.2666486527658473,0.2668886501221369,2.185468765580184,2.0431645382629284,2.1530923067795227,2.1001630031337086,2.1013175995579485,2.1019479123143796,12.306547351450515,12.309834240871744,12.30749831519985,0.22867095932694415,2.8108283700642502,0.41953546921764284,0.058177947605502135,0.13240490549621048,0.13230494929611925,0.13237618307810528,0.2667852469400202,0.267006578312862,0.2668667000362843
20.0,20.0,60.0,-60.0,0.0862091373640758,0.0842811705403394,0.08483026969099186,-2.3415983085695977,-2.40630274903034,-2.3848925953572633,0.6755594942343808,0.6748029897982326,0.6759192337153632,17.282835472741986,17.283398580048686,17.29121397114572,0.368730212143276,-0.941217051446696,0.13162680771746801,0.1723755503471603,0.2137345751284451,0.21395264608628126,0.21387676512422088,0.08477067976435358,0.08481965511619452,0.08491406125410264
20.0,90.0,0.0,0.0,0.2681603644441917,0.2662532655928841,0.26722472500198313,-1.947895981905587,-1.9919249868590951,-1.969171162717314,2.108212220247495,2.1070730204529933,2.108733756310116,3.2108626204928834,3.2162952295446785,3.214765721252773,0.1797217702576631,0.1221954308761558,0.001072609372405954,0.33274882157753355,0.10453337233299403,0.10470201234248037,0.1046388028649394,0.2671595327568587,0.2672208265510721,0.2673652344385355
0.0,100.0,120.0,30.0,0.1895858667359032,0.1877841277087105,0.18866676952961894,-1.3638418453699763,-1.379259835852474,-1.3735915177801479,1.5072659525479688,1.5059991007305258,1.5082447517610937,35.384867047790294,35.36954829003067,35.37986260386525,0.7756140573028796,0.5551288470820216,0.16912204491682192,0.9986663320226562,0.4505298148035211,0.45054782917346553,0.4507432540335728,0.18874429039587845,0.1888734217476913,0.18905915811469656
0.0,20.0,120.0,0.0,0.0433728641178518,0.0417219052977438,0.04253256948743894,-2.0674776268340933,-2.1030665276482,-2.08220916891953,0.3545656919042092,0.35454235664109435,0.35858345392499485,33.645653212091894,33.6410575796192,33.638531795280336,0.6787284978067619,0.00017372136341898607,0.003930641070603917,0.1999414999228622,0.39417665049527517,0.39428521876434025,0.39414382412378773,0.042504527136083714,0.04302331902840549,0.0430021950339933
90.0,20.0,100.0,60.0,0.2456537083334267,0.2408193685979146,0.24295666194821514,0.6087974666772406,0.5905676543883462,0.6026692074724607,1.9155522810740873,1.9156908022172479,1.9143732252840393,27.519822904566166,27.514698669419573,27.526645803676278,0.5541105347686326,1.34612608478462,0.9107780633768011,0.2035413364239737,0.3214707539083027,0.32160360404177585,0.32168964189367205,0.2431038485511021,0.24296398793967627,0.2429481214019797
20.0,50.0,110.0,60.0,0.1189944300824306,0.1163315884820344,0.11714862817420905,-0.5688385269619766,-0.6071497777359,-0.5994536129353586,0.9405478183351412,0.939558916233543,0.9380840016813061,31.680025925312655,31.67900930511462,31.66663788204772,0.6679426001901457,1.0979606408431528,0.21155930764227832,0.4999057317861742,0.3885727694363682,0.38853995318785817,0.3885157933324192,0.11740416170566577,0.11711518803997692,0.11724271914852992
20.0,90.0,20.0,-30.0,0.2599248248577197,0.2587478836540017,0.2593000318496639,-2.013613222159409,-2.0840976662701505,-2.058274007043852,2.047902789026673,2.0479062562018853,2.0473319200973097,8.321841813436302,8.3247879100132,8.317215273197984,0.27244625656099947,-0.17859096037809657,0.10459428537977936,0.4781231211572695,0.15825991479138507,0.1582658416368727,0.15827343588502715,0.2593401786897001,0.259263526484255,0.2592643087610036
20.0,50.0,30.0,30.0,0.165622222963015,0.1635332971142035,0.16472644347221646,-1.04297483455317,-1.1644108755729636,-1.081546321002705,1.3030214739568233,1.3040633680330609,1.3034601812855253,10.047604142282351,10.046621552634974,10.045439272549688,0.26551904332886567,0.7198537086567316,0.08721177375249514,0.2901824782364943,0.1538252990541555,0.15376416988723707,0.15389070426110293,0.16476630305571735,0.16482447288033295,0.16469380034735964
0.0,50.0,50.0,120.0,0.1482471827207414,0.1297318118662546,0.14100655497862818,0.0370485824857587,-0.1203243495225253,-0.009126521480234769,1.1350101836322686,1.1346653501893984,1.1316023146875824,15.484390087080309,15.501466730202273,15.492357875652399,0.36384825139990845,2.091427305529133,-0.0022275227634231615,0.36141052066657803,0.21169528610917726,0.21186248455403384,0.2119698128614509,0.1430658317084459,0.14264911397540067,0.14270096179879482
20.0,90.0,120.0,-60.0,0.1755864307701523,0.1728543881706978,0.17466072784847453,-2.859202204388985,-2.87548980434586,-2.865874554291902,1.3921702965779856,1.3976618764324387,1.3991793177066996,35.18148754190753,35.18871188809738,35.18642192968834,0.7643540966111401,-1.0057843165523612,0.21637101724388544,0.8988412281486081,0.44402754320984844,0.44448871600554013,0.44445780917158406,0.17457701174342127,0.17543352001283197,0.17470494257602318
0.0,20.0,30.0,-30.0,0.0868976411545815,0.0824444321483786,0.08482615444786107,-2.4910204713871,-2.6592952081279075,-2.579002899814545,0.6762152830584877,0.6744495596473958,0.674423388691284,9.30451471039393,9.313343920463605,9.310335264653757,0.21926994833534993,-0.5144483869615779,0.004268418374703465,0.12887081587364607,0.1282382419197311,0.12836857822765552,0.1283844597268099,0.08510656125565648,0.08486506411274912,0.08508828954871073
0.0,20.0,120.0,120.0,0.0433747731648399,0.0363389405399592,0.041970372388514345,0.3576332013817289,-0.0024758939118068,0.07118836694906543,0.35303046565203194,0.3513584586725511,0.3518294219486785,33.62596299594239,33.63798941713559,33.63053078727391,0.6781582170414796,2.0968691010450735,0.015612482851769997,0.1953465674645375,0.3938435749877852,0.394013626846814,0.3940467602966362,0.04239430826260995,0.04225450063021986,0.04247587497784512
0.0,100.0,100.0,-60.0,0.2118521077518957,0.2100731090754949,0.21106014877752632,3.141400080584688,-3.141513891012669,-2.152701572240747,1.6786723634175693,1.6779573565107266,1.682175844187545,30.209229408953004,30.208960441802674,30.217817549052025,0.6838740748095388,-1.0463210282725688,0.008355181093331731,1.0000836192406417,0.39787305217231367,0.39833771404261414,0.398427611533518,0.2108317828276342,0.21126493631537036,0.211361177464954
100.0,0.0,20.0,0.0,0.286849984311464,0.2542750304618834,0.2660506020724733,2.7125669744244667,0.7883202781740624,1.5547173985317004,2.0941200096476162,2.09778302822482,2.0998505108279044,3.7591441600563176,3.776284716695084,3.7902701608411036,0.10998405683158055,-1.266778416108383,-0.07705837370431522,0.17468461537508015,0.07088270320008257,0.07094288771752684,0.07117128033893264,0.2658390665941541,0.2665695577708923,0.26611665865345524
50.0,0.0,120.0,-30.0,0.1135609323032451,0.1100849193233372,0.11242365793941467,-0.9137221159570263,-0.9434566599305836,-0.9287117049363356,0.8859950059418744,0.8854170931285263,0.8872832216835234,32.9951726489464,32.998708170235155,32.98977177432675,0.6458251815528215,-0.40696078253972556,0.5040350818730291,-0.001007384553787306,0.37477461525001465,0.3748113233495666,0.37451136784878175,0.11243520082989511,0.11261256266250536,0.1126655736658759
100.0,0.0,70.0,60.0,0.2619066562944164,0.2592434588606719,0.26136122556679825,0.9500831886461936,0.92422913281939,0.9450258040294185,2.058760498181149,2.057099965891932,2.0577535229465935,18.239002801595795,18.234966009490186,18.2427020646096,0.34718962959829985,1.5284643060172416,0.627687181400302,0.03787411280629036,0.20117050163898753,0.20118517982523149,0.20134975937800656,0.2614181049466908,0.26130182155158604,0.26151459767813395
0.0,20.0,80.0,60.0,0.0526222939276549,0.0514929153600132,0.052192042966500464,-0.9560619071077352,-1.0485376055341429,-1.001769959851787,0.4245220403782513,0.42367228950174557,0.42347637645765174,22.671296148354422,22.65658139708215,22.667448529667677,0.46860889374715925,1.0502108273083177,0.0073357180755528675,0.1692952188767055,0.2712517486935,0.2711890984429524,0.2715743672694109,0.052280286834824954,0.05213661085501879,0.05224967640350913
0.0,90.0,80.0,120.0,0.0858072147067868,0.0827402396327564,0.08517924077435679,0.9130131031501824,0.8381934447077246,0.9024573908322367,0.6793940366741991,0.6800226656585082,0.6794665668985894,22.6906077584998,22.693832424024095,22.694907228622284,0.47142068429281087,2.189738127116048,0.20081783345217513,0.19250760314528323,0.27318140346089265,0.2734375821905187,0.2735796659554461,0.08527154212905268,0.08526960340471143,0.0852016144899612
90.0,0.0,10.0,30.0,0.2684319767199273,0.2590003075189992,0.26676280583436424,3.1380228953342075,-3.136843872893353,0.585686521795656,2.1032664243110304,2.1031181304710915,2.10487602746119,3.776811258711074,3.780481206833181,3.7660861242534542,0.17029986506373082,-1.254484800018983,-0.05580155725672223,0.30494308578743895,0.10310566987247205,0.10302514046378247,0.10289516533350299,0.2665778016171901,0.26679303897390955,0.2668015860672481
50.0,50.0,0.0,-30.0,0.2211011674672511,0.2202511151909357,0.22068099553815457,1.4008586870926143,-0.2656103044353698,0.5699758966209768,1.7449350970576882,1.738493942421797,1.7395024402323087,2.679393408334942,2.6861059489053343,2.676996282762445,0.14936395122286011,1.3502724764079594,0.0007415401092731706,0.2284275790956318,0.08727175418906591,0.08750768767621127,0.08717472731464075,0.22091177934931522,0.2202170145636306,0.22103762900129217
50.0,20.0,30.0,60.0,0.1656662913409273,0.1558071694005597,0.1623512580425081,0.5654504505522507,0.290634534042567,0.4770727605159462,1.283047026248377,1.2817313639928256,1.2818942716349335,8.575879026710368,8.5763674534009,8.580791276941506,0.20000958614870448,1.6237747366347013,0.18210959830943885,0.131826020431982,0.11611940231513597,0.11610987361747228,0.1162701270957977,0.1625808725242199,0.1624324952534915,0.16260485801338515
50.0,0.0,120.0,60.0,0.1242771177985214,0.1193456879961542,0.12071104902790421,0.6570840846461026,0.6328552377042681,0.6465570601946442,0.9502824706055252,0.9506729248477308,0.9509625910803075,32.984370639087025,32.97309629789223,32.98389983920808,0.6454703109212041,1.172428776368419,0.541301075218132,0.0013213555032491426,0.37457784646031733,0.3745332874827538,0.37457499036457437,0.12071532416498681,0.12080179908594206,0.12074960270658217
50.0,20.0,110.0,60.0,0.1294620421863648,0.1251820256909664,0.12672795691258665,0.2892872936178374,0.2708063122070902,0.2799651048353315,1.0078834884145824,1.0013882697716234,1.0029528104755283,30.784695682986744,30.77179860466485,30.78182429178198,0.6224004066698503,1.1804649783440415,0.5092818221674301,0.20118025821548813,0.36139409351425067,0.3611836485966427,0.3612295290570589,0.12692763287896086,0.1263377074588888,0.12715507517660543
100.0,0.0,0.0,120.0,0.2680563371295863,0.2661649513964565,0.267096164764713,3.14065683253596,-3.1368574359851835,-0.3352899499009053,2.106333503105351,2.1083651231302794,2.1084361088134513,3.2597870881275024,3.2541276340532774,3.257373835417787,0.18227941127625355,-0.6540941694773061,0.0010841552669672635,0.33756630670940796,0.10629665878807301,0.10605652764958218,0.10625793572257218,0.267117399945522,0.2673842443441356,0.2671220462953162
100.0,0.0,40.0,30.0,0.2676276489553356,0.266080527138321,0.26677889464739196,0.8248416389947107,0.6875226840393838,0.782087615364334,2.1011331056316314,2.099157332428354,2.1002861975366476,9.063594907598217,9.060529365219724,9.06355985502405,0.15641065086813535,1.4775078080108057,0.285378191633955,0.05053793277424672,0.0908815995342186,0.09082628993307673,0.09091127151310364,0.266772894895148,0.26665958538667284,0.26691511786979144
20.0,0.0,80.0,-60.0,0.0522491239562199,0.0508215269786125,0.05142068595508321,-1.6984709501697366,-1.7457078467700575,-1.7210567897929847,0.4068323046808799,0.4069805707132613,0.4092472159460184,22.13323191621476,22.1288251204094,22.14055948820029,0.4401305967217304,-0.9694478635720961,0.15305767206708176,0.035443703750720465,0.2547367517943485,0.2546526197456568,0.2549862936628118,0.051255867120062255,0.05154671820596472,0.05154187463079293
20.0,20.0,60.0,60.0,0.0829401466233318,0.081286362136273,0.08251692293974523,-0.2936942444132887,-0.3481982243997208,-0.30925345445509683,0.6586442909035972,0.657342348978429,0.6567119930685059,17.276047825338644,17.26467149039082,17.273426756584428,0.36812609222292797,1.148304811977558,0.1251260175384509,0.16924270275733594,0.21350973357853453,0.21336278882775767,0.21356741872267077,0.08265356681140973,0.08241801036842013,0.08258757180296455
90.0,0.0,20.0,-60.0,0.2854487479445385,0.2278435286528601,0.25909929030771345,3.1336990688207984,-3.140572338333026,0.5832623922600821,2.050965940773479,2.045557909668783,2.0497326275951115,6.75105051464204,6.755633650803709,6.76368560702217,0.20633876909671417,-1.542180265039736,-0.09365571095905444,0.33504043837654124,0.12763042973050617,0.12756690755269992,0.12785292839331366,0.2595653956691881,0.25940561111074645,0.2600894575407814
20.0,0.0,50.0,0.0,0.0593798945850086,0.0583065035420024,0.058898244258647175,-0.7682850141903514,-0.8123276374430052,-0.7904309776342086,0.46654303762527943,0.46865836472171835,0.4653387816893996,13.958325247600396,13.971183927359212,13.957025619796587,0.2838846150992407,0.13470463256235993,0.10670145878534489,0.045284154052855276,0.164014858858743,0.1643467092890747,0.1643584206585024,0.05909824624426891,0.05895563068127802,0.058699780206024316
20.0,90.0,10.0,-60.0,0.2711360222438703,0.2578992955628277,0.2644660811746673,-2.290397171250864,-2.5903428452488626,-2.45681986560393,2.0995759086939674,2.1029529642000258,2.1022798861216776,5.62815856606998,5.626874937985444,5.624995451146612,0.2223489512088576,-0.5191747159286093,0.0640017250458636,0.4089480234101287,0.1308139924892933,0.1308045979680754,0.13090390059027854,0.2662075134041834,0.26654649825502197,0.2661101390556449
20.0,0.0,120.0,120.0,0.0523319398641498,0.0423427657695243,0.04664102664610525,1.7070230998667233,1.55760644059489,1.625265870813516,0.3728038707160725,0.3723997911872918,0.3712231502536376,33.09443377508388,33.1053020877744,33.1021995693451,0.6493149079511944,2.1426295158770925,0.21128150283499725,-0.0015132176471202036,0.37697946218473105,0.3771059975836881,0.37686712911769044,0.047306122263387804,0.04710794767848494,0.047152278828713944
0.0,20.0,50.0,-60.0,0.0734429310744224,0.0721947511634826,0.07292219194794379,3.1415525069760046,-3.141580463181546,-2.0967580865659596,0.5827335017147495,0.5827106915460638,0.58239607102745,14.643752071578193,14.646102168951337,14.644297026089314,0.31973304571444944,-1.0444740124459369,0.003445194058572019,0.16147863488630168,0.18521202980941887,0.18536333834494947,0.18544754866162563,0.0729593540233102,0.07291575045578415,0.07291939821322692
20.0,20.0,30.0,60.0,0.1015538631777614,0.0957788457178145,0.09959503609282588,-0.2462336107406369,-0.5160709434442682,-0.3266267118079544,0.7888327911759899,0.7914218196865204,0.7902580176982664,9.204876928108579,9.202644507276279,9.202884554424019,0.2172860174121627,1.2511446771992756,0.07370198990911493,0.1303987053890541,0.1267205664097948,0.126743974968765,0.1268119564368127,0.09975590751334115,0.09993648684189164,0.09960113516630206
50.0,50.0,20.0,-60.0,0.2249818384480104,0.2235534047219389,0.22421172807286846,-1.3551778016331697,-1.401429327082729,-1.3821776047090018,1.7680908159317479,1.7683966048136714,1.7674064724881995,5.6776294133743805,5.674394840118431,5.676499453464992,0.16852209109751523,0.026050921250236135,0.1658908552187717,0.20246350855095532,0.09821353704480454,0.09825222982260472,0.09822415188900782,0.22428595244556063,0.22419305353576532,0.22416181098103455
0.0,100.0,80.0,30.0,0.2429581874214003,0.2405524702955196,0.24193512042705106,-1.545377670421981,-1.5657821079634473,-1.5606693078344986,1.92045219805736,1.9202503940299915,1.9208772017236073,25.042602542647156,25.031680089842784,25.032170109930167,0.5962621606628914,0.5255132219552058,0.00972465350839637,0.9992955528811199,0.3464150925712851,0.3464654429515738,0.3464360637400407,0.24195527396673658,0.2420027830098697,0.24204457693619272
0.0,50.0,80.0,-60.0,0.1218267956671495,0.1212312926027786,0.1215120821365008,3.1415190355077085,-3.141568180351332,-2.894778009165399,0.9697818372533149,0.9714362473570041,0.969540576434421,23.51510893237818,23.519123277049914,23.519034588613327,0.5154253489508996,-1.046863622630286,0.003085862462435086,0.4339554436886564,0.2986406732489259,0.29914427994974674,0.2989504319699951,0.12162742847293077,0.12159307231040588,0.1214034712573121
20.0,0.0,20.0,120.0,0.0916765407724272,0.0515523185439906,0.0650628041800547,1.62812366500173,0.3290823939659463,0.9008593586007179,0.5272554113790221,0.5266695510614648,0.5259473051912903,5.996891152925664,6.005641611077035,5.999655643894873,0.13750822365566973,2.3454614149252513,0.0365386064473189,0.047480421974007536,0.08105296148385527,0.08146593571558475,0.0810732297437435,0.06662819076251975,0.06647272769085155,0.06653905418580648
50.0,20.0,50.0,30.0,0.1504246917452693,0.1477280809382992,0.14969506973344635,-0.1744853305530331,-0.2176878453797271,-0.1851597149660253,1.182417402087721,1.1824977954800857,1.1826621261656036,14.216886802927206,14.208746698202559,14.219350932896578,0.3060898725119337,0.852718326053715,0.27634696524695446,0.15631276687807572,0.1775992812753752,0.1774036601890551,0.17736461858566085,0.14971856053779742,0.14975077207949525,0.1497451944932638
0.0,90.0,70.0,0.0,0.2407470881140004,0.239287597945591,0.24005838088836542,-2.0700052733269403,-2.0847611116448626,-2.0766212497811805,1.9022312298599349,1.9055623498298573,1.9035013483974064,22.236555485071243,22.237099144869607,22.220094579054436,0.5410636047378156,0.004375485206259398,0.012762119212171475,0.899817466802131,0.3144359244092756,0.3145370668433442,0.31426222804668374,0.24014423098187596,0.24030117949169752,0.23987835964345341
20.0,20.0,80.0,60.0,0.0679300434691791,0.0669308245312488,0.06768783578119253,-0.0673614959772928,-0.0876991012380845,-0.07372831840673405,0.5410198011859998,0.5414406515541957,0.5399641061344544,22.50797283245658,22.508359946655744,22.50965260720707,0.46081819105074356,1.12879830631742,0.16839544833952041,0.1357448715645723,0.2671077938793725,0.2670336737892282,0.26704192614954353,0.06783348344061628,0.06769817449146087,0.06763959970589681
90.0,0.0,20.0,30.0,0.2867276287523815,0.2546477023296888,0.2666387604842429,2.6081794683329997,1.054027376310073,1.7457025373452024,2.0960642353146977,2.1011876878838818,2.1055700716701042,3.0131593950109936,3.028905176096441,3.026421095876303,0.09165792930168844,-0.8779221162998803,-0.025937029184765766,0.15123025236503063,0.05612329507957931,0.0561235512879219,0.056343915082545055,0.2661042562227595,0.2672964262410693,0.26664197469090445
90.0,0.0,70.0,-60.0,0.2425472433558955,0.2399864093898792,0.24064063122719598,-1.1830015547573485,-1.2088512602401384,-1.2016418140200271,1.8948981725125345,1.8942985441532532,1.893729977130198,18.45139086262531,18.454229880758188,18.454024652822927,0.35501276332490284,-0.6073367163232817,0.5905462888338892,0.041603549241597516,0.2057841534136846,0.2057503162811619,0.20589388035915024,0.24068110446442947,0.24053743445143755,0.24062281892555235
0.0,50.0,30.0,60.0,0.1577552753091387,0.1561085546794335,0.15687362247049555,-1.05202853244358,-1.1292420020002798,-1.0731076430391728,1.2409038678448907,1.2416585702790168,1.2431879922981948,10.14602164999553,10.14589950719906,10.149773488788712,0.2672390774240361,1.0360294965778252,-0.0044228659777209725,0.29041289099056167,0.15509186639528103,0.15482121873948262,0.15500741394332584,0.1567263049026257,0.15702378216793364,0.15691423952556743
20.0,0.0,100.0,120.0,0.0545426390606982,0.0536448685299941,0.05422608181776596,2.659978732587905,2.629054719137617,2.6411097201220635,0.4112375866439636,0.41859003996371713,0.4169770330497869,26.9789151380795,26.974777804288674,26.99535437361735,0.5102639893046704,2.12915382436998,0.09807681582088305,-0.16486288377917896,0.29555400189281245,0.2953840647098163,0.2960542835930051,0.05411677563314292,0.054837231107117315,0.053917806382926516
50.0,50.0,40.0,120.0,0.1972368781130923,0.1881647956038392,0.19476478425903299,1.1019264019334585,0.8436518476478728,1.0360583850333718,1.541325752416082,1.5388040305614967,1.5413986177652481,12.373508936503866,12.380491437660856,12.375296366932307,0.3052443243869204,2.4721512600202478,0.2507855052791197,0.3262301206573282,0.1770206356916683,0.17708241110744305,0.17703819327963782,0.19482477225570374,0.1948338662559629,0.19514383369905347
0.0,20.0,0.0,120.0,0.1143691774492201,0.0948409349449528,0.10489836464724432,-1.9683521513389437,-2.1233151001426056,-2.0527377363804375,0.8722778098357091,0.8709131581624432,0.8747650155537772,1.902104196040116,1.891876442467774,1.8882663867576022,0.07093800316225875,0.034990315627435244,0.0005446495022690768,0.06404501311115599,0.05734085173728654,0.05711521210826777,0.05723777345929586,0.11036082402021788,0.11068358610241595,0.11084052188051222
90.0,0.0,120.0,30.0,0.2078027699342527,0.2044635602346785,0.2055977560400401,0.2200975785284328,0.2026496853517428,0.21264586933467353,1.6205506543381798,1.6193197814777083,1.6158045536838834,32.7101095569841,32.698911050225334,32.69882783370368,0.6359188600901039,0.7380724093589508,0.9071504086119847,0.0018402643756572526,0.3690266854855526,0.36904160441934764,0.3691349032770627,0.20596798976495528,0.20538118588423693,0.20555812570696277
0.0,100.0,100.0,60.0,0.2117946281482281,0.2095611061777382,0.21097533965746404,-0.9968425553324732,-1.0400532383561505,-1.0280346062302854,1.6799042208784993,1.6793042225874009,1.677908458228382,30.212507381040695,30.20777539502972,30.210348059046705,0.683770250236768,1.050466483356069,0.01803772216550159,0.9992981259062064,0.39837529411003225,0.3979067000936583,0.3982651485783723,0.21122696871862895,0.21097125220124158,0.2110427855688837
0.0,20.0,10.0,30.0,0.1037086996355941,0.0939195725444131,0.09857686688639122,-1.5606794660168128,-1.857587920930694,-1.7143715181501875,0.780559904771092,0.779842308299074,0.7806093251033461,3.9777846522138556,3.972943404793903,3.9795145439050907,0.1200101088416729,0.4417824362442721,-0.005058055673827714,0.08196975608239294,0.07115285365622256,0.07103938952676209,0.07097866952568305,0.09873079298231238,0.09873867581875974,0.09881863984019419
50.0,20.0,40.0,-60.0,0.1643548554741037,0.1587654919473054,0.16046116545978387,-1.5587785455401089,-1.66760802193293,-1.633932569462753,1.264858524532474,1.2664650858032513,1.2652364552447575,11.291498705321848,11.305613384102097,11.302139877608516,0.24822278594508984,-0.5987616001519543,0.2407845346176212,0.13471493638348644,0.14371537220231922,0.14396697722365617,0.1439222197480755,0.16041811944206896,0.16047656687294606,0.16026697902434137
50.0,50.0,30.0,-60.0,0.2142446803662899,0.2087383530138874,0.21083486750793803,-1.7114629847389624,-1.862979642791159,-1.8104112308974791,1.6632881009732208,1.6637946072800869,1.6635085787086796,9.199071603643416,9.196062311060121,9.199629468253653,0.23980187436746908,-0.4363507331698312,0.23126862945959728,0.2627938019415116,0.1389852628882775,0.13907667967553297,0.13906251427345143,0.2107638561918924,0.21079302948076212,0.21073426558477684
20.0,50.0,110.0,120.0,0.1186196843237718,0.1158315945303712,0.11700568077304718,0.5151319788856066,0.432210926290356,0.4505789793085193,0.9374675589769543,0.9369712646612156,0.9406467919095048,31.669742678941905,31.66732246564035,31.67692268373196,0.6677553565243963,2.1453894919614367,0.21282138794425798,0.4981700712355183,0.3883679584412415,0.38852957863713694,0.3885425356695687,0.11685059626948484,0.11726097403721938,0.11729985199822739
0.0,90.0,30.0,60.0,0.2425862605223187,0.2413677612365761,0.24182834451148325,-1.0491399260647225,-1.1017741509179677,-1.0614914550109744,1.9114791666618538,1.9114995338143448,1.9125760093720374,11.186064649699388,11.183230536389226,11.186928406344856,0.32447923165554277,1.0387470788199702,-0.0033021015030600337,0.543633497664701,0.188299370773427,0.18826227032181783,0.18827153685853437,0.2417263362764327,0.24186967573557372,0.24187078293181008
0.0,20.0,60.0,120.0,0.0690502124798738,0.0656992283004463,0.06698763732612746,0.0088194645535799,-0.0786724187964833,-0.01610406332179079,0.5383912681695521,0.5384053869336127,0.5374774981714961,17.340636052399763,17.34643022682922,17.342520796146896,0.36831776358010604,2.0920853485969686,-0.0023510955954629017,0.1711894892566635,0.21339236724998428,0.21323429038447245,0.21350629531105256,0.06716392835875973,0.06705477905294212,0.06705758110510789
0.0,90.0,10.0,-30.0,0.2647510024931233,0.2635029475779572,0.26417143344858063,-2.3047659348292786,-2.4825728248209957,-2.4092868163064085,2.084568997929759,2.08507694901364,2.0857671851520125,5.887339864690299,5.886444785036969,5.8898238117147335,0.2307646013163303,-0.3658019526279867,0.021874980302753158,0.4217395232583282,0.13380939919350449,0.13380084658970418,0.13378655871344677,0.2640864447035228,0.2642362221434914,0.2641760569685434
50.0,20.0,20.0,120.0,0.1707993882134837,0.1515722551593265,0.16319520420360883,1.7775768867311033,0.9260944558734048,1.4582235889554318,1.291358622244579,1.2886165937965988,1.2922169672839856,6.0218396695143275,6.022297906784566,6.013767758539654,0.16164109043341798,2.832528239948962,0.11813930957176738,0.13805248190142827,0.09421534508729945,0.09426270403990966,0.09396901181187618,0.16343490637448865,0.16353571001707048,0.1638757528985442
50.0,50.0,20.0,30.0,0.2180490756357765,0.2092573811263,0.21448659521523278,-0.0446447475340899,-0.4355229699372636,-0.19454991050751838,1.6938004293411821,1.6951568595681268,1.6920287120744535,6.507896292226507,6.506894592885941,6.509889816275447,0.19650164696575184,1.327874638203637,0.15732986516691572,0.24614090498037278,0.11404908881967782,0.1140400603025956,0.1141715469202459,0.2148512394567885,0.2146288427992429,0.21445890334679366
90.0,0.0,70.0,60.0,0.2388606043556601,0.2364018401506488,0.23839496297541682,0.8995335867259404,0.8765508718990196,0.8952582162020359,1.876872596672613,1.877529503538329,1.8770205503992168,18.45064366443231,18.44840702290796,18.451875031821835,0.35453012639297254,1.4829980122462205,0.5844715893476221,0.03776018065958577,0.20552241285832853,0.2054643560196867,0.2053961211775818,0.23846029043070033,0.2384712478902539,0.2383902634610027
50.0,0.0,110.0,120.0,0.1275807749981843,0.1207814426237981,0.12385864983635521,1.722762552960774,1.6976421318599493,1.7088292483742245,0.9749989610149778,0.9748453073987327,0.974806024500389,30.18017009572626,30.188445682557553,30.18712732765036,0.5908008025354254,2.234754268324099,0.5074846749190925,0.0010693436884184134,0.3427085417988428,0.34285781159775114,0.3428614606455829,0.12393740183752507,0.1239135367856846,0.12394286680403845
0.0,100.0,110.0,120.0,0.1988421564868721,0.128750017516099,0.19191091203102273,0.1901735500153973,-0.1023272895954695,0.01857382699825279,1.5609556465195535,1.562896214312311,1.5601322242231757,32.73781516888504,32.74643301098445,32.73295048092493,0.7253265025611587,2.0968565490601168,0.01706943751978073,0.9766739629789291,0.42302790260495976,0.42288103824393025,0.4231236655755632,0.19609579436272917,0.19600803087977392,0.1957477173819374
0.0,50.0,0.0,30.0,0.185061000061337,0.1834616749111352,0.18417922961707767,-2.0692897925415927,-2.087893369003724,-2.079237145827707,1.4510216071162594,1.4536700924977857,1.454104387603704,2.2403659567190046,2.2344376938399226,2.230192904277882,0.12373267917021114,0.012224619994630568,0.0005197297291566475,0.1578998218438648,0.07275759625485939,0.0725985085836135,0.07254807895766702,0.1840613905162889,0.18441685698014273,0.18410571294411127
50.0,20.0,80.0,-60.0,0.1344956017120567,0.1334802208693087,0.13371681829124554,-1.8220089096493748,-1.837642923736819,-1.8330727970045926,1.0572473932366622,1.0580636500035578,1.058079176057167,22.516301401738957,22.516188359236555,22.520586383457832,0.4653673164879691,-0.8593117207135113,0.3885855269790845,0.18755140942473972,0.26975402694515177,0.26987368402603773,0.26974502041427406,0.133688549067616,0.1337841054773653,0.13368103553411048
0.0,100.0,10.0,-60.0,0.2683205968379083,0.2667360041423407,0.26749231672204044,-2.514865727516693,-2.8788237937097514,-2.7246963141284843,2.110339264780304,2.111117321099485,2.112499116558824,5.83312745871034,5.828131286859795,5.830459377696154,0.23002334552164347,-0.727813802580038,0.042066619639614514,0.423874779046789,0.13362450222950545,0.13350275734825048,0.13354561516268124,0.2673460804654434,0.2676189633409161,0.2675249712370954
100.0,0.0,80.0,30.0,0.251662912769978,0.2506220483211472,0.25132768829322216,0.3712196113769985,0.3638675575508651,0.3691605952077812,1.979643814506244,1.9783494139082882,1.9772155981611943,21.15552176945145,21.13984807388573,21.139814045778436,0.4049665150071582,0.9242651168032425,0.7049928121040626,0.02230550156896044,0.23446708889987586,0.23442559790250606,0.23455724933492125,0.2514963328603132,0.25117925960378706,0.25136416169804154
50.0,50.0,120.0,120.0,0.1493949787323104,0.1421687449783671,0.1444382134875641,0.9301848361205808,0.883930319990797,0.9009898473481726,1.1506234262544806,1.1494549514998424,1.1502459552887752,34.264775629010515,34.28660488736865,34.27976915533951,0.7148048712013481,2.200963576053802,0.5126847182678754,0.5013571236516333,0.4158075953177383,0.4161628008727067,0.41573850044239535,0.14447399990293025,0.14446753565920475,0.14461930927449354
50.0,50.0,40.0,0.0,0.1976007845416314,0.1961253711528909,0.1971845625713279,-0.9889630517910348,-1.0225501821789056,-0.9987455545446519,1.5574981041008369,1.558670775763528,1.558552832704137,12.296166227801447,12.291765930750124,12.286344703451622,0.3016969798648604,0.40113372897035776,0.26379033134381646,0.3167909382671771,0.175136576493582,0.17506137738268748,0.17511939150242486,0.19718169569811764,0.19729582350192584,0.19716062074854684
90.0,0.0,30.0,30.0,0.2832482312150546,0.2614376662490297,0.26823636687247304,1.3171049468359846,0.8217291681755322,1.1066704945521424,2.1177062607898027,2.114276736127936,2.1179186836413892,5.6737143259208676,5.6492219428976,5.63782168361601,0.08144813106480753,2.0932402072825895,0.13722884724470982,0.07203782529360184,0.05248912212210678,0.05259753766163472,0.052631022708037614,0.2686710438185745,0.26869458649549705,0.26917229849802865
90.0,0.0,50.0,30.0,0.2605116743778577,0.2546589353492767,0.25880812482533805,0.5953545358419322,0.5160869128529789,0.573922082895931,2.0389694733851664,2.037855785621328,2.037984496639988,12.371894733423138,12.364904999565244,12.36972387080818,0.22944836002732324,1.215867246003549,0.4087072646307732,0.04909497068619199,0.13289618312255894,0.13283796251822186,0.13297256203393013,0.2589474076557154,0.25882105844113207,0.25896382963258296
0.0,50.0,110.0,0.0,0.1087633866776263,0.1070412982736941,0.1079438964339776,-2.07690202045303,-2.0885167166922844,-2.0831130285926727,0.8697679461213512,0.8681211718109786,0.8676541172637022,31.688019288813873,31.674020405979892,31.674527305485192,0.668583478517734,0.0008556996039811247,0.006824281083002756,0.4999568968252619,0.3888164785552241,0.3887565722025959,0.38830164554072644,0.10816512814850263,0.10791952058258554,0.10811622726373325
20.0,0.0,40.0,60.0,0.062538234653489,0.0571118537635963,0.06086671972899316,0.259183066218211,0.111821773179836,0.20628267412602666,0.48196666296314516,0.48229793070706456,0.4847367466023473,11.265382885909935,11.265596588597244,11.273122242858284,0.23265744176111394,1.2147179191808293,0.08662398692253676,0.045797012024711696,0.13506973678159512,0.13499256910598242,0.13529146081041743,0.06078155267438508,0.061139616445807586,0.06109455072607021
20.0,0.0,60.0,60.0,0.055427508246226,0.0526368679208069,0.05472929870540475,0.3051598201088992,0.2508440690590394,0.287953914526646,0.4340832297919458,0.43358068072526607,0.4351202812803751,16.69437565809064,16.688854484082068,16.69380843127086,0.3356145350565192,1.1537459144453526,0.11986134729201113,0.04274872550901191,0.194583910131202,0.19452009160505174,0.19462351699901992,0.054675559115879256,0.05481766594899532,0.05486427729975131
50.0,50.0,30.0,0.0,0.2081125086860931,0.2048112126029409,0.2068514471612144,-0.8351547384462468,-0.9246633606166376,-0.8668034069189225,1.6328454729651072,1.633683528715796,1.6340028712218082,9.394358364101318,9.390163148287108,9.387732022166235,0.24719144223827935,0.558090106695643,0.21970848021375833,0.2780070420153221,0.14323143143130265,0.1430259483315077,0.14313898568600314,0.2068427321979501,0.20698282034387025,0.20687537417286517
0.0,20.0,50.0,120.0,0.0746292507833401,0.0713355538992327,0.07269496125267076,0.0049974107513015,-0.1181359714481531,-0.022773589222375115,0.5816345652573814,0.582348223529781,0.5813204243068543,14.66215668879151,14.665624816938331,14.664143617000379,0.31772056302090956,2.0905298792786144,-0.0031161156684214528,0.16015774135415053,0.1843608164177825,0.18430762311158524,0.18453169313176934,0.07290403307605682,0.07283459133314024,0.072745308901199
20.0,50.0,100.0,30.0,0.1275480964665504,0.1255136323431501,0.12625022987158324,-1.099768859321845,-1.1254585069884615,-1.1158597681008928,1.012183357757705,1.0077191239782286,1.0091946011542396,29.007729128471453,29.000563868135956,29.002624616097197,0.6193488189117077,0.5834567267871809,0.20980192364855224,0.500001314704936,0.35979876444275966,0.35971982936600466,0.3594535980694031,0.12638003781705454,0.12605451404680953,0.12659680856576364
20.0,90.0,90.0,60.0,0.2143164029327084,0.212744277564191,0.2134374502850368,-0.7258475703931356,-0.7478089630308059,-0.7407518581268498,1.6990506813149897,1.6944413664270908,1.6966511034023473,27.346331798569533,27.345143416695073,27.349402232557452,0.6261054480174609,1.1157992941089951,0.21990140960009105,0.899641370995963,0.3640806745212519,0.3640406817033614,0.3642184075060953,0.21349110593681356,0.21321614045893628,0.21379854151427968
100.0,0.0,110.0,-60.0,0.2487999187566759,0.2413043389083614,0.24614412467969068,-1.2779103305333577,-1.2923081852624887,-1.2860764052181899,1.9374179061596875,1.9376899053944785,1.938028987063144,29.650373196021278,29.663044068341183,29.65997748380296,0.572713237777996,-0.765478144129367,0.976979542868691,-0.0029593716485592923,0.3321998887115053,0.33239028257082054,0.33229794803724316,0.24624399048496307,0.24632171768342445,0.2462798145451836
20.0,90.0,80.0,120.0,0.1196518784705059,0.1165747182253606,0.11912075480910128,1.192119173936213,1.1479577633391689,1.1848816162668403,0.9444757457074436,0.9435288583200027,0.9455158734231349,22.620193669002614,22.622730706116926,22.630512461648895,0.4699191468621309,2.2529287736383283,0.33176032525357,0.2010286041734236,0.27228671199119775,0.27244045069213474,0.2723552208044816,0.11905170044861288,0.1191797889081393,0.11930620946996061
50.0,0.0,100.0,30.0,0.13740531459678,0.1356571959519236,0.13630041237492296,0.1723464630823979,0.1610093214979954,0.16789554296494677,1.0724942118513923,1.0734310020941402,1.07257434136701,27.335983337242627,27.333896405381147,27.33569514251081,0.5347145942544954,0.6936697175575869,0.5053400036548796,0.0011571064431452778,0.30996800625107096,0.3097586854841642,0.3099116946102366,0.13634135759486016,0.13635117103092845,0.136240455317426
50.0,20.0,10.0,60.0,0.1821140595503731,0.1629867589962526,0.17138295713633916,1.328054294196729,0.2322192802020126,0.8152266072658154,1.3568490125287596,1.3519784478076802,1.3528992127985422,2.9273701095025104,2.937678756004285,2.932293650957702,0.11246402181214181,2.451670811838582,0.058880235567552425,0.12019815063784435,0.06581211273808563,0.06617316136281011,0.06589210354391085,0.17182423334686733,0.1713263079633884,0.17194637995332845
90.0,0.0,110.0,120.0,0.2292228160394191,0.223607359837203,0.22609879253449386,1.832147344842128,1.812779067352165,1.8246105151062284,1.7782774461252668,1.7797307491623524,1.7807067935196148,29.785809855550532,29.789577115956625,29.788145910104507,0.577588801546737,2.3525832443999213,0.9051223335097485,0.003985617742344082,0.3350557136306465,0.3352449931916421,0.33515731547360966,0.22603714428883098,0.22633761116660858,0.226153927040155
20.0,50.0,120.0,30.0,0.1164113367572038,0.1130616060891454,0.11461137975413453,-0.991828630711596,-1.0339996487436045,-1.0166094168702784,0.9183450934170263,0.9182387706038347,0.9211821350894639,34.35846194256528,34.34828448519771,34.35212003771721,0.7170562380222246,0.5799739094411688,0.2737336512669239,0.5004328988570024,0.41723423069489635,0.41730530810110267,0.4170657069371067,0.11453221376262845,0.1148811796718424,0.11488204647347507
0.0,20.0,20.0,-30.0,0.092632023114091,0.0903928186768393,0.09144070328600308,-2.41703822234772,-2.5975939638524146,-2.5278963366377467,0.7260309423651667,0.724450743663575,0.7235225432128752,6.600741365379893,6.599112080080507,6.601379651793134,0.16939243431617293,-0.492200077050124,0.006584009539201435,0.10709044773300534,0.09909184857347203,0.09906212972488922,0.09901938483030462,0.0916541847867464,0.09132745532387686,0.09152950319723938
90.0,0.0,100.0,30.0,0.2002807208977297,0.199701435859501,0.20012140108958573,0.4471131874629364,0.4431271269267639,0.4460202879850691,1.572532948866276,1.5722794917443235,1.5725225240164238,26.6193640320706,26.609092388766957,26.61356475019164,0.499288396553155,0.7700242096110926,0.6788520763994891,-0.13720922918886014,0.28954305523768603,0.2889874767299703,0.28937079339296123,0.2001269987463495,0.20011340156165863,0.2001652488971969
0.0,100.0,90.0,60.0,0.2263625066833546,0.2237652326508028,0.2254847567018966,-1.004737376787213,-1.0403459595674962,-1.0331241600496623,1.7920631961218247,1.7906696002417515,1.79464003621692,27.604679339497746,27.599117789333143,27.612936210176684,0.6393067666333623,1.0498133149078566,0.013583248599600596,0.9983353283974634,0.37208467962819486,0.37185243676064045,0.3722379056227371,0.2253192529520602,0.22563362802901277,0.22581428806285864
0.0,50.0,50.0,-60.0,0.1422531177836829,0.1415650923698657,0.14188402377183612,3.14158780457797,-3.141484136841058,-3.100119239767017,1.1263308366064648,1.1266631448297084,1.1264688022260416,15.4728589658186,15.482293087410689,15.47732455243841,0.36630914401145137,-1.0433360071259683,0.005629667061099516,0.3600274779589611,0.21232349922272636,0.21248057769851533,0.2123628290509441,0.14189780549459888,0.14191813693166808,0.14186986328475676
20.0,0.0,10.0,120.0,0.0749948277461725,0.0544131547890773,0.06582867599911325,1.1098640100664918,-0.1926315481901162,0.4778786038674597,0.5684780348009094,0.5718426830678056,0.5677196825666314,3.6631000237197355,3.658103954988238,3.645103992673207,0.09479030794243426,2.305829684213484,0.010812760113281299,0.04852493289474457,0.06420647176012072,0.0647195839815058,0.06436124285242079,0.07222620871642263,0.07211375840780015,0.0717242819702079
20.0,50.0,40.0,120.0,0.157068954571527,0.1535329765193162,0.1557830829780485,0.4761940883613139,0.2316154759813936,0.4012278879887021,1.2355010832937285,1.2344581311208351,1.233696979479391,12.759516678949575,12.76690341842027,12.761156023586683,0.3155463787617905,2.2234081263356558,0.09060785090991948,0.32787491260394,0.1830349021494806,0.18312668434494306,0.18308630351209246,0.15594001674311858,0.15570634836989009,0.1558406098663045
50.0,20.0,20.0,-30.0,0.1777904778216579,0.1734831571786376,0.17590817878198262,-0.5721494771342218,-0.7327443558416468,-0.6436660533960525,1.386912755298893,1.3875450905876552,1.3864084006667219,5.065334969296029,5.065138540896834,5.064295483265701,0.12534155228507748,0.5291740108975754,0.12172308364757739,0.09262393514419026,0.07296433616423666,0.07293003260436563,0.07301947451929489,0.17604548239266568,0.17598027189344326,0.1759053953731603
20.0,90.0,110.0,-30.0,0.1869555270964138,0.1845520366830303,0.1859957596240236,-2.3289019003301163,-2.347702621529823,-2.3388411554045208,1.4837574215991658,1.4822742610122273,1.4834441066777895,32.57325206450703,32.59259272335667,32.574350704064,0.7173675001787503,-0.4760021632525249,0.21385971659194525,0.8998894810846124,0.41707536930805517,0.4171058033843634,0.41752812500925574,0.186120188777419,0.18604440238618206,0.18625516046048185
50.0,50.0,50.0,0.0,0.1885612137941944,0.1876104726347676,0.18820234107189626,-1.070853540792561,-1.0899884468058312,-1.076466329583059,1.4888849361346186,1.4865424098648166,1.490027765562802,15.093878214443379,15.084928381656566,15.086208895287216,0.3544644219095127,0.3083935807830766,0.30122324348692986,0.3507116212258582,0.20558702335203624,0.20535690558836692,0.20540254291935714,0.188030636821988,0.1881848185807113,0.18846417913988303
0.0,100.0,60.0,30.0,0.2302241908020399,0.2296802461195351,0.22998245261197475,-1.5581761318816445,-1.5750300177792989,-1.5639399473560183,1.8215725453349947,1.8230399278859597,1.8238340610974317,19.314939306830425,19.309951158688826,19.307750293555493,0.4800953603326269,0.524701307511054,0.00474082249225803,0.7649841963258397,0.2783905763287948,0.2786232474421703,0.27848258365354295,0.22985614536175308,0.2301517482097772,0.2299738840719424
0.0,90.0,60.0,-30.0,0.21477627618597,0.2143543032676199,0.214589713215908,-2.6015476846197294,-2.6192823139613908,-2.615003901150668,1.702424953198551,1.700813815098347,1.700990805210233,19.11560871196021,19.11724792872487,19.120958358835928,0.46970457096652024,-0.5237308180060589,0.0027689372702612487,0.6983533210779529,0.27261834875616475,0.2725078483596966,0.27280490930432943,0.21465924441586937,0.21445351571131277,0.21467983659267784
90.0,0.0,20.0,60.0,0.2872613600375052,0.2556367281409343,0.2660498049119204,2.740535298675806,1.3844291584309936,2.08158494633232,2.0948047979460904,2.1015971725313567,2.102917491259407,2.862368914570632,2.8708574297205502,2.8652968911159133,0.08833267182739545,-1.2330182710622242,0.008102895281274062,0.14714226546368567,0.05300840143610254,0.05281485358017434,0.05308320605782253,0.2661357429292539,0.26717515605485753,0.26631044603323767
0.0,20.0,0.0,-60.0,0.1143691774492201,0.0948409349449528,0.10489836464724432,-1.9683521513389437,-2.1233151001426056,-2.0527377363804375,0.8722778098357091,0.8709131581624432,0.8747650155537772,1.902104196040116,1.891876442467774,1.8882663867576022,0.07093800316225875,0.034990315627435244,0.0005446495022690768,0.06404501311115599,0.05734085173728654,0.05711521210826777,0.05723777345929586,0.11036082402021788,0.11068358610241595,0.11084052188051222
100.0,0.0,10.0,60.0,0.2682813285413367,0.2654824247831945,0.2668642099577881,3.139297816896703,-3.1381145283956977,0.42183702770480713,2.104172685185067,2.1066056784669738,2.1053693116281265,3.275963258911526,3.273755507485693,3.263540143907833,0.15997653026071446,-1.0720338637815992,-0.04766681137367926,0.2863556828372696,0.0967128980152444,0.09684698875410898,0.09668170295899799,0.2669756742370195,0.2671301637778054,0.26681542187895213
20.0,20.0,20.0,0.0,0.1092928314654338,0.10614016918227,0.10773847219692163,-1.1823295573718495,-1.303012909903811,-1.22572303684336,0.85278849569289,0.8519099069568614,0.8524492706183358,6.430936796128726,6.4235635625025465,6.432270380760344,0.16466225016326172,0.34136921923228,0.06182795757482597,0.10628878052118956,0.0965235922644247,0.0963047653808111,0.09650252892374774,0.10781552849550845,0.10775768048638547,0.10789539362205122
0.0,20.0,110.0,-60.0,0.047604141407641,0.0448919063417854,0.04607293276827812,3.1411823924849376,-3.140538448512701,-2.5763302698789214,0.37935504155029964,0.38292078450402245,0.38154336904041913,30.912415315760505,30.929725999424445,30.92700751803953,0.6270789180112645,-1.0458906674055437,0.007380471203142956,0.2000539489329596,0.3638079674281084,0.3641079353780851,0.363935718094097,0.04631479259138316,0.046571419998344736,0.04614279962644926
50.0,50.0,110.0,30.0,0.1572460693150478,0.1541255966268206,0.15517858806080814,-0.6469040671905218,-0.6541170472931951,-0.6514302943181717,1.2321123205889237,1.2397713730028532,1.2313811476017205,31.56025425878602,31.57200177218376,31.55763602545568,0.6647006347344785,0.6485708967369541,0.5115651079844835,0.5007948345658495,0.3866400856259693,0.38666245537764005,0.38640569900355465,0.1556498714101724,0.15552930967402084,0.1545833434388811
0.0,90.0,120.0,0.0,0.1706593976517882,0.1689487829286603,0.1698463265520228,-2.074523011651081,-2.0809039976590227,-2.0772283194286407,1.3585948006509805,1.3573386994338257,1.3599591365885808,35.20336255751683,35.196553518819194,35.190778978488936,0.7648952704655433,0.002021560079681491,0.015419500780851228,0.8994436657434173,0.4443582827986669,0.44455557464769263,0.444270391927355,0.16986350670193173,0.17006630911807002,0.17019406176910368
20.0,90.0,30.0,120.0,0.1398637266985409,0.1139337643321765,0.13073547982428307,1.73817278181665,0.9096541669230028,1.4714049545011372,1.0379673246180365,1.034826997357028,1.0389508104436682,8.535431146151526,8.545132743875614,8.540818824946351,0.19072720787420083,2.566191495988539,0.1420191194623792,0.10174061655961747,0.11107948289634706,0.1112238717281637,0.11097765806260906,0.13125391000044548,0.1313838858429906,0.1317775543367378
0.0,100.0,10.0,120.0,0.2683698301910139,0.2660179028882178,0.2673665320518091,-0.5282441188072556,-1.369521007295751,-0.9000108477670091,2.105671788206809,2.1126250749498823,2.1117382341730755,5.4070271547403435,5.402605560759157,5.416865495268903,0.21513453597102186,1.3858599369287783,-0.07571557195245271,0.38988267119342357,0.12632307889350447,0.12606046820706027,0.126479881411852,0.26717436466843864,0.2679451039075519,0.267070088238573
0.0,100.0,120.0,60.0,0.1994159805760325,0.1968094636579456,0.1979543937020204,-0.621539345595393,-0.6453833949783586,-0.6348048526541739,1.5762634842024483,1.577992725438501,1.5831826797506396,35.34419146370969,35.333831186302014,35.34338072738028,0.7746295407398824,1.115719859298839,0.3602466342900884,0.9987750992313719,0.4501313295961942,0.4500072456205419,0.45023481516972774,0.19766423847455508,0.19852520791990524,0.1982783917196675
20.0,0.0,20.0,-30.0,0.0736403659332059,0.0711447481823621,0.07221652446534053,-1.111439300906633,-1.231980040086131,-1.1736704661348136,0.5700718652509148,0.5699069704941735,0.5703368396851979,5.672737093958378,5.677497192367624,5.679365724077582,0.12434056863661705,-0.12642372498276389,0.05404272104571963,0.031160881335686553,0.07243410088729356,0.07273052710043654,0.07260667370250089,0.07216668019936431,0.07223302278786248,0.07224703352958076
20.0,90.0,90.0,0.0,0.2140423889518921,0.2126415491067675,0.2132663923006856,-1.790069954634226,-1.7964576036828144,-1.7927909691666664,1.6941420962501397,1.6972685073867777,1.6945977894527038,27.34937034903139,27.350241932797413,27.347552739320527,0.6261656725440594,0.06748448567161923,0.21615762440250544,0.8999411679698676,0.36408660347891236,0.36410689567975857,0.3639961648574698,0.2134369784625017,0.21346638312666266,0.21309448243235132
50.0,0.0,0.0,-60.0,0.1484901682529125,0.1443269589548376,0.14650778703246742,2.266843869488716,0.4997350663982219,1.3863453993286228,1.1553825417852326,1.1540843842712878,1.1586153738847558,1.8478244225880522,1.8473839377553058,1.8438273435261856,0.09927322796227755,-0.8751913463529892,0.0005313092815619389,0.10099435665087937,0.0589098932334399,0.05865172500997126,0.0586441173819469,0.14627473378287806,0.146695948043146,0.1468388380811606
90.0,20.0,70.0,0.0,0.235630118424834,0.2349117430065517,0.23535574012151075,-0.3855196439641564,-0.3906320921815727,-0.3872172268046788,1.8553873928487206,1.8556590157630615,1.8543709063169986,19.113171363832542,19.115334962339244,19.109779006535696,0.3911417755285406,0.41309428501253903,0.6137219131738031,0.17428987464301313,0.22663907581564166,0.22660384784827214,0.226408257908457,0.2354683964278537,0.2353377404462753,0.23530037227958608
20.0,90.0,110.0,60.0,0.1985578017799096,0.1952809179867007,0.1964458473915189,-0.5540251331843578,-0.5759989274616809,-0.569466497369829,1.5644308633717572,1.5656973270830294,1.5620236356038073,32.53779360746985,32.525240679966394,32.533427315935704,0.7163247988925943,1.1315993927603853,0.37559912843169524,0.9006937859322461,0.4163403990324384,0.41658779817312025,0.4165258319090796,0.19678248866557288,0.19648599361702135,0.1963378237078317
20.0,90.0,120.0,30.0,0.1787188815533169,0.1765034886833568,0.17777844827865424,-1.2136998335705724,-1.225457084718869,-1.2209269701411378,1.4207487660476874,1.417210678486048,1.4229901155234126,35.18451248517832,35.166290764781685,35.1732918128253,0.764163988163069,0.5768432051156561,0.2769644698558441,0.8993089980543041,0.4439571062002996,0.44395998285474464,0.4443759012301939,0.17767095276200237,0.17793671156708488,0.17839313385404565
20.0,0.0,80.0,60.0,0.0497623198901225,0.0484025914819039,0.04930803489683526,0.4123883872836579,0.3717111456397862,0.3919994093426521,0.39150738393508605,0.39120424832565237,0.39041226987445443,22.1211100734893,22.119575651160606,22.116553114622246,0.4392194708381498,1.1221384349267822,0.1470296917553072,0.030810424254495816,0.25429917402034075,0.25420762122368445,0.25420549779104024,0.04944479443654632,0.0493049492917809,0.04934800031251871
50.0,0.0,60.0,0.0,0.1354506934636576,0.1344392262741806,0.13503656397183056,-0.3826799284810278,-0.4019342786981535,-0.38850050431412075,1.0660600937963312,1.064103824954388,1.0624684258939256,16.40319570891961,16.393454271885506,16.379816411696485,0.32571577309706623,0.2800776916078888,0.3016304155110491,0.04405781263036939,0.18897875335853398,0.18892435951446043,0.18858951818300432,0.13527836778869037,0.1348129339236529,0.13505722730480121
50.0,50.0,90.0,60.0,0.1836209690600203,0.1797087081544345,0.18151092583918993,-0.0712169310004653,-0.0883141207628595,-0.07876365649967347,1.4383479982880745,1.4408483281345614,1.4384441730471278,26.163726716132413,26.158991749291232,26.162199560411743,0.5663006038307224,1.2255751031424649,0.5065576125731981,0.5012140205040663,0.32884089124437654,0.3289075352288211,0.32907340904180293,0.1816902070772195,0.18169198433900327,0.18139392616744832
0.0,100.0,100.0,120.0,0.2118596845718768,0.194649280821115,0.20952135754017165,0.0595388547360293,-0.0028862306604109,0.0190557783315276,1.6683219252033636,1.6689344064556437,1.6701289150352492,30.189983606916,30.19268990823899,30.191043099039486,0.6827870971362316,2.0975304328546307,0.017991878826144725,0.9890851870374984,0.3973398233164459,0.3977085697957367,0.3978186535046839,0.20970778216417732,0.20992373427000832,0.2098544751484306
20.0,90.0,50.0,-60.0,0.2295928277248957,0.2281232716354313,0.22864589865144852,-2.761795785729512,-2.8224369879641755,-2.808396514410125,1.8095902405103932,1.8109604596583293,1.810583250333776,16.40134239168198,16.405014303663975,16.40811085538265,0.41952910738360943,-0.9280418985520619,0.1419488331116783,0.6493389763895345,0.24322906368404248,0.24355820352435,0.24337683481726974,0.2286075477817477,0.22872907160426864,0.2285672336022645
50.0,20.0,20.0,0.0,0.1757874138206503,0.1681561247399445,0.17263074258450947,-0.1316576664187496,-0.4191385460213382,-0.24688765143607116,1.3615465075550772,1.3631831995400527,1.3612447817040088,5.328259133827121,5.3236093599427985,5.3278963530906385,0.13555221480778643,0.9694339554925209,0.12461155946839093,0.10404853369150585,0.07896206181714072,0.07891475994074394,0.07903071353794766,0.17286467255547067,0.17282520852234143,0.1726244142475577
50.0,0.0,40.0,-60.0,0.1529185672438719,0.1473011902706179,0.14897444222040415,-1.200244576401826,-1.3070802973537976,-1.274958739141384,1.172567217008727,1.1729063979683882,1.172892747650228,10.642857269836279,10.646186220078869,10.648273443802125,0.21061978662897635,-0.5751120397674298,0.2139862941325423,0.03779918308182673,0.12228650631666124,0.12240983698160289,0.1224059704884414,0.14889304773881573,0.1489368378369907,0.14889304224223382
90.0,20.0,30.0,120.0,0.2677545388362876,0.2523673364294962,0.26504253708048425,2.42786398850561,1.7889484787459862,2.2043619120379363,2.087432998800888,2.091248623627751,2.0915743712144144,6.886983850876628,6.885612013463398,6.879798009059493,0.15450095952101445,-2.0605479802572697,0.2386051274394116,0.15602028996638498,0.09039684026923644,0.0901136967539576,0.09011665232042988,0.26510969902853876,0.26563047837615333,0.2651483360064782
20.0,20.0,120.0,60.0,0.0773679157704768,0.0723697607864017,0.0739326214295987,-0.000994778913283,-0.0482761953972806,-0.029117432234650884,0.5939545127426928,0.5951615827196054,0.5939436390109216,33.61455175087229,33.6130743281051,33.613986184412745,0.6776666292821157,1.1095938831637653,0.2854768392241189,0.20019344052370266,0.3936829456172773,0.3939142396485601,0.39408290531779716,0.07415726898459507,0.07414703186074018,0.0740162724964559
100.0,0.0,90.0,-30.0,0.2457765062305248,0.2453072884571082,0.2454388093493747,-0.7396695907288598,-0.7451875932636682,-0.7432992459877045,1.9320391249930216,1.932347378194727,1.9320743521493287,24.091313899174793,24.09156915310046,24.087348318275723,0.4663129900046387,-0.1782343715353004,0.7925894420731259,0.03285135701301322,0.2702275413297348,0.2700241296514752,0.27027519010817913,0.2454542823732835,0.24544403622904348,0.24542048250656018
50.0,0.0,40.0,60.0,0.1462146649051743,0.1388029917653138,0.14414288298922145,0.7839896396023589,0.6444347677666509,0.7464291176289574,1.137379138565957,1.1361898357977325,1.1366276862905393,10.77282172713122,10.768022694400893,10.773609538896054,0.21705669185307308,1.4979636026716374,0.21097617259704346,0.04937535496637296,0.12592026334005196,0.12581857530434998,0.12585803204314322,0.14430093245248352,0.1442006540381167,0.1443533319676379
20.0,50.0,50.0,60.0,0.1486917245722892,0.1472512456776346,0.148196763145979,-0.5955000796096181,-0.6652335457607533,-0.6109994891173351,1.1743616626746267,1.176059839677813,1.1771127584243393,15.404639876024884,15.407407630860078,15.409742741519453,0.3638228692919507,1.1624549130697954,0.11765447570461243,0.35453972100015485,0.2108317095125778,0.2110430350110931,0.21099207308208606,0.1480752214396072,0.1484217650898115,0.14821902973825749
90.0,20.0,40.0,-60.0,0.2673217365908271,0.26630593976369,0.26689076769103287,-0.9496744968624689,-1.0098946182763264,-0.9898092871216659,2.1020123697541853,2.101759757568134,2.1020917939666144,9.657736526807989,9.659477805875381,9.659778591787903,0.1913460670526709,-0.144358359514848,0.3354112675762337,0.11161481015795192,0.11130576078038293,0.11126393285919961,0.11128055410733609,0.2668743729836954,0.26688493198696267,0.26691382111358136
0.0,100.0,80.0,-30.0,0.2429652798877879,0.2411846435167812,0.24202686888076105,-2.607824516518956,-2.6149984619685718,-2.6115973171845615,1.9216424938629049,1.9209359651311553,1.9210795213999068,25.03402370706012,25.042814635683275,25.03285606877491,0.5963373059874156,-0.5227074666997763,0.0068360074434829455,0.9999050171863113,0.34650019032904705,0.34651415978961486,0.34649976451851244,0.24211051485655305,0.24203631809653917,0.24212125792325537
20.0,90.0,80.0,-60.0,0.2303347328412886,0.228050953249101,0.22922851198128297,-2.816296735494632,-2.8280665520629986,-2.823843801078027,1.821915656593342,1.8181688386968375,1.8188192077601346,24.755705546369885,24.762208163083635,24.761972640763926,0.5821379399268194,-0.9650990109665196,0.21709877501573852,0.898921676176191,0.3382580992385874,0.33831400919309035,0.33802289550807607,0.22937653278197326,0.22902849967113303,0.22948359369637758
50.0,0.0,100.0,-60.0,0.1370321824410144,0.1345791370434307,0.13561524186478668,-1.3931662928125663,-1.404116915659733,-1.3996396290592343,1.0665576220573052,1.0679694036771283,1.0674501058629455,27.32371516242204,27.33625011671744,27.332619104758482,0.5344260708210724,-0.8779793176159377,0.5027125071444468,-0.0009228559200903458,0.3097296912183073,0.30971849540687135,0.3097554184592888,0.13561047956947864,0.13571455526395237,0.13554020426516358
20.0,50.0,110.0,-60.0,0.1178125268459598,0.1146756293000729,0.11656064853337342,-2.6966463135363847,-2.7201158510861347,-2.7044372230479,0.9352837585828744,0.9326966876950464,0.9379201327868305,31.670817812055347,31.66615807913768,31.685211751891533,0.6679193738186789,-0.9978368006275479,0.20548232224314716,0.4992640736079593,0.3884690334639284,0.38864986538118274,0.3886808435303673,0.11639157211974623,0.11674641732043944,0.11704995924090722
50.0,0.0,60.0,120.0,0.1354232559315683,0.1291266800568739,0.13394733511290619,1.7128543033336676,1.6326596275501917,1.6937844229138705,1.0551497874524167,1.0569953368617397,1.0570965819484315,16.40185271702814,16.418621270281943,16.41100264465809,0.3266883852438881,2.3717554568620454,0.29938819455456195,0.04695608023689317,0.18922043463783197,0.18945023294452068,0.18942891400573247,0.1339633482298262,0.13421737956824212,0.133976961074599
90.0,0.0,40.0,60.0,0.2675860970781958,0.2588944122305227,0.2657839368627886,1.3410594692668545,1.1061124121580663,1.2697120267971913,2.094149185821702,2.0922089364397474,2.09459079715165,9.164559423944779,9.16521188141932,9.167256251902868,0.1625584639474333,1.9896352304014988,0.2939472992403002,0.06020535981783068,0.09438428295882527,0.09446171567594634,0.09440247048911056,0.26581981754109546,0.2658725097892323,0.26612071835856216
0.0,90.0,70.0,30.0,0.2407267796589802,0.2388030962698585,0.23999510975675367,-1.531371873050002,-1.5582843345724953,-1.5481213681203065,1.9024282294099866,1.902027098036114,1.9056316391812933,22.231906692281278,22.233073867202048,22.230381716837226,0.5409974703935488,0.5294551738825445,0.0160128861556582,0.8993586350334344,0.31432443797661935,0.31434915767217403,0.31434840580971957,0.23976711345580026,0.2401801623606623,0.24022340120975555
20.0,0.0,50.0,60.0,0.0588552515228783,0.0545333254317137,0.05774100940464401,0.2808197162475759,0.1600210798845483,0.2450443911119035,0.4584209248014962,0.45824496375992935,0.45784449666524324,13.968086990984702,13.960949013955975,13.961826595715555,0.2840012153374865,1.178756534166418,0.10409253634566197,0.04535556638983812,0.1643041833001161,0.16439335929136292,0.16415319069062503,0.05785317003471141,0.05778173490156667,0.05778957100617408
50.0,20.0,30.0,-30.0,0.167826711191964,0.1669741822876943,0.16735566748898828,-0.9681213032502748,-0.9770549918891536,-0.9735274740235388,1.320071350381821,1.3170319388936385,1.3222510939608279,8.373704206341337,8.358065273477978,8.380324679657397,0.1908757615382041,0.10459242022116298,0.1882057576536133,0.11654554565447649,0.11114450298079812,0.11094291356532299,0.11123865797716216,0.16704475435800725,0.1673293820824831,0.16773070609444848
90.0,0.0,70.0,0.0,0.2397651753528352,0.2391344243897892,0.23957614886648557,-0.1536815657486187,-0.1603233700617534,-0.15588073041590156,1.8862614600355645,1.8857412230879407,1.8867949384882454,18.461483405018967,18.46045737192118,18.457457411891415,0.35520221914374034,0.43787185084708174,0.5882695324838297,0.04137922573961663,0.2058077480443507,0.20594765482111932,0.20586004216291467,0.23952195319073347,0.2396001215372851,0.239652925942386
0.0,100.0,60.0,60.0,0.2154207497934387,0.2141218613653086,0.21503556441438282,-0.7191777292508316,-0.7679296194920343,-0.7292201408109753,1.7041865526910833,1.7044808816007269,1.7054682973106943,19.013048914335403,19.00967176911547,19.013170722210813,0.46506635582569156,1.143566771252734,0.1522008486805628,0.6760008308808089,0.26974346361586793,0.2695446521865031,0.26987674026355757,0.21497648543823158,0.2151233188099536,0.2150894353499593
50.0,0.0,70.0,0.0,0.1303287277773595,0.1298129941527258,0.1301356025056934,-0.4067295726672659,-0.4180552285535789,-0.4097685454987618,1.0257206750994856,1.0251729019672027,1.0256058247929014,19.180713917098114,19.17399040156978,19.173646487826513,0.3796582330844994,0.23127696234841824,0.340105053244608,0.04013636029258709,0.2199571821094702,0.22009112781793583,0.21993823727452808,0.13012429620306612,0.13013032969462532,0.13020061583656314
20.0,50.0,70.0,-30.0,0.136400251266801,0.1356516916494668,0.13602987747232428,-2.1798305210155693,-2.1989889536231417,-2.193813028464965,1.080925548305444,1.0851947297362228,1.0812900311237692,20.78725056340138,20.786595804562758,20.788285221746317,0.4644922278074906,-0.4430345292952383,0.14793317544563384,0.41217752874243485,0.26924036472037916,0.26930708185967145,0.26905821399774743,0.13620585615505756,0.13623778648338605,0.13569374991460834
0.0,50.0,60.0,-30.0,0.1350740284679922,0.1342741100083185,0.13469593332028557,-2.595476263432244,-2.6208885665128823,-2.614529445959409,1.0719211826210533,1.0715711219013666,1.0706041369097419,18.138278564932737,18.15104339520352,18.139415618589876,0.41576162153432855,-0.523530396114593,0.0017049417743793863,0.3880147127193894,0.24056035610483184,0.24082336655933143,0.24073131606577047,0.13481436612622708,0.1346441508206248,0.1346965776310077
20.0,50.0,70.0,60.0,0.1308438122626495,0.1298506342237707,0.1305547262200478,-0.5397737960164888,-0.5665278138442189,-0.5459981614723267,1.0378122877561209,1.0394252308486251,1.03968833648952,20.689487942312358,20.681792387625283,20.690530095709065,0.45855943592848886,1.138776619151961,0.16535898714653033,0.38050709765420176,0.265966088403304,0.2656687557173913,0.2659117481869779,0.13050020878601737,0.13072461204251237,0.1305139470259629
50.0,0.0,30.0,120.0,0.151827496158641,0.1322059148908984,0.14540805992317749,1.9478047834942496,1.4465116895553152,1.793441176782525,1.1484282369433318,1.1481728144109808,1.1509477587615147,8.046774571566495,8.05081289341619,8.045365221405001,0.1698318565957099,2.689080102079569,0.15807963456874355,0.06317865190861313,0.09861184173244374,0.09862040630556376,0.0985636287570355,0.14559836970696519,0.14591991035810498,0.14595440328328513
100.0,0.0,70.0,30.0,0.2618803497716254,0.2601000892091047,0.2614962407451305,0.4267762817955001,0.4103201482621167,0.4231536385026863,2.0588953348305763,2.058435494276353,2.05903312103548,18.236000013866065,18.23394953309028,18.231250335481086,0.34689478209095403,1.0051587366513495,0.6275348890973947,0.036856337798915735,0.20104648983116252,0.20108426069861954,0.2010687470642503,0.26150112486835403,0.2615190072221176,0.2615664887358559
0.0,50.0,80.0,-30.0,0.1211542383966613,0.1206320057233671,0.12091963793552284,-2.5831771544406847,-2.5967441584190243,-2.5913789908839333,0.9638728834504191,0.9680281299589951,0.964708708635207,23.506371915223486,23.516568973825226,23.496208639285268,0.5150191560542411,-0.5200055929833965,0.010471619675562474,0.4313876521650016,0.29883731437151523,0.29867846600160713,0.29860844327353564,0.12105006573812653,0.12116565267580022,0.12063267825738247
20.0,90.0,10.0,120.0,0.2687577720476751,0.2512273739735084,0.26280164600003136,-0.1964135371612348,-1.314056126417839,-0.7365534397447869,2.1051726912512465,2.1130095637591757,2.1088728101488305,5.609810392166976,5.618828264679339,5.625442587032463,0.2165298453833282,1.5165999113924093,-0.06258315864992867,0.40372565781103054,0.13126945416767039,0.13117759938177637,0.13166095513132967,0.26723365519382775,0.2677068164103247,0.2667148864035625
100.0,0.0,100.0,-60.0,0.2507732715992659,0.250136248861029,0.2504230707885156,-1.2738608561217477,-1.2755857629467695,-1.2749224221061324,1.970660798377835,1.9716427161719192,1.9711757882412566,26.834907881474255,26.849358832990664,26.84532289180487,0.5191193942424294,-0.7309210536726614,0.9008785300682629,0.018400398502174127,0.30078753531631847,0.30091487124639593,0.30079448916647833,0.2504355084840455,0.25049321807536873,0.2503703206892171
0.0,100.0,40.0,0.0,0.2517468989459997,0.2512968961829584,0.25148822812778754,-2.1002856797055003,-2.1034376837233637,-2.1017954403594983,1.9899900704979567,1.9894001391212481,1.98946728142201,14.05187437054708,14.043878594972329,14.034826724611866,0.3860862951527067,-0.0045957318298027105,-0.001617608959266438,0.6727244721299219,0.22379680613371125,0.22343409734155856,0.2236332379258244,0.25152051206979814,0.25145734193337926,0.2515107449836485
0.0,100.0,60.0,-60.0,0.233626174471045,0.2329013144128389,0.23316716283649697,3.1415883123620847,-3.141532353576568,1.7530731547628595,1.848363297786609,1.8475188208656632,1.847947699610816,19.339033894435207,19.351134951160358,19.35454340101701,0.4822010627551977,-1.0487893295327018,0.0007971325189007765,0.7790115178013135,0.2795512530658956,0.2799300307182646,0.2798391647230529,0.23316467804118798,0.23312306351525142,0.23324250798175636
50.0,0.0,40.0,30.0,0.1463764897970262,0.1414774182519544,0.14501577682851483,0.2620331724828698,0.1718082992004155,0.23762833828740074,1.1436370536273863,1.143188511313004,1.1426581868942416,10.747960956136213,10.745659646061599,10.745889065136375,0.21579910426944057,0.9784506921666295,0.21165956110751877,0.046991921105552004,0.12516590937814503,0.12505851002043913,0.1252590431746969,0.14517314433175968,0.14504543437601056,0.1451128325676033
90.0,0.0,40.0,0.0,0.2675740713145798,0.2659521106047351,0.2667495886369475,0.300365864172642,0.1926553858772685,0.266672797572721,2.1006344995662003,2.1000948767579226,2.099210934288502,9.041803539971934,9.039201521772538,9.03928274611446,0.15496564749057778,0.9554261576653564,0.2829567199671376,0.047886803506732696,0.09000802077007768,0.09003056569975373,0.09008862019546954,0.266854069191067,0.26667758407912695,0.2667409826780176
0.0,90.0,90.0,120.0,0.2078925057869246,0.1950785507348567,0.20595123977048155,0.1580244506897477,0.0157646927168987,0.042431461804465366,1.6391415419982829,1.6399220190059394,1.6399530637708701,27.352314290540846,27.361799679800228,27.353127250520938,0.6259834641808998,2.1029669003390836,0.03311546449182721,0.8906628852949314,0.36391526777079913,0.3641202661426306,0.36401400889140134,0.20616491166851517,0.20628348677680655,0.2061794139767162
0.0,50.0,120.0,120.0,0.1013394353827394,0.0971424211152082,0.10022905349453684,0.1198714162744351,-0.0020612277423402,0.03132364369089997,0.8089188197167405,0.8091285201590894,0.80904810302548,34.374434410371144,34.37916469193299,34.37426909771128,0.7175499579109085,2.0968990549202537,0.016991391264637196,0.4975724136617416,0.41733828279048135,0.4177410530198689,0.4177932638265568,0.10043892830863596,0.10045069587292675,0.1004452403297758
20.0,20.0,10.0,60.0,0.1190901498210727,0.1085271831013004,0.11152560990271497,0.1141687072704562,-0.8193233711961013,-0.4266341359407348,0.8825722943780265,0.8833355329761394,0.8819668228833076,3.91714712363006,3.91454706570619,3.916741969135709,0.12253049298687389,1.4088399719058409,0.023641273076985835,0.09137004764844824,0.07184285897195171,0.0718394554968384,0.0718438369404447,0.11182416087401408,0.11175047982615388,0.1116485422853055
20.0,90.0,70.0,60.0,0.1772833357102897,0.1760001492430928,0.1768851397961234,-0.385211812622632,-0.4133104929434996,-0.3930427007495508,1.4042103110828577,1.4024674730058548,1.4039605907804087,21.024611051872913,21.023298368734707,21.017413410987796,0.4796256819525002,1.1982290625050251,0.28358064305821884,0.5150351862987521,0.2781552910077731,0.2780563477058899,0.2780173132721055,0.17684477616872366,0.1768386305731516,0.17703631394641198
90.0,0.0,100.0,-30.0,0.2444624186537044,0.2438288015034651,0.24419653421259274,-0.7502372082615374,-0.7527539464042456,-0.7512662293875866,1.9214845721297933,1.9224135330109369,1.9222488858238442,26.855359516482277,26.860815627392885,26.85330112028595,0.5190436472064729,-0.21540943924304987,0.8785050506773444,0.010802545587286516,0.30066889810874636,0.3008352351039571,0.3008575385979068,0.2441798276845115,0.24427825352683005,0.24415752906468782
0.0,50.0,40.0,30.0,0.1489757365667183,0.1482448295270701,0.14860002783283335,-1.567713267645129,-1.5966348019989764,-1.5781280500704322,1.1775563621577707,1.177465252182367,1.179263026394674,12.805373071977465,12.80222045593349,12.798753264589381,0.3166268091001095,0.5203201738712618,-0.0012945662535680932,0.3259816788760289,0.18378430801383625,0.18363054774492601,0.18369089405879874,0.14846708234075784,0.14869349768348622,0.14868296043364834
0.0,90.0,90.0,0.0,0.2078450019235087,0.2065525080225237,0.20719300466624474,-2.073332487884771,-2.079936456070232,-2.075920117042487,1.6475272616986727,1.647847838915261,1.6487008559469147,27.38119691886138,27.36939741755108,27.370587153067806,0.6270038125056966,0.003408323378696457,0.015075358844622043,0.8999155898933495,0.3646431402785945,0.36451979964541814,0.36442595139404005,0.20719031906055294,0.2073247815494103,0.20726825884306943
50.0,20.0,90.0,60.0,0.1032640656502551,0.1022598910477044,0.10292742084449119,0.5060672784145506,0.4922730140422914,0.5008123979875316,0.8133699842124578,0.8109765435851175,0.8132457330503349,24.863540438591585,24.857133023004124,24.863155812022708,0.4944574191993531,1.1877550462044528,0.3482096188715558,0.05740605056850998,0.28671373428613106,0.2863597393830433,0.2868085654823607,0.10287658327665483,0.10285159606595232,0.10315912501846432
0.0,20.0,80.0,-60.0,0.05788278431439,0.0568749235481609,0.05738920561971539,3.141500150324713,-3.141575521150976,-0.6487863374332229,0.4649863041164075,0.46365162678975785,0.46615953777892566,22.717970893667676,22.725185893393455,22.729617760394344,0.4721364386208189,-1.047034748621401,0.0016789394445810653,0.18774913450706823,0.2732663407164267,0.2734875426991584,0.2734416493994403,0.057262981822631606,0.05740691564432573,0.057584352070397075
20.0,50.0,70.0,30.0,0.1329949564725516,0.132325252738661,0.13278865850507648,-1.147288559856192,-1.1663769486604647,-1.1540613989609037,1.057370466647512,1.0571323045389864,1.0564393378165495,20.757927700567247,20.758990181398662,20.7541850117642,0.4626713576756762,0.6012506124854298,0.14187275526724885,0.40144484799645475,0.2680329587719839,0.26809250080125513,0.2680870664038999,0.13285603904914314,0.1327656357990741,0.132797972697337
20.0,50.0,120.0,-60.0,0.1102830652815838,0.106456564664539,0.10852648296163053,-2.6953398988756816,-2.737651426822665,-2.712602881720743,0.8741653022020944,0.8723498598380892,0.8719407255516011,34.35386071710827,34.3637427376518,34.36788266128828,0.717364444748168,-1.0051379539312506,0.2051059880217774,0.49957573407809064,0.41739497599528175,0.4175941524031751,0.41729314130811734,0.10882146540399287,0.10855074867206407,0.10879082331946932
20.0,0.0,20.0,60.0,0.0940476665763082,0.0502368396976956,0.07071725305052262,0.6543031970468282,-0.6103812341159626,0.11647658023768914,0.5721329969256748,0.5706758218581457,0.5696234409176947,5.887845226556663,5.881253131793071,5.874168911047801,0.1326489414926241,1.3808918812964763,0.047608022653073886,0.04271614057277648,0.07802937439503688,0.07797995178728974,0.07801279826423044,0.07235973377758624,0.07205200602571375,0.0722243502057347
90.0,20.0,10.0,-30.0,0.2682266487342221,0.2459295582376217,0.262705910994893,3.1388122693775373,-3.136609545619353,0.5020532606200135,2.072241371120857,2.069533418137386,2.073856088885229,4.592202936108577,4.602347016283808,4.598030634872069,0.19016177187143782,-1.3886301992309982,-0.051407022665732924,0.33653245548658084,0.11359165700772356,0.1137099603655376,0.11369425527333485,0.2623607060422819,0.2625718960326356,0.2629066481810363
0.0,20.0,50.0,30.0,0.0730529532687086,0.0712968516850228,0.07216018186431794,-1.563771427580311,-1.6157048143168091,-1.5831595857299763,0.5765421688052392,0.576558168431958,0.5769696999143558,14.651882814343375,14.636142051076204,14.643797346577605,0.3192606056453102,0.5211483897028991,-0.0015171469009249967,0.15961128249369558,0.18513117441197416,0.18519204590111563,0.18536339255181103,0.07215088316454937,0.07219112956247423,0.0721980226318033
20.0,90.0,40.0,-30.0,0.2384832901625217,0.2375860353854861,0.2379026212030495,-2.226310414041006,-2.267503794290067,-2.2562964530781855,1.882103875826997,1.8817799349222075,1.8818927211853997,13.73254434302615,13.731609741436651,13.732234792654394,0.37097972934177575,-0.37150500790527613,0.12772818843200198,0.5980278063609312,0.21507518886259763,0.21497782544046956,0.2149749419325969,0.23791236513778255,0.23787509923023092,0.23791456642586145
50.0,0.0,80.0,60.0,0.1248641942936884,0.1236875867650232,0.12457142819441457,0.6433199016896646,0.6253746939093455,0.6385372134857271,0.9805450186942577,0.9819708312792714,0.9821456251030337,21.91129339581484,21.920602568468016,21.924183378183475,0.4322542493993837,1.2412108922754839,0.3720788569769441,0.029551260196950018,0.25016183221091604,0.25027788877858964,0.2502917797623405,0.12452273843439553,0.12473683456000688,0.12453323652483768
50.0,50.0,100.0,-60.0,0.1678964123840671,0.1642074597123924,0.16645804564529212,-2.19442680429391,-2.210790843230704,-2.2024055264102875,1.3215354189195236,1.322241326839024,1.3240261626347487,28.843106634102618,28.86131079999401,28.863298968091385,0.6149002059473353,-0.8999646225267774,0.5059011938825089,0.49798107756003707,0.35709472615183485,0.35717516458158505,0.35716320577891214,0.16639791576649318,0.16671668021286182,0.16661764591324424
90.0,0.0,80.0,-30.0,0.2323368908456343,0.2316804775145036,0.23187829484015396,-0.7328280565113752,-0.7399348494255585,-0.7375653422656746,1.8250789459157704,1.8255199756627758,1.8258461105724528,21.366788030409705,21.363856819271877,21.359423885550793,0.4140220940619625,-0.1559366641774449,0.6642412909087344,0.038539303236877466,0.23974078236715582,0.23971518619406218,0.23973234512845162,0.2318279154571416,0.23192474817317701,0.23187487802174894
20.0,50.0,90.0,0.0,0.1369217717424173,0.1350545291466833,0.13616798586853773,-1.6273590405695104,-1.652913449658486,-1.6399039029997442,1.087729420703428,1.0834014918533112,1.0867199335807602,26.34574543011262,26.33955366426192,26.338877060086897,0.5717076701587146,0.0700071491725905,0.20305852553545833,0.5000097811405123,0.3322787447442761,0.3321061172763527,0.3321333773778526,0.13615996532727026,0.1360520505536318,0.13657097712234376
50.0,20.0,60.0,-60.0,0.1474377030203976,0.144909960990297,0.14548146176277676,-1.7593591880141508,-1.7978263283718663,-1.789601940658338,1.149256969399911,1.1487268996823388,1.1497138730324028,16.995614460775823,17.000985147007462,17.003596442590535,0.3595056579412128,-0.7783622766592057,0.32042628635694476,0.1696285022399125,0.208327426793883,0.20845918989271497,0.20846544214540622,0.14539571866123374,0.14545398791471725,0.14551860148683995
20.0,90.0,10.0,30.0,0.2678848273891635,0.2565959716179841,0.26290612679729114,-1.2070433076572875,-1.5591219029582486,-1.3604495810037907,2.0875231721545484,2.0909765732007184,2.092581666914826,5.906639236656897,5.931586227442846,5.907078322198111,0.23022294591085685,0.6826146696847772,0.021198152562634996,0.42565780466110936,0.13548865031321353,0.13536607183317761,0.13494764310599122,0.26453429361816017,0.26520295850961406,0.26473011882752095
0.0,90.0,110.0,30.0,0.1860565054864857,0.1836962187270671,0.18482885722950707,-1.313659613838138,-1.335597751092307,-1.3268843107970751,1.4718366308030575,1.4743550069227664,1.475225743188372,32.59936667643038,32.583429237876565,32.584382395070214,0.717565137211553,0.5649528342616362,0.1867126066706834,0.9002601719063471,0.41716344683806356,0.41754874860233676,0.41743643138696856,0.18477013424946032,0.1851895812380055,0.18488011440196925
0.0,20.0,50.0,60.0,0.0729897574820447,0.0712271140374213,0.07209767040679523,-1.0414491320062171,-1.1029504418074607,-1.0664383337001468,0.5746342825557195,0.577499913455577,0.5767123481112957,14.636813924294515,14.634640539284364,14.629797464768762,0.3191950701645883,1.0437410688882605,-0.0025014263060966196,0.15943221178908756,0.18528455217294584,0.18506277120669568,0.1850334928556338,0.07208255391669481,0.07233913757511169,0.07196567085500273
100.0,0.0,10.0,-60.0,0.2689142481034784,0.2649257343434872,0.26655152727228915,3.1356618606741438,-3.140039692603605,-0.13339481252306631,2.1021931179538322,2.1033201955067544,2.10843175068808,5.148104799597815,5.1492538723239605,5.1479232174691,0.2099551713574837,-0.9415222205165799,0.004906288831518424,0.3794106928078293,0.1231632448696652,0.1230392402041921,0.12308282587758726,0.26624065866852814,0.26703344263000167,0.26689060707025836
20.0,20.0,10.0,-60.0,0.1225115952613217,0.1152629968131307,0.11875645610264082,-1.4995587334282872,-1.6733495503236306,-1.5892629095682793,0.9439740443252913,0.9440439793711137,0.9439103413427072,3.2332086661237174,3.2297233984805436,3.220249448051907,0.09750835873734556,-0.08786164775291505,0.04494360957234386,0.06845837167394252,0.06050853052299247,0.0603938954643648,0.06023969076082401,0.11968579484217426,0.11969906476042078,0.11965652081557514
100.0,0.0,30.0,-60.0,0.2716896590111189,0.2581150331392364,0.2657097418792432,0.0602778396253692,-0.2417930224684787,-0.09569415029245909,2.117315498715792,2.1186079559549356,2.1174681602408856,5.285053853677708,5.346031907659117,5.316812457132994,0.026307624684304757,1.371689294890964,0.031190281620469638,0.04832034544558112,0.043342697331459595,0.043571638777678764,0.04403421625523013,0.26905763688456363,0.2690970957771041,0.2688707849011557
90.0,0.0,90.0,30.0,0.2172018034218425,0.2164239804153732,0.2169731489867364,0.3811600531817883,0.3722003589308834,0.37732685011979006,1.706570499547966,1.7070225334680014,1.7068575411992668,23.97392680181563,23.959630802159584,23.96612731474337,0.4550762002846147,0.8269869326872641,0.682483972561563,-0.05046297512023403,0.26356270922324,0.26333375686603766,0.26355158002909973,0.21698092373851602,0.21701287596810165,0.21696828725026743
0.0,50.0,30.0,-60.0,0.1581493156165708,0.1568460939480317,0.15749976854085138,-2.925842204102766,-3.127586383627593,-3.066242040029449,1.2461969486103097,1.247599044413364,1.2463850168605028,10.13392803441822,10.139519301314193,10.138536916431534,0.26801257170219905,-1.0187116550076927,0.014455859945527496,0.29193750018470277,0.15530300199971486,0.15543584838026478,0.15532005413313643,0.15753352032514262,0.15756402164860503,0.15739202060470997
100.0,0.0,60.0,60.0,0.2673142929115887,0.2664769760982685,0.26678026265980875,1.030365400520177,0.9906991545362298,1.0225482063117495,2.100261033216626,2.0998331325330986,2.1005191331018445,15.256684483775134,15.2551883151978,15.261072455876885,0.28688839481401573,1.629816054743323,0.528699919006138,0.04481370322957602,0.16592619529245708,0.1659592321717641,0.16595461281249416,0.2667325111992837,0.2667653192908684,0.2668175632763641
50.0,50.0,70.0,-30.0,0.1739602689086863,0.1733971478117514,0.17358809239015813,-1.6700475519376312,-1.6822849670753204,-1.679086487741843,1.375813439547219,1.3755721613550285,1.3745733753070155,20.602736366969076,20.592841896136253,20.59806198008484,0.4585063330169983,-0.3167684298658548,0.36899708664128605,0.41013863438839354,0.26587674040066617,0.26598604041032325,0.2659032254957765,0.1736911786996312,0.1735240431446918,0.17356896187869147
100.0,0.0,80.0,60.0,0.2521630488114315,0.2504261597800921,0.2517347626014465,0.8900268573121125,0.8769857732423705,0.8872318803879986,1.9809348922334584,1.9817389687874996,1.982480248177376,21.160150866421095,21.159114800791656,21.15999712470709,0.40593299538348143,1.448454662882322,0.7076587843412108,0.026782842980678147,0.23508575305949003,0.23491465015603244,0.23515296905717953,0.2516723383678061,0.2518601181839812,0.2517534282382454
50.0,20.0,120.0,120.0,0.1222880470966913,0.1152087981274264,0.11715164668938856,1.330955475157619,1.2981379692665975,1.3075796075415658,0.9306991227755832,0.929258013281588,0.927740762026216,33.52585500524849,33.53724942098211,33.53310502706158,0.6751733732055182,2.2073524909309112,0.511783297101251,0.20123942786248022,0.39269283598467725,0.39232106164323255,0.3923438410161665,0.1173995708833708,0.11699363931790777,0.11718272187048527
20.0,50.0,110.0,-30.0,0.1175959359280489,0.1152034877954895,0.11655561485850559,-2.175600063511897,-2.1953184239003978,-2.182674825695579,0.9381295857967513,0.93474628842242,0.9323945695299917,31.67659397813687,31.675515067248007,31.656867280614183,0.6679575992324286,-0.47443517842357374,0.204712262178621,0.4996499320898934,0.38866515283466313,0.38850968550863374,0.38856134987319324,0.11704407035561024,0.11632133612747891,0.11675095839541817
90.0,20.0,80.0,-30.0,0.2283379020424949,0.2277809384385397,0.22792368798103538,-0.9622284591488004,-0.967241003575774,-0.966220740127967,1.7968787844243,1.7977498220501238,1.7961365597198753,21.997123287393926,22.00722253951576,21.996066693101625,0.4485189109364528,-0.1754384409987492,0.6834563366654031,0.18696992200500592,0.25990965442733965,0.2600345831264384,0.2599573326214642,0.2280225538524786,0.22792940927382066,0.22782121152063334
50.0,20.0,90.0,120.0,0.1064030097099897,0.1043842231865615,0.10602266443847251,1.7959416125675034,1.7773060780740149,1.7887891578382797,0.8355581135322427,0.8327076823214554,0.833527172962387,24.55665420945143,24.555687875954654,24.558425663552974,0.47763322457185975,2.240859692835573,0.3501445257435515,-0.0249636789322061,0.2768229323197704,0.27683187602964915,0.2767416454089346,0.10612406766154518,0.10586572952175814,0.10623046212638673
20.0,20.0,20.0,30.0,0.1088359211985758,0.1040036766881934,0.10640554694098382,-0.6860384695061956,-0.966371994701437,-0.789284460238876,0.8422464787961986,0.8415301126772313,0.8427978636677199,6.491504171002349,6.480891461299716,6.485412175169355,0.16683881694807545,0.8292496565075056,0.05608033596707578,0.10941431601032166,0.09789674929152571,0.09768571046338104,0.09767649634586353,0.10642635273346279,0.1065009834952619,0.10660227594893819
50.0,0.0,120.0,-60.0,0.1135549882720092,0.1096990023318381,0.11230281172059005,-1.4328155737797237,-1.4661537998882492,-1.4512539494337249,0.8845625426013265,0.8861193397438268,0.8852656484668582,32.98367559773205,32.998406741575096,32.99628702659225,0.6457454867829296,-0.9306926702442284,0.5034349231889365,-0.0016335637629251892,0.3746331419715272,0.3745924461650267,0.3746802018054297,0.1124725088586481,0.11255169042522438,0.11235096193677283
20.0,50.0,90.0,30.0,0.1375695341741542,0.1352910364859152,0.13648796065399071,-1.0942020692448209,-1.125253923597793,-1.1098303947895762,1.0882438334486555,1.0894308296358075,1.0876258021734735,26.34621538222587,26.334704312848583,26.34504708721424,0.5716822437842939,0.5947183733133534,0.20622560082718708,0.5000453964270719,0.33208917646660463,0.3320048246155288,0.33207842612810173,0.1366770614730906,0.13658798442522702,0.13645853380290526
100.0,0.0,110.0,60.0,0.2534483088634091,0.247012376925874,0.249503555084131,0.8127739799637622,0.7913460111723213,0.8052784066894271,1.9632784710713411,1.9626654608456375,1.9634364244138516,29.66272273140156,29.654710576553963,29.666360213819853,0.5732054724394557,1.3329060742599437,0.9917504808211389,0.004264326423453107,0.33263493263117655,0.3325696693155644,0.332703341333736,0.24945627713292756,0.24948573542798352,0.24956178729322456
0.0,50.0,110.0,-60.0,0.108737661862433,0.1069504481505883,0.107952461815137,3.1414722668232686,-3.141580740740737,-2.84091142485709,0.8678423373742188,0.8700376465600779,0.8681590350722745,31.674071939546707,31.68713016843119,31.674217883496215,0.66859647904094,-1.0458913594231543,0.008522121398508721,0.49995681341463344,0.38834411223855453,0.38883170527213284,0.3886930514758963,0.10814380112677999,0.10818394623141366,0.10792297523787882
50.0,0.0,90.0,30.0,0.1162578739998807,0.1156531056667422,0.11606742050868016,0.1944001930983826,0.1863306861990253,0.19042522827587482,0.9128678638006507,0.9139649282627996,0.9130794274973124,24.57883371903465,24.578905667063054,24.578090731017088,0.47935863299223197,0.6843508388167678,0.385595938930229,-0.011408282583936856,0.27779239013125706,0.27783005447665043,0.27770045968388296,0.11611527769875435,0.11614854840197365,0.11600297236233272
20.0,20.0,30.0,0.0,0.1020736678508847,0.0998427596353634,0.10132420428924252,-1.2819013808050084,-1.337330484546265,-1.2983806195302794,0.8020826970841778,0.8024581378057348,0.8032916970095688,9.153253321263948,9.155084465190942,9.156612122378384,0.21571599365945784,0.22686091049476048,0.08162060330711905,0.12760446208718085,0.12542337316827787,0.12535167828126476,0.1254831277410655,0.10128633744753103,0.10144235262376497,0.10138780854650384
0.0,50.0,110.0,60.0,0.1085866627091286,0.1061504217006045,0.10777977456067725,-0.9692220409461876,-1.0330396236381465,-1.0197603942132596,0.8669900973148511,0.8667441672259083,0.8686004426659221,31.672836319007843,31.670788962138843,31.685991049661073,0.6684451510362442,1.049798417569618,0.014522202678590517,0.49868297453981314,0.3885795101677704,0.3882950951318274,0.3887671122374047,0.10778837751415224,0.1079767292366892,0.10801142794529708
20.0,50.0,110.0,30.0,0.1183199871486714,0.1163809153064007,0.11719003351662115,-1.10805117041516,-1.128321928526575,-1.1227407587562896,0.9395098028187276,0.9387479810189873,0.9409918885948821,31.688363907044472,31.660475833037705,31.673418713980443,0.667972351041691,0.5744187076131861,0.21162712690816837,0.5001108443211033,0.3885179579089507,0.3884407639309633,0.3885362100102897,0.11715665822452032,0.11732503271428216,0.11742183819689553
50.0,20.0,80.0,0.0,0.1321141536959537,0.1318537021924623,0.1320058344154214,-0.783216590782311,-0.7866191180612104,-0.7845334435261302,1.0453539793587716,1.0441834839065207,1.0436618579204064,22.5096572479625,22.51047577315716,22.507340623250883,0.4647475460424197,0.18557602559300887,0.38368742389582694,0.18356454286490687,0.26950946738824966,0.2693553329861624,0.26942539932587434,0.1321082429307654,0.13190038627672526,0.13206011897098863
50.0,0.0,110.0,-60.0,0.1249442411942032,0.1197189347913493,0.12283201514744646,-1.4142703572053836,-1.4377092958406086,-1.4282989308599865,0.9671473138712664,0.9674119331676151,0.9664929484452871,30.17346472041462,30.181265637923403,30.178893294804922,0.5904497298537996,-0.908012726383081,0.5031262791365623,-0.0016938444870982369,0.3424867682144387,0.3426654096638315,0.34261414768013665,0.1230068195381079,0.12292072140896154,0.12289850902401507
0.0,100.0,10.0,60.0,0.2682172518209929,0.2667713082435504,0.26754451077629116,-1.1942115738973058,-1.5566122318902125,-1.3482750760276017,2.109647038747064,2.1120067833421134,2.1138826222072575,5.920758466307237,5.91643978821878,5.917670474752253,0.23012809905166598,0.8139603823739092,-0.029342673816040738,0.42529018513141126,0.13412747120656823,0.13398857447143583,0.13405239904234054,0.26730816562782367,0.2678441146073587,0.26754108255041703
20.0,50.0,20.0,-60.0,0.1794559511173881,0.1750872785583858,0.1769694138560959,-2.196372542061198,-2.4428287677640403,-2.347198270830284,1.3977734605709913,1.3977524415611373,1.3980511492610401,7.15847581104695,7.154859630279792,7.158109394802755,0.20948675449889084,-0.6319235681517057,0.09547186536271411,0.2382227091912841,0.12189048599912501,0.12179928617375543,0.12189293164906519,0.17694737755272677,0.17697160424129627,0.1769781979155607
20.0,50.0,60.0,30.0,0.1408812306181779,0.1402509298344658,0.14066817420680802,-1.1373560043787565,-1.1590353477611577,-1.1438311806988546,1.117350168015702,1.1167099467546724,1.1189801395948111,18.09264932680078,18.079581519799994,18.084579433381915,0.41327610588090113,0.6179230307103256,0.13166199199569928,0.38072173850552654,0.23939434227306408,0.23920084604018385,0.23939487910955604,0.14052323008396503,0.1407339407216955,0.14080879411217564
20.0,90.0,60.0,120.0,0.1318003361305698,0.1215429831642725,0.12972426769998507,1.6479014851714378,1.5081040291606629,1.6185683295985975,1.0254004207672875,1.0241145201294068,1.0236681431120975,16.52720983599728,16.531623504182928,16.524044826385577,0.33269165573463394,2.3595089447777666,0.2914501041820234,0.06495307812731771,0.19274819771134347,0.19290130930825433,0.19271370807400914,0.13000383539861524,0.12978702324699556,0.1299537617950435
50.0,50.0,60.0,120.0,0.1756584522994139,0.1710426142599868,0.17470511458179658,1.049946284132876,0.9618546240185674,1.0308193211906704,1.3842871842840607,1.382835515654002,1.3822835479313929,17.695147455180862,17.701744221997306,17.69185312703823,0.3988439545459157,2.3496420382137666,0.3376445010682646,0.34499140176252374,0.23088445444325081,0.23102335589944364,0.23083725874410693,0.17488570919306293,0.1746316825141355,0.17482439880741288
0.0,50.0,100.0,-30.0,0.1175219273121677,0.1155497264739021,0.11638226996080477,-2.599579080676777,-2.6230432097981597,-2.6075199054281017,0.9342196108662029,0.930085489945607,0.9358204147560132,29.013725412026844,29.02169686142969,29.016869719495208,0.6201615167510098,-0.522744750599487,0.005890848415007865,0.5000344560870724,0.3599983183645631,0.3600552077662047,0.3601203262182712,0.11617649002576286,0.11639906669960232,0.1168993455576666
20.0,0.0,120.0,-60.0,0.0483775240168288,0.0410080689626999,0.0449489951364495,-1.4295604953390944,-1.6161087342265272,-1.5149126748377673,0.3727744035743506,0.37414809965613166,0.37387476045200374,33.09550693975221,33.10948181217841,33.110247198660325,0.6494034194079448,-1.000773845677356,0.20306099453066354,-0.00043764355042515265,0.37715583166193845,0.377333974024498,0.37717661524971213,0.04734767782167576,0.04749615318374519,0.04727775684857189
20.0,0.0,100.0,0.0,0.0544306605806587,0.053275042605141,0.05392264219893564,-0.4380962969287933,-0.4752644025239549,-0.45678821102115125,0.4261643321861707,0.422721372127408,0.42581065556909414,27.519244631122024,27.516042492496275,27.510969920190625,0.5408189200645297,0.06694354791326053,0.2024929883789945,5.5737881536840905e-05,0.3134788874847509,0.3131556929907413,0.31330484268311515,0.05386493834003728,0.0538253746304448,0.05426062414375105
20.0,0.0,10.0,-30.0,0.0851828777273085,0.0639595665997453,0.07536724427859277,-0.7058033969316353,-1.0644342607665174,-0.8928823343831985,0.685953995384921,0.6884214418159943,0.6870877931817886,3.1669442621124637,3.185861415666187,3.1622529508743566,0.06928215984517928,0.2941100666027914,0.028227094291428386,0.04213012995800041,0.06063928886992399,0.060857290486415194,0.06065739639777459,0.08705728530011907,0.08715918707247135,0.08685784965684659
0.0,20.0,120.0,-60.0,0.0435562572132904,0.0416544993432715,0.042589439254935,3.141443123970009,-3.141495311982129,-2.702013620686629,0.3563252739124348,0.3547335585335337,0.357766033449679,33.63021573567243,33.642653370279525,33.63760681511222,0.6787266069866075,-1.045779952096569,0.009408476057287188,0.20001528219782475,0.3939588014932442,0.39430816758644016,0.39424302766575814,0.04269656862759194,0.04290250087820875,0.043098162246805835
50.0,0.0,80.0,120.0,0.1259573275951155,0.12346294327882,0.1254934137754855,1.6803636374513744,1.6555675487024688,1.6746041544804255,0.9889097549182803,0.9899202384571925,0.9885086685455706,21.935378541879423,21.93478192752657,21.928940845828244,0.43324613371851,2.2896280589816675,0.3752054968386856,0.03452304433783998,0.250766513149539,0.2507938736239801,0.250732688100513,0.12562423913145798,0.1255519560004144,0.12543910939213831
50.0,50.0,100.0,120.0,0.170153781378691,0.1660943657944494,0.16752863939888327,0.9745150367077842,0.9313209536875404,0.9429278701756326,1.3293851225023159,1.3297013592477251,1.3323046675664478,28.84892263882632,28.864422030977067,28.86333295637016,0.6150807204332702,2.242948732691476,0.5107236912335403,0.499808705081298,0.3571528895841035,0.35720974468510797,0.3572431415313272,0.1673421661508933,0.16771157110704712,0.16766282477975344
90.0,0.0,30.0,60.0,0.2835265506872448,0.2618313625678114,0.2683649832694836,1.7977387841960992,1.2292173177576498,1.570905875279613,2.115344517854894,2.1168388342180045,2.1203455618614875,5.739453392813216,5.768933745929042,5.776979730563402,0.09101607182119034,2.5661781521449627,0.1523181567454773,0.08103303550297988,0.056949869189043274,0.05701626840822383,0.056958729291071875,0.26856030581982254,0.2691991657846087,0.26901911400830497
50.0,50.0,30.0,30.0,0.2072789455865221,0.2017156085083889,0.20535719782330272,-0.3199115037802649,-0.4992847058624738,-0.3775793391535365,1.6222576686614267,1.6233427980358466,1.6210027467553416,9.45030077495106,9.447678636061113,9.445669011005556,0.24929451818566636,1.0641682133397616,0.21494797423782278,0.2821752411789361,0.1443286768438474,0.1443155533486522,0.14429186988250162,0.20559990194855252,0.20544340884442003,0.20530149645182053
50.0,0.0,70.0,120.0,0.1305015766430174,0.126529649496628,0.1296329823337672,1.6909776836359065,1.6465174105828375,1.6799388652318639,1.0216085550194733,1.0226342784711946,1.0218239855335969,19.178871877218874,19.187947161193765,19.18103151056621,0.38002882109400593,2.324694818329771,0.3387723811255856,0.041467840028251664,0.22008413723953354,0.22019580318015353,0.2203113161153952,0.12973546452057905,0.12974748386540164,0.12963382760654873
20.0,20.0,70.0,60.0,0.0774439326981532,0.0762078826066692,0.07710277538829105,-0.2860222391093521,-0.3250073942380194,-0.29840160591794207,0.6160811715475933,0.6152728624342579,0.6164367324076463,19.964141785010742,19.958647709705097,19.961442748236603,0.41893597905175395,1.1313178262599857,0.13814558650015799,0.1761863858627304,0.24262798659276563,0.24254705359220013,0.24254795174696633,0.0770694781084292,0.07713152746658977,0.0772176910055058
20.0,20.0,80.0,-30.0,0.0754001471863472,0.0746410426644578,0.07496810795576087,-1.8413097494352468,-1.864466335787187,-1.8526427089068285,0.6005270662604579,0.5982526310498898,0.6012184429334104,22.697190183215046,22.701395927160085,22.711523416903567,0.47141357034473763,-0.4496533885277975,0.15649933987169157,0.18862370884307172,0.2733211542783967,0.2732014889533142,0.2731982474933224,0.07482586018736673,0.0749193815169039,0.07521392533117569
50.0,0.0,100.0,60.0,0.1378236982109011,0.1353025518605546,0.13628685371587357,0.6957311478811872,0.6852941069881914,0.6911912315986886,1.0731021652065975,1.0721339206800569,1.0731782097730682,27.337600146845826,27.329664516907133,27.34013122509295,0.5347524578836719,1.217256133377627,0.5052203501112785,0.0012352023780142626,0.30996319388863924,0.30993460048353444,0.30987753984183153,0.1362637971865892,0.13627633138066883,0.13638984922267672
0.0,20.0,100.0,-60.0,0.050948306703253,0.0494782843411734,0.0501672678223475,3.141430795136112,-3.141517965703281,-2.368655837966429,0.41132355663993964,0.41083584245101845,0.4101574800445588,28.18573068950637,28.190196739810784,28.193065134398193,0.5757680359365954,-1.045560011471013,0.006791084563119958,0.1999914092996174,0.33408359807310223,0.3342600258056938,0.3341907523875765,0.05040635456390787,0.05025636263447867,0.05033155091987676
100.0,0.0,90.0,60.0,0.2357196863908119,0.2348149425641457,0.23552837151602427,0.9528692215336766,0.9453600238528744,0.9513331391928325,1.8527124523864449,1.8523722607778283,1.8526275364086504,23.765438037111043,23.762351323996345,23.772696663150313,0.44641613736395347,1.3768261966990352,0.7251988648153558,-0.07125185759339984,0.25831399352211426,0.25822448777715046,0.25852079542115464,0.23553307049922587,0.23552126090880188,0.2355753350832028
50.0,50.0,0.0,-60.0,0.2211011674672511,0.2202511151909357,0.22068099553815457,1.4008586870926143,-0.2656103044353698,0.5699758966209768,1.7449350970576882,1.738493942421797,1.7395024402323087,2.679393408334942,2.6861059489053343,2.676996282762445,0.14936395122286011,1.3502724764079594,0.0007415401092731706,0.2284275790956318,0.08727175418906591,0.08750768767621127,0.08717472731464075,0.22091177934931522,0.2202170145636306,0.22103762900129217
100.0,0.0,40.0,120.0,0.2675718589422803,0.2661270137343896,0.26690838347663176,2.380795957371899,2.093303775813623,2.2978500502837993,2.0997776316168584,2.1025946373907898,2.1017024242386726,9.213720393000676,9.21508462657798,9.211023927857259,0.1660874794257907,3.0363886615597173,0.30055395623083025,0.06866128690400847,0.09645726978874812,0.09636398406270918,0.09633331087409214,0.26685195485321,0.26709746222223374,0.2667398537369354
20.0,50.0,80.0,-60.0,0.1301530068216445,0.1293192035133952,0.1297068271795884,-2.703509573471439,-2.7261766721860083,-2.7173662431884495,1.0309985801200818,1.0346604526065113,1.0361688676526892,23.46273748773911,23.4913594390865,23.47407642050332,0.5145308311152055,-0.9778068312314054,0.16129245944442783,0.4336015307009577,0.2980431016805259,0.29879929340857425,0.29813967500951094,0.12943497840708862,0.13012049065238832,0.12967024749016362
90.0,20.0,120.0,0.0,0.2006765143881305,0.1996251137691315,0.20017593530910247,-0.5340040815238578,-0.5416784214969959,-0.5381218071726048,1.5799039245146294,1.5799988244031389,1.5798945712679682,33.27617851698591,33.27245966126746,33.25682822481224,0.6662402669508284,0.2036375237470194,0.9036419287295787,0.19998406561142132,0.387311380566634,0.3874119520454236,0.38707097631955045,0.20024761953173484,0.2002645653796691,0.20021594167541787
20.0,50.0,50.0,-60.0,0.1519596509841595,0.1499923071771292,0.15048518843419684,-2.6231388699545755,-2.691836227378423,-2.6759331055810405,1.192615572278364,1.1935178986003674,1.1940042403349076,15.408447788292962,15.414359197789363,15.40654697783922,0.36426612557460714,-0.9229086323383883,0.12768358174619923,0.3577630588479707,0.21124085656400235,0.21120758776694035,0.21117391747026426,0.1503947569381175,0.15057276698621208,0.15045857357059977
90.0,20.0,0.0,0.0,0.2608354362028808,0.2597922302109539,0.260323202261263,3.139799223099109,-3.138075816166457,0.16016486792817158,2.0546822579551645,2.0536813090810644,2.054534657900378,3.1876283103745244,3.183042232852486,3.182796221029676,0.177460282414358,-1.2053903272224533,0.0010281507046783786,0.3202816869406676,0.10349209388059674,0.10332738777010579,0.10339402489289427,0.26038359534909816,0.2603665788092951,0.2604802139676373
50.0,0.0,0.0,0.0,0.1484901682529125,0.1443269589548376,0.14650778703246742,2.266843869488716,0.4997350663982219,1.3863453993286228,1.1553825417852326,1.1540843842712878,1.1586153738847558,1.8478244225880522,1.8473839377553058,1.8438273435261856,0.09927322796227755,-0.8751913463529892,0.0005313092815619389,0.10099435665087937,0.0589098932334399,0.05865172500997126,0.0586441173819469,0.14627473378287806,0.146695948043146,0.1468388380811606
0.0,100.0,90.0,30.0,0.2262591703763449,0.2247681168021192,0.22570464301173127,-1.5301546594846172,-1.54617978181436,-1.5426394659832117,1.7931624602885774,1.79457031272637,1.7939633214816744,27.616344499492442,27.606409554364156,27.607823855929347,0.6394342070439684,0.5295685032220645,0.024030363762999607,0.9995682097528247,0.3719557019386317,0.37226755823175917,0.37215687369154693,0.225764378209257,0.22585387859605416,0.225696396868007
0.0,50.0,70.0,0.0,0.1274776617161459,0.1270072122708771,0.12718628455105302,-2.0914628166861085,-2.105459552587964,-2.0987132910354482,1.0159941332952276,1.0120133563906208,1.01291141575083,20.81753143428565,20.81560836946013,20.808159646009848,0.46501898541617015,-0.0014502634364787445,-0.0008112703277040246,0.40978425500710275,0.2696632008494432,0.2694541384530486,0.26962675608163605,0.12728207989490564,0.12690450790391034,0.12740506076574445
20.0,0.0,40.0,120.0,0.0625170436164336,0.0506749088326213,0.059213720941559606,1.2935658495157094,0.9458170122120112,1.1968889885081029,0.4723856287366762,0.47211383957762104,0.4701207598609973,11.290705697083038,11.29749413297714,11.288815875329616,0.23395893404209286,2.253062780317019,0.08208555830602565,0.048539247460895205,0.13574360684791337,0.13604758015095966,0.135799994852707,0.05969575214218668,0.059416477697405434,0.05945325788317211
50.0,0.0,30.0,-30.0,0.1546634967054406,0.1536576266376511,0.15419339922336325,-0.6043034235488619,-0.6149478327901214,-0.6097013625986183,1.2149986904655372,1.214541759977776,1.213974494403722,7.670547278622132,7.670557639732482,7.666279272644177,0.15142560635798644,0.14574067221468107,0.15746627649877862,0.037186311744994316,0.08811755598146197,0.0879766607642339,0.08806779338685661,0.15427109500987576,0.15413245649643464,0.15420381712308148
20.0,0.0,10.0,30.0,0.0816065075897037,0.0613548683635415,0.07083731320653451,0.0610274502038407,-0.6463472980442273,-0.30807078572453794,0.6293002789049591,0.6243709946488186,0.6258271861192278,3.428666855566435,3.3932630775338404,3.3998318629798256,0.08266442120506326,1.102978453548582,0.0253667802854314,0.043275488333452405,0.06132913724983422,0.06147193965976322,0.06147754313632566,0.07938267739054045,0.07896251084087466,0.07958524523695187
100.0,0.0,40.0,-30.0,0.2675534837581939,0.2660917138518391,0.26667252546475484,-0.2194654871852335,-0.2501958050239723,-0.2300809433503176,2.0995747655673185,2.1000480013520226,2.098123972713305,8.968637087599324,8.97218716305357,8.968996447352545,0.15020472848820113,0.43637375791037813,0.27485984428643145,0.03968223502261761,0.08743141282709167,0.08748867912351632,0.0872809461001263,0.2668219068469216,0.266639805298145,0.266571900132641
50.0,50.0,10.0,0.0,0.2288447132147507,0.2193944553961738,0.22426875253589207,0.2091665396149799,-0.5734698619277693,-0.1660945097016648,1.77028216753054,1.771684868682481,1.7676776058714578,3.126510568134531,3.1145761783172556,3.1295313962934133,0.14183369847708707,1.568661710998946,0.07786628151254892,0.20681825223141437,0.08271300058870082,0.08270021659448726,0.08295165500588443,0.22471428463114146,0.22439005706842183,0.22421144609508417
20.0,50.0,120.0,-30.0,0.1099769611322995,0.1070782257327526,0.10849525575880423,-2.1758081897640604,-2.2116852047673548,-2.191101663203494,0.8736393621391275,0.872940701854333,0.8710460380946443,34.358910071912526,34.36187745495698,34.35869778403075,0.7173925224863776,-0.48176248933465077,0.2041918229882709,0.49989135418840935,0.4173357302273476,0.4175182734674743,0.4175958389488954,0.1088757876342142,0.10852867447724275,0.10863479395796895
0.0,50.0,20.0,30.0,0.166150142197371,0.1645924575964537,0.16548916980435316,-1.573365083233279,-1.6636730500176953,-1.6054155753576946,1.309177925917604,1.3078815863408702,1.3083470064410399,7.492608150438949,7.492067171042057,7.487897616122587,0.21944673136794146,0.5045907549627023,-0.004032329284069122,0.25159216001732315,0.12757686701881588,0.12757875328834248,0.1275010478476506,0.1655381922475538,0.1654212338787278,0.1655883923784099
0.0,100.0,120.0,120.0,0.209054875815373,0.1851219528940852,0.18817745828551816,0.058988940425831,-0.0341781663897788,0.010639342335105268,1.5041162276425026,1.5044912103411356,1.5052105947300984,35.40737785643049,35.41546460973347,35.42359275569134,0.777203421332969,2.09561171914306,0.011458003077387965,1.0169579148509504,0.45142327960773043,0.45182485895799046,0.4516970983450434,0.18846799499765235,0.18860619613670865,0.18856366175344463
100.0,0.0,20.0,-60.0,0.2863654259364086,0.2482104284009965,0.2642983326444743,3.136010672712366,-3.136167387804255,0.50579259230982,2.095633096957532,2.0909438485231178,2.095812146583974,6.862116424075307,6.876110766695788,6.878763654938415,0.21168160585787954,-1.660504512706869,-0.08598700622571544,0.3548205688099494,0.13138334260319032,0.13181451394214877,0.1316901206073196,0.2652060421116816,0.2652248245171944,0.26582842213424346
0.0,100.0,40.0,60.0,0.2511299171339904,0.2503434222795833,0.25071178451082765,-1.056105054744281,-1.0763270631174409,-1.0612041223783755,1.9820537511816525,1.9846152238021728,1.983634602052223,14.043617669828304,14.042465228170293,14.047552575952782,0.38469932306158283,1.0398961216805378,-0.004407717264515197,0.6682354852225894,0.2230728916077356,0.223048492428717,0.222992322252208,0.2506838518284307,0.25089785081430516,0.2505694293408388
0.0,50.0,40.0,-60.0,0.149940162634416,0.1487564261957041,0.14944306365780807,-3.014578616842846,-3.138502874790031,-3.106414019252564,1.1846844851235399,1.1845732306483947,1.1846912424111957,12.803187841265073,12.814722204492261,12.814610514200503,0.31706523804041564,-1.0370310697707983,0.008872651359193835,0.32810796001652326,0.18400062551902258,0.18399501349509947,0.1840877653242606,0.14944310081636636,0.14943898179091986,0.14945317067671055
50.0,0.0,20.0,30.0,0.1726639268819831,0.1479748666383583,0.15670779783221878,0.7777798844554924,0.2930835788662794,0.5763255569063167,1.2427491260330088,1.2444806877212802,1.2422568952399557,4.769403012871207,4.785257436959096,4.816320360358942,0.10231880770147894,1.571509952891708,0.09890366212461295,0.05341910465029092,0.06248707154401814,0.062354355312119684,0.06306921194417499,0.15786903842810296,0.1578411016758125,0.15766392808709143
20.0,90.0,0.0,-30.0,0.2681603644441917,0.2662532655928841,0.26722472500198313,-1.947895981905587,-1.9919249868590951,-1.969171162717314,2.108212220247495,2.1070730204529933,2.108733756310116,3.2108626204928834,3.2162952295446785,3.214765721252773,0.1797217702576631,0.1221954308761558,0.001072609372405954,0.33274882157753355,0.10453337233299403,0.10470201234248037,0.1046388028649394,0.2671595327568587,0.2672208265510721,0.2673652344385355
100.0,0.0,80.0,0.0,0.2533597299062891,0.252760068844979,0.2530834501922004,-0.1690586927035366,-0.1725887357134452,-0.17034665333331273,1.99324687934432,1.9922158345047078,1.9916097017799155,21.187630408053433,21.191572458843,21.18452238126331,0.4077459949829363,0.40324535518960997,0.7142606222309535,0.03576685074755827,0.23618843175129015,0.23614027063308793,0.2359035654619459,0.2531876446354571,0.2529876536866668,0.2531048580327512
50.0,50.0,110.0,60.0,0.1677321780498454,0.1631358654963308,0.16437560218752045,-0.0529836517807626,-0.0693438645888932,-0.06242371274006664,1.3059298536932802,1.3045778222638729,1.3068690484655106,31.52960272882314,31.526935291630323,31.52898508294216,0.6638250351308501,1.1862460860530983,0.5676761304470042,0.5014334327359272,0.38606154590335584,0.3862566089361526,0.3860319963766028,0.16428467314295808,0.16443734363670037,0.16457357648948454
0.0,20.0,120.0,-30.0,0.0441666831691832,0.0408214719738438,0.04256336124920624,-2.557782986356967,-2.6508267254071995,-2.5799447077240822,0.35812637954010496,0.3573646338085393,0.35449618757834167,33.63671071664515,33.64552340535387,33.63619600951116,0.6787225984678497,-0.5223507605324724,0.008745756552846241,0.19999934240520262,0.3943257344142355,0.3942892874732344,0.3943928131786227,0.04321904196518836,0.042762156031769166,0.0428692723664108
90.0,0.0,100.0,60.0,0.1920740422185757,0.1914163616958699,0.1919227612749788,1.021722265179022,1.0149344979948207,1.0193903556952084,1.5066853515008714,1.506771813836347,1.5079671736877152,26.536971931296996,26.53139619629116,26.550798445185805,0.49411377696329234,1.2795997257700502,0.6346635890979728,-0.17099253674040513,0.2862962346309136,0.28645027600442496,0.28631337341060425,0.19183253747466864,0.1920131085717762,0.19198390339012456
50.0,50.0,120.0,60.0,0.1681811886337994,0.1616755603856144,0.1638771372412606,0.0011376224149953,-0.0228009440612374,-0.010925942668272534,1.3006624565916671,1.3035125129639586,1.3006656713916904,34.22674763142453,34.21431875373642,34.230997266156514,0.7130021746302341,1.1805213579951614,0.6376144588357417,0.5016667523262478,0.41482330908517195,0.41487304954642323,0.4146920935468798,0.1641114760351743,0.16410749246175105,0.16373988541956813
50.0,50.0,90.0,30.0,0.1832989375383861,0.1799927160565716,0.18164664381625933,-0.5939721333259593,-0.6101888051724437,-0.600971430466841,1.4407314770074267,1.4396073150934943,1.4403610759912593,26.16721431141223,26.15254979376306,26.162193144576133,0.5662542244558366,0.7022928422870266,0.5074576157598372,0.5010751202963681,0.3289050823794874,0.32886397825778674,0.3289044939039103,0.1816956304717172,0.18166635877083734,0.1818080163092267
0.0,90.0,0.0,60.0,0.268150834598054,0.2663405025266216,0.267218960373473,-2.0129884724108664,-2.05087923953319,-2.031157280922236,2.106940149130641,2.1074845318647086,2.1092364994117716,3.21750495214964,3.215446197751963,3.2161201357267393,0.17972446003360423,0.06020070696787681,0.0010783654891820876,0.3327477881089026,0.10478240323616,0.1046550204168933,0.10466919329440057,0.2670571259800402,0.26734507165731053,0.2672862692302907
50.0,20.0,70.0,-30.0,0.1395140321068829,0.138752031195039,0.13899454292673497,-1.2915390971207017,-1.2997689394608036,-1.297753377997125,1.097906697872892,1.0989554369048946,1.0998283345761446,19.758810605087422,19.76631359217485,19.763533853429102,0.4128429727841173,-0.30244926286562585,0.35442027159647765,0.1806392826542273,0.23894336956685053,0.23898129066926768,0.23909348771990419,0.1388761114603273,0.13911054831133,0.13899200375372503
0.0,100.0,70.0,-30.0,0.2612734304704255,0.259437209026838,0.26023608665443854,-2.6030109087821933,-2.617295019541422,-2.610754403863466,2.063245702205757,2.063891440731444,2.0619563203911793,22.487073175462537,22.490515553033454,22.489597235516037,0.5545617954210368,-0.5222706480907416,0.006896333277861573,0.9998386723825762,0.3221935983730614,0.3223012538584472,0.32218692401629706,0.2604261582163122,0.2602581132890081,0.260182144329836
50.0,20.0,90.0,0.0,0.1310311900185229,0.1304619619794169,0.13071174076598613,-0.7501575007712453,-0.7561993432425558,-0.7532240559906292,1.0348972312660463,1.0348844195220932,1.0327166899576947,25.213760175974418,25.21113023014525,25.202536768140327,0.515332525482946,0.16690712947346983,0.4309123744805614,0.18027080973794488,0.29859741454737715,0.2987132057880876,0.2986396418878959,0.13090171997261038,0.13063239099351195,0.13064328083882945
0.0,50.0,10.0,0.0,0.1752253917763749,0.1741494893114914,0.17464260511193588,-2.0825538667586896,-2.091182792011248,-2.0870914070881685,1.3765962621402337,1.3805354955054754,1.3806980443111199,4.866118726881987,4.859034337308354,4.860934332870514,0.17145293515882865,0.0029959855518525173,0.0009852054200122392,0.20749721429082887,0.10023020955397373,0.10028909500572425,0.10060477919099198,0.17449467096556612,0.17503597579650076,0.17450289942739722
20.0,20.0,90.0,30.0,0.0561585911890046,0.054270178463188,0.05530423478895613,-0.7657323599352768,-0.810831083059069,-0.7849517027825204,0.44507890431966046,0.4493491041949466,0.4448163455926664,25.28498680875423,25.297243382189023,25.278510920261734,0.5148305939446134,0.5746880123354647,0.13268247830144486,0.14638864609575203,0.2985034932811276,0.2986878419334053,0.298416372810043,0.055617169450035614,0.05555903920011122,0.05502649195061455
100.0,0.0,30.0,-30.0,0.2703300487675787,0.2601686526597667,0.2654355759784117,0.3865559097279752,0.0803947628280162,0.22066485622966586,2.1044936543490707,2.1030233604964548,2.1009874664497263,5.472428502656672,5.444689914049235,5.4551785918550015,0.05476538389529671,1.2123025850737428,0.09144280925755276,0.05249643876454516,0.04562685853412436,0.04543924141068799,0.04537994780333905,0.26735649028320696,0.2669170602475288,0.26706460203462423
20.0,90.0,110.0,0.0,0.1870570984056685,0.184890874735006,0.1861583427151685,-1.802601680614272,-1.8204378837142252,-1.8120784162307058,1.4838089595277884,1.485962715204508,1.4833569227795673,32.58271282664286,32.57943000506377,32.57971944338302,0.7173622673403716,0.04814767452347621,0.216428619042411,0.9001447802708573,0.4174967090143827,0.4172493595130148,0.4169145492759453,0.18642956242727504,0.1863748601942595,0.18610426452492265
100.0,0.0,60.0,-60.0,0.2671092389568931,0.2663808020227766,0.2667338208862421,-1.0519888075389408,-1.077053364120073,-1.0708146182983265,2.1002249912467033,2.0998593500010996,2.099486441042508,15.256260668037635,15.260567711234211,15.255254702160796,0.28669632600817885,-0.46478617253858207,0.5279349183638065,0.043370264601123185,0.16593738131918395,0.16593411194071434,0.16588831993590805,0.2667739185230602,0.26667895981589973,0.2667264233989488
90.0,0.0,40.0,-60.0,0.2673758717392774,0.2655785270702456,0.26653251208923856,-0.6899635331630546,-0.740526252431046,-0.7223710226801265,2.098394898647259,2.097935261357886,2.0983085304378717,8.888004982383181,8.893952599659729,8.888629144118838,0.14462990726078334,-0.0834519445763417,0.26500449073617033,0.030505165303768813,0.08437300383536665,0.08430053155867694,0.08420688872637969,0.26654962859065306,0.26653422509333136,0.26658843953234873
20.0,20.0,10.0,120.0,0.1209586123965514,0.1007498692076592,0.11138678934594248,0.5326316957783445,-0.4001926618180592,0.0989647993501654,0.8820143329899498,0.88193626479415,0.8802742939972156,4.078311754111394,4.080129971936954,4.079175898880591,0.12774304550332657,2.1483380169436344,0.0034146308226926624,0.0981328405755577,0.07505875672573704,0.07526025485888874,0.07526703118937583,0.11170444140117952,0.11150050116041309,0.11149859740003872
0.0,20.0,90.0,120.0,0.057071197751497,0.0560551465291461,0.05675931778085593,2.869981346674948,2.822374148082808,2.8443246286651385,0.43499758585966075,0.4356706703604777,0.4362368230650122,24.131621985315327,24.1467265750185,24.137531366034985,0.4512659882269229,2.1194789326363193,0.05634750146223854,-0.1682723261797011,0.26112721380202025,0.2610996511744695,0.26104085876375516,0.05674059468436419,0.05688971017873701,0.05679575924011505
50.0,50.0,10.0,-30.0,0.2315836542924497,0.2236416158893397,0.227765949030177,0.0025868535842881,-0.7470359328491839,-0.3780832824050787,1.796141634112855,1.8003508078438033,1.7939769992980874,2.4336432701773902,2.434043752804638,2.4311948623432262,0.12790697745922183,1.3840622310908475,0.06678423441189574,0.19101416215613093,0.07460899441160818,0.07468752990587549,0.07486539368662111,0.22827138775918598,0.22798290793280118,0.2274553859571248
90.0,0.0,110.0,0.0,0.2272125567049334,0.2238611544007535,0.225708536641921,-0.2620055169777427,-0.2715938757572009,-0.2661165265288767,1.7766891654479633,1.7773463939623448,1.7750019517614026,29.779713753443556,29.777976081246123,29.77592921092877,0.5770233803702455,0.2577298714691677,0.9029351385996967,0.000283072280315779,0.33491770070327553,0.3348353587239625,0.33469561610138054,0.22593871275262678,0.22572849506205236,0.22564911552338487
0.0,20.0,30.0,120.0,0.0878442896346734,0.0830995896874606,0.08520527153105166,0.012142853156878,-0.3688282110335293,-0.10550614923171724,0.6789040717671263,0.6804462219784272,0.677423361427821,9.304214273066462,9.308136382749717,9.306350141191489,0.217485488283267,2.0662710798493142,-0.010269731148424843,0.1281546745083278,0.12862280068918866,0.12892930107970166,0.1287128631364503,0.08572411348981318,0.08551585885563223,0.08531989348857415
0.0,20.0,80.0,120.0,0.0526041802345277,0.0494915191028922,0.051999922479678426,2.8513984868363957,2.741362094516594,2.7543439953376034,0.39968206222527675,0.4005892634182273,0.40000434750022407,21.46008142811943,21.46368175102111,21.47849246443991,0.401161004751165,2.1277200837793058,0.05890030237875703,-0.1318444438507493,0.2323578996585024,0.23260476707499578,0.23261478355352314,0.05208516241799068,0.05213309028941564,0.05202140045097525
0.0,90.0,120.0,-30.0,0.1707186403876698,0.1689571332655555,0.16986288796104285,-2.5983101935641475,-2.6090251693336683,-2.601406809959854,1.3580344374252242,1.359681028047053,1.3586319752575227,35.19094497671585,35.20060776083023,35.19209178277409,0.7649068980806641,-0.5216681935002758,0.01487753751961794,0.8995446885546026,0.44441781806225467,0.44447238062444633,0.4443064694684638,0.170093122332318,0.17013897649409934,0.1699407405831752
0.0,50.0,120.0,60.0,0.1083092004542929,0.104764370713732,0.10614967557692707,-0.6410536243998575,-0.7086462899015303,-0.6868687888167305,0.8526369972985935,0.8547258216885474,0.8552216885196117,34.36816935985541,34.35837866269172,34.3793731143721,0.7175700386233483,1.082015270092472,0.17090807913049533,0.5001094119444087,0.4172543991684421,0.41735910315067093,0.4176070490195545,0.10617137378496556,0.10649584329220459,0.10623812581742066
0.0,50.0,120.0,-30.0,0.1014649904392724,0.0996581658314211,0.10055690711243774,-2.5782120839219718,-2.625832437807712,-2.600775703389285,0.8119161150225345,0.8110136324389565,0.8107449862806109,34.37360467597295,34.39014170970909,34.370310023034655,0.7178574343871337,-0.5224010874778635,0.00962033622088577,0.5001689107042123,0.4178936747323294,0.4176543782309373,0.41786245974166464,0.10078011728036126,0.10062208509079187,0.100727342043515
100.0,0.0,110.0,120.0,0.2503608391216309,0.2446246801863019,0.24742116978554865,1.857659907561363,1.8372936228534584,1.849366775951413,1.9469834055557405,1.947583061176234,1.9477163525442218,29.668978850820274,29.680406062415088,29.67598573677234,0.5737339351586586,2.3776326008065722,0.9837970674343288,0.004648834338871866,0.33284464282396076,0.3329389766063658,0.33291185245512844,0.2474724854538445,0.24755878859330793,0.24748190857671887
0.0,50.0,40.0,120.0,0.1520342177391703,0.1462627608561034,0.14921951203078063,0.0123145173739384,-0.1100141974195269,-0.020891549409038403,1.1838426023913093,1.1860619269592734,1.1844827709359709,12.843359274603996,12.851748053405474,12.849286190769638,0.31496277326777306,2.0871030612069097,-0.004618989010743379,0.32613949765356026,0.1834714758858936,0.18367499338298307,0.18365479268744223,0.14949998053944133,0.14956537585465632,0.14929294509456675
0.0,90.0,0.0,120.0,0.268150834598054,0.2663405025266216,0.267218960373473,-2.0129884724108664,-2.05087923953319,-2.031157280922236,2.106940149130641,2.1074845318647086,2.1092364994117716,3.21750495214964,3.215446197751963,3.2161201357267393,0.17972446003360423,0.06020070696787681,0.0010783654891820876,0.3327477881089026,0.10478240323616,0.1046550204168933,0.10466919329440057,0.2670571259800402,0.26734507165731053,0.2672862692302907
20.0,0.0,20.0,30.0,0.0925307894849388,0.0503639707375535,0.07189510121111449,0.1051474976486455,-1.1628990347972186,-0.3181001265993923,0.572585993687374,0.574263629169278,0.5731484138810318,5.8253405066355315,5.835205143857685,5.83817461495127,0.1302864024266269,0.8804217472133687,0.050591368113968055,0.039772190816118914,0.07654463494996633,0.07661829488614537,0.07683472810209008,0.0725696878090981,0.07264315545867607,0.07246019400428029
0.0,50.0,120.0,-60.0,0.1015766958071656,0.0995880879679855,0.100558307765818,3.1413327584374438,-3.1415286066646413,-2.855761196372419,0.8111489453078682,0.8112116101443568,0.8114561780205262,34.37829863463014,34.38036569614876,34.376458730131546,0.7178553468651383,-1.0455998264566124,0.011538773575547468,0.5001211664497796,0.4175297203741361,0.4179754058466192,0.4178908718908022,0.10068622038647079,0.10073005160810283,0.10073821441833787
50.0,20.0,40.0,120.0,0.1579649388326437,0.1454516370657826,0.15453650475302536,1.4680677111866645,1.1883240778738289,1.3960231787354889,1.2223137506796258,1.2209474442743118,1.2221079791738323,11.466850638410929,11.473117870765625,11.469533564137883,0.2561760613238433,2.5052217336553335,0.22764677883079829,0.1520889162940593,0.14817285149585607,0.14823034975051164,0.14808576124702266,0.1547301056872446,0.154697315867626,0.15486946790200104
50.0,20.0,60.0,120.0,0.1441823356891588,0.1387779260310646,0.1430896432345457,1.3509622241379722,1.2661598784719237,1.3345610709008524,1.132015141352581,1.1307101635487888,1.1317328217131353,17.01216651509566,17.020242396888627,17.018125341261378,0.36025045193873206,2.357114397395447,0.3133248314322049,0.17118154957937046,0.2087088282069422,0.20881877667094806,0.20880723884562682,0.14316102921956017,0.1431238875537545,0.14328837369398786
20.0,0.0,120.0,30.0,0.0488163695368779,0.0437776470022768,0.04617205402842805,0.0946535364996614,-0.0061648942335755,0.04813101531476593,0.3687509417382397,0.3669801151938773,0.36688489090916204,33.1079721619629,33.09691578831334,33.10462312290765,0.649541370840141,0.5713803921812198,0.20908382240998544,-3.86406420384005e-06,0.37710866414398797,0.37707901000463634,0.3768855483554686,0.046666625030706795,0.04643411117391784,0.04667663084367396
0.0,50.0,80.0,30.0,0.1180200311929726,0.1172594989082388,0.11759466285331165,-1.4301517863086808,-1.4491132478088184,-1.437913749099756,0.9391609077953276,0.9402128567830886,0.9384810879259732,23.457152586025025,23.454415346171114,23.451074442295727,0.5122851652557762,0.5435277317504841,0.04745658988381521,0.4147526705295117,0.29708304329983,0.29727835122079843,0.2971453312255601,0.11772619465484598,0.11764048858349023,0.11753102930042261
20.0,50.0,70.0,-60.0,0.1367530101700365,0.1358120505856393,0.13615880724758903,-2.687011389914318,-2.7211699468927293,-2.711755996558897,1.0847485820888125,1.08343359309899,1.0818943669506318,20.77889597464695,20.78922328053092,20.78987810976538,0.46438510476331385,-0.9655208372221012,0.15000497725312634,0.4117665556379827,0.2690051002702907,0.2691892921069495,0.26919128296706324,0.13633133747695914,0.13597003302309613,0.13617385734622142
50.0,50.0,50.0,-60.0,0.1923695612672943,0.1892468225976961,0.19006780547981705,-2.060634124353278,-2.1242817341170306,-2.107044862834921,1.502557246748177,1.5031090731385348,1.5022287280294073,15.069832317267062,15.07844562108108,15.072056076453176,0.35399022096149796,-0.7320244968228113,0.3076297545660398,0.3503835759694084,0.20516997041780238,0.2053128713434766,0.2051985463184532,0.19008185124485744,0.19003778512265895,0.1899746948500805
20.0,0.0,70.0,-30.0,0.0544181682056141,0.05318186576634,0.053617447943892005,-1.2251250915701772,-1.262457975921528,-1.2440315966666122,0.4252802026070893,0.42530214691735446,0.4248056398880787,19.4122355929726,19.428587163550475,19.42263351338177,0.3880270056308762,-0.43253294549487586,0.13841708237551462,0.04092071312139009,0.22471154502591875,0.22502031243305048,0.2248686381531123,0.05368668215937569,0.05363239696561966,0.053624197577874566
20.0,0.0,70.0,-60.0,0.0552854589761647,0.0534008144139254,0.05388457887993921,-1.739859706693252,-1.7811180584202522,-1.765448388553803,0.42759247962491737,0.427862610467327,0.4263434735183911,19.420222864050444,19.423816746655557,19.42222240655387,0.38802357585911446,-0.955606827971531,0.13923302205945212,0.04088397029986704,0.2248827886289029,0.22491275050755588,0.2247711296975987,0.05403812389679605,0.05385699432089329,0.053838992576751676
20.0,50.0,120.0,0.0,0.1099594070821722,0.1074168049160888,0.10861112957735851,-1.6535414924314298,-1.6804494707581,-1.665668795117236,0.8720437839066364,0.8737989598494923,0.8741153199854761,34.3653455214722,34.36543059448764,34.35235678026195,0.7174120458604083,0.042050896078467605,0.20534553062648248,0.5001509669679027,0.4176257619133201,0.4174046292348564,0.41738422351391274,0.10869246559767134,0.10895111383617219,0.10871481924071819
20.0,90.0,10.0,-30.0,0.2691988647589463,0.2572871571495483,0.26380695706945545,-1.993606439524129,-2.1482195281499035,-2.075293945924354,2.0961669164255836,2.0958156227120472,2.097006334416419,5.752802236051745,5.739679801145455,5.744471551415353,0.22554899890589125,-0.10742742692405209,0.052270874512125025,0.4157834751331315,0.13254491979242905,0.13248044925088368,0.13270786146449046,0.2655230310628734,0.2656185405830623,0.26566544762693856
90.0,20.0,120.0,-30.0,0.2007939187563125,0.196741592411719,0.19984824369852597,-1.0542857359891689,-1.0648920546162033,-1.0607620948143406,1.5768795838193042,1.5782752942243543,1.5783336709276368,33.26610692354195,33.27123967088445,33.26443817265734,0.6660772035122966,-0.32025100262231676,0.901929184902618,0.19831153847257052,0.38730513330787514,0.38723672383682967,0.3871071912178174,0.19992986101400922,0.20008874464131404,0.19992516936194046
0.0,100.0,90.0,-30.0,0.2262435544544095,0.2248444149015998,0.22570862970823405,-2.6091082881559204,-2.6162995532023103,-2.6128228315363686,1.7943390024520833,1.7920855012442916,1.795392336656588,27.6015903005517,27.61308902204056,27.612019956016166,0.6394982542533202,-0.5230614842151927,0.006296210173624644,0.9999880449283263,0.37218923696261086,0.3721239830868121,0.3723465148106449,0.22559481197647846,0.2257231652954266,0.2260091010583173
20.0,90.0,110.0,-60.0,0.1870804370884612,0.1842249317051541,0.18607235252819224,-2.8476600286449085,-2.869799669216554,-2.859096377739744,1.4829921426581312,1.4834292569772032,1.4849066153588928,32.57847762210541,32.57963617443176,32.57989000945135,0.7173134332227803,-0.9990373356749276,0.21637866391487165,0.8995400687563525,0.4169124479943196,0.4175604322967216,0.4171549221354313,0.1860718680212879,0.18632241841378683,0.18626747374448033
0.0,50.0,120.0,30.0,0.1071354508574673,0.1039334539019738,0.10555722754924916,-1.1995128537193784,-1.2515601718507157,-1.2296682047143077,0.8488161414021544,0.8518370136078873,0.8486229335811974,34.37979753093386,34.37156907807101,34.361262015752075,0.7176192932679574,0.5564129655960206,0.16120556072975256,0.5002386782336085,0.4174355754304334,0.4176304474209879,0.417292506207324,0.10586905944136725,0.10583115385268194,0.10547407389054468
90.0,20.0,60.0,30.0,0.2445648660439029,0.2418195660480235,0.24384737216834104,0.2230924698829456,0.1913206627444091,0.21530061678362067,1.9226999477807223,1.9214240635848578,1.9219171331078588,16.174823286832197,16.168150378593218,16.16942531652751,0.3318319200705643,1.0282054120692108,0.5373839122578978,0.16018270920982086,0.19234720526736945,0.19234531951064057,0.19243999873434006,0.24390857635731308,0.24381030409015766,0.24397186010224925
0.0,20.0,90.0,0.0,0.0552107429523488,0.054672268918058,0.05499534638935848,-2.070912081732212,-2.1000850469244576,-2.0851963401761027,0.4458455484448028,0.4488702314454846,0.4472210317059332,25.466337717799025,25.469189560823008,25.44706088762948,0.524754143284481,0.00019504741225455317,0.002316879119584156,0.19997489764988732,0.3045003937148895,0.30458723752111727,0.3041297180149223,0.05507237353132189,0.055262835424208734,0.054873723283605444
0.0,20.0,20.0,-60.0,0.0934571974495466,0.0902865763849962,0.0917679900656936,-2.7246260475354984,-3.078726623909242,-2.9441651660322297,0.7278363540553996,0.7271690567960566,0.7263492944364732,6.590728806340862,6.58209439521435,6.586520687966967,0.1688204147714626,-0.9768851669802426,0.01410233107572095,0.10620095574470323,0.09894131502309136,0.0989205690406442,0.09876541217915498,0.09191788771684996,0.09172413697042114,0.09180752347509616
0.0,20.0,50.0,0.0,0.0728016024297317,0.0722322941237954,0.07251177559943227,-2.087394629439865,-2.113276695972817,-2.099595458748879,0.5779759646516273,0.580246522812676,0.5799205990624493,14.641407109530153,14.64646669272001,14.645820878994389,0.31950782271129463,-0.001364504956615278,-0.0005022801789909175,0.16051964810011948,0.1851919732631771,0.18537684862191467,0.18507954410254146,0.07245781958347297,0.07270079306632266,0.072413922162044
0.0,50.0,70.0,60.0,0.1262169252425637,0.1255894977463136,0.1259113773712047,-1.0451569162476737,-1.0657315344758131,-1.057166385283981,1.0023799276398428,1.0035740603379286,1.0047118723337638,20.79556063951881,20.787770828588915,20.796326952969444,0.464117503597027,1.0447739024081195,-0.002776520640518706,0.40489056857488537,0.2687740882707128,0.26889070035008245,0.268963576471619,0.1257836348046898,0.12606796658588093,0.12591852157113922
20.0,0.0,60.0,30.0,0.0555027691024708,0.0538135987659967,0.054932427718740476,-0.2157124418853867,-0.2702076685065891,-0.23253705553035353,0.43601921383341724,0.43663992480706165,0.4345734018913856,16.696552378461554,16.690891139735,16.68634186126705,0.3355400657231316,0.6306462133061016,0.1204575704069823,0.04258128162414916,0.1946157038432607,0.19456463047604214,0.19444643528710626,0.055128707213692195,0.054931757639951034,0.05486012287915292
20.0,20.0,10.0,-30.0,0.1172135850061576,0.1149684033774515,0.11616367825032203,-1.3099395015127324,-1.4076023006628726,-1.352921445524321,0.9171379056345892,0.9165600516288709,0.9177391683690812,3.4621915317629304,3.459317820672242,3.451245691393863,0.10777643467104478,0.23835776880183085,0.04191879981348628,0.0761741447276877,0.06336983427324111,0.06317223867240959,0.06325393943822517,0.1161851392077795,0.11624890496074278,0.1163111142481741
50.0,50.0,10.0,30.0,0.2264638352174337,0.2155290621185514,0.22127005013043777,0.5145677815771863,-0.3576657328142476,0.11225860951749081,1.7488486427182974,1.7479889387479985,1.7436933038232472,3.6081358411627122,3.6095941496505293,3.6150823438888584,0.15276441971441815,1.8535024841495427,0.08074001226803634,0.22041741615336782,0.08901771451348638,0.08917944681130023,0.08929746171776216,0.2218708725682314,0.22122266432698523,0.2213337446125182
90.0,20.0,90.0,-30.0,0.2207298695562241,0.2200189159336087,0.22027305218540816,-1.000199321382226,-1.0044826569291874,-1.0027901453162145,1.736484447636287,1.736855757920082,1.7375257360016783,24.831839455710323,24.83938266223816,24.829756240285818,0.5039369202131487,-0.22525141583412173,0.7448464980426517,0.19318681056536607,0.2920863777002145,0.29218356491585457,0.29214513383184193,0.2202066326704338,0.22033858735628983,0.22028919486269571
0.0,20.0,80.0,-30.0,0.0579850516776246,0.0570266519863744,0.05751266595075263,-2.5877386192236904,-2.6386055271975484,-2.6147321390863842,0.468036342282595,0.46558865174875796,0.46394331834588437,22.719516270393033,22.725298047547454,22.71488914821393,0.4722332816856357,-0.5237266614803736,0.0010141663574040089,0.18819232380952922,0.2734362271438342,0.27343284775585913,0.27344498036411397,0.057776947801607005,0.05725689605772364,0.05757499355367696
100.0,0.0,70.0,-30.0,0.263827620499859,0.2630564113077556,0.2633000361000474,-0.6263403659198712,-0.632658477233173,-0.6309271997577253,2.072252757487491,2.0734876336532695,2.072655404760462,18.247812780707772,18.254387689638065,18.25053023993803,0.34817087364873567,-0.038875309579016734,0.6337770938642402,0.043384520633856956,0.20185058765199687,0.20190947782585567,0.20184102073016852,0.26331247946195374,0.26337036256967716,0.2632113113086929
0.0,100.0,50.0,-30.0,0.242678012995189,0.2420694329318095,0.2423370649335902,-2.602977127560717,-2.629619316300471,-2.622434746163149,1.9194601342673927,1.918694855008994,1.9185202465164564,16.696491046257368,16.69680028630564,16.693758170888216,0.4341806590078072,-0.5264581238091834,-0.0005864448286965414,0.7290128248655148,0.25172909812054917,0.25202971329951795,0.2519900618258335,0.24239240717613397,0.24225185080289935,0.24237714977290006
20.0,90.0,50.0,0.0,0.2274499775492812,0.2268856857644981,0.22724216085645135,-1.7755776146086446,-1.7823574733844347,-1.7776742744319296,1.799803055215858,1.796602061593375,1.8020412141890416,16.40895269184677,16.40352541005422,16.403175138354293,0.41916682853226567,0.11278625846080523,0.13394283693632703,0.6462959175494307,0.243145058812172,0.24314348226827448,0.2431816255228568,0.22692290878236476,0.22722094697006714,0.22762514126900016
50.0,50.0,20.0,-30.0,0.2211796435401195,0.2179485611401442,0.21980319870244236,-0.9805243812246932,-1.1069883629448871,-1.0346750899087618,1.732879078272737,1.73483866378532,1.7347050699786657,6.086890327781205,6.08838275276011,6.085905820835773,0.1823982657030851,0.421467850438081,0.1654643449681607,0.223328835640828,0.10607970343524994,0.10610307289413012,0.10611391189622667,0.21979153662429238,0.22002119897934216,0.2197749086175633
0.0,90.0,100.0,60.0,0.194145385969553,0.191713273083088,0.19324015653747556,-0.9861359228108556,-1.0304596989636396,-1.0190676837318497,1.5411380117160516,1.5383328291116487,1.5384447211007526,29.987810938177507,29.974259255121463,29.98656173199901,0.6717688814248604,1.0520083840529002,0.02312570081498382,0.8989612123946561,0.39126532271456693,0.39088810473278013,0.3912464000544063,0.19345419379893475,0.1931173380302793,0.1934730266776327
0.0,90.0,20.0,120.0,0.2585995514616028,0.2421133085068747,0.2521763935561634,-0.0243887194599214,-0.613049337816929,-0.20100763198035537,2.020612671591029,2.0218944714732103,2.015447707637816,8.607796493078608,8.591937450552475,8.599025614393721,0.2738764316979037,1.9702735350791243,-0.03794795020048582,0.49276614673859087,0.16400817330140674,0.16376882395260756,0.16458388870654245,0.2561264736368612,0.2554497635513023,0.2552669396882269
100.0,0.0,50.0,30.0,0.2671736332860832,0.2664914299441905,0.26681403973151946,0.6184626665605752,0.5660711470244028,0.6063933513933227,2.1011990028325305,2.099443185865641,2.1005722636929685,12.247085023778144,12.2374063053222,12.243207978137146,0.22436735769868113,1.242226927090147,0.41244976102370606,0.04695057881069648,0.1300290054165365,0.12993555761418416,0.13016293395481585,0.2667900892831419,0.2667117178178434,0.2669421684428684
50.0,50.0,70.0,30.0,0.169810430641671,0.168972787807399,0.16955131586973177,-0.6198979008709893,-0.6350366092172979,-0.6241791756553134,1.3426137230231003,1.3428145875936652,1.345271212419811,20.54780002987232,20.552037036513255,20.559972602110157,0.4558783114338628,0.7279159245900553,0.36225814907484893,0.3946925845172515,0.26425601456668996,0.26435922210487733,0.2643118908630393,0.1693485459944027,0.1696993428140806,0.16967505926383272
0.0,100.0,30.0,0.0,0.2621977784784899,0.2616503741640358,0.2619042138332955,-2.099491733926187,-2.103579537620637,-2.101713627179871,2.071509916660882,2.0697040709056065,2.069616517461542,11.415706090419777,11.412849251965865,11.409577107034638,0.3388363526379464,-0.00539127670411234,-0.0009876067220936245,0.6148463240219365,0.19648778893359614,0.1964259670551049,0.1963239276610649,0.26199999558587417,0.2617547387801538,0.26198407207135244
90.0,0.0,10.0,120.0,0.2681056403018865,0.2542334501123413,0.2648684746403029,3.1409614306712954,-3.137632354616409,0.0071925968682696115,2.092435683297709,2.091074268657675,2.087813405875874,2.1623150528203823,2.151601706681577,2.150662086838761,0.14216621923700848,-1.0067333653530075,0.0010624130538394452,0.2538506616734427,0.08405225312568963,0.08403406048362004,0.08392834824884506,0.26548707624273893,0.2648977038503359,0.2650626671344775
50.0,50.0,120.0,30.0,0.1459691975564481,0.1420328216478024,0.14363909508147646,-0.6608530450836697,-0.6878962926165864,-0.6750487914839277,1.1440315694984968,1.1442315571788981,1.1447626024506075,34.28030574961671,34.28272301993407,34.27847257127829,0.7148102523240456,0.6291334461184118,0.507262402398986,0.5008004329400512,0.4158729465760346,0.4161317241274149,0.41578255804086517,0.14369427261004894,0.14382762341940622,0.14381251258530434
0.0,90.0,70.0,120.0,0.0930986705178182,0.0864408889011466,0.09199674262703289,1.4716663632708575,1.3834181918568715,1.4557194270101883,0.7273575328073438,0.7283014600605066,0.7277414648903427,19.435654689207137,19.443182265644726,19.443921299341195,0.39138326850170835,2.2520793092950955,0.23990037475587797,0.06741757160685458,0.22659059985335683,0.22664772996421453,0.2267536692219532,0.09212714194871592,0.0921733180438469,0.09206399005738843
20.0,90.0,40.0,120.0,0.1373990058346102,0.1102513693332769,0.13112218853731994,1.7678416415491285,1.2626603946883517,1.6402466748833124,1.0385428226576883,1.0372174354844215,1.0392939272273447,11.000517613425092,11.006244331894763,11.0021809630901,0.22782541330767783,2.4896954893265204,0.19417621330234544,0.06694082703030713,0.13197147367335868,0.13204330452071183,0.13187345976888734,0.1315984071911373,0.13169340544844066,0.131853115210268
90.0,20.0,0.0,60.0,0.2608354362028808,0.2597922302109539,0.260323202261263,3.139799223099109,-3.138075816166457,0.16016486792817158,2.0546822579551645,2.0536813090810644,2.054534657900378,3.1876283103745244,3.183042232852486,3.182796221029676,0.177460282414358,-1.2053903272224533,0.0010281507046783786,0.3202816869406676,0.10349209388059674,0.10332738777010579,0.10339402489289427,0.26038359534909816,0.2603665788092951,0.2604802139676373
50.0,50.0,20.0,0.0,0.2194341069693149,0.213078722634374,0.21681798788267032,-0.5198545960129425,-0.7853853688045362,-0.6264906025626139,1.7106675168962513,1.7124738200156904,1.711080649872281,6.332124447029801,6.32805430830179,6.326190309244537,0.19055563987497176,0.8653175433096992,0.16192783051490428,0.23631779661618457,0.11080322728390495,0.11068461023114476,0.11075317186657249,0.21697990762217656,0.21702856169347967,0.21680187853708607
50.0,0.0,60.0,60.0,0.134926603113048,0.1318767032475973,0.13405196119274013,0.671352880245333,0.6310135171591815,0.6580207136343282,1.0568986506440916,1.0560526991671426,1.0572418924276001,16.39219673451278,16.384970858373116,16.39917367118423,0.3256878309244806,1.3252168160171047,0.29936264735828694,0.043441968272798545,0.18879208802541064,0.188679423591481,0.18888123403805632,0.13403450016302892,0.1340825976634028,0.13419256106177005
20.0,20.0,100.0,30.0,0.0737996866189677,0.070467365877062,0.07205706831482844,-0.680186295612638,-0.7378693655356628,-0.7076045660896791,0.5774344536009981,0.5776498551417508,0.579362558500078,28.16608198005517,28.162168561157305,28.162343644485983,0.5748731787256655,0.5876520975787995,0.2064403134625782,0.20010192037264912,0.33361526607959946,0.33355560679874807,0.333599872409423,0.07201273210356203,0.07227038167411345,0.07222200288032114
50.0,0.0,0.0,60.0,0.1484901682529125,0.1443269589548376,0.14650778703246742,2.266843869488716,0.4997350663982219,1.3863453993286228,1.1553825417852326,1.1540843842712878,1.1586153738847558,1.8478244225880522,1.8473839377553058,1.8438273435261856,0.09927322796227755,-0.8751913463529892,0.0005313092815619389,0.10099435665087937,0.0589098932334399,0.05865172500997126,0.0586441173819469,0.14627473378287806,0.146695948043146,0.1468388380811606
0.0,20.0,80.0,30.0,0.0559368263444169,0.0548326260216529,0.05541537621930875,-1.5661679572134757,-1.6193952641554357,-1.5913055644311935,0.4502057962835992,0.4494069891345142,0.44861626731511206,22.707605487185802,22.6935750526018,22.692721799343765,0.47078751417415227,0.52161611733058,-0.003024971568500095,0.18074821031074384,0.2727122034588844,0.27252422897225076,0.2724804969933514,0.05555540486901023,0.055367468343094146,0.055460856601096446
20.0,50.0,50.0,-30.0,0.1507448975383813,0.149659155491189,0.15012662655254702,-2.14335536941555,-2.170884080919526,-2.16270401567397,1.1909858755496097,1.189187242418544,1.192163166401704,15.40784554124079,15.418193956575951,15.418420465511376,0.3643964433581128,-0.40221590937313834,0.12455685078863288,0.35805220214256184,0.2111490396339498,0.21140835614977221,0.21122387473286391,0.1499625796820026,0.15011671604697954,0.15035188414903242
0.0,100.0,70.0,60.0,0.1790923220929043,0.1779632241763168,0.17867310220235894,-0.7061626148659113,-0.7358915299949245,-0.7154098396959178,1.417898996992274,1.4227833407797434,1.416773637866232,21.35076988124963,21.337336784682176,21.334726022638,0.4947914680014127,1.1256887811471428,0.15368881992505817,0.5930216868497952,0.28712545327739375,0.2870648529190315,0.2870694325977082,0.17901101602302838,0.17887140357003564,0.1782387048465061
0.0,20.0,70.0,-30.0,0.0625776765676932,0.0620392571156123,0.062289220943297155,-2.6007924958740234,-2.6315205259805885,-2.6172863491394582,0.5010835573250559,0.5008925713808812,0.5030834873907915,20.027457515388758,20.04119050059006,20.03205394930629,0.42118206800800195,-0.5239156448269198,0.00047680447090213765,0.18177423858011912,0.24371170432127212,0.24402726245392103,0.2438871217449878,0.06213886159837858,0.062405405963187686,0.06242930658659633
0.0,50.0,90.0,60.0,0.1267272561062314,0.1222341783335634,0.12552958890111332,-0.9380699634906098,-1.0466575414885655,-1.0174972478319135,1.0038023591115723,1.004389068892027,1.0031264060792364,26.361159792430897,26.35394248284008,26.362684139368394,0.5722830568345934,1.0510224613112955,0.014146942550153963,0.49703193840712734,0.3322925927760899,0.33230893612218115,0.33232887041136794,0.12572695573014409,0.12564461010417796,0.12557920629853978
20.0,0.0,50.0,-30.0,0.0609681596282184,0.0588574977832339,0.0596683143869761,-1.279016775834761,-1.3332660907926774,-1.3077408290793258,0.4738622569370835,0.4708547336401043,0.47347758062456646,13.966904357979828,13.959886484099332,13.958401540650405,0.2838429352504121,-0.38689757078152176,0.10835235007173662,0.04537088360687281,0.16427727975298745,0.1643481001800156,0.16409424697096014,0.0595719508369406,0.059543279907317954,0.05990687586646558
20.0,50.0,10.0,30.0,0.1831420328660235,0.1802150896497934,0.18182060707658446,-0.8362762462913819,-1.231282064797521,-1.004359911831411,1.4345382339686155,1.4366590062353537,1.436572745254075,4.744593363864281,4.738322780885205,4.742553598894253,0.17037247877919034,0.91710710942975,0.03650085847372777,0.21150607726138265,0.09944790904747645,0.09927030680622871,0.09942636483881188,0.1818097480446817,0.18206982347516454,0.18180920800513994
90.0,20.0,10.0,30.0,0.2679806875230424,0.2657173372616719,0.26684759008067094,3.137257264405244,-3.139262631266714,1.0481394583317767,2.1046840134090306,2.1056818417295595,2.1046315188814737,3.029012630602754,3.0445559770705932,3.026750682383604,0.15561436763960765,-1.3313824015631364,-0.041929033630726774,0.2787090000290699,0.09349690825133165,0.09367689414315351,0.093546487946578,0.2669826976160922,0.266984958360374,0.26685036831843634
0.0,90.0,80.0,60.0,0.2236412889808819,0.2193940170400875,0.22229309354199342,-0.9775197854398108,-1.0300850713669345,-1.018449144413606,1.7644088318586333,1.76587936213281,1.7670730335583713,24.7967781562393,24.784129005495732,24.797536418625725,0.5830190917392515,1.0536914166948699,0.021624485294311633,0.8972059691651009,0.33868396885768937,0.3385060314868134,0.3387992976164959,0.22225083658535544,0.22256986188158379,0.22237388167457953
0.0,20.0,60.0,-30.0,0.0677033950654877,0.0671312066437857,0.06737493902645379,-2.5918938198606827,-2.6242627002693,-2.6153658508143076,0.5408654441471027,0.5414474255031839,0.5388151123310699,17.330464715810006,17.33878565408633,17.331279074022643,0.3703058320505948,-0.52378675330955,0.0007316473017148618,0.1728715757961238,0.21479182945111588,0.21478065726093082,0.2145145360617672,0.06760013598183837,0.06735016182873592,0.06727831943019077
20.0,20.0,90.0,-60.0,0.0799856426117934,0.0774822788249566,0.07833832079096839,-2.2511111072886862,-2.283610081865425,-2.2719116396900683,0.6262459498635788,0.6264417823632732,0.6270841325249755,25.41302683527776,25.41629098324183,25.425826431159464,0.5235029185531703,-0.9703945869120434,0.2030418391396439,0.19943346526227881,0.3034438721479166,0.303686802475493,0.30350654338190336,0.07830069012400545,0.07840751820317869,0.07838484621802094
50.0,50.0,30.0,-30.0,0.2090710751135905,0.2081375751810817,0.20859510863652425,-1.3371985092021783,-1.356848871075365,-1.3484390350447613,1.6452302139897033,1.6446385793686211,1.6502136754201915,9.3194669592503,9.314070610523313,9.321453657029837,0.24441734144746127,0.055986520598359374,0.224947395271407,0.27241410187609133,0.14153035759517615,0.14141652582868186,0.14184780366457916,0.20814826348819476,0.20877014381752088,0.20886304634255684
0.0,90.0,60.0,120.0,0.1025331710743831,0.0905697175102123,0.10038036910533059,1.6651565301262017,1.512522572018553,1.6371224039679735,0.7927406417562561,0.7923528572560005,0.793902375895462,16.487455397720353,16.489717476075036,16.490072469726,0.3276856105427206,2.301433511827141,0.22498887165436743,0.032306191333361246,0.18974558673821276,0.189876767047801,0.18993942859320895,0.10048319833529382,0.10063229892310693,0.10068532785713111
0.0,20.0,10.0,-60.0,0.1026762673216396,0.0945413484569406,0.0990030111493961,3.14010551722156,-3.130957294384736,-2.5080273243886815,0.7833052383129558,0.7836780268013279,0.7851060521755923,3.8677510723361297,3.873027945229566,3.8753415095087935,0.11709768409107839,-0.8026820581209615,0.0164859007208352,0.0785117712649804,0.06914466387576791,0.06906653142624139,0.06920538445793677,0.09913837650774643,0.09935328588487467,0.09931395009453266
100.0,0.0,30.0,60.0,0.2833071173801125,0.2616373199712273,0.26835322867328265,1.816981088772158,1.2927314011168087,1.6011187460339789,2.1170734156054856,2.1147169108693356,2.118381404700795,5.698933153611238,5.697911773877009,5.674255658741998,0.08616980352958661,2.5917219444300312,0.14480899803983638,0.07638091616025124,0.054526165376612666,0.054482854759355284,0.05413749106599168,0.26859938984218185,0.26879447459969247,0.26907098265359825
90.0,20.0,70.0,120.0,0.2356674458479042,0.2312249009111995,0.23473159503944646,1.7105233527389627,1.6656863772653885,1.7018211793477114,1.8500351258326504,1.8507988136047837,1.8514825018262646,19.122518107385016,19.126526670631655,19.128436508876444,0.39185121402115886,2.5058996492790926,0.612356412917097,0.1768100865930662,0.22678252918913375,0.22699699691603542,0.22695511218644873,0.23471709532825852,0.23490563436993842,0.23480639503276926
90.0,20.0,50.0,0.0,0.2567428709735595,0.2540644566701905,0.2560036687376998,-0.1800527449614765,-0.2168865905269993,-0.1900080350364368,2.0176622858795836,2.017672133162638,2.0166553681466324,13.096676194683441,13.09461119995565,13.089247652634613,0.269658812847949,0.64872832334717,0.4548063043673128,0.14848276140243913,0.15600761913665037,0.156054105040159,0.15597109640952372,0.25611879433105406,0.25600041884952346,0.25599700436153916
90.0,20.0,20.0,30.0,0.2718837125551434,0.2565339562643267,0.26633029310041795,1.9774551131283544,0.7713592638529773,1.354402817312253,2.096194423877474,2.094805430054212,2.1020266668369847,2.8688846767781575,2.8839459042025126,2.892054923458363,0.08933726964368685,0.25605110121577007,0.045469589567073775,0.14946232240070664,0.053324883279499254,0.053386946701471275,0.05332392107523879,0.2657206702870156,0.26646873215106803,0.26664709937082187
90.0,0.0,110.0,30.0,0.2291868502178698,0.2244758330518175,0.22663055625838757,0.2623446180586288,0.2450833179547347,0.256488969392059,1.7828422501469352,1.7837643468137347,1.7837619826642441,29.789528973989928,29.771301058254377,29.776516290449887,0.5771739443132952,0.7824075122392169,0.906948561336636,0.002289564181214332,0.33487801969300784,0.3348937339566529,0.33491955866897705,0.22663068435770042,0.22674909978272867,0.2266358585712819
20.0,20.0,50.0,60.0,0.0887085495471764,0.0863173295024474,0.08806097168538929,-0.2900445042647467,-0.3839260762781872,-0.31660905337924605,0.7008477350169646,0.7000621639542841,0.7003661677267987,14.588641181102943,14.585026183270449,14.583979988480074,0.31750031570888215,1.1715091132026576,0.11023013737317164,0.1592370182214851,0.18434907901643638,0.18427646993481517,0.18424903673081708,0.08811669794839552,0.08807337298160033,0.08816268724080964
0.0,20.0,60.0,30.0,0.0667014945417899,0.0661714563685954,0.06643810143553448,-1.5720811931025762,-1.5961896299508909,-1.5835796616830942,0.5337094038919162,0.5317846189091735,0.5334343193273436,17.327663790861738,17.316528215294007,17.320710828261767,0.3696535305179017,0.5215809088050388,-0.0017075806999389523,0.1701603917825882,0.21437012260303942,0.21413334556016556,0.21444743865018936,0.0664180465304701,0.06637841267108067,0.06661105948457478
50.0,0.0,70.0,-60.0,0.1327351597065918,0.1307596100290797,0.13124902340634315,-1.4426702322849083,-1.467038136002336,-1.458051026041679,1.0340005079893615,1.0334210316061943,1.0347402801125167,19.174198214521383,19.180832382475224,19.174516357874563,0.37984861633647204,-0.8140115111486221,0.3431476862062717,0.041408494336379394,0.22008342013188903,0.22016452964199482,0.22025022516191828,0.13115220612930698,0.13124298612783442,0.13132098040108584
50.0,50.0,50.0,-30.0,0.1900805649162731,0.1888871304311501,0.1893454259259452,-1.5775994653442076,-1.6023800346338677,-1.593837806888258,1.4958136042176855,1.4974801797036017,1.498434424583422,15.085011349153724,15.088273061188044,15.087261066085405,0.3545257248086522,-0.21213135932117932,0.30437815576873695,0.3518229062462736,0.20544706474413674,0.20550264818076666,0.20556463200724562,0.18919923602469563,0.1895154747642185,0.18930657726629532
50.0,0.0,80.0,0.0,0.1257379403655454,0.1253828881554229,0.12558439804761018,-0.4153619388474086,-0.4222027493298776,-0.41824757494745224,0.9908359721494102,0.9887322514075056,0.9890191462037707,21.932267834877262,21.927165888618365,21.933500907447396,0.4331134665195491,0.19537681080703279,0.3755556323259623,0.03389071613680339,0.25075753686237806,0.2506625589179585,0.2506837735586297,0.12564277132502763,0.12543040987443965,0.12570399008358615
0.0,90.0,10.0,120.0,0.2684007545663384,0.259348196966555,0.26445632434823996,-0.4358292859142703,-1.3754512221756776,-0.8705833378655035,2.090374491186226,2.1026076543911376,2.0928769604647646,5.438681248492332,5.438462378413515,5.437071891310876,0.21399162173730812,1.4101901219809576,-0.07274471209996003,0.3891813271979918,0.12695579133376542,0.12679170309472212,0.12679864677359037,0.2658243704108356,0.2661227131639613,0.26459064744516886
0.0,20.0,50.0,-30.0,0.0735129625507512,0.0721091633124661,0.07283044372666105,-2.567866440864807,-2.632853414536128,-2.610357051064354,0.5815825595679691,0.582453808384571,0.5817787180549717,14.638244650358045,14.653295010835189,14.637522003784163,0.31971308504554413,-0.5230252770201117,0.0013720317196302969,0.16132402700674095,0.18537033718346096,0.18530198246723162,0.18527846396984063,0.07286612012735014,0.07288570883594025,0.07278720049095995
0.0,90.0,40.0,-60.0,0.233512594569045,0.2326082838450133,0.23286003106972128,-3.030531626912622,-3.133095590440014,-3.10786852123795,1.842229811821504,1.8433121240583532,1.8422182118249777,13.810808154339744,13.819748046368728,13.817806485050896,0.373366934484069,-1.0343310846009892,0.01348913408867428,0.6021502468539661,0.21633003345311716,0.21646032978615803,0.2162735479623639,0.23289784045516415,0.23290211108052344,0.23277562209525127
20.0,0.0,70.0,0.0,0.0531804894268798,0.0521264296084457,0.0527543291337156,-0.7025471730689599,-0.7334612769571455,-0.7168191116263325,0.4208878970846755,0.41780529601018446,0.4174788618329208,19.42413465379354,19.41597003637294,19.406341484680738,0.38773447948555617,0.08973234273649959,0.13625276247762144,0.03959079602228167,0.22482830552983946,0.22462754396688048,0.22459902854676778,0.052969256300920864,0.05255416529893375,0.05295520202889663
50.0,0.0,80.0,-60.0,0.1277611728937858,0.126402930377029,0.12675911217758207,-1.4591079459105163,-1.4737096289925362,-1.469416785239795,0.9985472336329619,0.9987913508351921,0.9987394649779321,21.93902097516722,21.9345073846576,21.93565092841168,0.4335093577406596,-0.850113066117361,0.3792762612890686,0.03633232634707211,0.2508823138137621,0.2509651393956586,0.25089892051912144,0.12675015179373186,0.12675796428277966,0.12673995879699984
20.0,90.0,90.0,120.0,0.2142529112576085,0.2074020006623234,0.2130589371654275,0.3855244445495695,0.2988901506094363,0.3163824166029703,1.6925182035491664,1.6939924757793594,1.696296471755797,27.33306855856257,27.33795855030023,27.33403605258884,0.6254712834995092,2.165057505778475,0.22694541095199475,0.8941747976407607,0.36376530221233777,0.36383970674679417,0.36375871340831306,0.2129560469130932,0.21343314882389308,0.21322026329093322
50.0,0.0,110.0,-30.0,0.1248616830551206,0.1197234446809798,0.12290182843086787,-0.8938594828093811,-0.9139174795310052,-0.9056633368911078,0.9669275421745721,0.9677983548905168,0.968256899111432,30.176911220173626,30.184796375922684,30.17694406661219,0.5905248564880967,-0.3843136615205799,0.50336647473321,-0.0011772693472141948,0.34266050794145425,0.3426788362375134,0.3426073272177406,0.12295426294262551,0.12311637305757307,0.12299996800463171
0.0,100.0,10.0,0.0,0.2681890075703422,0.2669407739872708,0.2674876578994203,-2.0481803532385787,-2.058406348769166,-2.0529831297817127,2.109052064754962,2.112542089108667,2.1128283584108942,5.969336349803711,5.968203853902424,5.964785697249671,0.23404133279658504,0.029515178334725705,0.005249423844210925,0.43369097763871883,0.1358458062486106,0.13578244368557016,0.13586033520199345,0.267315856806802,0.26782268525864034,0.2673485898834387
50.0,50.0,20.0,120.0,0.2153267731840571,0.1997003747802526,0.20912602094183372,1.4092289114554344,0.5780561342610122,1.114725777907305,1.654469765063641,1.6504657787946178,1.6542748087608514,6.934871806443024,6.943894433440862,6.936227957037464,0.21113164503767964,2.7343514717559403,0.13701605328026162,0.2723049482311508,0.12231081993275271,0.12252565711938337,0.12226641187908414,0.2092761179850611,0.20925644710725122,0.2097666807422393
50.0,50.0,60.0,0.0,0.179991426924848,0.1795948974902387,0.17984829245629172,-1.1222590890556865,-1.129452596680928,-1.1245685395826577,1.4230404733720126,1.4245681342172443,1.4232681237543314,17.844094900014092,17.83907467326059,17.834632336649296,0.40632075922304667,0.24778614733612683,0.3348337090290157,0.3799910218826461,0.2353835865527235,0.23514429297594047,0.23514968497101862,0.17991400420852985,0.17992942437166365,0.17973037709095038
50.0,20.0,80.0,60.0,0.1284584492354616,0.1273508346879621,0.12822278865785217,0.3195747749513578,0.3058183527781217,0.31512823940306656,1.0135365755388548,1.0152460873893026,1.0134785646738131,22.41403890763037,22.416624577082423,22.41518624259862,0.45947368051335313,1.231844930539085,0.3772638619058401,0.15643569103166693,0.2662935253744601,0.2663898044053519,0.2662910771903229,0.1283241273796611,0.12832513167052656,0.12810735303747525
0.0,100.0,40.0,-30.0,0.2524654991696067,0.2518296866653555,0.25205318199383825,-2.581746255632686,-2.62655480973373,-2.6168105103302066,1.9943080530990998,1.9939731794176097,1.993858382819297,14.048787941479496,14.050816103172002,14.052245128008265,0.3864346960926407,-0.524432863145974,0.00195656781086019,0.6748368830788076,0.2237208269516129,0.22401473310762604,0.2239841154670099,0.2520865882956105,0.25201843428900117,0.25207694554418486
20.0,0.0,10.0,-60.0,0.0898038853696263,0.0655926658071637,0.07814105079822056,-0.918571419026514,-1.280791070976344,-1.121705718033811,0.7291264896037908,0.7352950601541629,0.7308713209897417,2.9801570623169122,2.989930413834227,3.0148546334813475,0.05831799974992819,-0.06936438427833719,0.026763408033485894,0.04217904084284764,0.060636159531543436,0.06042313268094687,0.06061895198052409,0.09278037208896808,0.09299635522404621,0.09223283857653199
0.0,90.0,100.0,-30.0,0.1941387554338719,0.1925717816277815,0.19335516179791096,-2.594097274328881,-2.612656350147005,-2.602115981898874,1.5415341803792237,1.5392245059370713,1.539342911270198,29.98294577745314,29.990414012088458,29.978415863541372,0.6719050904877308,-0.521181320462938,0.013789067997802766,0.9000447412540893,0.39126367092608527,0.3911115385164778,0.39118666912998085,0.19352138036664648,0.19325543672750167,0.19354434983521157
0.0,90.0,30.0,0.0,0.2423495828506948,0.2420420799482035,0.24219129339053236,-2.084233694763788,-2.087863114139521,-2.0865268769093452,1.9149933632774774,1.9137915502036904,1.9155555586865567,11.18059423118004,11.180796406463083,11.173890333612281,0.3255451755088902,0.0023511305457019384,0.0031847702296521263,0.5462571637552367,0.18888486038054159,0.1888699860207856,0.18877161905548664,0.24210074474290208,0.24217646776787982,0.24231690391057398
20.0,0.0,110.0,120.0,0.0560415784850486,0.0474024450856568,0.050910178528182255,1.7093080575102075,1.6067648396617216,1.635559543485169,0.4018897175764166,0.4019669074336144,0.39964888791192904,30.302510956381333,30.314083212492672,30.311214551429668,0.5950270391922894,2.151898381884074,0.2106506064482904,-0.0019857695886089876,0.3451664161611676,0.345297932002056,0.3452159250614458,0.05122614790527636,0.05095994409080202,0.05096889938260233
20.0,50.0,10.0,-30.0,0.1856771498461248,0.1840539512025444,0.18487041030419937,-1.606140730293696,-1.670578818137549,-1.6394317196288615,1.4596853377916847,1.4579674914930747,1.4601097552536737,4.412752989682336,4.4061126696156565,4.407105769373936,0.1609863839847173,0.16985527320561108,0.0580108634166559,0.19791724666047866,0.09399913834126696,0.09396073277320523,0.09399380204307747,0.18479414879672523,0.18484829762503147,0.18506095853046448
90.0,20.0,20.0,60.0,0.2700240791897527,0.2554866448428714,0.2667965062282811,2.303130669067732,1.1090873983134315,1.7202251665873383,2.098518897435198,2.1007003933008224,2.106669877730997,3.096663087783325,3.107038716174349,3.0949105849474323,0.09728241877549935,-0.35600968938058924,0.07358463916450263,0.15939687636309544,0.05829771012849838,0.05802602925740222,0.057949577464864864,0.26619349235286355,0.26722435082728174,0.2669527698479621
90.0,20.0,0.0,30.0,0.2608354362028808,0.2597922302109539,0.260323202261263,3.139799223099109,-3.138075816166457,0.16016486792817158,2.0546822579551645,2.0536813090810644,2.054534657900378,3.1876283103745244,3.183042232852486,3.182796221029676,0.177460282414358,-1.2053903272224533,0.0010281507046783786,0.3202816869406676,0.10349209388059674,0.10332738777010579,0.10339402489289427,0.26038359534909816,0.2603665788092951,0.2604802139676373
20.0,90.0,100.0,60.0,0.2006452218544538,0.198422050543839,0.1993413530824175,-0.7276882497978532,-0.7542572493042852,-0.7468205503001585,1.5827629218423687,1.5878628201230882,1.5892001309406767,29.96521125296228,29.964678443340407,29.9692662328701,0.6712293726282601,1.1057841033591018,0.22394401037522182,0.9001229312810728,0.3905926652695697,0.39082271272768054,0.39092069810035845,0.19910174331511254,0.19991493250061348,0.1992696952507155
50.0,20.0,100.0,30.0,0.1405498655481662,0.1361000386927045,0.13809430247841836,-0.2112862244750671,-0.2269542745331175,-0.2177239372526601,1.0922219248877925,1.091629355525938,1.093368184969995,28.000103847963455,27.99398985912608,28.001991679676664,0.5696453220985616,0.6835749657341453,0.5072366434492509,0.20107551226759426,0.33049589200580876,0.3305049612419904,0.33067046929189026,0.1380249566776789,0.13818175402709817,0.1382556824757034
0.0,20.0,20.0,0.0,0.0921319513872059,0.0903796231528498,0.09130082472678906,-2.082156093047743,-2.1102446905442425,-2.0962570389398034,0.7225053815880652,0.7250032460108907,0.7229634215232832,6.614507882098066,6.603617400633435,6.6037921503845265,0.1694576290444564,-0.0019117544089230548,0.00010163848053539486,0.10721220955920145,0.09912464430851553,0.09935628058198347,0.09916552599648305,0.09142165634841784,0.09146517996676803,0.09116913928814929
100.0,0.0,120.0,-30.0,0.2245977801529554,0.2187371738039836,0.22306782910933717,-0.8017681269663787,-0.8200143289360454,-0.8122373667114586,1.7534430131537344,1.7588217489968119,1.758109515425887,32.61459240157445,32.62265858224357,32.608251764553586,0.6327669814246037,-0.2906079106041912,0.9786331847410655,-0.0021207788660213287,0.3671587658159453,0.36722180244530744,0.36715991011187427,0.2230618473117237,0.22361800987898667,0.22294532304748155
100.0,0.0,120.0,-60.0,0.2246261888122405,0.2166785428136717,0.22264416207909593,-1.324952294862837,-1.343636683720262,-1.335132524339201,1.7554894075047835,1.7546593406215452,1.7509188232170414,32.607143293775195,32.614456991272206,32.620498908987265,0.6326668459752871,-0.8146654915125675,0.9764889664079577,-0.003263954093197958,0.3669589269334622,0.3673038843995848,0.36709975921249444,0.2231499370733748,0.22258601772125536,0.2227135346735525
90.0,0.0,0.0,30.0,0.2576776352362103,0.2563370637853831,0.2570101911287382,3.139787829779746,-3.136585135736338,-0.20051453214810905,2.0270469622610183,2.0283186730108604,2.0290820924909783,3.1517974196850496,3.147376982117073,3.1535030701707503,0.17527335811384362,-0.8359762298699338,0.0010336487635187238,0.31233160445560776,0.10243081807378275,0.10239394252873897,0.10256506789450183,0.25699947787551625,0.25724948557444816,0.2570946761089897
0.0,100.0,70.0,120.0,0.114730874645849,0.105664780273604,0.11329896258687534,1.5307956191719614,1.4267745943434362,1.5127686056534795,0.8951835244605562,0.8947930907489109,0.8965961093868023,19.407590311837637,19.41083078581681,19.409837862075246,0.39139762851643684,2.2900761921055253,0.2968342484230336,0.07745106297429334,0.22656191405544085,0.22659338036997442,0.22680390972755976,0.11332534444157576,0.11350145324004365,0.11355636199363901
20.0,20.0,70.0,120.0,0.0784763516159301,0.0754944268529118,0.07795349422339898,0.76275871391078,0.6666571624158043,0.7425860739397023,0.6227782386842591,0.6225275490012775,0.6234772497170913,19.970949785737105,19.97318207810644,19.97903581167427,0.4196084506283642,2.1787363318341515,0.13839015866442914,0.1793432182476331,0.24289827509735462,0.24283382070453796,0.2430468434078959,0.07796543038607089,0.07803609071822862,0.07806982325993883
90.0,0.0,40.0,30.0,0.2675813173462863,0.2626199210476587,0.26645178311816603,0.8223727195705018,0.6449591197529453,0.7679528204272728,2.0993883293881623,2.0970899346514753,2.0981505866396533,9.103249164275683,9.100771032146255,9.104695608023063,0.1588572249402623,1.4733264759897156,0.28889835769671735,0.05435031355306514,0.09225911353149861,0.09225574741140276,0.09231848249434449,0.2665327363699122,0.266372335555243,0.26666688918999193
50.0,0.0,90.0,60.0,0.1120369396499812,0.1111557631558393,0.11176286325170934,0.8292455534548065,0.8137658595935346,0.8238078162873291,0.8780312372870144,0.8786684439550364,0.877368164781395,24.43303025444261,24.435220014238997,24.43751359423004,0.471260713691537,1.2004241582050643,0.3612265610890339,-0.05338607494544887,0.27297424901783834,0.2729570335990367,0.27302971538231285,0.11187964386846903,0.11178850230777727,0.1117116497288859
100.0,0.0,40.0,0.0,0.2675613085271427,0.266089914028344,0.2667293931333459,0.301395844465214,0.2131664049637089,0.273602542316804,2.100209589618602,2.099967725862264,2.099167981431127,9.023323874333832,9.02002575957827,9.021408124185376,0.1537389333134055,0.9566873473189454,0.2809072301567175,0.04573940996627963,0.0892837092827911,0.08934141887710181,0.08940974696848514,0.2668120502250299,0.2666847495750232,0.2667108664938286
20.0,0.0,0.0,-30.0,0.0864027260968172,0.0563953623588114,0.07224047403577188,0.1933055651748629,-0.7766421383853772,-0.3000496295123764,0.7174237926466355,0.7203815539801717,0.720308296788813,1.9226808523418955,1.9239429537842103,1.9237115116196402,0.05033167163377119,1.7806486765386185,0.0004578553488341409,0.055458982214942616,0.06057748516564372,0.06069923925839364,0.060673242367435626,0.09089099184450083,0.09126911761034476,0.09087999122966468
100.0,0.0,10.0,120.0,0.2680089842650543,0.2657330276562846,0.26698144128382983,3.138999896068676,-3.1402976155742746,-0.22274695704888986,2.1064824246551894,2.10524109872409,2.1044681324865446,2.2794792311332595,2.250878205469174,2.261091364761909,0.14459028991848838,-0.8164001689584489,-0.009420622079085037,0.2605616428535509,0.08570065441140724,0.08560464848439234,0.08561544149015789,0.2671651017025863,0.26690974175775745,0.26705963434455204
20.0,20.0,70.0,-60.0,0.0805292864044004,0.0793181140700471,0.07971058081473834,-2.351842259175577,-2.3974189273196576,-2.3825019826307745,0.6360778106955465,0.6356795312591633,0.6369118888515064,19.975462496721004,19.979379982926552,19.99033491622334,0.41999607375676973,-0.9594659003736401,0.14464965628996632,0.18158547115626475,0.24317263231960132,0.24316261380492632,0.24324976169849727,0.0796369703223319,0.07974012983609076,0.07978522656213909
