P,Q,V_mag,V_theta,I_max_tail,I_min_tail,I_avg_tail,Iphase_max_tail,Iphase_min_tail,Iphase_avg_tail,I1_avg_tail,I2_avg_tail,I3_avg_tail,V1_avg_tail,V2_avg_tail,V3_avg_tail,V_avg_tail,Vphase_avg_tail,P_avg_tail,Q_avg_tail,V1_inv_tail,V2_inv_tail,V3_inv_tail,I1_inv_tail,I2_inv_tail,I3_inv_tail
0.0,100.0,10.0,90.0,0.2683888776312786,0.2666194793659038,0.2674535030638146,-2.056859349477058,-2.0748031050054863,-2.0850662938216256,2.111022122284559,2.107888687986214,2.1145616387359696,5.967213145385044,5.964203655743365,5.963814843241584,0.7218526699760112,-2.0319799578528905,0.004140972568099592,0.4336695875898152,0.1358292550204658,0.13569331266478543,0.13578606414636574,0.26702461939831007,0.2674860335225286,0.26785015041985283
0.0,50.0,70.0,-90.0,0.1315191810533337,0.1310135919145311,0.13121762610892476,-2.093590463871228,-2.1040362815168208,-2.0972977446337833,1.0468094780734416,1.0452315891328137,1.0442183873654012,20.866625353399662,20.86527078098341,20.85536705920202,0.6597129186069117,-2.062782672702725,-0.00086549177248609,0.42526063579828377,0.2713543127084633,0.2710889273751379,0.27122346457913404,0.13138446672681642,0.13105928767487338,0.1312561495390591
20.0,0.0,30.0,-60.0,0.0713838753439488,0.0691928549739759,0.07035135091647499,-0.6911127179693943,-0.7626134350787538,-0.9813306227113883,0.5559531588374346,0.555956496476672,0.5562210864379202,8.471482105872747,8.47679780443844,8.469943104115735,0.5841804483817076,-0.523178917357713,0.07771884586570157,0.038334800203609,0.10341449556110006,0.10343168831844292,0.10343268418265493,0.07036147429880865,0.0704032783980742,0.07040539930103698
50.0,20.0,50.0,-60.0,0.1609970986058894,0.1599145670647547,0.16053126164086742,-0.6614000583048302,-0.6797005501188768,-1.0255269392368018,1.2651445927156932,1.2695434978756033,1.267871036342744,14.184954684825835,14.18459912377363,14.188349768736693,0.6115469347301361,-0.8927417681663593,0.2984684484522883,0.1638249394663153,0.17730368650832248,0.17748307182656772,0.1776246829408443,0.16050356890461784,0.16085558506268516,0.1602979891685023
0.0,100.0,100.0,30.0,0.2118607959946709,0.2100381514435927,0.21107123189589105,-2.071436403421319,-2.0912522625884438,-2.083572617463412,1.6782467297874113,1.6813656277144515,1.6792505580380819,30.212294134145523,30.21706510640855,30.210906167918026,0.7218526699760112,-2.0319799578528905,0.012548044932174804,1.0001174920874405,0.39824628887007163,0.39848676253327797,0.3979052972798533,0.21119841917108773,0.2113309191653195,0.21095063759263563
90.0,20.0,50.0,0.0,0.2676742841621704,0.2664854933761348,0.26700343170663665,-0.1487033667691142,-0.1701664877430405,-0.8371564463112199,2.103629324214253,2.1043844503651896,2.102620096597644,12.973873497897705,12.969461079587916,12.968361252816491,0.5984987239536121,-0.7371513072756187,0.4684626391433139,0.15206679798091374,0.15398583773588087,0.15406256979832353,0.15389880224069097,0.2671161627821068,0.26698681261887547,0.26689013228858016
20.0,20.0,30.0,60.0,0.1069238117095722,0.1056722351865901,0.10643290505046314,-1.244701078563717,-1.2935860566131423,-1.508043512044564,0.8432795496188984,0.8424433401026049,0.8421847777135499,9.176572431522962,9.17412012896294,9.169080422558732,0.6162442654560011,-1.27379193074638,0.0886515348565581,0.13348975822910222,0.12642246991136408,0.12632840574470494,0.12625213304998767,0.10651749227882067,0.10638057432200473,0.1064848908054066
0.0,100.0,40.0,90.0,0.2581019485324438,0.2576582798004119,0.2578574256058036,-2.0866089039521536,-2.0902396468782904,-2.0896397376078046,2.0410831171566497,2.0391424193398295,2.0392602639335173,14.131096783383317,14.124281789841902,14.118459493333265,0.7218526699760112,-2.0319799578528905,0.003589943142797018,0.6974071285332558,0.22635321372127723,0.2261209909216335,0.2262232648371778,0.25794479695915995,0.2577202111570089,0.25794642470786067
20.0,50.0,110.0,0.0,0.1175177339419095,0.1156863440877308,0.11658234319929671,-1.6544832795666198,-1.6666327912522505,-1.7089756545705221,0.9328352218950164,0.937302337154472,0.9352880841404962,31.667508274161218,31.68455519181037,31.673790353073365,0.658991099436022,-1.6861926913303058,0.20450012696132336,0.4999926823595497,0.3886626279893226,0.3887240192150196,0.38852093981513053,0.11670442331989014,0.11699818038154043,0.11644064958667452
50.0,20.0,40.0,-60.0,0.1687566450262685,0.1663151870555502,0.16803686954540092,-0.5710332237996867,-0.6157353368855518,-1.0513296172231723,1.3259665887284404,1.3268270553195038,1.3256912928089615,11.31629155613013,11.317567479958162,11.308637471649943,0.6115458461153747,-0.8927412632392663,0.2521052337484723,0.14706055368725657,0.14519119583904433,0.14515760216849397,0.14502912332235307,0.16814272509586964,0.16809748342546857,0.16798385466756988
100.0,0.0,20.0,-60.0,0.2784538227153104,0.2545870219938483,0.26596386601583333,2.8188132920331506,0.8268279053036388,-2.472975478518109,2.092670595962924,2.0968118231560813,2.0996413881606353,3.919502222129475,3.925553348616405,3.943201123753133,0.5610817403548569,-0.5198462405872779,-0.08459535827978773,0.18028033719909944,0.07395418693187775,0.07386714512863664,0.07429126814848427,0.26564068111257366,0.26651752618047725,0.2659998392521516
20.0,0.0,100.0,120.0,0.0545792364404491,0.0534706963344487,0.054085139200188044,-0.4378856516310512,-0.4749930842529884,-0.5236572207712105,0.4274823760828892,0.42394380491704003,0.4270881524142077,27.519072429278005,27.515588441860572,27.5107459824444,0.5841886751953623,-0.5231776405480634,0.20310238791391913,3.9246130892872045e-05,0.3134720658990172,0.31314802664279123,0.3132982220780356,0.054025403170365166,0.05398163703721229,0.05442904420448593
90.0,0.0,80.0,90.0,0.2498307502783113,0.249391890690754,0.24965233646563706,-0.1649420282705536,-0.167233883169325,-0.5633596759239407,1.966334505557221,1.9645077160270104,1.9647858868374042,21.18477615549329,21.185133559435084,21.178347047034094,0.562745350766241,-0.5203297715459044,0.7033678502303117,0.028003299708696087,0.2357008075350798,0.2356175665716885,0.2354043395842146,0.2497101732344042,0.24952458766657434,0.2497452129859782
0.0,90.0,50.0,-60.0,0.2287884468296217,0.2283176438446266,0.2285213396195862,-2.093913188872489,-2.1007267623604906,-2.0945612551152646,1.810375921878111,1.8096475853974479,1.8097714330728147,16.534861353830898,16.53372387171133,16.521043935365423,0.7100111009948324,-2.054777530567131,0.00021899396938701048,0.6727018244304501,0.24662056170196506,0.24629625421024073,0.2464396146530445,0.22855251814252478,0.22848092101306358,0.22854266456830177
100.0,0.0,20.0,60.0,0.2894858862123805,0.2546881213495099,0.26594550957046115,2.7762960794262592,0.8186314173500734,-2.466176206952607,2.0920311260240534,2.0977657825756046,2.0993136849574126,3.8596944945524103,3.8727903754135498,3.8870534676329433,0.5610908219554596,-0.5198393037975151,-0.08211619600564776,0.17784203000285348,0.07271362382474664,0.07262905738341723,0.07302283533540856,0.2656868822234156,0.26660574642696316,0.2658732288569422
50.0,50.0,120.0,120.0,0.1451498499638907,0.1416655049611366,0.14330471134550504,-1.1869979808287054,-1.2138118062250025,-1.3053612179819138,1.142368818255869,1.143310310845796,1.1399273198682385,34.28874113521586,34.28035825314345,34.26145392518286,0.6550888176419655,-1.2898374651384217,0.5053427419948541,0.5001238199484243,0.41623313271842705,0.41574367679755064,0.41573971151494704,0.14372758822839005,0.14341362319220852,0.14326715183480673
0.0,90.0,20.0,120.0,0.2591005700118837,0.2580919308193375,0.2587579560227143,-2.0881426633462805,-2.095175748754788,-2.0912279055683114,2.043839037345584,2.0418906315411554,2.0464267809720234,8.625808544051898,8.626883199830232,8.619592481091695,0.7100174044766513,-2.0547884519709454,0.0017425429383717676,0.5063340857385303,0.16418853045552015,0.16413850459948925,0.1641242376076317,0.2584644302111265,0.2587841954818771,0.2590517304837129
50.0,0.0,0.0,120.0,0.1680471890107246,0.1482880391607696,0.15851389166250288,2.528649200440414,0.6864191652399054,-2.09108905983592,1.2509037138657018,1.2516266447137587,1.2547742166857123,1.9593391200287071,1.9512651078567451,1.9511789200517826,0.5786783317088385,-0.5219133872819157,0.00044622541501267014,0.11821373285039664,0.06310131970459594,0.06288243585713621,0.06281275444353959,0.15849161879480247,0.15898880526088743,0.15889215088626418
0.0,20.0,120.0,90.0,0.0434691896314218,0.0416640666177752,0.04254762473111571,-2.0490628741363017,-2.089288087423864,-2.068451000677217,0.3537259018223264,0.3557641543518664,0.35844843097742235,33.64654476485246,33.64030364399614,33.639794243444946,0.617145342061956,-2.0150473293853004,0.006719322422153288,0.1999531914323272,0.39418859763216074,0.39438668030138,0.3941838464283048,0.04255166749551818,0.043143462219414466,0.0428698591362622
0.0,20.0,60.0,0.0,0.0702294142109566,0.0698250672543559,0.07001545218456562,-2.083599862380231,-2.0950904002447848,-2.091076517772423,0.5596740742376437,0.5622114990977614,0.5615309409816115,17.371216054922744,17.368617741620355,17.359192214328335,0.617145342061956,-2.0150473293853004,0.0007637288597697859,0.1805051601080764,0.21560204051656473,0.2158947328572506,0.21561254116956174,0.0699906470609488,0.07022393771826665,0.06990615758143745
20.0,0.0,0.0,-90.0,0.0891249860719616,0.0595651316434781,0.07500832112423854,0.382651143897693,-0.6262199065081497,-2.082481559983944,0.7282186316958043,0.7297954811835563,0.7291374221856968,1.9250729314443424,1.9229529528749745,1.9244275776388673,0.584114935962706,-0.5232963255128474,0.00045313416603051134,0.055546022741478,0.060330931040875564,0.060223348961032215,0.06038619551451236,0.09223915572558826,0.09234775719206972,0.09214130637110678
0.0,90.0,10.0,30.0,0.2683549237586397,0.2666257793461741,0.26744047484708416,-2.0590326989765773,-2.076202195586524,-2.085799661519858,2.110987059976716,2.107899949351386,2.114430906972029,5.965317374543915,5.963501218521902,5.963504567696779,0.7100174044766513,-2.0547884519709454,0.0038207681741708075,0.4336515092857105,0.13580926796337428,0.1357161078369221,0.13580574210324609,0.2670272235276238,0.26747619704276754,0.26783411224835246
50.0,0.0,100.0,30.0,0.1360067200046626,0.1353175997737622,0.1357306767289013,-0.3515189786131397,-0.3580288776256733,-0.5237757676302662,1.0688638772720065,1.068619783797712,1.0676512291621991,27.339805514282023,27.335412262533556,27.327451691193755,0.5786783317088385,-0.5219133872819157,0.5031697811657331,0.00011615189457661567,0.3097775926662953,0.30987147686880384,0.3098331988019422,0.1358355333736924,0.13569145729231158,0.1357245676691026
50.0,20.0,80.0,120.0,0.1414603838824151,0.1412282960616394,0.14137608847502717,-0.7622215912623678,-0.7645341925836961,-0.9629093083039665,1.1171184512280325,1.1187399038242531,1.1182928724089178,22.515832559265558,22.5113424092797,22.509838988185535,0.6115535893142118,-0.8927449704416845,0.41317238763901,0.19403867483677179,0.26997486678859817,0.2699317164029019,0.26998752398398207,0.14135893931389776,0.14150669039596153,0.1413050605143248
20.0,20.0,70.0,60.0,0.083430413914668,0.082992816194492,0.08326479510572055,-1.3131785190489458,-1.333196616948952,-1.4145507828040156,0.6632572725042521,0.6657063927814406,0.6636799348554532,20.000391197807897,20.009841744241417,19.998069423152117,0.6162442654560011,-1.27379193074638,0.1530723830897984,0.1890766764945901,0.24402471824902364,0.24404158258064232,0.2439151784908175,0.08335782502870047,0.0833985437754946,0.08308882939325235
20.0,90.0,100.0,0.0,0.1994534753049845,0.1978278038985556,0.19859777861418898,-1.8044882759901864,-1.8193777147803507,-1.8673394788260365,1.5794850647500072,1.5809294483086838,1.5822422396964688,29.964203378821296,29.965178041754378,29.942534978168514,0.7088879274287126,-1.824588487784622,0.20965229440662167,0.9000754935201492,0.3909216345825523,0.39073681974435737,0.3904978522304693,0.1985197965994478,0.19889011233320816,0.1986889849360273
50.0,0.0,10.0,120.0,0.1850093814742846,0.1584099982901164,0.16842996725027257,1.424415647656777,0.271496250984893,-1.9246883675573772,1.3502480711128135,1.348188828564178,1.3522700535318921,1.6242434669357568,1.6139301906929289,1.6674003496935303,0.5786783317088385,-0.5219133872819157,0.014237437130086088,0.08055023996855233,0.05011717887289906,0.05028990993826503,0.05043463474153698,0.171017791727312,0.1712840377439201,0.17160681195722857
100.0,0.0,60.0,90.0,0.2670355011392503,0.2664778021487556,0.26674494784112573,-0.0111231605821147,-0.0200581006699238,-0.5963118090004701,2.100280295563844,2.100310734219909,2.0989596554661607,15.225212976853685,15.225057192602648,15.220172577637939,0.5610908219554596,-0.5198393037975151,0.5251575934708423,0.038345982094503094,0.16475854177868957,0.16475053520051836,0.16475675528071312,0.26684649963106305,0.26668261672451676,0.2666776662817369
100.0,0.0,40.0,-30.0,0.2675255739178259,0.26613802295544,0.26670888336816095,0.3170179185223712,0.232635063467325,-0.6696012604452516,2.0995094737191686,2.099970779585886,2.0991620594569156,8.97991264778862,8.974477221858654,8.976698430275823,0.5610908213085791,-0.5198393034265294,0.27616095988563205,0.04113551532858879,0.08762107107495822,0.08766824195051165,0.08781210388444448,0.2667605839053983,0.2667195531085134,0.2666598091367442
50.0,0.0,70.0,0.0,0.1409312445155144,0.1405793397678117,0.1408069248270073,-0.362947874363434,-0.369784992456488,-0.6180380899118144,1.1096280973244121,1.1090354298917624,1.1089931596262395,19.107061940552974,19.099750991080604,19.087957960594952,0.5786783317088385,-0.5219133872819157,0.36584756275785907,0.034660221497770476,0.21832838998892803,0.2181672377075563,0.21813114050142848,0.14085653380529822,0.14076431281148696,0.14084929038478988
0.0,100.0,120.0,-90.0,0.1868375340254824,0.1852182831199821,0.1861046688467867,-2.062612321705919,-2.0714171888727617,-2.0708846728680643,1.489868541814838,1.4842633568801498,1.4869825646880848,35.393989266454795,35.394383701163534,35.384804056010736,0.721860877108577,-2.0319975257046257,0.02530456683240848,0.9989178000870541,0.4508680027451082,0.45065649280304104,0.450791093220064,0.18632329139091217,0.1859700010337614,0.1866682191070419
50.0,0.0,30.0,-90.0,0.1658362496545036,0.1606954460191871,0.1639208874953815,-0.0029035330325395,-0.1204427386468228,-0.7626473802454151,1.2915205838122208,1.2924068387069185,1.2910537066465602,7.558535809947217,7.55689688689492,7.5580876190726185,0.5786266988666082,-0.521988691061495,0.16390952986850058,0.04023779156627265,0.0862703182416263,0.086233621346161,0.08632372914085444,0.16408034265846597,0.16402368416625285,0.1639118437858968
20.0,90.0,70.0,-90.0,0.2476573731802601,0.2459789943491255,0.24691977483074137,-1.765002664635689,-1.779884459491594,-1.8684493399978306,1.9568677113157693,1.9565339782070232,1.958578541431544,22.196317955890944,22.196500816819995,22.189524383438542,0.7088602207219512,-1.824538550161364,0.20755828234357176,0.8999347066557178,0.3139217188886907,0.3137764419165093,0.3136748940864772,0.24681852642285623,0.24704303400324418,0.2470707683778704
90.0,20.0,120.0,-90.0,0.2007323450446643,0.1996625287449582,0.2002630926469362,-0.5338464760440977,-0.5413965441165371,-0.741504716625347,1.5806237467668836,1.5806168241638443,1.5806206726598124,33.27553313330723,33.27196826976495,33.25602489276047,0.5985069728899948,-0.7371432925550175,0.9040374633892364,0.1998177583467702,0.3872951576529508,0.38739267495302143,0.38705309063316223,0.2003307227393129,0.20034871833363543,0.20031293874446154
50.0,50.0,30.0,30.0,0.2174375043457783,0.2140072029598596,0.2161088272692389,-0.7844990798490019,-0.8798127296038929,-1.413209419397142,1.7060349075976187,1.706895264262563,1.7061311244554926,9.346542715891127,9.347103806063082,9.344750831263616,0.6550888176419655,-1.2898374651384217,0.23336587419220434,0.28832772878517043,0.14351755573454583,0.14332893483473,0.14334111198260618,0.21619116260384172,0.21620652434631055,0.21609052431426343
50.0,50.0,50.0,-60.0,0.1971228645761817,0.196260929289253,0.19687718805788879,-1.03844558158988,-1.0548525559672834,-1.3717267858593003,1.5559652690430479,1.5580868781124786,1.555887351898396,15.097494975246102,15.093336277453007,15.086871964762496,0.6550822667574537,-1.2898302654752294,0.3213642438832346,0.3643759815100572,0.2064437431442479,0.2064389088111418,0.20641602480609528,0.19698787800930506,0.19697194050715644,0.19671579964618832
0.0,50.0,0.0,-60.0,0.1896722300203509,0.188134893339891,0.18884193283491385,-2.083252454119576,-2.097591719611081,-2.0912533955552166,1.4914779989852063,1.488928327154281,1.4886772498132013,2.2756386838665863,2.2877145425049012,2.2744966637803663,0.6597301793182955,-2.062839769689437,0.0005707567200807448,0.16601487876621646,0.07427855325091784,0.074354341677762,0.07418863800028376,0.18898059889935692,0.18863010803674174,0.18896084476530695
0.0,20.0,120.0,120.0,0.0433924934047035,0.0416916619524406,0.04255275463561422,-2.046560090499727,-2.0857630196900416,-2.0651991116995467,0.3534764334594239,0.3565740849964471,0.3578747205124363,33.644545381288346,33.63961005472454,33.6379478320725,0.617145342061956,-2.0150473293853004,0.007371198538849415,0.1999596002068892,0.39420802343269346,0.39441956357501273,0.3941502974356603,0.042628695270849865,0.043169820304239076,0.04277539660951905
50.0,20.0,50.0,0.0,0.1608649262827632,0.159826390639963,0.16045732554324185,-0.6624683442303468,-0.6803513571705311,-1.0257324789527262,1.2647280046451677,1.268787218709265,1.2672958041747078,14.185160977978303,14.184702922140115,14.18816505345336,0.6115535893142118,-0.8927449704416845,0.2983082366021973,0.1638190885864674,0.17732280221386734,0.1774708277685605,0.17761286411023516,0.1604288410794875,0.16075909874889424,0.16024556909909843
90.0,20.0,60.0,-60.0,0.264257310847605,0.263020850062952,0.2639096871544274,-0.254798654368126,-0.2681160151573392,-0.8097097902354307,2.0787500598753725,2.0801630506296087,2.07998544953633,16.010938785773092,16.009548551162542,16.0044525817822,0.598493370016571,-0.7371530882612225,0.5746622879515424,0.16913445031593596,0.19000245474938263,0.18996569132291283,0.18987279163285728,0.26388843965211994,0.2640514565511757,0.2638639388476914
20.0,50.0,30.0,-60.0,0.1713535403709559,0.1704654048276802,0.17104941895220988,-1.538286878746249,-1.5703661864041678,-1.7726766064230042,1.3532582989835775,1.353098875102985,1.3528321114791984,10.06859491734158,10.07191656416038,10.067709264396392,0.6589821667001178,-1.6861723646215034,0.10029872204977028,0.3009935437141498,0.15512052121230396,0.15528489643117127,0.15499564716923428,0.17107167287574565,0.17103517265213608,0.17106222393105133
0.0,90.0,120.0,-90.0,0.1706784389814122,0.1689173161578944,0.16985203608045252,-2.070973960191757,-2.0777358992245025,-2.0766248166982675,1.3587590355341825,1.3573628808273477,1.3599515500004165,35.203871762635714,35.19701568164013,35.19126177208138,0.7100258227131486,-2.05480726776479,0.01778917970736379,0.8994442065115401,0.44436975244111626,0.44456223239523807,0.44428033956887386,0.16987944134782118,0.17006145753805768,0.17020789590062002
0.0,100.0,50.0,0.0,0.2480705681081337,0.247697259314796,0.24786814228802875,-2.0908510347603064,-2.094340049116888,-2.0919951971348687,1.9614720362483316,1.9640653863912239,1.962008840936916,16.766654065803948,16.77132886158632,16.74951461841846,0.7218526699760112,-2.0319799578528905,0.0021787629725197113,0.7520670606395328,0.254232980652473,0.2540384602316052,0.25390328806949525,0.24794334161307066,0.24801552129396826,0.24766779310027826
0.0,100.0,120.0,60.0,0.1868448955076216,0.1852148707784892,0.18611154097110652,-2.060640035479221,-2.0695749819862725,-2.0693519302000034,1.4898804393721299,1.4843665901696073,1.4870485548664754,35.39415970624318,35.3949260548808,35.3850556139582,0.7218526699760112,-2.0319799578528905,0.02684345779000499,0.9989132242520621,0.45086620100195346,0.4506572096487457,0.45078638365641144,0.1863291718032134,0.1859837813776117,0.18667043049599227
0.0,90.0,110.0,60.0,0.1816681970509386,0.1798138035317146,0.1809491687135209,-2.078280781520297,-2.0963429177489035,-2.087719881297261,1.4463036623747458,1.440375184307753,1.444422068435872,32.60549172835157,32.59654732669633,32.589521691438456,0.7100174044766513,-2.0547884519709454,0.007765394051193933,0.900191279435823,0.41776431498877503,0.41766428361996233,0.4174011959722932,0.18096190413183294,0.18075225035139542,0.18147636199798337
50.0,20.0,30.0,-60.0,0.1776329766305814,0.1734430725715713,0.1760636715525978,-0.3972045167573292,-0.5032603716270988,-1.0941201442590014,1.3887619304526635,1.3896062075448639,1.3884795540554857,8.353220437588298,8.353659740999284,8.349383330341848,0.6115448060533435,-0.8927406940906445,0.19764520737029637,0.12715452902463867,0.11190175487885194,0.11182629621784529,0.11197285665999943,0.17620640144897398,0.17616858472168093,0.17606394483436819
50.0,20.0,60.0,120.0,0.1538877276057306,0.1533371350609289,0.15369363106720055,-0.7165432896436847,-0.7246264694147896,-1.004416899784267,1.2135091035290604,1.2148256741031385,1.2140473101481473,16.99400146205009,16.990121783123,16.98665856479434,0.6115535893142118,-0.8927449704416845,0.3400306077822058,0.17733756016823576,0.20873079822510168,0.2086248450006276,0.2085557971387575,0.15372400520071627,0.15378233501892064,0.15361454684144052
90.0,0.0,20.0,120.0,0.2873894658301442,0.2540822141877341,0.2660062988376132,2.748735546698297,0.8083900146355012,-2.4591751638371284,2.0936204911493883,2.0969170921728875,2.101151705894721,3.8338732400422764,3.8521432943083207,3.858227947987612,0.562745350766241,-0.5203297715459044,-0.08038673241851785,0.17682643379016655,0.0723214042722922,0.0723475339114989,0.0728050789950467,0.2656733520255846,0.26662735694902706,0.26621534871269537
50.0,50.0,10.0,-90.0,0.2386650186181366,0.228207731871318,0.23361046876818764,0.3747027385308126,-0.4871866924993973,-1.75594480805778,1.8455185544926178,1.8453651010869783,1.839906856956741,2.924168812504345,2.9238883445623682,2.9297933055314584,0.6550221498372621,-1.2897730066658744,0.07676863045685467,0.21666046521693672,0.08260265542217826,0.0826782075732934,0.08281075525020316,0.23426765813337602,0.23355748894682632,0.23358082866774244
50.0,20.0,120.0,-90.0,0.116265102458317,0.1150212569591954,0.11570353126536498,-0.7827222223207451,-0.7972483154292771,-0.9020409504923591,0.918545444208598,0.9167712562496695,0.9205375151125244,33.5367584736373,33.53354011846708,33.52560045257615,0.6115621302967036,-0.8927443044009471,0.5044734674169695,0.1999218844541326,0.39223944437218977,0.39228260427181333,0.39259244651808106,0.11557469128067753,0.11583964238582713,0.1160840991629477
90.0,20.0,50.0,30.0,0.2676744432554243,0.2664431614999212,0.2670045551709787,-0.1488078961540106,-0.1703264657098377,-0.8371537237384487,2.1035718441846813,2.1043783687465214,2.1026728936608223,12.97392652703164,12.969363188661477,12.968156964741656,0.5984987239536121,-0.7371513072756187,0.4684625926805748,0.15206732345103538,0.15397842727953154,0.1540609208050842,0.15390192362101707,0.26710824864779237,0.26699301534924336,0.2668899072428691
100.0,0.0,60.0,0.0,0.2670383340657764,0.2664768962741941,0.2667448584559117,-0.0109106220408877,-0.0191039202304944,-0.5960664806385381,2.100275350623421,2.1003220758557406,2.0989564158707936,15.22442280771534,15.224240889469867,15.21944650308879,0.5610908219554596,-0.5198393037975151,0.5250778910330194,0.0382078747117169,0.16473256096770172,0.16471729468444088,0.16473079966643397,0.2668474575749191,0.26668360437811933,0.26667674038392475
100.0,0.0,80.0,-90.0,0.2527848974355786,0.252262404862678,0.252544753590047,-0.1584642496407515,-0.1615853636172257,-0.562314777825453,1.9886633367646382,1.9871844549198805,1.9880730059940377,21.15834630801378,21.157619537944598,21.156717521584174,0.561072608710935,-0.5198676324451427,0.7098871052363495,0.02751599291455581,0.23512445054628067,0.23507494338818125,0.2349213835534757,0.25253306092800915,0.2524729616442097,0.2526538476364216
20.0,20.0,70.0,0.0,0.0831569598311826,0.0827408878650452,0.08296932104346663,-1.317371783220433,-1.3338476457413806,-1.4156795197946745,0.6618680641602638,0.663406643251003,0.6605395385244618,20.001542938540037,20.00267619379332,19.992534016746017,0.6162442654560011,-1.27379193074638,0.15228416619616458,0.18853545651451875,0.24402554399579487,0.24394483545041,0.2438407688398971,0.08317401751554858,0.08298891565255821,0.08280012974526184
100.0,0.0,80.0,30.0,0.2529288667234374,0.252396613212437,0.25268692103503104,-0.1583668138689366,-0.1615591686797872,-0.5624655187814649,1.989784282709887,1.9883313233119346,1.9891708263032,21.157715807936626,21.156946091874634,21.156170142479425,0.5610908219554596,-0.5198393037975151,0.7102619709449304,0.027638917898525774,0.23511014070960473,0.2350695308508037,0.23491253371587417,0.25267827911625135,0.25261527998298516,0.25279298421910057
20.0,0.0,120.0,30.0,0.047645047004071,0.0420753156833037,0.04504693195762508,-0.3861710838471652,-0.5670159194964786,-0.5204530112307015,0.3662784122452536,0.3652447885349578,0.36393368090493267,33.106053432163804,33.1087831618933,33.093335712672186,0.5841886751953623,-0.5231776405480634,0.20378429971502637,3.108215447442223e-05,0.3772704596474661,0.3771502121500017,0.3770398605911065,0.046448334117881976,0.04614709957406555,0.046279043108200406
0.0,20.0,90.0,-60.0,0.0552217732755606,0.0547294410343275,0.055010572537543434,-2.0675704682906546,-2.0959896740429897,-2.0807507753979824,0.44637212193002884,0.44869813589245194,0.4472195397846409,25.465091387416642,25.46862827423206,25.446656690876612,0.6171432257700858,-2.0150343307447556,0.0032369464133748267,0.20003063313878983,0.3045022447909653,0.3045515111988546,0.30417248688702947,0.055100847537796295,0.0552271557999155,0.05492469273846309
0.0,90.0,70.0,-60.0,0.2407677132885367,0.2392958782357119,0.2400412238628891,-2.080757455421068,-2.096059200821076,-2.088987617137117,1.9028267210340108,1.9036689226722647,1.90438189738315,22.238246283815204,22.239263257790967,22.229622010275573,0.7100135316690046,-2.0547812437491406,0.005581129035444603,0.8998590544444982,0.3143951114624935,0.3144585537633723,0.3143304405631542,0.23999322488619712,0.24019263348297348,0.24008691334876348
20.0,90.0,20.0,-60.0,0.265266354600147,0.2641668746217198,0.264827660698642,-1.5746711444910744,-1.6562362515956393,-1.9080688725754422,2.09171672125045,2.091327261232218,2.0918057833962624,8.46196662939592,8.457659964939559,8.453442125457068,0.708878602000014,-1.8245728096657396,0.09454379555806033,0.5023886614806027,0.16189607756818675,0.16175680363917103,0.16169979329036718,0.26482212937701527,0.26483126910132154,0.2648749712428262
20.0,90.0,80.0,-30.0,0.229672743311329,0.2279479948500976,0.22886177288083737,-1.786572626974085,-1.7942461608800524,-1.8685225898563165,1.8156993471542084,1.8149108416900115,1.819566295462399,24.76907931536228,24.7592289757556,24.762446064956393,0.7088879271808767,-1.8245884872340776,0.20790788763950158,0.8999746940754363,0.3383133642487977,0.3380681177789191,0.33838864088625475,0.22858889475336458,0.22904764616632312,0.229140006503383
20.0,50.0,60.0,-30.0,0.1473077675997051,0.1466837138398016,0.14702567226114913,-1.6443250883785174,-1.6512833886658087,-1.7490549850854846,1.167932121482557,1.1683283939084446,1.1668798012383332,18.143892954085135,18.147149366511165,18.135168280065002,0.6589910990102846,-1.6861926899425361,0.14393033783861378,0.39938693768053596,0.24145020617776747,0.24142261379957544,0.24147363232078164,0.14714832166642788,0.1470167552766953,0.14696502831144032
0.0,20.0,40.0,0.0,0.082123581050899,0.0810982503553933,0.08164379634935968,-2.079165806955881,-2.09582230978771,-2.0878902629804585,0.6509265953905721,0.6479795766340234,0.6513272568795957,12.00192536135354,11.996859161609798,11.99422143084633,0.617145342061956,-2.0150473293853004,0.0010952193430378186,0.15353915728524972,0.15730643484318768,0.15713042587878193,0.15716876139875788,0.08152229489616321,0.08158413081922357,0.08192279465789447
20.0,50.0,30.0,60.0,0.1711398188671571,0.1702469041707459,0.17083317235640635,-1.5388655976350996,-1.5718014256263606,-1.7730047146927872,1.351591748245763,1.3514135846088207,1.3510575821148634,10.06697937150572,10.07060810033029,10.065844706909514,0.658991099436022,-1.6861926913303058,0.10002817691105216,0.3005226723663494,0.15505154090067436,0.15521943320596052,0.15487733653771654,0.1708628632772743,0.17081381880169164,0.17084253582320394
50.0,20.0,80.0,90.0,0.1412987350745639,0.1409659143955095,0.1411787277330945,-0.7627146203230365,-0.765035246564433,-0.9632125907845049,1.115416706205412,1.1169862383112605,1.1171395497102787,22.513928661423435,22.51098185949852,22.511201172174214,0.6115535893142118,-0.8927449704416845,0.4125366296778967,0.1938927271153221,0.2699698203813929,0.269903602402996,0.27002112250293264,0.14111357003264827,0.14133044085549892,0.14113778050563258
20.0,50.0,40.0,90.0,0.162775856691729,0.1620888079518473,0.1624155442572947,-1.5943539895480998,-1.6094061219682534,-1.7629472891182303,1.2863816322876063,1.2855102458260406,1.2871407325254647,12.777297199103137,12.77191579412035,12.768742384162621,0.658991099436022,-1.6861926913303058,0.11623973684205663,0.33756266973872356,0.18413253522564246,0.18394969620016463,0.183973047055797,0.16232653219257343,0.1624279247085602,0.16252864610356457
20.0,50.0,90.0,30.0,0.1369352765171119,0.1351542699700559,0.13622619034511618,-1.626175223869553,-1.6523963718075605,-1.7088919500931903,1.0880906149018812,1.084512632716886,1.086650602036532,26.343151308615692,26.33893314020073,26.33726809919864,0.658991099436022,-1.6861926913303058,0.20365145204280005,0.5000147649042763,0.3321894176607227,0.33208226224095727,0.33207700099415954,0.1362851114075167,0.1361203477363498,0.1365544166416918
90.0,20.0,80.0,-90.0,0.2440878605756707,0.2438421244610077,0.24398656558440743,-0.4026632877119499,-0.4049943183723539,-0.7785209735871093,1.9229980541645368,1.9238142074652114,1.9229545737624072,21.900159647500107,21.90191044043771,21.88840785724164,0.5984795899490011,-0.7371702359152,0.7287258988100348,0.18985478949687812,0.2581883548854396,0.2580959148133195,0.25801710668426364,0.24403633302217648,0.2440322473103473,0.2439232436401619
0.0,20.0,120.0,-60.0,0.0434778845785269,0.0416738358777438,0.04254943648645216,-2.0497773254943645,-2.089605102724692,-2.0686816537201524,0.3536832958604072,0.3557923429509477,0.35851715437930237,33.64684646865314,33.64068362486173,33.64038125998453,0.6171467439379306,-2.015056273334998,0.006672105610603572,0.19996085061168856,0.39419002484114896,0.3943955960581384,0.39419343764776255,0.04254800100952579,0.0431526356925615,0.04287041171635861
0.0,100.0,10.0,-90.0,0.2683848769880198,0.2666313057606125,0.2674558610559324,-2.0566344203416365,-2.073835757936556,-2.0847713020532908,2.11104965321517,2.108509789302371,2.1139023740633,5.966334296987861,5.963342391814067,5.962001340737841,0.721781708277211,-2.0318452080755467,0.004260079539659757,0.43366821818909346,0.13578248953404481,0.13566836409496844,0.1357261994999375,0.2671077847663201,0.26748041094237995,0.2677769606959025
0.0,50.0,100.0,30.0,0.1173504791463703,0.1155714514192779,0.11637072721091207,-2.0781923104769437,-2.0905777840214697,-2.0846761160747,0.9362992883378249,0.9335327656884155,0.9298263033603088,29.02486415296068,29.01883149527455,29.010527398047184,0.6597422425592191,-2.0628742020185755,0.0059894709467976015,0.49999558702262353,0.3601366855480835,0.3600749682876995,0.35986100946733346,0.11688963230901113,0.11608099240397077,0.11644744082928975
90.0,0.0,50.0,30.0,0.2670183791923347,0.266437661387466,0.26676029596958767,0.1049242633551573,0.0806084214000188,-0.6214128845966534,2.0998500320453277,2.10043150053697,2.0994975035764063,12.199666859063674,12.201311408326353,12.19785799049136,0.562745350766241,-0.5203297715459044,0.40778008324235804,0.04021900762854199,0.1284366377055296,0.1285596580167753,0.12846117451259725,0.2668167902404265,0.26677873770512955,0.26670241097689984
50.0,0.0,20.0,-60.0,0.1791354387596055,0.1619573214370449,0.16881483006905224,0.4764070048600978,0.072441200897214,-0.9728007884605305,1.3466273083774853,1.3491526056168823,1.347249548928793,4.474342311851341,4.464778348950027,4.442317022365745,0.5786690243900764,-0.5219175117244887,0.08975369404156053,0.04918052166160316,0.05756743107189948,0.057996483118951704,0.05764870246538041,0.17118845955407858,0.17125981366447104,0.17091647616378358
20.0,90.0,0.0,30.0,0.268097004450658,0.2665648197520949,0.26722775338590415,-1.976534589553198,-2.00888048135745,-2.0914085704104384,2.108833307467647,2.1052637389187603,2.1097386996837653,3.217705317505714,3.2132495481569485,3.2155875157722242,0.7088879274287126,-1.824588487784622,0.0010637339057963425,0.3327114923080845,0.10460343903964167,0.10458515200276959,0.10462240920278912,0.2670067212354752,0.26712442683450555,0.2675892064493678
90.0,0.0,100.0,120.0,0.2378552326468661,0.2373700103841957,0.23759613293205645,-0.2181712561629774,-0.2203839883844572,-0.5187789319965734,1.8696613464978795,1.8696635329487334,1.8702916329752348,26.853643316198113,26.848399650194025,26.839585083824044,0.562745350766241,-0.5203297715459044,0.8524471732139614,-0.004082704499752383,0.30007613455084664,0.2997929980435053,0.2998919213374285,0.2375512379456778,0.23762587563201368,0.23763101763035158
0.0,20.0,80.0,0.0,0.059948980008803,0.0592055952482577,0.059633217406139354,-2.0675077552243293,-2.113652033605672,-2.092013643638312,0.48256624306283535,0.4825314397911786,0.48304453682995246,22.75760530692307,22.754238352199355,22.750631413516953,0.617145342061956,-2.0150473293853004,0.0008266954777337853,0.1957418533365636,0.27440954287557096,0.27433307256673617,0.2743902533743613,0.05963204888072856,0.059703735108472544,0.05968726754959612
0.0,50.0,80.0,60.0,0.1375791606161209,0.1339876946066185,0.13678452411920075,-2.077892422570052,-2.098344768897744,-2.088953121954675,1.0906502762651489,1.0914153367745554,1.0909308490386393,23.704581191698903,23.710386199136,23.701334412478772,0.6597422425592191,-2.0628742020185755,0.003283348033701237,0.4979430407164569,0.30518855972091324,0.3050732476539411,0.30474415924147596,0.1368790333323382,0.13691482407301628,0.13681220446557218
100.0,0.0,110.0,30.0,0.2277971150735973,0.2245706814332644,0.22629961162200057,-0.2611813519708311,-0.2696961323178902,-0.523525113958489,1.7813426811701678,1.7819392861384702,1.7795987610504078,29.776038379243808,29.774184727263503,29.771733382435226,0.5610908219554596,-0.5198393037975151,0.9050807528165641,-2.2455252084596098e-05,0.33483114898490757,0.33474962152486,0.3345825317307799,0.22652753481710192,0.2263111324036588,0.22623742095405586
50.0,50.0,70.0,-60.0,0.180435521842534,0.1800718165833389,0.18027189713440628,-1.1274251062723453,-1.1319896528793951,-1.347957624258703,1.4275172517843187,1.427843742599104,1.4283176981392667,20.60684310761374,20.61054647449099,20.60475405763249,0.6550846092555551,-1.2898326785505225,0.3902899542058408,0.4216083607554537,0.2667933157077304,0.26651392131853074,0.26670415674823267,0.18023451621184433,0.1803264441281968,0.18029475441204068
0.0,20.0,90.0,60.0,0.0552200824276348,0.0547260313056534,0.05501083930653065,-2.0678816008330783,-2.0955518384079634,-2.080993664868765,0.44624342361683433,0.44877022852755166,0.44719317628713706,25.465247587084974,25.468336927530927,25.446351147411363,0.617145342061956,-2.0150473293853004,0.0031848182614195916,0.2000292667377345,0.30451174809401604,0.3045596681178871,0.3041583178083491,0.05509671280943945,0.05523609090266569,0.05490841386780417
0.0,50.0,40.0,0.0,0.1534694813645109,0.1530717283446522,0.15326600924431372,-2.0932397144104318,-2.099081311478065,-2.0949281406460667,1.2155312922815078,1.2159716472178372,1.2129766465841914,12.864796469601526,12.854609629724028,12.8573823416067,0.6597422425592191,-2.0628742020185755,-4.739322243186605e-05,0.3395570622723896,0.18555604674092316,0.1854429246557018,0.18541762379521,0.153513581503981,0.153188015036025,0.1531244598637015
20.0,50.0,20.0,-60.0,0.1807544638305999,0.1787434935483697,0.1799211135314529,-1.426819685219903,-1.5159483904853128,-1.79378258728424,1.422035863443172,1.4215492796476863,1.4218246577906983,7.362793513666662,7.355452773474806,7.352402016166006,0.6589808796377212,-1.6861700725739608,0.08036025493593839,0.2596292461586191,0.12668536204524874,0.12646623737427148,0.12653993479079517,0.17995707925541263,0.17992321714722703,0.1799876081404222
20.0,20.0,50.0,30.0,0.0942236266730217,0.093627864046306,0.09395307752065395,-1.3135059712492492,-1.3353860051796835,-1.4600186760379,0.7461238980763457,0.7455361251004617,0.747654108037544,14.608121884992492,14.608078488022198,14.609546705014898,0.6162442654560011,-1.27379193074638,0.12326692730126208,0.16738984898770354,0.1852550682840854,0.18534451138164176,0.18547597881451067,0.09381654615533955,0.0940074289204496,0.09410170475967358
20.0,20.0,110.0,120.0,0.0662894778419017,0.0649969666539106,0.06561846767755118,-1.2368460909939027,-1.2646814915062543,-1.302276389772165,0.5262519538695872,0.5300779402677884,0.5327160765159173,30.9026757006085,30.899522558601348,30.902567687139317,0.6162442654560011,-1.27379193074638,0.20379577584455788,0.20001325080107385,0.36355790930116516,0.36359352883291324,0.36378433769682644,0.0654205661621141,0.06619908651816576,0.06574156803536406
0.0,90.0,40.0,-90.0,0.2383306667291218,0.2380377460691705,0.2381483271058918,-2.094266701322961,-2.097011835664403,-2.0939861444912444,1.8834895003311465,1.885006406735608,1.8846035898328994,13.887364452713838,13.88461951800912,13.876395914799499,0.7099677284661234,-2.054684647927946,0.0004959441564347126,0.622204819198937,0.2185690109022105,0.21841392952692007,0.21842241341577437,0.23812880382417903,0.23827447818256392,0.23806940117122213
50.0,20.0,60.0,-90.0,0.1537281123798693,0.1532195579114383,0.15355462233163572,-0.716328732731781,-0.7232003899131844,-1.0038632549533628,1.2123332164069403,1.2137683328947015,1.212972893500189,16.993029234528283,16.989080647179023,16.98545822561166,0.6115206921609461,-0.8927480502666447,0.33974885945103966,0.17694785338326685,0.20867643972878813,0.20858582119486815,0.2085193906010902,0.15358081014817224,0.15365247461988482,0.15346992840860968
0.0,100.0,70.0,120.0,0.2612217804018019,0.2595062642115985,0.26025624159600536,-2.076767560465225,-2.0863936710247035,-2.084508696429489,2.062064471141173,2.0631928843683207,2.0642928480955116,22.495036290232537,22.493914370484884,22.476339666200968,0.7218526699760112,-2.0319799578528905,0.010763104261618129,0.9998975764908397,0.3221458580280844,0.3222683999147914,0.32208245300376737,0.2601650636104063,0.26045006033741513,0.26030411128529823
20.0,90.0,110.0,120.0,0.186684352049586,0.1846856743661045,0.18583570779509556,-1.8138914472344572,-1.827987247165642,-1.8673292687197387,1.4824017899704112,1.4816311105860662,1.4814197290799644,32.58309384028642,32.58269125086388,32.582061145505826,0.7088879274287126,-1.824588487784622,0.2097053516412542,0.9001574537976044,0.41761885482983063,0.4172082475923963,0.41694739301269484,0.1860211039976468,0.18591065426978562,0.18598223307085723
90.0,20.0,10.0,-30.0,0.2688075333407919,0.2656950394039992,0.2669503833366355,3.139897293091196,-3.136245077879729,-2.271179567724007,2.106385371955703,2.1052691719430063,2.107202153337869,3.9604919883594705,3.970928898657703,3.9666786414446458,0.5984987230245045,-0.7371513064588237,-0.056152849860857015,0.31328520107057095,0.10543235698125134,0.10561919545644843,0.10549017322794259,0.26691987699757597,0.2670174674392015,0.2671503171404626
0.0,50.0,20.0,-90.0,0.1705963326582012,0.1696004609405406,0.1700959808233313,-2.090091677266229,-2.1061502553308795,-2.093738313484836,1.3459406027869267,1.3433789222952661,1.3448266778826832,7.551698470758567,7.539387065096824,7.546512920565701,0.6596789079291366,-2.0626471253928367,0.0002482523615358387,0.2624189404470384,0.12928876160313835,0.12921349513232158,0.12916924708959643,0.17009863009316667,0.1699496958368633,0.1702797633449162
0.0,90.0,110.0,30.0,0.1816691112785579,0.1798166014352142,0.18094892319583786,-2.0780851641635976,-2.0961522840212656,-2.087575239747457,1.4465133596701851,1.4402916251360194,1.4442811902434893,32.60558556464019,32.5962017591093,32.58962134034458,0.7100174044766513,-2.0547884519709454,0.007895262784144251,0.9001889995598219,0.41777490354090824,0.41766096398404107,0.41739949653783015,0.18097779916793114,0.18072583342230628,0.18148639208608117
0.0,20.0,60.0,90.0,0.0703822826879814,0.0698317773754764,0.07008556743409038,-2.080354914287243,-2.0934434281052106,-2.088287712510119,0.5612689957518707,0.5623567871460634,0.5613001089302868,17.374212420732814,17.366308179534844,17.36207987532922,0.617145342061956,-2.0150473293853004,0.0012679167636030443,0.1807001385149165,0.2157025088989094,0.21582691106830218,0.21564697091221754,0.0701533463508388,0.07015687533129193,0.07001617857133219
50.0,0.0,80.0,-90.0,0.1359924252489027,0.135587743959057,0.1357949493171176,-0.3769832837977281,-0.3852565123500985,-0.5920451947510197,1.0705664712574994,1.0695129460253565,1.0687460845626724,21.877114243117273,21.862385372863464,21.857309829240258,0.5786596612193167,-0.5219410830040734,0.40416131097634317,0.027700072449753314,0.24923894877930533,0.2489123943927504,0.2491154764866348,0.1359172727592692,0.13566167466368134,0.13582703836497095
20.0,90.0,100.0,-30.0,0.1994539252004869,0.1978287666009006,0.19859791791536052,-1.8044820831290704,-1.819364222511184,-1.8673378013525637,1.5794860347802242,1.5809304770012587,1.582243175033493,29.964202482224778,29.965177099432694,29.94253390574553,0.7088879273579022,-1.824588487627324,0.20965421164746612,0.9000758466340211,0.39092163607071384,0.39073681703401286,0.3904978457150922,0.1985199266790583,0.19889023861516802,0.1986891035691878
20.0,90.0,80.0,90.0,0.2296910852001603,0.2279451406602629,0.2288600611187522,-1.7865958865882887,-1.7942792337015494,-1.8685495666478886,1.8155260444119754,1.8147780635627373,1.8198048401111675,24.76683502668337,24.758798132791384,24.762472159502035,0.7088879274287126,-1.824588487784622,0.2078831160931745,0.8999744326566487,0.33828615797773337,0.3380660242864517,0.33839258852410087,0.2285523721296197,0.22906309157076543,0.22915229529205977
90.0,20.0,110.0,0.0,0.2190494792165914,0.2178804535373469,0.21848316730831757,-0.4934759105493685,-0.5044583824265204,-0.7416022318466904,1.7242429585400523,1.7232701655921923,1.7228354411605293,30.430805446245177,30.433831779104583,30.4190422768484,0.5984987239536121,-0.7371513072756187,0.903611409469809,0.19997714702215416,0.3544967538605017,0.35462160073652327,0.35440082714167426,0.21861979537451237,0.2184649136087377,0.21857740114391952
0.0,50.0,30.0,60.0,0.1617157154389772,0.1609607298607711,0.16142548815482421,-2.091196731373657,-2.1011957994004797,-2.0940592848546213,1.2770562001738377,1.2737542579639334,1.2827867560333779,10.192486937260496,10.194721751657971,10.191772816849198,0.6597422425592191,-2.0628742020185755,0.00021637672861753678,0.3031260580540593,0.1571358608392804,0.15731891491782135,0.15722577050709963,0.16081565702665293,0.16153967741229974,0.16197860696168057
50.0,50.0,100.0,-60.0,0.1669613327195753,0.1659460996383489,0.16652163713021811,-1.1515905439702825,-1.1640753409260762,-1.305323174607644,1.3223709244243727,1.3240374823726213,1.3221525734205288,28.870732300334726,28.866251717752508,28.8538875826994,0.6550880475259944,-1.2898363921694236,0.5049120754252722,0.49999214428253713,0.3572941556536949,0.3572687947519166,0.3572560840753311,0.16668896924827575,0.16665864799118643,0.16645247635962057
20.0,50.0,0.0,120.0,0.1963686904712843,0.1949664315255506,0.1957011301543342,-0.5983904555455519,-1.30433213540226,-2.091372054142641,1.541233263193418,1.5449050100353048,1.5448412062100518,2.374265892438916,2.366563916346733,2.3733335787949192,0.658991099436022,-1.6861926913303058,0.0005937351581508152,0.17886756114029928,0.07730339239496058,0.0771005616408284,0.07733143255381551,0.19555086612228126,0.19601474329362234,0.19554855236282584
20.0,0.0,10.0,30.0,0.0869210485914436,0.0662257355123119,0.07663695517711286,-0.2115637387880733,-0.7512767725503877,-1.2611615847046425,0.687089211676612,0.6840040507694197,0.6880603177425433,3.220170907188232,3.243909727179058,3.2372587266644346,0.5841886751953623,-0.5231776405480634,0.028968766710741944,0.04290481624459104,0.06087860971954949,0.060791358863978316,0.060611202366601225,0.08673031504836776,0.08683777433509991,0.08721100039505217
0.0,90.0,80.0,30.0,0.2234930328665096,0.2218077209021765,0.22266517661501126,-2.0861337637759645,-2.091610473244872,-2.089338165185972,1.7706128084486705,1.766920572425319,1.7675279856405526,24.811372534282228,24.801777551077087,24.790147688577417,0.7100174044766513,-2.0547884519709454,0.0056221254565629935,0.8999527872033894,0.33894124601251135,0.3388814186723171,0.3386307617295867,0.22281826066707155,0.2224525259659838,0.22290569473121144
50.0,0.0,100.0,90.0,0.1360065867715338,0.1353080092253434,0.13572969012029087,-0.3515190963051789,-0.3580524845135343,-0.5237801116206504,1.0688571200036678,1.0686133958642652,1.0676451164771743,27.33981443041149,27.335421263912572,27.32746241675202,0.5786783317088385,-0.5219133872819157,0.5031657822374068,0.00011842151694926975,0.30977786145117486,0.30987176997079946,0.30983349027304696,0.13583467178126507,0.1356906788013646,0.13572374149650387
50.0,0.0,70.0,-60.0,0.1407690647445859,0.1404233398714084,0.1406449183788346,-0.3629983839168803,-0.3698577279022916,-0.6178044258737105,1.1083665709678816,1.107755389436208,1.1077001711797667,19.107178950414447,19.099967084981742,19.08814185042764,0.5786742261515084,-0.5219151457138396,0.3654301773039243,0.03453447877572052,0.2183226868572033,0.2181691176445234,0.2181344000258797,0.14069617782717475,0.14060009122431302,0.1406876589236149
50.0,20.0,20.0,0.0,0.1871428322279118,0.1785264328874026,0.18360701041871264,-0.0201353661685287,-0.3431462121057402,-1.2204929383969876,1.4487197309448268,1.4495682769549245,1.4470949683037053,5.139855149270516,5.140940354526369,5.143801162651553,0.6115535893142118,-0.8927449704416845,0.1285358082186815,0.10826751427860085,0.07678873873262078,0.0767275356207501,0.07689251375834498,0.183935138455789,0.18372889273967186,0.1836241425395703
20.0,20.0,80.0,0.0,0.0782197824217943,0.077687050075306,0.07795667450857435,-1.3055533656252165,-1.3243416095804244,-1.391538175694338,0.6233317721188941,0.6246170101086852,0.6224301733423259,22.72290923785031,22.722350876921865,22.71672958422376,0.6162442654560011,-1.27379193074638,0.16529020534041994,0.19472427949822793,0.2739012518481476,0.274136171392048,0.2736622602013707,0.07810704039747933,0.07799658223892986,0.07782463129579184
100.0,0.0,0.0,60.0,0.268190120240982,0.2661635408859523,0.2671012944605093,3.135863676839181,-3.141428628113886,-2.0913510982205255,2.1069011385706107,2.1080588001280782,2.1083667954836733,3.26094707750969,3.2548306476342797,3.2560218545555055,0.5610908219554596,-0.5198393037975151,0.0010927321069873195,0.33758291008602376,0.10627335766234922,0.10610575382595418,0.10627072965999168,0.2671456969422063,0.2673291510484372,0.2671781849498447
20.0,50.0,60.0,0.0,0.1472282658272709,0.1466007053187324,0.14694837482480402,-1.644370025447389,-1.65136384138877,-1.7490471137262906,1.1673260540879016,1.167709416303372,1.16627691930981,18.14304862203757,18.14630683373346,18.134337516333566,0.658991099436022,-1.6861926913303058,0.1438410996615206,0.3991302962994589,0.24142380796641438,0.24139418494942352,0.24144067514418321,0.1470701929362918,0.14693911205890747,0.14688875523816045
50.0,20.0,40.0,120.0,0.16879925197903,0.1663459999687634,0.1680693188437676,-0.5721732844347047,-0.6175034242725985,-1.052297724814823,1.3258957200987183,1.3270667799388938,1.3263512698425266,11.318925211876227,11.319186080244174,11.311090242218137,0.6115535893142118,-0.8927449704416845,0.25213648432545277,0.14741337693887926,0.1452509998379784,0.145193793146605,0.14514439445498326,0.16812806412753473,0.16817364507455426,0.16802437510340254
100.0,0.0,50.0,120.0,0.267029410370645,0.2664434842948944,0.266759479764591,0.1051188723467737,0.0808439209526311,-0.6212124900868845,2.0998433274431374,2.1004298935782226,2.0994787580204277,12.199024914296993,12.200588747574326,12.197364932857258,0.5610908219554596,-0.5198393037975151,0.40771652430780936,0.04012890245916854,0.12841451893114114,0.12853709743261504,0.12844035889329367,0.26681710220065635,0.26677736401046015,0.26670063671482236
0.0,50.0,50.0,-60.0,0.1457625332374882,0.1453537393315098,0.14554042228263991,-2.093339131933217,-2.1007692682050445,-2.095698390278568,1.1548092372926795,1.1542868138519116,1.1568996404147593,15.521302147363485,15.521666678989863,15.516514647769425,0.659735473564055,-2.062855970722319,-0.0002984507143744442,0.37195328650917747,0.2137562550409508,0.21388035583789633,0.2137684695838741,0.1453545829072289,0.14561797429436393,0.14569324764121097
20.0,20.0,60.0,0.0,0.0884024844958851,0.0880540155280371,0.08827008332049036,-1.3173178504454988,-1.3388576471505216,-1.4386895610233499,0.7025307129198444,0.7020894014093475,0.7033977775747196,17.30610332958111,17.31015511308068,17.305115517108025,0.6162442654560011,-1.27379193074638,0.1382295909938179,0.1794841320578256,0.21472797637277258,0.21458666372048454,0.2145501709926622,0.08820239567700625,0.08830538078259295,0.08836416259208477
0.0,50.0,30.0,0.0,0.1617465252420619,0.1609914869106814,0.16145626142648184,-2.091182875055116,-2.101177114276218,-2.0940513186472214,1.2773020550026852,1.273997947788735,1.2830258557589507,10.19287693259079,10.195110802534732,10.192145164829011,0.6597422425592191,-2.0628742020185755,0.00021894200411990946,0.303206956046961,0.15714843133798795,0.15733957331543066,0.15723940352579358,0.1608468349682242,0.16157001658094466,0.1620093501604004
0.0,100.0,0.0,0.0,0.2681438280223742,0.2663331914375799,0.2672240670755853,-2.0264251907514157,-2.061172442017103,-2.091372843140037,2.1086983315178194,2.106656696891439,2.108660147462696,3.220505096997556,3.216051863936749,3.2115656516181654,0.7218526699760112,-2.0319799578528905,0.0010736174933873035,0.3327532027145367,0.10488833235466391,0.10462088011877771,0.10465832424754183,0.26715949412618123,0.2671535484143838,0.2674210837109416
90.0,0.0,100.0,-90.0,0.2383737029009538,0.2379142379812541,0.23812012498212384,-0.216402936876971,-0.2191877860767652,-0.5180971589814594,1.8736649660772182,1.8743323528520988,1.8739687957643278,26.848087629318147,26.843405224810525,26.835257563132696,0.5627399850683763,-0.5203379050456134,0.8539605126429266,-0.004672468872374145,0.29988707184061103,0.2996413624981774,0.2997672097356287,0.2381308118394334,0.2381587706963308,0.23808704124181687
100.0,0.0,80.0,-30.0,0.2528431501599989,0.2523168520697982,0.25260260972157766,-0.1584527307550294,-0.1616033690266536,-0.5624047747907895,1.989116967209385,1.9876481045819945,1.9885265819537188,21.158193363491122,21.15745999374661,21.15656010815542,0.5610908216890885,-0.5198393036447618,0.7100477767791952,0.027586728215840434,0.23512445922811634,0.23507551497143783,0.23492171942329568,0.25259145152784956,0.252531314560491,0.2527109168724783
20.0,20.0,10.0,30.0,0.1270845762530944,0.1141676376104595,0.12122079182217722,-0.6572291211471998,-1.3745300500161604,-1.6613405822372362,0.9580491490775059,0.9586335260521851,0.9587040139060361,3.6422623783138275,3.6374544114548346,3.6434996568646527,0.6162442654560011,-1.27379193074638,0.04058441180083019,0.08835405508264893,0.06772575394831504,0.06762039320757256,0.06776308033004219,0.12139402895958844,0.12147935069191901,0.12141372046257258
50.0,20.0,100.0,-90.0,0.138590121557277,0.135576623335327,0.13717110826106976,-0.7369303789694812,-0.7518068337935414,-0.9021316153778087,1.084192672828805,1.0861892939808588,1.0854808935796236,27.999934704439873,28.002620050703587,27.992104602465126,0.6115478224716209,-0.8927456303218829,0.5036209202196992,0.20009507143049995,0.33056454800156804,0.33063183552472925,0.3303985774577542,0.1372251289393042,0.13739105696193943,0.13713380043517143
20.0,90.0,90.0,90.0,0.2138301574418707,0.2120902151511796,0.21289271956583217,-1.7984928187615452,-1.8075013216351137,-1.867373276014784,1.6921430914596094,1.6932158788538105,1.6920676489725588,27.340615588198588,27.348694936120364,27.349014331233043,0.7088879274287126,-1.824588487784622,0.20944838302101454,0.8999516778318648,0.3640496254046745,0.3641566004354203,0.3641124558560728,0.21301586953755638,0.21298911756225875,0.21287919937769387
20.0,20.0,0.0,60.0,0.1309170294341197,0.1137781898904727,0.12252531247368985,-0.2244180084486674,-1.035288340442716,-2.088900462569914,0.9898320491426541,0.9908038246454637,0.988270658581588,1.8855566908237635,1.8980712966987843,1.9010595698892725,0.6162442654560011,-1.27379193074638,0.0005532793893429956,0.0763789796623613,0.057330873193797545,0.057623526639723005,0.05771408631749014,0.12560651570285056,0.12539297050280834,0.12524619321161876
0.0,20.0,10.0,-30.0,0.1109298118836948,0.096320703496721,0.1030314332538726,-1.6738103152051087,-2.3876585902108367,-2.0733365655555156,0.8170232132252571,0.8158993174532031,0.8165853211169518,3.99516373743421,3.997447501801348,3.9953463309621875,0.6171453412477558,-2.0150473235644717,0.0017530483850661646,0.08751350122947268,0.07218268945090549,0.07220511706116033,0.07216536331565084,0.10332893245871524,0.10328790832340934,0.10342817024288768
100.0,0.0,60.0,60.0,0.267031021329088,0.2664771376048678,0.26674502155564195,-0.011063627463237,-0.0199153933513346,-0.5962397660233008,2.1002808599152636,2.1003103985879465,2.0989594141226546,15.22498776403324,15.22482622823336,15.219939770449123,0.5610908219554596,-0.5198393037975151,0.5251341864052105,0.038305334384680444,0.1647509384510915,0.1647431650632294,0.16474929838541583,0.266846614544412,0.26668266168816596,0.2666778014528952
20.0,90.0,100.0,90.0,0.1994533345922149,0.1978269952131119,0.19859772679008394,-1.8044885191325932,-1.8193821159177952,-1.8673396583504323,1.5794847740802387,1.5809291042213374,1.5822419395216678,29.964203250964125,29.965177860941584,29.94253485569407,0.7088879274287126,-1.824588487784622,0.2096519323977349,0.9000751800348121,0.39092162637267,0.3907368118895009,0.3904978447092558,0.1985197552893204,0.19889006962838712,0.19868894901802614
90.0,0.0,30.0,60.0,0.2826874622746624,0.2610194516502098,0.26781002756056393,0.8599966417329985,0.4631906696020226,-0.9876407122843555,2.1194195321794416,2.1164773909103287,2.116974690225233,5.506371411776493,5.523515563618529,5.505568585514488,0.562745350766241,-0.5203297715459044,0.10942870145359089,0.059908859956352103,0.047196733703313315,0.04713711592376866,0.046626515873474335,0.2691191627326482,0.2687399447084085,0.26908000613607225
0.0,90.0,90.0,120.0,0.2079007868353284,0.2065514983426146,0.20717099760689484,-2.084320862809613,-2.0906513831125872,-2.0877452477831557,1.6466412125433743,1.6483259134903798,1.6484929089980742,27.377606748205213,27.36588116735233,27.3690524517761,0.7100174044766513,-2.0547884519709454,0.007505517201176301,0.8999260607367626,0.3645308589147981,0.36454044608492037,0.3643465789104545,0.20716323413078366,0.2073853889865848,0.207165241947304
0.0,90.0,120.0,30.0,0.1706775557338198,0.1689171281540501,0.16985127719996498,-2.07148814603282,-2.0782641814534117,-2.077077652709391,1.3587499393902713,1.357369921658575,1.3599318591251595,35.20394100462389,35.19690822649515,35.191227846344695,0.7100174044766513,-2.0547884519709454,0.017382098917824624,0.8994462894720976,0.44436921486881387,0.4445614149667458,0.4442799040107067,0.16988048997677124,0.17006065699243908,0.17020491378559768
20.0,20.0,20.0,-30.0,0.1143376412721546,0.1111510757372032,0.11284130968260414,-1.1393194138957072,-1.2532683452458395,-1.5510096680530807,0.891854227716233,0.8914546723888089,0.8941447831939588,6.445947751815818,6.43961416677716,6.439340303327557,0.6162442646762207,-1.273791926916029,0.0670574424310713,0.11114511293725812,0.09733670785078416,0.09718763651100824,0.09734436329801179,0.11271781824324463,0.1129921247574817,0.1130524985987162
90.0,0.0,10.0,60.0,0.2690684200733391,0.2607211195367926,0.26629564575075965,3.140783368728873,-3.1341240485731032,-2.257836924937249,2.100275175696144,2.100337355191291,2.1027618099626606,4.583368910848277,4.58687811936742,4.578279117049543,0.562745350766241,-0.5203297715459044,-0.05280851278476066,0.34208337981498804,0.11433003248698993,0.11432028875683646,0.11415850145976285,0.266119249049889,0.2664318611902868,0.26642558707125436
20.0,50.0,20.0,0.0,0.1806179660464744,0.1787634969848722,0.1797817375772958,-1.427519684268484,-1.5173267660597325,-1.7941142344602223,1.4210548577541315,1.4198788854309838,1.4211846422160999,7.363380829136935,7.354631725397402,7.3522730907466265,0.658991099436022,-1.6861926913303058,0.0801895549795093,0.25938411546079576,0.1266595040293596,0.12642533670384698,0.12651609033606653,0.17975876443088537,0.17977215591516138,0.1799201202153904
20.0,0.0,50.0,-90.0,0.0634489339927929,0.062649300467859,0.06304872173658868,-0.7076775052035337,-0.7353774958994769,-0.8675819106658017,0.49910114074841033,0.5010097396514088,0.4970237757131804,13.921355472279744,13.938611684333083,13.926412227538076,0.5841488719634556,-0.523245215743419,0.11613627136229587,0.041598029452783895,0.16323309906496702,0.16332948213894175,0.163219066634573,0.06333525210709727,0.06304865125496203,0.0628296433035221
0.0,50.0,40.0,60.0,0.1534344929608844,0.1530363173871839,0.153231428650728,-2.093097496933335,-2.098954767708873,-2.094845955715661,1.2152608090418948,1.2157022298820037,1.2126984338052578,12.86433589666228,12.854169458180566,12.856900780422574,0.6597422425592191,-2.0628742020185755,-1.942062431037939e-05,0.3394572957574781,0.18554395672273388,0.18543075654988017,0.18540488310122194,0.153479576338353,0.15315314558040502,0.15308952096663167
20.0,90.0,100.0,-60.0,0.1994541709293787,0.1978293978815154,0.19859799513376544,-1.8044787942125675,-1.8193560034487493,-1.867336881690413,1.5794865509749076,1.580931047255162,1.5822436799058937,29.964201948804224,29.965176586832094,29.942533258534333,0.708887017136684,-1.824587107966294,0.20965529079464074,0.9000760524735967,0.39092163579557937,0.3907368148828023,0.3904978408610077,0.1985199975979696,0.1988903085431881,0.1986891664463864
0.0,50.0,110.0,120.0,0.1085743757403127,0.1070985866316335,0.10794158186442442,-2.083645688290734,-2.0947869635783056,-2.0894304820010396,0.8697284896520803,0.8682108081391464,0.8675170625070018,31.68768131711765,31.67528546911075,31.67433362993058,0.6597422425592191,-2.0628742020185755,0.004094914010548569,0.499964805110127,0.3888010264743704,0.38878704993913316,0.38835119056046136,0.10817173282480598,0.10791811368775023,0.1081005489027215
90.0,0.0,10.0,-60.0,0.2688214126632933,0.2605200526867245,0.26615929040494685,3.1399804571142145,-3.136354855571591,-2.255221814325501,2.0988494433274534,2.099166797731088,2.102025121800572,4.616820448629606,4.626285494210391,4.610797961812038,0.5627352420170912,-0.5203373725218478,-0.0520185906897261,0.34351557626426976,0.11488263604375272,0.11490289660480478,0.11465697933188637,0.26592754008455427,0.26632759485231033,0.26629141551067903
50.0,50.0,100.0,-90.0,0.1669612121482757,0.1659460778734691,0.16652112696423993,-1.1515928375548294,-1.164077002150049,-1.3053202164768247,1.3223601777178633,1.324037848071028,1.3221477937883366,28.870721005154376,28.866242525010342,28.853895062261564,0.6550834627147886,-1.2898309537929578,0.5049110550993453,0.49999030766954333,0.3572934423613752,0.35726830733112735,0.357255876427729,0.16668828769224775,0.1666586956129935,0.1664511544046796
0.0,90.0,90.0,-90.0,0.2079045831368999,0.2065572638905526,0.20717197657933578,-2.0841648292397217,-2.090446403588587,-2.08759473106406,1.6465881772376088,1.648326241031481,1.648573494174018,27.377501957686135,27.36565736363564,27.369127589968755,0.7100048647697997,-2.0547592585869956,0.007640813453976002,0.8999307827059152,0.3645244276335202,0.3645384723880632,0.3643450913983585,0.2071553452060003,0.2073942808338094,0.20716686395004405
20.0,90.0,110.0,-60.0,0.1866843516894102,0.1846856021725232,0.18583566544647748,-1.8138914306873728,-1.8279872541564075,-1.8673291941672496,1.482401537288354,1.4816308393904125,1.4814194509711238,32.583093465235514,32.582690857312784,32.5820607531938,0.7088880644259483,-1.8245888544868893,0.20970530585475075,0.9001571280780986,0.4176188428424232,0.41720823606501295,0.4169473804136806,0.18602107139716126,0.18591061841647816,0.18598219965138596
90.0,20.0,120.0,60.0,0.2007303999831046,0.1996613155236669,0.20026225525006222,-0.5338465276886184,-0.5413966237570933,-0.7414959352706831,1.580616335602917,1.580608871692922,1.5806127435106903,33.27551308682373,33.271949043136964,33.25600549370613,0.5984987239536121,-0.7371513072756187,0.904035211257638,0.1998091698431083,0.3872944068728899,0.38739194031032875,0.38705234918116765,0.20032976951872128,0.20034769603762057,0.200311993982749
50.0,20.0,0.0,-60.0,0.1780856044411543,0.1769125537324562,0.17745487690819034,2.0855164297812507,0.2428897529785216,-2.0912724789385497,1.4003945315849085,1.396925753044513,1.4026451587850177,2.167727793222967,2.1605693738702834,2.1596147388157343,0.6115416801563762,-0.8927390182574562,0.0005111322043490158,0.14780473459617408,0.07062077664819988,0.07047287078120881,0.07036242602634521,0.17714624126222822,0.1774249640787686,0.17787382728680265
20.0,50.0,70.0,-60.0,0.1401030062729467,0.1395668562634824,0.13983075909086512,-1.6532228497898127,-1.664067522369096,-1.7430476227566551,1.1132643674805889,1.1114519371157496,1.112349811603322,20.828461525701286,20.82697546779825,20.81714592885115,0.6589867121610883,-1.6861827649995111,0.15592994385237213,0.42437274443358985,0.2702813930317866,0.2703987681378362,0.2702380677855759,0.1398202897353331,0.1397376612427402,0.1399537854375506
90.0,20.0,20.0,-30.0,0.289368492333022,0.2553472100093507,0.2666057459967155,1.7217032462885191,0.4759697107418386,-2.096276429121729,2.1037653492409314,2.096626060287826,2.1052830304130703,2.8142476632312743,2.8130332245431084,2.818947254946107,0.5984987231192972,-0.7371513065421721,0.003183652946771172,0.14510413350399234,0.0521304439365955,0.051845195270714045,0.05173764870186586,0.2663950247241119,0.2665834562333565,0.26748208191809614
0.0,100.0,0.0,60.0,0.2681438776127323,0.2663327788431153,0.26722385610533295,-2.026384243204456,-2.0611556182320365,-2.0913721627049924,2.1087048654851666,2.106645776301525,2.1086595007143805,3.2205143953681823,3.216053999319246,3.2116504372125374,0.7218526699760112,-2.0319799578528905,0.0010738650541052288,0.3327526548589534,0.10488873232765383,0.10462075373155454,0.10465982186561033,0.2671592378201839,0.26715226095182637,0.26742205787054985
0.0,50.0,80.0,-60.0,0.1375824133986069,0.1348967030921034,0.13691357820381786,-2.0788108503489053,-2.0984575434347064,-2.0892378489498333,1.0915175673371313,1.0923726552000401,1.091837059420544,23.706023695365747,23.711961219516255,23.702799118876232,0.6597389377755843,-2.062865400706346,0.0031343504763565234,0.4985919377435758,0.3052401937877968,0.3051294016777484,0.3048010439151519,0.13699529534928695,0.1370360877451568,0.13692216853550543
20.0,20.0,120.0,120.0,0.0621630959901028,0.0590080284712893,0.06057909741195907,-1.2456891432492174,-1.2713263380260549,-1.3024141039668837,0.4906926188557605,0.49544851334745077,0.49191704373907597,33.626202443327365,33.63278558412711,33.62580235549152,0.6162442654560011,-1.27379193074638,0.20425632664434867,0.20002004795210154,0.3941064122512772,0.3941465235279805,0.39394337603052565,0.06100573219984338,0.06111929988701541,0.06054126965629944
90.0,0.0,70.0,90.0,0.2590768708619101,0.2585032408477626,0.2589161421879838,-0.101290095229509,-0.1066444545340213,-0.5793008164184641,2.0384569912503583,2.0391044726122827,2.037378229203192,18.252592890308506,18.25118293937469,18.244398033086824,0.562745350766241,-0.5203297715459044,0.6219845123550365,0.034731995546784356,0.20134281097803514,0.20122198385733028,0.2012809913202048,0.2590509962522582,0.25890289794708726,0.25883639141899656
50.0,0.0,30.0,-30.0,0.1659756594126512,0.1607080134127081,0.16405458415893023,-0.0029241511633912,-0.1248870843357905,-0.7633884530023395,1.292536029989529,1.2935441339017235,1.292061696291832,7.557804599773635,7.556908621149977,7.5575898256759215,0.578678330993996,-0.5219133863575313,0.1640571305308046,0.04040641916136402,0.08627773186423028,0.08625876452607427,0.08633542965653014,0.1642200017554254,0.16416224866893317,0.1640346241179717
50.0,0.0,80.0,120.0,0.1365063849554474,0.1360900218726163,0.13630357320377692,-0.3758174581601999,-0.3839687743304244,-0.5916523708854511,1.0746127636691716,1.0735181620381704,1.0726874890275424,21.87466999288473,21.86030571039329,21.85487076723352,0.5786783317088385,-0.5219133872819157,0.40560360544585283,0.027638650329503127,0.24914625221480807,0.2488780736563689,0.24904211259737036,0.1364316581034789,0.1361645834430772,0.1363344477221733
0.0,100.0,100.0,60.0,0.2118607847664716,0.2100380545774916,0.2110712165156378,-2.07143598707216,-2.09124773464402,-2.083571974244572,1.678246622422683,1.6813655899539268,1.6792503995628345,30.21229381103765,30.217064820802456,30.210905792645434,0.7218526699760112,-2.0319799578528905,0.01254877130185849,1.000117364655776,0.39824628180938787,0.3984867568144218,0.3979052868077117,0.21119841350289562,0.2113309079289559,0.21095061705969717
20.0,90.0,50.0,0.0,0.2337457710094594,0.2331897931880438,0.2335065423939456,-1.7664207062015411,-1.7747940757796343,-1.8877711047379826,1.8490019885272513,1.8493030496917346,1.8483965110219245,16.468359945382723,16.47313268488503,16.46265551988921,0.7088879274287126,-1.824588487784622,0.14072815747375947,0.6699417009138053,0.2455806617615255,0.24561847028181655,0.24516330327800798,0.23356754298860943,0.2335117294543412,0.23346612720285406
100.0,0.0,120.0,90.0,0.2061136127857405,0.2045967693043357,0.20533895430708796,-0.3034627409698198,-0.3149664033138104,-0.5233364591685236,1.6168813631869656,1.6143495384953308,1.6187826391934064,32.70406449763523,32.70117349704405,32.691733370112246,0.5610908219554596,-0.5198393037975151,0.9054939764785285,-0.00024223636566295687,0.36909833668486836,0.3689841103436068,0.3688217582963757,0.20513577917749706,0.20539267978224482,0.20568193962417441
20.0,20.0,30.0,-30.0,0.1067348750140669,0.1054671177362228,0.10625850763897658,-1.2463686115381736,-1.295148001522833,-1.5086965781954536,0.8418600874779876,0.8411174390358573,0.8409514778857698,9.175807899757565,9.173447031994007,9.168862807957558,0.6162442647652224,-1.2737919273518117,0.08840439271419877,0.13329957931651965,0.12636784837054185,0.1262791198751115,0.1262223051695142,0.10633626097085286,0.10622356173742412,0.1063183246810236
0.0,20.0,20.0,0.0,0.0952259798014989,0.0939055770514057,0.09460594092755745,-2.065178661509672,-2.0908301201867485,-2.085587310954597,0.7485546434778976,0.7507049354284366,0.7492403839572848,6.65031725907608,6.661005829920405,6.642403762720802,0.617145342061956,-2.0150473293853004,0.0010794276245552415,0.1125286593793447,0.10034457804873255,0.10058046738726141,0.10018961046060736,0.09470707352968163,0.09474537361971004,0.09449799571494998
90.0,0.0,50.0,120.0,0.2671075787053094,0.2663693149429234,0.266762315533751,0.1053883910312235,0.0799404726301186,-0.6218594903509055,2.0999792476935824,2.1004421043807686,2.0994083620733477,12.200721184902827,12.20261991070165,12.199192569652629,0.562745350766241,-0.5203297715459044,0.407923967496786,0.04042344916440894,0.12848223266738146,0.1286109995579285,0.12851123182362428,0.2668315285705707,0.26676627354110005,0.2667057265589265
90.0,0.0,50.0,90.0,0.267056965688373,0.2664407227173509,0.2667615975290809,0.1046541840193785,0.0802306778592384,-0.6217279756010688,2.0998645998045276,2.1004476800715683,2.099500110927759,12.200648646514686,12.20226481350982,12.198791157035933,0.562745350766241,-0.5203297715459044,0.4078807640546266,0.04036208366553424,0.12847082952390748,0.12859309075750366,0.1284953060020251,0.2668189683406689,0.2667793753717817,0.266702863554721
0.0,100.0,110.0,90.0,0.1987930809344396,0.1969479310697876,0.19789330413956968,-2.0758610699192803,-2.0866252358700463,-2.083558110282899,1.5773706278848045,1.5775027013414116,1.5777621575829246,32.797374094637455,32.79293337193057,32.79225590888753,0.7218526699760112,-2.0319799578528905,0.012600538816380541,1.0000587537847103,0.4240747493309079,0.4242207331315195,0.42388137099801537,0.1979889734466417,0.19802447417795674,0.19802261440275498
20.0,50.0,80.0,-90.0,0.148656304567524,0.1415609548719749,0.1474354192285828,-1.6168674538324896,-1.6414773242419136,-1.7116716940617875,1.1720865521977921,1.1748000684161675,1.17579138491562,23.646835677621006,23.660703694063983,23.648284076233875,0.6589695634307537,-1.686140973419226,0.20029109256000777,0.49633488199020837,0.304017658490973,0.3042116746614112,0.3040904885086181,0.1473629734537199,0.14784610561713118,0.14751261522132428
50.0,50.0,20.0,120.0,0.2293523759620802,0.2221988009996799,0.22639927262217227,-0.4424297942898164,-0.7284887188132376,-1.4865127840415155,1.7863707250833516,1.787978235255451,1.7863006613558987,6.223469135280987,6.220263590792323,6.220656717203282,0.6550888176419655,-1.2898374651384217,0.16984419144727136,0.24514246697853126,0.11045368014188113,0.11032610596449711,0.11038911989655789,0.22660719104886173,0.22659387850804186,0.22638711185370916
90.0,20.0,120.0,30.0,0.2007308761740259,0.1996619969675522,0.20026255515927915,-0.5338465193907306,-0.5413966049714458,-0.7414979308249294,1.580618774581451,1.5806113900098204,1.5806152709818682,33.275517347739175,33.27195297332942,33.256009514295734,0.5984987239536121,-0.7371513072756187,0.9040363117237806,0.19981133710736523,0.3872945721533889,0.3873921023274682,0.38705251189683887,0.20033007988622697,0.20034801839784194,0.20031230439083342
90.0,20.0,40.0,30.0,0.2674786872267509,0.2665762409159348,0.26698019931445005,0.0217823919875049,-0.043043661646722,-0.8839047788883808,2.1031678195552996,2.103526267769647,2.102134860876855,9.820933559720139,9.81609309362501,9.815733099541278,0.5984987239536121,-0.7371513072756187,0.3475255153941576,0.131341982572671,0.11637831746037144,0.1163693192414065,0.11643394499410871,0.2670848796851718,0.26694946436652234,0.26691286742792364
20.0,0.0,110.0,-60.0,0.0506103910189343,0.0472067504276153,0.04912663999633703,-0.4427633259776036,-0.4932171209824954,-0.5234558158922513,0.3879323480342672,0.38629401237568595,0.38865832915563037,30.315811957901847,30.315792916689954,30.309210188506757,0.5841889007172556,-0.5231776007693627,0.20329105701219516,-1.955569440303078e-06,0.34547364690758453,0.3453960539340564,0.34538462209472076,0.049183233525687126,0.04929214354479173,0.049478455376126745
20.0,20.0,10.0,60.0,0.1284053027974225,0.1138811060309838,0.12162064291248842,-0.621042635212334,-1.359962822767912,-1.6638712688222743,0.9611042519589931,0.96338004207601,0.9620257440077482,3.647083653231801,3.6482685469503706,3.6431366161245995,0.6162442654560011,-1.27379193074638,0.040572403518642323,0.08890015847378241,0.06793509849395875,0.06793934366462667,0.06792328893559697,0.12189957620887697,0.1220331521785614,0.12173070432477634
20.0,50.0,70.0,30.0,0.1399812988930164,0.139417660822316,0.13970970266497346,-1.6525785160141155,-1.664101557836242,-1.7430136652741002,1.1122786554020168,1.1104986890843582,1.1114211567678767,20.82679388971097,20.825545055453897,20.81565167673027,0.658991099436022,-1.6861926913303058,0.15578252473196832,0.4239317859319885,0.2702389937447337,0.2703574505674312,0.27019136516314113,0.1396956481451564,0.13962101152227469,0.13983198347357578
20.0,0.0,0.0,120.0,0.0893986535616206,0.059816497795433,0.07525894672726814,0.3608737928295174,-0.6467165112302871,-2.080756903945964,0.7316733166182953,0.7338885495454739,0.7319156709888776,1.928275901092976,1.9313188997428776,1.9232705516109694,0.5841886751953623,-0.5231776405480634,0.000474364726510327,0.05568366512515002,0.060497705172771706,0.06064752984862189,0.0605521467581586,0.09274760781995682,0.09279014074522737,0.0925046511832529
0.0,90.0,20.0,60.0,0.2590309443490221,0.2585897224940989,0.258779915633379,-2.0892213412911818,-2.093683822348945,-2.091413615956291,2.043736445741664,2.043464417624051,2.045375128419634,8.624179938965135,8.627541271460286,8.61704118647638,0.7100174044766513,-2.0547884519709454,0.001634906430407099,0.5064056431481371,0.16392804693687768,0.16408934863406235,0.16403207238570702,0.25863217368280245,0.25884164706908397,0.25887700922408086
90.0,20.0,100.0,-60.0,0.2421852501739031,0.2391772610759691,0.2408813348873169,-0.4422030514701083,-0.4503906819812995,-0.7419241410089239,1.8977100825553272,1.8993126121617563,1.8998084489433387,27.528583873269664,27.52263203486964,27.516841146826593,0.598497796651295,-0.7371515890475523,0.9031378940006831,0.20029005673544792,0.3214946946160377,0.32134131522684445,0.3215230542370605,0.2408268675386345,0.24108903435920584,0.24089426414605014
50.0,0.0,120.0,0.0,0.1130005999407448,0.1114355478481458,0.11232189788541044,-0.3984951093187767,-0.4198303581684245,-0.5234766480213299,0.8856121967296104,0.8853752809724033,0.8842839145391175,33.00391721023622,32.99935282263726,32.98879576241915,0.5786783317088385,-0.5219133872819157,0.5038286276544026,-4.837706823125333e-05,0.37466457137849285,0.37478456798915555,0.37477947009374557,0.11252166193388789,0.11234940388882021,0.11239530381610618
0.0,50.0,80.0,-30.0,0.1375823246960846,0.1347838750542523,0.13689907397225415,-2.0782941315766554,-2.0984965118527863,-2.089171901473946,1.0914256652251666,1.0922862275260667,1.0917147306082207,23.705914347311683,23.711783534676584,23.70258457301498,0.6597422423328012,-2.0628742012203682,0.0031713091311353883,0.4985172502001364,0.30523448297418165,0.3051209081732727,0.3047870559851366,0.13698528178383051,0.13702230080669958,0.13690763092043637
0.0,90.0,70.0,30.0,0.2407670887460632,0.2393169286686121,0.2400406639365217,-2.080648311604616,-2.095872825652359,-2.0888604954132948,1.9028182694344795,1.9036433132449497,1.9043828739899626,22.238259322717035,22.2392489723051,22.229707751735212,0.7100174044766513,-2.0547884519709454,0.005694417577563237,0.8998554645647078,0.31439469394833014,0.3144584464761326,0.31433118921177383,0.23999028228982103,0.24019079059814585,0.24008743293236182
20.0,0.0,120.0,120.0,0.0459508889519894,0.0435586813047289,0.04502354562743882,-0.43437388806878,-0.5279290418657637,-0.5229003935958212,0.35868568874490314,0.3583168130301385,0.35913745185722995,33.10330177779332,33.106222793251604,33.09218425631057,0.5841886751953623,-0.5231776405480634,0.20372493984495596,-6.562440422226388e-05,0.37714867828932064,0.37697246526216216,0.3770619964963804,0.04540629939206102,0.04549636783693949,0.04551998095831618
20.0,50.0,100.0,-30.0,0.1264096036005016,0.1251040682699461,0.12573471728584432,-1.6424755655000387,-1.6570757954321156,-1.7089266606768396,1.006134310300241,1.0049294511843234,1.0058347107441334,29.009243807116853,28.99916416262523,28.995820579300922,0.6589910993650661,-1.686192691099011,0.2040647729176555,0.4999980080970145,0.359811619448986,0.3595485213440718,0.35984458500771516,0.12581817780546817,0.12574138011239902,0.1259123596368186
90.0,20.0,40.0,-30.0,0.2674860505122553,0.2665782323097946,0.2669791026372483,0.0217399210874261,-0.0421753553039431,-0.8837532315106502,2.1031465791506205,2.1035339252553196,2.1021196431197025,9.820306563707272,9.815536887821542,9.815184978247883,0.59849872330889,-0.7371513067088691,0.3474804411840047,0.13125784118110045,0.1163582618365506,0.11635165008847102,0.11641565296845666,0.2670844962818671,0.26694984062481963,0.26690981297293687
50.0,20.0,10.0,90.0,0.1925269758714009,0.1810084161438677,0.18677001431810106,0.8690733434705299,-0.1150338227269852,-1.746981117643552,1.4765017278474284,1.4735773060144592,1.4724462189317917,1.799072434025316,1.7825350195876024,1.8000347525088394,0.6115535893142118,-0.8927449704416845,0.041619551740124196,0.10975435084363361,0.053731105686308005,0.05385943514385437,0.05401412650286311,0.18729150997490798,0.18674072968126393,0.18714021729178243
50.0,20.0,0.0,-90.0,0.1780804705881995,0.1768938471295793,0.17744593483411553,2.08921493661825,0.2446472676104861,-2.091292688530978,1.4004730127662448,1.3972501981664163,1.4020253586748301,2.1652139837159927,2.161920405780771,2.1581795621420565,0.6114811491768453,-0.8927532425971956,0.0005070313680261366,0.14778591689845627,0.07054243082811987,0.07050258685797145,0.07030449589607687,0.17721028929412155,0.17739743452053228,0.17780964535376395
20.0,50.0,80.0,-30.0,0.1484909667825231,0.136206646403248,0.14336554009013222,-1.6177700936710893,-1.6464874988433331,-1.7147671929562989,1.1423111723602992,1.1441926931853332,1.1436969351805146,23.609557682556055,23.62133159472284,23.60473928467699,0.6589910991876755,-1.6861926905207736,0.19236446425810966,0.48087141217025714,0.3028274703571788,0.3028644292345272,0.302690408739517,0.1436067521591756,0.14380410462685375,0.1435607646303245
20.0,0.0,40.0,-90.0,0.0676305933741591,0.0653361244072884,0.06653060573529967,-0.7084128158386318,-0.7690810402811249,-0.9228013271431617,0.5310934294476826,0.5279011049141956,0.5216593064086391,11.225974505889397,11.219967662985319,11.193530939714723,0.5841420739641334,-0.5232561591161827,0.09778710828126887,0.04127403171797011,0.13389268839062735,0.13425944496701117,0.1333103305771614,0.06731445320220439,0.06609749233692745,0.06652051833585801
50.0,50.0,70.0,-90.0,0.1802892875882868,0.1799286037558601,0.18013006814495125,-1.1279867400154555,-1.13248742722156,-1.3482668605071293,1.4264179256839278,1.4267215252620082,1.4271919322050124,20.60657968006804,20.61014603802409,20.604485217738652,0.6550619718470441,-1.2898110329232175,0.38983217387822416,0.42137513928319914,0.2667746435969025,0.26649605315388286,0.26669254947351406,0.18009371352423525,0.18018200589965858,0.18015358832678435
0.0,50.0,20.0,120.0,0.1705596549993571,0.169556020621322,0.17006967712053161,-2.0896509554454687,-2.1048872743341853,-2.0935353549352764,1.3464236976822364,1.3429730408578568,1.3441126344091079,7.550997900394763,7.537703410187612,7.545295954413748,0.6597422425592191,-2.0628742020185755,0.0003007686888224225,0.2623562523117278,0.12928466458795781,0.12920622312286523,0.12915446676892345,0.17013766304746425,0.16983257552620712,0.17027560046747525
20.0,20.0,30.0,0.0,0.1067068583934464,0.1054755097583891,0.10623095472950407,-1.2463780537510127,-1.295186052148788,-1.5086585119524802,0.8416242524284232,0.8409389477372615,0.8407107701014027,9.175401526087976,9.173632371485922,9.168810313672273,0.6162442654560011,-1.27379193074638,0.08838048415023629,0.13325161229597146,0.12635594521009136,0.1262753305509382,0.12621294913436956,0.10631123402365014,0.10619835081368367,0.10628547317862974
90.0,0.0,0.0,-60.0,0.2684739577132759,0.2659649214899953,0.2671043706557706,3.1406604211843483,-3.136692576099714,-2.0913672323916166,2.1064952317332617,2.1085170620134,2.108231182957145,3.2591397127473294,3.256307444959315,3.2580434630805057,0.5627342250810861,-0.5203381756482773,0.0010881649537627229,0.3375812212535874,0.10618450793222074,0.10612290321614952,0.10628519985493319,0.26715602261768956,0.2673752343698147,0.26711591696650194
100.0,0.0,30.0,60.0,0.2837247303416198,0.2605183432439879,0.2678075144818236,0.8687684634672159,0.4661053814045366,-0.986723786707383,2.1208974292159466,2.116657888317717,2.1181429974241412,5.4818164933569244,5.4956342783118535,5.502938117937774,0.5610908219554596,-0.5198393037975151,0.10913374986436027,0.05963297497144021,0.04677296117104698,0.047288982682130255,0.04698691543308117,0.2691373309992776,0.2688488787773281,0.2693387026298392
0.0,100.0,60.0,90.0,0.2391294860063168,0.2386763793235283,0.23888396562162484,-2.087446653742312,-2.094662301934688,-2.0909769815058645,1.8922969965212084,1.8939476369410044,1.8928827605084295,19.4199263744021,19.42370182715506,19.40693548332687,0.7218526699760112,-2.0319799578528905,0.0032411218111762113,0.8045164674719073,0.2822889680056544,0.2821373006746224,0.2816833074864124,0.23891465798306524,0.23901158053641908,0.2387756367243129
20.0,90.0,40.0,30.0,0.2437215468082586,0.2432016623411146,0.24347291330459866,-1.7334628088360238,-1.7451588660930255,-1.8896626612459568,1.924972561928128,1.9265245311142691,1.9265118572978963,13.8020373150629,13.80315436295465,13.798813169930352,0.7088879274287126,-1.824588487784622,0.12872622394663127,0.619098355865768,0.21715806011101751,0.21732855021741732,0.21709269699049796,0.24341070756337166,0.2436252442839441,0.24342133003698738
90.0,20.0,70.0,30.0,0.253637115103182,0.2530245091065489,0.25340767061445896,-0.3443580559227908,-0.3489563502698756,-0.7933745151881697,1.9967303495859372,1.9981565783203787,1.996494617607,18.99653705820885,18.992436168426657,18.98622729382821,0.5984987239536121,-0.7371513072756187,0.6564540265628397,0.1815179704503352,0.2247127095712398,0.22469802126318728,0.2245897526369486,0.25350340674341815,0.2534698557313195,0.25328867269457206
20.0,50.0,50.0,30.0,0.154679343317824,0.1541130452160884,0.15445291817564516,-1.626767472651561,-1.635633634008018,-1.7556841014915943,1.2269790797329019,1.2248529611058883,1.2228568284634895,15.462304417784452,15.451871281454832,15.449815852980958,0.658991099436022,-1.6861926913303058,0.13061807693477517,0.37031374221722496,0.21276723493979563,0.21265463003487367,0.21272643724010598,0.1547319868060802,0.1542118263474276,0.15448124296465895
50.0,0.0,60.0,0.0,0.1461931308669804,0.1456130307290083,0.14596258745182852,-0.3366221129369607,-0.3435216413552461,-0.643538065558112,1.1499111350035667,1.1502765788548137,1.1495230889714059,16.30235618050623,16.304917192709254,16.293730812962526,0.5786783317088385,-0.5219133872819157,0.32345663906382144,0.0389954865018524,0.1868171027973909,0.18661266824127895,0.1866902420252675,0.14602683765858285,0.1459702213783034,0.1459246870098706
0.0,50.0,110.0,-30.0,0.1085740996384111,0.1070973270512503,0.10794137357541102,-2.0835460954180767,-2.0946950961169337,-2.089346046467642,0.869733456111925,0.8682087290683237,0.8675102470828672,31.687690692347644,31.67532296745307,31.674270736143644,0.659742242577079,-2.062874202076367,0.004137295704122985,0.49996394577127073,0.388808673558971,0.38878960315661076,0.38834997974392615,0.1081721584484824,0.10791723217457656,0.10810038080027302
20.0,90.0,30.0,-60.0,0.2542040114039911,0.2534310244149254,0.25386804074197905,-1.680141324145763,-1.70809613357173,-1.8950854650587017,2.0064441853147534,2.0058846662918275,2.00742984384421,11.138653728055926,11.141067806863106,11.139008041127482,0.7088797664016673,-1.8245745317326083,0.11381195895511634,0.563273127915511,0.18938917097518176,0.18963808867626294,0.1894302122665153,0.2537687315554958,0.25390370068260937,0.253982531689921
20.0,20.0,70.0,90.0,0.0835467417670742,0.0831409376401337,0.08338531051803447,-1.3129239751414006,-1.3329002367565166,-1.4142247690343481,0.6640474591255389,0.666545227433468,0.6648936502737887,20.000269413776564,20.01075950944112,19.998698989283934,0.6162442654560011,-1.27379193074638,0.15337273301802992,0.18931951219184665,0.24402812605475654,0.24406776826833232,0.24393325026855497,0.08344499090716921,0.08354013673022624,0.0832224473686507
50.0,0.0,30.0,120.0,0.1664410426298503,0.1610562472476144,0.1644874374930534,-0.0009965765960163,-0.1258939363396962,-0.7645733086335814,1.2958704986513827,1.2969401447207196,1.2956206493830147,7.5549162782846855,7.553782918108905,7.554207793245726,0.5786783317088385,-0.5219133872819157,0.1644121243405388,0.04070867115357885,0.08625851431796536,0.08623334282336871,0.08632163286671769,0.16463861167405364,0.16460998302581467,0.16447344384451457
20.0,50.0,100.0,-90.0,0.1264091482994966,0.1251040754160274,0.1257344343730388,-1.6424851407842582,-1.6570834175499989,-1.7089294328576345,1.0061322435606432,1.00492723945967,1.0058326654644791,29.009242516053547,28.999163342614462,28.995819544534598,0.658984783094476,-1.686178702253784,0.20406286065700896,0.49999732521886225,0.35981158743652286,0.35954849742369593,0.3598445587865824,0.1258178992729285,0.1257411065685973,0.1259121040013868
50.0,20.0,120.0,0.0,0.11626511587307,0.1150320277357712,0.1157022022683191,-0.7827222166567901,-0.7972483114879969,-0.9020410013242119,0.9185368449377519,0.9167639754278595,0.9205281853887866,33.53675703269759,33.53354696821726,33.525601839257284,0.6115535893142118,-0.8927449704416845,0.5044676180129211,0.1999204071844312,0.39223944540915767,0.3922824703508788,0.3925923226951626,0.1155737361722546,0.11583858726104918,0.11608288382819727
0.0,90.0,10.0,0.0,0.2683542430998993,0.2666235673505139,0.2674421977634198,-2.0591246721379246,-2.076334423455374,-2.085835846479698,2.11099108643264,2.1076940432948956,2.114681071814327,5.966709142625097,5.963601449880286,5.964211567913683,0.7100174044766513,-2.0547884519709454,0.0038073416113408344,0.4336550105650634,0.13582119483625713,0.135721058687086,0.13582174225512594,0.26700001093942444,0.26748031538594547,0.2678648885581007
0.0,50.0,30.0,90.0,0.1617083385820925,0.1609560629108188,0.16141875283080867,-2.0914831835611603,-2.101560818655412,-2.0942121076011833,1.2769789947580747,1.2736865069312528,1.2827745494717218,10.192218972584831,10.194687518707383,10.19169978561554,0.6597422425592191,-2.0628742020185755,0.00016992454147778455,0.30310854520099884,0.15713028217299607,0.15731771142921674,0.1572235843696243,0.16080368571776552,0.16153635925236562,0.16197409387358527
50.0,0.0,20.0,60.0,0.1798603409719917,0.1626950551982189,0.1691778737863427,0.4840435842224584,0.0724424864437004,-0.9759054145903185,1.3507205233492083,1.352719835657783,1.3516017003623448,4.451302036269736,4.438326582269984,4.456876740190601,0.5786783317088385,-0.5219133872819157,0.0900196838206915,0.04981492796336838,0.05804015841170572,0.05796117501318492,0.05799723032820957,0.17157164984608778,0.171756757231612,0.17145118720879202
0.0,50.0,50.0,60.0,0.1457320975967277,0.1453237895577155,0.14551077675806734,-2.0932465473142097,-2.100702408672272,-2.095637538684845,1.1545765727607566,1.1540598602674803,1.156657315119428,15.520885933368955,15.521309471127841,15.516132778415018,0.6597422425592191,-2.0628742020185755,-0.0002757777631185215,0.3718571336758747,0.2137449626750493,0.21386866729607523,0.21375641893017297,0.14532594242929742,0.14558810551895962,0.14566267111793757
20.0,90.0,120.0,0.0,0.1754969429753273,0.1730949889251456,0.17440832632234637,-1.8227389064264043,-1.831282535350828,-1.8673060784379438,1.3920026057486936,1.3983906925293481,1.3922834898090273,35.18615409461782,35.191343619587364,35.18322288760722,0.7088879274287126,-1.824588487784622,0.20974456410881068,0.8992399611306735,0.4442418475006499,0.4446507556893731,0.4440099940374827,0.17488178346594185,0.17490581216660878,0.1741534835387191
0.0,50.0,40.0,120.0,0.1534139816346164,0.1530157146666374,0.15320999502966884,-2.093260097678341,-2.099097177107061,-2.0949369585824362,1.2150890826985885,1.2155230170494837,1.2125417091258466,12.864140090230098,12.853979611841352,12.856712483042529,0.6597422425592191,-2.0628742020185755,-5.036805604725447e-05,0.33939206231928837,0.18553367912166702,0.18542136108189977,0.18539646588371353,0.15345671936748326,0.1531319813621883,0.1530693147206461
100.0,0.0,120.0,0.0,0.2061139263649359,0.204596692231645,0.20533903764279388,-0.3034839216500596,-0.3149693041448411,-0.5233458292463585,1.6168844860216192,1.6143511918025997,1.618783917870149,32.70408090478231,32.701191014387064,32.691754812629966,0.5610908219554596,-0.5198393037975151,0.9054948347056423,-0.000233814780524606,0.36909893450914977,0.3689847843535865,0.3688224312748358,0.20513609478007677,0.20539277464570413,0.20568222679780873
20.0,20.0,100.0,-90.0,0.072882314916314,0.0702277409435095,0.07149820992449007,-1.217867632721148,-1.2647620168542657,-1.3022697830227064,0.5736560553639839,0.575281177239081,0.5729104906907957,28.16497729149473,28.16483948316616,28.157006988940775,0.6162383338050875,-1.273775480357345,0.20337285680430062,0.2000292313116363,0.3335843313855321,0.3336827387212227,0.33352015471979496,0.07175708358200385,0.0716646638169146,0.0714671341599429
0.0,100.0,50.0,30.0,0.2480745040612836,0.2477164801012484,0.24787740645818981,-2.089380531963965,-2.0927063814771474,-2.091070485135025,1.9615475268492608,1.9641305225315944,1.9620867525193344,16.766553059886157,16.771597240301336,16.749447337859092,0.7218526699760112,-2.0319799578528905,0.002874038066785767,0.7520995447535674,0.25423257965834967,0.254049414844692,0.2539039644079741,0.24795140364365334,0.24802468505975112,0.2476792649178597
20.0,20.0,30.0,90.0,0.1071313591059549,0.1058486756389638,0.10662228744636541,-1.2437781425147088,-1.2924324151953537,-1.5073678959647758,0.8449403387022385,0.8438895033116784,0.8435435189366417,9.178291074844527,9.175182063007854,9.168657348132555,0.6162442654560011,-1.27379193074638,0.0889201896964415,0.1336986961242732,0.12644140988379582,0.12637671389052332,0.1262649245919097,0.10672330820908016,0.10655044150800802,0.10667717043663616
50.0,20.0,40.0,60.0,0.1686776425060189,0.1661958945165864,0.16794192526984852,-0.5722568663258467,-0.6175099228344915,-1.0519695056022296,1.3249017658707671,1.3260139260835082,1.3253752985693181,11.31864172415801,11.318730232808317,11.310700591245878,0.6115535893142118,-0.8927449704416845,0.2519475477110871,0.14718838282627442,0.14522815703261835,0.14516765877696042,0.145119266397086,0.1679964795419562,0.16804453477680653,0.1679022680027328
100.0,0.0,40.0,30.0,0.2675956487047307,0.2661215796378487,0.2667112134246939,0.316726969504063,0.2314076071544105,-0.6700900643129459,2.099645649067687,2.09998408747208,2.09907712716378,8.981043666365697,8.975863689417658,8.97838633836909,0.5610908219554596,-0.5198393037975151,0.27632854924998534,0.041306687216658755,0.08769153674925606,0.08773889663153316,0.08786033059435815,0.2667771125997502,0.26670767845141985,0.266663252332394
0.0,90.0,110.0,-90.0,0.1816713199081937,0.1798171879426005,0.18094932742150593,-2.077565929514808,-2.095672659014769,-2.0871779994921504,1.4466792800131334,1.440140007149194,1.4442708402100337,32.60532833151641,32.59582757149701,32.589742238140815,0.7100189026097152,-2.054791259391576,0.008251888493291828,0.9001877167529589,0.41777893605687205,0.41765503998235093,0.4173967035983719,0.18097841921610175,0.18070614814963468,0.18150643864590035
100.0,0.0,50.0,-30.0,0.2670199105925344,0.2664421972934415,0.26675743297403376,0.1055623594360839,0.0822983431128201,-0.6205788286770931,2.099816474029342,2.100374354523809,2.099501176478285,12.1972505523995,12.19868339838118,12.195337968435341,0.5610908214037089,-0.5198393034810835,0.40751219438250025,0.03983935479756136,0.12834922185059275,0.1284668294632532,0.12837269666714715,0.26681008145521135,0.26677600998698836,0.2667031845672022
90.0,0.0,110.0,-60.0,0.2250628355166118,0.2218641584817136,0.22356863825593576,-0.2642690930512268,-0.2728579296445353,-0.5235243415044104,1.759715623456101,1.7603973678280298,1.7583057236025676,29.79047501473836,29.788074479270897,29.786794714870545,0.5627455652231015,-0.5203296194846351,0.8948942818427211,-2.2263254693162065e-05,0.33507151893330633,0.3350372177244612,0.3348530160446279,0.22377285250573478,0.22359767511302464,0.22351577999734698
100.0,0.0,40.0,60.0,0.2675970850973101,0.2661232627639567,0.2667128331194844,0.3165108197581663,0.2307538062240715,-0.6703725495372448,2.0997562143877087,2.0999982504705725,2.0989981007285037,8.982159250050339,8.977358342022859,8.978971138337135,0.5610908219554596,-0.5198393037975151,0.27643009071574276,0.0414053207175713,0.08772821193487261,0.08778043208237607,0.08789029450331327,0.2667904419303154,0.2666973118703663,0.2666653082762459
90.0,20.0,80.0,120.0,0.2441299753342676,0.2438668380261913,0.2440256192086111,-0.4027752705891514,-0.4051879723735769,-0.7786979009323657,1.9233060247975626,1.9241196791243844,1.9232769371456961,21.90053299404314,21.902242111775823,21.88883215594318,0.5984987239536121,-0.7371513072756187,0.7288549278292382,0.19002774393592473,0.2582129034280823,0.2581115726912619,0.2580344547180126,0.24407458845521174,0.24407210607389648,0.24396341322510062
0.0,20.0,0.0,-30.0,0.1178371183578159,0.0986464234359963,0.1085332044624473,-1.9598247771994504,-2.097416542510463,-2.0881907336945185,0.8958282373809224,0.8965369158063133,0.8966462496168742,1.8799373482922823,1.8863714177252582,1.907740034471597,0.6171453411555357,-2.0150473229697847,0.0005479600702122036,0.06622959123276395,0.056928284609578717,0.056698654772823126,0.057003307966750266,0.11364629257190423,0.11370131795203597,0.11364144019014591
0.0,90.0,0.0,-90.0,0.2681258536184773,0.2663445185072376,0.2672232021895516,-2.0342890063721555,-2.0698465607416465,-2.0913544355048206,2.10854836329088,2.1076824294249543,2.1077439309926636,3.2154477861647974,3.214985745866088,3.211065046240495,0.7099397591461316,-2.0546241452294667,0.0010770929606481819,0.3327301531753282,0.10476848358825899,0.10456777072998784,0.10462101069609814,0.26727404084889905,0.26717349153533465,0.2672844569898177
20.0,90.0,120.0,-90.0,0.1754969395708308,0.1730948514135336,0.17440824982650047,-1.8227378111879384,-1.8312819995107776,-1.8673060663703747,1.392002106353141,1.398390259599528,1.3922830173274976,35.18615327516248,35.191343002304514,35.183222128747694,0.7088960202075671,-1.8246056605069285,0.2097442104378144,0.8992393923026081,0.4442418200094227,0.4446507352738564,0.44400997149695,0.17488172469182053,0.17490575559563673,0.17415341940481815
0.0,50.0,60.0,-90.0,0.1384162560996407,0.137867753376453,0.1381980442398157,-2.096359583035249,-2.1003459523080745,-2.0964468983741544,1.098474917186555,1.0991452115208509,1.0991891623818477,18.18865435644622,18.18484378396193,18.18308696151189,0.659706339270866,-2.0627531465782365,-0.0005517395419529606,0.40036737634230846,0.24219944430404608,0.241922403317266,0.24197591923157494,0.1381799216063032,0.13828519436507658,0.13817741367744235
100.0,0.0,100.0,-30.0,0.240039632684581,0.2395707803408583,0.2397879778294089,-0.216150849396662,-0.2188841629678296,-0.5200260617270445,1.886917896194168,1.8869492250040327,1.887542740926108,26.84364090568369,26.839531985907605,26.829123676513746,0.5610908218793536,-0.5198393037538759,0.8598927166374505,-0.0030473681427549454,0.29986897219020237,0.29963906531136586,0.2997337722332495,0.23974235275137173,0.23981812708437425,0.2398196705247083
100.0,0.0,100.0,0.0,0.2401361480816388,0.2396813719677026,0.2398914226489103,-0.2157711486363277,-0.2185931603388584,-0.5197206727886683,1.8875932557688984,1.8882846584977435,1.8879650493710614,26.841764423432934,26.837758084679603,26.82890420130777,0.5610908219554596,-0.5198393037975151,0.8601467278133851,-0.0033118426859356813,0.29978517378409686,0.29957954252436547,0.29969971444296745,0.23989575179526634,0.2399342841697793,0.23985822954755193
0.0,20.0,60.0,-30.0,0.0702060842348666,0.0697994325163266,0.06999343417141238,-2.0845497271791573,-2.095927905758449,-2.0918702474605078,0.559540530487992,0.5620004586930007,0.5613509408967869,17.37074612095533,17.368285463955843,17.35872813045697,0.6171453416307233,-2.0150473265309663,0.000619866130392484,0.18044394011137607,0.2155937373889476,0.21589069414480863,0.21560580620812747,0.0699691545177055,0.0701964072045304,0.06988939444779385
90.0,0.0,40.0,90.0,0.2675803760369901,0.2661302758453499,0.26671249824062726,0.3157133942281825,0.2288073884023757,-0.6713063655515568,2.0995536917797732,2.1000829693669187,2.0991136020533863,8.984850254054603,8.980038825097816,8.98245058285433,0.562745350766241,-0.5203297715459044,0.2767633747036402,0.04172709384337266,0.0878346682100649,0.0878848084550237,0.08801050206011833,0.266775727876842,0.2667220532695773,0.26665384604145637
0.0,90.0,10.0,90.0,0.268357858718943,0.2666197656364032,0.2674410178442977,-2.058659371024338,-2.0759925301737407,-2.085738618800323,2.1109980553369567,2.107899472992466,2.1144344591552313,5.965532477377059,5.9635912112668725,5.963523891465977,0.7100174044766513,-2.0547884519709454,0.0038467452590951593,0.43365058272217694,0.135812440351305,0.13571206150971632,0.13580149396510566,0.2670279767573398,0.26747611937541144,0.26783513511174356
20.0,50.0,100.0,120.0,0.1264095077137731,0.1251040568066376,0.1257343374902372,-1.6424685624510724,-1.6570673802983302,-1.708925264178377,1.0061320563455554,1.0049264807348928,1.0058320832327994,29.009239660842645,28.99915886236055,28.995815625041498,0.658991099436022,-1.6861926913303058,0.2040646989305174,0.49999546124857713,0.35981148054345996,0.35954837553441826,0.3598444579551691,0.1258178529309073,0.1257410024096484,0.12591207158469483
20.0,20.0,0.0,-90.0,0.1306477962060461,0.1140432188445983,0.12263107945690523,-0.233165259762739,-1.0179044315588348,-2.0888709759137254,0.9918263623780059,0.9915739622810732,0.9918626791484305,1.8921646373403016,1.8958426816846525,1.8935799136581895,0.616169008007575,-1.2735834950759461,0.000554636473876444,0.07653656888273921,0.057467693099054515,0.057588677400026156,0.05763597754477202,0.1256545581456108,0.12570991552355248,0.1257621249772416
0.0,50.0,60.0,120.0,0.1383722472005871,0.1378280979077822,0.13815469441609132,-2.095904669008526,-2.099783317134557,-2.0961099452221723,1.0981458821855499,1.0988181974818665,1.098825194836695,18.18807435419226,18.184194080427613,18.18250588631826,0.6597422425592191,-2.0628742020185755,-0.00041646958108484863,0.4002133804441639,0.2421843712791809,0.24191196516418997,0.24196154671075587,0.138139832175605,0.13824060682862407,0.13813280934262284
0.0,50.0,80.0,-90.0,0.1375894927249502,0.1362317322494779,0.13708452030368717,-2.080120489296555,-2.098318920143169,-2.089371567975459,1.0927222459524633,1.0935239065706024,1.093029844577441,23.7079317004553,23.714103418597258,23.704663636613905,0.6597199681573316,-2.0628082497320195,0.0030577774224458667,0.49945653121017813,0.3053049060958373,0.30519121953432254,0.3048624344076162,0.13714444110086443,0.13718396694955148,0.13707659128994745
0.0,90.0,40.0,0.0,0.2382576969834068,0.2379419142067234,0.238055729306716,-2.0935938385131743,-2.0963512163321814,-2.0936274114889972,1.8822322059618015,1.8848546185385262,1.8838516308274527,13.888778899303004,13.885357636794366,13.878047331643803,0.7100174044766513,-2.0547884519709454,0.0007254954301311987,0.6218636394697331,0.21854840824671015,0.21845212916532622,0.21843627341709607,0.23804360359518328,0.23824723029300604,0.23790669507272574
20.0,20.0,40.0,60.0,0.100473432009284,0.0991772227389543,0.1000928554770939,-1.2905297500777433,-1.3198067241813516,-1.4820689377637675,0.7948213251789807,0.7929066939283737,0.7939176757001972,11.889822636619163,11.889294474526212,11.884486650565384,0.6162442654560011,-1.27379193074638,0.10702930867561772,0.15230705697787883,0.15551305626123063,0.15532412068655266,0.15539973823797448,0.10012127484426346,0.10000719777331891,0.10025274830596284
20.0,50.0,40.0,0.0,0.1628491414923628,0.1621617285025399,0.1624819375600313,-1.5941396006452115,-1.6089674879606162,-1.7627639326274462,1.2869326113635569,1.2860136103911084,1.287651053240814,12.777698929612926,12.772120598109877,12.76930042669746,0.658991099436022,-1.6861926913303058,0.11636239678687856,0.3377133484047543,0.184144544545531,0.1839639911752086,0.18398875389151548,0.16239407231691835,0.1624904221197934,0.16259744673109536
90.0,20.0,120.0,90.0,0.2007300055789191,0.1996613313777454,0.2002621621814615,-0.5338465428832831,-0.5413966416037507,-0.7414938357485314,1.5806153359442459,1.580607717421557,1.5806116125688594,33.275508293598854,33.271944570031415,33.25600098805602,0.5984987239536121,-0.7371513072756187,0.9040352187146117,0.19980705903095894,0.38729423083160786,0.38739176821783466,0.3870521767559198,0.20032963740352971,0.20034754668145724,0.20031186638767023
50.0,50.0,40.0,-30.0,0.2066482001994786,0.2052508045004448,0.20616752206949193,-0.9490399507499332,-0.9836270738442264,-1.3868381770976985,1.6290641796931804,1.62810428767069,1.6295011201440954,12.287050155783032,12.282181976084619,12.275284197571606,0.6550888170212779,-1.2898374637523247,0.28119782277545186,0.3288899165258897,0.17592174680351008,0.17574056538762772,0.17576470535467198,0.206119162226996,0.2061806184429968,0.20628575381336808
90.0,0.0,30.0,-90.0,0.2833376858965531,0.2604999147262228,0.2678180524045763,0.8657996898528627,0.4732678133341125,-0.9891929436008808,2.1197146981445854,2.1158226447758617,2.11647750771303,5.448750314650559,5.477390732392478,5.485470131547904,0.562695769203659,-0.5204085345882461,0.10789646795975653,0.059229754434611745,0.04629181770729604,0.046339726465424495,0.04667356553504806,0.2690285579513698,0.2686823791813383,0.26913556888808227
0.0,100.0,30.0,60.0,0.268259321261278,0.2677064321829221,0.26795676673107405,-2.0722097240515045,-2.079089756719581,-2.0836920470472458,2.1166324071660965,2.1189275061596624,2.1184569971487384,11.48773145092107,11.49082070054388,11.472976086612155,0.7218526699760112,-2.0319799578528905,0.007005085780604299,0.6365304294731946,0.19900522378771984,0.198980711341485,0.19876070448487507,0.26790462338696164,0.26815074648603976,0.2678462517998145
90.0,20.0,50.0,-90.0,0.2676334690059988,0.2664432164384547,0.2670040257382839,-0.1488172377016422,-0.1695546835086764,-0.8370432089454003,2.1035999873171574,2.1043369492879225,2.102671385308242,12.973564251951244,12.96909462443539,12.967700682618677,0.5984603290988888,-0.7371903433870238,0.46843437021973044,0.15199383280345377,0.15396983655150048,0.15404758838065324,0.15388924541679508,0.26710744050261537,0.2669884557396815,0.2668940008475759
50.0,50.0,40.0,-90.0,0.2064028208083852,0.205000740808772,0.20594797592684377,-0.9500172657632836,-0.9842932528372648,-1.3871896532904227,1.627226120096403,1.626561845710932,1.6276855024992758,12.287285432800834,12.282992720981726,12.2759332856954,0.65504194730852,-1.289791314361062,0.28076727743930474,0.32861711533029975,0.17591722548778277,0.17572863919335188,0.175759643785783,0.2059113220915604,0.2059733176660471,0.20604150198991178
20.0,90.0,110.0,-90.0,0.1866843515121616,0.1846857905450533,0.18583576117647424,-1.8138914601993108,-1.8279872636174728,-1.867329926271741,1.482402167255104,1.481631463084282,1.4814201227597106,32.58309477220895,32.58269215832615,32.58206181789305,0.7088892280792032,-1.8245913194151848,0.20970468544738843,0.9001580268365725,0.4176188867513014,0.41720827848695385,0.4169474206113006,0.18602114874657247,0.1859107012570869,0.185982282891607
50.0,0.0,80.0,-30.0,0.1361503662970924,0.1357533386119853,0.13596190093296287,-0.3769961914112184,-0.3852696797920683,-0.59231216121246,1.0718896555047932,1.0708274687700636,1.0700580630484309,21.877054028011642,21.862316187701925,21.857185488297326,0.5786783314522396,-0.5219133869500862,0.40465934715120433,0.027842770790335154,0.2492375042034256,0.24891783676117663,0.24911843836697542,0.13608456139066646,0.1358277325281763,0.13599419406913302
90.0,0.0,0.0,90.0,0.2684001545965738,0.2661271314515448,0.2670954422827611,3.139010443059036,-3.139652346875463,-2.0913468431768067,2.1062650904864433,2.1084207152466115,2.1083810164697914,3.2582312831817233,3.2529576552505977,3.2560162099828247,0.562745350766241,-0.5203297715459044,0.0010893665126313276,0.3375686174509601,0.10622928560074511,0.10603683376236808,0.10622999951145849,0.2671205256285002,0.2673886081089702,0.267112969831425
0.0,20.0,0.0,30.0,0.1181123741106003,0.0987091720430349,0.10858024030709681,-1.9520389436229275,-2.09600998238387,-2.087860036685731,0.8959884896067312,0.8957393185739233,0.8982732837577588,1.8869585381038485,1.8872024649584653,1.899111286667847,0.617145342061956,-2.0150473293853004,0.0005439328895615142,0.06636123821727406,0.057077681488243624,0.05683424712361761,0.056845145009547085,0.11348977632883724,0.11379491725593159,0.11383046024158361
20.0,20.0,80.0,-60.0,0.0781946917766795,0.0776535242915665,0.07792982398307453,-1.305625854440652,-1.324419945455342,-1.3916339257978403,0.6234148187368777,0.6240799372307868,0.622265292603981,22.722551472108382,22.72170213463022,22.71608389412332,0.6162410478353683,-1.2737821725205247,0.16520725540259648,0.1946674387553172,0.2738904608101179,0.27411151709899173,0.27364317417300665,0.07807430622955495,0.07793603955982845,0.07784011501725376
50.0,0.0,0.0,30.0,0.1675276120041192,0.1475351214438163,0.15891651989629543,2.532001738705801,0.589358656376469,-2.091051930520573,1.2546385728958025,1.254908780839698,1.257733455133767,1.9568495407873463,1.9525031800638357,1.9553896031475604,0.5786783317088385,-0.5219133872819157,0.000456294487097166,0.1186616921635818,0.06306751131267936,0.06293562933469511,0.06298913974012398,0.1589537873509166,0.1593535698833207,0.15932393474169687
50.0,50.0,0.0,0.0,0.2293713928235032,0.2285129016068428,0.22895841626710423,1.603275659343528,-0.1564574886749108,-2.0913687051476715,1.8102371881694905,1.8033381036346845,1.8052457375185316,2.7809900069724565,2.7896544960106113,2.778469678034409,0.6550888176419655,-1.2898374651384217,0.0008035998588616672,0.24604135655628448,0.09065860653200068,0.09102374702562867,0.09047368826874709,0.22914013892136306,0.22848949442310784,0.22936363292787376
0.0,20.0,110.0,-90.0,0.0472481682851184,0.0452137581531335,0.04604329721480767,-2.059549455770527,-2.099275802722368,-2.0785713509081707,0.38130544915211395,0.3826803698075833,0.377830021298292,30.934898012159287,30.92547413181584,30.91829075734339,0.6171469670492122,-2.015058051378865,0.004116460427150407,0.20002639038495487,0.36418634222855556,0.36404369500467726,0.3638776383225633,0.04661389176648735,0.046186263439053944,0.04599103152132318
20.0,0.0,80.0,0.0,0.0550963228402249,0.0543727747033335,0.054799189628165254,-0.5955986935825908,-0.6384020842083459,-0.6943794764048734,0.43253968761155603,0.434763262889995,0.43357340382855547,22.101351715018264,22.099430341034015,22.09603303343027,0.5841886751953623,-0.5231776405480634,0.16423958057016014,0.028302412283389405,0.253667001008033,0.25382883608107537,0.2536926599407893,0.05484690145026837,0.05496093176413229,0.05469528971413664
0.0,20.0,120.0,-30.0,0.0435001784081574,0.0416370199506291,0.04254899550685954,-2.0484325977548994,-2.088233968814223,-2.0671324719639936,0.3535322518501116,0.35571815915744986,0.3587055829228036,33.64605217606291,33.64003480740679,33.64016449353738,0.6171453421672992,-2.015047330098989,0.006989246849460466,0.1999544296864239,0.39417405463867056,0.3943942126930021,0.3941724613908507,0.0425215068050113,0.043169845962326855,0.042877278908391964
0.0,100.0,80.0,-90.0,0.2429358433261517,0.241308530051286,0.2420369224225193,-2.0768407260236788,-2.08340781845584,-2.0834242493100437,1.9210871403306435,1.9211124825353405,1.92159440313009,25.042152482755487,25.036721541749586,25.034515335996414,0.7218326812700024,-2.0319398946838017,0.012267653058417868,0.9999320549193391,0.34662937444752195,0.34660666088561665,0.3463672215123201,0.24205243967273,0.24213036595411566,0.24211082183418595
20.0,20.0,110.0,60.0,0.0662898337701649,0.0649971960643941,0.06561824231540651,-1.2368388370397296,-1.264679933096207,-1.3022738163508165,0.5261939918244747,0.5300732669448908,0.5327850666084818,30.90236868812903,30.899814764314762,30.9026478237049,0.6162442654560011,-1.27379193074638,0.20379494264588263,0.200011922569761,0.3635495197648629,0.3635918287521549,0.3637811580337677,0.06541132105874753,0.06620808580620588,0.0657430145818551
20.0,20.0,90.0,-60.0,0.0788488551943327,0.0775882658317764,0.07832996171457694,-1.217485411139133,-1.2403229443383117,-1.303795352167617,0.6263683915041852,0.6269846659916952,0.6265440165418948,25.41929577538466,25.424944991869573,25.41536160024745,0.6162422094542742,-1.2737855423751474,0.20242374583406642,0.19992139223805663,0.3036842727397456,0.30350869381537027,0.3034861850888757,0.07837986353277275,0.07840309163732455,0.078321476563648
50.0,0.0,40.0,-30.0,0.1583656327039556,0.1561550892827083,0.15765223382093374,-0.1896884740403593,-0.2311757034931142,-0.7039252042478286,1.2419931719987258,1.2419713275479602,1.2419635073988669,10.583691229688919,10.581190117114271,10.580038562183718,0.5786783310856471,-0.5219133864760448,0.22472232239365236,0.041092573276174035,0.12149313749931781,0.12137257125835545,0.12129418992985426,0.15770372871207358,0.15769564144729525,0.15769786183566487
100.0,0.0,100.0,120.0,0.2401479916214256,0.2396920004637412,0.23990314725876216,-0.2157645467105912,-0.2185934434321758,-0.5197301884079231,1.8876856917681222,1.8883773258703946,1.8880576501772282,26.841719388634687,26.837715693397847,26.828860404916515,0.5610908219554596,-0.5198393037975151,0.8601872787495803,-0.0033036339325437708,0.2997846463305047,0.29957904368674415,0.2996992299247889,0.23990749236450687,0.23994605049003498,0.2398699631234626
20.0,20.0,30.0,-60.0,0.1068784910581748,0.105650208091051,0.10640618804911448,-1.2450035353332405,-1.2930006382065249,-1.5079528838524474,0.8429006594967762,0.8425319227871969,0.841798883250764,9.175972994314234,9.1745256539056,9.167497488883821,0.6162356561146509,-1.2737649467836465,0.08863568813180442,0.13343667979286197,0.12635520323408192,0.12632292348203988,0.1262130526206935,0.10650857168749542,0.10637335122542792,0.1064161224416837
50.0,50.0,110.0,90.0,0.1549673169500348,0.1533113693601873,0.1540998350308055,-1.1791187432314287,-1.185158203650284,-1.305331990385205,1.231523672908728,1.2231029157819364,1.2238750291982985,31.579997070726776,31.558686160917368,31.543419038680096,0.6550888176419655,-1.2898374651384217,0.5052829720984288,0.49993757684240075,0.38675275896968186,0.38631042313741204,0.3864960734312707,0.15448067725329917,0.15352815683052776,0.1546000513018526
0.0,20.0,50.0,30.0,0.0759458113687449,0.0754002645426017,0.07564722169214909,-2.0789562650033946,-2.101700282850275,-2.088698068838598,0.6037400666829297,0.602510897226549,0.6060563109924921,14.67715600181628,14.677357151609112,14.682323843203,0.617145342061956,-2.0150473293853004,0.0010759713432054077,0.16856731034859682,0.18637188113813224,0.18661675791224258,0.18635951484348195,0.07540960587120606,0.07571169151478317,0.07585457031647812
50.0,20.0,0.0,-30.0,0.1779845894197386,0.1768221365028414,0.17736831558848629,2.080008685533985,0.2381357434001038,-2.091284421667108,1.4004460927437155,1.3966687946892864,1.400814476996196,2.164687735778631,2.1636490207394408,2.155477443468072,0.6115535883260488,-0.8927449684341267,0.0005080633471219271,0.14765157274533952,0.07055482772375007,0.07052120097865981,0.070228848868838,0.17720630770807813,0.17724610271210953,0.17773396156442203
20.0,20.0,60.0,90.0,0.0888486556675601,0.0884768449680854,0.08868974354573814,-1.313082193628923,-1.3354853928570054,-1.437055151507615,0.7062550253794052,0.704678569633605,0.7069655313478506,17.308865467159652,17.31097962303202,17.309941658516383,0.6162442654560011,-1.27379193074638,0.13923203718607377,0.1801743073210667,0.2148027584541173,0.21459941635733115,0.21462454455989013,0.08858730834891104,0.0886694494139104,0.0888724538720716
20.0,50.0,30.0,90.0,0.1711397760290961,0.170247060352752,0.17083309749473427,-1.5390771545092914,-1.571570625084179,-1.773176582173781,1.3515929176203216,1.3513915831884118,1.351052488996578,10.067197034276267,10.07080289480084,10.066024571550866,0.658991099436022,-1.6861926913303058,0.09997966522708561,0.30055147158349077,0.1550577651950766,0.15522394777541926,0.1548832816206713,0.17086138676326654,0.17081139238949553,0.1708429155013458
50.0,0.0,110.0,-90.0,0.1242837269907506,0.1209431724992574,0.12284378617288845,-0.3782660516768026,-0.3913141374085654,-0.5235509098991561,0.9672089612079446,0.9668983794326853,0.9668294531876728,30.187600420639285,30.185398960530694,30.1783327263914,0.57867979084394,-0.5219113766535398,0.5033939723453744,2.4233307269341864e-05,0.34278234621356624,0.34279864297376406,0.3426187454396053,0.12294467389089712,0.12290778905597725,0.12293767177756434
0.0,50.0,20.0,-30.0,0.1704662110400188,0.1696236318178857,0.1701367219412597,-2.089614829762978,-2.104628534637812,-2.0934711998730315,1.3470422426802355,1.3436394495853696,1.3444085359833868,7.551139651651863,7.538250552526745,7.5457848958501,0.6597422418163719,-2.062874199496254,0.00031815138888379477,0.2625166349185816,0.1293052239084931,0.12922567226510862,0.1291710309263643,0.1702321346028626,0.16988758455729847,0.17032525935218584
0.0,20.0,40.0,60.0,0.0821794885392403,0.0811659392624678,0.08170126351838639,-2.077355021232785,-2.094071137273488,-2.086554801592453,0.6514136400730218,0.6484090749206087,0.6517738537960224,12.003034612007925,11.998041973771628,11.995198781083674,0.617145342061956,-2.0150473293853004,0.0013018474979387183,0.15366935470995885,0.1573393586716973,0.15716421967745034,0.15720786945109386,0.08158123877748627,0.08163666572298463,0.08198374790738742
90.0,0.0,90.0,120.0,0.2414721937757608,0.2412331674884309,0.24137688218224704,-0.2071179176105433,-0.2097526915598704,-0.548247819181841,1.8995105858668935,1.9009745525995794,1.8995534611293572,24.071959409605046,24.07170051047136,24.05912428953692,0.562745350766241,-0.5203297715459044,0.7766720029873699,0.019156262451561167,0.26922763475684375,0.2690443859446781,0.2688695399810006,0.24144894018403762,0.24144493896720373,0.24125915686314342
50.0,50.0,100.0,120.0,0.1669629067425118,0.1659461871664989,0.1665213189099761,-1.151590416132334,-1.1640760671824986,-1.3053212592360193,1.3223624425852942,1.3240402542447793,1.3221503402898496,28.870724856687545,28.866245685599516,28.853898591294357,0.6550888176419655,-1.2898374651384217,0.5049103157787498,0.49999111860951456,0.3572935646206894,0.3572684252896508,0.3572560011753123,0.16668857429741912,0.16665901509541442,0.16645145751678753
90.0,20.0,30.0,120.0,0.2678849180783804,0.2660953428067188,0.26692599608658807,0.4084194715652495,0.1521333359271463,-1.0215289797249083,2.103633429646776,2.1023457942497674,2.1008633625695508,6.290681500290996,6.288851520586995,6.28870549840715,0.5984987239536121,-0.7371513072756187,0.20373655687004333,0.11176082134067784,0.07280464199022986,0.07288907605858022,0.07289253286051643,0.2671088189730448,0.2667552214498074,0.26692081396418316
100.0,0.0,90.0,30.0,0.2443017258945784,0.2440529800785387,0.24422027716431877,-0.2013842783756726,-0.2056807274599631,-0.5474489125385873,1.9205320784835398,1.9236471460466813,1.9229750435585076,24.043453466585184,24.04995599403139,24.042325627771927,0.5610908219554596,-0.5198393037975151,0.7845626076792043,0.0187204286169598,0.2687242341805947,0.2686331662172469,0.26849256042359176,0.24416003260323546,0.24446089110350755,0.24405968319946086
20.0,0.0,110.0,-90.0,0.0506468966097485,0.0472298808417265,0.049127058276652015,-0.4430277185321137,-0.4992639743168639,-0.5234300290677915,0.387995924099838,0.386359661747351,0.3885212758724427,30.316178816799265,30.316313873700718,30.30929928658554,0.5841901013138269,-0.5231751008101937,0.2032913497830391,-9.519235786478844e-06,0.3454748447423161,0.3454005321126531,0.3453742845601311,0.04919974107169847,0.049282898946778564,0.04946925873732656
0.0,50.0,20.0,0.0,0.1704441669516093,0.1696625927056901,0.17012879807665035,-2.089434954998476,-2.0997588763056254,-2.0933870291655947,1.3476381324470008,1.3437715307483316,1.3436513479605363,7.550959110421469,7.537245234259342,7.546005765891792,0.6597422425592191,-2.0628742020185755,0.0003416335867458441,0.2625049151736918,0.12933984007059296,0.12926309900937932,0.12918455285445746,0.17032454466131738,0.1698078309897961,0.17030524718533124
20.0,90.0,0.0,-30.0,0.2680932582323306,0.2666883463608914,0.2672352407220341,-1.9770792629135172,-2.009203610627151,-2.0914248873216525,2.108583212939822,2.105397613885161,2.110023986773728,3.215966459606213,3.210771830682982,3.215107910575913,0.7088879264727743,-1.8245884856610786,0.0010540259351622015,0.33272343690989814,0.10458907963341464,0.10455769742290796,0.10461269871744934,0.2669859721992806,0.2671701234949095,0.26758238044051585
20.0,50.0,80.0,60.0,0.135251369310548,0.134656740435551,0.1349640684704797,-1.638549785157517,-1.6465762982254384,-1.718842991780335,1.0741495984622578,1.0748863856850102,1.0764105319187025,23.523074598480434,23.53461905047665,23.5132881574592,0.658991099436022,-1.6861926913303058,0.17783144376398294,0.44976584140074993,0.2999847279444894,0.2998341367765385,0.29972054140425886,0.13481498661996594,0.13514103490235624,0.13502389304491383
20.0,0.0,30.0,0.0,0.0715405529657853,0.0693045332966721,0.07048412958079493,-0.6903459014387943,-0.7647129583248151,-0.980240129733333,0.556564131097799,0.5571074276156598,0.5576137707195467,8.47062678289431,8.475998505993948,8.468866155983042,0.5841886751953623,-0.5231776405480634,0.07788914743737473,0.03831860719437916,0.10338179327041906,0.10339395077768736,0.10341538572485309,0.0704541255210838,0.07059344603944862,0.0705249464104629
90.0,0.0,110.0,-30.0,0.2250635560367546,0.2218642400914664,0.22356874315404623,-0.2642666486667319,-0.2728573516210866,-0.5235236354231039,1.7597163103372813,1.7603979675613428,1.758306331013917,29.79047260184966,29.788072087498087,29.786792370723422,0.5627453507852611,-0.5203297715570602,0.8948946411544387,-2.2903890357125515e-05,0.33507144316301707,0.33503714576996557,0.33485294219453965,0.22377293645456034,0.22359774960075549,0.22351586479784474
90.0,20.0,10.0,-90.0,0.2685826734234182,0.2657498641554691,0.2669484130598461,3.138169140161088,-3.1381429808229857,-2.271291145550159,2.106473994392913,2.1052179769054558,2.1071473266726017,3.9729901479513776,3.98631435573009,3.9789653459571457,0.5984350512976129,-0.7372172597460411,-0.056232811789445676,0.31427817477352277,0.1056602674744146,0.10590145605376944,0.10569700580342327,0.26691729955836385,0.2670068834885986,0.2671653458813295
0.0,90.0,0.0,-60.0,0.2681395895539275,0.2663540887450554,0.2672143817641564,-2.037402230665313,-2.0704970139131147,-2.091348117388294,2.1086756775284665,2.1079739719168322,2.1071568493487125,3.212486894787411,3.2144348342795688,3.209719586800448,0.7100053139146951,-2.054768167725684,0.0010753880476583946,0.3327222573920656,0.10473159236314335,0.10455298282919023,0.1045857622407132,0.2673336494625905,0.26714495127431465,0.26723328819376124
50.0,20.0,120.0,30.0,0.1162651258925333,0.1150316426027174,0.11570188315821363,-0.7827222094654078,-0.7972482996169503,-0.9020401655835276,0.9185343004611661,0.916761484290845,0.9205256718647656,33.53675508547563,33.533544974385634,33.525600262562875,0.6115535893142118,-0.8927449704416845,0.5044663953725946,0.19991932895911113,0.39223937452938856,0.3922824017495892,0.39259225438093276,0.11557341660234344,0.1158382716209342,0.11608256172765077
50.0,0.0,70.0,90.0,0.1411663260123924,0.1408177037902744,0.14104528322474158,-0.3620968067738792,-0.3688733011148997,-0.6176768286762924,1.1114717144264399,1.1109241444822586,1.1108731599179096,19.10580357734677,19.09842015503464,19.086812374060866,0.5786783317088385,-0.5219133872819157,0.3664188723576693,0.03458130835033002,0.2183009684622424,0.21812698019649612,0.21808282642599014,0.14109378498738495,0.14100675112007444,0.14108501648793265
0.0,20.0,70.0,90.0,0.0650549318681781,0.0645734558588032,0.06474800318898279,-2.0840268199890213,-2.0996575353262683,-2.0909679753971924,0.5209683937010351,0.5223017722782207,0.5198760208211934,20.0668115781532,20.0598780344921,20.05479430130732,0.617145342061956,-2.0150473293853004,0.0008861204428898595,0.18970390939828805,0.2448934771858256,0.2449193269510767,0.24480462261750538,0.06491787582507595,0.06478818272088409,0.06462443315122861
0.0,20.0,0.0,120.0,0.1180662813620567,0.0993496032630297,0.10868892741528859,-1.9506404039301075,-2.094293297235423,-2.088736878304609,0.8938673223026853,0.8958173628924824,0.8947739723375457,1.8930422807120266,1.8971092480180003,1.8913387471277057,0.617145342061956,-2.0150473293853004,0.0005361432516000833,0.06603535032079065,0.056646769458498634,0.05684842548076703,0.05691903290121123,0.11352234554048746,0.11359559939802909,0.11339068331236347
20.0,90.0,90.0,-30.0,0.2137684925601668,0.2121210778013204,0.2128918368068815,-1.7985585981758871,-1.8074694376209968,-1.8673802383314537,1.692189029197876,1.6934286948698443,1.6918318588749028,27.340004620955096,27.3486959962208,27.34846265744895,0.7088879272693894,-1.824588487430701,0.2094448333368369,0.8999466756397942,0.3640375967224354,0.3641638951622541,0.36410127123910496,0.21304682515523563,0.21298474020905478,0.212853553145316
50.0,50.0,100.0,90.0,0.1669616905302166,0.1659460581685145,0.1665212127275548,-1.151590523559956,-1.164075576721334,-1.3053245118922123,1.3223690049851633,1.3240348528949122,1.3221502395318676,28.870733460838448,28.866252591507198,28.853886857209684,0.6550888176419655,-1.2898374651384217,0.5049092920144422,0.4999913786801259,0.35729419847945154,0.35726882667563664,0.3572560848266122,0.1666886823407715,0.1666583091528562,0.16645222590858294
50.0,50.0,50.0,90.0,0.197185408854283,0.196291659619528,0.19692729024515523,-1.0377792501305976,-1.05509725571685,-1.3716396155087813,1.5565962872738064,1.5583705083585675,1.55615924337774,15.097966622504742,15.093188800677293,15.087211966561899,0.6550888176419655,-1.2898374651384217,0.32148064287332495,0.3644488669911699,0.20646149574721695,0.20642857488841923,0.2064129502212694,0.19705482574269387,0.196992763279371,0.19678080847607324
0.0,20.0,80.0,-30.0,0.0599124137954546,0.0591886601234937,0.05959716401181177,-2.070473571913878,-2.1153409675109773,-2.0935888798526863,0.48240700747780046,0.4821244008642073,0.4828735411417224,22.756048123255287,22.754111661948485,22.75007262901114,0.6171453418122478,-2.015047327720042,0.0005187124371840088,0.1956196406944961,0.27439210886948906,0.2743318151829406,0.2743790897400521,0.059589453813172086,0.05966106047309583,0.059677771048579506
0.0,50.0,20.0,-60.0,0.1704451857851011,0.1695963392006758,0.1701148758070669,-2.089623328647657,-2.104540176840775,-2.0934461267059143,1.3468717998203688,1.343459408119341,1.3442429576242776,7.550895357952006,7.53801600341087,7.545555714039756,0.6597322880393287,-2.0628462675602277,0.00032410136299642153,0.26246437881843665,0.1292970475263668,0.12921774785456164,0.12916354807716715,0.17020948958217852,0.16986552966390497,0.17030449352619398
100.0,0.0,90.0,-60.0,0.2441720793058664,0.2439266124978114,0.24409144171943187,-0.201421898220084,-0.2057089398279215,-0.5473096539242865,1.919513583718537,1.922626957417132,1.9219655436552652,24.04388803917592,24.050367185242152,24.042760122005806,0.5610889110650586,-0.5198406953917263,0.7841593909489362,0.018601274223320478,0.26872692360768696,0.2686357989504878,0.2684960913487585,0.24403028270647242,0.244332307541913,0.2439313544308159
20.0,0.0,80.0,-90.0,0.0548854625504419,0.0541578844979739,0.05460629984355846,-0.5978256076802285,-0.6378068197879787,-0.6961651348500991,0.43136487696114806,0.4331508363250051,0.4322247180307482,22.102082186984138,22.101105290322675,22.095775903697074,0.5841692332707655,-0.5232075347240135,0.16362631116977666,0.028518544180113483,0.25373019675802244,0.25393540460440533,0.25370201883801363,0.05466246104236197,0.05476581261781232,0.054548687364645965
90.0,0.0,0.0,60.0,0.2680630816397579,0.2664098813976741,0.26710559517647714,3.1378096470078387,-3.139488700878097,-2.0913479686099667,2.1066120632407817,2.1083164354321524,2.1084239130289215,3.2581493599728804,3.2523871256761967,3.2550169273009724,0.562745350766241,-0.5203297715459044,0.0010872180181980297,0.337585140576414,0.10623144558951875,0.10605448433738467,0.10624412624292728,0.2671396618861022,0.26736540918360685,0.2671523425946093
90.0,0.0,120.0,-60.0,0.2037207389114561,0.2021707144790398,0.2029174547277265,-0.3056444643774205,-0.317614043827056,-0.5233444672424247,1.5975123494222423,1.5959158290326736,1.5993731047794293,32.714739430858444,32.712463348992536,32.7034320238289,0.5627467059142891,-0.5203288674632388,0.8953168928312178,-0.00022821326696131303,0.36935589872547925,0.36921746275244366,0.3690574057705217,0.2027625009831675,0.20300545443566193,0.20318534920254455
20.0,20.0,80.0,-90.0,0.0782409708912727,0.0776817039326633,0.07796153059374661,-1.3070680762315792,-1.3247595137301955,-1.3919758973446965,0.6239901984512486,0.6239848167579805,0.6225489013129212,22.722810195132887,22.721670473477673,22.71602874319708,0.6162242654331131,-1.273730336393533,0.1652188363081093,0.19481451097032818,0.27390619094258495,0.2741078258421993,0.2736404393965994,0.07810101235953354,0.0779301321321294,0.07791606690255587
0.0,90.0,10.0,60.0,0.2683576879635906,0.2666202125874569,0.2674410840457266,-2.0586985363786616,-2.0760534437457228,-2.085752502881464,2.1109982655343815,2.107902131993119,2.1144347797571297,5.965520495617848,5.963593657722623,5.963527101958908,0.7100174044766513,-2.0547884519709454,0.003840717876622635,0.433650904269547,0.13581238325061404,0.13571232930707447,0.1358014265927129,0.2670282007373833,0.2674763512666543,0.2678350833200039
0.0,50.0,10.0,-90.0,0.1798113812559739,0.1787609537191694,0.1792244981828188,-2.088923105606044,-2.09870962712734,-2.0922250950734997,1.412036435945372,1.4170988839735594,1.41704106720031,4.921539278288431,4.91620112822251,4.918734237273072,0.6596720001101168,-2.062621184976337,0.0005651253682892041,0.21677316474497363,0.1019583000463797,0.10211811103069908,0.10230695651899935,0.17904187215191592,0.17969866476979002,0.17902516578916178
20.0,0.0,0.0,-30.0,0.0892324153230542,0.0595872854161563,0.07521485163288108,0.3784751181024947,-0.6222040497303214,-2.0808662696716334,0.7311161709354619,0.7284991680468941,0.7281771981833703,1.9314873815488787,1.9202988447691232,1.9256516180178467,0.5841886742328258,-0.5231776376138844,0.00045796349398665007,0.05560397842286823,0.06044094968566832,0.060522263178177466,0.06025247974877101,0.09241302836472502,0.09205091202247416,0.09234713519865845
90.0,20.0,70.0,60.0,0.2536573368260595,0.2530374893415348,0.2534267558156969,-0.3443569576482175,-0.3490129655707865,-0.7934152478806167,1.9968836225577191,1.9983060347227062,1.9966487267513706,18.996562732699783,18.992457388379947,18.98625723595,0.5984987239536121,-0.7371513072756187,0.6565038340525718,0.18156082102708113,0.22471562012009383,0.22470060919846255,0.22459275113892532,0.253522439884196,0.2534890243598313,0.25330831415017646
90.0,0.0,110.0,30.0,0.2250651466507281,0.2218644599399091,0.22356898055510532,-0.2642620701135506,-0.2728561802706217,-0.5235223118902538,1.759717876064447,1.7603993591752898,1.7583077340482305,29.79046783506277,29.78806736306216,29.78678776010375,0.562745350766241,-0.5203297715459044,0.8948955014517681,-2.409373789396193e-05,0.3350712954395876,0.33503700554119076,0.3348527987322772,0.2237731287612123,0.2235979224790845,0.22351605833925575
20.0,0.0,90.0,30.0,0.0528203250105111,0.0522099279714239,0.05251482141682808,-0.551059295237688,-0.5737526737958382,-0.6329637762390533,0.4155822802290128,0.416316917797307,0.41369683632404175,24.834751250905992,24.831097320522662,24.824587271071813,0.5841886751953623,-0.5231776405480634,0.1777142752793285,0.019502375806895317,0.284247432156278,0.2843780806624425,0.28398389967598114,0.05275813749842569,0.05249809449753155,0.05241472021062019
0.0,20.0,80.0,90.0,0.0600693723401622,0.0591668579029413,0.05968236821777208,-2.064641853217012,-2.117731779007773,-2.0905447646158537,0.4819169156678403,0.4844514816063264,0.48270573145323975,22.76306115739012,22.763197422124183,22.751480098053033,0.617145342061956,-2.0150473293853004,0.0011192600362153501,0.19589486517210583,0.2745043354252621,0.2743643657595881,0.2742535227529513,0.05974681528303049,0.05986823788994797,0.05951941189981277
0.0,100.0,70.0,-90.0,0.2612269794698062,0.25952994252856,0.2602596178284569,-2.0767063485640005,-2.086348865723404,-2.084471524565894,2.062085766487856,2.063218563607815,2.064315571104484,22.495079412992062,22.493975813264637,22.476393388665468,0.7218248908351116,-2.031926723342699,0.010799791816164176,0.9999174005125858,0.32214689824099574,0.3222699229014148,0.32208359665055425,0.26016805426984113,0.26045325054156293,0.26030678342256197
20.0,50.0,60.0,90.0,0.1471918759875619,0.146567253321095,0.1469137549887236,-1.644625569252148,-1.6516159804177906,-1.7492217946969824,1.1670482903338135,1.1674380872540802,1.1660082078982166,18.142783829688582,18.146086730244956,18.134171447991772,0.658991099436022,-1.6861926913303058,0.14373263514080284,0.3990480728112025,0.24140539388158025,0.24138556702811642,0.24143018087303716,0.14703517469784066,0.14690512306477452,0.14685423602589923
0.0,20.0,80.0,30.0,0.0599735759074721,0.0592300377757097,0.05965725030639608,-2.067645289057614,-2.1137412843420047,-2.092111634125337,0.48276344031027957,0.48271711969099745,0.48323219672463275,22.757885067693213,22.75459819353363,22.750945868428005,0.617145342061956,-2.0150473293853004,0.0008075628010639111,0.19582756718669028,0.2744194915598319,0.27434331340880164,0.274400427912324,0.05965644990230827,0.05972695639974804,0.05971200441808826
50.0,20.0,80.0,30.0,0.1411744185083966,0.1408658656938323,0.14105493737274688,-0.7624017919469593,-0.7651118889792464,-0.9629550682850959,1.1145117292373625,1.1160156447366156,1.1160763045891995,22.513818630306822,22.51024490464359,22.510403691694517,0.6115535893142118,-0.8927449704416845,0.4121840044423278,0.19359686572183094,0.2699497620072114,0.26987985358453276,0.2699916397561577,0.14100044300377002,0.14119694847646844,0.14101267251234223
0.0,100.0,20.0,-90.0,0.2679137738870514,0.2675150931189923,0.26771500566862766,-2.06810515624682,-2.0741725517218548,-2.0837678984211463,2.116961892725004,2.11396415719729,2.113022910901473,8.739518289735091,8.733689980659207,8.72712366748398,0.7217885619823025,-2.0318592674740916,0.005804871342016617,0.5350222470031629,0.1675329844147331,0.16750008260822288,0.16748603060738929,0.26792861259343387,0.2674254208108438,0.26780419710459036
20.0,50.0,100.0,90.0,0.1264094561057598,0.1251040614479536,0.12573436931249668,-1.6424728776689834,-1.657070908192943,-1.7089261747812567,1.0061321176459783,1.0049265940822734,1.0058322039269516,29.009240355552887,28.99915963780916,28.99581652775398,0.658991099436022,-1.6861926913303058,0.20406432102607833,0.4999959339296179,0.35981150249201665,0.3595484008176594,0.35984448599116126,0.12581786139625467,0.12574101914587432,0.12591208221726574
0.0,20.0,70.0,30.0,0.0649763006703269,0.0645597059073002,0.06471833594246713,-2.0874427077267854,-2.1008428390714453,-2.092855174608574,0.520759045264143,0.5220161464618023,0.5196628548444695,20.067672633168872,20.059973227582148,20.0552539333887,0.617145342061956,-2.0150473293853004,0.0005281444756187434,0.18960613530196418,0.24484502554526874,0.24489491268563776,0.244739030007333,0.06488453502720747,0.06475586212991807,0.06460077286980992
100.0,0.0,40.0,120.0,0.2675947578035584,0.2661271720610292,0.266713918038125,0.3161381516961698,0.2296348120364799,-0.6708706134789622,2.099638706418633,2.1000121636239206,2.099126385944416,8.983577997273228,8.97847550363942,8.980634469660215,0.5610908219554596,-0.5198393037975151,0.27660625035308994,0.04157741600192206,0.08777583688043943,0.08782100098601266,0.08795508982833178,0.2667759786524727,0.26671394210641786,0.26666545934030433
20.0,90.0,40.0,90.0,0.2437300536614055,0.2432044998694166,0.24347849095261967,-1.733708395180397,-1.7455947777162963,-1.8898359040575323,1.9249870384610752,1.9265764017827354,1.9265799388369051,13.802222920739942,13.803394713440069,13.7990352564216,0.7088879274287126,-1.824588487784622,0.12862541481404519,0.619156467660696,0.21716382460934208,0.21733708605680627,0.21710372117458754,0.2434135520798114,0.24363438030139142,0.24342606479519546
0.0,100.0,30.0,-30.0,0.2682592180634912,0.2677059119471225,0.26795662153189836,-2.0721875922852706,-2.0790351784889043,-2.0836763881482985,2.1166295719660337,2.118928445934458,2.1184556319138808,11.487731869148883,11.490818279385623,11.472967253665878,0.7218526693022318,-2.031979956440567,0.007015269716153158,0.6365295460936106,0.19900507552141178,0.1989805548837225,0.1987604470185177,0.2679045213384011,0.2681508308342832,0.26784585401550387
0.0,20.0,90.0,0.0,0.0552204159588051,0.0547325502484544,0.05501147394552441,-2.067755903727943,-2.0955140936141645,-2.0809512115338253,0.4462767096339229,0.44877157708756454,0.44723712239353713,25.46518215575342,25.468639959351307,25.446387876267195,0.617145342061956,-2.0150473293853004,0.0031962248402891643,0.20003356967669678,0.30451247239720064,0.3045632803274384,0.30416051071167877,0.0550983505468182,0.055238908925634815,0.05491516293566695
90.0,0.0,110.0,-90.0,0.2250620140327444,0.2218639903759913,0.22356850627594377,-0.2642698431452684,-0.2728583399621525,-0.5235245726549234,1.7597147422895174,1.760396541324084,1.758304902276475,29.790476403391725,29.788075859743692,29.786796015089106,0.5627466895884337,-0.520327770604589,0.8948937018694685,-2.209315076628852e-05,0.33507155786268794,0.33503725471057005,0.33485305278232247,0.22377274255529725,0.22359757244869724,0.2235156707198117
20.0,50.0,110.0,120.0,0.1174639162631721,0.1156767409619639,0.11658029004072187,-1.6550281505112812,-1.6664498302068724,-1.7089696877296343,0.9330263322069435,0.9370948452974338,0.93533983263067,31.667714646672202,31.684329168161366,31.674470055521212,0.658991099436022,-1.6861926913303058,0.20450103784949533,0.49998195602826,0.38866317016792057,0.38871424945712113,0.38852366680180184,0.11669949768440957,0.1169765386769028,0.11646944267312646
0.0,100.0,30.0,-90.0,0.2682587986954751,0.2677078221943766,0.2679564122070992,-2.072021568187392,-2.078892242384317,-2.083596379687221,2.116612629793889,2.1189345626703937,2.1184607715903305,11.487755185933873,11.4908116177273,11.472941038582734,0.7217959632689971,-2.031871738369725,0.007066113965167805,0.6365263215916093,0.19900395043497868,0.19898033830488068,0.198759316680185,0.2679033940769106,0.2681525488461235,0.26784463277454107
90.0,20.0,0.0,30.0,0.2678443436939156,0.2664194374515207,0.2671191453436325,3.138507663214784,-3.139145715686883,-2.091371096745004,2.1071827030186663,2.107671742525683,2.1086609405455197,3.263870079069641,3.2624943825360573,3.2630715711229517,0.5984987239536121,-0.7371513072756187,0.001077800017169901,0.33736537410795264,0.1060456079739773,0.10610138969482008,0.10602296515427467,0.2670945951588673,0.2672862225263488,0.2672253965023649
50.0,50.0,50.0,60.0,0.1971503368011959,0.1962717086623921,0.19690137134714344,-1.0384176111758667,-1.055268665758271,-1.3717977170770685,1.5562028836750368,1.5582433066713588,1.5560727015076796,15.09797180300623,15.093441072172524,15.08725589327506,0.6550888176419655,-1.2898374651384217,0.32139207447720436,0.36446405951836874,0.2064562782227213,0.20644448847899674,0.2064257770021569,0.1970135802449985,0.19699056396639064,0.19674496988837284
20.0,90.0,30.0,-90.0,0.2543051417202434,0.2535123911665843,0.25395638981523855,-1.679369330955614,-1.707197743003532,-1.894728942821261,2.0071298658356356,2.0066066927955686,2.008113963528975,11.139515060672252,11.14169750994587,11.139455612538063,0.7088309290247445,-1.8244895780993213,0.11406370287290421,0.5634794788888615,0.18940560068342874,0.18965751576881348,0.18944716067936088,0.25385886705864497,0.2539934077031549,0.2540677781370429
90.0,20.0,80.0,60.0,0.2441305641952365,0.2438704631974696,0.2440271209807231,-0.4026083773072845,-0.4050097118753225,-0.7785463846729067,1.9233208898057472,1.9241370346800348,1.9232731523876376,21.90006310280291,21.901828209108842,21.88830360805108,0.5984987239536121,-0.7371513072756187,0.728842528564378,0.18990610568744504,0.258188937166665,0.258096599516641,0.2580175607555493,0.24407749623205627,0.24407289031521553,0.24396386607007176
100.0,0.0,110.0,60.0,0.2277979169691231,0.2245707943549217,0.22629972825475186,-0.2611802398724746,-0.2696956192510015,-0.5235247389220039,1.7813434455764565,1.7819399680699979,1.7795994599917428,29.776036916548247,29.77418315426133,29.771731675588455,0.5610908219554596,-0.5198393037975151,0.9050812454739273,-2.2760614473428773e-05,0.33483110075550154,0.3347495763437838,0.3345824834480878,0.22652762802596507,0.22631121788226854,0.2262375162830838
0.0,100.0,50.0,-60.0,0.2481060317366792,0.2477325204403178,0.24790343357629346,-2.0909680890083755,-2.094465407646665,-2.0920692666390734,1.9617494257026573,1.9643438255615702,1.9622883205764705,16.767102000325757,16.77174279110961,16.749960122964254,0.7218466387704718,-2.03196994899214,0.0021235117735903327,0.7522145139726465,0.25424688559177405,0.25405179687640467,0.25391717023559907,0.24797855090992854,0.24805094222018798,0.24770301420428342
90.0,0.0,50.0,-30.0,0.2670285691750033,0.2664436761266653,0.2667591973224503,0.1051104377010748,0.0811660308081824,-0.6211511707755553,2.0998400699510453,2.100425686546639,2.099479153892077,12.198832276766371,12.200417655350586,12.19720086148178,0.5627453502146793,-0.5203297712223158,0.40769553011456194,0.040098565281922016,0.12840838690587772,0.128531066593578,0.12843406967717425,0.26681651461848255,0.26677724128924446,0.26670061696249286
50.0,50.0,40.0,90.0,0.2066373844411881,0.2051591147448937,0.20614643791413184,-0.9490333431904866,-0.9846478496628046,-1.3869773876064104,1.6287947330044392,1.6280465263478043,1.6293484191076366,12.287359060750543,12.28258296904996,12.275825921632139,0.6550888176419655,-1.2898374651384217,0.28113096999940146,0.3289134007853651,0.17592675486213027,0.17575325724979332,0.17577654338577378,0.20609837309066248,0.20617365205301721,0.206252639732808
20.0,90.0,30.0,0.0,0.254152315820249,0.2533602844205855,0.2538010937668894,-1.679364140059868,-1.7077730709509464,-1.894755473175349,2.0059125379746336,2.0053872944162023,2.0068807061841123,11.137918848869708,11.140072714194112,11.137854054729793,0.7088879274287126,-1.824588487784622,0.11394235093443807,0.5629746519710118,0.18934828136369672,0.18960207410444885,0.18939214485245184,0.25370498134259595,0.25383747694176545,0.2539121733604554
20.0,90.0,110.0,90.0,0.18668435184026,0.1846857205601677,0.18583572213840005,-1.8138914489662457,-1.8279872536039723,-1.867328671101653,1.4824018847228075,1.4816312202736763,1.48141985868048,32.5830936560686,32.5826909499133,32.582061226682725,0.7088879274287126,-1.824588487784622,0.2097059778120716,0.900157355167867,0.41761884631311164,0.4172082383249809,0.4169473885599889,0.18602111626844536,0.18591067080965254,0.18598224767807187
100.0,0.0,10.0,-60.0,0.2692064389423106,0.2635795598305945,0.26670519546567123,3.1371825061755376,-3.138639033970464,-2.254791402532905,2.1035324383323,2.104473989242022,2.106099048409612,4.626533079101551,4.63840572537922,4.624453464305937,0.561080722143373,-0.5198470547347898,-0.05178735223270126,0.3451554292816957,0.11515208247120098,0.1153142769634544,0.11501017755174567,0.26660258378610024,0.26692163815525216,0.26680837320243805
90.0,0.0,80.0,120.0,0.2499011974467658,0.2494597912799385,0.24972262598786504,-0.1648191405214299,-0.1671338401374991,-0.5633652503706756,1.966896811560918,1.965054666167161,1.9653343637055924,21.184299584932095,21.184679736913345,21.177884319456783,0.562745350766241,-0.5203297715459044,0.7035362192848766,0.028014179019212215,0.23569181116897725,0.23560813759194113,0.235395131791591,0.24978099396908085,0.24959378650094052,0.24981640505263122
0.0,20.0,90.0,120.0,0.0552218829272645,0.0547245794966326,0.05500970594265209,-2.067626665687038,-2.0959217969783586,-2.0806915688445184,0.44636437248733646,0.4486932874766056,0.44721126603480477,25.465066967492948,25.468613896556896,25.44661960635666,0.617145342061956,-2.0150473293853004,0.003247068769924959,0.2000269720140077,0.30450205255018836,0.3045510483389416,0.30417190822201207,0.0551000852382728,0.055226363021849766,0.054923504945788064
0.0,20.0,30.0,30.0,0.0894211715764108,0.0861854168681175,0.08793295653398046,-2.0489588713663367,-2.1281683821349726,-2.085857481884141,0.6946036033110694,0.7064910383788285,0.6978184694210505,9.36074835274427,9.363544014196158,9.347662076185543,0.617145342061956,-2.0150473293853004,0.0014033789780011228,0.13503061676690248,0.12985981828313664,0.12959379372656382,0.1297240848235324,0.08833762050571058,0.08877102821762267,0.0872958311263899
20.0,0.0,60.0,-90.0,0.0601124094567553,0.0596856404566566,0.05992562365617982,-0.6846607192700712,-0.7003385686368192,-0.8116975300128638,0.4740879530310718,0.47485439505123644,0.47418748073972317,16.664709957218815,16.664486210279236,16.658190948221765,0.5841556601541484,-0.5232332961483736,0.13315902013421557,0.039443789433994576,0.19380110524316435,0.1937886548299405,0.1937835896341709,0.059967219600809626,0.059975530661329955,0.05988383604796231
20.0,90.0,80.0,30.0,0.2296735128276018,0.2279473408427387,0.22886254417915666,-1.7865022805536503,-1.7942234461687283,-1.8685071909861743,1.8156977851289353,1.8149340419973554,1.819564036859144,24.769071157964316,24.75921985576119,24.762365154050475,0.7088879274287126,-1.824588487784622,0.20792205574174336,0.8999726953946448,0.3383138332329719,0.3380689753571938,0.33838798087335303,0.2285908755634908,0.22904961236303203,0.22913872239152885
20.0,20.0,120.0,-90.0,0.0621581698167001,0.0589158067212304,0.06058751716604209,-1.2457538458861566,-1.271329296567416,-1.3023070430621044,0.4904079884263504,0.49557588312138107,0.49177466711098355,33.62331353010174,33.63277075243118,33.6254855462586,0.6162537024832505,-1.2738160506707845,0.2042958922617751,0.2000120623520943,0.3940660533673543,0.39418821746120414,0.3939544796419596,0.06099309880397146,0.06113316417837282,0.060503146639421405
20.0,90.0,80.0,120.0,0.2296274111505338,0.2279415788862355,0.22885798823561143,-1.7866148694879087,-1.7940654727602872,-1.8685879238295504,1.8156347833523174,1.8149804397230351,1.819477576622821,24.770287717995387,24.759731937820852,24.76264862102345,0.7088879274287126,-1.824588487784622,0.20784314512760516,0.899970785949629,0.33832640779723905,0.33807356436477415,0.3383891955350191,0.22859365159035952,0.22904900800819636,0.22912332622399184
50.0,0.0,100.0,-30.0,0.1360081604861039,0.1353275692846911,0.13573186976327647,-0.3515188156854276,-0.3580002692744964,-0.5237702374814512,1.068872251405896,1.0686277205683241,1.0676588570674443,27.339794642538415,27.33540120647472,27.32743836839423,0.5786783316355263,-0.5219133871871054,0.5031743815642222,0.00011327547096172971,0.30977726275318523,0.30987111562061487,0.3098328362355211,0.13583660142105422,0.13569242867491454,0.13572559545326882
50.0,50.0,80.0,90.0,0.1751096991586404,0.1743585630423748,0.17474140751310704,-1.13138247532749,-1.1359793531619942,-1.3230297660733608,1.3851186353956393,1.3840796111232403,1.3860355377050848,23.326075254479456,23.324351421841033,23.323422035677797,0.6550888176419655,-1.2898374651384217,0.43131480391138366,0.44313002945661867,0.296035568528904,0.29606389730644994,0.2961817733417034,0.17464293411208615,0.17475410899245886,0.17489528816475372
90.0,0.0,70.0,60.0,0.2590076683197331,0.2584413320449688,0.2588477999373008,-0.1014137532435552,-0.106683873166134,-0.5792866038085713,2.0379278369162446,2.0385421091522002,2.0368560884539066,18.253154501069634,18.25173289629905,18.244908408410645,0.562745350766241,-0.5203297715459044,0.6218517932246083,0.03471375797984467,0.20135351926396305,0.20123258503387503,0.2012904529746445,0.25898060346840135,0.2588336409003528,0.25877106067867833
50.0,20.0,60.0,60.0,0.1537270936551637,0.1531815582120107,0.15353722134105224,-0.716471909401166,-0.7246024318786349,-1.0042625367028475,1.2122341155207714,1.2136099404573608,1.2128395634159008,16.993527007203742,16.98989566110062,16.986284836274237,0.6115535893142118,-0.8927449704416845,0.3396770138273339,0.1770852907430754,0.20870504545532478,0.20860366589942658,0.20853503155905898,0.153564298350084,0.15363116500482304,0.15345597068971087
0.0,50.0,10.0,60.0,0.1798206221052626,0.1787747422070397,0.1792347969227366,-2.088442306758244,-2.098199738445947,-2.092091195268779,1.4121097164872507,1.4172170427162978,1.4170932824748808,4.921917213247716,4.916334319501992,4.918876364743035,0.6597422425592191,-2.0628742020185755,0.0005944510407232828,0.2167927672751442,0.10196840723906359,0.10212554683110622,0.10231627655127071,0.17905625943012357,0.1797104875574952,0.179030392050433
50.0,20.0,70.0,90.0,0.1473117975912807,0.1469161637625701,0.14714797070943517,-0.7466733357891124,-0.7506945375286055,-0.9839025052343182,1.16354541067213,1.1634827121448337,1.162086602740221,19.758096570807293,19.7534009909165,19.74527336107912,0.6115535893142118,-0.8927449704416845,0.3775087934052045,0.1870902011588646,0.2392717291025494,0.2391528358777781,0.23910923611937093,0.1472786719526143,0.1470913470000179,0.14710205438403912
0.0,50.0,70.0,120.0,0.1314515439122337,0.1309464516150469,0.1311492048881647,-2.093216181337415,-2.1036748867435646,-2.0969952696337244,1.0462983455989467,1.0446662179251311,1.0436767724712874,20.865867263253026,20.86442548219884,20.854684027738568,0.6597422425592191,-2.0628742020185755,-0.0007365416674944341,0.4249955971284699,0.27132586598758507,0.2710604168015573,0.27119671274211327,0.13131623295977887,0.13098707526658762,0.13119087782345526
90.0,20.0,50.0,120.0,0.2676746875106772,0.2664388006666635,0.2670073599647059,-0.1484243631434874,-0.1707422142060572,-0.8373810609358828,2.1037206480066977,2.1044051538344886,2.102576545651697,12.975512886718546,12.970844152505585,12.968491507597491,0.5984987239536121,-0.7371513072756187,0.4685180798113925,0.1522095600982383,0.1540206623136959,0.1541126500194021,0.1539222361663278,0.2671272928229415,0.2669801698701915,0.26689169311353506
0.0,90.0,10.0,-90.0,0.2683735427092409,0.2666195550551624,0.26744497885688107,-2.057776457167698,-2.076150664442141,-2.085546316671254,2.1109915127507866,2.1078823714724138,2.1144782199317236,5.965580281789641,5.9637137647030825,5.9635649675341895,0.7099464008926043,-2.0546397911858674,0.003929367540401211,0.43365982815517057,0.13581920939589934,0.13570444133132606,0.13579692625806086,0.2670241821808531,0.2674790312594974,0.26783842537853486
90.0,0.0,100.0,0.0,0.2377999501092561,0.2373165492852483,0.23754108483259162,-0.2183071073615805,-0.220504442048402,-0.5188373172659755,1.869234322281662,1.8692279310917665,1.8698564947909617,26.854169605975418,26.84885846360055,26.84008779752563,0.562745350766241,-0.5203297715459044,0.852285271652599,-0.004032462399652833,0.300088744701674,0.29980482997794944,0.2999041717947253,0.23749654045915797,0.23757003103749083,0.23757637708550647
100.0,0.0,120.0,-90.0,0.2061141787103173,0.2045966207706966,0.20533886752980354,-0.3035079443786219,-0.3149718259709053,-0.5233535688772847,1.6168859187710418,1.6143508868655956,1.6187836321066433,32.70409550540352,32.701206595579826,32.69177312412374,0.5610990568329067,-0.5198272598879388,0.9054941661745294,-0.0002268441793657237,0.3690994610230352,0.3689853767272993,0.36882300469396956,0.2051361719284916,0.20539264691778597,0.20568232316887833
50.0,50.0,120.0,-30.0,0.1451508812703367,0.141666820084021,0.14330628699713657,-1.186995783344347,-1.213805171518916,-1.3053498153137773,1.1423819545460927,1.143320871633707,1.139938313791052,34.28873297664283,34.280347701006434,34.26144610126287,0.6550888177510775,-1.2898374653801254,0.5053537652230087,0.5001235355779102,0.41623303218166624,0.415743542764166,0.41573962254773594,0.14372915027072067,0.14341491767337045,0.14326878110170513
90.0,0.0,60.0,30.0,0.2670346383698734,0.2664713158586848,0.2667461605934558,-0.0114497953132197,-0.021667977971337,-0.5968556392001442,2.100266030372015,2.100311532792597,2.0990114947047833,15.226984242355341,15.226598763702274,15.221817517795712,0.562745350766241,-0.5203297715459044,0.5253345960725424,0.03866040207768254,0.16481917011570893,0.16480401474280884,0.16481447090035234,0.2668426325228601,0.2666869596736781,0.26668032741589714
20.0,90.0,60.0,30.0,0.2245838879392707,0.2239298920802941,0.22418881678977412,-1.7885017676479111,-1.7943893523884815,-1.8854689653334726,1.7741711998368996,1.7779939613457516,1.7781462791882658,19.13058706519487,19.151122363368284,19.13707606773105,0.7088879274287126,-1.824588487784622,0.15235073485888692,0.7164550925334727,0.27356485957992677,0.273644935759476,0.2734317068112811,0.2240307271057954,0.22453268639762977,0.22404930122249284
20.0,20.0,100.0,0.0,0.0728818472521607,0.0702274311059914,0.07149841750379746,-1.217988381747278,-1.26475160922595,-1.302379367424293,0.5737437013046879,0.5753873182545156,0.5728067867769091,28.165865680303607,28.165403913099407,28.15683792759932,0.6162442654560011,-1.27379193074638,0.20336113319896282,0.20004870028612717,0.3335947904486286,0.33369165245727306,0.33351908992231366,0.07177869261648516,0.07165925398115938,0.07146156662231337
0.0,20.0,10.0,30.0,0.1107217746609127,0.0960954687720493,0.10274996905647618,-1.676775707781542,-2.3643615538136897,-2.069470536640228,0.8168833922045194,0.8144549983221943,0.8129540873349752,3.9978066567489483,3.993956957962329,3.987154970709518,0.617145342061956,-2.0150473293853004,0.0018956030548953372,0.0873780713255518,0.07205042076609731,0.07212374733206982,0.07194921319572398,0.10335957498104056,0.10287040259961927,0.10316759564761634
100.0,0.0,70.0,90.0,0.2623991054444577,0.2617568882815299,0.262232906033364,-0.0936476477281688,-0.0992079344764254,-0.5783606138953791,2.064241781915361,2.065361850393324,2.0636520722624447,18.220326789190768,18.21638980327955,18.211876954891,0.5610908219554596,-0.5198393037975151,0.6278116878811589,0.034467152967994734,0.2006865170208777,0.20046144702021124,0.20044130989631484,0.26235018059224297,0.2622590150224239,0.2621310191558119
50.0,50.0,80.0,0.0,0.1750710348193355,0.1743182432616684,0.174702964983922,-1.132544331050906,-1.1370634384295255,-1.3239958793728357,1.3848333978885192,1.383833480227355,1.3856849637257609,23.328367463601385,23.326366502590883,23.32512940112002,0.6550888176419655,-1.2898374651384217,0.4308589900605368,0.44351415635306807,0.29607885925069466,0.2961122329544829,0.2962277326369875,0.17461187061938618,0.174714676475307,0.17485111217104307
50.0,50.0,120.0,30.0,0.1451500609436652,0.1416658295984772,0.1433050294845143,-1.186997822199165,-1.21381062116427,-1.3053591166367708,1.1423716966151685,1.1433126452282423,1.1399298352376885,34.288740140843856,34.28035669562491,34.261452912105504,0.6550888176419655,-1.2898374651384217,0.5053447193032578,0.5001236163583437,0.4162331299360062,0.41574366559190334,0.4157397095003857,0.14372792609530205,0.1434139160806103,0.1432675148209506
0.0,20.0,50.0,60.0,0.0759686885774234,0.0754193724423559,0.07567102435933698,-2.0780353189792287,-2.100643428877333,-2.087835245186784,0.6039745500274598,0.6026631640921074,0.6062319787681008,14.677906109777664,14.677539485781752,14.683134526547535,0.617145342061956,-2.0150473293853004,0.0012218623725353014,0.16862940223314365,0.18637560084601354,0.18661179242349712,0.18636395844217557,0.07543518613967355,0.07573036157759187,0.07588295277532481
90.0,0.0,20.0,-60.0,0.2885478561619105,0.2546107068272082,0.26593640317190803,2.8071722356384914,0.8272640947414417,-2.473393365436445,2.0928234369623397,2.096904674268133,2.0990514594729626,3.909274178349192,3.9201814131674335,3.9331888031998234,0.5627362595704826,-0.5203365939685822,-0.08429628412801668,0.17976260046000445,0.07369288872184279,0.07356024807364052,0.07392600705877195,0.2656827208460657,0.2664673184761981,0.2659636109499073
50.0,0.0,60.0,-30.0,0.1461051496877516,0.1455284344480807,0.14587460958862317,-0.336745106502366,-0.3435648598073212,-0.6434578371615581,1.149238819830147,1.1495841112199001,1.1488077179337637,16.302552408595968,16.305172572403666,16.293918350857364,0.5786783312689456,-0.5219133867130679,0.3232687434973689,0.03894593296006218,0.18681916670871954,0.1866143786956761,0.18669036370274733,0.1459415067532143,0.14587948333240058,0.14583653085774126
20.0,50.0,120.0,120.0,0.1098860100296437,0.107369156540156,0.10855138760174153,-1.6550134179252818,-1.682289986565835,-1.7090684001107668,0.8713911950195868,0.8732356270235772,0.8740191183719126,34.3646129131893,34.36653219930683,34.35295499147351,0.658991099436022,-1.6861926913303058,0.20456939868860408,0.5001565268978652,0.41764313506200507,0.41743199004847853,0.41741291338496334,0.1085915996729064,0.10892154814735505,0.10867098973955021
20.0,90.0,40.0,120.0,0.2437054153692808,0.2431663193499789,0.24344389327126031,-1.734233246650149,-1.7461908023402837,-1.8901420088223169,1.9246324240981942,1.9263126632449805,1.9263809877641005,13.802239612066465,13.803357348418151,13.798783249893997,0.7088879274287126,-1.824588487784622,0.12841528908251232,0.6191017375713487,0.21715071803401725,0.21733094654473165,0.21710719686956187,0.2433703580239813,0.24360926109472014,0.24339069671302424
90.0,0.0,80.0,-60.0,0.2495541771181615,0.249131367896588,0.2493761899302985,-0.1652080159233578,-0.1673860923690746,-0.5631249509675105,1.9641205864301137,1.9623452557591767,1.9626272906372233,21.186061467043842,21.186561407776434,21.179874314774388,0.5627423499598863,-0.5203319057614731,0.7026498460035172,0.02780835966264942,0.23571643794601643,0.23563745655199553,0.23542526677077047,0.2494311431647696,0.2492527111889857,0.2494668631154617
90.0,20.0,30.0,-90.0,0.2679243663817294,0.2661220178274539,0.26692729941504983,0.4125541678114708,0.1615802853606589,-1.0201434378304701,2.103462537935098,2.101994310475357,2.1014848954516476,6.2822475393739525,6.278195061141067,6.27824950362295,0.5984477001410571,-0.737203708895662,0.20278920932375336,0.11083888620147316,0.07252386640099628,0.07255287460888099,0.07264716380103543,0.2670384603503755,0.26678650750800165,0.2669765014515015
20.0,0.0,30.0,120.0,0.0717024983942941,0.0694127997428867,0.07062761715995466,-0.6896356479304935,-0.7454765926238205,-0.978718036149177,0.5573503453970172,0.5585683436177051,0.5588771828124134,8.468456767018683,8.473512824375499,8.469706008091343,0.5841886751953623,-0.5231776405480634,0.07808590778561972,0.03827532508339493,0.10332519866515429,0.1033854227250729,0.10339814465504261,0.07059292277297523,0.07079323117748292,0.07063699320682272
90.0,0.0,0.0,30.0,0.2680932158897342,0.2661191894949007,0.2671066627963567,3.139737002590997,-3.137595531737365,-2.0913635153408046,2.1063434904168994,2.108813275393117,2.108332702753439,3.257598329996023,3.2534092965334525,3.2580289794104638,0.562745350766241,-0.5203297715459044,0.0010846704900587146,0.33759284099648024,0.10623007091716266,0.10609125176379539,0.10628887382520295,0.26716173002220417,0.26741585679841645,0.26709910704099066
0.0,100.0,60.0,60.0,0.2390929806149261,0.2386409360456436,0.23884803661468493,-2.0883149950043203,-2.095477472836264,-2.0915326245124986,1.8920281019621996,1.8936413034616764,1.89260913427089,19.41933654050258,19.42299101323037,19.4062472414254,0.7218526699760112,-2.0319799578528905,0.0027939313854837542,0.8043497387501913,0.2822630807137046,0.28211799213095157,0.28167110903543624,0.2388783219287551,0.23897377877113005,0.23874332853301883
0.0,90.0,40.0,30.0,0.2381307088841508,0.2379154312839165,0.23801999513650576,-2.0937743886266547,-2.0955050590619786,-2.0933330999572726,1.8809560215860626,1.885348816087562,1.8838107465860336,13.889447825972486,13.887363866032173,13.882552955175393,0.7100174044766513,-2.0547884519709454,0.0009102827806843606,0.6217359580116871,0.21853879500488793,0.21857201613374144,0.21852691433596558,0.23798399351075467,0.23833162393458746,0.23777554563647288
20.0,50.0,10.0,-30.0,0.1899241437334335,0.1873901886272703,0.18887506707547919,-1.1823823643199085,-1.4221875339590773,-1.859628448752949,1.4903538712635622,1.4908869351675627,1.4924326644686996,4.632611210562521,4.630654967145096,4.629478130247487,0.6589910985676096,-1.6861926884971874,0.05129409983032017,0.2153945285720021,0.09874648400765128,0.09870443860596674,0.09867027315506954,0.1887856497799782,0.18904453535229265,0.1889719085500486
0.0,20.0,30.0,-90.0,0.0893973293554297,0.0861479914108829,0.08790638822649233,-2.0489772993293416,-2.128155503768072,-2.085910264649609,0.6944776137039137,0.7064270996617221,0.6974432805047817,9.360705985395528,9.363430850423162,9.347672014924704,0.6170896552702206,-2.014589232987513,0.0013971238697374746,0.13498369060834653,0.12986837340867333,0.12958382626087012,0.12973043966894385,0.0883362690008131,0.08874060295636362,0.08725561627655985
0.0,100.0,110.0,60.0,0.198792993687286,0.1969478718307838,0.19789329204400838,-2.0758618308731016,-2.086625230375727,-2.0835583302855922,1.577370541584817,1.5775026352853299,1.5777620688031002,32.79737398132067,32.79293334536737,32.792255758109874,0.7218526699760112,-2.0319799578528905,0.012600278966628645,1.000058668364418,0.42407474578958987,0.4242207304121087,0.4238813663720095,0.19798896421646733,0.19802446439483004,0.1980226022638469
20.0,90.0,30.0,90.0,0.2541884018954601,0.2533880239192799,0.2538319206273466,-1.6789288192387248,-1.7078471260187151,-1.894634511405593,2.0061495723347633,2.005622617771628,2.007142547228592,11.138007977313919,11.140190172268849,11.137930087738173,0.7088879274287126,-1.824588487784622,0.11402560028874296,0.563048063194733,0.18935735861707825,0.18960975313432102,0.18939904169612445,0.2537339221150965,0.25386953417998714,0.2539444832482276
0.0,90.0,80.0,-90.0,0.2234931514993298,0.2218076890480632,0.22266634963589133,-2.0860950996941554,-2.0915718764831683,-2.089311395160723,1.7706089425171543,1.7669265565498646,1.7675377718177592,24.811442048152323,24.801803342271246,24.79017807825839,0.7099966145179153,-2.0547463262319887,0.005645833255274958,0.8999595402587003,0.33894152623309665,0.3388813488510763,0.33863127820821154,0.22281793831790875,0.22245400378945882,0.22290591573661422
20.0,90.0,50.0,60.0,0.2337444597903829,0.2331873739183273,0.23350513794238165,-1.766359259715066,-1.7748084343276984,-1.8877429257414025,1.8489920132257869,1.849292261104505,1.8483846676495268,16.46833026111827,16.473093823251425,16.462639532029936,0.7088879274287126,-1.824588487784622,0.14074432488375532,0.6699293177186342,0.24557949093445755,0.2456172083097599,0.2451623140249925,0.23356631260931135,0.23351022366943713,0.2334647636352816
20.0,20.0,30.0,30.0,0.1067468044287835,0.1054815634910171,0.10626799387960548,-1.246195014973226,-1.2950867310232457,-1.5086865139328074,0.8419390918107873,0.8412118103249534,0.8410027767610299,9.175774529522851,9.173503093082195,9.168912291669706,0.6162442654560011,-1.27379193074638,0.08841545767420575,0.13331301982329904,0.12637124603658312,0.12628133682110382,0.12622319648542674,0.10634883432378063,0.10623257148685944,0.10632545833724957
50.0,0.0,100.0,0.0,0.1360072691249678,0.1353226892183715,0.13573121608289765,-0.3515189214764175,-0.3580167049677132,-0.523773632545952,1.0688675868945408,1.0686232977527526,1.0676546043664934,27.33980097941131,27.33540767721481,27.32744623897025,0.5786783317088385,-0.5219133872819157,0.5031719759288037,0.00011502150918082426,0.30977745684970087,0.30987132882370566,0.309833051846895,0.13583600570079435,0.13569188654516776,0.1357250221690099
50.0,0.0,100.0,60.0,0.136006757525629,0.1353131505013437,0.13573028257087344,-0.3515190113595841,-0.3580349620128665,-0.5237771584447806,1.0688612562602953,1.0686173106997774,1.0676488722452124,27.339808820621183,27.33541553645865,27.32745555400508,0.5786783317088385,-0.5219133872819157,0.5031680798312621,0.00011683906388906869,0.30977768962283525,0.30987158153959143,0.30983330181870655,0.13583519963180438,0.13569115727725153,0.13572424859416718
0.0,50.0,60.0,0.0,0.1384222362469843,0.1378776772612982,0.13820407901417534,-2.0959036851119097,-2.099780725636546,-2.0961078924228858,1.0985311719918942,1.099210269362633,1.0992137983952661,18.188681622059526,18.1847965599769,18.183061943666424,0.6597422425592191,-2.0628742020185755,-0.00041611983715976285,0.40038826571662045,0.24221208256282664,0.24193225190183318,0.24198175513230782,0.13818906755747654,0.13829035579282473,0.13818153766532731
0.0,50.0,110.0,60.0,0.1085742018206303,0.1070984658446959,0.107941548053627,-2.0836530575032266,-2.094797603526817,-2.0894390144124118,0.8697282131037133,0.8682103096494176,0.8675171782206755,31.68768083546273,31.675281486960085,31.674335388655035,0.6597422425592191,-2.0628742020185755,0.004090683536257378,0.49996462339529707,0.3888009765937663,0.38878700778769587,0.38835122153506024,0.10817166372933505,0.10791808928284678,0.10810055448946607
20.0,20.0,120.0,-60.0,0.0621568148663889,0.0589006670960478,0.06059172717455153,-1.2455064852076962,-1.2721699194670792,-1.3023318702322315,0.4908221349073828,0.49520946145090505,0.4916970210786479,33.6239318983854,33.63251669605446,33.626514767277804,0.6162457426638557,-1.2737957356557519,0.204301207165034,0.20002715413831396,0.3940888315593236,0.39421527311237814,0.393976424769545,0.0609998350051448,0.06108674891745257,0.060556192358353106
20.0,90.0,60.0,-60.0,0.2245358173470886,0.223857923053527,0.22414765950095933,-1.7901550164976516,-1.7950133522871177,-1.8865948586082943,1.774338092889746,1.7769360038157198,1.7779386081392445,19.13156273343809,19.14972443956442,19.135802633587307,0.7088831007528793,-1.8245799074890647,0.15151812518410498,0.7165201921788628,0.2735955170731706,0.2736453543501708,0.2735067216430964,0.22396471196234483,0.22441638790316676,0.22408979602729567
50.0,20.0,60.0,0.0,0.1537098687734856,0.1531848195440386,0.1535342994536181,-0.716322497495312,-0.7232363077798794,-1.0038475881805824,1.2121695857481878,1.2136241415348565,1.2128057575476583,16.99284497339858,16.988759667614172,16.985682079451585,0.6115535893142118,-0.8927449704416845,0.33970176804534186,0.1769175517129181,0.20867259218439405,0.20858168815005346,0.2085179065885616,0.1535616531300882,0.1536324590609562,0.15344826766901276
0.0,100.0,30.0,30.0,0.2682599002496649,0.2677084598629869,0.26795773317400456,-2.0724165448471625,-2.079251116322214,-2.083787275734674,2.116650394413037,2.1189234123653344,2.118465554962759,11.487723378486772,11.490826276680238,11.47302657498815,0.7218526699760112,-2.0319799578528905,0.006944658210526147,0.6365356883014686,0.19900598877458686,0.19898151624403634,0.19876227746191558,0.2679054433259967,0.2681503685376696,0.2678486963726367
90.0,20.0,100.0,90.0,0.2421852406995185,0.23915166281564,0.24087891691267171,-0.4422030895198015,-0.4504376661697809,-0.7419354288656922,1.8976948578519492,1.8992977081007054,1.8997945274557924,27.528626768368635,27.52267717129689,27.516883318231333,0.5984987239536121,-0.7371513072756187,0.903127024052117,0.20029834000105184,0.3214959656770671,0.3213425443190906,0.32152426952489255,0.24082488663889992,0.24108722303940364,0.24089240354573946
50.0,50.0,110.0,-90.0,0.1549669986401823,0.1533103412539853,0.15409987562097321,-1.179118774820605,-1.1851582394930926,-1.3053314509553198,1.2315241382076982,1.2231033210805269,1.2238754801439573,31.57999663410811,31.55868567484551,31.54341868751714,0.655090302303027,-1.2898386779077624,0.5052832354934578,0.4999372760167785,0.3867527540003188,0.38631041631554286,0.38649606734222897,0.15448073323147082,0.15352821063461686,0.15460011251447886
50.0,50.0,120.0,60.0,0.1451504984703025,0.141666297723697,0.14330582388694904,-1.1869963969284143,-1.2138075625399096,-1.3053546046555382,1.1423776927473033,1.1433176366978988,1.1399348397728042,34.28873720767113,34.2803530253979,34.261450152046606,0.6550888176419655,-1.2898374651384217,0.5053499178892601,0.5001248448280955,0.4162331082403246,0.4157436310408025,0.4157396917869793,0.14372865574225696,0.1434145214058402,0.14326825137029012
90.0,0.0,90.0,-90.0,0.2410990504580247,0.2408638724999198,0.24100497596099688,-0.2074762758015157,-0.2101244183610073,-0.5480811575716749,1.8965766587603634,1.8980514740284353,1.8966272407240337,24.074108501265044,24.07363535851024,24.061239685473122,0.562733430376933,-0.5203478894493087,0.7755709767742857,0.01899870544922517,0.2692561417379368,0.2690711144342654,0.26891288709162237,0.24107668063246637,0.24107387053498394,0.24088713904012732
20.0,90.0,40.0,-90.0,0.243833519868557,0.2433080124508565,0.24357760483486174,-1.7342448691058778,-1.7458319349484597,-1.8902202598886624,1.9256216965432291,1.9274241489870265,1.9274430270023257,13.803802220177008,13.804993245416092,13.800208054917272,0.7088384050594722,-1.8245012480005607,0.128472016237918,0.6195991107335415,0.2172020374578805,0.21738502161692821,0.21716287385378824,0.24350331686843488,0.24375075249670286,0.24351712533176484
20.0,90.0,80.0,60.0,0.2296294296317903,0.2279445419196308,0.2288598910110065,-1.7865572327214876,-1.794296161520679,-1.8685531471929144,1.8156486758312909,1.8148760812476648,1.8196163282286122,24.76802299330731,24.758981423566333,24.762267533744787,0.7088879274287126,-1.824588487784622,0.20787807736766872,0.8999722738160865,0.3383035141502498,0.33806945146925643,0.33839277852805905,0.22857954174188092,0.22905028213874803,0.22914219144672537
90.0,20.0,90.0,-90.0,0.2355918758300846,0.2351282444491086,0.2353312777157831,-0.4418324017920904,-0.4435074536577864,-0.7633507722461895,1.855050008801493,1.855100878227269,1.8557594926705083,24.751665604064463,24.74127780129226,24.736819875018035,0.598486277617093,-0.7371634184567735,0.7939715312252619,0.1940152836805378,0.2904217710608897,0.2902557299223223,0.2903921053862429,0.23527689064150187,0.23536406933558512,0.23537000481334294
50.0,0.0,20.0,30.0,0.1796792194992701,0.1624318968372876,0.16909526717720522,0.4808840142231483,0.0703713756321178,-0.9755573111140792,1.3486649736972511,1.3515460601325027,1.349115907340497,4.40406238667068,4.46793644987818,4.447489343081699,0.5786783317088385,-0.5219133872819157,0.08995435012289023,0.04963211446068455,0.05759481968236435,0.05790150762121104,0.05798831145114143,0.17144690030214943,0.1715422373432526,0.17114285175384367
0.0,50.0,90.0,-90.0,0.1267790223571956,0.1254207694408254,0.1260215683432976,-2.065606072601602,-2.091745733224956,-2.0799210318127894,1.006803607279062,1.007141508036804,1.0077327375319718,26.370432089786906,26.364576874287447,26.363690148154184,0.6597274374631691,-2.0628335106303157,0.007951760051113655,0.5000081222886107,0.33247804699911987,0.3324321743349979,0.332475625557703,0.1260324885998002,0.12613578839342826,0.12610500721299545
100.0,0.0,0.0,0.0,0.2681838648967198,0.2662570636014304,0.2670930823280933,3.139468411462252,-3.137894126488257,-2.0913395982762553,2.106323822438738,2.108170791264609,2.1081903471689416,3.259088505745051,3.2545722613238444,3.256827675389317,0.5610908219554596,-0.5198393037975151,0.001087760444834863,0.33755110806089755,0.10622403317919489,0.10609607795342103,0.1062872486692559,0.2671127912721664,0.26735127191228014,0.2671099584279241
100.0,0.0,60.0,-90.0,0.2670378170600436,0.2664744112082506,0.26674618496881763,-0.0107982121470469,-0.0185028033577356,-0.5958699528854638,2.1003046204770555,2.1003358657272018,2.098931135314443,15.223963730133502,15.223849520105455,15.218997607444024,0.5610601085408713,-0.5198879099140237,0.5250235407912179,0.03810639263418531,0.1647175737201974,0.16470203545484008,0.16471142910927714,0.26685246733885915,0.26668176046550784,0.2666765915603803
20.0,90.0,0.0,120.0,0.2679260034422203,0.2667034413839632,0.26722974778313086,-1.9763052975495088,-2.008908931798876,-2.0914146259727744,2.1085956292067305,2.1055189786570208,2.1097433493791766,3.2151184671519726,3.211868933624792,3.214732747472632,0.7088879274287126,-1.824588487784622,0.0010579922282224349,0.33271259031504963,0.10457801773853691,0.10457110005406604,0.1046005831839709,0.26700803496389,0.2671549683022631,0.26755718736629913
50.0,20.0,30.0,-90.0,0.1776319567670586,0.1734436354672256,0.1760512945982843,-0.3974268134896582,-0.5030870148831276,-1.0941739363346963,1.3886653108938005,1.3895118833478457,1.3883702889107283,8.353478176475207,8.35395849652058,8.349696163786756,0.6115008984646241,-0.8927503121489011,0.19763486448416032,0.12716121751424533,0.11190679227254081,0.11183032409809307,0.11197967603824474,0.17619485298706014,0.1761554015547397,0.17605056147154835
0.0,90.0,20.0,30.0,0.2590791326410615,0.2586360589033835,0.2588272043775223,-2.0890529163940994,-2.0935245659490542,-2.0913452144264095,2.0440994698048596,2.0438390633543517,2.045756146043898,8.62482695184967,8.628130396043813,8.617616532002753,0.7100174044766513,-2.0547884519709454,0.0016700601483856288,0.506554219012364,0.16394702335038777,0.16410951558941125,0.16405885179662869,0.2586785801662274,0.25889019029588056,0.2589240797910154
20.0,0.0,80.0,-30.0,0.0549410810387835,0.0545985949521957,0.0547430338735363,-0.6040531548804942,-0.6176016565577103,-0.6946575651458926,0.43179913431697015,0.4336948147201712,0.4339993471787476,22.101940697928175,22.098506906876835,22.09832628688741,0.5841886749458081,-0.5231776397873271,0.1640700568439439,0.028315152748866926,0.25366979043664845,0.25376391511521046,0.2537557778057066,0.05467122817591812,0.054936364942463664,0.05471053437769642
20.0,20.0,80.0,60.0,0.0784925876409254,0.07798470571797,0.07826604619177079,-1.3032064425236864,-1.322329825819822,-1.3903929255719532,0.6259188392164221,0.6266499760840831,0.6251098301326395,22.723409857234223,22.722730764347617,22.718194775508756,0.6162442654560011,-1.27379193074638,0.16620744394477463,0.1953538122241628,0.2740131068405497,0.2741863729844717,0.2737553202478205,0.07838532497467866,0.07828539965484513,0.0781848184470244
20.0,50.0,90.0,0.0,0.1369355595221921,0.1351560100513158,0.13622638770064982,-1.6261752005426575,-1.6523963443050231,-1.7088918164764395,1.0880919305531036,1.08451400808124,1.0866519146314568,26.34315286594967,26.338934624552756,26.337269756215793,0.658991099436022,-1.6861926913303058,0.20365197613270686,0.5000157121924234,0.33218946996350834,0.332082315027559,0.332077053863362,0.13628528362848635,0.13612051988220564,0.13655458121688754
0.0,50.0,0.0,120.0,0.1896235168096564,0.1880860793037368,0.18879349224684105,-2.083283366726344,-2.0976260283870025,-2.091254250480626,1.491095395291005,1.4885455106854206,1.4882940999595136,2.275052666665101,2.287119275823922,2.273906633417012,0.6597422425592191,-2.0628742020185755,0.000570303086145579,0.16592993215842292,0.07425986958180297,0.07433566372924634,0.07416983747215061,0.1889320905597538,0.18858154281180603,0.18891229800925755
20.0,90.0,30.0,-30.0,0.2542000240169106,0.2534041540946856,0.25384897096536185,-1.6792642494509131,-1.7074205245374443,-1.8946885617843645,2.006282314317539,2.0057598808164463,2.007269105954282,11.138288243511465,11.14047141869097,11.138237809786512,0.7088879267383141,-1.8245884862509547,0.11401199760305421,0.5631165069926874,0.18936543532123537,0.1896171227215894,0.18940694572558958,0.25375136614108335,0.2538862267957282,0.253960496401267
50.0,20.0,80.0,-90.0,0.141197678147746,0.1409573465016374,0.14111358537817564,-0.7620814374467019,-0.7639732067358852,-0.9624002709074877,1.115078205302446,1.1166436823942245,1.1162018755185648,22.514643765149213,22.510027673067036,22.508488889191813,0.6115340220721148,-0.8927469210561089,0.41242287217939344,0.19343188262780528,0.269925674698105,0.26987908364990854,0.2699348818429397,0.14109819728851355,0.14123928088113782,0.1410448001328923
0.0,100.0,80.0,-30.0,0.2429355411934723,0.2412917663344079,0.24203587500411877,-2.076952136557409,-2.0835596466193533,-2.083508043806845,1.921089402449119,1.9210694861631223,1.9216301737990338,25.042209284960443,25.036880570908195,25.03470633951394,0.7218526697325147,-2.031979957345852,0.012184144442192195,0.9999290625750081,0.34663066350204413,0.3466072698052288,0.3463703488133082,0.2420471002107215,0.24212930805485092,0.2421159640004253
20.0,20.0,100.0,90.0,0.0728825060620975,0.0702278761895106,0.0714987668340801,-1.2179149499084638,-1.2647610004224623,-1.3022834530695093,0.5736608471128366,0.5752859658172937,0.5729151094992698,28.16499295006357,28.164854434131506,28.15702042450517,0.6162442654560011,-1.27379193074638,0.20337140543628426,0.2000339402449826,0.33358477436674594,0.3336831698297921,0.33352056739204655,0.07175768400456602,0.07166524217068375,0.07146771524589836
90.0,0.0,80.0,30.0,0.2496850008212315,0.2492559735938221,0.2495063939489993,-0.1651584712932463,-0.1673763633237836,-0.5633025601022583,1.9651753475761342,1.963360922646513,1.963640583259303,21.18567987308225,21.18607169373171,21.17932159087598,0.562745350766241,-0.5203297715459044,0.7030047619142042,0.027948080152775747,0.23571588066199006,0.23563423575474987,0.23542115199333746,0.2495633596344333,0.24937957107302078,0.24959861268178613
0.0,50.0,70.0,-60.0,0.1315008786495142,0.1309950983498214,0.13119911049621671,-2.093534071575168,-2.103983079656113,-2.097252235595516,1.0466629175120057,1.0450817530030279,1.0440763723819886,20.866405497768262,20.86504508612689,20.85516225893031,0.6597379043110279,-2.062862159713966,-0.0008460032748549437,0.425188673577282,0.2713467249381981,0.27108158828618856,0.27121622918082555,0.13136541599520302,0.13104076918162974,0.13123805165056646
0.0,20.0,50.0,-60.0,0.0759074091765231,0.0753661330244696,0.07561111740095497,-2.079203011936433,-2.1019106686531086,-2.088951196551401,0.6034633444054549,0.6022331707348523,0.6057637846814917,14.676638487975664,14.676856871497963,14.6818120474955,0.617139031378273,-2.0150039322190456,0.0010326284615818982,0.16847477819279041,0.18636002282963252,0.18660544427268907,0.18634635275246592,0.07537498395791534,0.07567511397152285,0.07581815988560363
0.0,50.0,80.0,0.0,0.137582137137054,0.1347359119377163,0.13689281906463904,-2.0781029508885047,-2.098455426791868,-2.089116245771546,1.091382282141597,1.0922432724821665,1.0916705950313017,23.705834988152144,23.71169386890746,23.702484418366673,0.6597422425592191,-2.0628742020185755,0.0032002687059089524,0.4984854711220566,0.3052319284941061,0.30511846017237026,0.3047844923111237,0.13697988304962813,0.13701682687498223,0.13690205802456126
50.0,0.0,110.0,60.0,0.124284407778468,0.120942558388628,0.12284368971118315,-0.3782624280659903,-0.3913107339012883,-0.5235494545585265,0.9672079473095245,0.9668973557402105,0.9668283637624093,30.187598109501522,30.18539689490121,30.17833069322152,0.5786783317088385,-0.5219133872819157,0.5033937348371609,2.351888512591486e-05,0.34278227571587067,0.342798577055091,0.34261868013435837,0.12294454934278275,0.12290765569994201,0.1229375396929565
20.0,50.0,50.0,-90.0,0.1548617961147212,0.154300838379799,0.15463925657148,-1.626853218739135,-1.6354758599207622,-1.7557728558053,1.2285249468514263,1.2263677727906255,1.2241992521284522,15.46439508636116,15.454455398277169,15.451860966930377,0.6589486682977368,-1.6860832938920285,0.1307849014709648,0.3708874316137318,0.21284165620022988,0.2127341835525986,0.21279661713042555,0.15493334960467037,0.15438812218446937,0.15466194388462162
0.0,20.0,50.0,-30.0,0.0758958162381182,0.0753634363263603,0.07560509035511055,-2.0800794661366195,-2.102673275155829,-2.0896826410228413,0.6034309392504735,0.6021906435502707,0.6056987817210726,14.676290829652688,14.676724865297603,14.68149566249735,0.6171453415593645,-2.0150473259397073,0.0009092965707926016,0.16845981403324697,0.18636100295373037,0.18661051442938512,0.18634506496771958,0.07537097024131081,0.07566720786165022,0.07581167544016068
0.0,50.0,60.0,90.0,0.138382814500016,0.1378443134401664,0.13816819189853366,-2.096286867439096,-2.1002696448581,-2.0963910754935036,1.0982382268595965,1.0989167688731971,1.098946077490236,18.188211103691952,18.18444859650295,18.18267954807496,0.6597422425592191,-2.0628742020185755,-0.0005291991383251208,0.4002613701808204,0.24218851438316844,0.241910691529679,0.24196433600700662,0.13815087640162585,0.13825534034553202,0.1381465145887708
90.0,20.0,80.0,0.0,0.2441049854341027,0.2438531615008677,0.24400251175026957,-0.4025335967330838,-0.4049092680614622,-0.7784382380370702,1.923124949016468,1.9239433967156792,1.9230739129727314,21.899816830269902,21.901604612751132,21.888053904170228,0.5984987239536121,-0.7371513072756187,0.7287624103153396,0.18980066177484062,0.25817916073992636,0.2580873363317568,0.25800806935393444,0.2440531062457832,0.2440481057087779,0.24393879324861328
90.0,20.0,40.0,90.0,0.2674732333883053,0.2665721308018223,0.26698044919065633,0.0216705048988662,-0.0440555979192982,-0.8841567382703015,2.1032065309724417,2.1035284358828545,2.1021052188173077,9.822498377506571,9.816883434721808,9.816390608091227,0.5984987239536121,-0.7371513072756187,0.3476016881922153,0.13147795334642903,0.11642359748282839,0.1163978514085441,0.11646822039983673,0.2670900705824736,0.26694536884769954,0.2669134754704329
0.0,20.0,70.0,120.0,0.0650341147432548,0.0645548860879524,0.06472019274937421,-2.08307761851926,-2.098872594531568,-2.089951819810812,0.5209532620842243,0.5219372912265352,0.5196182628899554,20.065514734750344,20.059590470049596,20.055537598374467,0.617145342061956,-2.0150473293853004,0.0010780879588630698,0.18961472160072237,0.2449043277667272,0.24491322628094636,0.24479927645701566,0.06489605366944695,0.06473694292627934,0.06461541367436342
20.0,0.0,120.0,-30.0,0.0459832047478993,0.0437892676012319,0.04502349389628714,-0.4343236157766258,-0.522988269693584,-0.5230633212115919,0.3583341348444829,0.35794257072283064,0.359265950801025,33.10418043206102,33.10738316235526,33.09244720445,0.5841886753023161,-0.5231776408740855,0.20372741055541677,-6.011342764465286e-05,0.3771691658377086,0.3769534856798136,0.37707971025350223,0.045342314705166205,0.045492821231626554,0.04551278272979903
20.0,0.0,90.0,0.0,0.0527751638731097,0.0521643378305384,0.052469042514750104,-0.5512523122474197,-0.573934781063854,-0.6331400782206217,0.41523612297771084,0.4159883895868445,0.4133297197793972,24.835236980811043,24.831087294825608,24.824775354912877,0.5841886751953623,-0.5231776405480634,0.17755849601393153,0.01951220359349633,0.2842524573632485,0.2843805974004051,0.28398636395308224,0.05271631688665519,0.052452748468811795,0.0523681825540522
0.0,20.0,30.0,120.0,0.0897387135627107,0.0861714407824677,0.08801964732357016,-2.053750882580166,-2.11904241322254,-2.082645320173302,0.7028183523646455,0.6994687400705061,0.697163635066775,9.33159854747422,9.346728153816139,9.33712545865675,0.617145342061956,-2.0150473293853004,0.00177547039774312,0.1351032800407771,0.12941907156476934,0.1294894106678056,0.12936064747960413,0.08854425094180508,0.08775612121986326,0.08819187002214393
100.0,0.0,100.0,60.0,0.2400650816651896,0.2396148915991988,0.23981948245006282,-0.2155193903604035,-0.2183555593725051,-0.5193840433185671,1.8870274891431158,1.887714256139634,1.887386631661943,26.841252975073346,26.837270302771206,26.828393224313004,0.5610908219554596,-0.5198393037975151,0.8598208139215942,-0.0035990454706083743,0.2997545001510806,0.2995571505594856,0.2996753120378839,0.2398244101602623,0.23986150405614165,0.23978609308486498
90.0,0.0,50.0,-60.0,0.2670258909743523,0.2664435211057487,0.26675945965732106,0.1051668928250963,0.0814333253160673,-0.6210524654319941,2.0998160209915584,2.100423309850677,2.0995081888796565,12.198622930056498,12.200147383037,12.196854581786402,0.5627392996185876,-0.5203342681209638,0.40766358535211283,0.04005294401354105,0.12839660788825338,0.12851914432222933,0.12842425738501817,0.26681320105961137,0.26678060499238904,0.2667011018598864
20.0,0.0,10.0,-30.0,0.087242689778171,0.0661970975716736,0.07667065351962313,-0.2263408585695958,-0.7643390851585771,-1.262585954518828,0.6851246955889048,0.686657939711307,0.6838168433861495,3.226324960593081,3.2367610662167237,3.2023409894803434,0.5841886743219498,-0.5231776378855622,0.028924279595274036,0.04310427092775233,0.06056838664772637,0.06063345610967407,0.06036548978432905,0.08692715758167385,0.08674442201189583,0.0865827539534998
0.0,20.0,10.0,-90.0,0.1098914828797593,0.0964361130513871,0.10326687926234587,-1.6527881948829872,-2.3857223454935657,-2.072635306811252,0.8189164483955317,0.8183160409644508,0.818032978390704,3.99809042141646,3.998712828673748,3.995610499141782,0.6170754015498389,-2.014483691367458,0.0017985544752547793,0.08783194656749431,0.07234071618753826,0.07219178715154163,0.07213422629157494,0.10364427663180126,0.10352966049542982,0.1036124989502347
20.0,0.0,80.0,120.0,0.0551214074719676,0.0547796310289068,0.05492471906855779,-0.5985507698461372,-0.6170587299655385,-0.6935509396147002,0.4332913037620272,0.4350547596640812,0.43539154646764894,22.101385646604356,22.097492955426155,22.09758218246098,0.5841886751953623,-0.5231776405480634,0.1646336598814903,0.028230206817620576,0.2536566679205704,0.25374179720301593,0.2537372266935075,0.054855454110827595,0.05510859842415446,0.05489951793821049
100.0,0.0,110.0,90.0,0.2277987954336741,0.2245709116255838,0.2262998576974454,-0.2611782332696745,-0.269694989322788,-0.5235241283095748,1.7813443011878036,1.7819407113379553,1.7796002356569562,29.776034904877402,29.774180981113087,29.77172927297211,0.5610908219554596,-0.5198393037975151,0.9050817414821524,-2.3299023037162823e-05,0.33483103179328133,0.3347495118990122,0.33458241371701186,0.22652773120753336,0.22631131175635943,0.22623762347120407
50.0,20.0,0.0,0.0,0.1780277789475491,0.1768142777220722,0.17736792859622252,2.078552356130148,0.2341865039075016,-2.091313373327975,1.399845216609994,1.3967637506166455,1.4013003044470471,2.1632688442159465,2.1604664793887562,2.1569571913429826,0.6115535893142118,-0.8927449704416845,0.0005054610556670989,0.1476541196251637,0.07049995520675179,0.07047616572837193,0.07028597243208515,0.17714271751852273,0.1773235080558815,0.17771757996928242
0.0,90.0,50.0,-30.0,0.2287545588870429,0.2282855227767481,0.22848659841774605,-2.093601805856662,-2.1004861648926347,-2.0943870099387003,1.8096828287778686,1.8092846618189407,1.809975240845758,16.53273782940452,16.53371688687079,16.519880655424206,0.7100174039758923,-2.054788450852761,0.0003359335702710616,0.6725743796668666,0.24658532989570223,0.24633182771152518,0.24643268240053007,0.22845510087132997,0.2284988948838384,0.22852130115608776
50.0,20.0,40.0,-90.0,0.1687281681791802,0.1663011377453219,0.16801083657339325,-0.571809841914196,-0.615780485734511,-1.051486126102056,1.3254525446946173,1.326743405740064,1.3256661368161997,11.316463808710369,11.317118751742589,11.309274225123708,0.6115074720915072,-0.8927495744761412,0.2520647425533795,0.14708825866847725,0.14518310993182648,0.14514997232361201,0.14506249577504024,0.16809317652595826,0.16810899433141704,0.16794257689952535
100.0,0.0,80.0,0.0,0.2528668599509199,0.2523384546388418,0.25262585652086317,-0.1584111102282498,-0.1615802120381265,-0.5624036492007699,1.9892957166982828,1.9878501106881068,1.988695074073574,21.15801128694392,21.15722374677719,21.156420482423833,0.5610908219554596,-0.5198393037975151,0.7101027920928011,0.027588431696847975,0.2351201842003101,0.23507232422774016,0.2349177258815925,0.25261659134599806,0.25255503122308137,0.25273180267392853
90.0,20.0,0.0,-30.0,0.267666060554819,0.2668245268913211,0.2671368274811364,3.13618416066441,-3.1413935873884675,-2.091379301020851,2.107573261670426,2.1076637561321983,2.1087824175539267,3.263291604175232,3.2609566120814204,3.260666983573048,0.5984987229297141,-0.7371513063754755,0.0010759816130481718,0.3374165788478888,0.10611701802110868,0.10610673077171584,0.10599674407186502,0.2671228147291075,0.2672824797115796,0.26726723564384125
100.0,0.0,100.0,-60.0,0.2399402336500482,0.2394708688594407,0.23968764007192436,-0.2169314594027177,-0.2192521006604666,-0.5203011449126139,1.8861337831530045,1.88612063606709,1.886795696184444,26.845023853208083,26.84073393715175,26.830482909276764,0.5610899779904375,-0.5198399217197097,0.8596429144064381,-0.0028096381248122544,0.29991603692663865,0.2996768462534225,0.2997713238461705,0.23963705835074917,0.23971768730492926,0.23972446936898692
20.0,0.0,20.0,0.0,0.0753642417702162,0.0734565116722423,0.07452986430897238,-0.6023510897573118,-0.7220541544145936,-1.0572942120492692,0.5888636407349733,0.588959115856868,0.5881239843393204,5.686882581882441,5.686380332541202,5.684265954336826,0.5841886751953623,-0.5231776405480634,0.05571985014369015,0.03306498637665661,0.07290604284851183,0.07283746159337051,0.0730627406826546,0.07462579063453949,0.07451630434158492,0.07453592769899954
20.0,50.0,60.0,-90.0,0.1473801594883977,0.1467594475137059,0.14710057897685866,-1.6445020648454032,-1.6513563664040418,-1.749187362293192,1.1685282338308096,1.168917624135271,1.1674702466316835,18.144829563544974,18.148145791451498,18.136118036892338,0.6589554919183592,-1.6861026438779918,0.14396898285305135,0.3996585631651048,0.24148637695624753,0.24145551539911264,0.24150175091942216,0.1472233490395483,0.1470912005844585,0.14704025476877525
0.0,90.0,50.0,90.0,0.2285771079554223,0.2281707912000067,0.22837458385091788,-2.0933215444476714,-2.099059333047163,-2.094154981935597,1.8085272903738192,1.8083380622641527,1.8093974023582504,16.530056978483955,16.531710738564744,16.518066151999847,0.7100174044766513,-2.0547884519709454,0.000493232633520006,0.6721272365014546,0.24652217606884946,0.24630763059099478,0.2463908532155137,0.22830216198473977,0.22841931657813064,0.22841598993036843
90.0,0.0,90.0,30.0,0.2412731058685034,0.2410405338674565,0.2411791018093291,-0.2074047559367368,-0.2100704645506297,-0.5482659830550854,1.8979538051546312,1.8994186408214866,1.8979987206553743,24.073510446562214,24.073051079719104,24.06058631845393,0.562745350766241,-0.5203297715459044,0.776113077688443,0.019156295827696755,0.2692530816456989,0.2690730121954678,0.26890373747324764,0.24125091866678008,0.24124740224888608,0.24106161412246335
20.0,90.0,100.0,60.0,0.1994533883385158,0.1978272487800907,0.1985977459295533,-1.804487837463748,-1.8193793325034096,-1.867339426403303,1.5794848840609323,1.580929243590611,1.582242051375515,29.964203074772175,29.965177714413564,29.942534649646408,0.7088879274287126,-1.824588487784622,0.20965223033807603,0.9000752384624138,0.3909216251717179,0.39073681048369585,0.39049784239607094,0.19851977177904898,0.19889008651108864,0.19868896210290557
50.0,0.0,40.0,-60.0,0.1582927999201736,0.1560970385810628,0.1575836142751478,-0.189813834315427,-0.2309896785492156,-0.7037327284658534,1.241427763995111,1.241430624327572,1.2414396415585867,10.583890162047478,10.58135123456416,10.580228505727924,0.5786711010888692,-0.5219165739031942,0.2246266399869272,0.04102925053102173,0.12148952514443669,0.12136938736493345,0.12129251140964079,0.1576324365412068,0.1576295185261704,0.15762860257094696
0.0,20.0,90.0,-30.0,0.0552215319017806,0.0547270723391571,0.0550109861597868,-2.067805938480372,-2.096053948263228,-2.0808440803589496,0.4461715658853623,0.4489607057913687,0.4471075492234261,25.46581722743313,25.468678983427342,25.44624686270144,0.6171453419025426,-2.0150473283146626,0.003216944099057567,0.20003028863068276,0.30451122615799353,0.30456281377220706,0.30415097519034945,0.05510946651080519,0.055247573060649584,0.05488682229272186
20.0,90.0,120.0,120.0,0.1754970414997556,0.1730971880570037,0.17440956083870673,-1.8227474800385608,-1.8312866138850796,-1.8672911462855706,1.3920070955341513,1.3984064969005405,1.39228551314262,35.18613774213639,35.19132884770208,35.183212120267946,0.7088879274287126,-1.824588487784622,0.2097656747992534,0.8992422706379193,0.4442409592040482,0.44465030726460286,0.44400956357227056,0.1748833703718117,0.17490711044342472,0.17415332633524944
50.0,0.0,60.0,60.0,0.1463846744678573,0.1458052396870973,0.1461555863565783,-0.3361703047092162,-0.3431555281043957,-0.6435292255003671,1.1513745995218763,1.1518037871242242,1.1510890393070066,16.30156366798623,16.303996831306833,16.292940287603678,0.5786783317088385,-0.5219133872819157,0.32385927952740373,0.03904202467947863,0.18680163714727338,0.18659944058408934,0.18667922864354092,0.1462139633930005,0.1461704228321967,0.1461165672098432
50.0,50.0,70.0,120.0,0.1804953173710171,0.1801259926880212,0.1803301662818541,-1.1267293332994326,-1.1314454040518318,-1.347489455036532,1.4279621114778394,1.4283020808744724,1.4287831987345796,20.606286533925022,20.61012467721093,20.60422842300833,0.6550888176419655,-1.2898374651384217,0.39058992338013276,0.42153910980382003,0.26678941709501874,0.26651293088528655,0.26668037009418505,0.18029153162670888,0.18038692290200853,0.18035294894429524
20.0,20.0,40.0,-90.0,0.1004770262696673,0.0992017444337636,0.10010492671828508,-1.2909137012437015,-1.3194833647905275,-1.482258679153066,0.7949075358658446,0.792978368271979,0.7940387447772604,11.889831345742582,11.889638929460622,11.884933115864865,0.6161962665122691,-1.2736524042808164,0.10702153483583277,0.15235313340646592,0.15551494679230538,0.15533146012429475,0.15540995851878484,0.10012931427336955,0.10001960455576615,0.10026760820032674
50.0,20.0,100.0,60.0,0.1385904128986075,0.1355676186026608,0.13717105974045493,-0.7369304037274417,-0.7518297176381225,-0.9021340124936807,1.0841934695340114,1.0861903449752475,1.0854820107027519,27.999939389172873,28.00262543964562,27.992109465474314,0.6115535893142118,-0.8927449704416845,0.5036193058534505,0.20009609707076384,0.3305647005139238,0.33063199070707205,0.3303987213568751,0.13722523586486773,0.137391203041894,0.137133914680386
50.0,0.0,40.0,90.0,0.1587854041706649,0.1564982918323123,0.15803562584689756,-0.1879233512654775,-0.2317299404026874,-0.7043216450007631,1.244972234904673,1.244717492640129,1.245286714160842,10.580859913699662,10.578083698783166,10.577341382382325,0.5786783317088385,-0.5219133872819157,0.22520233811113735,0.041279088926965996,0.1214682532198501,0.12132400353032527,0.1212716033749035,0.15804707719126893,0.1580845634367086,0.15811489313892252
20.0,90.0,20.0,0.0,0.2652316592233271,0.2640979864499956,0.26476295168466346,-1.574010228500508,-1.655754910578883,-1.907805667559337,2.0912601377236366,2.0907038985803443,2.091449181405488,8.46098321446085,8.455611044588183,8.452142398748233,0.7088879274287126,-1.824588487784622,0.09463177894296099,0.5021259644283709,0.1618626243846287,0.16172614703399227,0.16167645281353665,0.26474623073829723,0.26476839494438564,0.26483172038660296
0.0,100.0,40.0,30.0,0.2581353466428946,0.2576757187404368,0.25789857594696475,-2.0875947593546123,-2.090970618364593,-2.0901004469790907,2.040655164037685,2.0395104185360418,2.0402433517212795,14.130975172300836,14.127033119425013,14.119844286954642,0.7218526699760112,-2.0319799578528905,0.0032684771369840444,0.6975705225780678,0.22631527803883902,0.22617284124027118,0.2262327574176024,0.25789092868662117,0.2578515745705207,0.2579816720652846
100.0,0.0,10.0,90.0,0.2690744394387286,0.2640642148910073,0.26680872398200134,3.141117797913327,-3.134694286583955,-2.2580935632815566,2.1035871888844238,2.1049947703374974,2.1085234185340154,4.587764356091185,4.593497903941841,4.582169866604554,0.5610908219554596,-0.5198393037975151,-0.05277356039914802,0.34317549009051646,0.11449057878404877,0.11459477713281462,0.11440814074534296,0.2665443733083463,0.26717812343795116,0.26699096372743525
20.0,90.0,40.0,0.0,0.2436831296867806,0.2431477432926506,0.2434220375095056,-1.7342777839483918,-1.746049743366994,-1.8901790286256481,1.9244308465236413,1.9261657936184198,1.926210559837211,13.802036114937337,13.80315540238176,13.798513339697276,0.7088879274287126,-1.824588487784622,0.12837899940637368,0.6190315372745081,0.2171442356536543,0.21732543175292215,0.21710307524993727,0.24334830675945818,0.24359074546565812,0.24336549247108952
20.0,20.0,90.0,-90.0,0.0788509090988622,0.0775864740699952,0.07832686520249074,-1.216605772808414,-1.2408471051306218,-1.303904799645955,0.6262788899497854,0.6269330088510124,0.6269120810862294,25.420780995140063,25.424022691282673,25.418070719655233,0.6162313452828624,-1.2737507111824617,0.2024026187474312,0.19993929389158666,0.3036698460782706,0.30353343960616747,0.30351605573455476,0.07835061900297849,0.07843319037815524,0.07834585720805184
20.0,0.0,70.0,0.0,0.0578366047735192,0.0566874187397571,0.05730804300756517,-0.635062938292672,-0.6855156426395321,-0.7532977649020326,0.45373610722620467,0.4531271864911541,0.45481885779449915,19.390564321764156,19.386650596625607,19.376722024854725,0.5841886751953623,-0.5231776405480634,0.14951389559500927,0.03492872557441509,0.2239012410714693,0.2238573599229448,0.22388519368531493,0.05724404529966356,0.05739713394921079,0.057465800232885327
0.0,20.0,70.0,-90.0,0.0648820273906532,0.0644810945088741,0.06467566547435467,-2.0874530350091507,-2.1014525987338453,-2.0934771790819164,0.5211260750306042,0.5208158571540532,0.5195028876147104,20.066248138917118,20.058315810149136,20.058884778308684,0.6171177159105998,-2.014819340860806,0.00040662991928978973,0.18946981518854275,0.2448400335564617,0.24485360340693746,0.24477364886450842,0.06482242039981753,0.06462099900161655,0.06466573118372522
90.0,20.0,20.0,120.0,0.2853818077893793,0.2551692892608944,0.2665922091200438,1.6959402871411076,0.4654902301499977,-2.081598394056736,2.1045005645610866,2.0970146446237172,2.103633012286699,2.799596757561391,2.7997392748458987,2.8091995588002345,0.5984987239536121,-0.7371513072756187,0.005975399507822314,0.1450319788622344,0.05173421149050531,0.051841309415443765,0.05165532591900147,0.2665576388343482,0.2664361493048767,0.26739673466958375
20.0,0.0,100.0,-30.0,0.0545790677993189,0.0534807525447627,0.05408610909654804,-0.4378629304580922,-0.4749841149438515,-0.523652864351016,0.42748862604031146,0.42395017817640224,0.4270943296767184,27.519065642270583,27.515584223028068,27.51074231768732,0.5841886751240533,-0.5231776403307152,0.20310682441158434,3.819319965848761e-05,0.313471901521996,0.31314791612097803,0.31329810120159257,0.05402621357553508,0.053982443754806556,0.05442983192643208
50.0,50.0,20.0,90.0,0.229400566095176,0.2222416495786605,0.22645025658927598,-0.4420068727468875,-0.7262821968072889,-1.4863473530783113,1.7867109278380389,1.788321364898763,1.78679909694329,6.221804094464034,6.218630028320342,6.219547493828845,0.6550888176419655,-1.2898374651384217,0.16989109700061591,0.24512023486219173,0.11042574654645963,0.11029364222519604,0.11037800078768836,0.22664333653619856,0.22665074564019083,0.22644430965503803
0.0,90.0,60.0,-30.0,0.2195025984622116,0.2190659395759453,0.21932170382490965,-2.0942784134065064,-2.099174817587665,-2.0951652442667057,1.7387778342213234,1.7383240582709547,1.7392896420385189,19.18892105863456,19.181976985735485,19.16894460056574,0.7100174040633581,-2.054788451046058,-0.00010612548300393422,0.718617745503653,0.27470399420153335,0.27459149075556416,0.2742261560893089,0.2192763781578297,0.21935992207396093,0.21938532855050782
100.0,0.0,90.0,0.0,0.2442319396867271,0.2439850134506868,0.24415109176072258,-0.2014056154085764,-0.2056999553591999,-0.5473753654545815,1.9199848154088797,1.9230981527163844,1.9224345253443478,24.04368943904448,24.0501736285825,24.042568364699783,0.5610908219554596,-0.5198393037975151,0.7843462091142975,0.018657451672959402,0.2687258209000671,0.26863462593948856,0.26849472795980645,0.24409015141499119,0.24439188187619854,0.24399092699092026
50.0,0.0,70.0,60.0,0.1411091436802043,0.1407548745844157,0.14098192540960644,-0.3624759689117831,-0.3692607860132798,-0.6179487614480869,1.1109801301606086,1.1104230286727914,1.1103805413958716,19.106423077189067,19.09902710264822,19.08735737001193,0.5786783317088385,-0.5219133872819157,0.3662773552812053,0.03466846867527151,0.21831730600291788,0.21814631838342946,0.21810507330045845,0.14103007563077855,0.14094263545068098,0.1410224142769238
50.0,0.0,0.0,60.0,0.1675508932853833,0.1477703828474349,0.1584781563607225,2.52986575076219,0.3929848751357644,-2.0912797040307423,1.2505507068233699,1.2493645756649099,1.2525346900565892,1.9468692686208962,1.9495154128713201,1.950071307498354,0.5786783317088385,-0.5219133872819157,0.00042817344186429516,0.11833365814114924,0.06281331652404519,0.06273731922648504,0.06270835396349674,0.15840072359490603,0.15863411995307541,0.15878090770284892
0.0,50.0,110.0,90.0,0.1085737675345125,0.1070984099619621,0.10794144519348169,-2.083738995366774,-2.0948843424177714,-2.0895158195294083,0.869729232431133,0.868205043365827,0.8675187986724925,31.687680972221624,31.675242524368535,31.674347138830857,0.6597422425592191,-2.0628742020185755,0.004052249399924239,0.4999643075583472,0.38880058500579046,0.3887866122867725,0.3883516425864456,0.1081712574545512,0.10791776235390288,0.10810101545017685
50.0,50.0,10.0,30.0,0.2388353039699789,0.2283528701982244,0.23375176001752002,0.366503577766286,-0.4920486898452542,-1.755962541915927,1.8457827013782186,1.8471178900765457,1.8411678033784615,2.9361681094042287,2.9385449573437,2.9473881343010517,0.6550888176419655,-1.2898374651384217,0.07700224669165186,0.21737344825551172,0.08281866439175556,0.08300926706181141,0.08311420700317244,0.23438228120488044,0.2338063931660693,0.23363008804599736
20.0,20.0,120.0,0.0,0.0621366133193281,0.0591283435137024,0.06058565781801565,-1.2453355378378297,-1.2732403122237137,-1.302184120320839,0.49109225966941383,0.4937577580421911,0.4925998902616668,33.62508395091665,33.63201449262523,33.62758151111097,0.6162442654560011,-1.27379193074638,0.20430696936116505,0.20000661896415592,0.39407993182621287,0.39421946634865207,0.3940743042933304,0.06086523250107873,0.061037997209312564,0.060715617806326824
50.0,50.0,40.0,-60.0,0.2065803365132111,0.2051952359565486,0.2061029697054577,-0.9493235354105106,-0.9836248825607602,-1.3868686554161047,1.6285216745422664,1.6276195183286855,1.6289986787463355,12.286915203587302,12.282124762935515,12.275129759714122,0.6550811611278,-1.2898290458386623,0.2810867151444009,0.3287780094911955,0.1759152203871018,0.17573159753172707,0.17576070506357233,0.20605374697473544,0.20611994359716695,0.2062178267529083
20.0,0.0,50.0,-60.0,0.0635266068951884,0.0627465242869347,0.06312436867814876,-0.7068630009045297,-0.7349953476388719,-0.8671261707113778,0.49967378527925915,0.501634533916765,0.49759675128842273,13.921083393533687,13.938482170477439,13.926228624584143,0.5841825439316491,-0.5231784911072337,0.11629050809249927,0.0415945043188772,0.16322936418914522,0.16332991945496456,0.16321384245956336,0.06341328979201001,0.06312657087125731,0.0629005029933312
20.0,20.0,70.0,120.0,0.0837033797366331,0.0832351877970092,0.083481232516469,-1.3118753956967135,-1.3319533374053762,-1.4132196445837109,0.6643339876072017,0.6673482571054736,0.6660333782040695,19.99868667585702,20.012062710368284,19.998830395563548,0.6162442654560011,-1.27379193074638,0.15373906748934352,0.1893852588066599,0.24399466711562376,0.24408481221452633,0.24393231470427335,0.08349144286377531,0.08369373306697966,0.08330962168253771
0.0,50.0,60.0,60.0,0.1383891276634829,0.1378456772164949,0.13817140169880343,-2.0960753356103634,-2.100037034143252,-2.096236593994982,1.0982762603492016,1.098942681376252,1.0989619161518556,18.18830624484028,18.184467025446548,18.182714065130348,0.6597422425592191,-2.0628742020185755,-0.00046738465259786843,0.4002730536829037,0.24219069993114897,0.2419193038977806,0.24196774505691973,0.13815555986933978,0.138257147434127,0.1381500768822236
50.0,0.0,50.0,60.0,0.152374663318743,0.1508726934609097,0.15180996266131863,-0.281087450464423,-0.3030112339425574,-0.6708909376451285,1.1960373086142702,1.1952475417591883,1.1964396621484097,13.459089960923215,13.458853179737423,13.458326752910159,0.5786783317088385,-0.5219133872819157,0.27732621123889384,0.041204666221649026,0.15416641018534064,0.15418873296147245,0.15426361257742874,0.15174878654379512,0.15180660995036183,0.1519051998663659
50.0,0.0,40.0,120.0,0.158847047019283,0.15653946705343,0.15808921614133162,-0.1867145965447731,-0.2309498969498634,-0.7041406153799489,1.2453866420832536,1.245190230237114,1.245678876163254,10.579982011799942,10.577312372489725,10.576487562973316,0.5786783317088385,-0.5219133872819157,0.22525060867241958,0.041246698465381884,0.12144749345359575,0.12130636733962206,0.1212526815711619,0.1581059111177777,0.15814035996658266,0.15816363349997806
20.0,50.0,10.0,-60.0,0.1899810088745515,0.187440660307644,0.188938078187673,-1.1816370856132423,-1.4211413795633463,-1.8594441713496714,1.490684585351868,1.4915115675605337,1.492924645072389,4.631692152773081,4.629309144158871,4.628425807539375,0.6589799057159667,-1.686167173738512,0.05135476277836586,0.21547302624836753,0.09870712513759622,0.09868812595971184,0.09865968888128279,0.18884682495960328,0.18912300930180428,0.18901618947689716
20.0,0.0,30.0,30.0,0.0715984609536896,0.0693471905411774,0.07053280116149159,-0.691111826529629,-0.7465085354993762,-0.9794119738644779,0.5567131865805376,0.5576510847897341,0.5581695003150674,8.469478418092434,8.4746961563649,8.469556250052728,0.5841886751953623,-0.5231776405480634,0.07796373417738466,0.03828034115792554,0.1033487099978953,0.10338968197724435,0.10341177253637715,0.07049038087300709,0.07068202408914005,0.07056121774319228
50.0,20.0,110.0,120.0,0.1264723806269748,0.124562083024227,0.1255336296588207,-0.761888694814634,-0.7801451028723029,-0.9020470611837123,0.9940793597728913,0.9979723900595224,0.9927960920969832,30.784424185143518,30.7837838596309,30.770033364245784,0.6115535893142118,-0.8927449704416845,0.503998893075205,0.20001122016844686,0.36118229158621024,0.36133900965719196,0.36117171839153717,0.12592414072103428,0.12574122414891925,0.12527903785940278
0.0,100.0,80.0,0.0,0.2429355912735932,0.2412874928948057,0.2420358898187109,-2.0769143467267432,-2.083525717220675,-2.0834820430517347,1.921092321741935,1.9210872783479174,1.9216151829337869,25.042209440029236,25.03682194060815,25.034619714721362,0.7218526699760112,-2.0319799578528905,0.012210566263036399,0.9999288979849128,0.346635084869076,0.346607523142092,0.34636956268503344,0.24204969632455423,0.24212963399512685,0.24211409812400003
90.0,20.0,60.0,90.0,0.2642298479677397,0.2629289395293054,0.2638598269510282,-0.2547678055842303,-0.2688723352608034,-0.8098125578774917,2.078360036166549,2.079794528056273,2.079588484485272,16.01170231950922,16.010239369840406,16.005248289518804,0.5984987239536121,-0.7371513072756187,0.5745882988080431,0.16918346360235093,0.19001818617839164,0.18998178021162856,0.18988931695599576,0.263840789360884,0.2640029009961665,0.26381278097512406
20.0,90.0,80.0,-60.0,0.2296727443636393,0.2279492922602712,0.22886209129112264,-1.786571707514387,-1.794239286746402,-1.8685217028129641,1.8157014895176387,1.8149129134750626,1.8195683672210436,24.769081283858075,24.759230816925925,24.762448184132612,0.7088851187752943,-1.8245835072613334,0.20790927179221816,0.8999763162476747,0.3383134388411423,0.3380681876672091,0.33838871857826597,0.22858916326166212,0.22904790613982948,0.2291402762613327
20.0,90.0,10.0,-60.0,0.2684931306161083,0.2666664091273916,0.2674756002323139,-2.029117229284505,-2.047928334738953,-2.0794558874434346,2.113115748575061,2.1107581784681657,2.1100827955835713,5.964171184784587,5.965646809293272,5.954349442494153,0.7088774854498168,-1.8245710907288784,0.006600573229338679,0.4336061613199391,0.13594755267699477,0.13568370728361895,0.13558986205942516,0.2676235223121582,0.2672607620271632,0.2675485280879846
0.0,90.0,110.0,0.0,0.1816704879684317,0.1798170871908564,0.18094920648359783,-2.077821463922127,-2.095912221686625,-2.087374723979868,1.446666902856672,1.4402276675607433,1.4441915567880448,32.60559350678843,32.59591631725471,32.589669645950515,0.7100174044766513,-2.0547884519709454,0.008075305929402511,0.900188509277012,0.41778298828882876,0.4176582339532958,0.41739717959279166,0.1809884069628315,0.18070741772888355,0.1814949522554175
50.0,20.0,50.0,-90.0,0.1608991113281379,0.1598832724363673,0.16049658956561969,-0.6625088186875367,-0.6799266481682387,-1.0257627726134624,1.2650355442852932,1.2690936432487085,1.267601999389409,14.185173164818712,14.184698865684942,14.188237023063413,0.6115140623003159,-0.8927486593066851,0.2983845689038204,0.16386996426803851,0.1773271470528909,0.17747568599045382,0.17761771400052034,0.16046781218490763,0.16079795485433884,0.16028453565540002
0.0,100.0,110.0,-60.0,0.1987929650451841,0.1969478567439012,0.1978932884696793,-2.0758613232272465,-2.086625222797382,-2.0835581891679356,1.5773705070369655,1.5775026214184618,1.5777620482364787,32.79737392973906,32.79293325053029,32.79225572270095,0.7218528733976711,-2.0319803035242465,0.012600426828921043,1.0000586358249182,0.4240747432046584,0.4242207288494747,0.4238813643470333,0.19798896106100566,0.19802446299705587,0.1980225982629169
20.0,50.0,30.0,30.0,0.1711529411300931,0.1702642774978778,0.17084938528067486,-1.5390335272018143,-1.5717560646675437,-1.773076450114361,1.3517179240237367,1.3515404281598118,1.3511872489006063,10.06721468819324,10.070858469169574,10.066064232832534,0.658991099436022,-1.6861926913303058,0.10002200882111553,0.3005738337600595,0.1550596350239246,0.15522621456861074,0.1548849663427275,0.170878790961108,0.17083017048087037,0.17085863465879045
20.0,50.0,90.0,60.0,0.1369355502542628,0.1351530253743887,0.13622622153592076,-1.626175346663942,-1.6523965682354014,-1.708888968523526,1.0880910034733937,1.0845130003453651,1.0866510082187,26.343148978201747,26.338930600300326,26.337265947855382,0.658991099436022,-1.6861926913303058,0.2036529086666351,0.5000140073575297,0.3321893573566959,0.3320822016635733,0.33207693743741257,0.13628515949810066,0.1361203976759441,0.1365544671334567
0.0,50.0,100.0,-90.0,0.1173518272595501,0.1155753792472184,0.11637076687234063,-2.07860307036947,-2.0908702818007066,-2.0850265088247366,0.9363536886611931,0.9334974326898403,0.9298111621159879,29.02496974608337,29.01918014382516,29.01062662859179,0.65973554563042,-2.0628564950262387,0.005814266868279503,0.49999766830937836,0.3601402323375165,0.3600789117467382,0.35986228172900026,0.11689104749236827,0.11607445661912136,0.11645222147899112
0.0,100.0,90.0,120.0,0.226452724479961,0.2247483512339441,0.22571028692283954,-2.077866348854686,-2.084813731296697,-2.0836013597423366,1.796494632318504,1.7930049467349174,1.7922093850585306,27.615103584232543,27.60368955246968,27.59993885215005,0.7218526699760112,-2.0319799578528905,0.012434280576454472,0.9999466582549148,0.37224870457878967,0.37210310601145674,0.3718499546239087,0.2259876891858625,0.22545299041953815,0.22588612375481226
50.0,0.0,110.0,30.0,0.1242843835839439,0.1209427114107036,0.12284373324946746,-0.3782623567809643,-0.3913110684266115,-0.5235495735352866,0.9672083213257404,0.9668977290873069,0.9668287476140105,30.18759824197421,30.185397015099582,30.17833081316719,0.5786783317088385,-0.5219133872819157,0.5033938779121107,2.355835323478296e-05,0.34278228067099714,0.34279858175907657,0.3426186848660478,0.12294459617395712,0.12290770371447159,0.12293758780287652
20.0,0.0,60.0,30.0,0.0603598180848128,0.0599154687742144,0.060177939792933656,-0.67965145394152,-0.6988125808088238,-0.8092183074002879,0.4763719459260398,0.47658413903173413,0.4760419940882864,16.663967664773274,16.662976441239397,16.655002110186206,0.5841886751953623,-0.5231776405480634,0.13378506465452197,0.03927111464960083,0.1937752643163334,0.19370987672155526,0.19372432145979132,0.06023058377982192,0.06018362589963056,0.06016423211862581
20.0,20.0,100.0,30.0,0.0728824474113981,0.0702278333361787,0.07149898008976031,-1.2179157732595225,-1.264761640623876,-1.30228424430296,0.5736622342062369,0.5752873741112822,0.5729164899745979,28.16499506533071,28.16485627797165,28.157022359166287,0.6162442654560011,-1.27379193074638,0.20337210825390015,0.2000348096362937,0.3335848390190689,0.3336832309529942,0.33352063225028233,0.07175786194422003,0.0716654197102479,0.07146788962669501
20.0,20.0,20.0,0.0,0.1142974135648243,0.1111018214554548,0.11279696686228774,-1.1392815909056797,-1.2525141292809865,-1.551083144505982,0.8917983426234021,0.8904641891245724,0.8941816892460731,6.447694734512187,6.4385712239540815,6.441034007972396,0.6162442654560011,-1.27379193074638,0.06702145625576726,0.11109590737786548,0.09742006322972108,0.09720539598509488,0.09738055527818403,0.11262756353848284,0.11291169491004896,0.11309323501889738
50.0,0.0,30.0,60.0,0.1663026067104435,0.1609566567911374,0.16435694444509222,-0.0018455796842636,-0.1256228693764329,-0.7644952781244138,1.294933721026351,1.2958405535570363,1.2945609234334239,7.556371735819866,7.55558034131934,7.555707343279896,0.5786783317088385,-0.5219133872819157,0.16433157961995068,0.04067143657166398,0.08629720061883159,0.08626568638003933,0.08634873213382378,0.1645113406794523,0.16446661587997866,0.1643514723614442
20.0,50.0,100.0,30.0,0.1264095954577585,0.1251040641843564,0.12573458094741835,-1.642466857951618,-1.6570665528473305,-1.7089246881519995,1.0061334175860506,1.0049286065257121,1.0058337833936943,29.00924150308314,28.99916175805037,28.995818377372085,0.658991099436022,-1.6861926913303058,0.20406549286651893,0.49999669054016693,0.3598115386701622,0.3595484414643508,0.3598445040837616,0.12581807191376287,0.12574126863939375,0.1259122422099023
50.0,0.0,50.0,30.0,0.1522685721230331,0.1507788661110082,0.15171068724751413,-0.2814145253630345,-0.3031764543088108,-0.6709042590582593,1.19519727335028,1.1946094630712736,1.1955649481569877,13.459193015448172,13.46009439458512,13.459013031357221,0.5786783317088385,-0.5219133872819157,0.2771612595850055,0.04118302044979299,0.15417131470642984,0.15420732979757398,0.15427473529596208,0.15166072683002624,0.1517139735651768,0.15178723338137534
20.0,50.0,70.0,90.0,0.1399814056229213,0.139444376281956,0.13970880820833773,-1.6533435747663223,-1.6644444982976403,-1.7432970098203726,1.112125070375378,1.11061670811922,1.1114271813215058,20.82672412778516,20.825796794006916,20.814595190899244,0.658991099436022,-1.6861926913303058,0.1556663707720169,0.42398286037283883,0.2702376234267372,0.27036766058399353,0.2701945465853175,0.13969279959204986,0.1396369946539276,0.1398152599712853
0.0,50.0,30.0,30.0,0.1617380239541742,0.1609861487388103,0.161447249927081,-2.091630357167811,-2.1017475652416384,-2.0942999889520415,1.277245593573306,1.2739272362852763,1.2829412060435814,10.192600522412713,10.194898300369534,10.192015147102065,0.6597422425592191,-2.0628742020185755,0.00014339904426284458,0.3031842505163574,0.15714531265369291,0.1573281363989047,0.15723486575288126,0.1608398315317808,0.1615595376191259,0.16200035814995226
0.0,100.0,30.0,90.0,0.2682600409491389,0.267709122928378,0.2679580338671718,-2.072480226968206,-2.079306385945561,-2.083817552920299,2.116656073487087,2.118922078702777,2.1184682053456347,11.48772013414329,11.490826025603063,11.473042238261106,0.7218526699760112,-2.0319799578528905,0.0069254317187464375,0.6365373521884338,0.19900623333677553,0.19898177880009546,0.19876277151663974,0.2679057000358057,0.2681502418646619,0.2678494647938582
20.0,50.0,60.0,-60.0,0.1473570995762832,0.1467352449204978,0.14707718686168342,-1.644170490212765,-1.651088590498334,-1.7489339525261733,1.1683431192562364,1.168735500590052,1.167281306118266,18.14438859426323,18.14765998147199,18.13559998400401,0.6589855167788312,-1.6861801880255118,0.14403879600445219,0.3995354146650576,0.24147465013183253,0.24144035675364167,0.24149704965715107,0.14720053593484725,0.14706777071790225,0.14701649108745554
50.0,20.0,30.0,60.0,0.1775449358491098,0.1732286255072278,0.17595476461625134,-0.3975016235056678,-0.506159100771777,-1.094940300505571,1.3877565313344564,1.3886779056206995,1.3878428016437294,8.356047295342726,8.354971548442686,8.3535478601532,0.6115535893142118,-0.8927449704416845,0.19754544186041342,0.1273238933308378,0.11195422412578303,0.11184927404326343,0.11202789521686769,0.17607015086820688,0.17607772993456178,0.17596323505486364
100.0,0.0,30.0,120.0,0.2829107170648647,0.2605536024561183,0.267796370593697,0.8599427603622776,0.4619011059352571,-0.9864189553626954,2.1198851835959576,2.1161684634555935,2.1164712598079802,5.45320630316347,5.442590513746439,5.489038656762627,0.5610908219554596,-0.5198393037975151,0.10970487817822633,0.05984466692261523,0.04624321110762705,0.04679205509291389,0.04701278116852407,0.26904951032596547,0.26870968113828897,0.26909757996970574
90.0,0.0,120.0,120.0,0.2037208689281285,0.2021708322730415,0.20291714112524364,-0.3056337989787791,-0.3176141098058823,-0.5233176507461007,1.5975269714052975,1.5958949241546472,1.5993891453905924,32.71451505201103,32.71239059650259,32.703423942797215,0.562745350766241,-0.5203297715459044,0.895316102648351,-0.00024315131674510827,0.36935185123436376,0.36921284312056674,0.3690534416904037,0.20276083451155844,0.20300438941438867,0.20318826995606298
50.0,0.0,120.0,90.0,0.1130114497202779,0.1114377021368402,0.11232225148608291,-0.3984951369921462,-0.4198303130087946,-0.5234585762676135,0.8856177517676979,0.8853765362541672,0.8842850293555138,33.003896878039576,32.999335024485475,32.98876332772832,0.5786783317088385,-0.5219133872819157,0.5038295755729983,-5.764885560492411e-05,0.37466413329580817,0.37478371225439305,0.37477860456492995,0.112522231759173,0.11234940334709002,0.11239584782575023
50.0,20.0,100.0,0.0,0.1385896683023053,0.1355707033759025,0.13717082966008662,-0.7369304156779666,-0.7518489231465225,-0.9021372299769714,1.0841911733663048,1.0861882415551192,1.0854796733285463,27.99994277148888,28.002629748667076,27.992113900512738,0.6115535893142118,-0.8927449704416845,0.5036184418808521,0.20009776290978182,0.33056481202618615,0.33063210477239885,0.3303988364042662,0.1372249575051871,0.13739091879428494,0.13713360707156869
20.0,90.0,60.0,-90.0,0.2246272391735534,0.2239484128013087,0.22423718607968296,-1.7895000655522302,-1.7944760210568111,-1.8861739132250652,1.7746211430672567,1.7781418685366521,1.7785573628809055,19.131815843303706,19.151993039366257,19.137823285565638,0.708853300711351,-1.8245248120712318,0.1518946701035034,0.7168035169017836,0.2736056591262122,0.2736821737769648,0.27349191774683307,0.22406399129453658,0.22456031011879124,0.22411551507638608
50.0,20.0,110.0,30.0,0.1264723756659529,0.1245620880195532,0.12553365631746966,-0.7618887156467588,-0.7801451112354573,-0.9020481956413509,0.9940799847572909,0.9979727247288643,0.9927962404591046,30.78442628896252,30.783785915094626,30.770034507369164,0.6115535893142118,-0.8927449704416845,0.503998699195836,0.20001190978403274,0.36118233604538075,0.36133906191297144,0.36117175361125586,0.1259242093298998,0.12574123586460048,0.1252790860183
0.0,90.0,100.0,-30.0,0.1940267339030805,0.1926228566259619,0.1933352774638471,-2.080336901927513,-2.095227412244558,-2.088219331638793,1.5413704860161963,1.540280120894518,1.5379966493334987,29.99447355218608,29.987365659263723,29.980946804310772,0.710017404407725,-2.0547884518167066,0.007279130216690868,0.9000330486889936,0.3913753375312392,0.39132559427982894,0.3909863615644496,0.1936578440296018,0.19323779401956437,0.19337401845318153
20.0,20.0,50.0,0.0,0.0941616273807948,0.0935682353148344,0.09389206104433835,-1.3136975023401671,-1.3354651534098636,-1.4600791352785474,0.7456394585500126,0.7450567222295424,0.7471746442516574,14.607615435265012,14.60759617544693,14.60908012990955,0.6162442654560011,-1.27379193074638,0.12316675279267177,0.1672744093824341,0.18524046195213778,0.18532417362846407,0.18545622652917368,0.09375521411778717,0.09394686118798702,0.09404025841854916
0.0,20.0,100.0,60.0,0.0509089653660998,0.0496413587650215,0.05016372225715329,-2.03584286110583,-2.1059834060312164,-2.0688887742236957,0.4113787022484178,0.40976166527024366,0.41075531525808895,28.186349754201405,28.190383102443295,28.18383222676568,0.617145342061956,-2.0150473293853004,0.005741436153812369,0.20005097946825107,0.3342470456746449,0.3341784866713644,0.33407774970199233,0.05029729662456946,0.05021845024736697,0.05042925665332692
0.0,90.0,30.0,120.0,0.2483665742945049,0.2478665483341198,0.24812326040411198,-2.0909912689391748,-2.095060383194023,-2.0920748817161297,1.9628312300304356,1.9610831974308058,1.960827136530847,11.254722729090043,11.251432393030955,11.249518472810502,0.7100174044766513,-2.0547884519709454,0.0014866743038713358,0.5665040424967094,0.19126811171030225,0.19107858084916643,0.19109054100959122,0.2482308129426755,0.247981512387281,0.24818866933792016
50.0,50.0,90.0,-60.0,0.1819509743448055,0.1796523626254887,0.1809451814472407,-1.1210316202149142,-1.1367913660136475,-1.3053953173581345,1.4331008610365292,1.4347594686798615,1.4364813682925925,26.158320774044224,26.162393762259477,26.153766763279258,0.6550870113494989,-1.2898350761554846,0.5044155574767716,0.5001229392433255,0.32898980705668646,0.32885796998807615,0.3288816794202805,0.18082316945631666,0.18124445534957814,0.18102547001527275
0.0,50.0,120.0,-60.0,0.1014253691638331,0.099797138722397,0.10054865242427921,-2.0591884571193955,-2.096909266541176,-2.0806027639642166,0.811232802658065,0.8113339048279156,0.8111328765949773,34.38386916279701,34.37697421705385,34.37857343610904,0.6597435302367305,-2.0628780076135693,0.00862940101251556,0.5001342421827728,0.41788784902063003,0.4179611668064086,0.41746522981568496,0.10071847613055851,0.10072816046162693,0.10069706513296228
0.0,90.0,100.0,60.0,0.1940267922427912,0.1926229227066645,0.19333527481597823,-2.0803193496671155,-2.095214348587004,-2.088205858358202,1.5413703655171713,1.5402799062561172,1.5379969071800172,29.994471484641053,29.987363512864377,29.98095595316326,0.7100174044766513,-2.0547884519709454,0.007291186875661087,0.9000329181209298,0.39137534935466844,0.3913256447810892,0.39098648150109006,0.1936578128516068,0.19323779006662606,0.19337404296974245
20.0,0.0,40.0,-60.0,0.067708635726219,0.0653649172372145,0.06659966776606199,-0.7080526525403807,-0.7682388943822162,-0.9223626480717985,0.5312945602362554,0.5289142610727152,0.5222632262941663,11.226692007356192,11.219634265068343,11.19447986591544,0.5841814973940302,-0.5231787349222468,0.09790346460029942,0.04127488548349598,0.13386362102899857,0.13429233452513042,0.13334317674931728,0.06739170638858968,0.0662274921829285,0.06654445928452683
50.0,20.0,90.0,-60.0,0.1378283745995458,0.1373587125078862,0.13758086249790646,-0.746465177760278,-0.7503554164111471,-0.9239682608439143,1.0877592255246427,1.088078915386415,1.0889334133831576,25.228110055819123,25.226347033977543,25.22119471006964,0.6115514430947142,-0.8927439627672132,0.4540457765910436,0.1920064519716077,0.29944367285780127,0.2995492234352909,0.29952933262470016,0.1375036846861587,0.13765926123764638,0.13762416010305167
50.0,50.0,60.0,90.0,0.1884566029787912,0.1880642161931165,0.18832467064374583,-1.0930749723086728,-1.0999767884058422,-1.3591740055113921,1.4892751529721593,1.4904245027076797,1.491129778429545,17.858428175605965,17.85909708438125,17.85157741328844,0.6550888176419655,-1.2898374651384217,0.35747828074285126,0.39507450769521,0.23630344644513088,0.23646108030633978,0.2364086725992917,0.18821650869698975,0.18846190058043444,0.18831968644527833
50.0,0.0,120.0,60.0,0.1130036158148805,0.1114351599288338,0.11232172463932415,-0.3984951657163299,-0.4198304056613181,-0.5234732008824797,0.8856106228397996,0.8853732976943071,0.8842821753212412,33.00391341754491,32.99934887145146,32.98879124238583,0.5786783317088385,-0.5219133872819157,0.5038280735166694,-5.017306030848527e-05,0.37466445127422127,0.3747844236103084,0.37477933216701015,0.11252144206873427,0.1123491628806712,0.11239511489930416
50.0,20.0,110.0,0.0,0.1264723734298018,0.1245620859527471,0.12553373019269853,-0.7618886856198361,-0.7801451074893112,-0.9020470735550752,0.9940802626673573,0.9979732928320932,0.992796993487042,30.7844245669969,30.78378425694828,30.770033682881717,0.6115535893142118,-0.8927449704416845,0.5039991796799392,0.20001132684339812,0.361182305600062,0.36133902429433423,0.36117173154017396,0.12592425535001084,0.12574133850046484,0.1252791522577996
20.0,50.0,120.0,30.0,0.1098945519888187,0.1073728214440998,0.10855457248243591,-1.6533331017013415,-1.6822878573587017,-1.7089817984601008,0.8716381092246775,0.87315970159963,0.8738858159195091,34.36481034254993,34.36599494994769,34.353026210923446,0.658991099436022,-1.6861926913303058,0.2046016596769461,0.5001550239877188,0.41763029625525583,0.41741403484613676,0.41740336814104534,0.10861139682872277,0.10889431652620638,0.10868651420705833
0.0,50.0,10.0,0.0,0.1798530825274502,0.1788002178359421,0.17926246606460045,-2.0832452010688445,-2.100635565562478,-2.0921109510143343,1.4123545591879216,1.4173890875219977,1.4173242349710546,4.921974829209771,4.916430235503524,4.918476189340116,0.6597422425592191,-2.0628742020185755,0.000589148511566848,0.21684823029712752,0.10197555098157714,0.10212758334793284,0.10230788196143067,0.17908047709882527,0.1797358257517468,0.17906360600720528
20.0,0.0,120.0,-60.0,0.0463597796231117,0.0430163628609492,0.04502274987696588,-0.4241632945551277,-0.5427293605869319,-0.5230323218516366,0.35819090312945057,0.3587773582258488,0.3594943198528322,33.103194182904325,33.10781921647009,33.09273729023897,0.5841900081686973,-0.5231774081773408,0.20371977799737978,-4.165201229430038e-05,0.37716585331116415,0.37702209974718576,0.37712714292131144,0.045390529731736975,0.045584073557609225,0.045487600692785485
50.0,0.0,60.0,120.0,0.1465031047750004,0.1459181907852242,0.14627560707035162,-0.3353454925767908,-0.3416701619230795,-0.6430284268867109,1.1523061308447755,1.152706982182983,1.152075338628088,16.30017626704878,16.302673380693808,16.29158109372226,0.5786783317088385,-0.5219133872819157,0.3240789098351535,0.038906362778297426,0.18676981556002908,0.18656273994094766,0.18664480554698618,0.14632851407851785,0.14629203600173588,0.14624127456358116
20.0,20.0,60.0,-90.0,0.0885784191950424,0.0882367854878598,0.08843882225253216,-1.3163999310532644,-1.337390614106494,-1.4382590851104338,0.7038786202248317,0.7033855594302508,0.7047301620631026,17.307117441554965,17.31120195037613,17.30626167018521,0.6162103234487453,-1.2736891815008828,0.13859726092501393,0.179801015435091,0.21476318208173642,0.2146216726493246,0.2145863927233399,0.08836980020963223,0.08847115756169736,0.0885364923110807
20.0,90.0,120.0,90.0,0.1754970380643945,0.1730971836076985,0.17440955302168337,-1.8227457614451177,-1.831285972399627,-1.8672906388334356,1.3920070161865192,1.398406512759724,1.392285490104581,35.186137202430714,35.19132844000458,35.1832119478175,0.7088879274287126,-1.824588487784622,0.20976611381116125,0.899242047791745,0.4442409448673105,0.4446502979984055,0.44400955381873186,0.17488336646948616,0.17490711334425812,0.17415331741007556
0.0,50.0,50.0,0.0,0.145766683222741,0.1453573346628383,0.14554505578243687,-2.0936510717248176,-2.100615789076359,-2.095563352965868,1.154753465360237,1.1543179686303322,1.1570434123160076,15.521297498827142,15.522212470702083,15.516568394037147,0.6597422425592191,-2.0628742020185755,-0.0002475098912259368,0.37196616296313884,0.21375200354063997,0.21388773024949745,0.2137680753880198,0.14534628155649812,0.14563529360017116,0.14569961171213017
50.0,20.0,80.0,0.0,0.1412597821347379,0.1410186290394629,0.141176510169737,-0.7621415166635446,-0.7639735532908446,-0.9625427088361682,1.1155728271456629,1.1171428349157926,1.1166999932011064,22.515013830316615,22.510369427969824,22.5088577843178,0.6115535893142118,-0.8927449704416845,0.41260012705340043,0.19358559078059812,0.26993908518382825,0.269892849082962,0.26994863539474817,0.14116102612735582,0.14130256845103453,0.14110747385300004
0.0,90.0,30.0,0.0,0.2484410772036734,0.2479453759581769,0.24819610624197627,-2.091653022441664,-2.095622864075394,-2.0923765218393373,1.9633957403764684,1.961652787674469,1.961419874112924,11.255567899895633,11.252628006249868,11.250446213874815,0.7100174044766513,-2.0547884519709454,0.0013167551709376783,0.5667522008064562,0.1912931323161833,0.19110943056840016,0.19111936809047703,0.24830149074589897,0.24805563438285658,0.24826258700335005
0.0,100.0,40.0,-30.0,0.2581777031248914,0.2577249199951537,0.2579478769206761,-2.087777041176016,-2.091063330186755,-2.090154853491369,2.0409657475824354,2.0398991374162954,2.0407095325025133,14.13155946423219,14.12790611096926,14.12054304160207,0.7218526693880867,-2.0319799566216625,0.0032318587999391815,0.6977630455942071,0.22632926722536653,0.22618917927806978,0.22625088593945614,0.2579294964752678,0.2579105507435262,0.25803119417953263
0.0,50.0,30.0,120.0,0.1616888197687314,0.1609364788787404,0.16139787925668223,-2.091480178794138,-2.101538114352343,-2.0942136605010084,1.276837832739102,1.273498330405526,1.2826161667273732,10.192201736846561,10.194524546865365,10.191546305247243,0.6597422425592191,-2.0628742020185755,0.00016959574393761228,0.30305300248832095,0.15711909393592832,0.1572995880640372,0.1572164752433626,0.16078275246607954,0.1615135403009286,0.1619560197966684
20.0,20.0,10.0,-30.0,0.1285645241353422,0.1159730376769957,0.12136708582831662,-0.6315573406874244,-1.373721972038602,-1.6619940065649212,0.9584487982436533,0.9608400751325867,0.9605839630131167,3.642849690396703,3.6447334525087314,3.6499138728009766,0.616244264587968,-1.2737919264809592,0.040590125549967,0.08856484675709726,0.06775281252406028,0.06764376777592701,0.06788738101777836,0.12153995723829963,0.12180221430273928,0.12151532272709004
20.0,20.0,20.0,90.0,0.1146754829940566,0.1116116567422782,0.11317458241363558,-1.1364868840684013,-1.2519037084288298,-1.5503838576966966,0.8950049867086818,0.8938937234287024,0.896296016893166,6.448057732816281,6.4392956881112715,6.439173191469801,0.6162442654560011,-1.27379193074638,0.06736513333652129,0.11150709330512246,0.09746590075774407,0.0972379723529124,0.09737633049180676,0.113102512330602,0.1132437080155633,0.11340044398153004
0.0,100.0,60.0,-30.0,0.2392182810501169,0.2387639634222929,0.23897208938528114,-2.087995932019948,-2.09519193534867,-2.09133063180795,1.8929971786042874,1.8946095846498225,1.8936031383379013,19.42083714884729,19.4246987311542,19.407917393023435,0.721852669559496,-2.0319799569837937,0.0029581358041207684,0.8049111689566008,0.28231631644703475,0.28216904962062905,0.281723737795808,0.23899986298609985,0.23909879158799124,0.23886820026309952
0.0,20.0,30.0,-30.0,0.089384943391122,0.0861385824887111,0.08789199269013306,-2.049780437918072,-2.129077285127733,-2.08663425013358,0.6946960130694502,0.706224884356082,0.6974359976340475,9.360783929564434,9.363120650785,9.348220160796217,0.6171453413854385,-2.0150473247515266,0.0013026575316217384,0.13496476727731427,0.1298552187471843,0.1295854298220527,0.12969569762001065,0.08833895961800081,0.08871254570879814,0.08728328640987709
0.0,50.0,10.0,90.0,0.1798142150244734,0.1787635587762189,0.17922702719154174,-2.088624598201135,-2.098397322579459,-2.0921368068488793,1.4120534937939568,1.4171484047495526,1.4170324134018304,4.921814247735209,4.916246676141411,4.91879657647206,0.6597422425592191,-2.0628742020185755,0.0005845617485762179,0.21677871594638412,0.10196450298796284,0.10212132750423834,0.10231103114060627,0.17904804298579785,0.17970180932243565,0.17902336793428456
0.0,90.0,60.0,-60.0,0.2195484572223871,0.2190849352124121,0.2193594920829269,-2.0948166902798047,-2.0997200267640337,-2.0955484799714292,1.7390592298255436,1.7386514936253377,1.7395751138639362,19.189782145825983,19.182259621096538,19.169344401592262,0.7100123927959889,-2.054779368715434,-0.0003815566213401831,0.7187779415771938,0.27472348466097596,0.2746026722812385,0.27424088996898105,0.2193163848968672,0.21939993707146835,0.21941940030601395
0.0,20.0,110.0,-60.0,0.0472481340681245,0.0452137842661598,0.04604332195125955,-2.059543981999528,-2.0992663835195566,-2.0785587002646753,0.381306177836941,0.38268019927936453,0.3778297925418761,30.93489859677971,30.925472045007805,30.918287166236496,0.6171455812890904,-2.0150487733999802,0.00411907917144111,0.20002646766322565,0.3641863647912276,0.3640436342902448,0.36387756163594204,0.04661393857913778,0.04618619737044836,0.04599106646740536
20.0,0.0,80.0,60.0,0.0550737925894497,0.0547322668911854,0.05487714518269988,-0.6027347046996645,-0.6162444249448402,-0.6936411586308978,0.4328474718292851,0.43473213937260097,0.435035563514541,22.101525820587508,22.097558495110135,22.09771172219344,0.5841886751953623,-0.5231776405480634,0.1644890755006514,0.028220397455949644,0.2536557347341157,0.25374408130918785,0.2537419025490827,0.05480604592703632,0.055069080565065126,0.054845097802865304
20.0,20.0,20.0,-90.0,0.114585103543283,0.111519032588518,0.1130834878641611,-1.1377096605119752,-1.253817046212221,-1.5503780786720842,0.8937582522224695,0.8934699468810817,0.8957563202566532,6.446354095995268,6.439052175491217,6.437248237672824,0.6161825122879547,-1.2736167659178248,0.06729561253281009,0.11137857955559649,0.0973584353220332,0.09719673622782954,0.09729955643630189,0.11298460144692787,0.1132182429258502,0.11326541063871508
0.0,50.0,50.0,30.0,0.1457615496617951,0.1453540453735572,0.14554108409349803,-2.0935552044915817,-2.100960610640181,-2.0958459370417373,1.154807102980612,1.1543018378547616,1.156902159019376,15.521279021656964,15.521745041792594,15.516486758924046,0.6597422425592191,-2.0628742020185755,-0.00035336849868024825,0.37195571340544586,0.21375720092194853,0.21388132038684277,0.21376840951604772,0.14535564411635177,0.14561955675222912,0.1456925408673152
20.0,90.0,20.0,120.0,0.2651896519659272,0.2637642385294437,0.2647471410364459,-1.5744374939461614,-1.6578997570159206,-1.908210732963996,2.0913164485065074,2.0905594608867926,2.091132813205203,8.463389852084825,8.45759365408626,8.454521896996853,0.7088879274287126,-1.824588487784622,0.09442870776359247,0.5021785910099169,0.1619503757492448,0.161781289023451,0.1617176389057585,0.2647527581834492,0.2647231536849079,0.2648173769675704
20.0,90.0,10.0,-90.0,0.2684848921413751,0.2667094995076635,0.2674681978987071,-2.0278015148002813,-2.0478430160661785,-2.079475851118195,2.11284061722928,2.110735031834824,2.1102975875194305,5.963544862837893,5.964457355289017,5.954204145951556,0.7088172712973556,-1.8244638094836492,0.0065902933235008855,0.4335865107949095,0.1359163228439884,0.13565017660174533,0.1355713832286117,0.2675893218001533,0.2672890976052342,0.26754473199720225
20.0,0.0,80.0,30.0,0.055035506012876,0.0546765506638318,0.05483915233825625,-0.6024091111660737,-0.6196885656338289,-0.6944560988325729,0.4327879279541539,0.4349797287134353,0.43398241550685607,22.10151750449698,22.099480712375083,22.09704829789214,0.5841886751953623,-0.5231776405480634,0.16436064574038448,0.028334786116553053,0.2536653728030906,0.25380181780579864,0.25371531017596605,0.05486824973509958,0.05500049614839877,0.054740348699590644
20.0,50.0,120.0,60.0,0.1098849234471835,0.1073684851731979,0.10855106514363592,-1.6550303821803531,-1.6823358498238608,-1.7090741251072554,0.8713890108230172,0.8732332093626666,0.8740169616459352,34.364613709353414,34.36653270880649,34.35295590920685,0.658991099436022,-1.6861926913303058,0.20456531526815525,0.5001561626534444,0.41764313868549896,0.4174319865192152,0.4174128924349138,0.10859129856451774,0.10892125131384717,0.1086707215002165
50.0,20.0,10.0,60.0,0.192585817369818,0.1810200162788014,0.1867782601754418,0.8870336004882426,-0.1142606140282148,-1.747799856680725,1.4774267348352161,1.4740787089297462,1.4727995392750737,1.8062881710485639,1.795745832234988,1.8094785613605526,0.6115535893142118,-0.8927449704416845,0.04151142843385122,0.1098943348065087,0.05409151248747091,0.05405944522453481,0.05424600174181314,0.18737683359510096,0.18679097798580768,0.18719140488147284
90.0,0.0,0.0,-90.0,0.2681250247631411,0.2661127199720841,0.26710144775930744,3.1375825488171376,-3.13978668595717,-2.0913531785457398,2.1060513420360145,2.108836931472402,2.108302232507968,3.2577687818603716,3.25301471678505,3.2583155674208615,0.5626771129161294,-0.5204386369538541,0.001092441484495988,0.33758825916315166,0.10618502709410178,0.10613369710421527,0.10628292962260161,0.2671396693712773,0.2674249822180451,0.26707338732504127
90.0,20.0,60.0,-30.0,0.2642324666481729,0.2629855837078103,0.2638832504711125,-0.2548427199441357,-0.2682662371551543,-0.8097117275191642,2.0785462400985026,2.0799546781819864,2.07977779832439,16.011154518431674,16.009742522528427,16.00467595357761,0.5984987234984935,-0.7371513068755674,0.5746131395407096,0.16912198288011168,0.1900055590195848,0.18996839925687925,0.18987584584430905,0.2638622872061085,0.26402482128776783,0.26383789629480897
20.0,90.0,120.0,-60.0,0.1754969418943285,0.1730948053551118,0.17440823550466902,-1.822740159584254,-1.8312846232929971,-1.867306807953567,1.3920020495699645,1.3983900772477207,1.3922828839575763,35.18615379028007,35.191343359370244,35.18322212218027,0.708889138903958,-1.8245905861420695,0.2097434828102917,0.8992395313549599,0.4442418318405785,0.44465074140189703,0.4440099780627415,0.17488170941976694,0.1749057308117092,0.17415341041190152
90.0,0.0,40.0,-90.0,0.2675250415857796,0.2661388728552487,0.26670963848488843,0.3167837195007669,0.2324965518035985,-0.6697739760579476,2.09952083737716,2.0999742506753627,2.0991671838876083,8.980457608875213,8.975064219997376,8.97724284628933,0.5627020088470848,-0.520398479389706,0.2762208685170357,0.041192268752439545,0.0876449333963181,0.08769140812756375,0.08782996769351806,0.266761624351273,0.2667198429556473,0.2666609075719474
20.0,90.0,50.0,120.0,0.2337784166764971,0.2332172389807121,0.23353803045677496,-1.766243940585697,-1.77477845841458,-1.8876965221044417,1.8492477288143334,1.84955651300607,1.8486436085148672,16.468635321616713,16.473413153419568,16.462927950922158,0.7088879274287126,-1.824588487784622,0.14080125686398293,0.6700497884910681,0.24559009333885035,0.2456281713684425,0.24517330374262886,0.233599247808996,0.23354365727013615,0.23349711572937035
50.0,20.0,120.0,-30.0,0.1162651285017816,0.1150268408315009,0.11570333877502907,-0.7827221557429461,-0.797248217831048,-0.9020346416485604,0.9185442188075872,0.9167704647516319,0.920535858584243,33.53674859153553,33.53353421572192,33.525593034270585,0.61155358942398,-0.8927449706647446,0.5044736598844345,0.19991830141428812,0.39223919246107253,0.3922823314400056,0.3925921387325245,0.11557459677463607,0.11583949023061314,0.11608389429039181
90.0,20.0,20.0,60.0,0.2866454862540817,0.2554065363522149,0.26664380601121296,1.7102350901972732,0.468447925092223,-2.087879284670542,2.10385177346353,2.0974797636336513,2.104553209490198,2.8000926839796376,2.804802607417012,2.8117134231830483,0.5984987239536121,-0.7371513072756187,0.004801380349913163,0.14503108488706817,0.05172087775176559,0.05167863451362164,0.05155095555231539,0.2665033960810374,0.2665839634220817,0.2673921605966397
50.0,0.0,20.0,0.0,0.1793484764273184,0.1627703248789742,0.16896991383092863,0.4880537898764656,0.0761183184654827,-0.9737990083106857,1.3492043227197468,1.350495454844367,1.3496850413531367,4.457336502904792,4.451363765387879,4.4650491481514285,0.5786783317088385,-0.5219133872819157,0.08991152031726593,0.049402858369267014,0.058141985660266474,0.057816336352335,0.057883907617137506,0.1714106743129718,0.17146712701778397,0.17128297660580516
20.0,0.0,90.0,-90.0,0.0525991169434086,0.0520036979635318,0.05228792770876958,-0.5514494302612956,-0.5764092853269935,-0.6354754226656948,0.4138208018510271,0.4142200075081312,0.4123750572900279,24.835802948308356,24.831900317634513,24.827423451985844,0.5841760482634042,-0.5231945943630005,0.17692944330485968,0.019863579726463756,0.28429949184557246,0.2844147078907883,0.28405935059107607,0.05248066757922177,0.052282610811370755,0.05223730669926232
0.0,90.0,40.0,90.0,0.2381042798921285,0.2378877579983772,0.23799273273474916,-2.093665685038953,-2.095437925938288,-2.0932835991977363,1.8807433208562536,1.8851184963351246,1.8836064862136421,13.889156359558882,13.887060572976676,13.882209976142876,0.7100174044766513,-2.0547884519709454,0.000940812141467968,0.6216317279499401,0.21853050647564715,0.2185619082326371,0.21851752814750883,0.23795520035453455,0.2383040169440748,0.2377498845728528
90.0,20.0,110.0,60.0,0.2190494858966031,0.2178804769594022,0.21848345097282418,-0.4934725065319142,-0.5044554145059074,-0.7416009525951528,1.724244945880209,1.7232722918288923,1.7228369856560783,30.430801609804764,30.433828758940862,30.419038621827507,0.5984987239536121,-0.7371513072756187,0.9036127811143901,0.19997609429340654,0.35449664924650676,0.35462151000124514,0.35440073618869106,0.21862008175100958,0.2184651434423813,0.21857761667097952
0.0,100.0,50.0,-90.0,0.2480875770406327,0.2477141797937102,0.24788504856195367,-2.0908902274788974,-2.094383792327746,-2.092020298389268,1.9616050505222327,1.9641987867245734,1.962142575548273,16.766866641738012,16.771531343882625,16.749726129749728,0.7218111374018141,-2.031897380672554,0.00216017280112247,0.752137636256253,0.2542395959106091,0.25404486233169027,0.25390989332469227,0.24796022159172676,0.24803247364776645,0.24768467315854953
0.0,100.0,70.0,-60.0,0.2612260503124789,0.2595278757112174,0.26025898092858546,-2.076767509558532,-2.086401506847978,-2.0845112217842092,2.0620831379882767,2.0632114549864915,2.0643119157361736,22.49506484277757,22.493941231924836,22.47636687227179,0.7218487904020101,-2.031973400568217,0.01076053884252773,0.999914363002879,0.3221467922202717,0.3222693091784071,0.32208336314376756,0.2601674058968476,0.26045245476811396,0.26030651803829885
20.0,20.0,80.0,90.0,0.0785527238998787,0.0780477126470237,0.07832599906251325,-1.303202154293245,-1.3223666967285752,-1.3904331082117656,0.6263897955043298,0.6271257231452603,0.6255804788614455,22.723908308572014,22.723252915563354,22.718689642935455,0.6162442654560011,-1.27379193074638,0.1663373996259143,0.19552316150957857,0.27403053635580366,0.2742039618293395,0.27377213556746477,0.0784454235609324,0.07834557476789343,0.0782442748972671
0.0,90.0,120.0,120.0,0.1706804130321471,0.168917962191672,0.1698526322496776,-2.0706852674463616,-2.0774834246339453,-2.0764099760098675,1.358837771020132,1.3573301471628525,1.3599187620344237,35.20383073859867,35.196911860313726,35.19131895136806,0.7100174044766513,-2.0547884519709454,0.01798270159349393,0.8994448163865881,0.44437167174517433,0.4445580267021283,0.44428209330542845,0.16988513993000318,0.17005284281921343,0.17021321308113146
90.0,20.0,90.0,30.0,0.2357009686869381,0.2352283924150507,0.2354351738204974,-0.4417234628877757,-0.4434186993204454,-0.7633933594584577,1.855884325993093,1.8559114685131644,1.8565668673842861,24.751235293258834,24.741060118942183,24.736569434108112,0.5984987239536121,-0.7371513072756187,0.7943118255041922,0.19413392956771863,0.2904247976248519,0.2902562720998262,0.2903925102873021,0.23538216036395893,0.23546594941599924,0.2354747746659092
20.0,0.0,10.0,90.0,0.087360309284615,0.0658633667420044,0.07669642535640427,-0.2114483880076284,-0.7568220491901235,-1.2614430023020158,0.6885720362228205,0.6832061596839433,0.6893684465146098,3.2470753205507594,3.2406786646044505,3.2387681223828544,0.5841886751953623,-0.5231776405480634,0.028973160713810092,0.04315581319726799,0.06072715003633812,0.06044196474677416,0.06065882123856664,0.08671697861711754,0.08681392758447617,0.08749744223928412
0.0,100.0,40.0,120.0,0.2580857441887532,0.2576366018005248,0.25784378255557855,-2.087144754288601,-2.0907600879197727,-2.0899297970075197,2.040762086431997,2.0390593855460493,2.0392989253199345,14.13073586713031,14.124505937327582,14.118476505878053,0.7218526699760112,-2.0319799578528905,0.0033855887740422306,0.697353386053266,0.22632704438107204,0.22612032759129688,0.22621421023059587,0.257907407410867,0.2577296475419988,0.2579269074782103
50.0,20.0,40.0,30.0,0.1685967382829711,0.1661295853027951,0.1678664297979314,-0.5722900168873389,-0.6172692170827103,-1.051794232003318,1.324303111284781,1.3254261259934688,1.3247699802858957,11.318425075603885,11.318553451232276,11.3104813066787,0.6115535893142118,-0.8927449704416845,0.2518343946743755,0.14706150327393164,0.14521342426809294,0.14515362432251094,0.14510415478056557,0.16792177567474903,0.16796902106956535,0.1678253424722205
0.0,90.0,10.0,120.0,0.2683577474215837,0.2666198765872889,0.26744108279977225,-2.058682121360158,-2.0760020044575884,-2.0857419521329446,2.1109984146695537,2.1079005084627083,2.1144345009058054,5.96552861924697,5.963591515037213,5.963524294755469,0.7100174044766513,-2.0547884519709454,0.0038453358331846654,0.4336508369134308,0.1358124231851469,0.13571214072874047,0.13580147428723366,0.2670280932919827,0.2674761940654235,0.2678351313037484
50.0,20.0,90.0,120.0,0.1377763940441717,0.1372296840713094,0.1374756013156188,-0.74902261857426,-0.754546820281229,-0.9267871485140403,1.0882671821233418,1.0875481729981682,1.0866321435991928,25.235489615166358,25.230936824389453,25.222319910601666,0.6115535893142118,-0.8927449704416845,0.45337203675394316,0.19322486737575323,0.29961100504081656,0.2997552919664139,0.2996695126993448,0.1375869648764705,0.13739029898017938,0.1374956550451579
0.0,50.0,120.0,-90.0,0.1014102442085612,0.0997961057690477,0.10054745806769702,-2.0592915966746688,-2.0970006615850547,-2.0807146414956,0.8112105214424088,0.8113378081779996,0.8110833282188441,34.38388942491351,34.37706074625055,34.378548173555295,0.659751226265848,-2.06290590083226,0.008575522784626503,0.5001305909190458,0.41788909046730494,0.41796523021333043,0.417461298080165,0.10071838617621003,0.10072513570095293,0.10069075087638756
90.0,0.0,20.0,30.0,0.2870647632515128,0.2544411488713697,0.2659705712654793,2.782312420886784,0.8189272603497121,-2.4668084084987187,2.09330274954446,2.0971033690195733,2.099754336961876,3.862431563072888,3.882463313688243,3.887993077930695,0.562745350766241,-0.5203297715459044,-0.08242863388545972,0.17823143627921367,0.07292941582867778,0.07286989033290651,0.07319111658634911,0.26571854611223455,0.2665368718522708,0.26604935978629485
20.0,20.0,0.0,-60.0,0.1306325371321735,0.1135827305628613,0.12258793349827908,-0.2447889275029977,-1.0332135335146666,-2.089247227323595,0.9869424671391501,0.9925187281632758,0.9876301193056423,1.9162565725261953,1.8709854966630843,1.884736736848969,0.6162325043541272,-1.2737546913781816,0.00054403895838699,0.07647713110811785,0.05808050291244332,0.05765782550826776,0.05713222977338522,0.12558015822853888,0.12560037331298612,0.12491485423206365
0.0,50.0,90.0,120.0,0.1267906778865561,0.1254147260874246,0.12602324051328165,-2.0647918801424745,-2.091155791863273,-2.079321994402935,1.0067580423035625,1.0070996114593964,1.00785806341498,26.369551318700886,26.364746511564128,26.363176982252707,0.6597422425592191,-2.0628742020185755,0.008253323430611498,0.5000074481076674,0.33247522573258803,0.332436420739402,0.33247777872043166,0.12602047584498083,0.12614477189123627,0.12611301200181535
20.0,50.0,70.0,0.0,0.139992201844494,0.1394284000070875,0.13972066614529788,-1.652632683969432,-1.66414192321948,-1.7430611903736182,1.1123635421989988,1.1105841241802836,1.111510526275504,20.8269438213791,20.82570195535882,20.815817068017576,0.658991099436022,-1.6861926913303058,0.15577759269040922,0.4239800961276938,0.27024364876054946,0.27036236218615495,0.27019666962868527,0.1397062675060886,0.13963214106297542,0.13984310664064437
20.0,50.0,0.0,-30.0,0.1964359098670231,0.1953217048138576,0.1958619498309093,-0.5919419272364854,-1.293409792004162,-2.0913370397217816,1.5429959860208393,1.5457404160657175,1.546062757920212,2.375143411359328,2.3665428295942954,2.37081658488471,0.6589910984793551,-1.6861926882081995,0.0005977799007386133,0.17916873792981844,0.07733364075413782,0.07710718588336517,0.07731484463747199,0.19572454941668033,0.19610743569884373,0.1957676370402766
100.0,0.0,10.0,-30.0,0.2687148286911465,0.2636845115252625,0.26671593033077784,3.1352797116105404,-3.140390438593637,-2.255378094823234,2.1033312855561457,2.1039073975102256,2.107317239817193,4.623647597856825,4.627006493909368,4.616842547034091,0.5610908210231895,-0.5198393032628629,-0.051962399963323434,0.3447136791995607,0.11511331432632772,0.1150538221627471,0.11491002025244096,0.26648427486008763,0.2669889149349418,0.2669147950890525
0.0,100.0,0.0,120.0,0.2681429252738342,0.2663542844237128,0.26723318159280907,-2.0274799910838994,-2.0621899088723588,-2.0913834426233957,2.108499002264198,2.106863205872359,2.108576623173241,3.2182879772174684,3.214751753771536,3.2104658984741565,0.7218526699760112,-2.0319799578528905,0.001066469302593221,0.3327624795303408,0.10481996014630975,0.10458328249340328,0.10462593744550673,0.2671647374635924,0.2671705973115696,0.26738800046847666
0.0,90.0,60.0,0.0,0.219530700806635,0.21909783218744,0.21935163340327926,-2.09410780756156,-2.099014393321983,-2.0950530976388215,1.7390128487639276,1.7385544391020364,1.7395333879284427,19.18912970980466,19.182416158167968,19.16932197179562,0.7100174044766513,-2.0547884519709454,-2.5242388269940037e-05,0.7187478496892055,0.27471359321050864,0.27460476753601243,0.27423799881326777,0.21930535680742355,0.2193900648756088,0.21941621618429255
50.0,0.0,10.0,0.0,0.1847832033089047,0.1584200900635379,0.16824000648218584,1.4215818867516263,0.2911324448742206,-1.9297506094296721,1.3518644196616534,1.343478932660485,1.3449116644998305,1.6526507416154357,1.6264070107487993,1.6432999473724488,0.5786783317088385,-0.5219133872819157,0.01375641023481052,0.08008120366642552,0.05012808911412876,0.05010141275007515,0.05016151178164475,0.17113616200297344,0.17028389259117296,0.1713550684924147
20.0,50.0,30.0,-30.0,0.1712961433932474,0.1704074525642657,0.17099122700700045,-1.538658208222767,-1.5710306515267063,-1.7729086550500468,1.3528303491418794,1.352680128631119,1.352290819453572,10.068294192194777,10.072128723768468,10.067440364515301,0.6589910987441943,-1.6861926890751853,0.10018481200990598,0.30088985203147184,0.15510484590642296,0.15527657159316496,0.15494743949068815,0.17102241078569058,0.17097251735180094,0.17099837826950715
90.0,20.0,20.0,0.0,0.2873250827916065,0.2557022858078855,0.2666949358286521,1.7325458237810032,0.4770470615755213,-2.092683536368474,2.1036697031146185,2.097540684711407,2.1059243611922156,2.805940975465786,2.809487607341255,2.812030859636173,0.5984987239536121,-0.7371513072756187,0.003772047555066036,0.14528272281336743,0.051953613443460646,0.05186874172209381,0.05174517159731965,0.26643731639438534,0.2667266524498793,0.26748760111001707
50.0,0.0,10.0,90.0,0.1841100204525128,0.1587706492343935,0.16842615335789202,1.4347550804520972,0.2851103374884942,-1.9264306178855566,1.3481085764950587,1.3455539708945923,1.3509808500522937,1.6385273483246052,1.6627348837507587,1.6280297868470575,0.5786783317088385,-0.5219133872819157,0.014095672509756327,0.08025778002032109,0.04990987092595693,0.05062303357609563,0.05012853163301158,0.1707498371618614,0.1710935215053335,0.17150290635275273
20.0,50.0,40.0,60.0,0.1627791804927078,0.1620892219343458,0.16241386292979965,-1.5940554973600851,-1.6092366621976844,-1.7627659743073936,1.2864223278650215,1.2854835391970258,1.2870825279453928,12.777082439019486,12.771555747593743,12.768678324087084,0.658991099436022,-1.6861926913303058,0.11629565707796437,0.3375263486610047,0.18412388938217422,0.18394014482778376,0.1839651480696056,0.16233029333359406,0.16241918132766317,0.16252865780944237
20.0,50.0,40.0,120.0,0.1627971605735768,0.1621090625921852,0.1624361507001002,-1.594329741327651,-1.6094439991884066,-1.7629450065318468,1.2865389562129153,1.285670705312715,1.2873112105348787,12.777466413922852,12.772117162721287,12.7689134714785,0.658991099436022,-1.6861926913303058,0.11626004533326056,0.33762020510864466,0.18413871891199532,0.18395689542702565,0.1839799374498255,0.16234614366713798,0.16244922557365168,0.16254961549745106
20.0,0.0,30.0,-30.0,0.071476047567236,0.0692435282471906,0.07041811923866333,-0.691335782165789,-0.765584320916589,-0.9809710711670455,0.5562803920848645,0.5565378149918496,0.5569279107390368,8.471438538281372,8.4768190753928,8.47003532173108,0.5841886745002022,-0.5231776384289202,0.0778017963044605,0.03834507747858322,0.10342545597026756,0.10344856813809544,0.10343596697216395,0.07041063842199753,0.0704989283438417,0.07046613705678112
0.0,90.0,90.0,0.0,0.2079023461623358,0.2065566896998004,0.20717170137687407,-2.084070850843868,-2.090298319232201,-2.08744315313736,1.6465140743130238,1.6483305916164042,1.6486506919268213,27.377375615160254,27.365483729473617,27.36920459270491,0.7100174044766513,-2.0547884519709454,0.007777018217110321,0.8999273533453817,0.36451723670085673,0.36453562598613964,0.3643425454029131,0.20714619285588032,0.20740404061373283,0.20716617931059725
90.0,20.0,90.0,0.0,0.235641857696619,0.2351703963712673,0.23537543413314488,-0.4418206504968763,-0.4435019181491457,-0.7633982094110393,1.8554038341586883,1.8554474824641805,1.8561043772040948,24.751549601309467,24.741272080341535,24.7367999606929,0.5984987239536121,-0.7371513072756187,0.7941179866335022,0.19409077145191914,0.29042529261287625,0.2902585241185152,0.29039501372281445,0.2353215863177832,0.23540766056292728,0.23541450225863983
20.0,90.0,90.0,60.0,0.2138303876424729,0.2120904811436406,0.21289291305714228,-1.7984915045210823,-1.8074960200188757,-1.867371934816288,1.6921444487120871,1.6932176611091796,1.6920685748089512,27.34061540076996,27.348695640266758,27.34901450985931,0.7088879274287126,-1.824588487784622,0.20945000662699725,0.8999524473372594,0.3640496218899137,0.3641566220981616,0.36411245776913603,0.21301609639572053,0.2129892880252601,0.21287931956059344
50.0,0.0,10.0,60.0,0.1847450410865753,0.1584434357127471,0.16839522213202254,1.440700861940944,0.2779599316822208,-1.9275465303232853,1.3507865595272985,1.3451173260394926,1.3464226001104818,1.6894150529656176,1.756510310074226,1.6621788509489073,0.5786783317088385,-0.5219133872819157,0.01398564072237637,0.08036205506360901,0.05017839118268628,0.05093514005934285,0.05018459803878616,0.1711777342757672,0.17056532757896445,0.17133238284383961
90.0,0.0,70.0,-30.0,0.2588312091448379,0.2582733191819412,0.25866775763139355,-0.1017169807590745,-0.1067107901385317,-0.5790544167507526,2.0365254577728886,2.0371221620688575,2.035412554856881,18.254207181129154,18.252879041601158,18.245700161592396,0.5627453504048675,-0.520329771333904,0.6214557983684215,0.03454648142050134,0.20136509638068564,0.20124817953639587,0.20130038709322506,0.25880302613863915,0.2586511476925225,0.2585907361783944
20.0,20.0,80.0,120.0,0.0785857545873926,0.0780736343526883,0.0783563347101665,-1.302095686637632,-1.3214227788870871,-1.38956129699222,0.6266046316307753,0.6273736303227377,0.6258149666270453,22.72363390202898,22.72288207431142,22.71832436209449,0.6162442654560011,-1.27379193074638,0.16656540563219188,0.19544613443034206,0.274020997155563,0.2741956984659444,0.2737606600505626,0.0784756623102511,0.07837862471010645,0.07827248501645256
20.0,50.0,20.0,60.0,0.1805321738427552,0.1786749444735615,0.17969153166546,-1.427606843797623,-1.5180580592463797,-1.7941838393219534,1.4204256782211744,1.4190260380061568,1.4205255639494945,7.363043500355023,7.353988169671087,7.351794972752691,0.658991099436022,-1.6861926913303058,0.08011359391437745,0.2592090811073603,0.12664121472304202,0.12639297623397205,0.12649674387456586,0.1796619887514716,0.17967052936366862,0.1798471294427771
20.0,50.0,80.0,-60.0,0.148651141938381,0.1411719233016759,0.14736370507074442,-1.616948095748975,-1.6417645718714762,-1.7117960276432864,1.1716192431577674,1.1742276812381787,1.1753230807732833,23.646022316606068,23.659989896371687,23.64785288376268,0.6589877709506952,-1.6861854913183936,0.20011225278528524,0.4960656683029316,0.30399674751423916,0.30418937759604014,0.3040769885740426,0.1472946470370529,0.14777723271411417,0.14745731567809828
0.0,90.0,60.0,-90.0,0.2195522328301809,0.2190891493951765,0.2193634869357769,-2.0947966240623,-2.099698451233636,-2.0955340111494514,1.7390917772269048,1.7386809613488647,1.7396076545187455,19.189817377882196,19.1823103928123,19.16939666112073,0.7099826460032922,-2.054712999567408,-0.00037115472397088753,0.7187951244529092,0.2747248596975435,0.2746042564781711,0.2742424657067024,0.21932022339183269,0.21940380306001675,0.21942364430094305
0.0,100.0,30.0,120.0,0.2682594252024627,0.2677068869127251,0.2679569536531012,-2.0722475067896515,-2.079129814823389,-2.083711057477541,2.1166359513716495,2.1189265880535992,2.118458690457292,11.487730279902438,11.49082270742107,11.472986428263878,0.7218526699760112,-2.0319799578528905,0.006992962597849426,0.6365314759828096,0.19900538457306893,0.1989808789019336,0.19876102135812382,0.2679047749550286,0.2681506625965258,0.26784673850830515
50.0,0.0,60.0,30.0,0.146287319673176,0.1457033187568656,0.1460571022371674,-0.3364738944157894,-0.3434000821476942,-0.64360847919709,1.15063087809939,1.1510245308901483,1.1502901351802706,16.302110619123603,16.304617701982764,16.29350420188467,0.5786783317088385,-0.5219133872819157,0.32365755973771865,0.03904313806258586,0.18681375368685135,0.18661021529515057,0.18668925813198298,0.14611865105651886,0.14606805132736767,0.1460188776724632
0.0,90.0,100.0,-90.0,0.1940272832020982,0.1926236016392749,0.1933353471006825,-2.080179586187994,-2.095062747495503,-2.0880936152770713,1.541370181908108,1.5402794535360531,1.53799573039003,29.994441967230674,29.98731239180372,29.98100849569154,0.7100121880413687,-2.0547747178168474,0.0073924658500829545,0.900033471041141,0.3913754220113618,0.39132589152210423,0.3909872908206374,0.19365787994800662,0.19323758668083182,0.19337401982550878
50.0,20.0,10.0,120.0,0.1928077622609017,0.1810674158827401,0.18691268075728568,0.8829203312114374,-0.1167058840725601,-1.7470254760314994,1.4774114105233933,1.4737104217699055,1.4723141843163132,1.7977084354745207,1.802141362746363,1.801854790553813,0.6115535893142118,-0.8927449704416845,0.041699618495179266,0.11000492290734706,0.053832893812359776,0.05408407488081017,0.05397146853065218,0.1873667133571366,0.18672989305904472,0.18719810326492303
0.0,90.0,40.0,-30.0,0.2382917253563483,0.2379957237826334,0.23810529011204354,-2.093868216008763,-2.096502902584093,-2.0937024372565376,1.8831214745387053,1.8848487415360116,1.8841185349923293,13.88880251637777,13.88466327767535,13.876035745558667,0.7100174038894211,-2.0547884506600167,0.000672709087263134,0.6220448781395534,0.21856631142025787,0.21840340631612953,0.21840153748280056,0.2381045388355928,0.23823573481042118,0.23800419864294162
20.0,90.0,90.0,0.0,0.2137686030283916,0.2121211504915214,0.21289178972780892,-1.7985595482457728,-1.8074680527873843,-1.8673811984105253,1.6921876020839681,1.6934280626676488,1.6918314189046069,27.340005209878676,27.348694511977357,27.348464913499477,0.7088879274287126,-1.824588487784622,0.2094437093416462,0.8999465442729555,0.36403754074417005,0.3641638293397369,0.36410124588463344,0.21304666507062842,0.21298470337306535,0.21285341895020385
20.0,90.0,50.0,-90.0,0.233884686687659,0.2333217715709866,0.23364337048689407,-1.7663205465456917,-1.774646398657527,-1.8877476826582635,1.8500769996052926,1.8503844460126726,1.8494767057282355,16.469850488403804,16.474683028824746,16.4642329374829,0.7088457717415754,-1.8245126872201,0.14085741918581252,0.6704741791038749,0.2456319263507482,0.24568687074787862,0.24521626928722476,0.23370386065878015,0.23364895437652428,0.23360275354996218
20.0,0.0,110.0,120.0,0.050646720074056,0.0472295252205272,0.04912721318925591,-0.4429861925475629,-0.4992140807066438,-0.523414804492253,0.38799333527589147,0.3863582787844993,0.38852202790524915,30.3161755722861,30.31630117492064,30.309302797392867,0.5841886751953623,-0.5231776405480634,0.203292695988771,-1.2774923438158817e-05,0.34547459716193385,0.3454003271175569,0.3453741412237699,0.04919942587611664,0.049282971576374915,0.04946917320422395
100.0,0.0,50.0,-90.0,0.2670328129247973,0.2666161209683861,0.2667565442084332,0.1056579236883934,0.0829912008037105,-0.6203950576862456,2.0997200715773925,2.1003372220813197,2.0995986336125174,12.19631000582018,12.19755393606495,12.195224661954052,0.5610537141311746,-0.5198981002958376,0.4074508222265142,0.039752927894515906,0.12832727749581802,0.12843766560509642,0.1283574921538546,0.2667950868422558,0.2667854598322693,0.2667049854272691
50.0,20.0,70.0,-60.0,0.1473503842897435,0.1469682503379045,0.1471903153190809,-0.7456416846705384,-0.7496611463108179,-0.983018189515262,1.163885890209759,1.163801409142399,1.1623909376123476,19.756199873345373,19.751946347833353,19.743759320620786,0.6115491632987664,-0.8927428941387757,0.3777085800867583,0.18677421401064737,0.23922442717062334,0.23910364615698634,0.2390603349343053,0.14732273046787497,0.14713081715240503,0.14714469227926127
0.0,50.0,100.0,60.0,0.1173509322969828,0.115569880741189,0.11637058842615583,-2.078344490230953,-2.090733279365431,-2.084804011249305,0.9362911259007901,0.9335337739775108,0.9298301361155332,29.024897237426412,29.018929599670273,29.010562244871767,0.6597422425592191,-2.0628742020185755,0.00592552247307191,0.4999957320362473,0.36013688526209797,0.3600759853248929,0.3598619438113032,0.11688878377825192,0.11608176668968873,0.11644694624950472
20.0,20.0,70.0,-30.0,0.083104530905493,0.0826913199405169,0.08291704147789504,-1.3184034608606234,-1.3343098073714756,-1.4161039447534343,0.6617036754475004,0.6626845935776366,0.6601727457231812,20.00213133476928,20.001970335343444,19.993327376398213,0.6162442651192103,-1.2737919290923683,0.15210458145534583,0.1884803985240326,0.24402771104649737,0.24392231389992317,0.24383878520564292,0.08311369690540606,0.08290626283058587,0.08278690529636906
90.0,20.0,30.0,-60.0,0.2678420199875776,0.2661117294285947,0.2669315900249835,0.4120136257538055,0.159993453202225,-1.0204160466538068,2.1032829028951485,2.1021266363868625,2.101578611083937,6.2833941463875,6.279409021069908,6.281039238984453,0.5984901362323677,-0.7371542301463673,0.20294567836019145,0.11100074163967706,0.07255362934699944,0.07257485552165087,0.07270056325273816,0.26702912260548783,0.2668135620337537,0.26696401104575385
50.0,0.0,100.0,-90.0,0.1360089887747904,0.1353361715879713,0.13573273470175928,-0.3515187359717304,-0.3579886418792187,-0.5237679203808627,1.068878135384557,1.0686333118541336,1.067664239471827,27.339788524009887,27.33539507861687,27.327431199475406,0.5786728805763073,-0.521921499283353,0.5031780550648186,0.00011212700693975581,0.30977708699578294,0.3098709255555326,0.3098326500153431,0.1358373488209992,0.13569311199633943,0.13572631652354142
20.0,20.0,30.0,120.0,0.1072424627579419,0.1059958325301633,0.10676756831327885,-1.244213654175233,-1.2914362494932086,-1.50656235796598,0.8457411510314301,0.845013637178333,0.8450596180762121,9.17658698829465,9.174983450556537,9.170327363414005,0.6162442654560011,-1.27379193074638,0.08915190839148905,0.1338290989636123,0.12642393898156518,0.12635527477616243,0.12628864753584645,0.10682218763149172,0.1067414531633193,0.10682724689313305
100.0,0.0,70.0,30.0,0.2622470028297554,0.2616262346149203,0.26208223522567675,-0.0938587529544112,-0.0992553271962056,-0.5782315038097277,2.063056954594656,2.064165688452671,2.062462916035039,18.221190244524504,18.217277787104813,18.21284741388644,0.5610908219554596,-0.5198393037975151,0.6275045520098794,0.03436780509156294,0.20070033568602194,0.20047789233505942,0.2004651388938218,0.2621988996523332,0.26210735880919284,0.26198090515213485
20.0,50.0,0.0,-90.0,0.1965526332295299,0.1952214938074448,0.1958877470263546,-0.5892899105396049,-1.2908025727267778,-2.091372451410415,1.5436360932187245,1.5461877625577132,1.5456411282985085,2.3759242529898446,2.3711044349377137,2.3717580675283028,0.6589147672136028,-1.6859919872868243,0.0005948570613845565,0.179210054054812,0.07741403674249826,0.0771995978417468,0.07732533096061932,0.19583229179046602,0.19608150916846856,0.1957673130812241
20.0,0.0,110.0,60.0,0.0506468809679265,0.047229740827892,0.04912749941546481,-0.4430317667735332,-0.4993057855416167,-0.5235161652421464,0.38810018255146705,0.386457436683528,0.388522483528993,30.31617547284214,30.31650754803956,30.308939747501157,0.5841886751953623,-0.5231776405480634,0.20329788543345256,9.28074186665192e-06,0.3454779268283099,0.34540537870147076,0.34537685197005247,0.049215610145154236,0.049286744218088145,0.049473996985440874
20.0,50.0,110.0,60.0,0.1175177105351808,0.1156863319954458,0.11658233997234076,-1.6544875131620436,-1.6666328864766813,-1.708978273553313,0.9328353223157907,0.9373021820306298,0.9352880216992199,31.667509796346245,31.684556621943482,31.673791475973093,0.658991099436022,-1.6861926913303058,0.2044986479655239,0.49999341637197947,0.38866267716533726,0.3887240602181576,0.388520979504344,0.11670441882049837,0.1169981565912774,0.11644065789590549
50.0,50.0,90.0,30.0,0.1819502240749176,0.1796522736947844,0.18094500349380135,-1.1210318266347414,-1.136831706018791,-1.3053990472259938,1.4331008519044188,1.4347594264708579,1.4364816492913004,26.15832956539832,26.162401415315763,26.153774106011802,0.6550888176419655,-1.2898374651384217,0.5044121625065153,0.500124138070641,0.3289900307759456,0.3288581776622462,0.32888188632903614,0.18082315014029132,0.18124446978898318,0.18102548916864342
20.0,20.0,100.0,120.0,0.0728724436355209,0.0702324831021315,0.071496768025537,-1.2180691361501526,-1.264843574050862,-1.3023011210866875,0.5737897226347356,0.5754399318828822,0.5725883018054265,28.16495313142156,28.164603218845684,28.15609735184193,0.6162442654560011,-1.27379193074638,0.20337280541673444,0.2000220149322601,0.3335914837233096,0.33369119808499925,0.33350913331617205,0.0717960750674488,0.07164409432664219,0.07144531049016395
0.0,90.0,90.0,30.0,0.2079032090313109,0.2065543444712648,0.20717184587234388,-2.083965275508451,-2.090168063156709,-2.0873398111439565,1.646485411611737,1.648329352352091,1.6487077764391231,27.377305761869913,27.365305763478467,27.369210761545613,0.7100174044766513,-2.0547884519709454,0.007869727262062778,0.8999269720356081,0.3645133942321612,0.3645344711972763,0.364341222665642,0.20714137658053422,0.2074098198101725,0.20716802603587817
90.0,20.0,40.0,60.0,0.2674729760299735,0.2665688960586751,0.26697996838495297,0.0217054802487892,-0.0435306803114407,-0.8840233152818979,2.1030766558708534,2.103642008686958,2.1021114830532115,9.82161761171934,9.816390244753736,9.816124660502174,0.5984987239536121,-0.7371513072756187,0.34756476531854635,0.13140804641724946,0.11640457632451347,0.11638439746152485,0.11645854905811005,0.2670890736396147,0.2669602574610732,0.2668982061350911
20.0,0.0,70.0,120.0,0.0578755975763507,0.0568421508856554,0.057447091190734,-0.6306153255772634,-0.6822521397694735,-0.7512266349561904,0.455006546591526,0.45418221786689933,0.455513855994988,19.38995546163762,19.380385131599883,19.375197210443886,0.5841886751953623,-0.5231776405480634,0.14990899522533857,0.034733145318954085,0.2238270736490952,0.2237583159912706,0.22376762161258307,0.05742225666370677,0.057491978509881574,0.057591830886464385
50.0,20.0,40.0,-30.0,0.168641057673773,0.1661923271069627,0.16791875092186984,-0.5718849400549911,-0.6163465904209998,-1.0514454526319241,1.3248349659435044,1.3258847831765972,1.3249646304044833,11.31665257228704,11.317516262674745,11.309333021715625,0.6115535886920245,-0.8927449691776542,0.2519214093120721,0.14699239005078116,0.14517066666238926,0.14514292821603825,0.14504550120079945,0.16799664383576474,0.1680037581730502,0.167866883561483
50.0,0.0,60.0,90.0,0.1464618426714103,0.1458800057732163,0.1462339821481956,-0.3357756616077363,-0.3419126165037183,-0.6433269680376403,1.1520042983832186,1.1523736932034234,1.1517355021934699,16.300915649793822,16.303401824870832,16.292268549737553,0.5786783317088385,-0.5219133872819157,0.3240108145146802,0.03899402559549321,0.18679016910108467,0.18658185105710967,0.18666510341285694,0.14628867991126995,0.14624724418070378,0.1462007150942461
20.0,0.0,40.0,120.0,0.0685736584043167,0.0648975430335545,0.0668863843105351,-0.6845734378102211,-0.7719139792870808,-0.919458002439194,0.5298989257321017,0.5317021523911343,0.5272525911356882,11.222197495199207,11.221515035417356,11.202130866711052,0.5841886751953623,-0.5231776405480634,0.09840113443908789,0.04116297289903561,0.13380195363896083,0.1341838465580866,0.13374703161187537,0.06730006895134337,0.0669591143491069,0.06672871912701159
0.0,100.0,90.0,0.0,0.2264536844554514,0.2247491636858958,0.22571006153282083,-2.0778660425293585,-2.084802580125117,-2.0835965404510635,1.7964937939511985,1.7930129781884045,1.7922110167666838,27.615110557435916,27.603715336319805,27.599948904726954,0.7218526699760112,-2.0319799578528905,0.012436720866275064,0.9999454498153677,0.37225217521263215,0.3721110368717179,0.37184943433491224,0.22598823383731453,0.22545403901327918,0.2258859916306754
20.0,0.0,40.0,-30.0,0.0677713396512386,0.065432228149965,0.0666667571372537,-0.707398969346361,-0.7677701744421037,-0.9217321966001045,0.5325327531355669,0.5288525257464866,0.5225685328630792,11.227469189929815,11.219193652197388,11.191412851430167,0.5841886745893218,-0.5231776387005982,0.09801884328568802,0.041252525612468824,0.13390523635773538,0.13429875920805462,0.13326587298970796,0.06747852625773462,0.06619498740379262,0.06667775464306244
0.0,100.0,10.0,-30.0,0.2683850731697301,0.2666265552951424,0.26745613762415776,-2.0579315682501726,-2.074369523267557,-2.0849098285203005,2.111236880029608,2.1082596474247173,2.11400382549098,5.966763716331188,5.964388204787028,5.962649832202367,0.7218526691302755,-2.0319799560783323,0.004203649867404931,0.43366757226255076,0.13581137329628445,0.13569100830164582,0.13575556452995183,0.2670990964168884,0.26746037811183815,0.26780955126750833
20.0,0.0,20.0,30.0,0.0752343323212764,0.0732189188367208,0.07449312469684823,-0.6046757841493806,-0.7324426540515776,-1.0576889983137023,0.5889957841275018,0.588615240547091,0.5878677897045597,5.687336703162355,5.6885556072673715,5.685014271377163,0.5841886751953623,-0.5231776405480634,0.05567263848471391,0.033054213651542756,0.07291958725171065,0.0729347142341469,0.07305892418968972,0.07461497948759102,0.07446305892997339,0.0745382809877038
0.0,50.0,30.0,-30.0,0.1617572185017455,0.1610045838212118,0.1614673261534244,-2.091443674863408,-2.1015025385078405,-2.094185916195686,1.2773976959857696,1.2740869165305715,1.2831048087580383,10.192929025366436,10.19520085446343,10.192257574594839,0.6597422419022757,-2.0628741997834563,0.00017806110315002279,0.30323692501693705,0.15715312772799006,0.15734440929202556,0.15724391948415523,0.16085912573296848,0.1615802568133568,0.16202035803916512
20.0,90.0,50.0,-30.0,0.2338301331058927,0.2332687137515916,0.2335880432886799,-1.7656044845255077,-1.7742436690229724,-1.8873551632646253,1.8496326274109678,1.8499685695914814,1.849010894886959,16.468897877930576,16.473650488628017,16.46323380781544,0.7088879269153391,-1.8245884866442015,0.1410713255998442,0.6701730810938018,0.2456014096558336,0.2456587262431455,0.2451874398503438,0.23365089632444624,0.2335933389596872,0.2335438323594542
90.0,20.0,90.0,120.0,0.2357116434821087,0.2352371870566496,0.23544489910849575,-0.4420710112002234,-0.4437520354507072,-0.7637163006162295,1.855982273869594,1.8559925306943783,1.8566322415037924,24.752278994798004,24.741957622527593,24.73748786442155,0.5984987239536121,-0.7371513072756187,0.7943671652213251,0.19441921324505007,0.29045575860550865,0.2902863436626078,0.2904227578706735,0.23539390049542186,0.2354734773548643,0.23548462880064247
50.0,50.0,40.0,30.0,0.2066331084513521,0.2051724004534882,0.20614742856533613,-0.9492371110695372,-0.9843495384906552,-1.3870237751903007,1.6287817585376516,1.6280648177412274,1.6293599270158252,12.287435626996603,12.282714359560517,12.275955211538394,0.6550888176419655,-1.2898374651384217,0.28112590012325467,0.3289334697310434,0.17593166295108265,0.1757552667372314,0.17578219659520378,0.20609847078802618,0.20617661269062537,0.20625164307388857
50.0,0.0,70.0,30.0,0.1410136705856937,0.1406599184384185,0.14088905666152912,-0.3627896221657516,-0.3695507436788409,-0.6180687499227557,1.1102606227085148,1.1096882233052607,1.1096476841167133,19.10685153060245,19.09948481315483,19.087774813800355,0.5786783317088385,-0.5219133872819157,0.3660535183540407,0.03469124743690272,0.21832798656585503,0.21815974750797323,0.2181211232905431,0.14093777589983564,0.14084831422066832,0.14093040765763962
50.0,20.0,20.0,-90.0,0.1872342735447453,0.1786998536523298,0.18373567961600373,-0.0186400794450835,-0.3410053883601884,-1.220124565797824,1.4493350102239728,1.4508516201447477,1.4480923839412425,5.135803295745422,5.136117089443625,5.141793551390638,0.6114943149941952,-0.892751242405844,0.12853358892530053,0.10817305884341762,0.0767186245877318,0.07669800112450684,0.0768630769575849,0.18405446469366987,0.18389733151416132,0.18370629040763253
50.0,0.0,90.0,-30.0,0.1316364766450269,0.1313977084260118,0.13154669778243647,-0.3808492877729807,-0.3872144553089949,-0.5671615359242753,1.0359866810711087,1.0355945233042771,1.0364641794161353,24.641191824981252,24.632030590009162,24.634025122750348,0.5786783315438855,-0.521913387068594,0.44080919334879676,0.019215920683646352,0.28042314795809486,0.28023455710675194,0.2804172127436395,0.1314956671205419,0.13156874399713217,0.13162224901624872
50.0,20.0,80.0,-30.0,0.1411613975998629,0.1409246696341351,0.14107661530088195,-0.7622741333019442,-0.7640127464673037,-0.9625188054758866,1.1147872025331778,1.116365589335423,1.1159038599728535,22.514746357150816,22.510217966532778,22.508647016880165,0.6115535890580166,-0.8927449699211946,0.41229636276589904,0.19343091205582252,0.26992771775757735,0.2698822893401034,0.26993828765316114,0.14106241819165627,0.1412025766020635,0.14100653076561892
100.0,0.0,110.0,-30.0,0.2277954043282449,0.2245703910532048,0.22629936093242956,-0.2611840031031668,-0.2696972337692629,-0.5235259656504442,1.7813410163789782,1.7819378015305005,1.7795972333366183,29.776041566310653,29.774188152930787,29.77173712671129,0.5610908219744861,-0.519839303808424,0.9050797396291582,-2.1719965108476036e-05,0.33483125474895775,0.3347497202952379,0.3345826378093004,0.22652733204874598,0.22631094575271615,0.22623721281900547
20.0,20.0,60.0,120.0,0.0889814020508942,0.088572095341339,0.08879029255607793,-1.3111914465607573,-1.3347204440108,-1.4362596340605294,0.7070501485061648,0.7053371318033437,0.7078760446589314,17.309598230949856,17.310922195675428,17.311770063483543,0.6162442654560011,-1.27379193074638,0.1395388901206117,0.1802741762171609,0.21480426571975716,0.21460304091243365,0.21466647165211195,0.08867321855303656,0.08876896410215224,0.08899077444636957
90.0,0.0,10.0,30.0,0.2689975916887226,0.2606891333266134,0.26625197896299213,3.13794827172988,-3.13567745516321,-2.257139094243015,2.099620824262792,2.1006851659676977,2.102320358930812,4.584989641008617,4.590852444858377,4.5820999380461425,0.562745350766241,-0.5203297715459044,-0.0525945632916305,0.34246693800111105,0.11443349395364172,0.11445283389133389,0.11434688654041433,0.2661114071603588,0.26646213503505756,0.2663085879793641
0.0,20.0,10.0,60.0,0.1099934703125748,0.096436042878423,0.10319621940146935,-1.6583229511187187,-2.3623274372611176,-2.0733755532881464,0.8197664315724068,0.8162796555845424,0.8174317285701279,4.005255949728695,3.9998028012926716,3.9936771334268553,0.617145342061956,-2.0150473293853004,0.0017760970238870385,0.0877830958619888,0.07231913212858149,0.07232602141372486,0.07214569296736588,0.10355651267210941,0.1032770375869304,0.10370739883942003
0.0,20.0,10.0,0.0,0.1114908365346577,0.0961117029019212,0.10318046102320884,-1.668954201142221,-2.3988390505893458,-2.0689670847811255,0.8196182845569183,0.8175227939075635,0.8176172694825934,4.001267455164912,3.9993324465209374,3.994371819538863,0.617145342061956,-2.0150473293853004,0.0018671977903779646,0.08782817005220808,0.07226016759084587,0.07225351709031873,0.07207284139667038,0.10364719386510308,0.10339761132733448,0.10365742078471767
90.0,20.0,10.0,60.0,0.2688297591028826,0.2658197207043518,0.2669675281172764,3.137837750654632,-3.137621330403228,-2.2708978085592717,2.106410396240352,2.1061200840242136,2.1070581444191494,3.9230714261872253,3.938524043054536,3.932981347990526,0.5984987239536121,-0.7371513072756187,-0.056035336976576,0.3119943665079631,0.10500868951393258,0.10528489034297865,0.1051528803758623,0.2670019835258172,0.26708148343308696,0.2671161217950346
0.0,100.0,10.0,-60.0,0.2683840524063493,0.2666246164128369,0.26745547014535215,-2.056366521162679,-2.074142745793038,-2.0848333010982527,2.1110420944330337,2.1083214109324038,2.1141089101725763,5.966840331709575,5.963612308462424,5.962591217939735,0.7218418241497929,-2.0319631116498202,0.004235255167852358,0.43367090458992624,0.13580322905920736,0.13567821994658566,0.13574543863004146,0.26708229011394596,0.26748280080232867,0.2677994457853004
50.0,50.0,100.0,-30.0,0.1669615345336647,0.1659459894023978,0.16652125817052824,-1.1515936681352037,-1.164077740941259,-1.3053215678557053,1.3223608394115645,1.3240390443146013,1.3221488752645982,28.87072351414492,28.86624407783962,28.853898571348314,0.6550888175689192,-1.289837464975137,0.5049107369884671,0.499991428759781,0.3572935028615868,0.35726836674350704,0.3572559647909407,0.16668839719673126,0.1666588546382885,0.16645124932741498
50.0,50.0,10.0,90.0,0.2385821384258067,0.2282632973100126,0.23371477705680457,0.3651933985053232,-0.4967287570266659,-1.7556936810372776,1.8458134070701104,1.8464053898200017,1.8411200370033018,2.94508047613342,2.9454818410939794,2.9541353681146627,0.6550888176419655,-1.2898374651384217,0.07712769398411537,0.2175903621685551,0.08290348854816106,0.08304558621796926,0.08317624650849748,0.23432666483910053,0.23373875170041253,0.23365743060549649
0.0,90.0,20.0,0.0,0.2591162142106825,0.2586694637377514,0.258864325479108,-2.0897154996305045,-2.0940454109932625,-2.091571398487411,2.044416849507849,2.044133450565591,2.046016487013083,8.625139779632004,8.628608390092639,8.618034511574008,0.7100174044766513,-2.0547884519709454,0.001555799722218828,0.5066749251226477,0.16395930588540367,0.16412614731565034,0.16407364318725812,0.2587189462436137,0.25892365288226654,0.25896088400197803
90.0,0.0,70.0,-60.0,0.2588007320846129,0.2582489736628049,0.2586386389947879,-0.1016934642005061,-0.1066299030529097,-0.5789701656029421,2.036292798333393,2.0368899566331433,2.035185361086107,18.254230371554083,18.252882884214443,18.245706515959405,0.562741321513601,-0.5203327132065367,0.6213777919107862,0.034489001894101076,0.2013620671938183,0.20124483334712495,0.20129719403171234,0.25877340122213527,0.2586221930736393,0.2585617208398884
20.0,20.0,40.0,30.0,0.1003543600378242,0.0989975035459567,0.09990783622773924,-1.291341175875332,-1.321140193951851,-1.4828785861691434,0.7938082773125048,0.7915431031430785,0.7919745372856721,11.889175715523734,11.889602329433567,11.883989677891574,0.6162442654560011,-1.27379193074638,0.10669433960886135,0.15208645562159595,0.1554941314297138,0.1553340648343539,0.15537707344229504,0.09999901161557037,0.09976959454642963,0.10006408864479957
0.0,100.0,110.0,120.0,0.1987931018212168,0.1969482595842735,0.19789349266739437,-2.075768675309152,-2.086531485722451,-2.0834807280852603,1.5773741461370627,1.5775011924570401,1.577764781458515,32.797384672222016,32.79291696603708,32.79227952029393,0.7218526699760112,-2.0319799578528905,0.0126779258429921,1.000058693900757,0.42407486778935266,0.42422083854730147,0.42388170268535974,0.19798904359300012,0.1980244651071656,0.19802320789304084
50.0,50.0,10.0,60.0,0.2385951473523421,0.2282513799635998,0.2337299734906275,0.3628972411334706,-0.4964792021310057,-1.7558142850505745,1.8451789575950186,1.847203958044046,1.84117904401605,2.9383085258496697,2.9416373988476314,2.951122000602418,0.6550888176419655,-1.2898374651384217,0.07706777150241725,0.21748544175355455,0.08277766055724185,0.0830106658597242,0.08314612934079854,0.2343390370231613,0.2338396741327998,0.23357481029488
0.0,90.0,70.0,-90.0,0.2407677272057776,0.2393405756271665,0.24004344610001585,-2.080767337147952,-2.095961700514606,-2.088929023450117,1.9028351322537058,1.9036665632890828,1.9044002658490047,22.238267124976435,22.23928107300222,22.229693304643487,0.7099894993967376,-2.054729236741388,0.0056323613745913595,0.8998720235278225,0.31439571659780247,0.3144593203738601,0.3143318738763827,0.23999293813152336,0.24019354717835698,0.2400893088465712
20.0,0.0,10.0,60.0,0.0872554480027037,0.0662574028873883,0.0767342640544165,-0.1908899066935068,-0.7508777635864604,-1.2609702500056996,0.6895078273807504,0.6876764524737018,0.6856007407035696,3.239223285794967,3.2410025682928243,3.24508260331728,0.5841886751953623,-0.5231776405480634,0.02898853696783411,0.042994230019695164,0.06050122670650589,0.06050525749679378,0.06070912043790768,0.08733902345859108,0.08682672899079188,0.08704555644742908
100.0,0.0,120.0,30.0,0.2061138260866789,0.2045967158741864,0.2053390090096212,-0.3034815270799526,-0.3149684902150362,-0.5233438353683966,1.616883537616126,1.6143505992367608,1.6187833199589126,32.704077110310244,32.70118701287125,32.69175006392109,0.5610908219554596,-0.5198393037975151,0.9054948075927807,-0.0002354893241767069,0.36909879439302323,0.3689846290782932,0.3688222808449513,0.20513599684830758,0.2053927185192198,0.20568212461143914
0.0,90.0,100.0,120.0,0.1940269866722234,0.1926233016183812,0.19333498933602944,-2.0802607396222874,-2.0951594492686345,-2.0881597575772943,1.5413684945150097,1.5402779781653897,1.5379918199280418,29.99444741661347,29.987319704713034,29.980961413629093,0.7100174044766513,-2.0547884519709454,0.007332584400219544,0.900031585424323,0.39137526314814763,0.3913255440642187,0.3909865952920021,0.19365772908542742,0.19323725897445979,0.19337358802560317
0.0,20.0,70.0,0.0,0.0649528443419732,0.0645318707078563,0.06469153547815472,-2.087309525525807,-2.1009422602993,-2.092994328471422,0.5206014439928202,0.5217524317992885,0.519483097568505,20.06720061835103,20.05923525888646,20.054997458099713,0.617145342061956,-2.0150473293853004,0.0004971706872873713,0.18952015872952802,0.24484035978229465,0.24488366744863455,0.24473648581796512,0.06485673373566288,0.0647253163263038,0.06458261919659769
0.0,50.0,40.0,30.0,0.1534666165859688,0.1530691317165365,0.15326297074041081,-2.093394061307753,-2.099206197904083,-2.095015444134744,1.2155042645340546,1.2159420543071842,1.212961367514201,12.86478467469662,12.85460957224104,12.857389349194799,0.6597422425592191,-2.0628742020185755,-7.70701022687423e-05,0.3395474662037659,0.18555329970833487,0.18544068456770701,0.18541582955539784,0.15350954741070855,0.15318538018862407,0.15312210955983868
100.0,0.0,10.0,-90.0,0.2692769200221139,0.2637422021410306,0.2666906089360665,3.1409006057519955,-3.135343546855547,-2.2540211675920263,2.1030662420776025,2.103062035035826,2.107674228976219,4.64190581674575,4.644039329216362,4.632863758435654,0.5610287487168736,-0.5199381622867542,-0.05155300567991901,0.34550255316349354,0.11530042962017123,0.11528779780551632,0.11511422326318693,0.26637296460889637,0.26695811008722325,0.26695902101918156
90.0,0.0,20.0,90.0,0.2892337247879959,0.2522631158580435,0.2660202469663301,2.76350662754318,0.8114090464643915,-2.4614646113207437,2.0937955084293827,2.098073588968416,2.10001074498499,3.8460200086267804,3.8621527373375186,3.8713644429213745,0.562745350766241,-0.5203297715459044,-0.08107673946743345,0.1774737237776479,0.07269772456148393,0.07248734661640997,0.07308219852333951,0.26583126499247606,0.26662819848754465,0.26607432752244004
20.0,0.0,100.0,30.0,0.0545791370072916,0.0534761133676741,0.05408570158076137,-0.4379034330752669,-0.4749964169225801,-0.5236606301132174,0.42748616848277154,0.4239475630498356,0.42709184873475936,27.519073236341928,27.515588878295155,27.51074650265903,0.5841886751953623,-0.5231776405480634,0.20310502541637698,4.0098615540506e-05,0.3134720988456039,0.31314805718689087,0.3132982637520839,0.05402588217770653,0.05398210493971978,0.05442951537767039
0.0,50.0,70.0,60.0,0.1314676909214427,0.1309628441653565,0.13116552895041528,-2.09326850478336,-2.10372354138713,-2.097037382391752,1.0464278776848221,1.04479775066082,1.0438024391439618,20.86606345836255,20.864623856949038,20.854868447193105,0.6597422425592191,-2.0628742020185755,-0.0007545196603288016,0.4250591013004816,0.2713325368626109,0.27106684483604104,0.27120316224594404,0.13133298024153053,0.13100336705637386,0.13120691574660812
90.0,20.0,70.0,-30.0,0.2536241403478281,0.2530210352408226,0.25339650617352577,-0.3444303510636395,-0.3489218620643565,-0.7934024204233618,1.9966404775852158,1.9980672404513926,1.9964079126515286,18.996711506872995,18.992597681764547,18.98640592139391,0.5984987235932989,-0.7371513069589145,0.656431173211117,0.1815302088624364,0.2247166245275579,0.22470172215831477,0.22459355954539634,0.2534918481944773,0.253458678915426,0.25327741322608655
100.0,0.0,110.0,-60.0,0.2277946320145202,0.2245702802640927,0.22629924615969169,-0.2611854214503128,-0.2696977498107724,-0.5235264088437058,1.7813402583168345,1.7819371320633104,1.7795965415047243,29.776043148292516,29.774189857858527,29.77173899440054,0.5610910356913251,-0.5198391512596885,0.9050792772233404,-2.1341168734384047e-05,0.3348313079018329,0.33474977000653644,0.334582691305054,0.22652724003088348,0.22631086149789262,0.22623711802630056
0.0,100.0,0.0,30.0,0.268143762976838,0.2663408027257535,0.2672298526334093,-2.0265117332096576,-2.0611039377606604,-2.091374455227901,2.1086211580478254,2.106843601681281,2.108402867504764,3.2193312381149233,3.21572456491826,3.2106884446878112,0.7218526699760112,-2.0319799578528905,0.001071234395882002,0.33275871962494813,0.10485707351503873,0.1046131942665257,0.10463634399244118,0.26717922976832864,0.2671492771396836,0.2673864406412638
20.0,90.0,80.0,-90.0,0.2296770983917686,0.2279522746538301,0.2288660777952361,-1.7864287807983548,-1.7939747794293484,-1.868464960882714,1.8156437513005972,1.814834779870791,1.819822053510988,24.76685084474833,24.758639470421187,24.7622732989192,0.7088678929774062,-1.8245517817293162,0.20796545361460958,0.8999799983848698,0.3382837251458657,0.3380618381958172,0.33838865702490417,0.22856598513432763,0.22906458676209057,0.22916154541200628
100.0,0.0,110.0,120.0,0.2278004587848917,0.2245716692176132,0.22630022678066972,-0.2611712905528269,-0.2696938902547782,-0.523522598565459,1.7813470522830734,1.7819431546839255,1.7796029368210724,29.776029571130127,29.77417538320394,29.771722929185767,0.5610908219554596,-0.5198393037975151,0.9050828671104789,-2.4595793395006663e-05,0.33483086766968195,0.33474935472919715,0.33458223979645624,0.22652805900534395,0.22631163473018875,0.2262379829726732
50.0,50.0,20.0,0.0,0.2294280011948889,0.2223716103543576,0.22649731257385897,-0.4409785680021397,-0.7242488697222269,-1.485765132452792,1.7869982523863086,1.7889126996714082,1.7869687303253607,6.217081684427974,6.212619240823743,6.2143178846055,0.6550888176419655,-1.2898374651384217,0.16994851318596776,0.2448836450896578,0.11028585579337735,0.11017686598326865,0.11025515273969005,0.2267093105966023,0.22670404430110264,0.2264584624484374
0.0,50.0,90.0,30.0,0.1267836441418454,0.1254185064273044,0.1260229684339196,-2.0652354012632994,-2.091323111790125,-2.0796482342968536,1.0067912976105267,1.00715854688527,1.0077602401150647,26.370366713696992,26.364843641387523,26.36384339291692,0.6597422425592191,-2.0628742020185755,0.008089041015614919,0.5000102194540528,0.3324763830988318,0.33243369451890364,0.3324738162590406,0.12603228707839922,0.12613987970314602,0.12610554581696937
90.0,0.0,90.0,0.0,0.2411967947049919,0.2409657217154821,0.24110397224789293,-0.2074267768353574,-0.2100909660942741,-0.5481756274428307,1.897358803815331,1.8988303550961732,1.8974054276348935,24.07371843638558,24.073256911032114,24.060844677844482,0.562745350766241,-0.5203297715459044,0.7758783775173106,0.01908019699581782,0.2692530591607594,0.2690676408689772,0.268909176261814,0.2411758691201332,0.2411724654027115,0.24098617611085676
20.0,50.0,100.0,60.0,0.1264096506360345,0.125104064018775,0.12573460628660435,-1.642480952491317,-1.6570764270217246,-1.7089268170765983,1.0061337075756902,1.0049282277828322,1.0058338331530507,29.009242931112784,28.99916210833859,28.99581900416221,0.658991099436022,-1.6861926913303058,0.2040644475716681,0.4999973987911432,0.35981158521495527,0.3595484808518142,0.3598445687604292,0.12581806453988242,0.12574122751990438,0.1259122853676322
100.0,0.0,90.0,60.0,0.2443735447405457,0.2441225944356041,0.24429168001239282,-0.2012921667667209,-0.2055511270960779,-0.5474194568579239,1.9210958956160165,1.9242216914364472,1.9235232146406973,24.04287736144612,24.04946904543035,24.04180837004425,0.5610908219554596,-0.5198393037975151,0.7847555073541642,0.01870200382155911,0.26871247620174704,0.26862222592213775,0.2684799780961398,0.24423325634780763,0.24453216874032166,0.2441295394417655
20.0,20.0,40.0,0.0,0.1003054653723264,0.0989519309601394,0.09985901018982038,-1.2915378265302158,-1.3211257206699605,-1.482908178964702,0.7934221706925505,0.7911582821385928,0.791588931794352,11.888822355939217,11.88925649036153,11.88363229556033,0.6162442654560011,-1.27379193074638,0.1066296519208936,0.15200279854361437,0.1554811442583591,0.1553216098527506,0.15536407873879027,0.09995008427501803,0.09972076482591356,0.1000150814705733
0.0,50.0,100.0,120.0,0.1173509946536186,0.1155766731317695,0.11637025737915357,-2.0784720066068023,-2.090738028485023,-2.0849158259412115,0.9363581454309667,0.9334912871583748,0.9298028162970715,29.0249402588906,29.019101503757486,29.0106016238413,0.6597422425592191,-2.0628742020185755,0.005870003776364478,0.4999941456654174,0.3601399269079147,0.3600778352203699,0.3598613206952134,0.11689134340094917,0.1160730312002568,0.11645220277534857
0.0,90.0,110.0,-60.0,0.1816712212462629,0.1798171628152106,0.18094956619878985,-2.0775981551130505,-2.095703506533086,-2.0872009294517544,1.446674441179394,1.4401147001544874,1.4443062996427114,32.60538183790463,32.59584101064607,32.58978866890826,0.7100176082866324,-2.0547888299968298,0.008231427982041342,0.9001877728483034,0.41777587990291604,0.4176547060097491,0.4173978198174076,0.18097446151008226,0.1807071598240616,0.18151015944880897
50.0,50.0,30.0,90.0,0.2174454555727659,0.2139868538493922,0.2161124649636044,-0.7849835083443397,-0.8804042450574321,-1.4132801824478218,1.7061277361773046,1.7069218520346927,1.706076577268124,9.347195632618837,9.347209411744027,9.344795113040593,0.6550888176419655,-1.2898374651384217,0.2333585598033539,0.2883672836537051,0.14353047215717912,0.14333314328360336,0.14334418422695472,0.21620346157341377,0.2161998783132075,0.21609232517648913
0.0,20.0,0.0,-60.0,0.118021921356588,0.0985747011057955,0.10854811066430312,-1.9477188403237455,-2.096571347345991,-2.0882988226223884,0.8957952936907846,0.8939927981639437,0.8963612493031422,1.904558918352379,1.8808485917586517,1.8957660153103941,0.6171337649276374,-2.0149660668887113,0.0005516729808558339,0.06613750984805396,0.057135160681818925,0.05673328868498938,0.05714442464176935,0.11344360597901453,0.11351440872841075,0.11371384699802756
0.0,90.0,80.0,90.0,0.2234931191732012,0.22180774457666,0.22266470411229056,-2.0861397778589765,-2.0916168956451378,-2.0893405821255824,1.7706033038763662,1.7669263338747627,1.7675223629275878,24.811364277705987,24.80178677367793,24.79004660644099,0.7100174044766513,-2.0547884519709454,0.00562013640905699,0.8999496034568153,0.33894054856955824,0.33888110170641306,0.3386281987253539,0.22281801315836786,0.2224529738254884,0.22290415810298164
0.0,20.0,100.0,-90.0,0.0509275182430128,0.0496077391859133,0.05016402961234627,-2.0337097563199267,-2.104647754211496,-2.0673626969322947,0.4113199279108691,0.4095944382240373,0.4110679209484947,28.186891661307218,28.191300661148865,28.18460827624304,0.6171391207968553,-2.015002651085179,0.006042722415724925,0.2000438614347281,0.3342499210282721,0.33422556262836095,0.3341125577192468,0.050264537889282784,0.050236425993892705,0.050461846151946294
20.0,0.0,70.0,90.0,0.0578442659976271,0.0568127203018035,0.05741501973332446,-0.6359790217730327,-0.6818939887843364,-0.7517541537165149,0.4551261899587718,0.4533956303169501,0.455425970167716,19.39112239515558,19.376138205704354,19.37314862705274,0.5841886751953623,-0.5231776405480634,0.1498121183611972,0.03476875553824483,0.22383860771252703,0.22372942608442895,0.22374297752305783,0.05737405091534262,0.05741882395037227,0.05763064068978836
90.0,0.0,60.0,-90.0,0.2670475299248113,0.2664743427735866,0.2667451739461211,-0.0111988857767805,-0.0210565528990458,-0.5965457061310587,2.100273523122831,2.1002962019157687,2.0989904720550054,15.22601999290095,15.225767347602575,15.22092321967894,0.5627146021433996,-0.5203782527829812,0.5252375593687799,0.03848560801710919,0.16478993530666575,0.16477361199806337,0.16478032089480554,0.2668433604877087,0.26668399618432215,0.2666799515888294
0.0,100.0,120.0,90.0,0.1868444134208678,0.1852076621588934,0.18610832072744132,-2.061701731518171,-2.070520480917059,-2.070147203557312,1.489876239448427,1.484313977253884,1.4870203228240852,35.39405017784234,35.39465517227486,35.38492300806929,0.7218526699760112,-2.0319799578528905,0.02604391154261138,0.9989176429629358,0.45086733094137305,0.45065720648195084,0.4507890547056215,0.18632621076225767,0.18597722290365565,0.1866700080090326
0.0,100.0,90.0,60.0,0.2264534000659787,0.2247490971398671,0.22571029804586232,-2.077866194910637,-2.0848125155244137,-2.0835996660706146,1.7964956735207709,1.7930084565196582,1.7922089964608725,27.615112969655897,27.603696195946217,27.599949493091263,0.7218526699760112,-2.0319799578528905,0.012436274031663065,0.9999478752397893,0.3722520576437072,0.3721105148665898,0.37184926865614876,0.22598809893324626,0.2254534137716289,0.22588614172658367
20.0,50.0,90.0,120.0,0.1369357543140269,0.1351497921073173,0.13622623421603794,-1.6261754316028754,-1.6523964016135102,-1.7088861137400515,1.0880913888112975,1.0845131969914723,1.0866515203059504,26.343146864419552,26.338928169086927,26.337263827292816,0.658991099436022,-1.6861926913303058,0.20365392640136248,0.5000131500742414,0.33218930530738416,0.33208214644589706,0.3320768848302667,0.1362851894014026,0.13612044251732527,0.13655453349326518
100.0,0.0,50.0,-60.0,0.26703327248379,0.2664414578014861,0.2667572162205802,0.1056030690391815,0.0827805869850279,-0.6204839917877569,2.099807441169435,2.100372316701294,2.099497651337195,12.196965610421985,12.198420097067448,12.195075365298697,0.5610847759579742,-0.5198438470948128,0.40747994581517066,0.03979373459837243,0.12833927403925532,0.12845755555860422,0.1283630209581248,0.2668093548201039,0.266776024161097,0.26670227407793196
90.0,0.0,100.0,-30.0,0.2379541412056801,0.2374684275768459,0.23769196878998347,-0.217989675462523,-0.2202144995546005,-0.5187479132972429,1.8704251171924446,1.87041716096342,1.8710355788039605,26.852815040552176,26.847668676528727,26.838946083935873,0.562745350690161,-0.5203297715012779,0.8527490578195414,-0.004110837766897166,0.30005234836870975,0.2997773860918371,0.29987430585907643,0.23764812370449773,0.23772043571237353,0.23772681066846713
50.0,50.0,30.0,-60.0,0.2173821860971025,0.2139982966630912,0.21606957511104588,-0.7844564652868619,-0.8783583222069189,-1.4128632379553483,1.7057488330489041,1.7065595942181697,1.7057977474160635,9.345258542082302,9.345819235324825,9.3432982479468,0.6550800555621809,-1.2898278392831934,0.23336347596218932,0.28811195513119153,0.14348266885373986,0.1432925729133083,0.14330276834236935,0.21615293440759897,0.21616255834870265,0.21605265267463383
20.0,50.0,40.0,-60.0,0.162964002915703,0.1622959818672144,0.16261284526804087,-1.593795077576564,-1.6089809667515471,-1.7626063172329307,1.2878835631495589,1.2871156531184897,1.288689681342033,12.778582760464781,12.773227621956016,12.76997141414463,0.6589832803623658,-1.686174981230384,0.11653633862534343,0.3380441081066504,0.18418252353922435,0.18400497719411416,0.18402820606079046,0.1625237679117015,0.16263081735595242,0.16271908232853144
90.0,20.0,100.0,120.0,0.2421852202957729,0.2391459751839449,0.24087838267520253,-0.4422030952093799,-0.4504457707026054,-0.7419374662965703,1.8976914888316405,1.8992944142303276,1.8997914436745373,27.52863504284516,27.522685810233074,27.51689137240697,0.5984987239536121,-0.7371513072756187,0.9031245885344328,0.20029969459618469,0.3214962050820895,0.3213427751486535,0.321524496755017,0.24082444968924221,0.24108682302355008,0.24089199230667804
20.0,50.0,20.0,30.0,0.1805495010255141,0.1786968826883056,0.17971090888077115,-1.4279600243918122,-1.5180224064429162,-1.7942943659080894,1.4205802055183303,1.4191770076840684,1.420676130343042,7.3634449858830004,7.3543691918331495,7.352208415097843,0.658991099436022,-1.6861926913303058,0.08010171558124558,0.25926906818439766,0.12665180285917377,0.12640392787382998,0.12650758827903735,0.1796813993024912,0.17968944650645602,0.17986650410072474
20.0,90.0,40.0,-30.0,0.2437385018481781,0.2432185334945922,0.24348802133989522,-1.733717073961269,-1.7452476931728,-1.8897924623898428,1.9250621835460333,1.926654408012879,1.9266500012283139,13.802265060642714,13.80345437980922,13.799079541982191,0.7088879268268269,-1.8245884864475792,0.12866072816738117,0.6191812138821102,0.21716554940856653,0.21733874173750387,0.21710532500122234,0.24342351848354163,0.24364372029610154,0.2434350812196649
50.0,20.0,50.0,-30.0,0.1608272014562402,0.1597959670198362,0.16042042401734005,-0.6625585062973982,-0.6803098312932012,-1.0257105072870156,1.264489696625405,1.268388187047548,1.2670587788100387,14.184912434018845,14.184642560770858,14.188260654016066,0.6115535887835207,-0.8927449693635381,0.29823866196439325,0.16377148283702822,0.17732047579793148,0.17746125561995343,0.17761243715078393,0.16038447639533082,0.16071536838161724,0.16022225954389546
0.0,20.0,60.0,30.0,0.0702556936227985,0.0698511810936634,0.07004023451369991,-2.0830630135607446,-2.094624678711297,-2.090620316158839,0.5598581392206506,0.5624191413408183,0.5617299300101272,17.3716155423622,17.368907108479217,17.3595668182868,0.617145342061956,-2.0150473293853004,0.000846442849663505,0.18057543585239638,0.2156111579852626,0.21590054325756208,0.2156206840143874,0.07001533787791972,0.07025057329864433,0.06992925646674407
0.0,20.0,50.0,-90.0,0.0759143605961498,0.0753718442114478,0.07561741919497905,-2.0790480994429896,-2.101749710577614,-2.0888019756990577,0.6035089096756225,0.6022843534049522,0.6058131487033398,14.676754148191499,14.676940609259875,14.681933584373157,0.6171039142289986,-2.014698950272991,0.0010578493266823385,0.16849089838178288,0.18636168993481297,0.18660622759806322,0.18634830049341086,0.07538118451195425,0.07568175069454613,0.0758240489123206
50.0,0.0,0.0,-90.0,0.166305833236939,0.1472742150082817,0.15851908024415176,2.569083499391117,0.5026853013918106,-2.0909529408832856,1.2516502313240478,1.2505170922903088,1.255502676320593,1.9662427279764045,1.9557381954043633,1.9600160327824478,0.5786068797102253,-0.522016037816996,0.0004696036955333382,0.11797197868009258,0.06332873116990582,0.06300715087627193,0.06291767058212441,0.15842846391167503,0.15891443144532763,0.1590452783315753
20.0,0.0,60.0,-30.0,0.0602414631463275,0.059785447606774,0.06006426152424255,-0.6851298651271502,-0.6995524815799807,-0.8103676779347228,0.4751877585236812,0.47599436765518877,0.4751746815633811,16.66472879921985,16.66394552896798,16.656441156121616,0.5841886747675629,-0.5231776392439604,0.1335030381032692,0.039350000107049726,0.19377778424438596,0.19376437938785812,0.19374582542263638,0.06011542878378306,0.060110221487872845,0.060012883764415464
0.0,100.0,40.0,60.0,0.2580572316245699,0.2576936317030558,0.2578672771815511,-2.0882139118489538,-2.090717025964126,-2.0902315704048955,2.0402598405642114,2.0392592510572918,2.0401502176185913,14.13058385457763,14.127188790348706,14.119681067519547,0.7218526699760112,-2.0319799578528905,0.003177555765952777,0.6974493608593245,0.22629321985649908,0.22615515820730303,0.22621926856313992,0.25783862043755634,0.25783886068122247,0.2579516164096107
0.0,90.0,100.0,0.0,0.1940267334586176,0.1926228598029859,0.19333521139817306,-2.0803363950865457,-2.09523229240324,-2.0882197137157794,1.5413700684473992,1.540279669907726,1.5379961858357512,29.994473044822946,29.987365152825536,29.98094612756157,0.7100174044766513,-2.0547884519709454,0.007278698203603094,0.9000326053120036,0.391375316742947,0.39132557113821137,0.39098633788214104,0.1936577894113478,0.19323773394586186,0.19337396184689373
90.0,20.0,20.0,90.0,0.2864754591450315,0.2554991518917829,0.2666529364285742,1.7092545710989453,0.4685809919298776,-2.0853724319332634,2.1037868364967736,2.097467976478812,2.104661019182532,2.7985955033338756,2.802191371189619,2.80496270906786,0.5984987239536121,-0.7371513072756187,0.005295959602750723,0.14502107160651825,0.05170615864780032,0.051558109823382145,0.05148619098450567,0.2664947858307045,0.2665957368314751,0.2673918149831262
50.0,20.0,100.0,30.0,0.1385900389677667,0.1355692785676245,0.13717093702206837,-0.73693041945917,-0.751850939491493,-0.9021375226424299,1.0841922194049007,1.0861893098936126,1.085480764996998,27.99994368322583,28.002630700653786,27.99211476560692,0.6115535893142118,-0.8927449704416845,0.5036186157175708,0.20009800061776195,0.3305648446258049,0.33063213730474106,0.3303988676700568,0.1372250902029535,0.13739105702399912,0.13713374249441704
0.0,20.0,70.0,-30.0,0.0647819961984376,0.0645165891793024,0.06466183716078522,-2.089023490081833,-2.1004750916314308,-2.094504188770227,0.5209635515947318,0.5204057613881333,0.5197825780518077,20.065422915986787,20.058770631518883,20.06022064635209,0.6171453417216113,-2.0150473271255187,0.00021335895387296637,0.18942370568170439,0.24484634033009306,0.24487244917785292,0.24481618610021433,0.06476306171196572,0.06461457917280929,0.06469111600049123
20.0,50.0,120.0,-60.0,0.1098836888809743,0.1073640154495828,0.10855481843324,-1.655045705299193,-1.681843027164478,-1.7090147541760359,0.8714033647901486,0.8732485641780128,0.8740278341063877,34.364594409323125,34.366529978237246,34.352935914480604,0.6589923154309141,-1.6861959821357078,0.20459417348929138,0.5001619421256986,0.41764274537618007,0.4174317416840162,0.4174128489872535,0.10859343518664434,0.1089229307898692,0.10867225640044803
20.0,90.0,30.0,120.0,0.2541448822107196,0.2533603489119878,0.2537998033898552,-1.6797251025551605,-1.708927485341846,-1.8950326264343607,2.0058995973806275,2.0053443120851373,2.00690985598508,11.137842801185645,11.140247163889812,11.13816111525314,0.7088879274287126,-1.824588487784622,0.1137886850264552,0.5630371777092485,0.18936269939527003,0.1896119443123975,0.1894037391871965,0.2536990650239991,0.25383708845613484,0.2539154182972013
20.0,90.0,70.0,-60.0,0.2476508814791617,0.2459607060952288,0.24691206609046634,-1.7651409762653367,-1.7800736395692185,-1.868553089172377,1.9567735486270519,1.9565117965728835,1.958510239721363,22.19623889771062,22.196576925674773,22.18937392392861,0.708884124319487,-1.8245817153176955,0.20745885384891952,0.8999293540383174,0.31392127939846226,0.31377709583505903,0.31367262738039586,0.2468114273340559,0.24703915933193807,0.24705773598939862
20.0,90.0,10.0,0.0,0.2684935477559829,0.2666652183573833,0.2674750697660254,-2.029014063320503,-2.0478969629096504,-2.0794385843107337,2.11306239772024,2.110787496216988,2.1100941436784115,5.964124780658888,5.9656778424580414,5.9543630680321815,0.7088879274287126,-1.824588487784622,0.006608115726709338,0.4336037946831594,0.13594652011974037,0.13568712158789897,0.13558471680757886,0.2676206852093978,0.2672668190461678,0.26754392608642896
100.0,0.0,80.0,60.0,0.2530079756402476,0.2524730120489909,0.2527667149087083,-0.1582918817196502,-0.1614946026250434,-0.5625184935999196,1.9903792702009475,1.9890295613515119,1.989765533589289,21.157193913118046,21.156688592054277,21.155879463298298,0.5610908219554596,-0.5198393037975151,0.7104610968494391,0.02768498795520988,0.23509972528442588,0.2350638602380558,0.23490716191276223,0.2527625665069816,0.25269915705308105,0.25286438351630997
50.0,0.0,40.0,0.0,0.1584709589918525,0.1562478445382529,0.15775572186819245,-0.1894706632384719,-0.2318475717543328,-0.7041273905940632,1.2427762260520152,1.2427331587752046,1.2428408080280606,10.58318333504572,10.580488051855617,10.579444325881287,0.5786783317088385,-0.5219133872819157,0.224858122777719,0.0411658473493781,0.12148419838650011,0.12135848356074733,0.12129617213317466,0.15779678002750633,0.15780134819366362,0.15780647002558815
50.0,20.0,110.0,90.0,0.1264723806943485,0.1245620866740957,0.12553356361331036,-0.7618887144272953,-0.7801451065817554,-0.9020479139141759,0.9940791700669841,0.9979719486591947,0.9927955032557152,30.7844255727157,30.7837852558377,30.770033972737544,0.6115535893142118,-0.8927449704416845,0.5039984210557685,0.20001162534279684,0.3611823154625317,0.361339040308055,0.3611717342581535,0.12592410702851814,0.1257411429525405,0.1252789881861807
100.0,0.0,60.0,30.0,0.2670384181493084,0.2664775520621087,0.26674527036967505,-0.0109501224253901,-0.0192362991849484,-0.5961207325086655,2.100277997069975,2.1003252721072183,2.0989615485565127,15.224584184495763,15.224400629163423,15.219607648326743,0.5610908219554596,-0.5198393037975151,0.5250951210726279,0.038238740932502256,0.16473805364456662,0.16472253161554445,0.1647362474713691,0.2668476706234437,0.2666841084570143,0.26667718778537614
0.0,90.0,70.0,60.0,0.2407701712542754,0.2393134464817466,0.24004040659569198,-2.080822043543875,-2.0961016997109203,-2.0890123801093314,1.9028177008845295,1.9036470118889723,1.9043748365406317,22.23818518580981,22.23922981689538,22.22961575670971,0.7100174044766513,-2.0547884519709454,0.005558648625179657,0.8998531120076199,0.31439483497955323,0.31445773938038485,0.3143307869464963,0.23999090387540903,0.24019055346827886,0.24008649234734997
100.0,0.0,10.0,60.0,0.2690487051392438,0.2638324269421989,0.2667440824269649,3.137016363179952,-3.138830497228718,-2.257420248779135,2.104272244231358,2.104277856252216,2.1069735752232344,4.592838802879593,4.594343920663669,4.582561089343616,0.5610908219554596,-0.5198393037975151,-0.05256696044995645,0.3434617949517128,0.11458469554949036,0.11456475845411988,0.11441176454883463,0.26661380589494027,0.2669565529202265,0.2669469033340402
20.0,90.0,70.0,-30.0,0.2476563690045611,0.2459686029419999,0.24691788098892103,-1.765023133481534,-1.7799321021782548,-1.8684659593271145,1.9568542367115813,1.9565209335392746,1.9585639085057707,22.196308952396507,22.196498666143246,22.189520078015462,0.7088879270923641,-1.8245884870374525,0.20754093498010973,0.8999298321456274,0.31392160996450713,0.3137763106765141,0.3136747330082187,0.2468168915062391,0.2470412481859744,0.24706892866768482
20.0,50.0,120.0,0.0,0.1098831441095824,0.1073635718837976,0.10855466482756221,-1.655038108052854,-1.6818359078707157,-1.7090158055276001,0.8714016115688643,0.8732471734214167,0.8740268477685647,34.364591375080096,34.366524764517735,34.35294143418791,0.658991099436022,-1.6861926913303058,0.20459335087087263,0.5001617539141271,0.4176426703847768,0.4174315643898201,0.4174128200127221,0.10859320218210976,0.108922787849007,0.1086720899581819
90.0,0.0,120.0,0.0,0.2037207831353865,0.2021707541737341,0.20291750375263853,-0.3056295613269859,-0.3176141238795668,-0.5233393664703765,1.5975108155401772,1.5959155444009905,1.59937289980459,32.714728427449586,32.71245106265092,32.703419195904466,0.562745350766241,-0.5203297715459044,0.8953170924489523,-0.00023272540707165756,0.3693555418383802,0.3692170563147245,0.3690570244307036,0.20276237683013873,0.20300548889285955,0.20318522189607696
90.0,20.0,0.0,120.0,0.2681797924697684,0.266297579401082,0.2671303848861918,3.1391043505603764,-3.1388047015329223,-2.091362360788121,2.107590820153074,2.10786306388837,2.108610242769459,3.272749729437329,3.271869560991546,3.271491910452205,0.5984987239536121,-0.7371513072756187,0.0010983549549249622,0.3374615619542175,0.10618032650753957,0.10621357059953072,0.1062213858769104,0.2671535218563722,0.2672788747132274,0.2672446923015308
90.0,0.0,120.0,-30.0,0.2037207622254338,0.2021707354022327,0.202917366701322,-0.3056277943163837,-0.317613916903126,-0.5233297795144852,1.5975331961102939,1.5958988454260936,1.599392287425601,32.71454068216243,32.71241702894955,32.70345335928406,0.5627453508803919,-0.5203297716127829,0.8953170752967105,-0.00023297183959862945,0.36935271721339996,0.36921380616287525,0.369054361555086,0.20276151704762818,0.20300470058264872,0.20318888222474174
90.0,20.0,10.0,90.0,0.2686683452685955,0.2657072336941515,0.26696295471841286,3.1400464842905405,-3.1361757552731397,-2.270728123153185,2.106666038081794,2.1055787023133297,2.107312102107557,3.9113118882188607,3.921517142123093,3.915651538422845,0.5984987239536121,-0.7371513072756187,-0.05596878685497427,0.3115539331121888,0.10482490353442656,0.1049899404200645,0.10485837107783878,0.2669616886279464,0.2670523398745371,0.26718352502014675
0.0,50.0,110.0,-60.0,0.1085741840986383,0.1070974128560187,0.1079413947571994,-2.083512282669544,-2.094665235813902,-2.089318400164288,0.8697338729766221,0.8682095953244814,0.8675093680418605,31.687692340134653,31.675332709702992,31.6742632706252,0.6597424579074714,-2.062874835495762,0.0041511989332737,0.4999639829654435,0.3888088389954168,0.3887896819645485,0.3883498528821605,0.10817230339081256,0.10791723050754014,0.10810030624684036
20.0,50.0,50.0,90.0,0.1546785573957887,0.1541697706234021,0.1544525740689083,-1.6268386592340485,-1.6334520427557506,-1.7556849977043176,1.2270197546360557,1.22471624076681,1.222865567774607,15.462258305966762,15.451662988495203,15.449735206460707,0.658991099436022,-1.6861926913303058,0.13060982881434646,0.37031459927087224,0.21276680036814521,0.21264701108376033,0.2127334790896744,0.15472389038391143,0.15419842915572626,0.1544912783697718
50.0,50.0,10.0,120.0,0.2385293524375119,0.2281039285478067,0.23366037549459376,0.3631403229198056,-0.4972025008601039,-1.7554827178162937,1.8455764408010107,1.8455275886838471,1.8409728616650087,2.9518360714709138,2.9474886393086153,2.9574865497344116,0.6550888176419655,-1.2898374651384217,0.07718992548478451,0.2176360239262254,0.08294798670964486,0.08305888160200643,0.08321288223364064,0.2342380369149731,0.23365743597559535,0.23366525885794898
0.0,90.0,20.0,-90.0,0.2591714054008946,0.2588266429916782,0.25893934703236027,-2.0913818571477822,-2.0956296417026947,-2.0920591683468333,2.0455277581448894,2.0442154108125,2.0465853286924345,8.626739841397638,8.630254226717357,8.622230568908304,0.7099534128110645,-2.0546550613573764,0.0013079837777338855,0.5069406190494877,0.16397764919501936,0.1641389284552458,0.16414982131796665,0.2587979777375324,0.2589275610361514,0.2591007652661502
90.0,20.0,120.0,120.0,0.2007300881985288,0.1996613694968294,0.20026249842494898,-0.5338465152084005,-0.5413966077743102,-0.7414897834179772,1.5806183114620662,1.5806062672376382,1.5806135923656606,33.27550630061661,33.27190765403747,33.25598880304223,0.5984987239536121,-0.7371513072756187,0.9040375290165893,0.1998035027691254,0.38729394899417413,0.3873911494869285,0.38705184218735883,0.20032968673528864,0.20034747343247114,0.2003123767867807
50.0,0.0,110.0,-30.0,0.1242838590105661,0.1209428384615344,0.12284370030414948,-0.3782649652685221,-0.3913128308928244,-0.5235503398459899,0.9672081987141521,0.9668976182629515,0.966828663384097,30.187599628914608,30.185398266904816,30.17833202927845,0.5786783317271674,-0.521913387305616,0.5033936817263936,2.3963965107701944e-05,0.3427823208901583,0.3427986192778391,0.34261872171045893,0.12294457910750693,0.12290769107860065,0.12293757363113834
50.0,20.0,10.0,-30.0,0.1926750161130958,0.1810541239244524,0.18684668365741286,0.8916189098107372,-0.0993015861523405,-1.7503538822957296,1.4768746729112558,1.4727677537935162,1.4728976107422482,1.7751027329521918,1.7790730176237743,1.7813478885945393,0.6115535884175416,-0.8927449686200074,0.04112046719203523,0.10949168773668365,0.05347610351569464,0.053664904027608776,0.053578497341716276,0.18722140292599115,0.1867296858147696,0.18723394477698516
0.0,90.0,40.0,-60.0,0.2383291495936721,0.2380371497944703,0.23814550694098463,-2.094133054275554,-2.096837274827088,-2.0938912006652326,1.8834519992909637,1.8850489309726288,1.8845349539396345,13.888008703424264,13.88478840773289,13.876397309882648,0.7100099444262249,-2.05477565634302,0.0005551350832682264,0.6221949458626082,0.2185723880661757,0.2184152588985248,0.21841971497008286,0.23813197312887574,0.2382738615866481,0.23805872029940892
100.0,0.0,60.0,-30.0,0.26703798974267,0.2664751389059864,0.2667475740434562,-0.0108752591980787,-0.0184594476526947,-0.5959749086296927,2.1002859983428555,2.1003292213409552,2.0989605252293977,15.224202985350965,15.224006963494789,15.219204321591981,0.5610908214988387,-0.5198393035356372,0.5250565495180424,0.03816688564413799,0.1647249296108993,0.16470993896835073,0.16472294166082996,0.2668488521993572,0.2666842379297959,0.26667778389171615
90.0,0.0,80.0,-30.0,0.2495819799976318,0.2491567773934798,0.2494038977572981,-0.1651993339090541,-0.1673953787318971,-0.563170585411484,1.9643476636499428,1.962560996348763,1.9628413919336,21.186007707553564,21.186472796370317,21.179769273798733,0.5627453504999611,-0.5203297713896964,0.7027260948963057,0.027843708065500978,0.23571704912913694,0.23563736938978988,0.23542490957245515,0.24945954638162945,0.24927943944451691,0.249494989065456
0.0,50.0,80.0,120.0,0.1265216352316126,0.1259510510296776,0.12615294293482238,-2.063983210340002,-2.0778016806574517,-2.074738348563141,1.006146044051892,1.005045701468156,1.0091965385929702,23.564977458587016,23.580928331719466,23.57169314621452,0.6597422425592191,-2.0628742020185755,0.00941066092291941,0.45317443804322405,0.3008260224055172,0.30105901848743427,0.30061263752987877,0.1258615915287419,0.1262656157436188,0.12641778749658042
50.0,50.0,0.0,-90.0,0.2290524930132555,0.2282910640588887,0.22873371272580947,1.613058128488454,-0.1483029954252713,-2.091291635965267,1.807107882547523,1.801642833488044,1.80455404098084,2.7712629389739387,2.776646310922134,2.77527093451698,0.6550155530272204,-1.2897673053224528,0.0008111577717008536,0.24553169343767411,0.09034631462410102,0.09060497764518356,0.09028125217209722,0.2287521073573024,0.22842322358251832,0.2291221941899018
50.0,20.0,20.0,120.0,0.1872253869002559,0.1784785008667796,0.18365906492073308,-0.0221435419646745,-0.3503420948392842,-1.2220701736668909,1.4493561966032558,1.449625981772671,1.4475777466220041,5.1478598049899,5.147562007115185,5.150843826829509,0.6115535893142118,-0.8927449704416845,0.12871439137145188,0.10877341326977205,0.07703185437445585,0.07691664964473013,0.0770550822512379,0.183974267766947,0.18374747599253238,0.18371328995991543
100.0,0.0,30.0,-90.0,0.2835229244815361,0.2600926370135429,0.267791535945265,0.8663962917048554,0.4748249008427674,-0.9878332196514126,2.119914083602745,2.117959268093098,2.1166755324487814,5.468429367528749,5.463765094962182,5.465939889177506,0.5610413175597295,-0.5199182972461343,0.10770054970526045,0.05920418427747578,0.0464433792533219,0.04707592078130688,0.04686548087785471,0.2692262506080721,0.2688801584778186,0.26909523952514075
0.0,20.0,60.0,60.0,0.0703726513307966,0.0698195314989041,0.07006905829630035,-2.081310680098277,-2.0943410409844385,-2.0891607275685073,0.5608906434669091,0.5625144635997108,0.5611410890096783,17.37454022787458,17.36768048848804,17.3631602361683,0.617145342061956,-2.0150473293853004,0.0011096902469047319,0.18065192745403197,0.21570512271883954,0.2158617544475167,0.21566886429531054,0.07014227186427008,0.07017012229672184,0.06996549855090617
20.0,50.0,20.0,90.0,0.1805281676306412,0.1786729025803768,0.17968798236472977,-1.4280665705151698,-1.51882360904242,-1.7944449421203539,1.4199712297982532,1.4193872346499155,1.4205147279396098,7.362616036391951,7.3550862916177495,7.352752808858946,0.658991099436022,-1.6861926913303058,0.08004765460692949,0.25924459484071405,0.12659390001891177,0.1263996383282192,0.12649009429000974,0.17965419862492926,0.17972277321152538,0.17979072388036046
0.0,20.0,10.0,120.0,0.1099476435984372,0.0967286663031897,0.10300795979152522,-1.6658448779507722,-2.3575039566513145,-2.0714807687400607,0.8167062953527723,0.8154014348106494,0.8155088522963391,3.99956140840806,4.000361063206438,3.996170147857392,0.617145342061956,-2.0150473293853004,0.0018946402249737813,0.08763146022999459,0.07224401969969141,0.07220925197110378,0.07212686307148376,0.10330302742753723,0.1031592957491244,0.10332557401575229
50.0,50.0,20.0,30.0,0.2293981514789558,0.2223454569500089,0.2264639504283685,-0.4416756190856858,-0.7245341203997318,-1.4860106273191154,1.7867369266358035,1.7886628156030293,1.7867003958923302,6.21877223086558,6.214603411122471,6.216190407460589,0.6550888176419655,-1.2898374651384217,0.16991442923228142,0.24496986360052517,0.110314202574824,0.11021170604086634,0.11028803261618639,0.2266767559753747,0.22667069687168123,0.22642432073175953
0.0,90.0,120.0,60.0,0.1706786237776966,0.1689173327165637,0.16985169868530092,-2.0712277871218383,-2.0779977409988453,-2.0768548861193246,1.358750280453044,1.357365652356366,1.3599467888320318,35.203868999019896,35.196955806992676,35.1912434437452,0.7100174044766513,-2.0547884519709454,0.017582529735703706,0.8994455449203524,0.44436931269282554,0.44456207124286223,0.4442804296165907,0.16987933906626992,0.17006159798402512,0.17020656212197793
20.0,20.0,50.0,120.0,0.0947152946842136,0.0940797149435155,0.0944207156594076,-1.3095390239191231,-1.3278162679333236,-1.458117464901526,0.7503105497746851,0.7489215788668517,0.7511090798436366,14.611324046533733,14.608463875951372,14.609995056701822,0.6162442654560011,-1.27379193074638,0.12425797798536274,0.16806105673379723,0.18537588846614586,0.18540492117018081,0.18556141268134152,0.0943118976390127,0.09440946784940553,0.09460744251908516
50.0,50.0,40.0,120.0,0.2066280068220274,0.205140567288303,0.20613424940310127,-0.9489079085615916,-0.9847697850726904,-1.3869165796476157,1.6287146028388817,1.627936817555284,1.6292519294171963,12.28710825235717,12.282338164745621,12.275568437150525,0.6550888176419655,-1.2898374651384217,0.28112162346359093,0.3288640887713225,0.1759204263302167,0.17574856280580708,0.17577044775435527,0.20608641532375208,0.20615971931857424,0.20624252308264554
20.0,50.0,40.0,-30.0,0.1629300151442068,0.1622425890009983,0.16256235603483415,-1.5939843391094608,-1.6092075460711432,-1.7627069199922751,1.287672344575758,1.286669868642864,1.28816114272492,12.778648953880223,12.772550552790156,12.76991988619975,0.6589910988328914,-1.6861926893643016,0.11645628687728364,0.3379215790953987,0.1841767680397224,0.1839907133858405,0.18401628306892612,0.16248969235341618,0.16255738006523524,0.16267580016288652
50.0,0.0,50.0,-30.0,0.1520741614688333,0.1506008321608148,0.1515159845684501,-0.2817780750004193,-0.3032217226964391,-0.6706668188478937,1.1937707058101799,1.1927875994764008,1.1942115204174002,13.46057258596293,13.459451832187192,13.45975261815239,0.578678331177297,-0.5219133865945568,0.27682672968852945,0.04106530688205904,0.1541888261707468,0.15419301391366283,0.15427845085829725,0.15144304018136323,0.15150576852660405,0.15162819971580344
20.0,50.0,90.0,-60.0,0.1369351927529311,0.1351586486226826,0.13622632423999384,-1.6261748875986874,-1.6523957389917567,-1.7088933864769353,1.0880859927089865,1.0845110925990484,1.0866488179285334,26.343143377024916,26.338924436753096,26.337271869819848,0.6589891392575464,-1.6861879225672154,0.20365114070343132,0.5000163532982732,0.3321892935543506,0.3320820526121448,0.3320770722348187,0.136284669247709,0.13612025714955064,0.13655394411994567
50.0,20.0,90.0,-30.0,0.1376069977305725,0.1370614822815282,0.1373061987590827,-0.7491608158986013,-0.7546339773563793,-0.9267035849990051,1.0869274443303296,1.0862204902306913,1.0852962562526447,25.23508860830845,25.23052147051146,25.22198154356217,0.6115535891495186,-0.8927449701070863,0.4528014201030374,0.19293646450503796,0.29959045072829577,0.299735992091193,0.2996498948081874,0.13741763119139686,0.1372215967838765,0.13732547244722115
20.0,0.0,50.0,60.0,0.0637131285219097,0.0629713027265336,0.06334985393774167,-0.705284955825518,-0.7332127823647898,-0.864527685757603,0.5019337618751266,0.5025309231001355,0.4995262409457837,13.922055185727249,13.93417098526973,13.925074371805652,0.5841886751953623,-0.5231776405480634,0.11677558060833224,0.0414205109549748,0.16321885606456826,0.16325644145846827,0.16314443431551312,0.063601449630766,0.06327743475687429,0.06321978506238654
90.0,0.0,40.0,0.0,0.2675970365541745,0.2661242086788965,0.2667134138635899,0.3164039469199228,0.2307385179817889,-0.6704450271930547,2.0997631512430988,2.1000027421821668,2.099001486476677,8.98238419829819,8.977600089143552,8.97918981567038,0.562745350766241,-0.5203297715459044,0.2764539602642023,0.0414285621120773,0.0877367776850087,0.08778872304697978,0.08789810325554466,0.26679125372832796,0.26669765535688555,0.2666659343497065
0.0,50.0,120.0,30.0,0.1013954543980564,0.0997980301855653,0.10054702054130574,-2.060602534357612,-2.0979294376693174,-2.08161504436731,0.8112615911389489,0.8113045893557516,0.8110593714404213,34.38428743221797,34.377884009249414,34.37833754949503,0.6597422425592191,-2.0628742020185755,0.008124299337156358,0.5001322970456866,0.4178645159366329,0.4179679452647842,0.41745896001882044,0.1007199389564009,0.10071826371422318,0.10069398171789917
90.0,0.0,0.0,-30.0,0.268387551075386,0.2662307557081063,0.2670893503042083,3.1381723319395918,-3.139128128179636,-2.0913545415421195,2.1063743896858194,2.108514678653755,2.1082484054957895,3.2570374068248227,3.2534763003939657,3.2552749641602707,0.5627453497391942,-0.5203297709433687,0.0010852867039008083,0.337569493301693,0.10616521940118329,0.10607119717512714,0.10624292075356206,0.267144640386254,0.2673793005736439,0.26710761772011077
50.0,50.0,100.0,0.0,0.1669614974639156,0.165945971245577,0.1665210983315492,-1.151594572386296,-1.164078185221545,-1.3053229204910273,1.322359826565164,1.3240380228617041,1.322147861436088,28.87072498598246,28.866244596792594,28.853899735209136,0.6550888176419655,-1.2898374651384217,0.5049094090127151,0.4999916161563747,0.3572935393122978,0.3572683958132031,0.3572560005758416,0.16668826645869256,0.16665872272817817,0.16645111980983715
50.0,20.0,10.0,-90.0,0.1924865846791184,0.1810306472713374,0.1869701537059228,0.8978726090880154,-0.0984628164449308,-1.7524470173546487,1.4778872543020958,1.4735758170575293,1.4726007688718035,1.766828010084851,1.760955092596195,1.7757057970015753,0.6114877539573763,-0.892752222386016,0.04087869522935892,0.10939543023211927,0.05338008980957908,0.05357371361627145,0.05367452067124365,0.18739359922993482,0.18673238503577216,0.18729679243335906
20.0,90.0,50.0,-60.0,0.2337718575168556,0.2332310052306289,0.2335477825422457,-1.767089176727636,-1.7765404399938838,-1.8882025372467373,1.8493404978703942,1.8495202706262088,1.8488185745298056,16.46955831868249,16.47414889775611,16.463885440328742,0.7088820722352458,-1.824578094919948,0.14048128128461793,0.6701995496631594,0.2456167394474565,0.2456522107813792,0.24519442049555693,0.23359664929417878,0.23355173094999626,0.23352021204016624
0.0,20.0,110.0,30.0,0.0472075566487277,0.0452233010925573,0.046041987872105276,-2.059268766098836,-2.0991298068854065,-2.077843232108851,0.3812635115534736,0.3826271022182815,0.37784582524918103,30.934796367351733,30.925583736873097,30.918091262364165,0.617145342061956,-2.0150473293853004,0.004261536248609515,0.20001853835639474,0.3641818189339733,0.36404084262245007,0.3638720264352629,0.04660477743410693,0.04618411535937328,0.04599080500793386
0.0,20.0,60.0,-60.0,0.0702139593124854,0.0698094025749711,0.06999992938655374,-2.0835474797883315,-2.0950514253147463,-2.091036618960493,0.5595510119874029,0.5620896241026296,0.5614086036848969,17.37103855883056,17.368429043808582,17.359020186211524,0.6171400803568763,-2.015011502480929,0.0007707916771757322,0.18046001842052622,0.2155959992007583,0.21588840454261155,0.21560660865962722,0.06997511484168915,0.07020850279353819,0.06989054097413183
50.0,20.0,10.0,30.0,0.1931379554314727,0.1808489124602262,0.1867458031503582,0.8881125696838147,-0.1104204537363631,-1.74833204256699,1.476577619579058,1.4739596895719376,1.4722728368535052,1.791048491160764,1.7792124474841442,1.7971053160143766,0.6115535893142118,-0.8927449704416845,0.04140314437422863,0.1096000602707344,0.053655235324441115,0.05375473534227217,0.053982948662589826,0.18733949028577973,0.18674444726179257,0.18709658133645293
20.0,20.0,20.0,-60.0,0.1144829958724682,0.1112995494595139,0.11299274812095457,-1.1380309796495311,-1.2595680867970536,-1.5505884793615794,0.892659351973469,0.8926312915987953,0.8954972366470065,6.447306379521743,6.439071858135757,6.440619045623984,0.6162346063005398,-1.2737615074248811,0.06721329099910461,0.11128453335666827,0.09741003469240517,0.09720048839205257,0.09740336411477607,0.11283159028306566,0.11316811524250003,0.11318772358367878
20.0,20.0,90.0,120.0,0.0789094647210246,0.0777777631259213,0.07836585468121608,-1.2164195200772436,-1.241080653837927,-1.3037911253149623,0.6267505515635061,0.6271527409805174,0.6273148339505915,25.420624645250467,25.42416262340449,25.417075765726228,0.6162442654560011,-1.27379193074638,0.20253522572385146,0.2000148896679936,0.30368306224094077,0.3035016335126201,0.3035316096415754,0.07839060303108968,0.07846463265818596,0.07840935980403407
50.0,0.0,50.0,-60.0,0.1520039284451266,0.1505381336296891,0.15144818991217873,-0.2817507505732733,-0.3031755910588671,-0.6705477830964774,1.1931869513933557,1.192388198499899,1.1935827785486233,13.460335374511407,13.460353763453362,13.459988909511113,0.578672144910053,-0.5219160889838351,0.27670558599963035,0.04101286142522052,0.1541828739679672,0.15420215846651497,0.15427725126407926,0.15138655529631023,0.15144354031210974,0.1515427697358018
0.0,20.0,80.0,-60.0,0.0599248890314394,0.059178214155199,0.05960733535553282,-2.067705167447143,-2.1137575971404248,-2.0921354299687716,0.48232719567077,0.48239625236810824,0.4828049008340476,22.75744864331004,22.754016167054992,22.75023630520449,0.6171420012294553,-2.0150272303881445,0.0008027349422876399,0.19564849691254735,0.274401841279702,0.27432510129807297,0.27437972830396506,0.05961066701241126,0.05968221907124543,0.059652313685287006
0.0,90.0,80.0,-60.0,0.2234929906624131,0.2218077637193566,0.22266571847656888,-2.086174450262483,-2.0916502439482034,-2.089371383186042,1.7706071010724986,1.766926484249014,1.7675353542305234,24.811367041259306,24.801789929197504,24.7901578435155,0.710014565592752,-2.054783148245402,0.005592481341037786,0.8999565208635523,0.33894100568839053,0.33888140712123543,0.33863104497509633,0.2228179098449466,0.2224538324052573,0.2229055635622899
20.0,90.0,120.0,-30.0,0.1754969430849319,0.1730950780435309,0.1744083600255487,-1.8227367725042896,-1.8312801244194237,-1.8673054168345755,1.3920027999030693,1.3983909935275511,1.3922837490579685,35.18615387504752,35.19134351212253,35.183223111489845,0.7088879275349285,-1.8245884880205698,0.20974525234580035,0.8992399865976126,0.4442418447249787,0.44465075683954186,0.444009994598837,0.17488181499986996,0.17490585192577376,0.17415350976240493
20.0,90.0,40.0,60.0,0.243692654567534,0.2431579609747211,0.24343354733998404,-1.7340687384786029,-1.7458514652662978,-1.8900060914992292,1.9246106405513441,1.9262270332582845,1.9262423014777639,13.801860489438388,13.803075533153631,13.798688769892689,0.7088879274287126,-1.824588487784622,0.1284902781620709,0.6190327649447339,0.21715124057760565,0.21732675784234384,0.21709649317326582,0.24336661756589628,0.24359182547929772,0.24338049055580363
90.0,20.0,70.0,120.0,0.2536355826680833,0.2529761595245677,0.2534033953110644,-0.3445765025261954,-0.3493253545813595,-0.7935791507213205,1.9966179285173549,1.9981830549934838,1.9964936632623957,18.997189645847364,18.99297678688107,18.987040854514174,0.5984987239536121,-0.7371513072756187,0.6564715332512259,0.18166950376293395,0.2247355852765617,0.22471727939945843,0.22461508812371234,0.2534965701470143,0.2534759096399753,0.2532775830292724
0.0,100.0,120.0,-30.0,0.1868384421525347,0.1852129690245628,0.18610617510434843,-2.062166388686987,-2.070968057576656,-2.07050908360663,1.4898717292733645,1.4842891934940305,1.486996333268994,35.39401663797859,35.39451430238902,35.38483000233046,0.7218526700804307,-2.031979958070276,0.025681393593491083,0.9989157858976806,0.45086723874647,0.4506566374624748,0.4507898654211711,0.18632495207015076,0.1859732690958072,0.18666865601925062
0.0,100.0,40.0,-60.0,0.2581427023299888,0.2577828012627174,0.2579524777180094,-2.089140414157992,-2.09150557325841,-2.090706812543533,2.0409601273343636,2.039931579437375,2.0408399823124057,14.132168114360091,14.128384258510733,14.120823978070938,0.7218455250485559,-2.0319682015124005,0.0028484849747199685,0.6977866637405188,0.22632932264911068,0.22618859272318778,0.22625317210917092,0.257924814243957,0.25792415639689975,0.2580405447388517
0.0,100.0,10.0,0.0,0.2683839935695813,0.266627891601532,0.2674586165097753,-2.056474806448134,-2.074524970749617,-2.0849649903716387,2.1110472986416764,2.108088320281805,2.1144266911791667,5.9677542403226855,5.9637937518571125,5.963311507970103,0.7218526699760112,-2.0319799578528905,0.0041809340633849725,0.4336770556725531,0.13581068310465194,0.1356890966707644,0.13576706813466108,0.26704993248003545,0.2674898740124548,0.2678376337751938
50.0,20.0,50.0,120.0,0.1610081296643585,0.1599296887664847,0.16059312241418794,-0.6627915513182483,-0.6810781698733517,-1.0263720671506567,1.265917375278824,1.2696990279656253,1.2684312588520639,14.186238025606919,14.185897129210954,14.18967978501623,0.6115535893142118,-0.8927449704416845,0.2985416200822836,0.16419779823402283,0.17737442736404302,0.17753546343761858,0.1776819779712297,0.1605574678391346,0.16088188534924802,0.16040357529063728
20.0,0.0,60.0,60.0,0.0604114604345355,0.0599663230584317,0.06023285941017827,-0.6790301753091964,-0.6982305427226823,-0.8085734552326512,0.47706485317237096,0.47671286541345337,0.4764644868203293,16.66333556369411,16.66231397004564,16.653895685989642,0.5841886751953623,-0.5231776405480634,0.13392344293114453,0.03921734415376213,0.19378171781132095,0.1936657915936364,0.1937135445210964,0.06028352137988898,0.06020081043003704,0.060255168862805304
0.0,90.0,110.0,120.0,0.1816682813216349,0.179816103330908,0.18094891445813727,-2.078213827525581,-2.096268413985702,-2.087669963445491,1.4464175116855662,1.4403270647279525,1.4443455743468427,32.60556303588043,32.596384351608826,32.589577553741684,0.7100174044766513,-2.0547884519709454,0.007810133775163524,0.9001895266797127,0.41776976874433597,0.41766214141691244,0.4174004713686893,0.18097038035754762,0.18073762427055085,0.18148189026887532
50.0,0.0,80.0,0.0,0.1362312344368848,0.1358337006627215,0.1360431924346901,-0.3769386990073737,-0.385208286433356,-0.592376672927583,1.0725379449304324,1.0714674283693768,1.0706915767532748,21.87691346198738,21.86218686160442,21.857035934748815,0.5786783317088385,-0.5219133872819157,0.40489735156214585,0.027885438297075738,0.24923020083648395,0.24891767407421775,0.24911536364011827,0.13616656893854076,0.13590809945295942,0.13607560188727316
50.0,20.0,30.0,0.0,0.1775669713726894,0.1732876687158164,0.1759704442509238,-0.3975802767238139,-0.5047171572331232,-1.0943726318651716,1.3881124315412463,1.388808557739989,1.3877385408763407,8.354946027555266,8.354697496720743,8.350481823982559,0.6115535893142118,-0.8927449704416845,0.19755011673742626,0.12716741395581815,0.11192288229389252,0.11183933264682028,0.11198106023681505,0.17611549529793238,0.17606560484231615,0.17597990715807094
90.0,0.0,60.0,-30.0,0.267038787951613,0.2664721937533389,0.2667459254380252,-0.0113244330553081,-0.0213728011519232,-0.5967043792573052,2.100272276549756,2.100303330731827,2.0990058949425126,15.226484326383837,15.22606019956009,15.221372566370032,0.5627453503097765,-0.5203297712781034,0.5252868132760365,0.0385751642947833,0.16479579497241093,0.16478596072311558,0.16479807611246142,0.26684260963090733,0.26668559262507824,0.26668078361986947
20.0,50.0,50.0,-60.0,0.1548393295080471,0.1543473372322567,0.1546358622002716,-1.6263356360141636,-1.6329278565479195,-1.755375347460896,1.2285124031626948,1.2263172184678282,1.2241767094453213,15.464078861957066,15.454089632307774,15.451146483225909,0.6589843889612876,-1.686177570335712,0.13092257088436965,0.3708062530142246,0.21283573411816206,0.21272223617149494,0.21279184310493823,0.1549298947082846,0.1543816203142241,0.15466121231913613
0.0,20.0,100.0,90.0,0.050908610160159,0.0496416531615347,0.05016353093445099,-2.035918362150455,-2.106067827100106,-2.0689971578139423,0.411381408968913,0.4097657706101813,0.41075581377174,28.186359860784833,28.190401075995567,28.18383373499192,0.617145342061956,-2.0150473293853004,0.0057184363032300725,0.2000508599867,0.3342471868097786,0.33417904361574746,0.33407800253964903,0.050297831720592254,0.05021866658038554,0.050429332272342246
20.0,20.0,50.0,90.0,0.0945842939669918,0.093859191927982,0.09429857936908984,-1.312048264031366,-1.3335465654436565,-1.4587978675431785,0.7493110084836805,0.7480356354138749,0.7501043670335484,14.611502897934509,14.608172518815431,14.610451055780992,0.6162442654560011,-1.27379193074638,0.12396866744809405,0.16791014835629692,0.18535748349669656,0.18539366432702428,0.18554709521866386,0.09419466563052169,0.09429160091914926,0.0944752539028068
0.0,50.0,0.0,-90.0,0.1896228024561666,0.1881095485693096,0.18882273386748752,-2.0837257392364763,-2.097602508230973,-2.091257223712192,1.4914381963646057,1.488791112169155,1.4884045825449357,2.275894425825227,2.288522944968594,2.2743993598405727,0.6596651687404786,-2.062595668739755,0.0005706233996809774,0.16598080522166825,0.07427802778893938,0.07435579447299785,0.07418583286154609,0.18897723384246518,0.18859706688413333,0.18894070699446708
20.0,90.0,20.0,-30.0,0.2652661926640768,0.2641316246124879,0.26479616980341114,-1.573890230224387,-1.6553690155087246,-1.9077389352406673,2.091471081801738,2.0909306363137135,2.091796187440837,8.461101532638011,8.455657682331553,8.452359228820418,0.7088879266498012,-1.82458848605433,0.09468339732179093,0.5022104763856201,0.16186827182672772,0.16173656280050538,0.16168848670645408,0.26476794764792516,0.26480782014850224,0.2648696604359779
0.0,100.0,70.0,60.0,0.2612229691214229,0.2595122745834269,0.26025701872470314,-2.0767345675481605,-2.086360333099359,-2.084485475092693,2.062068766617495,2.0631998325235514,2.0642977494642296,22.49504865697855,22.49393755924234,22.476359025944284,0.7218526699760112,-2.0319799578528905,0.010786418409000057,0.9999017757260729,0.32214603786229773,0.32226886583550884,0.32208270978623965,0.26016579631959963,0.26045087969504777,0.26030461644279124
0.0,20.0,100.0,0.0,0.0509126771492568,0.0496188943812328,0.050165688892887514,-2.03488417696352,-2.1048503712513327,-2.0680262900003354,0.41127124780388963,0.409859681776933,0.41076599286771337,28.186905811189245,28.190930045829898,28.183840041402107,0.617145342061956,-2.0150473293853004,0.005916837421368981,0.2000518830533359,0.3342501766248001,0.33419552857025403,0.3340803895978817,0.05029333710480674,0.05023187856641046,0.050417958707912686
20.0,20.0,110.0,-60.0,0.0662898244130125,0.0649971857825061,0.06561853379115089,-1.2368391255809996,-1.2646800394624194,-1.3022735456906578,0.5261960375256738,0.5300753929422939,0.5327872509927094,30.902370340753613,30.899816592424205,30.90264982160885,0.6162443674872261,-1.2737928478481642,0.20379596442791112,0.20001292869086085,0.3635495836046279,0.3635918857185559,0.3637812281493406,0.06541158297383187,0.06620836463440433,0.06574328408895926
0.0,20.0,50.0,0.0,0.0759091140171524,0.0753697936758343,0.07561365391358513,-2.0794449278834204,-2.102120839004946,-2.0891536887688367,0.6034869340450659,0.6022520737945063,0.6057828034770335,14.676614579936109,14.676878436594826,14.681772860989732,0.617145342061956,-2.0150473293853004,0.000998547219984829,0.16848194028967214,0.18636204704752796,0.18660865066030227,0.18634765251808688,0.07537763891244212,0.07567725092152293,0.0758209525631617
50.0,20.0,20.0,60.0,0.1871056194713248,0.1785762376557489,0.1835743460467963,-0.0212952409003863,-0.3466778083903948,-1.221230165257511,1.4485437713830853,1.4491758522214941,1.4467916579956412,5.145218079909953,5.144780323842884,5.148052403661001,0.6115535893142118,-0.8927449704416845,0.1286016120864295,0.10848874842538622,0.0769129323163145,0.07681033177869169,0.0769831797755644,0.18389994433694445,0.1836755840544788,0.18360005471129723
0.0,100.0,100.0,0.0,0.2118608470727744,0.2100385248579909,0.2110713201202499,-2.071435588309791,-2.0912433975790297,-2.0835713373961053,1.6782473176365569,1.6813663005110322,1.6792510911920944,30.21229485011344,30.217065752865945,30.21090672725999,0.7218526699760112,-2.0319799578528905,0.012549490844400423,1.000118078370628,0.3982463132748948,0.3984867887319136,0.39790531607646484,0.2111985034444084,0.21133099857805585,0.2109507052284445
0.0,90.0,70.0,0.0,0.2407675263411446,0.2393047453113166,0.24003916150775634,-2.0807422239128357,-2.09597827505723,-2.0889337626638085,1.9028056491964978,1.9036378102929785,1.9043702746432105,22.238216756766356,22.23923213852241,22.229643504559373,0.7100174044766513,-2.0547884519709454,0.005628670640132303,0.8998469508523935,0.31439415202527327,0.31445780555556657,0.3143303333088531,0.23998928402297778,0.24018982653711726,0.2400854916593092
20.0,0.0,60.0,120.0,0.0604591095019683,0.0600142931781055,0.06028098541155418,-0.6789842363544154,-0.6978653818678028,-0.8082575732836131,0.4774754447694563,0.47708546889843306,0.47682624655764516,16.663055487297186,16.66221338093789,16.65338689585896,0.5841886751953623,-0.5231776405480634,0.1340397937266891,0.0392052216089723,0.19377815704446427,0.19365476959628666,0.19370658043924682,0.060335055520490934,0.06024573069052061,0.06030546563361958
50.0,20.0,110.0,60.0,0.1264723648042765,0.1245620538422671,0.1255338420040968,-0.7618885892712793,-0.7801451066591182,-0.9020405197254702,0.9940783231011724,0.9979737960379026,0.9927996972841763,30.784413373754248,30.783771589382383,30.77002971332934,0.6115535893142118,-0.8927449704416845,0.5040008049565441,0.20000791949126853,0.3611821456618328,0.36133877475558435,0.36117165109936816,0.12592407468114375,0.12574171071059684,0.12527921949803314
20.0,90.0,120.0,30.0,0.1754970230986094,0.1730971191435192,0.17440955488425702,-1.822728390226129,-1.8312808484123024,-1.8672857451348188,1.3920066710938883,1.3984069220430722,1.3922857560475699,35.186133007376164,35.191325236281784,35.18321120303607,0.7088879274287126,-1.824588487784622,0.20976977091310256,0.8992409256381381,0.4442408393649625,0.44465023044987045,0.444009480483691,0.1748833662426139,0.1749071884172809,0.17415329853383535
90.0,20.0,20.0,30.0,0.2873472144871908,0.2558234337997356,0.2666944337716699,1.7293486960545954,0.4704679874800053,-2.0901859566668333,2.1041835635821076,2.097030237288185,2.1056578463448026,2.8059960085282647,2.802460489056933,2.8164576864510336,0.5984987239536121,-0.7371513072756187,0.00430953172889059,0.1451919450497738,0.051897233850513605,0.051740229634742174,0.05158611835594834,0.26642974116440504,0.26663684112826985,0.2675445273196516
100.0,0.0,120.0,120.0,0.2061135193438492,0.20459679214973,0.2053390535602247,-0.3034577716834137,-0.3149655542881383,-0.5233343012383819,1.6168812570428646,1.6143498873311766,1.6187829686533517,32.70405973127474,32.7011686689489,32.69172788279365,0.5610908219554596,-0.5198393037975151,0.9054945175491348,-0.00024410133600179086,0.3690981756430696,0.36898393178152833,0.3688215891285945,0.20513579349466513,0.2053927461524633,0.20568194761260025
0.0,50.0,0.0,30.0,0.1896773817644072,0.1881399685325955,0.18884729553623997,-2.083327516988463,-2.0976615602269963,-2.0912552133133313,1.491520672741248,1.4889690869821228,1.488718138305566,2.275690006415352,2.287751411311412,2.2745436812871964,0.6597422425592191,-2.0628742020185755,0.0005704432354945687,0.1660237268172958,0.0742801923244629,0.07435638874293055,0.07419047994459677,0.18898591738798703,0.18863521352901919,0.18896618896392123
90.0,20.0,10.0,-60.0,0.2686981132972831,0.2657108566448753,0.26696069042499776,3.14074737905119,-3.135283359740398,-2.271240537120841,2.106803016361117,2.105890988136701,2.106618989854201,3.9632043346525547,3.9836477005864857,3.971724515556175,0.5984880691189908,-0.7371549855451281,-0.05618721522575884,0.313762578873473,0.1055406838244456,0.10581527044691778,0.1055826644100493,0.26702551191843404,0.2670013812391732,0.267120272395705
0.0,90.0,90.0,60.0,0.2079068742302467,0.2065557681332004,0.2071717305116102,-2.08421946481701,-2.090355420812938,-2.087518258666421,1.6465746707181843,1.6483184894398375,1.6486280371321633,27.377426326370912,27.36559309815961,27.36912515269354,0.7100174044766513,-2.0547884519709454,0.0077103086917823934,0.8999271037607746,0.36452259396796144,0.36453633474897135,0.36434424037031105,0.20715142110886228,0.2073987315510701,0.20717028212760516
20.0,50.0,50.0,0.0,0.1547278085263029,0.1541670100709948,0.15450511578912302,-1.626614705726496,-1.635411593804326,-1.7555343913953758,1.2274655635121707,1.2253214848291267,1.2231286114121205,15.462734346468492,15.452807170006725,15.450173780193932,0.658991099436022,-1.6861926913303058,0.13072620971824217,0.37044277494366834,0.21278938292021526,0.2126807805560091,0.21274204747352268,0.1548007763245612,0.15425406210394815,0.15452616061714622
50.0,20.0,70.0,30.0,0.1472167967729489,0.1468264195664678,0.14705514633061714,-0.7464809813181285,-0.7504589898430672,-0.9835897907919542,1.162808513578872,1.1627510954462428,1.1613504092010842,19.757360043259666,19.75279902522861,19.744632561406156,0.6115535893142118,-0.8927449704416845,0.3772872368800448,0.18683315713801563,0.2392454012898979,0.23912684720849178,0.2390825539532636,0.14718589315316735,0.14699871095997977,0.14700877518039632
90.0,0.0,70.0,30.0,0.258926351820334,0.2583567568703303,0.25876040313425247,-0.1016076647715044,-0.106715675407155,-0.5791607172161468,2.037244496715096,2.037835359636127,2.036176883061194,18.25364952491988,18.252285463818495,18.245247212421795,0.562745350766241,-0.5203297715459044,0.6216552565112542,0.03462487839829231,0.20135824597698318,0.20123916631168473,0.20129406886822399,0.25889182032531627,0.2587456991318766,0.25868581195290646
50.0,0.0,90.0,60.0,0.1318765563439178,0.1316067718263351,0.13175744744311155,-0.3801679213790363,-0.3864940899789371,-0.5667417074036839,1.0381006881028558,1.0369103062743326,1.038035023855944,24.63883439602268,24.631222640091682,24.631767920555202,0.5786783317088385,-0.5219133872819157,0.4414744978562109,0.019059518122153216,0.28043142330372345,0.28017945734503635,0.2803848278385505,0.13172094965805478,0.13172507985867518,0.1318807305406095
0.0,100.0,50.0,120.0,0.2479951194634397,0.2476353060824698,0.24779632451921385,-2.090016964678893,-2.093393663670235,-2.0914735140059313,1.960912729737999,1.96349071562397,1.961444561611764,16.765673561992713,16.77051148626454,16.74853825932346,0.7218526699760112,-2.0319799578528905,0.002569679879738642,0.7517647192699509,0.25420316802067755,0.25401474867528445,0.253874256800232,0.24787113591254578,0.24794301264940474,0.24759784810763985
0.0,20.0,30.0,-60.0,0.0893871196922374,0.0861424157246698,0.08789785467795483,-2.0491791510992265,-2.1282166374495928,-2.0862463428296967,0.6947836187598436,0.7064004899728221,0.6973666315745451,9.361067468635751,9.363590165137222,9.347803314951788,0.6171369140794728,-2.014988823330409,0.0013577102060061035,0.13497716204088436,0.12988112237486343,0.1295881936519304,0.12973254488280148,0.08836329374869017,0.08871913053807097,0.08727632342016163
50.0,50.0,90.0,90.0,0.1819496997213098,0.1796521982653139,0.1809447482592804,-1.121032005800651,-1.1368687125781831,-1.305403598012793,1.4330998899029044,1.4347584386116685,1.4364809658694921,26.158339023974595,26.162409303021985,26.153781945508936,0.6550888176419655,-1.2898374651384217,0.5044084991806426,0.5001256898875809,0.32899026593521663,0.328858390656068,0.3288821087111434,0.18082301025253092,0.1812443615318293,0.1810253846397658
20.0,0.0,20.0,-90.0,0.0750737751299675,0.0730225169795362,0.07424935450258348,-0.6041945498229148,-0.7250448785485919,-1.0588181189749273,0.5867988669937414,0.5871173482700163,0.5862097313851699,5.687979437176673,5.688649006124759,5.686759269652122,0.5841285393126552,-0.5232771698501373,0.05545899158496743,0.03302036430806021,0.07299066367002867,0.072937239113658,0.07303568935581985,0.07438121216087125,0.07429153352263582,0.07426654386400271
20.0,20.0,40.0,-30.0,0.1003224444621144,0.0989694713627387,0.09987370389031182,-1.2915920983698848,-1.3211211089233572,-1.4829818121978111,0.7935370590988282,0.7912625154234507,0.791716783288736,11.888864866334371,11.889371590713289,11.883822727425438,0.6162442648540062,-1.2737919277872283,0.10663867521711283,0.15203924662594753,0.15548524091630866,0.15532601709583996,0.15537119799061058,0.09996320409695104,0.0997354247975295,0.10003150062216183
20.0,90.0,100.0,-90.0,0.1994538055980521,0.1978289733639918,0.19859787830151318,-1.8044856497085655,-1.819367433137351,-1.8673387225753488,1.5794856970392797,1.5809301341810182,1.5822428546531266,29.96420319806984,29.965177835670307,29.94253481618854,0.7088824945871616,-1.824577138897211,0.2096533333091157,0.900075918976272,0.39092164348368025,0.39073682603371834,0.3904978589909664,0.19851988260573183,0.1988901963091927,0.19868906220467467
0.0,100.0,20.0,90.0,0.2679081315983517,0.2675191798183697,0.26771348942853423,-2.068936827565335,-2.0747611585034327,-2.0840396297825925,2.1167745247239043,2.1139565885737404,2.1131949147228,8.739026808725999,8.73326880224948,8.727315810220974,0.7218526699760112,-2.0319799578528905,0.005659508480049108,0.5350250496898703,0.1675290384707847,0.16751312762931433,0.1674894951532282,0.26790410700083583,0.2674468192325114,0.2678028767001363
0.0,100.0,60.0,-90.0,0.2392364674817095,0.2387834425123943,0.2389913034694117,-2.088287399942683,-2.095460191783057,-2.0915249073965416,1.8931496047635195,1.8947604012955417,1.893757514131319,19.420986816599203,19.424832083197497,19.408035302704963,0.7218177093821374,-2.031912216286186,0.0028024114714981954,0.8049967475629316,0.28232496373757304,0.28217674288391487,0.28173293500705304,0.23901907272251788,0.23911805239671893,0.23888781430026404
0.0,20.0,20.0,30.0,0.0952595034763677,0.0939356995640682,0.09463622506152737,-2.065177598528177,-2.090731979464572,-2.085304660060795,0.7487988469922363,0.7509498453304116,0.749469266817494,6.650779585040849,6.661427944147868,6.642810356312077,0.617145342061956,-2.0150473293853004,0.0011109723517791312,0.11257771450612043,0.10035884700573183,0.10059335967567465,0.10020295571709834,0.09473886807032704,0.09477506952842758,0.09452754554223405
90.0,0.0,60.0,120.0,0.2670401099443673,0.2664718469520527,0.26674700792245515,-0.0117131225345614,-0.0221050605499132,-0.5971381991578085,2.1002365103689686,2.100294331287872,2.099084846954419,15.228120889082758,15.227349620031951,15.22274164880272,0.562745350766241,-0.5203297715459044,0.5254241590485653,0.038818214207673195,0.16483920786148712,0.16482712720510423,0.16484873977863435,0.2668348918378571,0.2666923989554668,0.2666847073113274
20.0,90.0,90.0,-60.0,0.2137679682248549,0.2121203612197457,0.21289165564115695,-1.7985554978690594,-1.8074644890175704,-1.8673777710975983,1.692189321046837,1.6934277203081458,1.6918307873228544,27.340000719233867,27.348694200237226,27.348456590559145,0.7088861158749705,-1.8245853209393958,0.20944706806480265,0.8999450374847073,0.36403756656660075,0.3641638758098366,0.3641012036104469,0.21304681924151678,0.21298456472091956,0.21285353277337843
0.0,90.0,80.0,120.0,0.2234929196968926,0.2218078136576232,0.22266449893727924,-2.086225088370082,-2.0916994013655623,-2.0894021472310436,1.7705925213646159,1.76691597655413,1.7675266292229552,24.811286970672853,24.80174771526841,24.790143251360778,0.7100174044766513,-2.0547884519709454,0.005564852205550077,0.8999490486127435,0.3389399303527155,0.3388805341025171,0.3386307536086674,0.22281617625243486,0.22245278005235347,0.222904061888778
50.0,50.0,60.0,60.0,0.1884481840892155,0.1880611617907536,0.1883199513633159,-1.0932913755553002,-1.100135950427794,-1.3593238642472742,1.489224774255063,1.490408846722849,1.4910883712408158,17.858860702858998,17.859497366474614,17.851967703731685,0.6550888176419655,-1.2898374651384217,0.3574229744589444,0.3951314061129889,0.23631200974016134,0.23647875347663863,0.23641628564432607,0.1882123711994153,0.18845901409841917,0.1883123209733526
0.0,100.0,40.0,0.0,0.2581148036867694,0.2577523341260741,0.25792557197718385,-2.0884439616457304,-2.090907350728368,-2.0903530336400413,2.0407244094750068,2.039705511900896,2.040661840903746,14.131556446372738,14.12827898528129,14.120474707535351,0.7218526699760112,-2.0319799578528905,0.0030945920540234022,0.6976780311369596,0.22631851853490817,0.22618013465298348,0.22624302701480928,0.2578934164137661,0.25790022850090805,0.25801570977700394
20.0,20.0,10.0,-60.0,0.1274860206449364,0.1162283063535868,0.12108363717305994,-0.6970740116376617,-1.369816137324722,-1.6582276031465937,0.9561210389501358,0.9576630936653864,0.9576596699286711,3.6407875875296845,3.6390746314848106,3.638753194610485,0.6162335560749393,-1.273758088379588,0.04078850213028699,0.08805175224691258,0.06760607568120916,0.06760408201020743,0.0676962088948847,0.12119572923466027,0.12139743241695501,0.12120550532905382
0.0,100.0,110.0,-90.0,0.1987929368502225,0.19694783733327,0.19789328455454036,-2.075861620848485,-2.086625214550048,-2.0835582782381357,1.577370467991499,1.5775026120006554,1.5777620197204787,32.797373882852746,32.79293324280024,32.79225565890583,0.721853660676603,-2.031983981225979,0.012600320024384293,1.000058607560844,0.42407474124775646,0.4242207280112377,0.4238813619462425,0.19798895816060041,0.19802446125993153,0.19802259292965815
50.0,20.0,120.0,-60.0,0.1162651007294162,0.1150306423629495,0.11570238896491043,-0.7827222342297111,-0.7972483352952867,-0.9020412249160811,0.9185385020934297,0.916765594101598,0.9205298641170218,33.536758024369114,33.53354793748381,33.52560263150246,0.6115549579000876,-0.89274565308265,0.5044681551602715,0.19992074010929065,0.39223948240016954,0.3922825064011314,0.3925923555874881,0.11557394235127713,0.1158387962747148,0.11608309746190955
50.0,0.0,20.0,120.0,0.179579388500535,0.1631191094509215,0.16931324415509869,0.4895484935846128,0.0694704304859777,-0.9775696324040577,1.3520247964996923,1.353288070921496,1.3507858580588248,4.444902604524603,4.453573390183342,4.460295738441874,0.5786783317088385,-0.5219133872819157,0.09009134597698448,0.04996634294034051,0.05782131977714044,0.05812451583668755,0.05833452623140945,0.1718003531768829,0.1716587883923804,0.1714871875983209
0.0,90.0,50.0,120.0,0.2285753140098242,0.2281728921925113,0.22837468897472546,-2.093728973518872,-2.0993858067354623,-2.0943577218169183,1.8085955083503202,1.8083535013900567,1.8093231815711366,16.53037917079757,16.53212927594651,16.51821613506305,0.7100174044766513,-2.0547884519709454,0.000357028750769572,0.6721283518815001,0.2465291874855971,0.24630640629463185,0.246392827074634,0.22831223633450845,0.22841151895122422,0.2284147151058246
0.0,90.0,90.0,-60.0,0.2079032463889778,0.2065568572024511,0.20717217865927937,-2.083960332600773,-2.090163191192774,-2.087333868808327,1.646488354348572,1.6483316918212052,1.6487095956736166,27.377309415200646,27.365310272875252,27.369215481698845,0.7100155816592152,-2.0547850436645283,0.007875309721591544,0.8999289992983698,0.36451353237784767,0.3645345433440338,0.36434133463937585,0.20714174379984135,0.20741005172777568,0.20716832965230209
20.0,20.0,10.0,120.0,0.1280562371378663,0.1167493333203814,0.12142526841289875,-0.6709210815809005,-1.361258343125846,-1.659814138404888,0.9589127612868065,0.9602273593075716,0.9602384884860137,3.644258937303498,3.6400450079404902,3.6415763220499975,0.6162442654560011,-1.27379193074638,0.04083293108278577,0.08849572117147521,0.06766466937158586,0.0676108620106986,0.0676422002490307,0.12154766854410182,0.12171929002176347,0.12155375157170986
20.0,0.0,60.0,-60.0,0.060180619694073,0.0597590447658783,0.060000863525678204,-0.6860895594721864,-0.6997834726760349,-0.8111342868368292,0.4746584223426509,0.47553890096855644,0.47464579696880693,16.664936763474643,16.664657921549818,16.65703693381229,0.5841835957033955,-0.5231782532223229,0.1333412287387876,0.03941420230664253,0.1937897428864125,0.19378699311496853,0.1937639306800357,0.060053911124216056,0.060048775805254626,0.059941808305503136
20.0,20.0,110.0,30.0,0.0662898521474733,0.0649972020407043,0.06561820462455308,-1.2368384580499583,-1.2646799283503014,-1.3022721826407755,0.5261937418204574,0.5300730007768713,0.5327848095015204,30.902367806606264,30.899813672473663,30.90264698705968,0.6162442654560011,-1.27379193074638,0.20379517663888683,0.2000113608057394,0.3635494844305669,0.3635917934952612,0.3637811311944305,0.06541129087461886,0.06620805351701785,0.06574298559621561
50.0,20.0,40.0,0.0,0.1686824129707364,0.1662213366066853,0.1679556960529922,-0.5717689258993385,-0.6165110013469469,-1.0515138304458957,1.325298952995294,1.3262002383036315,1.3250699301638038,11.316685616746081,11.317577867984111,11.309066988007817,0.6115535893142118,-0.8927449704416845,0.25197730602290275,0.1470495464872282,0.14517568082447013,0.1451549502699095,0.14504774502384962,0.16805714205414782,0.16801985190933627,0.1679029159387045
90.0,0.0,60.0,-60.0,0.2670382107328521,0.2664714060403644,0.2667463359296871,-0.0112460735102499,-0.021202125466958,-0.5966096751581553,2.1002779346776643,2.1003062301228157,2.099005013282192,15.226176530126638,15.225803943400045,15.221009734639873,0.5627403088126368,-0.5203334897308366,0.5252572239661651,0.0385219679647641,0.16478588961162519,0.1647764793724719,0.16478811605489224,0.2668434658508401,0.2666856425550937,0.26668120983003707
0.0,100.0,110.0,30.0,0.198792981563635,0.196947865236037,0.19789329043525108,-2.075861634269966,-2.086625228515316,-2.083558276813058,1.577370528330373,1.5775026265738525,1.5777620590383237,32.79737396128444,32.792933308236385,32.792255744098654,0.7218526699760112,-2.0319799578528905,0.012600334130974965,1.0000586545261339,0.4240747448600369,0.4242207297546414,0.4238813656488596,0.1979889627920029,0.19802446341725438,0.1980226007066979
50.0,0.0,90.0,120.0,0.1319571688603102,0.1316808084555203,0.13183526410130883,-0.380101632717461,-0.3859841472724012,-0.566280157902809,1.0388317591783738,1.0374016250755849,1.0385888754498596,24.637267658314798,24.630355984533765,24.630253212663522,0.5786783317088385,-0.5219133872819157,0.4416986182585619,0.018867197394751463,0.2804205119105495,0.28013906497339053,0.28036289545573045,0.1318026443956555,0.13178376101666497,0.13197048597345684
50.0,20.0,30.0,90.0,0.1775536960628078,0.1732274920882169,0.17592400695414287,-0.3979675454827923,-0.5063352950591192,-1.0952874237137078,1.3877894518244036,1.3881998455027906,1.3876381763008052,8.359407383131296,8.356458792056273,8.354555241663993,0.6115535893142118,-0.8927449704416845,0.197525234507064,0.12740933138577223,0.11202815465616157,0.11190420526242456,0.11205515233266296,0.17604147637388068,0.1760174242615582,0.17596643276129026
50.0,0.0,60.0,-60.0,0.146027931009009,0.1454525160181883,0.14579589293923556,-0.3367711439663049,-0.3435442964251558,-0.6433129858040704,1.1486143134501914,1.1489660739266887,1.1481862407698973,16.302646469868357,16.305271152823174,16.29399951812177,0.578673187590209,-0.5219156151411489,0.3230945538954313,0.038877138677844196,0.18681615929780157,0.18661157289515137,0.18668759546962443,0.14586275292123693,0.14580111302657822,0.14575733673597846
20.0,20.0,40.0,90.0,0.1006373638237692,0.0993417464007192,0.10026030487157798,-1.288920438401515,-1.3180585493628527,-1.4815310616915245,0.7960271961400788,0.7942129350650705,0.7953472481396006,11.890700504587906,11.890747249698618,11.88562775102535,0.6162442654560011,-1.27379193074638,0.1073116624564774,0.1525344170569804,0.15554487869627232,0.15536468247892804,0.15543796094670925,0.10027374399035355,0.10018841669128802,0.10042015847565319
0.0,100.0,80.0,90.0,0.242934907771545,0.2412412280783663,0.24203574493705043,-2.0770116076498013,-2.0836702970886525,-2.0835509252187503,1.9210958736438226,1.921048084913031,1.9216496205583666,25.042188007775653,25.036915378532708,25.03478379528293,0.7218526699760112,-2.0319799578528905,0.012140125578338065,0.9999252053831104,0.34661756205498284,0.34660648659889376,0.34637097245340487,0.24204503451663148,0.2421287304954239,0.2421192566443426
100.0,0.0,70.0,-60.0,0.2621351753611776,0.2615394129062391,0.26198085926132797,-0.0940320894091737,-0.0992060482055843,-0.578099309647289,2.062277187324471,2.063356923855268,2.0616477065083965,18.221706933514202,18.217799338610195,18.213349085075755,0.5610867960230477,-0.5198422761835154,0.6272841808583903,0.03427075239413421,0.20070546643731402,0.20048473295308605,0.20046988590837395,0.2620987845878873,0.26200321559193074,0.2618801973607412
50.0,20.0,30.0,30.0,0.1774655689174082,0.173188100941147,0.1758819482319803,-0.3975805155260649,-0.505735646129249,-1.0946522980204159,1.3871720041696614,1.3880967254179526,1.387271880453563,8.355694263559133,8.354595026617313,8.35318476000871,0.6115535893142118,-0.8927449704416845,0.19746262939813095,0.127188159169738,0.11193220373546253,0.11182820291608826,0.11200766419958194,0.17599578213495962,0.17600509745630144,0.1758902538885767
90.0,20.0,40.0,-60.0,0.267485931979889,0.266576820363585,0.2669782723002043,0.0217277276727025,-0.0417476605671998,-0.8836746302830697,2.103138296171696,2.103525895184781,2.102115139440275,9.820002989137846,9.815217728398531,9.81488663308311,0.5984912128044981,-0.7371538496320923,0.3474574253796253,0.13121448159259155,0.11634837589481359,0.11634207515419975,0.11640603332828145,0.26708338796993963,0.26694922665730964,0.2669091708378623
90.0,0.0,60.0,90.0,0.2670396273770739,0.2664713290809787,0.2667462363118674,-0.0116320747624636,-0.0219622677682612,-0.5970458650639034,2.1002293140722625,2.1002873708785175,2.0990789184621788,15.227907265888412,15.22712380667527,15.222455977392093,0.562745350766241,-0.5203297715459044,0.5253962971051435,0.03876662510268214,0.16483004196933604,0.16481796376406244,0.16483947600121054,0.2668340290201192,0.26669169214671223,0.2666840081188217
20.0,20.0,20.0,60.0,0.1144822019622257,0.1112724358436504,0.1129811070640956,-1.1382700743326355,-1.2521284684563965,-1.5507813660268588,0.8927862649417598,0.8924974488790274,0.8953693386651176,6.447211770640861,6.439868463789964,6.441009486559572,0.6162442654560011,-1.27379193074638,0.0671859091935724,0.11129930770337863,0.09742935690620966,0.09725121334515266,0.09741899319070939,0.11283503811285636,0.11314298320284569,0.11319092686655415
100.0,0.0,40.0,90.0,0.267595784333165,0.2661270254102156,0.2667152707535747,0.3163018673853368,0.2301853047453662,-0.6706523991333689,2.0998065364369016,2.1000278178691505,2.098981647332257,8.982916653296398,8.978136593604917,8.979816722230108,0.5610908219554596,-0.5198393037975151,0.2765238319143938,0.041501449368439414,0.08775950111767716,0.08781363378890655,0.08792326254226726,0.2667976566274897,0.2666961115559118,0.26666702088902755
50.0,50.0,70.0,0.0,0.1804892787369769,0.1800975657808124,0.18029899729449994,-1.1273514394290567,-1.1319416957136257,-1.3479318891199104,1.4278390148169455,1.4279621358594414,1.4285183048131893,20.606857067259774,20.610508851589167,20.604547041433793,0.6550888176419655,-1.2898374651384217,0.39036665547636357,0.4216701184515813,0.26680558896920586,0.26651797493409174,0.2667075254557465,0.18026321943313997,0.18034027366830663,0.18033412523588974
50.0,0.0,70.0,120.0,0.1412185783544949,0.1408699067772187,0.14109710544466458,-0.3617948071776055,-0.3685641893400346,-0.6174355951062485,1.1118370849140837,1.1113334461426267,1.1113148702993394,19.105113537047835,19.097903500202076,19.086270876452037,0.5786783317088385,-0.5219133872819157,0.3665352825253937,0.03450377505544795,0.218281304369588,0.21811117230186844,0.2180671127569686,0.1411406676893975,0.14106400252121462,0.1411363069980633
0.0,20.0,10.0,90.0,0.1093589716845808,0.0961072320019156,0.1030574700100757,-1.6500856925456806,-2.3690804033971826,-2.0705791043067934,0.8178607764812037,0.8185613781925449,0.8160946189960029,3.99195831385219,3.996312718669648,3.9879215924177727,0.617145342061956,-2.0150473293853004,0.0018919426427063018,0.08764879234872675,0.07204451648139121,0.0721740981109652,0.07208231503705173,0.10365453346011827,0.10343766547318602,0.10334517285888419
20.0,20.0,50.0,-90.0,0.0943776336339576,0.093780499031076,0.09410038085221326,-1.313376888998173,-1.334574702711547,-1.459710042795441,0.7474974318133903,0.7466825435064487,0.7486024369127688,14.610100012206223,14.607939353624428,14.609928310905758,0.616203329776734,-1.2736701704466356,0.12353611868502005,0.1676412211611968,0.1853074812535387,0.18538193306367276,0.1855137635917365,0.09398939496197292,0.09412643411869574,0.09425087943041191
50.0,20.0,70.0,-90.0,0.1473063822489579,0.1469263218229846,0.14714670657409093,-0.7459084074844676,-0.7499175031095262,-0.9832001270269296,1.163538324749349,1.1634618537738504,1.162054126951473,19.756576959783402,19.7522266432209,19.744029502949164,0.6115273429507245,-0.8927473531064901,0.3775737902946595,0.186792833298541,0.23923108452428765,0.23911115592700058,0.23906731659213948,0.14727856237615336,0.14708808142484764,0.14710078493903556
20.0,90.0,20.0,90.0,0.2652377151794994,0.2640913191023074,0.26476457182221924,-1.573670694344573,-1.6567040452599748,-1.9078453629625889,2.0913233902649444,2.0907596323335897,2.0913788456082667,8.460723468628059,8.455544610982734,8.452260498517008,0.7088879274287126,-1.824588487784622,0.09460933018482476,0.5021444807659683,0.16185642251372115,0.16172482128570775,0.16167535438413075,0.26475916243037045,0.26476387628217163,0.26482949703071135
0.0,20.0,0.0,90.0,0.1177318613681543,0.098843461163555,0.10864889275859546,-1.9540067207092635,-2.0950389035475383,-2.088449804495167,0.8972325311893442,0.8967861971311404,0.8964318083057866,1.8725986045090266,1.900009530135146,1.8830158164226296,0.617145342061956,-2.0150473293853004,0.0005329449533251603,0.06633276116643107,0.056759876009476684,0.056785650969785745,0.05683414231733089,0.11374069111651773,0.11367239772692041,0.11373904133091714
0.0,90.0,70.0,-30.0,0.2407677148063121,0.2393355740031156,0.24004279338736734,-2.080785930876339,-2.096003722634097,-2.088954932608384,1.9028298417374334,1.9036634580271579,1.9043950960033753,22.23825615408676,22.239271102701363,22.2296695196566,0.7100174041514414,-2.05478845123972,0.005609393798023328,0.8998685193218284,0.3143953935175594,0.31445898748145223,0.3143315201285729,0.23999244938645858,0.24019307761361727,0.240088546865385
20.0,90.0,50.0,30.0,0.2338058367162294,0.2332429144175889,0.233563984678622,-1.7653342596934134,-1.774042252935604,-1.8871849749593896,1.84943977337579,1.8497870826344427,1.8488153079443899,16.46849036945605,16.4732172429646,16.462796861962417,0.7088879274287126,-1.824588487784622,0.14116168600899923,0.6700410910766378,0.24558768042793605,0.24564530450942784,0.24517472448433583,0.23362755640545357,0.23356971541159222,0.2335187827250672
0.0,50.0,20.0,60.0,0.1704139016518621,0.169632394138497,0.1700983753549058,-2.0894308396771075,-2.0997588882992,-2.093385734367851,1.3473936170526983,1.3435386777715708,1.3434084499802583,7.550629197963372,7.536905802602925,7.545631895920624,0.6597422425592191,-2.0628742020185755,0.00034190836963688006,0.2624335929553584,0.12932880964384152,0.12925194404982765,0.12917261610889383,0.17029445769998033,0.16977798163816324,0.17027391742171816
20.0,20.0,100.0,60.0,0.072882487518337,0.0702278639352398,0.07149885234798281,-1.217918756158436,-1.2647612147330094,-1.3022847880409507,0.573661389663316,0.5752865239038242,0.5729156401635541,28.16499452740067,28.164855816891862,28.157021787925103,0.6162442654560011,-1.27379193074638,0.2033715008934508,0.20003454699713172,0.33358482051686633,0.3336832138610982,0.3335206121525915,0.0717577534902618,0.07166531013680809,0.0714677812697001
0.0,100.0,20.0,0.0,0.2679089410680504,0.267517862190803,0.26771444104693687,-2.068539226508358,-2.0743836455374884,-2.08390065438008,2.116878801691167,2.113960645369285,2.113098535324343,8.739278944522235,8.733438262066992,8.727217375682088,0.7218526699760112,-2.0319799578528905,0.005733943714884517,0.5350248695761108,0.16753162501919605,0.16750632299335844,0.1674881576199843,0.26791776613587104,0.2674347975524679,0.2678035884760926
0.0,90.0,0.0,30.0,0.2681390148021951,0.266342716566091,0.26721468174303115,-2.038978128252694,-2.07104230596749,-2.091353154301015,2.1087669887644056,2.1079280139277645,2.107122764656219,3.212789436304993,3.214540413640544,3.2097688965882614,0.7100174044766513,-2.0547884519709454,0.0010739732340743807,0.33272123872915305,0.10473635001558361,0.10455454252083196,0.10458686196214277,0.26733899643413217,0.267134793941018,0.2672400228397372
0.0,20.0,120.0,60.0,0.0434978223713588,0.0416328967891227,0.0425478360687765,-2.049347540697086,-2.0893534462795214,-2.068180595178397,0.35366684138460286,0.3554564348947324,0.3588461968512468,33.64660955175845,33.639994720805554,33.64044234991826,0.617145342061956,-2.0150473293853004,0.006776980148588133,0.19995421988702342,0.3941705615568901,0.3943796847548858,0.3941791253024008,0.042503081206957005,0.04315610149375707,0.042909114380733554
90.0,20.0,110.0,90.0,0.2190494901769953,0.2178804662377804,0.21848339849200055,-0.4934721014348482,-0.5044549055212291,-0.7416007663529395,1.724244504456633,1.723271846853013,1.7228364966023488,30.43080116720766,30.433828361337373,30.419038180561635,0.5984987239536121,-0.7371513072756187,0.903612611693055,0.19997590978679755,0.3544966323457017,0.3546214941306127,0.35440071999699035,0.2186200279327522,0.21846508359335665,0.21857755749809987
50.0,0.0,120.0,-90.0,0.1129992686664079,0.1114340612899117,0.11232249960730373,-0.3984950151914044,-0.4198303007251273,-0.5234697266333068,0.885615413845834,0.8853801414531025,0.8842953447699369,33.0038799531135,32.999362971841116,32.988810228743695,0.5786869622092083,-0.521901063347037,0.5038324089570912,-5.2931388814101885e-05,0.37466415113998913,0.3747848467916931,0.3747790816718394,0.1125218805490813,0.1123505440858461,0.11239624211794572
20.0,50.0,40.0,-90.0,0.1629782514042687,0.1622935425398774,0.16261017800898311,-1.594323970437819,-1.6093639367607957,-1.7629101349461853,1.2880371378950577,1.2870154699543428,1.2885789321722678,12.779417174079892,12.773259252932142,12.770680588917223,0.658941744575757,-1.6860652882711826,0.11643779879334454,0.3380892864500328,0.18420176932438967,0.18401488503591232,0.18404125047540837,0.16253192973074507,0.1626065691416927,0.16272706041240326
0.0,90.0,20.0,-60.0,0.2591841833029843,0.2587432345969458,0.258933501387249,-2.0902991002985942,-2.0945433830826645,-2.0917629880796293,2.04497980465265,2.0446914666605944,2.046530624230669,8.625927787632921,8.629533945499972,8.618820546947465,0.710007569240242,-2.054771911869635,0.0014593741168504495,0.5068974893494741,0.16398465177737456,0.1641577848277557,0.16410954505737477,0.2587917306655318,0.25899040549301816,0.2590288156347472
90.0,20.0,30.0,60.0,0.2678482194850751,0.2660871875569535,0.26692598151126173,0.4094807942162292,0.1541656136604048,-1.0211265247125523,2.103434371922188,2.1022067784893896,2.101202622111175,6.288515891693372,6.284829725185746,6.286504798683537,0.5984987239536121,-0.7371513072756187,0.20346415683138575,0.11149430310845976,0.07274333715097826,0.07274224551010221,0.07283733637025429,0.2670658932430868,0.26677880729938835,0.26694171594414634
90.0,20.0,10.0,0.0,0.2686860170454143,0.2656858087370047,0.26697071437371905,3.1385361222973205,-3.137149269710716,-2.2711161223753282,2.1071511497928914,2.1053667250255685,2.1073250477187493,3.954422550110394,3.967111701739673,3.959411580258724,0.5984987239536121,-0.7371513072756187,-0.0561212967166916,0.31288972400816484,0.10539833789050126,0.1055512881960226,0.10537348977013233,0.2669845023409006,0.2670117200594339,0.26722456245580967
100.0,0.0,10.0,120.0,0.2691441714880849,0.2638676633671437,0.2668009243907102,3.140460048574448,-3.137464541413334,-2.258743072726185,2.104476085805189,2.1046578510480782,2.107537386590638,4.579085350513407,4.588476989936152,4.57407000765956,0.5610908219554596,-0.5198393037975151,-0.05297381455869032,0.3427150886373838,0.11442294345211071,0.11451488974630677,0.11425951764843374,0.2666397599818498,0.267023663572841,0.2669991769179615
50.0,0.0,0.0,90.0,0.1687086365367867,0.1480360137484941,0.1587249219107406,2.5615049842568616,0.4963552830271289,-2.0912255679269536,1.2532637973640806,1.2520855823906722,1.2548713955304314,1.9580902256909598,1.9548314877294484,1.952372680410081,0.5786783317088385,-0.5219133872819157,0.00044517686294548865,0.11843183861976912,0.0630605456729837,0.06303911314754304,0.06279607362428487,0.15872829296918683,0.15894484740327103,0.15908684682006424
20.0,0.0,70.0,-60.0,0.0577166683613003,0.0565689532523746,0.05717634179345011,-0.6304492760093147,-0.6871015390836154,-0.7546944465815019,0.45304009564473413,0.45159785851843554,0.4539394718872329,19.391826726286286,19.38652179010254,19.37671243585528,0.5841846461770303,-0.5231782614379994,0.1491356127733089,0.035059257632394515,0.22396074462510654,0.22385223781981958,0.22388310135514153,0.0570941628447491,0.05722480944500925,0.05739736622464508
100.0,0.0,20.0,120.0,0.2876539966206866,0.2548022981925619,0.26596719743196123,2.7564743631238158,0.8107389140349244,-2.4617546682215736,2.0934017197420354,2.096584668436283,2.0996136766061246,3.8405996090621612,3.857688100068704,3.8595964106838254,0.5610908219554596,-0.5198393037975151,-0.08083899933540306,0.17682404063331458,0.072386894668483,0.0723510070417117,0.07263616278085983,0.2656737990932857,0.2664633584015528,0.2660663801982647
100.0,0.0,20.0,-30.0,0.2882307946647206,0.2540441596409272,0.2659205518033559,2.8085861830318186,0.8265758232294307,-2.4723233534497506,2.0927663915622254,2.0963906106728767,2.099225472261788,3.9034792104824065,3.9123307030493937,3.9249318722877673,0.5610908211183195,-0.5198393033174191,-0.083963783618116,0.17940354772479788,0.07346335067027973,0.07333662658745019,0.07382348581279302,0.26562690150773866,0.26644433269010936,0.26598975843340905
50.0,50.0,80.0,30.0,0.1750401513684623,0.174287119825589,0.1746726604955982,-1.1325324633766825,-1.1370582316258606,-1.3239570301774464,1.3845970866232307,1.3835911524390885,1.385446565740873,23.328103665833137,23.326104194678955,23.324904437050794,0.6550888176419655,-1.2898374651384217,0.4307877415195726,0.44340654164819876,0.29606979296271896,0.29610268267046425,0.2962186097261566,0.17458149661112726,0.17468402213280743,0.17482124516427724
0.0,20.0,30.0,90.0,0.0898075643660003,0.0861716843969578,0.08797768958504934,-2.0475274943496045,-2.1269731867126613,-2.0845395780601454,0.6946213152815722,0.7054060844015213,0.6993330522461298,9.359960325917209,9.361772070642818,9.343188625055838,0.617145342061956,-2.0150473293853004,0.0015627963145965751,0.13511191715195175,0.1298462737478765,0.12968172993949065,0.12981815353216267,0.08818623374580477,0.08880088542479905,0.0874781817728623
100.0,0.0,50.0,30.0,0.2670221421109144,0.2664425990091454,0.26675806880942937,0.1054408511433461,0.0818279953489994,-0.62077394676312,2.099790249138644,2.100418685061289,2.0995025170673496,12.197795396859572,12.199322938885182,12.196040501580834,0.5610908219554596,-0.5198393037975151,0.407575602081838,0.039928304941368634,0.12836621440932228,0.1284905294822589,0.1283963594374277,0.26681105119613885,0.2667810313406891,0.2666989796015638
20.0,90.0,110.0,0.0,0.1866843517886527,0.1846857422315867,0.185835741908229,-1.8138914463928733,-1.8279872558638828,-1.8673298140569146,1.4824020293093554,1.4816313323737937,1.4814199725622015,32.58309449910175,32.58269191910788,32.582061585777325,0.7088879274287126,-1.824588487784622,0.20970480315074108,0.9001578623308206,0.4176188778141177,0.4172082701303296,0.4169474124477863,0.18602113240460313,0.18591068333755206,0.18598226418261932
50.0,50.0,120.0,-90.0,0.1451509821389629,0.1416669809869161,0.1433064148256704,-1.1869957097261232,-1.2138046014622452,-1.305348747490746,1.1423831570870149,1.1433217964402569,1.1399394160831366,34.28873229057367,34.28034661596444,34.261445364466695,0.6550978623088364,-1.2898443299705071,0.5053546238445881,0.5001232744822476,0.4162330231567367,0.41574352730626923,0.4157396131491739,0.14372928500998772,0.1434150402531404,0.14326893867328383
20.0,50.0,120.0,-90.0,0.1098833711271844,0.1073638368838946,0.10855472590193455,-1.655049334559038,-1.6818456689159555,-1.7090159583906548,0.871402765165426,0.8732478985677188,0.874027243188297,34.36459444496654,34.36652990192033,34.35293588078901,0.6589999117431412,-1.6862166448024658,0.204593211997455,0.5001617147065294,0.4176427407922952,0.4174317356855774,0.41741283819262853,0.10859335247414256,0.10892284940275739,0.10867218293916914
0.0,90.0,120.0,-60.0,0.1706792780954053,0.1689178600191078,0.16985236819355176,-2.070773532927237,-2.077550240254656,-2.076464151650317,1.358833442572426,1.357329531075375,1.3599175062625557,35.203820202743245,35.19690494202767,35.19131250994703,0.7100186213408364,-2.0547907259973175,0.017933442871458507,0.8994439942856012,0.44437143706057763,0.44455800705223514,0.4442820363332102,0.16988480584489168,0.17005284834387505,0.17021275035184807
100.0,0.0,50.0,90.0,0.2670286047860792,0.2664432897396936,0.266758527609908,0.1052139087353585,0.0811712626174774,-0.6210752335792534,2.099810515720925,2.1004172778480283,2.09949937573503,12.198704321263623,12.2002108579025,12.196922353772557,0.5610908219554596,-0.5198393037975151,0.40767205137281365,0.040065886706507264,0.12839901997409328,0.12852125991522598,0.12842666379826284,0.2668125723612581,0.2667795409610119,0.2667001376140373
50.0,50.0,100.0,30.0,0.1669617758745695,0.1659459878722398,0.1665211393213087,-1.1515932887517093,-1.1640776706187477,-1.3053216333472464,1.322360280476906,1.3240384284625606,1.3221483063028,28.870723468390295,28.86624398247761,28.853898291087305,0.6550888176419655,-1.2898374651384217,0.5049100173581609,0.49999084686159206,0.3572934972536625,0.35726836085576524,0.3572559556049957,0.16668832190304494,0.16665877812764954,0.1664511798921704
20.0,20.0,30.0,-90.0,0.1069859076132031,0.1057425333249913,0.10650111536236678,-1.2449635919984356,-1.2925446784284085,-1.5078152280265575,0.8436740651481932,0.843234717477799,0.8425613423601452,9.17657571457514,9.1750689150949,9.168235100354748,0.6161892839987793,-1.2736345302657475,0.08874795136920632,0.13356525021252622,0.12637936637597755,0.12634249213662832,0.12623513022608304,0.10660112035983592,0.10646471749848022,0.10651625312295246
50.0,20.0,0.0,60.0,0.1780224280193472,0.176815257959824,0.17737060187216402,2.07004017997845,0.2240107911381915,-2.0912958678706075,1.3996944604561883,1.396773306112481,1.4014677571177239,2.162807380942583,2.1586420280400267,2.157519416739524,0.6115535893142118,-0.8927449704416845,0.0005052472331625636,0.14766025075687542,0.07051471612198046,0.07044937548908588,0.07026564816949325,0.17712011588025262,0.17734430073398463,0.17772256126597263
0.0,100.0,120.0,-60.0,0.1868393958421362,0.1852130032517577,0.18610673604875394,-2.0620537595283994,-2.070846453712426,-2.0704084697411513,1.4898781175210771,1.4842968077683385,1.4869968414336405,35.39403445051118,35.394525896503,35.38485108583907,0.7218538886445574,-2.031982021541107,0.02578192877854931,0.9989157172954104,0.4508672932824347,0.4506563714436563,0.45078963808015654,0.1863260816434033,0.18597367226355024,0.18666892467326257
20.0,50.0,10.0,90.0,0.1897356500727804,0.1872136126692941,0.18869359414406608,-1.1855601080366382,-1.4247340880039032,-1.8601250644353096,1.4887274083756088,1.4896140299304144,1.490961743714536,4.631802709247606,4.629975247624475,4.629591538447767,0.658991099436022,-1.6861926913303058,0.05111686142419124,0.21514636542049356,0.09868642201359544,0.09863536768745784,0.09863803279237307,0.1886014549524988,0.18887799622474777,0.18876873054995272
50.0,20.0,100.0,120.0,0.1385897614798109,0.1355628417851523,0.13717077778212586,-0.7369304419864523,-0.7518772377590426,-0.9021407757704433,1.0841917818917624,1.0861891500946725,1.0854805795992521,27.999948951083113,28.002636906706478,27.99212054069943,0.6115535893142118,-0.8927449704416845,0.503616832975903,0.2000994251854269,0.3305650147184971,0.3306323093751097,0.3303990308527491,0.1372250437337583,0.13739104091130575,0.13713369185469965
0.0,50.0,40.0,-90.0,0.1534493476843444,0.1530516374345139,0.15324381615844002,-2.0937340911404205,-2.099460751073701,-2.095197085102534,1.215353009827926,1.2157676946638676,1.2128328501517454,12.864575334724448,12.854453917453034,12.857279579621476,0.6596926834628473,-2.0626994163718564,-0.00013883317446871824,0.3394875377863543,0.18554218774780723,0.18543107437425435,0.18540791935746417,0.1534876854025409,0.1531661691692609,0.15310580954869105
0.0,100.0,0.0,90.0,0.2681429274305023,0.2663489491154945,0.2672330509755607,-2.0270465626266554,-2.061524368821477,-2.0913829050085204,2.108666876938369,2.107046596428418,2.1082242187269826,3.218154777211139,3.2155824213558253,3.2103277202501124,0.7218526699760112,-2.0319799578528905,0.0010662811519097004,0.3327640715446946,0.10482387745456549,0.10459704729659625,0.10461811046104814,0.26720796003346325,0.26715003607397203,0.2673648386890995
50.0,0.0,30.0,90.0,0.1663862083321688,0.161018138268573,0.16443456653934205,-0.0013669494095217,-0.1257053363033922,-0.7645810803604325,1.295475342034023,1.2964362080522045,1.2952677702318651,7.555762689191271,7.554631031846877,7.554808511315493,0.5786783317088385,-0.5219133872819157,0.1643831696894375,0.04070080465278183,0.08627953526290776,0.0862394510668785,0.0863393539109555,0.16457737359808852,0.16455375578779904,0.16443168953981663
0.0,20.0,40.0,120.0,0.0821958074396423,0.081178149973012,0.08171114862861328,-2.074556242861917,-2.0914834616150104,-2.084527107494101,0.6515318728848105,0.6484559158724044,0.6518559792653168,12.003579235693708,11.998592490132548,11.995604934269611,0.617145342061956,-2.0150473293853004,0.0016147573356879218,0.15369170870709728,0.15735222624352055,0.15717862697634827,0.15723065024832,0.08159213153028771,0.08164143747004876,0.08199908946764062
0.0,20.0,30.0,60.0,0.0894462040664233,0.0862071008552208,0.08795342744113643,-2.0483014804637234,-2.127720841429172,-2.0854606874522785,0.6947687733690534,0.7066839084872383,0.6979873814953916,9.360959152582383,9.36380444879121,9.347747564473057,0.617145342061956,-2.0150473293853004,0.0014547512233845268,0.13506514948511425,0.12987169154816613,0.12960531837155273,0.1297331703706091,0.08836044008416256,0.08879480234118628,0.08731592395031573
20.0,90.0,100.0,30.0,0.199453460942324,0.1978275963857262,0.19859777069760554,-1.804487841123548,-1.8193780083111328,-1.8673394027938164,1.5794850307048065,1.5809294061364372,1.5822422017458226,29.96420323741403,29.965177892782556,29.94253481484079,0.7088879274287126,-1.824588487784622,0.2096523269829517,0.9000754040282265,0.39092163115484097,0.39073681624006534,0.390497848259629,0.198519791705917,0.19889010696833045,0.1986889805532129
20.0,50.0,110.0,90.0,0.1175177768567615,0.1156863769598791,0.1165824102881369,-1.6544828967229803,-1.666632426099517,-1.7089755190123936,0.9328356954344668,0.9373028481517616,0.935288554577163,31.667508882453227,31.684556088089547,31.673790883922315,0.658991099436022,-1.6861926913303058,0.20450024154016885,0.49999313805273,0.38866265451831433,0.38872403807229705,0.3885209548955844,0.11670448722716904,0.11699824384107337,0.11644070834970846
0.0,20.0,20.0,-90.0,0.0955348371265108,0.0939143395473376,0.09461988063078247,-2.064226908938683,-2.0911646314219534,-2.085023998197265,0.7482529437609813,0.7507891119734874,0.7497181874058889,6.650160854345023,6.658891624664205,6.642290519865738,0.6170824180914063,-2.0145374786321515,0.0011372583174065387,0.11255359919583209,0.1003127680094351,0.10053310055925696,0.10018592980714326,0.09466622175666795,0.09480732624735493,0.09451023185489846
50.0,0.0,40.0,60.0,0.1587062198236125,0.1564314107495202,0.15795974952704628,-0.1884954878616873,-0.2319100694813489,-0.7044233166545415,1.2443647764280752,1.2442817403750555,1.2445402371895546,10.581724921940037,10.5792521692475,10.578594880203324,0.5786783317088385,-0.5219133872819157,0.22511960649276233,0.04128627598447057,0.12148616395901309,0.12135513288956849,0.12128680238396729,0.1579909249125314,0.15800951398439247,0.1580185987070369
20.0,0.0,70.0,-30.0,0.0577882513676692,0.0566255549937214,0.057256020520068514,-0.6355769982962796,-0.6859929546833938,-0.7531209267356416,0.4535743287398462,0.4529931543161118,0.4534388870583923,19.386947910861338,19.384330275412413,19.375439748638353,0.5841886748566842,-0.5231776395156407,0.14936096068347496,0.03488278375770465,0.22389786285482582,0.2237995984839903,0.2237866776449531,0.057288690618628464,0.05726825087931877,0.05734492752462237
20.0,20.0,70.0,30.0,0.0832381136318047,0.0828298714976662,0.08305954651477747,-1.314927708077302,-1.3336451551078234,-1.415569973507502,0.6623362538341423,0.6641817623141035,0.6614059793583503,20.001707387071267,20.004662089766903,19.993709810815936,0.6162442654560011,-1.27379193074638,0.15248465061564387,0.18874121808385474,0.2440345048466565,0.2439757348580058,0.2438667521658302,0.0832432765209834,0.083108550588395,0.08287977840803185
0.0,90.0,70.0,120.0,0.2407670161527797,0.2392934171206878,0.24003773722739172,-2.0806921886487006,-2.095931359049172,-2.088899690274168,1.902797250907381,1.9036251824752424,1.9043615999691328,22.238229129957325,22.239219636516797,22.22965616252209,0.7100174044766513,-2.0547884519709454,0.005659282131155765,0.8998388519804021,0.31439358797317435,0.31445732450973557,0.3143300044285732,0.23998786974040093,0.24018835614772072,0.24008460495116804
0.0,100.0,20.0,-30.0,0.2679090572566162,0.2675175347861953,0.26771480131580616,-2.0684820860818958,-2.0743298553452627,-2.0838808433027864,2.116881221616128,2.1139641069660415,2.1131015274170344,8.739281961508603,8.73345490973602,8.727206069016432,0.7218526692162915,-2.031979956259456,0.005744557965777282,0.5350248231926255,0.16753163476110708,0.16750672456158133,0.1674881918432318,0.26791814465108277,0.2674352160639731,0.26780389782628533
20.0,90.0,60.0,60.0,0.2245157436082125,0.2238354430624913,0.2241258156364522,-1.7895515020073125,-1.7943523767441116,-1.8861833382612714,1.7738565121071348,1.7771405118036898,1.777689172307968,19.130471456395895,19.15032067181499,19.13606249964545,0.7088879274287126,-1.824588487784622,0.15178700358808694,0.7163388550071486,0.2735686829662147,0.27363555030969294,0.2734574895180691,0.22395147302618504,0.22443415985242104,0.22401949897323029
100.0,0.0,70.0,-90.0,0.262109904598773,0.261519761575832,0.26195627712150715,-0.0940470760533206,-0.0991736154748381,-0.5780590723147664,2.0620594094898297,2.0631761961666535,2.0614624277596114,18.221733260239347,18.21788972713835,18.213479271692375,0.5610663662023283,-0.5198778121773823,0.6272275417936752,0.03424184034367543,0.20070497870718626,0.20048388356783653,0.20047071792309545,0.26207304632510336,0.2619812927308423,0.26185376029660873
50.0,0.0,0.0,-30.0,0.1674913827015373,0.1475315718534988,0.15807842979632905,2.6857739916267493,0.4279651231074233,-2.0910245052243925,1.2499397702396329,1.2462493780154056,1.2516569425493311,1.963749835421679,1.951947847494056,1.9570883088499762,0.578678330719033,-0.5219133860019811,0.00045205410563354723,0.11770252620196146,0.06305989554517995,0.06264422002741264,0.06274875703544995,0.15809717624863617,0.15831874261621295,0.1587655084277747
50.0,0.0,120.0,30.0,0.1130014759972151,0.1114351307779237,0.11232174175237467,-0.3984951405590974,-0.4198303858612005,-0.5234759557684027,0.8856108515808558,0.8853738924069889,0.8842825619188099,33.00391649566131,32.999352076488506,32.98879505412767,0.5786783317088385,-0.5219133872819157,0.503828062652053,-4.867691420238892e-05,0.3746645474482814,0.37478454130793487,0.37477944517935435,0.11252148961166068,0.11234923041880605,0.11239513613037791
20.0,50.0,110.0,-90.0,0.1174638140623146,0.1156762810753102,0.11658015928360037,-1.6550284082823243,-1.6664505802527492,-1.7089721053150448,0.9330256206371398,0.9370938824384106,0.9353389348992148,31.66771468145589,31.68432934137088,31.674469702911406,0.6589925218435142,-1.6861966451209969,0.2044993696198028,0.49998189114569447,0.38866317369663195,0.3887142533273237,0.3885236628253421,0.11669939103320177,0.11697640932589563,0.11646934572782675
20.0,50.0,110.0,30.0,0.117517714665202,0.1156863336016098,0.11658235232996775,-1.654486757482348,-1.666632901730598,-1.7089779296763452,0.9328353921347438,0.9373022901507578,0.9352881191875593,31.66750973335105,31.68455657393585,31.67379146394678,0.658991099436022,-1.6861926913303058,0.2044988549762814,0.4999933865011441,0.3886626749701355,0.38872405911010294,0.3885209783508088,0.11670443016623668,0.1169981712677099,0.11644066774735387
0.0,50.0,0.0,60.0,0.1896355937133144,0.1881207639930692,0.18882974535205438,-2.08332081843966,-2.097241478084979,-2.0912401952189383,1.4915629944657423,1.4890038567909347,1.4882357084722235,2.2760723946525996,2.288761364575063,2.2741960881592185,0.6597422425592191,-2.0628742020185755,0.0005728327471735784,0.16599446636176213,0.07427811800827204,0.0743573330244071,0.07417707828889455,0.18901184487745049,0.1885947062618859,0.18892986846718204
0.0,50.0,10.0,-60.0,0.1798387775896675,0.1787515207510952,0.17924919987805824,-2.0837582998243773,-2.101043571369828,-2.0921414074806517,1.4122500277517116,1.4173114942012544,1.417186237770729,4.921951899236681,4.916244403916737,4.918287749188243,0.6597312353494399,-2.0628430159546194,0.0005825152396440636,0.2168229458061529,0.10197317983554699,0.1021225828700212,0.10229975685348712,0.1790708069733413,0.17972241293185004,0.17904594142009617
20.0,20.0,80.0,-30.0,0.0781552326407345,0.0775852403323947,0.0778623644799234,-1.3069165010339874,-1.3251665768469785,-1.3923535904666335,0.6230172101077105,0.6231548699116328,0.6220099912922493,22.722320232333082,22.72138400654929,22.714846753398035,0.616244265207726,-1.273791929527505,0.1649243188151918,0.1946162189384655,0.2738546823080577,0.27407648163437126,0.2736319169696134,0.07797247090204801,0.0778560502773087,0.07782480431477554
20.0,90.0,60.0,-30.0,0.2246056028815736,0.2239535624702137,0.22421115250779805,-1.7886783953672385,-1.794528959784801,-1.8855915837422923,1.7743490295204665,1.7781676833625737,1.7783236765571047,19.130978802044652,19.151523297234807,19.137431695157872,0.7088879270038517,-1.8245884868408262,0.15228463316907928,0.7165739904373476,0.2735769258776648,0.27365645814213185,0.27344333536463733,0.22405293366318238,0.22455481020400347,0.2240718922091188
20.0,90.0,0.0,-90.0,0.2679551966514326,0.2665641325651307,0.2672355115056763,-1.976708182902128,-2.0085798356917275,-2.091425441665094,2.108851927978841,2.105258905711023,2.109926962737172,3.218063923662916,3.214071908986751,3.215980247248127,0.708810576050407,-1.8244511862840782,0.0010591850882680886,0.3327287312467461,0.10465887576064127,0.10461155559245285,0.10464524253121674,0.2669989152243274,0.2671360459556098,0.2676084773658549
50.0,0.0,50.0,-90.0,0.151938811017473,0.1504670501191007,0.151370409822628,-0.2817784727845296,-0.3027561393601606,-0.6703440344924235,1.1925705504932858,1.191778889018468,1.1929674344592014,13.460419538687468,13.460444536343623,13.460074812575343,0.5786397873313023,-0.5219701042549798,0.27656107036831123,0.04093159773139306,0.15417820347993566,0.1541980543556015,0.15427254303790613,0.15130911045929119,0.15136622653618115,0.15146446673781042
0.0,100.0,90.0,-90.0,0.2264685974509726,0.2247655267962696,0.2257078661833779,-2.0778734636414047,-2.0850268260863785,-2.0836061071041043,1.7964902152342912,1.7929505532249959,1.7922723043292768,27.615125906367588,27.604048867510603,27.600466033380986,0.7218403861899337,-2.0319531503252097,0.012432986509531296,0.9999414728973435,0.3722537099287591,0.372104468970885,0.371850616804376,0.22597982608395695,0.22545393858009258,0.22589342243237492
20.0,50.0,110.0,-30.0,0.1175177397948761,0.115686346727048,0.11658236696583806,-1.6544825013590554,-1.6666328076151298,-1.7089753208151235,0.9328353668721944,0.9373025253703939,0.9352882603113917,31.667508330421562,31.684555267149708,31.673790463992834,0.658991099453761,-1.6861926913881298,0.20450035296525323,0.499992720853787,0.3886626298080755,0.38872402213619933,0.38852094261276426,0.11670444455282955,0.1169982053930476,0.11644066915106452
20.0,20.0,100.0,-30.0,0.0728818561138649,0.0702274439049324,0.07149809641312228,-1.2180032684201758,-1.2647513352612538,-1.3023864243018553,0.5737414214512007,0.5753848165630414,0.5728044889332073,28.165869153310606,28.165406304413985,28.156839747180427,0.6162442653852378,-1.273791930397987,0.20335869320087682,0.20004945351431513,0.3335948646927269,0.33369170594559794,0.3335191468390534,0.07177837576783508,0.07165893502673139,0.07146127553516812
0.0,90.0,20.0,90.0,0.2590125847514768,0.2585677738390347,0.2587608916248232,-2.08877825927425,-2.0933262453879977,-2.0912544011481597,2.0435659899645664,2.0433239285963944,2.045235933348447,8.62409819762879,8.627286270073597,8.616784327212342,0.7100174044766513,-2.0547884519709454,0.0017151863465054136,0.5063419107687688,0.16392065358545596,0.16408332430444872,0.16402522925765817,0.25861203425433005,0.2588252486497399,0.2588568409282535
0.0,100.0,10.0,120.0,0.2683885930144646,0.2666199092694763,0.2674538820797012,-2.056694029931613,-2.074857347714781,-2.0850845024584146,2.1110245225864857,2.1078942047016302,2.1145604473396333,5.967214993350525,5.9642038952870635,5.963826116983659,0.7218526699760112,-2.0319799578528905,0.0041326892178803025,0.4336701822233081,0.1358295996508942,0.13569395625313646,0.135785990209929,0.2670253474831032,0.26748630554876424,0.2678500475605699
20.0,0.0,10.0,0.0,0.0869968936949644,0.0665742836283127,0.07663897538106963,-0.2116698874450895,-0.7486362900466857,-1.2607838708223078,0.6894234662919483,0.6876040729726023,0.6848264783156957,3.21519253797128,3.221624012683203,3.230280995618972,0.5841886751953623,-0.5231776405480634,0.028966586234184865,0.04301729289140962,0.06087376131538214,0.060717702771535466,0.06081211897473884,0.08731906830038487,0.08672137037897726,0.08691813370604475
50.0,0.0,80.0,90.0,0.1364525231313192,0.136048976755926,0.13626177355002228,-0.3761399351386081,-0.3840583340221892,-0.5918913213747901,1.0742794991720872,1.0731762346657832,1.0723815411221416,21.875300488297043,21.860768083938268,21.855513478743788,0.5786783317088385,-0.5219133872819157,0.40549879098919905,0.027725471789332337,0.24917449539104167,0.2488892163933802,0.24906476728094076,0.13638747704508003,0.1361233364179228,0.13629462331381145
90.0,20.0,80.0,-60.0,0.2441023134904646,0.2438542176548225,0.24400041400360653,-0.4025951269161534,-0.4049422803776401,-0.7784847596739984,1.9231088862212409,1.9239245478534446,1.923059726895496,21.89998405714756,21.901752239640143,21.888222553979915,0.5984955233893727,-0.7371523339086236,0.7287609867070063,0.18983595369521045,0.2581840381370726,0.25809185186980366,0.25801277330282313,0.24405067195687294,0.2440458922918818,0.24393693622581755
0.0,20.0,20.0,120.0,0.0956272854473843,0.0939491288308339,0.09472933881609524,-2.061763492255648,-2.091569387817048,-2.083099090316064,0.7480619191397353,0.7520583035628163,0.7510124148847462,6.653645882433551,6.651604837029476,6.641157849543821,0.617145342061956,-2.0150473293853004,0.0013555855810988462,0.11275049982145215,0.10024840765620785,0.10039664648105015,0.10023215408649441,0.09469668919879529,0.09504249750222804,0.09454860869804993
0.0,50.0,70.0,30.0,0.1314939881372193,0.130988150797341,0.13119245894395376,-2.093598592933497,-2.104046985027295,-2.0973056205679645,1.0466050056597382,1.0450347032013334,1.0440240776458036,20.866307343324685,20.864958306714772,20.855048157154133,0.6597422425592191,-2.0628742020185755,-0.0008687012512919184,0.4251634924045901,0.27134461712972746,0.27107946969191515,0.2712137130450927,0.13135878320720074,0.13103488037293945,0.13123075542215523
0.0,50.0,90.0,-30.0,0.1267840828781025,0.1254201161210014,0.12602324788535976,-2.065217389192956,-2.0912773922266927,-2.0796150625666563,1.0067941465552115,1.0071606281058738,1.007761273914698,26.370348738387218,26.364852661994586,26.363849249725874,0.6597422424185999,-2.06287420150778,0.0081053851248048,0.5000114259804974,0.3324764840150568,0.33243365177325956,0.3324739298725945,0.12603267681862845,0.12613999583199476,0.1261057867540044
0.0,100.0,0.0,-30.0,0.2681423638963171,0.2663642769163381,0.2672330064805965,-2.025428357865336,-2.06072658323144,-2.091381457758955,2.1084425753138705,2.1068641466025047,2.1086193014320314,3.2187606069143437,3.215129848774908,3.210667747130387,0.7218526690441925,-2.031979955897199,0.0010676305418597365,0.3327701810348114,0.10483854130817041,0.10460285217568424,0.10463487136883712,0.2671582726097881,0.26717625365760833,0.2673876198146781
20.0,0.0,120.0,0.0,0.0484044257284424,0.0419966277146968,0.045057803156081835,-0.3773851995761081,-0.5607654458965701,-0.5184258900127418,0.3708402895260033,0.3688675514321144,0.37075462593654185,33.1085884143071,33.10564389577818,33.0944326659441,0.5841886751953623,-0.5231776405480634,0.20379704876250615,0.00011060274925855382,0.3773465103064038,0.37711460159267307,0.37712568577311995,0.046868736836873356,0.04685331790556974,0.04707317255238116
0.0,100.0,50.0,90.0,0.248017365018602,0.2476560000701818,0.24782060903549286,-2.0891730687972307,-2.092561218776558,-2.090975133475254,1.961066190630814,1.9637093600585447,1.9616445974546746,16.765847380815632,16.77100824922045,16.748951889712703,0.7218526699760112,-2.0319799578528905,0.002944511362674579,0.751862514190282,0.25420945991785054,0.25402979524086206,0.2538796128578619,0.2478939896763848,0.2479719998986554,0.24761922776401174
0.0,90.0,60.0,60.0,0.2195104917354249,0.2190884984236131,0.21933751818469152,-2.0936958102393546,-2.0986403574728483,-2.0947845517765322,1.7388911695122522,1.7384296499507854,1.7394410042987085,19.188610279494135,19.182491943906722,19.16912964117812,0.7100174044766513,-2.0547884519709454,0.0001678734572733543,0.7186871906022085,0.2747041053220834,0.27460325149720294,0.2742330932715094,0.21928840043430722,0.21937677817843873,0.21940365751191915
90.0,20.0,70.0,0.0,0.2536443315568693,0.2530366475234211,0.2534157921482573,-0.3443518773162877,-0.3488988424222056,-0.793373871886209,1.9967940686109886,1.99821966404162,1.9965575382758927,18.996490425557223,18.992392898808596,18.9861805173752,0.5984987239536121,-0.7371513072756187,0.6564734918197777,0.18152232342728772,0.22471214664848232,0.22469748905714165,0.2245892332251085,0.25351148267454815,0.25347783232339405,0.25329673433108896
100.0,0.0,90.0,-30.0,0.244220992633089,0.243963709324058,0.24413093449506643,-0.2014784690082185,-0.2058275415378952,-0.5473850360741986,1.9199180780238472,1.9228540324771741,1.9222684164720554,24.043855884924383,24.050285776805595,24.042534829778965,0.5610908217842204,-0.5198393036993163,0.7842863820365573,0.018663463302916055,0.2687265594888186,0.2686343710350092,0.2684952278334501,0.24407075628026284,0.2443602109568113,0.24398146759722403
20.0,50.0,20.0,120.0,0.1805430996063412,0.1786815237287,0.1797015953381954,-1.4280440156629617,-1.5190919950171653,-1.7945084006019596,1.4200779227420208,1.419497482009738,1.4206234770395425,7.362845688601113,7.3553290065848556,7.352990793548348,0.658991099436022,-1.6861926913303058,0.08004133165749065,0.2592835641027612,0.12660074714124098,0.1264066092611299,0.1264966752830087,0.17966789819407653,0.17973676305215935,0.17980424390416816
50.0,20.0,70.0,120.0,0.1474923249459311,0.147097048366078,0.14732946693016735,-0.7461570403914449,-0.7501998847624185,-0.9837113946127617,1.1649816055928865,1.1649130111088175,1.1634987996235395,19.75778538589692,19.75330733692832,19.745093260732933,0.6115535893142118,-0.8927449704416845,0.37801886633175014,0.18725344272128813,0.23927677930253707,0.2391574599001625,0.23911321261877133,0.1474617986281294,0.147271488182215,0.14728310433399203
0.0,90.0,50.0,30.0,0.2286156155639866,0.2282099430686553,0.22841325785965488,-2.093446163031625,-2.099182330562081,-2.094226418715585,1.808849001394148,1.8086463205943437,1.8096851646973577,16.530680777260873,16.532298179687974,16.518605376970005,0.7100174044766513,-2.0547884519709454,0.0004454419947753843,0.6722828092744357,0.24653912532297156,0.2463224168649994,0.246406339809944,0.22834312495571565,0.22845608877755189,0.22845438757298336
20.0,90.0,90.0,30.0,0.2137273247776086,0.2121434156329474,0.21289221944155906,-1.7985616052678848,-1.8073644886631015,-1.8673745988485722,1.6921534677325663,1.6934380986450024,1.691824037306324,27.339971742174136,27.34865199965185,27.348499544773606,0.7088879274287126,-1.824588487784622,0.2094474366414542,0.8999483602395222,0.3640335518277243,0.3641608300298827,0.364098253783854,0.2130447653340963,0.21298605883601712,0.2128493992769866
100.0,0.0,0.0,90.0,0.268374469581066,0.2664122553864591,0.2671044983011482,3.140685947320418,-3.1366784099635563,-2.0913642528115717,2.1065466101788646,2.1083150723194684,2.1084598928184013,3.2630223331632733,3.256800586042098,3.259018556359141,0.5610908219554596,-0.5198393037975151,0.001090746712222021,0.33759447392666886,0.10631449820841912,0.10613106168765798,0.10630317068519332,0.26713192257392754,0.267373339131847,0.2671458923244134
20.0,50.0,10.0,30.0,0.1897612973531328,0.1872435072794193,0.1887172808593475,-1.185464168186089,-1.4240354364600332,-1.8599860396487509,1.4889774807846583,1.4898089204262153,1.4911085620645967,4.631411045352369,4.629624237581117,4.6291988061667375,0.658991099436022,-1.6861926913303058,0.05115483667377907,0.2151674121021484,0.09869125107716906,0.09863412468649502,0.09863103483448935,0.1886325734824109,0.188896839713944,0.1887938520001819
100.0,0.0,120.0,-30.0,0.206114016482957,0.204596667687414,0.20533894059994798,-0.3034973054310882,-0.3149702633956567,-0.5233491457786019,1.6168848769365922,1.614350764641758,1.618783449974836,32.70408690593469,32.70119760433766,32.69176240722298,0.5610908220696195,-0.5198393038629731,0.9054945776166855,-0.00023070581612023028,0.36909915018404416,0.36898503163282786,0.36882266909980965,0.2051360978343446,0.20539267491588814,0.20568223260012994
90.0,0.0,70.0,0.0,0.2588652438297654,0.2583015084095443,0.2587007569824592,-0.1016707982277138,-0.1067209264555025,-0.579089892630836,2.0367773833646323,2.0373706656453185,2.035695864966862,18.253993049617645,18.25263776516119,18.24554408456235,0.562745350766241,-0.5203297715459044,0.6215250047902617,0.03457295536856115,0.20136200966399487,0.201243610395454,0.20129768693264896,0.25883335236368094,0.2586854604115809,0.258625344459154
0.0,100.0,60.0,0.0,0.2391330070589668,0.2386782784899174,0.23888832426169979,-2.088480633037228,-2.095637078132493,-2.091644650020196,1.8923454462099654,1.8939334432227781,1.8929516197410456,19.419645465483526,19.42348431987598,19.406763666230226,0.7218526699760112,-2.0319799578528905,0.002704565368642166,0.8045326373067279,0.28227771008746205,0.282134050709809,0.2816886297320822,0.23891550068753975,0.23901407924738924,0.23878681135857885
0.0,100.0,90.0,90.0,0.2264533594495106,0.2247490324721953,0.22571016967600488,-2.077866197523598,-2.0848137990663984,-2.083600281009584,1.7964951667599545,1.7930065845974057,1.7922073908761087,27.615110749006043,27.603692155098404,27.59994677645006,0.7218526699760112,-2.0319799578528905,0.012435677779265034,0.9999470458261521,0.3722519607613336,0.37211038878559455,0.37184918094378416,0.2259879603798968,0.2254531356269193,0.22588603525585768
50.0,50.0,60.0,-90.0,0.1882703641049928,0.1878897340914517,0.1881388406626418,-1.0940521646804042,-1.100667212914706,-1.3597018861015162,1.4878048692176256,1.4889901978628297,1.4896600451860254,17.85918612854495,17.85949861226868,17.852194159626677,0.6550552472660262,-1.2898043466333258,0.3569016739969991,0.3948521016298962,0.23629899161715326,0.2364540072567861,0.23639699759152963,0.18803185243760492,0.1882771171292574,0.18813018498683326
0.0,50.0,100.0,-60.0,0.1173505956024438,0.1155712306757502,0.11637065385019561,-2.0782450892185684,-2.090601806697875,-2.0847014622813624,0.9362991065263327,0.9335320822162199,0.9298256640391335,29.024873692453436,29.018852396336108,29.010534926370553,0.6597413813195548,-2.062871670728803,0.005976815587257903,0.4999956258232365,0.3601367958172835,0.36007520928337433,0.3598612159798564,0.11688957624087676,0.1160808900228325,0.11644737102229971
0.0,90.0,30.0,60.0,0.2483763549601735,0.2478804000694779,0.24813123314351035,-2.0915757535492423,-2.0955655804687248,-2.0923386911780812,1.9628839965759353,1.961141812800229,1.9609075697888982,11.25477953126078,11.251826626322874,11.249658231726949,0.7100174044766513,-2.0547884519709454,0.0013375119960426566,0.5665304032817468,0.19126834952958321,0.1910841734964124,0.19109439392255867,0.24823672185765538,0.24799077972446917,0.24819759740723848
0.0,90.0,100.0,90.0,0.1940268662113964,0.192623010886373,0.19333523713434253,-2.0802970362845348,-2.09519943691351,-2.0881891459976494,1.5413700416217702,1.5402793580544336,1.5379970208375313,29.994468899139346,29.987360472631707,29.980966949347607,0.7100174044766513,-2.0547884519709454,0.007306132920039473,0.9000325328871073,0.3913753524137591,0.39132569332213657,0.3909866211675295,0.19365774413711073,0.19323775083977657,0.19337405183718034
100.0,0.0,40.0,-90.0,0.2675607219184974,0.2661307778016909,0.26671063604509254,0.3172761346381323,0.2338082182497738,-0.6691681225633694,2.099492060425429,2.099997648331431,2.0991856956517583,8.978413849897409,8.97303245684389,8.97517664670274,0.561047530696515,-0.519908199617825,0.27600196190617526,0.04098223940412906,0.08756913058219361,0.08761842771610157,0.08776244531683265,0.266760618376267,0.26672495579482497,0.2666597326269165
20.0,20.0,10.0,0.0,0.1278706056874553,0.1149582576551394,0.12124776228638479,-0.6401402091890923,-1.3727779215267408,-1.6616206880261484,0.9584415391583566,0.9592882463912683,0.9589016688485296,3.644090817954277,3.641114359685037,3.642600172638043,0.6162442654560011,-1.27379193074638,0.04057593444890815,0.08839077998617226,0.0678793336512277,0.06771705125304861,0.06775264241056339,0.1214807565402932,0.12153688811776295,0.12142496554587143
0.0,50.0,0.0,0.0,0.1896886808171504,0.1881509211736066,0.18885787555071556,-2.083329248963331,-2.097662724056284,-2.091254637664458,1.4915964072788974,1.4890606238541537,1.4888031702932938,2.2758211836711197,2.2878979336449765,2.2747021980244866,0.6597422425592191,-2.0628742020185755,0.0005706229034551925,0.1660427832690926,0.07428462077422177,0.07436120812743346,0.0741958480168302,0.1889965374785085,0.18864689853857336,0.18897592853098488
100.0,0.0,80.0,120.0,0.2531247993726802,0.2526107693800394,0.25290035269774386,-0.1578911913933466,-0.1614674742507574,-0.562561852427122,1.9913632748792387,1.9902152362138852,1.9907578414514946,21.156000043927005,21.15659889531373,21.1553197255698,0.5610908219554596,-0.5198393037975151,0.7107780212603234,0.02772958850593451,0.23506878493612493,0.23504903428193324,0.2348944066099692,0.2529039048208047,0.25284123965235555,0.25298220106748176
50.0,0.0,50.0,120.0,0.1525152338154599,0.1509957277799358,0.15194249931447942,-0.280171090783169,-0.3022452623405757,-0.6705001847169081,1.197162862916335,1.1960441343414734,1.1976546610058532,13.458442034060768,13.456104429448747,13.45648229780515,0.5786783317088385,-0.5219133872819157,0.27752027297290294,0.04112325276007322,0.15413561958780805,0.15413610428557784,0.15422340974819312,0.15185989633571553,0.15192960727765167,0.15206954131667116
90.0,20.0,0.0,0.0,0.2673904634266155,0.2668361707132364,0.2671304046773692,3.1403056343253284,-3.1371033509719832,-2.091376660183659,2.107492532292178,2.107479028550021,2.1089455449268955,3.2632691909250835,3.2606735925328687,3.2608348017291022,0.5984987239536121,-0.7371513072756187,0.0010729111244041209,0.3374066151622286,0.10607844450808632,0.10607335901116903,0.10598056884731419,0.26709314170925114,0.2672827602971502,0.26728201909014426
0.0,90.0,0.0,-30.0,0.2681359213608033,0.2663425503511694,0.2672158455262682,-2.0383328383710397,-2.0708365694834967,-2.0913521886514026,2.1087179539781618,2.1078668673692342,2.107248989345336,3.2133648822922285,3.214436724889022,3.2102624596189773,0.7100174035436505,-2.054788449889195,0.001074621613106654,0.33272023923930527,0.10473268295585138,0.10455544204392304,0.10459296041590715,0.26732469116732294,0.26714234749518606,0.2672493643864055
90.0,0.0,10.0,0.0,0.2688890104346185,0.2606156298565715,0.26622396004779236,3.14090432648132,-3.13449877073422,-2.2564981195891396,2.098745805367674,2.1004044686006993,2.1026792737053186,4.598885198864361,4.602688073685919,4.5946974189522205,0.562745350766241,-0.5203297715459044,-0.052401707176514954,0.3427959298373166,0.11452101858094665,0.11460770957550205,0.11453702628844518,0.26599579330135786,0.26650028041678064,0.26628075437498994
50.0,20.0,90.0,-90.0,0.1378832651531795,0.1374011502584877,0.13763301522635543,-0.7456262774557306,-0.7497007145757213,-0.9232598673793546,1.088147949435791,1.0885570817668486,1.0892608688594274,25.22636707400759,25.224910984551713,25.219856944883784,0.6115407696686914,-0.892746283762109,0.454302950983523,0.19173670996305778,0.2994071543466463,0.29951735796141205,0.29949361541170094,0.1375645910714115,0.13771215578580226,0.13766674259158934
20.0,20.0,70.0,-60.0,0.0831952556181787,0.0827855084623027,0.08301505754730863,-1.3149178810217226,-1.3335820103013365,-1.4154559345627638,0.6620669503658759,0.6638836874715918,0.6609364069166412,20.00143582446408,20.00353323586491,19.992632634172583,0.6162399432444343,-1.2737787701508383,0.15241485634183025,0.18861036968343037,0.24402534542845777,0.24395999860257434,0.24384885113125082,0.08321493884878457,0.08305374749358846,0.08282979304611707
90.0,0.0,110.0,0.0,0.2250643231900114,0.2218643336442634,0.22356885674297283,-0.2642637994981134,-0.2728567222695126,-0.5235228276865886,1.759717060084659,1.7603986198123451,1.758306993529804,29.790469896550885,29.788069407574273,29.78678973506156,0.562745350766241,-0.5203297715459044,0.8948950132830599,-2.3646392703785133e-05,0.33507135786268205,0.33503706482247986,0.3348528589185592,0.22377302794650664,0.22359783073213146,0.22351595745305858
20.0,50.0,0.0,30.0,0.1963658010906397,0.1950639985508684,0.19571157629369046,-0.5964453807719474,-1.297497193535838,-2.0913512042944924,1.5409197385595386,1.5448163102091608,1.5455544992097099,2.3745094996932194,2.3647060847103885,2.3747668024251216,0.658991099436022,-1.6861926913303058,0.0005991316389099434,0.17889026489935636,0.07728909432002463,0.07706586386018242,0.0773498648521242,0.19548337697445745,0.19608380472430154,0.19558556117937798
50.0,20.0,10.0,0.0,0.1931230312297679,0.1810427019509438,0.18686523378580255,0.882439446206747,-0.1018492073690551,-1.7497434043098985,1.4769799177401635,1.4733573969216611,1.473041709382066,1.7739735206855605,1.7815848153377722,1.796899728380684,0.6115535893142118,-0.8927449704416845,0.041227834758798425,0.10958835717953881,0.05363214024723353,0.05379007551794801,0.053644279928230974,0.1872443343822174,0.1867758855654871,0.18722634314571174
20.0,50.0,100.0,0.0,0.1264096313237244,0.1251040663950461,0.12573466382300266,-1.6424727977954727,-1.6570732832016275,-1.708925840255038,1.0061339835664787,1.004929131053468,1.0058343711725057,29.009242933650498,28.999163217622108,28.995819707712883,0.658991099436022,-1.6861926913303058,0.2040650528149156,0.49999747357937757,0.35981158788010426,0.35954848952668234,0.3598445526202556,0.1258181382407911,0.12574133837339527,0.12591231702440203
0.0,100.0,70.0,30.0,0.2612249012435214,0.2595221124362047,0.26025739203065146,-2.076686627786591,-2.086405506012826,-2.084444283293084,2.0620685129909977,2.0633379165383494,2.064165817884578,22.495769707635233,22.493971478359914,22.476381262914128,0.7218526699760112,-2.0319799578528905,0.010827421273574807,0.9999079389284875,0.32215515993613186,0.3222628164380277,0.322075212150224,0.26018355467080984,0.2604512236161347,0.26028743006000965
50.0,0.0,20.0,90.0,0.1795286243089998,0.1625458838079663,0.16925348162368004,0.4814389243794968,0.0702196233861203,-0.9765928229686727,1.3528631565535063,1.3516030499168024,1.352258012860866,4.476710952071052,4.487366729271544,4.45164143214106,0.5786783317088385,-0.5219133872819157,0.0900829725434614,0.04997209217510985,0.05792806363422537,0.05806080392681895,0.05772508916645583,0.17171938633303294,0.17166594426407678,0.17172374171444782
0.0,20.0,0.0,-90.0,0.1179356446717053,0.0987487630953226,0.10856111749505415,-1.9493117865342715,-2.101845324942302,-2.0883631460042023,0.895748637828647,0.8953665127374962,0.8966487616410339,1.8845867219339452,1.8922998746974773,1.9109838132593415,0.6170684970949059,-2.014432190577693,0.0005475280610808542,0.06626964311512434,0.05698969773582465,0.05685680351490094,0.05716707934408195,0.1135473771882774,0.11360631336703426,0.11364731482952109
0.0,20.0,80.0,-90.0,0.0599130484211583,0.0591893995167848,0.05959729404377873,-2.070198789493095,-2.115030281793964,-2.093323757750887,0.48239176687744734,0.4821233739083502,0.48288346586254083,22.75606510777429,22.75403884637665,22.750090474431307,0.6171250212575344,-2.0148769109938764,0.0005706205084128979,0.1956193244166775,0.27439119512213106,0.27433007003873516,0.2743794082460525,0.059587940427938746,0.05966248266272496,0.059677455768725136
20.0,0.0,40.0,90.0,0.0681819937224132,0.0648893429967292,0.06687574092658038,-0.6833260429456763,-0.7718766896211882,-0.9187887651568262,0.530689847782817,0.5309961747460836,0.5268361035171085,11.221561171560685,11.218615862978634,11.198164442486123,0.5841886751953623,-0.5231776405480634,0.09839282412386825,0.04109745167941986,0.13376119831501673,0.1341031412144672,0.13357964069535652,0.06732482176357918,0.06682987540814574,0.06678950476038989
100.0,0.0,30.0,90.0,0.2835575743399869,0.2602810267750852,0.2678584421199592,0.860902987379204,0.4635336056660369,-0.9875674590023945,2.121016007048519,2.1176890420567474,2.117686379134011,5.49111731026378,5.484557536779542,5.479363594982884,0.5610908219554596,-0.5198393037975151,0.10934003903821227,0.059718600832688935,0.046596054698148724,0.046887429597286014,0.046914156464747434,0.2692665751529587,0.2688796944793241,0.2693038860618092
0.0,20.0,70.0,-60.0,0.0648716369775476,0.0644729345865084,0.06466598966452865,-2.088362632893531,-2.1013337473634963,-2.0934150706498036,0.5211734652246152,0.5207961302961089,0.5192500021202481,20.06643613862896,20.05806400183739,20.059793062180358,0.617141105716653,-2.015019115541949,0.00041924935220838855,0.18944057257370173,0.24484237148504917,0.24485001422333313,0.24477210038382824,0.06483631156655864,0.06459433295288944,0.06464961677075111
50.0,0.0,90.0,0.0,0.1317288350087398,0.1314851452491586,0.1316387917886838,-0.380741726911879,-0.3871617056083306,-0.5672000325622718,1.036701053336015,1.0363350556970645,1.0371847931760196,24.6409761152725,24.631856018266202,24.63378010107899,0.5786783317088385,-0.5219133872819157,0.4411124975964548,0.01924657728623016,0.28042227521141794,0.28022970406520537,0.28041774201960284,0.13158851214281553,0.1316621495608572,0.13171257474999823
50.0,50.0,0.0,30.0,0.2292720231517993,0.2285103227875776,0.22894747729023718,1.600802898016654,-0.1615071418889142,-2.0913869193556254,1.8102484314432268,1.8038048946000995,1.8045091268519518,2.777482038082166,2.78705315562634,2.774676903171051,0.6550888176419655,-1.2898374651384217,0.0007983902583054241,0.24601171842500677,0.09062025415982727,0.0908696785564598,0.09043506812997723,0.22919679461996165,0.22847324526802612,0.22929323439113625
20.0,50.0,80.0,30.0,0.1354739483827682,0.1348693452891703,0.13517646409121264,-1.6386050857639949,-1.6464758554115042,-1.7188759908934812,1.075822021180609,1.0765526416155327,1.07809853480411,23.52551656086939,23.537017114220117,23.51569750258461,0.658991099436022,-1.6861926913303058,0.17814143231695423,0.45059595343890413,0.3000592962490505,0.29992380791630746,0.2998008934979104,0.13502576832798832,0.13535382049814632,0.1352376296161254
0.0,90.0,30.0,90.0,0.2483613493317813,0.2478623876749171,0.2481174791271207,-2.091129271119226,-2.095185798563508,-2.0921343977628233,1.9627749180585365,1.9610323301664512,1.9607957652200636,11.254616873863593,11.251433368621923,11.249465212421294,0.7100174044766513,-2.0547884519709454,0.001452892400967371,0.5664831472469505,0.19126465239270035,0.19107761693061057,0.1910888122869324,0.24822310676271206,0.24797694985376378,0.24818353905599036
0.0,100.0,100.0,-30.0,0.2118608459309687,0.2100385079215409,0.21107131266346352,-2.0714357745909124,-2.091246769074623,-2.0835717822641513,1.6782472664816703,1.681366224558659,1.6792510660774729,30.21229484809915,30.217065758125546,30.210906769805835,0.721852669906344,-2.0319799577079523,0.012548984946257963,1.0001180367320444,0.3982463127776047,0.3984867876330323,0.39790531750420094,0.21119849366128704,0.21133099135905892,0.2109507015390952
0.0,50.0,40.0,-30.0,0.1534865648062634,0.1530891520781164,0.15328283612147975,-2.093466417217708,-2.099271189062234,-2.095057466686917,1.215660304649679,1.2160952726332874,1.2131220152375113,12.865033523441685,12.854863919565249,12.857653105242477,0.6597422419883194,-2.0628742000707403,-9.14583022376851e-05,0.3396050974127861,0.1855602009365508,0.18544771772727892,0.18542320316525218,0.15352894444661216,0.1532053211525716,0.15314238240699413
50.0,50.0,30.0,-30.0,0.2174339740798745,0.2140432369878368,0.21612152585984998,-0.784380475645305,-0.8787001810649434,-1.4129195318685746,1.706182066543561,1.70694133516056,1.7062233076198632,9.345697592917883,9.346044394525011,9.34367121959934,0.655088816930196,-1.2898374635486014,0.23342352647675524,0.28822260490493823,0.14349560553816343,0.14330202754530516,0.143316784784348,0.21620382863133608,0.21621240711854867,0.21610905703369682
20.0,90.0,110.0,60.0,0.1866843516174337,0.1846856935572639,0.18583570393205934,-1.8138914140426383,-1.8279872565162725,-1.8673281788289762,1.4824017735781931,1.481631112394062,1.4814197544877779,32.58309324187261,32.582690454088066,32.582060999726465,0.7088879274287126,-1.824588487784622,0.2097064344838565,0.9001570676738523,0.4176188313061271,0.417208223026643,0.41694737619827393,0.18602110245990877,0.18591065774672397,0.18598223424909474
90.0,0.0,90.0,90.0,0.241409971692167,0.2411756264986652,0.24131546759307698,-0.2071912362341391,-0.2098439815581652,-0.5482320644433432,1.8990257293426858,1.9004881353752276,1.8990725008428384,24.07236309042586,24.07203877809192,24.059503253639225,0.562745350766241,-0.5203297715459044,0.7764950345587444,0.019139414256406796,0.2692338440338091,0.26905038340207577,0.26887620938751466,0.24138707162786532,0.2413835635616295,0.24119800604283248
90.0,0.0,100.0,60.0,0.2376201860402639,0.2371340033523588,0.23735881529476818,-0.2185469510675508,-0.2207317126742188,-0.5188323299567887,1.8678037967367962,1.8678008681343292,1.8684115529470298,26.85527034672575,26.84986516895927,26.841206729597307,0.562745350766241,-0.5203297715459044,0.8516923703668655,-0.00403393475494173,0.30011024442040585,0.2998262043672192,0.2999256003169937,0.237315735057583,0.23738715470978763,0.2373932476062789
50.0,50.0,90.0,60.0,0.181949804544751,0.1796522336480631,0.18094477519894678,-1.1210319300434024,-1.1368575305538398,-1.3054027784432396,1.4330995847412957,1.4347581511098713,1.4364805705077368,26.158336768366258,26.162407174353397,26.15377994863598,0.6550888176419655,-1.2898374651384217,0.5044093751903385,0.5001255130763768,0.3289902044488188,0.32885833076087007,0.32888205160690653,0.18082297738253528,0.18124431801693328,0.18102533878958796
0.0,100.0,110.0,-30.0,0.1987929407743307,0.1969478382377858,0.19789328482446403,-2.075862045488694,-2.0866252229855897,-2.083558399224392,1.5773704825846848,1.5775026029833359,1.5777620177688696,32.797373909680324,32.792933306189056,32.792255668126785,0.7218526699936433,-2.0319799578892472,0.012600182970104174,1.0000586145057098,0.4240747429198071,0.4242207287044729,0.42388136304766955,0.1979889586264931,0.19802445963967852,0.19802259428017327
0.0,20.0,80.0,120.0,0.0600357023628679,0.0591218944273706,0.05965640823462391,-2.063362407383659,-2.11699212284057,-2.089724253475297,0.4815687561717901,0.4844075614105604,0.48246926668933426,22.763643542604427,22.762945434528593,22.750321948882235,0.617145342061956,-2.0150473293853004,0.0012786221672892674,0.19579951303221224,0.2744907446365786,0.2743605691305511,0.2742221579615825,0.059722095114622585,0.05986004181768435,0.059472398377505176
20.0,0.0,0.0,-60.0,0.089272375896885,0.0591904432411299,0.07517366773337736,0.3689629268484339,-0.6131988484591516,-2.08092471561487,0.730685221985251,0.7309103186672746,0.7295479271405565,1.9349080445077285,1.9230173654780343,1.922826976785857,0.5841773072595704,-0.5231793544669343,0.0004530207615165242,0.05583752021774563,0.06063282793165126,0.06046122412284836,0.06040522774963465,0.09252027851226349,0.09236387154679336,0.09232993726351348
90.0,20.0,50.0,90.0,0.2676745383071612,0.2664886210911038,0.26700493053329216,-0.1485395954683258,-0.1705078778705613,-0.837279007709623,2.103618904156613,2.104393983078911,2.102652881472802,12.974431479962353,12.969891754407689,12.968694997399119,0.5984987239536121,-0.7371513072756187,0.46849240910057277,0.1521447900758892,0.15399705567005176,0.15407627323167175,0.15391429914275967,0.26711437230840746,0.2669904870820918,0.2668913052876374
90.0,20.0,90.0,90.0,0.23566328208388,0.23519604392231,0.23540165029116128,-0.4420262975541582,-0.4437102820150151,-0.7636194589748777,1.8556247636508476,1.8556510586938773,1.8563077560790553,24.752204552635522,24.741806452714982,24.73737721375232,0.5984987239536121,-0.7371513072756187,0.7942216044344484,0.19430279861081898,0.290446018284222,0.2902784370450109,0.290415441479509,0.23534848142123704,0.2354322836462381,0.23544137511645413
20.0,90.0,20.0,60.0,0.2652195140511804,0.2640814765955174,0.2647481504384612,-1.573840691836945,-1.6562394867324537,-1.907823894233585,2.0910153938767344,2.0908094910780406,2.0912550143959234,8.460281354871718,8.455848412650871,8.451732093160292,0.7088879274287126,-1.824588487784622,0.09461263424446857,0.5020888004142523,0.1618531554033313,0.1617349668679433,0.16167647200456206,0.264741476792666,0.26477161936730625,0.26479062165620815
50.0,20.0,20.0,90.0,0.1870857545915246,0.1783830058942943,0.18354595049428984,-0.0223187463287057,-0.34960345398218,-1.221576277919567,1.4484900424497422,1.448841982711239,1.4465325061582845,5.146851341690249,5.147375344514807,5.150583249134601,0.6115535893142118,-0.8927449704416845,0.12863705361884362,0.10859682770551206,0.07698247981168008,0.07688893756916426,0.07699491855695469,0.18387908732918812,0.1836307022157315,0.18358387050810104
50.0,20.0,60.0,30.0,0.15363005400067,0.1530840941876953,0.153436307350936,-0.7168152368596828,-0.7246660798867689,-1.004171983656219,1.2114802932904067,1.2127878582286928,1.212028501108044,16.993477917238444,16.98967604743384,16.986109288732482,0.6115535893142118,-0.8927449704416845,0.3394478894296737,0.1769263212263704,0.20869631452921172,0.2085899198058384,0.208522487646548,0.15346542576214142,0.15352485859572682,0.15335843547522734
0.0,90.0,0.0,0.0,0.2681389700414233,0.2663436136692441,0.26721415385945835,-2.039045359090078,-2.0708956549494784,-2.091353289237888,2.108768359553128,2.1079293414293114,2.1071239480594666,3.212789112492876,3.214529323162375,3.2097725968789192,0.7100174044766513,-2.0547884519709454,0.0010735189888186748,0.33272227303943885,0.10473621349201848,0.10455448131237566,0.10458682723616564,0.26733917464393314,0.26713493893736623,0.2672401883385095
20.0,50.0,20.0,-90.0,0.1807270009623443,0.1787214196568172,0.17989608073964047,-1.427493574843709,-1.5162931341388983,-1.7940151441434704,1.4220488236202085,1.4208528129626417,1.4219067977830842,7.364419982748911,7.3555088493843686,7.3530126615879805,0.6589283461647958,-1.6860274310419896,0.08029146702052095,0.2596177836268997,0.12669860828849425,0.12645417241840223,0.12654226233663896,0.17989533542756803,0.1798728056111641,0.18002382821405868
90.0,20.0,40.0,-90.0,0.267413155290984,0.2664805556797455,0.266977816328446,0.0218759892153998,-0.0412022420348634,-0.8835025057403517,2.103070571778959,2.1037566063493314,2.101944244454692,9.81859209180135,9.815295581691554,9.815095454932706,0.5984539737488127,-0.7371969973526687,0.3474058482036752,0.13112401259914444,0.11631588893516472,0.11632316295741807,0.1163930785064654,0.2671040533198304,0.2669562615406994,0.26688011703352077
0.0,100.0,60.0,-60.0,0.2391364375954467,0.2386798260581376,0.23889175318217518,-2.089154370104969,-2.0962899867058584,-2.0920709379016365,1.8923785104415392,1.8939192985046334,1.8930142219228039,19.419474642850293,19.423390624768885,19.406814911033667,0.7218477754690127,-2.0319716753696575,0.0023618001594369795,0.8045436961927388,0.2822661248965658,0.2821302887986045,0.2816901367875968,0.23891514755564103,0.23901679063088468,0.23879564936963074
0.0,90.0,50.0,60.0,0.2286497614944514,0.2281803496504547,0.2283818237489334,-2.093561843620382,-2.1004649648269926,-2.0943682603630007,1.8088922611809113,1.8084763412699647,1.8090999542645283,16.531593577074524,16.532299262642837,16.51862769863184,0.7100174044766513,-2.0547884519709454,0.0003482100123572393,0.6721540954930331,0.2465469102672576,0.24628686443755166,0.24639127809304334,0.22835691435165686,0.22838972907191268,0.22841417418612492
100.0,0.0,50.0,60.0,0.2670260649839515,0.2664427257694156,0.2667588048778867,0.1052799139587964,0.0814317842431628,-0.6209701215876097,2.0998097882529914,2.1004166087398892,2.0995036615174207,12.198368508564986,12.199892421146014,12.196609075233972,0.5610908219554596,-0.5198393037975151,0.4076386600940998,0.04001767135356438,0.1283876824362555,0.12851035960994164,0.128415401380878,0.2668123723087112,0.26677999977852357,0.2667005485908968
100.0,0.0,50.0,0.0,0.2671500845697531,0.2664429799141536,0.2667576913384648,0.1055117457874705,0.0820745482344279,-0.6206681915956815,2.0998657037849533,2.1004206769518823,2.0994173658360613,12.19711923962028,12.198930545419143,12.195792757677955,0.5610908219554596,-0.5198393037975151,0.4075410348714728,0.039880078221233274,0.1283509622515363,0.1284849711594855,0.12838949786996448,0.2668207407419859,0.2667709870291184,0.26669910566784366
100.0,0.0,70.0,0.0,0.2621880241048387,0.261575150123507,0.2620259519353967,-0.0938957619909596,-0.0992403630666491,-0.5781441442011362,2.0626110803817785,2.063725825991685,2.062014750326244,18.221395900118264,18.21752257119203,18.213097068955456,0.5610908219554596,-0.5198393037975151,0.6273784044715471,0.034305359473518024,0.20070146394270513,0.20047975481374497,0.2004666460952753,0.26214289703565324,0.262051148169476,0.26192390149112527
0.0,50.0,90.0,0.0,0.1267834494450389,0.1254197874092465,0.12602277730830297,-2.065409739025061,-2.091591953218787,-2.079799955747215,1.0067757099606662,1.007072924747632,1.0078723481462712,26.36963562643308,26.36431648758219,26.362391908345884,0.6597422425592191,-2.0628742020185755,0.008012093975265627,0.5000094950704249,0.3324775011325344,0.3324370553437282,0.3324807617390791,0.12601818840122297,0.12614338090131966,0.12611654519250842
20.0,50.0,90.0,-30.0,0.1369353211992556,0.1351571930899934,0.1362263642502238,-1.6261750894650993,-1.6523961744035969,-1.7088946399297058,1.0880916083859165,1.0845137062230528,1.0866515792933076,26.343155137543857,26.338937088095204,26.337271843965446,0.6589910992763709,-1.6861926908098923,0.2036505982584484,0.5000164571474452,0.33218952918857264,0.33208237427683396,0.3320771160441131,0.13628524380855922,0.1361204787146795,0.13655453946006507
0.0,100.0,20.0,60.0,0.2679086516780301,0.2675176561334857,0.2677136003477615,-2.068693118343984,-2.07458681102771,-2.0839593593242474,2.116857845388521,2.113951226924215,2.113115753358678,8.73926120774789,8.73349665360574,8.72724385714666,0.7218526699760112,-2.0319799578528905,0.0057023041907286,0.5350236397234283,0.16753084364506834,0.16750602985378635,0.16748783742400977,0.2679144326886716,0.2674364053892414,0.2678035894389196
90.0,0.0,10.0,-30.0,0.2686482029021568,0.2604349654329516,0.26619566193279565,3.13801270073258,-3.1374116143303725,-2.2558997076558773,2.09884614047828,2.0998617917104543,2.1023271307095257,4.605486686203974,4.613371045559107,4.6012850420617255,0.5627453498342916,-0.5203297709991594,-0.052214620292402245,0.34315640369665257,0.1147342680355988,0.11469245200569035,0.11453976240219063,0.26597623593297887,0.2664176737911057,0.2662799668853368
100.0,0.0,20.0,90.0,0.2879440268329097,0.2537632968205793,0.2659476242013226,2.764303034908543,0.8135013546088459,-2.463894471847609,2.0922037353753566,2.0966712029436083,2.1001042897000457,3.841934292824066,3.8611248874449493,3.873934399289642,0.5610908219554596,-0.5198393037975151,-0.08142831034093229,0.17727305422860518,0.07244301173116716,0.07230434090898392,0.07281115499415165,0.2655717931575811,0.266565350954535,0.2660042267749943
50.0,0.0,120.0,-30.0,0.1129973491226522,0.1114323470347407,0.11232188338265843,-0.3984950993254406,-0.4198303808392122,-0.5234693618914894,0.8856104066408914,0.8853752709041537,0.8842903632342421,33.00387998907592,32.99936319215359,32.98881046017653,0.5786783318188136,-0.5219133874241295,0.5038298868314725,-5.2835371873366646e-05,0.37466414651911856,0.3747848458658435,0.3747790812211828,0.11252125760840058,0.11234992426727118,0.11239560531834919
50.0,0.0,80.0,-60.0,0.1360843119166107,0.135688014548437,0.13589625188971846,-0.3769988445356159,-0.3852708201408554,-0.5922149876148207,1.0713720696442384,1.0703083378570648,1.0695413794375976,21.87709221047779,21.862356395529588,21.85724296178372,0.5786752653535314,-0.5219146766958127,0.40446380681002037,0.027789770026261186,0.2492358593983774,0.2489162793566072,0.24911679067913164,0.13601874397673425,0.13576205838988936,0.1359286822333863
50.0,20.0,90.0,60.0,0.1379042311725201,0.1373578554253813,0.1376019986719607,-0.7484311277977288,-0.7540016523485659,-0.9264190693706026,1.0892746026225364,1.0885270019666728,1.0876132931310454,25.234924271746024,25.230509218461474,25.221640257463793,0.6115535893142118,-0.8927449704416845,0.45384760036554433,0.19323047263583723,0.2996045621959215,0.2997441521569415,0.29965220562949973,0.13771446099226156,0.13751415811482554,0.13762283322946126
50.0,20.0,40.0,90.0,0.1686646997014664,0.1662170933407784,0.16792994396809843,-0.5729577840539584,-0.6176520016198108,-1.052253343227231,1.3246436144544174,1.3259881709015526,1.3253694112625019,11.318979574302576,11.318805202371706,11.311594917158097,0.6115535893142118,-0.8927449704416845,0.25192182180555533,0.14727026410246033,0.1452247433566854,0.14516991499395782,0.14514708453986208,0.16797144914192008,0.16805231204921933,0.16788165829456161
20.0,50.0,10.0,0.0,0.1898399061335373,0.1873157968976802,0.18879559549491945,-1.1845989890483577,-1.4232342618834917,-1.8598040242793945,1.4896012172630209,1.4902693005551826,1.4918918570695856,4.63214788474266,4.629802677483944,4.629668776549788,0.658991099436022,-1.6861926913303058,0.05122445381148383,0.2152785250378846,0.09872627825147517,0.0986602223659709,0.09866257668304687,0.18869085698015878,0.18897619086982603,0.18889294938107312
0.0,90.0,100.0,30.0,0.1940267679801276,0.1926228978071085,0.1933352297644214,-2.080325696233792,-2.0952311162411448,-2.0882122311049174,1.5413701622345541,1.540279673124699,1.5379964590445903,29.99447221102326,29.98736429367102,29.980951714038845,0.7100174044766513,-2.0547884519709454,0.0072852760581587,0.9000326846327107,0.3913753341057059,0.3913256072161114,0.39098641452742683,0.19365779014494514,0.19323774557019469,0.19337399407812617
20.0,50.0,0.0,90.0,0.1963680468836058,0.1949435487830921,0.19568776619495193,-0.5963659661553135,-1.3003267914668657,-2.0913426560386985,1.541344958421071,1.5447030516494404,1.5446536265963173,2.373290989456981,2.3659480171267897,2.37135517299007,0.658991099436022,-1.6861926913303058,0.0005959544168670982,0.1788427126017541,0.077272009728287,0.07705346512422369,0.07729001267554768,0.1955514504490789,0.19597665089100239,0.19555075294422575
50.0,50.0,80.0,-60.0,0.1750689796304945,0.1743175895730256,0.17468949511808418,-1.132856950075532,-1.138479242153465,-1.324994608343387,1.3840622654087282,1.3843651086066309,1.3856138325125023,23.327779278393187,23.329448031914872,23.324516171078457,0.6550858099253404,-1.2898338802526184,0.4304609129523269,0.44399131253503143,0.29610601040895385,0.2962041584164557,0.29627459042933196,0.17459479865943417,0.17478661071708942,0.17475655619341024
20.0,0.0,90.0,120.0,0.052906904479234,0.0522957492713232,0.052604867299865576,-0.5492231748959453,-0.5741821300117209,-0.6327006836701152,0.4164598947602164,0.41686092680362596,0.41438918469029185,24.834175844554206,24.831194096685405,24.823820962526373,0.5841886751953623,-0.5231776405480634,0.17802078585932374,0.019488378439299115,0.2842545587529106,0.284373244277452,0.2839695820202454,0.0528489257388811,0.05256775035645002,0.052524722357685495
90.0,20.0,110.0,-90.0,0.2190494653255489,0.2178805046002123,0.2184832754172509,-0.4934777567892784,-0.5044605750822055,-0.7416030206507909,1.7242440022124932,1.723271213206869,1.7228367056625984,30.430807572287986,30.433833647553303,30.419044352021903,0.5985001134864143,-0.7371500221205072,0.903611621912866,0.19997784058516763,0.35449682768659085,0.35462166950125434,0.35440089657652163,0.21861991679654677,0.21846506302659882,0.21857754893270406
0.0,20.0,120.0,0.0,0.0433898260242899,0.0416894531679044,0.04254953969858256,-2.04734509244986,-2.0871061220687386,-2.0662607536209086,0.35340098867479613,0.3564558298296376,0.35816449209345297,33.64650505496845,33.640992145557746,33.639708074384366,0.617145342061956,-2.0150473293853004,0.007163427147472026,0.19994903506256462,0.3942127538588325,0.39443028698352295,0.39417881849020797,0.042600119918367305,0.043187616864857635,0.042794077038979215
90.0,20.0,40.0,120.0,0.2674727234169606,0.2665757248016677,0.26698074366362573,0.0215015367795481,-0.0450091463514819,-0.884361092005762,2.1031933348680085,2.1035266113417093,2.10211532629571,9.823266610938136,9.81777033776221,9.817250400228069,0.5984987239536121,-0.7371513072756187,0.3476619772562208,0.13158508873310723,0.11644811116094109,0.11642323705764515,0.11649363795496813,0.2670881361528055,0.2669464325388651,0.26691300578654914
0.0,90.0,60.0,30.0,0.2194237093537873,0.2189889382487994,0.21924468772670935,-2.0941988690184,-2.0991116603033646,-2.095115242712826,1.7381632895933263,1.7377201961788715,1.7386867595994997,19.18786707855299,19.181110472914053,19.167942111221173,0.7100174044766513,-2.0547884519709454,-7.01847358110759e-05,0.7182836600973259,0.2746731231913998,0.274562453665119,0.27419485633456253,0.21919872484836034,0.21928393427684037,0.21930792446189948
50.0,20.0,50.0,30.0,0.1607741686367562,0.1597203021725596,0.16036662017473965,-0.6629322455222378,-0.6808974133284861,-1.0260570318114919,1.2642872678380526,1.2677769869533548,1.2665996067174607,14.185798924002887,14.185056024374749,14.188540418196315,0.6115535893142118,-0.8927449704416845,0.29811419239886644,0.16383799263020618,0.1773489623364448,0.17747882006308197,0.177617796343755,0.16033526277160642,0.16063243375657005,0.16019219755534223
0.0,50.0,120.0,60.0,0.1014096672846254,0.099795580139239,0.10054763502902384,-2.059427403577949,-2.0971535831677945,-2.0808622388487845,0.8112050628237668,0.8113291963043747,0.8111009350580477,34.38397828416404,34.377140228520766,34.378560107414756,0.6597422425592191,-2.0628742020185755,0.008501365049364691,0.5001319536421882,0.41788068663182576,0.41796539719756715,0.4174589297716825,0.10071620094724144,0.10072608589605167,0.10069183830271604
20.0,90.0,20.0,30.0,0.2652099463584348,0.2641266622529717,0.2647984194208748,-1.572807271358304,-1.6551718677722187,-1.9074529743575548,2.0915909868144484,2.0909663863856984,2.0916931145761883,8.460229193994104,8.454649694284642,8.451560339790673,0.7088879274287126,-1.824588487784622,0.09481613124095101,0.5021433100767659,0.16185550944504912,0.1617203872867801,0.1616626846566227,0.264784730058932,0.26479819740723015,0.2648699745011586
20.0,90.0,30.0,30.0,0.2542036007384123,0.2534426240957006,0.2538466625117808,-1.6784518839710545,-1.706986973711118,-1.8943517306196092,2.0063419550777706,2.0055922559923425,2.007307078583792,11.137755650454649,11.139900432539196,11.138188158447136,0.7088879274287126,-1.824588487784622,0.1141889535645821,0.5630309567869375,0.18934549781368162,0.18959502624573868,0.18939293823840764,0.25374122143722283,0.25387307394897374,0.25397649675407985
0.0,20.0,40.0,-90.0,0.0821300478588259,0.0811133850656456,0.08165066706550815,-2.078516356887118,-2.095134065374484,-2.0873678881340547,0.6509952725120521,0.6480271850794198,0.6513745638989732,12.002181853204041,11.997135394453696,11.994409972190141,0.6170967845790041,-2.0146433166037463,0.0011755225820308727,0.15355434271743879,0.15731301697081573,0.15713680686783532,0.15717765584394822,0.08153029396432361,0.08158881678514363,0.08193057698892361
20.0,20.0,70.0,-90.0,0.0832665737743627,0.0828610267044425,0.0830872554140094,-1.3146553119935471,-1.3337364773794536,-1.4154582577637482,0.6624653448942345,0.6643593249643007,0.6617339821964546,20.001524277601796,20.005385278682162,19.9944934702307,0.6162171270422618,-1.2737114860556615,0.15256048432409103,0.18879088497394056,0.24403504909578713,0.24398234583751038,0.243874831143678,0.0832558052447742,0.08314727830123719,0.08291126848814108
20.0,90.0,70.0,60.0,0.2476463336304877,0.24593022447007,0.24690525728928536,-1.7652448795907647,-1.7802662661557325,-1.8686304605554682,1.9567049788450717,1.9564833806775321,1.9584593388987284,22.19619996284465,22.19657327008761,22.189226264763484,0.7088879274287126,-1.824588487784622,0.2073811859346925,0.8999182146251485,0.3139209430305439,0.3137777376436563,0.3136713649761118,0.24680528629725365,0.24703523969647234,0.24704876382953833
20.0,90.0,50.0,90.0,0.2338227154972832,0.2332589488376867,0.2335804491786685,-1.7652861854060988,-1.7740471812489094,-1.8871706525210976,1.8495694533027627,1.84991710059496,1.848945527422421,16.46864532882459,16.473385585472624,16.462967556025358,0.7088879274287126,-1.824588487784622,0.14118404318477853,0.6701028555575314,0.24559324716006217,0.2456509039224969,0.24518049340297643,0.23364399410566045,0.23358620662639254,0.23353528936194354
0.0,50.0,100.0,-30.0,0.1173513772238781,0.1155686917645706,0.11637060491787601,-2.0784710878814834,-2.090850816949056,-2.08490436386191,0.936285338606494,0.9335361445618777,0.9298344913093054,29.02492275247017,29.019005844886443,29.010586300315722,0.659742242487615,-2.062874201787382,0.0058749469753825315,0.49999666075829996,0.36013709152181744,0.36007684334093853,0.3598627261850416,0.11688824738291193,0.11608259766996705,0.11644666208148416
0.0,50.0,20.0,30.0,0.1706176209478677,0.1696087990762073,0.17012101305194946,-2.0898385825597345,-2.1050228965717004,-2.093603716902279,1.3468213648741312,1.3433832234735381,1.3445219163722801,7.551546363254997,7.538324418157534,7.545855114844448,0.6597422425592191,-2.0628742020185755,0.00028284418599022835,0.26247729790344254,0.12930286428284127,0.1292256993450145,0.1291731775945344,0.17018858564653175,0.16988503393902726,0.170326519292853
20.0,50.0,60.0,30.0,0.147184810022632,0.1465609827016704,0.14690687917629125,-1.6446718583160014,-1.651625148582342,-1.749243855156014,1.16699057222331,1.1673838357514703,1.1659570840887847,18.1427214171115,18.146036676648208,18.134110177006495,0.658991099436022,-1.6861926913303058,0.14371607941272466,0.399028862380452,0.24140324544318378,0.24138408925404892,0.2414281854105514,0.1470278574503043,0.1468986486663527,0.14684730286678235
20.0,0.0,20.0,120.0,0.0755061721430394,0.0733101328399151,0.0745887772828037,-0.6011018684976351,-0.7233236967859501,-1.0574137945925643,0.5894077990227033,0.5892796017898362,0.588921011193074,5.689662676726878,5.687516736865624,5.68605822162214,0.5841886751953623,-0.5231776405480634,0.055750471393806025,0.03307225456134843,0.07297212412426486,0.0728725991914102,0.0730690321362084,0.07466790352555827,0.0745873090967044,0.07463585859365443
0.0,50.0,120.0,90.0,0.1014099174026679,0.0997969070890578,0.1005477522783239,-2.0593865627813965,-2.097086153811871,-2.080796706691304,0.8112100004185042,0.8113336069137552,0.8110935938305973,34.38394094576668,34.37710709060904,34.37855689940132,0.6597422425592191,-2.0628742020185755,0.008534195163840548,0.5001327893263987,0.41788485525084984,0.4179653190853236,0.4174601572756587,0.10071740657369413,0.10072564528673203,0.10069158285616872
50.0,0.0,90.0,-60.0,0.1315927792371606,0.1313534594134465,0.13150283077415317,-0.3808245322949224,-0.3871899127402163,-0.5670755267258133,1.0356409582618926,1.0352485991402898,1.0361163881363085,24.64113573713847,24.631996285227476,24.63403761002145,0.5786763337986354,-0.5219142202327521,0.44066020431024744,0.019171455882827666,0.280420989941678,0.28023265869346176,0.2804151301902707,0.1314519943694809,0.131524795278754,0.13157831265768263
0.0,50.0,100.0,0.0,0.1173501587885651,0.1155734624859556,0.11637082975407749,-2.0780756621947565,-2.0904236207797537,-2.0845583532384646,0.9363382752771303,0.9334981651362865,0.9298207808657113,29.024857378408697,29.01872578262462,29.01065796365865,0.6597422425592191,-2.0628742020185755,0.0060486079705025075,0.49999556269239354,0.3601361921480106,0.360072111460745,0.35986137842408367,0.11689032013891439,0.11607596617321027,0.11645178671688028
0.0,100.0,20.0,-60.0,0.2679137774440765,0.2675150414422118,0.2677149960270389,-2.068091007266712,-2.0741947189391645,-2.0837681845734624,2.116962008537717,2.113963830888499,2.1130230083170596,8.73951812473317,8.733691175793071,8.727123774028847,0.7218430284866713,-2.0319647951486064,0.005804555451749549,0.5350222933657354,0.16753301075815677,0.16750010999837484,0.16748605416822182,0.26792858916098833,0.2674253958121978,0.2678042283275059
100.0,0.0,10.0,30.0,0.2690419204245584,0.2638846593833177,0.26676497835361906,3.132921161705899,-3.141425791281,-2.2567408811498932,2.104229304959971,2.104488501289652,2.106833649185136,4.598625146542481,4.599779628896422,4.592562492288771,0.5610908219554596,-0.5198393037975151,-0.05237460921357733,0.343944032021499,0.11472741927448274,0.11466104377967717,0.11454335544969263,0.2666352087250284,0.26696314440740193,0.2669223919271961
50.0,50.0,30.0,-90.0,0.2170852585240101,0.2138706891718326,0.2159354138508301,-0.787287642948775,-0.878725328288221,-1.413017995036211,1.7047170559796283,1.7052271465934152,1.7049227379971155,9.345794764286905,9.345810959499074,9.342898221400029,0.6550352852312082,-1.2897850591113342,0.23316272804792398,0.2879533558907034,0.14348067330403505,0.1432288528741337,0.1432650574710796,0.21599146101602656,0.21601801512082747,0.2159454121247222
90.0,0.0,20.0,0.0,0.2864385059007359,0.2542193624561962,0.2659390786570332,2.7968578191034243,0.8197072237759712,-2.4687118143869475,2.091883913738552,2.0972300086398494,2.0996830288811856,3.876860648774632,3.89397753048384,3.8994981528891386,0.562745350766241,-0.5203297715459044,-0.08301645339793674,0.17869603556198627,0.07307537696958416,0.07296656076732033,0.07332611146397697,0.26561132780134594,0.2665945213168411,0.265909178417521
0.0,100.0,10.0,60.0,0.2683829933950978,0.2666285516000449,0.2674556327015559,-2.056689629753426,-2.0746022060249074,-2.0849958014099683,2.1110420875919176,2.10809222127223,2.1143673865028005,5.966819773979412,5.963975964350589,5.963212367123684,0.7218526699760112,-2.0319799578528905,0.004168295396517238,0.433674732108076,0.13581515771664238,0.13568692639561614,0.13576620964728695,0.26705186243254975,0.26748550547360433,0.2678290837083074
20.0,0.0,100.0,-60.0,0.0545790346087663,0.053482313042791,0.054086215130226115,-0.4378554472383704,-0.4749817065169552,-0.5236513780991652,0.4274892344985457,0.42395081539159485,0.42709492850712644,27.519064064673643,27.51558323662598,27.510741478445286,0.5841878137122873,-0.5231777965063857,0.20310733839573133,3.782811444172042e-05,0.31347186070210775,0.31314788697099416,0.31329806870583216,0.05402629498679266,0.053982524935568946,0.05442990901085357
0.0,20.0,110.0,-30.0,0.0472464885485232,0.0452116311059791,0.04604237616820629,-2.0594943658162777,-2.099253801970717,-2.0783793777170256,0.38129630639834494,0.3826485795395965,0.3778108059478488,30.934850104241857,30.925330871513967,30.918154683767103,0.6171453420795538,-2.0150473295042364,0.004156441185770804,0.2000214387781444,0.3641843596256993,0.3640409799842369,0.36387381985099193,0.046611223633033515,0.04618198342249983,0.0459898475726102
50.0,50.0,60.0,-60.0,0.1884106234099191,0.1880355484916412,0.18828537898182335,-1.093390586245806,-1.1000662241057633,-1.3593637721096243,1.4889374542664133,1.490153301689686,1.4908125474717133,17.858878014765374,17.859448112781568,17.852019640160012,0.6550834069345487,-1.289831480917948,0.3573340419174035,0.3950622685408903,0.23630550514248405,0.23647436045947245,0.23640897999855526,0.18817783874330332,0.18842600798913095,0.18827525836704026
50.0,50.0,80.0,-30.0,0.1751270110245225,0.1743673979847672,0.17474417594493757,-1.1331956734297974,-1.1381283144162326,-1.3247171676083436,1.3849423405540897,1.384401007861738,1.3860009345023523,23.329508398879558,23.32852535956763,23.32612746290843,0.6550888173863152,-1.2898374645674582,0.4307084369317031,0.4440020860828272,0.2961067563449683,0.29617221100848584,0.296255708968727,0.17465352322472735,0.17478539248180175,0.17486228952607166
90.0,20.0,110.0,-60.0,0.2190494693701992,0.2178804977040577,0.21848330640203106,-0.493476792777275,-0.5044596140838264,-0.7416026423120038,1.7242441597573244,1.7232713942841973,1.7228367404604863,30.430806471478533,30.433832741547683,30.41904329623602,0.5984989592461154,-0.737151236290712,0.9036118359296259,0.1999775258893332,0.3544967946025755,0.3546216398695478,0.3544008668381225,0.21861994500962217,0.21846507560700415,0.21857755933918557
20.0,50.0,120.0,90.0,0.1098850424588232,0.1073685435848535,0.10855109831979487,-1.655027961761702,-1.682326608022103,-1.7090732374649684,0.8713892239569908,0.8732334516408444,0.874017171093497,34.36461341692767,34.366532458015975,34.35295561122102,0.658991099436022,-1.6861926913303058,0.20456595132272354,0.5001561175090646,0.4176431317801087,0.41743198101944573,0.4174128903743851,0.10859132861864719,0.10892128080653334,0.10867074737357832
50.0,50.0,90.0,120.0,0.1819493977054141,0.1796521668477601,0.18094468843293407,-1.121032079323156,-1.1368833271450145,-1.3054049211820558,1.4330999252410566,1.434758462667984,1.4364811068365404,26.158342077039784,26.162412039843087,26.153784576842973,0.6550888176419655,-1.2898374651384217,0.5044072942850228,0.5001261070950074,0.32899034565755475,0.32885846572985356,0.3288821831815409,0.18082300831375459,0.18124437182063213,0.18102539652168315
20.0,50.0,80.0,120.0,0.1357879076162887,0.1351747894483971,0.13548745414945454,-1.6385504742263568,-1.646755375688595,-1.7191683591530753,1.0783199908145014,1.0790223656497087,1.0804921150798865,23.52908644509647,23.5394854925109,23.518895837849154,0.658991099436022,-1.6861926913303058,0.17848828730403307,0.4518637217402967,0.3001839042741279,0.3000547313081109,0.2999349743555326,0.13534499474964062,0.1356589795096831,0.1355460125549329
50.0,0.0,100.0,-60.0,0.1360085564498047,0.135331875168425,0.13573229657412653,-0.3515187772985419,-0.3579944130456364,-0.5237690490820754,1.0688751479535015,1.0686304708654313,1.0676615016407076,27.33979155622131,27.335398119312995,27.32743475218938,0.5786774311891252,-0.5219137494886132,0.5031761978150118,0.00011268683388920962,0.3097771738095794,0.3098710194485556,0.309832741938379,0.13583696945812845,0.13569276451967963,0.13572595015825248
20.0,20.0,40.0,-60.0,0.1004287508325129,0.0990775401858231,0.10000708858704214,-1.290825160550703,-1.3184109961384711,-1.4822832751931516,0.7943734603759723,0.7923316097325188,0.792969451394338,11.889672082523873,11.889538217462178,11.884058531776258,0.6162367057885925,-1.2737684038199932,0.10689447040617166,0.15218972178165607,0.15550378749005264,0.15533101284326334,0.15538321969460586,0.10007298186604394,0.0998970577206458,0.10016060120491821
20.0,20.0,0.0,0.0,0.1304116090628707,0.1138819672024506,0.12239703534158657,-0.2252837278359606,-1.0647986331859949,-2.0889794066209135,0.9861096727086873,0.9916712034833506,0.9897610400986772,1.8909708384228325,1.9170376338087638,1.8757899441924326,0.6162442654560011,-1.27379193074638,0.0005540628654242648,0.07644178920905596,0.05752065371032243,0.05809847825942544,0.05804498332694065,0.1253048192160514,0.12579227532678294,0.1250871006839391
90.0,0.0,90.0,-30.0,0.2411660530248641,0.2409359259020538,0.2410733535729773,-0.2074535581934194,-0.2101114915611545,-0.5481581922273291,1.8971177754482778,1.8985889014179478,1.8971643835908905,24.073882226961928,24.073404987848996,24.06099527677425,0.5627453505950605,-0.5203297714454854,0.7757863019477675,0.01906430964346413,0.26925509296617817,0.2690697785953455,0.26891135294161156,0.24114521165330458,0.2411418311811794,0.24095557600309683
20.0,0.0,20.0,-60.0,0.075004328980438,0.0730375659621694,0.07432180797351648,-0.6066746336280344,-0.7306131604065216,-1.058875618931214,0.5870692824934202,0.5875221387231084,0.5868026388720629,5.688169702215174,5.68959064287817,5.6892096865599635,0.5841793919053471,-0.5231790589246027,0.05552023059460606,0.033044806925824975,0.0729714638838342,0.07283900364331963,0.07311461448814072,0.07441300521212786,0.07436091764925196,0.07433136572429323
0.0,20.0,90.0,90.0,0.0552217334903351,0.0547296278887318,0.05501073475820305,-2.06774608569658,-2.0960389037000646,-2.0807990893283748,0.4463724070997343,0.4486966716717715,0.4472208766356019,25.465101258812986,25.468630201521524,25.446674631400487,0.617145342061956,-2.0150473293853004,0.0032253741983267804,0.20003211035993135,0.30450237120275436,0.30455170830148115,0.30417276665952697,0.05510071923407624,0.055227139122404754,0.05492492140823443
20.0,20.0,50.0,-30.0,0.094159524133428,0.0935715894440403,0.09389276984393491,-1.3139029720968158,-1.3355778008097507,-1.4602270424622505,0.7455144748768047,0.7451596374429612,0.7472098063553116,14.607888901498743,14.607725904802143,14.609755395556805,0.6162442649423098,-1.2737919282221868,0.123146855087151,0.16729838890871682,0.18523907336406736,0.18533373637849032,0.18546344272626247,0.09375213577982498,0.09396387813031809,0.09402861060846067
50.0,0.0,110.0,120.0,0.1242851521471767,0.1209425638920446,0.12284379265472274,-0.3782621521878946,-0.3913101764147117,-0.5235493629059683,0.9672086113087064,0.966897994850982,0.9668289907508671,30.187597572211736,30.185396319919644,30.178330205819723,0.5786783317088385,-0.5219133872819157,0.5033942694212544,2.349532413905428e-05,0.3427822617686931,0.34279856379085694,0.3426186681966065,0.12294463309481365,0.12290773500540428,0.1229376221813121
20.0,90.0,120.0,60.0,0.1754969366432206,0.1730948663067773,0.17440827073850418,-1.822747455987911,-1.831291701144539,-1.8673089785621537,1.3920024416279573,1.3983898677312296,1.3922829876392415,35.18615630661976,35.191344927701785,35.18322294469918,0.7088879274287126,-1.824588487784622,0.20974188512297828,0.8992404580323011,0.4442419003653104,0.44465077910943634,0.44401002101830633,0.1748817174881471,0.17490570556004625,0.17415345919812616
50.0,50.0,30.0,0.0,0.2174838824724831,0.2140777297689454,0.21616570665488236,-0.7841413055297903,-0.8789286810246547,-1.41295092400256,1.7065380419562255,1.707280073939063,1.706581532048617,9.345819687315196,9.346098683749513,9.343828852171542,0.6550888176419655,-1.2898374651384217,0.23347626447644812,0.288308880159875,0.14350306856338893,0.14331037324881105,0.1433256662827471,0.2162473627127386,0.21625633578780906,0.21615520665134486
90.0,0.0,120.0,30.0,0.2037207990328706,0.2021707693041999,0.20291754906520207,-0.3056360301236378,-0.3176139557298406,-0.523323607974969,1.597532301666256,1.5958989974124327,1.5993931373219674,32.714527077632766,32.71240244047424,32.70343674287958,0.562745350766241,-0.5203297715459044,0.8953176260063977,-0.00023825663493750305,0.36935227096726664,0.36921330753414433,0.3690538709115332,0.2027614402037512,0.20300483501784727,0.20318887822925968
20.0,20.0,60.0,-60.0,0.0885166766100564,0.0881704574903506,0.08837414784933596,-1.3162332387537872,-1.337252667772105,-1.4380483757132991,0.7034215934842363,0.7028237854583979,0.704220520395574,17.306187406647936,17.31037979172464,17.305462114601983,0.6162388097100546,-1.2737753726676138,0.13851865796508395,0.17962002122522208,0.2147357725151309,0.21459527297323072,0.2145561853065921,0.08830437194006176,0.08840035486150297,0.08847822399714064
50.0,50.0,60.0,-30.0,0.1884992057383901,0.1881200163527723,0.18837119289173265,-1.0931209585839323,-1.0997891002159688,-1.359220325114251,1.4896422098345037,1.4907854603233064,1.491498467945216,17.858803055524472,17.85944961421536,17.85194345445161,0.6550888172037418,-1.2898374641598573,0.35757065726660764,0.39521055462560956,0.23631747086286772,0.23648277102552132,0.23642341934680983,0.18826243072748036,0.18850817767213002,0.1883666575861373
50.0,50.0,40.0,0.0,0.2066783735593732,0.2052709213222811,0.20619573355134663,-0.9489133211174408,-0.9837345572892596,-1.38682612956767,1.6293668888453559,1.628266459173713,1.6297025558467293,12.287232736854909,12.281999490585351,12.275308530986264,0.6550888176419655,-1.2898374651384217,0.2812449551143749,0.32893953609815785,0.17593142549448504,0.1757417221770633,0.17577145916914366,0.20615030526184278,0.20619827846858657,0.20632180140783396
90.0,0.0,40.0,-60.0,0.2676005304064407,0.2661201835879848,0.2667108682094475,0.3166668625969647,0.23192063009086,-0.6699969963478775,2.099641059326203,2.099980742295464,2.0990745694938653,8.980773945120998,8.975598512502295,8.97813699513713,0.56273827974238,-0.5203350321468375,0.27629609817875683,0.041270888680086014,0.08768142512421224,0.08772921634365016,0.08784990786035413,0.26677659655004593,0.26670745972932236,0.26666280310721174
0.0,90.0,120.0,0.0,0.1706785459347326,0.1689173978475479,0.16985178436077947,-2.071178818049201,-2.077946377845346,-2.0768099607968598,1.3587531065334182,1.357365207868074,1.3599468965840311,35.20387687211029,35.19696306495833,35.191246968722524,0.7100174044766513,-2.0547884519709454,0.01762287007990195,0.8994451903427125,0.44436945199532113,0.4445620650887094,0.44428043317601495,0.1698795029740519,0.17006146128165006,0.17020684257264598
50.0,0.0,10.0,-30.0,0.1844887914301231,0.1577858086560008,0.1681568596236613,1.439474746642231,0.2897764664800188,-1.9300738233715549,1.3478055263069766,1.3428224854910924,1.3487384567585152,1.673536481528305,1.654133606837156,1.665003242887567,0.578678330810689,-0.5219133861204994,0.013668931622589284,0.08007428792232432,0.05008581077409172,0.050396588218577884,0.05039389280017592,0.1706548761708574,0.1708031192240836,0.1713880666168756
0.0,90.0,90.0,-30.0,0.2079028535202496,0.2065581497629293,0.2071719217419363,-2.084101208437493,-2.090342213159744,-2.0874611528745337,1.6465380665497085,1.648331912535189,1.6486283719795265,27.377412305901824,27.36554825100922,27.36919209304665,0.7100174043215886,-2.0547884516239594,0.007761560595070201,0.8999287749701395,0.364519485748105,0.36453614331014966,0.36434332128067576,0.20714927253874602,0.2074013360783489,0.20716648434514534
0.0,90.0,0.0,120.0,0.2681261663299227,0.2663425347150751,0.2672189344867013,-2.03820492624114,-2.0708434180300594,-2.0913662048572705,2.108342551271528,2.1079821157467085,2.1075652250575923,3.2115408124127875,3.212715235334313,3.209648855941185,0.7100174044766513,-2.0547884519709454,0.0010672190763750314,0.33272572513214904,0.10470091300213183,0.10452503113844815,0.10457490698804828,0.26728868639057185,0.26719394240714034,0.26723841088920686
0.0,100.0,120.0,120.0,0.1868392264159768,0.1852128133633143,0.1861067101291947,-2.062057839499689,-2.070897424777588,-2.070446837414624,1.4898769408678274,1.4842960166247157,1.4869970316919465,35.394030007750615,35.39452113028427,35.38484389076393,0.7218526699760112,-2.0319799578528905,0.025744644860369016,0.9989170894300117,0.45086732862400014,0.45065649191358015,0.4507897452562049,0.18632591847770014,0.185973676148805,0.18666886900361881
50.0,0.0,60.0,-90.0,0.1459500697228739,0.14537730653783,0.14571937066070179,-0.3367611215779026,-0.343468989452841,-0.6431512363092589,1.1480296597407647,1.14836043017829,1.1475648034113402,16.30263185164889,16.305329665533137,16.29403305492796,0.578646392838574,-0.52196068506347,0.32292473381139264,0.03880313102559184,0.1868128692519197,0.18660787442977006,0.18668216453426523,0.14578835835079612,0.14572208812484216,0.14568098831847778
90.0,20.0,80.0,90.0,0.244092406970432,0.2438313470907515,0.24398874644484997,-0.4027783262894507,-0.4051780648584674,-0.7786430024741525,1.9230159736201162,1.9238286452112132,1.9229847503663027,21.900551513639556,21.90225078471675,21.88881066353843,0.5984987239536121,-0.7371513072756187,0.7287441041736872,0.1899558398516349,0.258209257681887,0.25810792388573023,0.2580307101729489,0.24403782476511862,0.24403507282840645,0.24392649956290152
50.0,0.0,90.0,-90.0,0.1315115706854748,0.1312709632895269,0.131421837341593,-0.3807694559630315,-0.3871354129184629,-0.5669074470386826,1.0350032419208546,1.0346075849520928,1.0354777947809772,24.641139676968034,24.63196397138245,24.634043520976523,0.5786663519058274,-0.5219320868728238,0.4403851782328968,0.019085121489289186,0.2804167601755223,0.28022846909516913,0.28041092011498747,0.131371011598864,0.13144369339118056,0.1314976464338489
50.0,0.0,70.0,-30.0,0.1408324115683538,0.1404816749223627,0.14070843190185084,-0.3630226089435326,-0.3698815088954628,-0.6179174427057051,1.1088611162381432,1.1082594629559128,1.1082073179883838,19.107163329046937,19.0998966192108,19.088110104015374,0.5786783313605928,-0.5219133868315757,0.36559503485970324,0.03459180782525073,0.21832641850224416,0.2181689877895167,0.2181335674052722,0.14075922220552528,0.14066464278521046,0.140750896957231
0.0,100.0,30.0,0.0,0.2682591251188632,0.2677055483678294,0.26795643165597693,-2.072144940546913,-2.079008657161876,-2.0836576449744824,2.116626036226837,2.11892924349391,2.1184539261070436,11.48773311851294,11.490815895843141,11.472957136127128,0.7218526699760112,-2.0319799578528905,0.007027102988775658,0.6365285345764967,0.1990049276301834,0.1989804025665049,0.19876013414031996,0.26790436021481817,0.26815090252616824,0.2678453712406695
50.0,20.0,60.0,-60.0,0.1537764195254084,0.1532643103498868,0.15359892434860997,-0.7159037747969669,-0.72294358144888,-1.0036444084459648,1.2126907013616872,1.2141295617208872,1.213294743286747,16.992663078147775,16.988472140947565,16.984963171581253,0.6115480364872254,-0.8927423103224672,0.3398689309120407,0.17691660289153854,0.2086660189358358,0.2085724523062273,0.20850720632458808,0.15362844583618412,0.15369525873274953,0.15351228728106933
50.0,50.0,70.0,30.0,0.1804736636321981,0.180106202642657,0.18030952226758587,-1.1271671828236869,-1.131814628307663,-1.3478167220037542,1.4278142392003854,1.4281366909655524,1.4286145063005267,20.60680427321495,20.610540229291153,20.604712749651867,0.6550888176419655,-1.2898374651384217,0.39043017792176193,0.4216424467717368,0.2667990524120683,0.26652125162330353,0.2666987118170751,0.1802718044230596,0.18036417775179966,0.18033269456520876
90.0,0.0,80.0,-90.0,0.2495194111223157,0.2490986808236403,0.2493419753279767,-0.1652307454355832,-0.1673929714758246,-0.5630830195975852,1.9638415793593398,1.9620787704679996,1.9623622373384664,21.186175089453624,21.186710545667374,21.18004419893408,0.5627270907617079,-0.5203578995100068,0.7025575655417126,0.027774955499510375,0.23571710203421617,0.23563897885646062,0.23542714813895727,0.249396245131236,0.24921959288528317,0.24943219361031482
0.0,100.0,100.0,-60.0,0.211860850066831,0.2100385430594689,0.21107131467161577,-2.071436355835303,-2.091252778738149,-2.083572644166753,1.6782472809948779,1.6813661744488821,1.67925114454748,30.21229502935209,30.21706596094499,30.210907040800862,0.7218518568546284,-2.0319785780674304,0.012548014073907422,1.0001180769043947,0.39824631692923,0.39848679069233267,0.3979053257952771,0.211198487351086,0.21133099183407308,0.21095071090503897
0.0,90.0,10.0,-60.0,0.2683635443734615,0.2666228908600544,0.26744429654015117,-2.0583015096568023,-2.076509286053992,-2.0856739920267278,2.111000314475082,2.1075024050411355,2.1149358441597714,5.967545968142852,5.964253202961163,5.964904866322703,0.7100064102273016,-2.0547700456201716,0.0038798988175302303,0.4336573419272738,0.13584528731770928,0.13572092390629906,0.13583561242189968,0.2669737210327495,0.26748614919811803,0.26789265343904306
90.0,0.0,100.0,90.0,0.2376532052199183,0.2371664147185828,0.23739159677154342,-0.2186626406360024,-0.2208429498032903,-0.5189880322699542,1.86806648167631,1.8680653292809057,1.8686656599973923,26.855515199118994,26.85008013726384,26.841466877080666,0.562745350766241,-0.5203297715459044,0.8518394088847325,-0.0039020366381492854,0.300120339686785,0.29983637084587467,0.2999358067915025,0.23734932098064523,0.23741959724805664,0.2374255295136801
50.0,50.0,110.0,60.0,0.1549671832357594,0.1533110889433628,0.15409983039912672,-1.1791187474275844,-1.1851582073500389,-1.3053319453319363,1.2315236731528285,1.223102906144405,1.2238750333814232,31.579997014673495,31.558686100954013,31.543418978873852,0.6550888176419655,-1.2898374651384217,0.5052829420643367,0.49993751236131906,0.3867527576940076,0.38631042166138846,0.3864960718425819,0.15448067638485524,0.15352815642178275,0.15460005210639663
20.0,50.0,10.0,60.0,0.1897425737273949,0.1872132521820463,0.18869638788738383,-1.185145491906132,-1.4239415598017569,-1.8599621634498595,1.488800994891673,1.4896413494174539,1.4909301024753379,4.631263651738642,4.629396381651676,4.628924285671708,0.658991099436022,-1.6861926913303058,0.05114915534543396,0.2151240434156484,0.09868367878172526,0.0986252472556338,0.09862257742128633,0.18861105612065754,0.18887499883806136,0.18877096777616983
20.0,90.0,70.0,120.0,0.2476521251548449,0.2459489017469555,0.24691224798963576,-1.7651120760823698,-1.7801014592194182,-1.8685368017381168,1.9567766220051546,1.9565134797378878,1.9585143612462812,22.196234263319564,22.196566681119748,22.189363779716327,0.7088879274287126,-1.824588487784622,0.2074720230009528,0.8999242229774984,0.31392096083531923,0.3137767879049851,0.3136723440602406,0.24681166395689463,0.24703952875298077,0.24705828091336074
0.0,50.0,50.0,-30.0,0.1457829147601546,0.1453755830577853,0.1455619675545206,-2.0934491579437253,-2.1008687064240363,-2.0957731196587366,1.1549753350419691,1.154459136808182,1.1570711096649642,15.521581050854799,15.521937692127386,15.516751455528022,0.6597422420745604,-2.0628742003581317,-0.0003263579429121561,0.3720233001266723,0.21376477833520563,0.21388904591334704,0.21377682796563083,0.14537597344242523,0.14564002550180039,0.14571445835570557
90.0,20.0,90.0,60.0,0.2356951552364648,0.2352225053130386,0.23542928224845633,-0.4419366901966339,-0.4436202508903905,-0.7635754771856695,1.8558501630448714,1.8558713531967101,1.85651014266522,24.751873641914273,24.741599892987004,24.73712448792253,0.5984987239536121,-0.7371513072756187,0.7943052816468726,0.19428563187171982,0.2904426280232552,0.2902737351663502,0.290409708855504,0.23537791090032886,0.23545874831469815,0.2354684660780652
90.0,0.0,20.0,-90.0,0.2789653845377016,0.2548281033594392,0.2659403094552092,2.813969711447643,0.8275548800746688,-2.4734045682608743,2.0924222932423375,2.0969073445726663,2.0991874811845888,3.9238665640195047,3.933368732939936,3.9465649017785176,0.5626895664049651,-0.5204185529388766,-0.0847459929276735,0.18044386990483405,0.07401058874818607,0.073884634522093,0.07433744631877608,0.265646903846142,0.26649885569133286,0.26592759718525694
0.0,100.0,60.0,120.0,0.239040033368716,0.2385874571286098,0.23879452732139828,-2.088236229810344,-2.0954292004409845,-2.091478358300161,1.8916055526429543,1.8932180463875208,1.8921862402671972,19.418701021488587,19.422337641879516,19.405597914332123,0.7218526699760112,-2.0319799578528905,0.0028363613754697984,0.8041110106860626,0.2822418252512548,0.28209704193154017,0.28164976327720787,0.23882465606654074,0.23892010340849698,0.2386897380688299
50.0,0.0,30.0,0.0,0.1660781188763715,0.1607851920173624,0.16415341025610966,-0.0026318557711549,-0.1251740306770338,-0.7638145594319449,1.293323769191535,1.294266279089955,1.2929072530938106,7.557528682849244,7.556516107690675,7.556973389918356,0.5786783317088385,-0.5219133872819157,0.16415044615417493,0.04050441871096487,0.08628887151784645,0.08626721902765185,0.08633955594859472,0.16431200618297814,0.16426212187928416,0.164141586867456
50.0,50.0,100.0,60.0,0.166961643100647,0.1659460519068105,0.16652132178917056,-1.1515903163007517,-1.1640754886549598,-1.305323838836716,1.3223696760596853,1.3240355140051896,1.3221508915614704,28.870732915088663,28.866252296489318,28.853886353922935,0.6550888176419655,-1.2898374651384217,0.504910138446585,0.49999139698654266,0.35729418572142124,0.3572688148125343,0.3572560714315417,0.16668876817011385,0.16665839367595928,0.16645231074864453
0.0,50.0,110.0,30.0,0.1085743422190013,0.1070986238930955,0.10794153413956939,-2.083686553646556,-2.0948354685521244,-2.0894713868196657,0.8697302337731168,0.868206962688938,0.8675176118158001,31.687682794709637,31.675263230011883,31.674335960844836,0.6597422425592191,-2.0628742020185755,0.004074528859465246,0.4999647127183856,0.38880082698907287,0.3887868009036166,0.3883514278685282,0.10817155070048766,0.10791780624607714,0.10810093152220485
0.0,90.0,0.0,90.0,0.2681253402639275,0.2663419169187198,0.2672154526422598,-2.038282662051897,-2.070869376052869,-2.091351994034245,2.108724118030984,2.1079636890686104,2.1071398297407824,3.212693969808457,3.2143321996905803,3.20992717970982,0.7100174044766513,-2.0547884519709454,0.0010740371409409082,0.33272217456687947,0.10473055337203169,0.10455495663735942,0.10458700387319009,0.26733772629217994,0.2671405994598849,0.26723665312754874
20.0,20.0,50.0,-60.0,0.0943003796814822,0.0937019980687993,0.09402157469503657,-1.313374186043653,-1.3346199200872184,-1.4596059994450081,0.7468767731609405,0.7460530896065686,0.7479899331676436,14.60935157389971,14.607192876103152,14.609226812924897,0.6162377516178293,-1.2737718873911268,0.12343370351768881,0.1674662257089466,0.18528157552588134,0.1853568344376603,0.18548919747845177,0.09390945730958382,0.09404758074042795,0.09417330025152378
0.0,50.0,50.0,-90.0,0.1457473245087363,0.1453396710277377,0.14552693666776517,-2.093659972424074,-2.1010431207290226,-2.0959174308211845,1.1546932676767756,1.1541904131921108,1.1567929028926054,15.521111333192207,15.521607577909396,15.516326787688744,0.6596994405070693,-2.062726351536591,-0.00037986638638250387,0.371910319037866,0.21375199449861085,0.21387601990666857,0.21376301098544812,0.145341263547358,0.14560573802462518,0.14567834203637028
20.0,0.0,100.0,-90.0,0.0545790054046906,0.0534838733386222,0.05408633729255361,-0.4378521325468609,-0.4749805714079947,-0.5236507355322088,0.4274899853151154,0.42395158203261774,0.4270956629898304,27.519063121483295,27.515582645417624,27.510740988211285,0.584183115289103,-0.5231873306964485,0.2031079257146789,3.7664644635859826e-05,0.3134718373651949,0.313147871127902,0.31329805167500646,0.054026392811859975,0.05398262143256063,0.054430003103397046
20.0,20.0,20.0,120.0,0.114981179870946,0.1117396395738518,0.11333066738145804,-1.132317008051967,-1.25354289703184,-1.5502432244901008,0.8959240038397697,0.8953401678582883,0.8975631085671899,6.448633840791055,6.44011255860746,6.4409830657176705,0.6162442654560011,-1.27379193074638,0.0675108054606379,0.11167775600937906,0.0975082614709746,0.09736373393116245,0.0974952059680523,0.11324962939391163,0.11343546939645698,0.11352110327689181
50.0,20.0,70.0,0.0,0.1473162933174918,0.1469318324945053,0.14715587859934726,-0.7459094978060616,-0.7499796310888844,-0.9832230337620775,1.1636110991814077,1.1635350867984093,1.1621272926186028,19.75663077188388,19.75227571907611,19.744078604019595,0.6115535893142118,-0.8927449704416845,0.37759598085975943,0.18681513831054253,0.23923319885048694,0.23911327960684178,0.23906944686104212,0.14728780079824347,0.14709736886862407,0.14711001166384985
0.0,90.0,110.0,90.0,0.1816679361430163,0.1798137032642162,0.18094907854408965,-2.078337827212264,-2.0963936807049026,-2.08776426139562,1.4463033139450985,1.440372225839788,1.4444230473106354,32.60547208023551,32.59656180077421,32.58952736275069,0.7100174044766513,-2.0547884519709454,0.007725452304756449,0.9001912870976809,0.4177637334036909,0.41766434344424613,0.41740136025538505,0.1809615822494712,0.180752030265432,0.18147656453250247
50.0,20.0,0.0,90.0,0.1780099477595422,0.1768125418788106,0.17736109152394414,2.065008340088468,0.2171660552868395,-2.0912815265938227,1.399828835412085,1.3967043634436813,1.4011143139740543,2.1626161821587755,2.1600525729572384,2.1570719732223402,0.6115535893142118,-0.8927449704416845,0.0005083132152470993,0.14764495600626287,0.070498551335663,0.07047077968082098,0.070281605452508,0.17714173415051698,0.1773045552018263,0.17770483658586814
90.0,20.0,0.0,90.0,0.2679668803676598,0.2662497821295304,0.2671249074084189,3.1399055678078125,-3.137857666096092,-2.0913495666573994,2.1077912996838113,2.107644571299147,2.1086443302496334,3.278329990476204,3.277216146050802,3.27656179129721,0.5984987239536121,-0.7371513072756187,0.0011076519617101582,0.33742696326246885,0.10627556143726369,0.10630817547522141,0.1062832258317374,0.26714423408720256,0.26725623129250514,0.2672701159256534
0.0,50.0,50.0,90.0,0.1457284258941577,0.1453196725281764,0.14550723801490217,-2.093555762000411,-2.1009695739967444,-2.0958487842579765,1.1545414251343349,1.1540332413480192,1.156635516716289,15.52086472992139,15.521367623584714,15.516108240005268,0.6597422425592191,-2.0628742020185755,-0.0003543633272912956,0.3718463265953004,0.21374425541987166,0.21386826417390448,0.2137554914275147,0.14532176837019617,0.14558555410176208,0.14565889778919247
20.0,50.0,120.0,-30.0,0.1098940291558058,0.1073725110859556,0.10855428144795566,-1.6533602001223795,-1.682308989588687,-1.708986550651246,0.871636147710435,0.8731575561108773,0.8738839357609183,34.36481082213719,34.365995015992134,34.353026638081815,0.6589910995424559,-1.6861926916772498,0.20459822177064313,0.5001545632015681,0.41763029426789006,0.4174140306251684,0.4174033462250222,0.1086111261877275,0.10889405709935246,0.10868627620347165
20.0,20.0,0.0,120.0,0.1313668582336727,0.1141056117186411,0.122893621721846,-0.2448518520386775,-1.0188758964456108,-2.089011101949349,0.9925318897701254,0.9930741890758497,0.9896903559828586,1.8696641992505443,1.893727016856505,1.9090427630230178,0.6162442654560011,-1.27379193074638,0.0005638736583489122,0.07669878113458684,0.05771682308562934,0.05740575810120269,0.05774780944070002,0.1259500949928063,0.12561494644297935,0.12563748572685554
50.0,0.0,90.0,90.0,0.1319394763454692,0.1316668225796864,0.13181767781466475,-0.3802964934313378,-0.3861896637542646,-0.5664433395102128,1.0386958785196094,1.0372571086147941,1.0384567459360963,24.637749496983304,24.630697061879612,24.630688077276908,0.5786783317088385,-0.5219133872819157,0.44165121628803294,0.01893778978566857,0.28042679512670443,0.2801501721294871,0.2803690145765974,0.1317839269827826,0.13176589281487208,0.1319534311291554
50.0,20.0,120.0,60.0,0.11626514600899,0.1150274391173556,0.1157018890710392,-0.78272221815023,-0.7972482993088489,-0.9020481132474095,0.918533362575165,0.9167603140606905,0.9205253089085309,33.5367661862389,33.53355094184919,33.5256103515216,0.6115535893142118,-0.8927449704416845,0.5044655253095518,0.199923665566984,0.3922396237101848,0.3922826582821564,0.3925925752851199,0.11557324072703949,0.11583817481657264,0.11608249364063546
0.0,90.0,50.0,0.0,0.2286415444380142,0.2282481669863102,0.22843911242940704,-2.0940484566866404,-2.099597084978261,-2.0945161649116923,1.8091594481779314,1.8088632661192574,1.8097725800374018,16.53157335006779,16.53335672830928,16.5192032043678,0.7100174044766513,-2.0547884519709454,0.00025036458201123585,0.6723899803750893,0.24655868335680553,0.24632848357250473,0.24641916551399481,0.22838392195627727,0.22846886337315567,0.2284789288619777
0.0,100.0,70.0,-30.0,0.2612264462942846,0.2595282971777098,0.2602592584851029,-2.07670585813776,-2.0863335061119685,-2.084466309967597,2.0620831752730386,2.0632164940982802,2.0643128802504664,22.495075944594287,22.49397341231487,22.476391709088343,0.7218526696455118,-2.031979957164761,0.01080556603456453,0.9999150050643921,0.32214672606390227,0.3222697931889605,0.32208345125515764,0.2601677739029823,0.2604529584417093,0.26030642918891855
20.0,50.0,70.0,-90.0,0.1401765989413164,0.1396365175414312,0.13990413706018637,-1.6528796634460596,-1.6637326467872668,-1.7427947244648758,1.1138661479521796,1.1120164035326479,1.112906325806209,20.829152800963985,20.82756426451606,20.817816289245496,0.6589619634712585,-1.6861232450441532,0.15613045513755647,0.4245878175833591,0.270304039408001,0.270420794354378,0.2702660000957114,0.13989543834377466,0.13980732703214235,0.14002797593380167
0.0,100.0,0.0,-90.0,0.2681437886374322,0.2663544558287332,0.26723163799555627,-2.0244110652500376,-2.060258851021229,-2.091377151038836,2.108585526180806,2.106851689618274,2.10845299436968,3.2194649425599855,3.2157926226694573,3.21113381133026,0.7217744663644252,-2.031831771765129,0.0010704757588157505,0.3327658794744216,0.10485987586834002,0.10462467869446539,0.10464292884358763,0.26717483528752234,0.2671551681121404,0.2673876560514814
20.0,20.0,90.0,30.0,0.0789003975784829,0.0776177507704855,0.07836117977664292,-1.2163769062779108,-1.240961530580914,-1.3035752972428143,0.6265780866578341,0.62709205852449,0.6272507819143963,25.419540812205664,25.424078376024106,25.415883599036153,0.6162442654560011,-1.27379193074638,0.20255424168935868,0.1999589238499402,0.30365506486733496,0.30348920459039397,0.30352086319635324,0.07837513926637948,0.07846277992697054,0.07839524321862049
20.0,0.0,110.0,30.0,0.0506103864815049,0.0472067939071444,0.04912662325331128,-0.4427635115992742,-0.4932175989186879,-0.5234559571459989,0.3879321682689709,0.38629382300155796,0.3886581334310746,30.315812005496664,30.315792919991146,30.309210247995146,0.5841886751953623,-0.5231776405480634,0.2032910466154137,-1.910863754269084e-06,0.3454736479777245,0.34539605510977783,0.3453846233024805,0.049183210377031134,0.04929211858733118,0.049478431581173335
20.0,20.0,90.0,-30.0,0.0788787788169848,0.0777615718995257,0.07834491669735709,-1.216493807772316,-1.2409064049093,-1.303883758481455,0.6263503922820486,0.6268364535486753,0.6275532331921715,25.42119123121584,25.42290242313772,25.41905725223505,0.6162442652964883,-1.2737919299627358,0.20246337295082667,0.19997995747454997,0.30366549004443943,0.3034955400234187,0.3035430410349528,0.0783202804301755,0.07847640429702663,0.07840738328777527
0.0,20.0,0.0,60.0,0.1178677260730737,0.0988182499885811,0.10859856959203165,-1.949003039484144,-2.097035711693269,-2.0880892346481175,0.895497610843986,0.8965515473433235,0.8975597684987436,1.8849037049240946,1.8754673354302671,1.8923675802507072,0.617145342061956,-2.0150473293853004,0.0005447392270682478,0.06635084397636733,0.05698318197102118,0.05685057804799759,0.056905086026390564,0.11354663278325733,0.11382717758832801,0.11366437181481771
0.0,100.0,90.0,-30.0,0.22646854250332,0.2247643727290719,0.22570646829575047,-2.07787352420523,-2.085055145158493,-2.083611078993023,1.7964811058036294,1.7929362360971732,1.7922611011292542,27.61511028575858,27.604021479543682,27.600448420718827,0.7218526698194547,-2.0319799575269033,0.012428048026035749,0.9999338543971951,0.3722530253069914,0.3721036453921886,0.3718499795615168,0.22597830699985377,0.22545215174891078,0.22589227530985403
90.0,20.0,100.0,-90.0,0.2421849449578943,0.2391815502670795,0.24088162883654746,-0.4422030615702428,-0.4503868025601317,-0.7419226837382773,1.8977117409466315,1.8993142313351052,1.899809900009836,27.528578080620395,27.5226259896001,27.516835410761576,0.5984931233244215,-0.737156672828053,0.9031393740167278,0.20028911373379524,0.3214945204895394,0.32134114742551045,0.3215228881217878,0.24082708604892072,0.241089226170718,0.24089446192550143
90.0,0.0,60.0,0.0,0.267039030975112,0.266472476786403,0.26674604845623945,-0.0113545329235385,-0.0214884609301098,-0.5967450544097991,2.100269801355211,2.100304075519665,2.099011293639793,15.226666862811777,15.226224252208722,15.221499054243033,0.562745350766241,-0.5203297715459044,0.5253006285812292,0.038598590671516025,0.16480032165295389,0.1647901038353277,0.16480263060164274,0.26684220229030076,0.2666861627078509,0.26668097772627375
20.0,20.0,0.0,-30.0,0.1307646084987184,0.1136596114411494,0.12248622093274351,-0.247699261425931,-1.0415783294003869,-2.089469001943084,0.9877009330130151,0.9878809926145998,0.9877487927241837,1.8939471323205865,1.8891930350724568,1.9112686477576115,0.6162442644997099,-1.2737919260462147,0.0005383208757506616,0.07628999164515396,0.058009804321889805,0.05767691157473699,0.05767083046820672,0.12522934560290608,0.12519439332020937,0.12517699699855125
90.0,0.0,30.0,90.0,0.282900093838031,0.2603928015863482,0.2678104437718994,0.8791733880269422,0.4616512185748154,-0.9866097217328686,2.118842129880749,2.118704578373539,2.117458844879954,5.507793396986725,5.490692537239303,5.464861753272598,0.562745350766241,-0.5203297715459044,0.10972597243556216,0.05990140579013292,0.04693596000799674,0.04747392401841728,0.04728242528168952,0.26916315746141606,0.26902465174994067,0.2690304482451243
20.0,0.0,60.0,90.0,0.0604289847704027,0.0599847722033008,0.06025086284008449,-0.6788796193724395,-0.6980497954717684,-0.8083923828556399,0.47720695648672734,0.4768550125673881,0.4765995972816491,16.663238301025288,16.66220234792466,16.653752057057158,0.5841886751953623,-0.5231776405480634,0.13396841667938875,0.03920439000195371,0.19377888404812468,0.1936619850430743,0.19371009635059974,0.06030215634353418,0.06021834508151945,0.06027287240604488
20.0,50.0,70.0,60.0,0.1400464491363967,0.139437779304374,0.1397256777756748,-1.652432140751897,-1.6637386935484564,-1.7426818351186604,1.1124720011068983,1.1105712696733994,1.1115193950320947,20.826903779598183,20.825378370296576,20.815785301152083,0.658991099436022,-1.6861926913303058,0.1559402328807734,0.42392543443811237,0.27024168708155194,0.2703534199421539,0.2701921682152863,0.1397141636666236,0.13962736929111605,0.1398536480254951
50.0,20.0,10.0,-60.0,0.1932919189766047,0.1809708379087858,0.1869528201989093,0.8959830297768145,-0.1013106062069852,-1.7520922873776528,1.4775098808655582,1.4739036259811453,1.4725228757295221,1.76994659766482,1.7638815577423868,1.7764630563009167,0.6115427176067273,-0.8927395779866003,0.04095205209764886,0.10942181001017583,0.053340722368930046,0.05359956321724631,0.053612274489287834,0.1873981756017932,0.18674546757478294,0.18722656691529171
20.0,0.0,0.0,0.0,0.0894701204174801,0.0597085068960441,0.07527745145393759,0.3455526696634892,-0.6095419098213847,-2.0798077021433925,0.7321359077443643,0.7316519364162665,0.7316517289534747,1.927383349434486,1.9305793778583378,1.9357696630744397,0.5841886751953623,-0.5231776405480634,0.0004733043325337444,0.05568956021427769,0.06040698922751387,0.060459082266853696,0.0605765283453658,0.0926022261938099,0.09254849880898401,0.0926227910164054
20.0,90.0,110.0,-30.0,0.1866843517521007,0.1846856117172147,0.18583567067181186,-1.813891431971945,-1.8279872527071277,-1.8673291156754006,1.482401566390132,1.4816308739791113,1.4814194865446628,32.583093458928566,32.58269084372385,32.58206078744678,0.708887927446415,-1.8245884878239464,0.2097054059475992,0.9001571401401502,0.41761884229217494,0.41720823538796503,0.4169473805461406,0.1860210753488009,0.185910623169341,0.18598220370429125
20.0,50.0,50.0,60.0,0.1546679824578053,0.1541042968794907,0.15444515023957914,-1.6266815808646813,-1.6355179253895868,-1.7555594513472168,1.2268795355338276,1.2248375278932528,1.2227788936006334,15.461951442866722,15.45171887842195,15.449483685043944,0.658991099436022,-1.6861926913303058,0.13065334655895,0.3702671673428795,0.21276144146613793,0.21264984820810923,0.21272141302363196,0.15472583515386606,0.15420798923335333,0.15446683930213578
0.0,100.0,20.0,120.0,0.2679085739198839,0.2675180629745761,0.2677139429240136,-2.0687326341473407,-2.0746573371053585,-2.083980265964596,2.1167857272785975,2.1139653009894874,2.113185965192279,8.739098402853381,8.733232215946986,8.727263519590402,0.7218526699760112,-2.0319799578528905,0.0056909309127181,0.5350273645244185,0.16752923308160808,0.1675138184014877,0.167489596484982,0.2679061491716397,0.26744623723823385,0.2678027361394774
50.0,20.0,70.0,-30.0,0.147242189836147,0.1468579946590325,0.14708119636508174,-0.7460380998271846,-0.7500828190686056,-0.9832221591461259,1.1630202508202276,1.162949764201295,1.1615394540411597,19.756562768189717,19.75218438228349,19.74398264482726,0.6115535889665169,-0.8927449697353095,0.37739339169077657,0.1867142772142499,0.2392266352892852,0.2391071537246875,0.2390627251208552,0.14721311064779466,0.14702307691306665,0.14703495266404526
100.0,0.0,40.0,-60.0,0.2675615181531047,0.2661370925836703,0.26671002998860316,0.3171275537331763,0.2332247108347811,-0.6693927345631049,2.099497725972158,2.0999965552379174,2.0991710088235855,8.979183452404756,8.973837879414667,8.975931087808206,0.5610837681235579,-0.5198446662288898,0.2760829915050457,0.041061260676308185,0.08759506558313183,0.08764432330896897,0.08778717554511992,0.26676147232612013,0.26672318714660687,0.26665870907033823
90.0,20.0,0.0,-90.0,0.2679683663504938,0.2663262320433717,0.26713721919307754,3.1362315990584664,-3.140433855440381,-2.091345504807426,2.1082069444396248,2.106879202778641,2.1092783227193794,3.2806499848580257,3.2766704299587834,3.273074806863978,0.5984288354084896,-0.7372240745879717,0.0011126486057225307,0.3374522968599679,0.10644030975352126,0.10639303909532587,0.10627357149679262,0.2670940789067249,0.26723306465552654,0.267389857248719
0.0,90.0,90.0,90.0,0.207903264681619,0.2065549117151573,0.2071713793561027,-2.0844691216061886,-2.0906114204863204,-2.0877195403928175,1.6466236537990884,1.6483181519586492,1.6485678842578313,27.37750780143176,27.36575725847173,27.369037724272967,0.7100174044766513,-2.0547884519709454,0.007529240126721229,0.8999268707742791,0.3645286927712706,0.36453901940806666,0.3643461886605497,0.20715812905755548,0.2073917399600928,0.20717008604071196
0.0,100.0,110.0,0.0,0.1987929601950235,0.1969478514430705,0.19789328756129484,-2.075861681968322,-2.086625226587185,-2.0835582906589107,1.5773705071054798,1.5775026109193238,1.5777620389697444,32.797373931183294,32.79293328558097,32.792255710784076,0.7218526699760112,-2.0319799578528905,0.012600315533835985,1.0000586329409842,0.4240747437969046,0.42422072895107554,0.4238813645017767,0.19798896051507792,0.19802446124941755,0.19802259786661758
20.0,0.0,70.0,-90.0,0.0575287595994409,0.0565250674646181,0.057098103631588674,-0.630720159124366,-0.6742357677669557,-0.7543846907542872,0.4523600939269112,0.4513726657934417,0.453695180510762,19.394009849699344,19.388183245345346,19.380369445807695,0.5841624271669669,-0.5232215277674571,0.14894745557196387,0.035013246514488415,0.22392941671119782,0.2239250613003883,0.22398786447476016,0.05701549845330614,0.057214321074327924,0.05732695221449184
20.0,20.0,10.0,-90.0,0.1283635387467055,0.1162464584797551,0.12157336270142007,-0.6404962122256249,-1.3683438611493637,-1.661390510152475,0.9606558498086774,0.9621829697351446,0.9618057353702706,3.648996709533163,3.6396118065923506,3.6459062934955924,0.6161757905340933,-1.2735997998888646,0.040730760372312796,0.08871905733716547,0.06792105741891485,0.06776681279784226,0.0678181741351507,0.12178925940963119,0.12193464235489934,0.12173368644690885
90.0,0.0,80.0,0.0,0.249613964067271,0.2491869465003859,0.2494355948830738,-0.1651621965194567,-0.1673739535287648,-0.5631906128533742,1.9645984844300997,1.9628101920066803,1.9630911343925939,21.18583229030526,21.186296261290988,21.1795823234408,0.562745350766241,-0.5203297715459044,0.7028073319738252,0.02786126788714585,0.2357145837365962,0.23563457615757882,0.2354220199317484,0.24949130079828652,0.24931104188927966,0.24952679692670882
0.0,90.0,60.0,90.0,0.2194405045787382,0.2190143113613058,0.2192651799337499,-2.0938770243901863,-2.098800473425684,-2.0948983122058977,1.738323458719526,1.7378714515000702,1.7388561941823535,19.18787880141393,19.18152304932762,19.168249608574765,0.7100174044766513,-2.0547884519709454,8.577241264849498e-05,0.7183760598115577,0.27467783766047393,0.2745738280802341,0.2742041696414908,0.2192179311025812,0.21930412098759042,0.21932968355744106
50.0,20.0,70.0,60.0,0.1473336223259037,0.1469415610966607,0.14717159630218724,-0.7463480156307782,-0.7503414571988161,-0.9836408999999334,1.163731858042794,1.1636671272312442,1.162263450263707,19.757533337659453,19.752994246474408,19.744818483531873,0.6115535893142118,-0.8927449704416845,0.3775977875593347,0.18701121335081605,0.23925866618176275,0.23913976649738883,0.23909560753611597,0.14730287448769566,0.14711437732692043,0.1471254320689804
50.0,20.0,60.0,90.0,0.1537240696799897,0.1531659494637422,0.15352404688227717,-0.7173303261797414,-0.7250390930601552,-1.0045308369678694,1.212232772255142,1.213371158305387,1.2127825774101706,16.994028062110925,16.990230644805894,16.986911398540332,0.6115535893142118,-0.8927449704416845,0.3396242783606882,0.17717326857250518,0.20873402512614816,0.20861463566196967,0.20854657057092926,0.15354626092511173,0.15360601136970975,0.15346027509907767
90.0,0.0,100.0,30.0,0.2376654747247367,0.2371807333556836,0.237405719691382,-0.2185477540343584,-0.2207321683507442,-0.5188945697560222,1.8681689755182778,1.8681775767314484,1.8687797066955862,26.855167420151407,26.849806962722223,26.841106668251896,0.562745350766241,-0.5203297715459044,0.8518603248697946,-0.003981734372497844,0.30010987735891703,0.2998267203573254,0.29992578128268194,0.2373628575492148,0.23743472128221835,0.23743927517107563
90.0,20.0,80.0,30.0,0.2441346938402114,0.2438808756834245,0.2440319129694227,-0.4025703277586432,-0.4049556281301388,-0.7785154685486623,1.9233572904970802,1.9241749580975207,1.9233079845928847,21.899939282484137,21.901719958327078,21.88817998534979,0.5984987239536121,-0.7371513072756187,0.7288535003028694,0.1898847483741437,0.25818557801408626,0.25809351515197476,0.25801433374218324,0.24408236658331972,0.24407757360495408,0.24396835273619905
0.0,100.0,10.0,30.0,0.2683847253531689,0.2666272728362348,0.2674562028645331,-2.056453284866116,-2.074668770013266,-2.0850335831922675,2.11104841683028,2.1080957681603967,2.114371055308578,5.966725434146718,5.963868440701643,5.963188150902572,0.7218526699760112,-2.0319799578528905,0.004151849978020147,0.4336759670660143,0.13581841037462528,0.13569315365731227,0.13576969923569288,0.2670524210014875,0.26748576409489777,0.2678299548387591
20.0,90.0,70.0,30.0,0.2476541594895999,0.2459501616707943,0.2469140899724659,-1.7650692242328028,-1.7800576918862858,-1.8685074157435448,1.9567983511990628,1.9565108005075764,1.958538118237738,22.196256755255373,22.196519907141077,22.189391934213067,0.7088879274287126,-1.824588487784622,0.20749964046289845,0.899922547013968,0.31392074974659473,0.31377656799237597,0.3136735752848545,0.24681231606266357,0.2470404183542553,0.24706237744675802
90.0,0.0,0.0,0.0,0.2680544161314068,0.2661406320716557,0.2671054144631762,3.1362750423425503,-3.1410982856828125,-2.091362685323016,2.106223467679137,2.10858643316233,2.108527255944516,3.257266487613324,3.252493358098268,3.257220856728947,0.562745350766241,-0.5203297715459044,0.001084048798530117,0.3375906760878476,0.10621056982141856,0.1060811040063627,0.10628648376286423,0.26712512476313294,0.2674159513945661,0.2671150185462852
50.0,20.0,20.0,30.0,0.1870471725603358,0.1785503811309501,0.18352521477534772,-0.0211769906261013,-0.3461359446182248,-1.2207777865267622,1.4483225504755715,1.4486434320471244,1.446369214030161,5.143504488389123,5.143829999975643,5.146027974511539,0.6115535893142118,-0.8927449704416845,0.1285435510265952,0.10833783508097256,0.07686148068943333,0.07676796639988016,0.07690806629576842,0.18385354688380043,0.1836071314274975,0.18356670885387322
20.0,50.0,50.0,120.0,0.1547072765718093,0.1541422204600641,0.15448427960961233,-1.6266002527124277,-1.6355232317595938,-1.755537887107044,1.227301153430712,1.2251575847597016,1.2229660816452437,15.462517958333532,15.452593670621715,15.44996407871769,0.658991099436022,-1.6861926913303058,0.13070220786492331,0.3703810239108439,0.2127821813911304,0.2126738244201452,0.21273501836098116,0.15477988370095905,0.1542334092926467,0.15450545750563585
20.0,50.0,60.0,60.0,0.1471889907073997,0.1465632626673394,0.14691132656097686,-1.64432812873797,-1.65136518245626,-1.7489968546543009,1.1670354172238115,1.1674139010895885,1.1659860460718323,18.14260420436943,18.145856435858366,18.13389917404201,0.658991099436022,-1.6861926913303058,0.14381589821747787,0.3989984268159391,0.24140811627622685,0.24137892558145901,0.24141782661191083,0.1470329406463503,0.14690193143546065,0.14685210057796286
90.0,0.0,30.0,-60.0,0.2835515054968993,0.2610080698041945,0.2678274038111305,0.8777546854551178,0.4716483282684369,-0.9893703558126754,2.119805515003339,2.1163515003931868,2.1182641877329713,5.471695569713309,5.47904897811507,5.479914278812029,0.5627372694022348,-0.5203358125135346,0.10824448736953311,0.059581635809672524,0.04653613518857284,0.046398706773798114,0.04650697938456594,0.2690084600330885,0.2688271144239187,0.2692678467497888
0.0,100.0,20.0,30.0,0.2679083303250693,0.2675186494932826,0.2677130559972785,-2.068853208179379,-2.0746774430483024,-2.0840083337915654,2.11677034967168,2.113956156071866,2.1131891695405796,8.739012325482541,8.733242781789915,8.727270844326076,0.7218526699760112,-2.0319799578528905,0.005676271076098186,0.5350239467109692,0.16752847079467195,0.16751308257701533,0.16748873463129768,0.2679039226073092,0.26744646557090024,0.267802072829603
100.0,0.0,0.0,-30.0,0.2681213567068004,0.2662588374853789,0.2670946895427797,3.1358424303297645,-3.141493108910126,-2.0913565467208093,2.106128525063085,2.108652416680921,2.1084755834901103,3.255687323984842,3.25246046662145,3.2547777352505585,0.561090820928059,-0.5198393032083062,0.0010853683059912492,0.33758372838103273,0.10617335593851936,0.10612952872532447,0.10628845588953421,0.2671265308697137,0.267421658296621,0.2671009779352136
90.0,0.0,50.0,-90.0,0.2670228087158278,0.266442988499412,0.26675860285154224,0.1052278904312614,0.0817401908944525,-0.6209468765430775,2.0998067575022588,2.100415080686874,2.0995044857226923,12.198319339225716,12.199853951078998,12.196559370925977,0.5627082206070733,-0.5203884652756425,0.40762935068427103,0.040003620857066755,0.12838589680102777,0.12850866681608733,0.12841344908949653,0.2668119882418126,0.26678011040780464,0.26670043873340127
50.0,20.0,100.0,-60.0,0.138589818985231,0.135574415665068,0.13717097393415312,-0.7369303838399847,-0.7518148644875904,-0.9021322749271995,1.0841918884310142,1.0861885980172814,1.085480190537275,27.99993562797779,28.002621211517663,27.99210562460203,0.6115526301588783,-0.8927445230513408,0.50362006842647,0.2000952707879333,0.3305645747547379,0.3306318632548929,0.33039860175789665,0.137225032613919,0.1373909706376855,0.13713370304762454
0.0,90.0,10.0,-30.0,0.2683576230553641,0.2666200517003568,0.2674409449474392,-2.058708091904098,-2.0760208272001703,-2.0857470813234618,2.1109976399807295,2.1079007153820815,2.1144333761733116,5.965521412330732,5.963590465542229,5.963523355194285,0.7100174036300859,-2.0547884500818676,0.003843220563465071,0.4336501998406357,0.13581233787019342,0.13571219464250753,0.13580139034625435,0.26702809208552014,0.2674761455437167,0.2678349690673135
50.0,20.0,30.0,120.0,0.1776624411761288,0.1733410641163849,0.1760556308017182,-0.3975116613051863,-0.5064584858996082,-1.0954388230798882,1.388583397041603,1.3893114286449773,1.3888027390621998,8.357157679620418,8.355104752844314,8.355079777547894,0.6115535893142118,-0.8927449704416845,0.19766416182980093,0.12754626493460974,0.11200079202538166,0.11187961541610035,0.11207851769921938,0.1761520922324961,0.176176336386169,0.1760877089062434
50.0,0.0,110.0,0.0,0.1242841567069102,0.1209427644879462,0.12284371722756753,-0.3782643370256375,-0.3913122159095346,-0.5235501070042176,0.9672082591741653,0.9668976707215197,0.9668287042979075,30.187599153510984,30.185397817590307,30.178331607622134,0.5786783317088385,-0.5219133872819157,0.5033937983526245,2.385167555584975e-05,0.3427823071013572,0.34279860633693626,0.3426187092128166,0.12294458718819842,0.12290769685455226,0.12293758043331275
20.0,20.0,0.0,30.0,0.1303102806245547,0.1138766629648498,0.12239173139857983,-0.2380295630383244,-1.0347700891483729,-2.088723715594613,0.9877104459070374,0.9896905914352404,0.9889459393022534,1.8991800366291751,1.8956002396742042,1.9027798684051258,0.6162442654560011,-1.27379193074638,0.0005708428341066372,0.07632333808293834,0.057598739856766265,0.05716751910272834,0.05809533620764664,0.12532098095914757,0.12544270351857686,0.1252308308323761
90.0,20.0,60.0,30.0,0.2642535877841894,0.262976093815663,0.2638919425164482,-0.2547661739228879,-0.2684408357936881,-0.8096941069041599,2.0786125753629694,2.080035701258688,2.0798449260645118,16.010996510884357,16.009594448514484,16.004523545763874,0.5984987239536121,-0.7371513072756187,0.5746259432365051,0.16911712064146459,0.19000223311140876,0.18996541179717746,0.18987303165546138,0.2638719801850933,0.2640345667971872,0.26384584063434485
50.0,50.0,70.0,-30.0,0.1805589019851752,0.1801947709685742,0.18039406256768428,-1.1268954565641622,-1.131540969829474,-1.3476905209692518,1.4284839429977074,1.428795743118255,1.4292807299725945,20.607061080319404,20.61081708716865,20.604960703420566,0.6550888172950681,-1.2898374643636894,0.390684456788554,0.42180974856107384,0.26681633009430045,0.26653943641368094,0.2667046293222097,0.18035598972564246,0.18044828489672718,0.1804178897337196
0.0,90.0,30.0,30.0,0.2484158432152853,0.2479187281359774,0.24817086036262068,-2.0913862923068414,-2.095375442107772,-2.0922477103757546,1.9631970182032599,1.9614539259612263,1.9612158026400754,11.255260405683115,11.25221091045465,11.250121997710808,0.7100174044766513,-2.0547884519709454,0.0013894404538588297,0.5666658617498606,0.1912844763991537,0.1910986449203653,0.19110944741201027,0.2482766141390336,0.24803007216840262,0.24823685966636605
0.0,20.0,40.0,-60.0,0.0821235471012015,0.0810982201546749,0.08164373993488733,-2.079157170353063,-2.0957818669713006,-2.087865860178979,0.650926943960369,0.6479788547598273,0.6513264597114674,12.00192951675672,11.9968636078644,11.994223412373186,0.6171379842331055,-2.0149963671831603,0.0010988908099436815,0.15353893139613561,0.15730639527923246,0.15713030419596374,0.15716881816039552,0.08152230482225571,0.08158397267941296,0.08192277735364413
20.0,0.0,110.0,0.0,0.0506496974664943,0.047229471869093,0.04912757599603507,-0.4430438244352432,-0.4992501592999681,-0.5235651822457406,0.388171185688153,0.38638657619740574,0.388520936042099,30.316427582215617,30.316343195054753,30.308951598178872,0.5841886751953623,-0.5231776405480634,0.2032987893430986,1.7774400268989387e-05,0.3454825073925235,0.34541134312416344,0.3453756001250766,0.04921611137949782,0.049278176516225417,0.04948318188431986
50.0,0.0,40.0,-90.0,0.1582138905583157,0.1560330049676802,0.1575094673906433,-0.1898942263117161,-0.2307833959658257,-0.7034834875342478,1.2408265997133447,1.2408455559647387,1.2408663668299873,10.583983847442626,10.581474114883646,10.580402415780235,0.5786332642046196,-0.5219794135903347,0.22452017682818198,0.040951027861090256,0.12148317359947162,0.12136391774103447,0.12128713101868431,0.15755635298395634,0.1575569925696986,0.15755400098173458
50.0,0.0,80.0,60.0,0.1363927863818131,0.1359925191680584,0.13620373756452178,-0.3764851343462774,-0.3847084978167966,-0.5921638256232391,1.0738171514142019,1.072725748534189,1.071934720199194,21.876027680566462,21.86138761899196,21.856194116638363,0.5786783317088385,-0.5219133872819157,0.40534747293887474,0.027829675630085895,0.24919663801807776,0.2489035488021852,0.24908647266721468,0.13632883422676853,0.13606639811856536,0.13623634237013094
0.0,100.0,30.0,-60.0,0.2682584910512199,0.267706640573033,0.2679563110376479,-2.0719150015362744,-2.0787913903767303,-2.0835406413221578,2.116605376053548,2.118944561776282,2.1184586938662724,11.487777440447648,11.49081550976717,11.472914012213137,0.7218442624088033,-2.031966522112935,0.007101558706239874,0.6365243149650348,0.19900405998834103,0.19898021752075074,0.19875846645177703,0.2679037028119358,0.2681535280784626,0.26784336931075886
20.0,0.0,30.0,-90.0,0.0713102135584249,0.0691117370439923,0.0702829271819628,-0.6907682011171227,-0.7551997036275586,-0.98131005455898,0.5556600059391927,0.5551394656559261,0.5557949725787709,8.472525308688077,8.478004722534504,8.468482660288778,0.5841352802780786,-0.5232667446624526,0.07764103791114996,0.038297968602722915,0.10343640064712196,0.10340881712615425,0.1034104860507811,0.07028560897290718,0.0703100580202945,0.0703772314793977
100.0,0.0,120.0,60.0,0.2061137103094043,0.2045967403787302,0.20533894199730515,-0.3034730077934802,-0.3149675299129604,-0.5233406812744017,1.6168820702151854,1.6143498308441966,1.6187826066846538,32.70407199572305,32.701181374384696,32.69174317004247,0.5610908219554596,-0.5198393037975151,0.9054943587520476,-0.00023834870617992927,0.36909859945061607,0.36898440733200427,0.3688220634698185,0.20513585074709878,0.20539266228331704,0.20568197814613134
90.0,0.0,60.0,60.0,0.2670346503662816,0.2664722806897379,0.26674547585344577,-0.0115750210462976,-0.0218464693002694,-0.5969764321905369,2.1002466108626785,2.1003078982607364,2.0990216376642303,15.22760624949186,15.22716602432505,15.222223991051536,0.562745350766241,-0.5203297715459044,0.5253759342114559,0.038727911865895234,0.16483358209828958,0.16481713703318324,0.16482886231503802,0.266840144099508,0.2666881033585168,0.2666796347084116
50.0,0.0,10.0,30.0,0.1850661804159735,0.1581779775332725,0.16826099885024526,1.4331840757626744,0.2796596657483979,-1.9279643739859642,1.3502008909189602,1.3438282218675681,1.3469997948545023,1.7317950743442534,1.7537691666218012,1.7049873499005506,0.5786783317088385,-0.5219133872819157,0.013917532738264987,0.08017213938751226,0.04994097490001529,0.05057182930405806,0.0500289567286965,0.1710117194350067,0.17055718032595377,0.1713511098452014
90.0,20.0,50.0,-60.0,0.2676675879772867,0.2664779271757136,0.2670023772923318,-0.1485693988001867,-0.1698236291390201,-0.837135954844047,2.103590465644674,2.104527080949706,2.102514993660285,12.973997379590246,12.970393531052812,12.96831195481081,0.5984922932092092,-0.7371534685658178,0.46845884004597094,0.1520522670049381,0.15399330860598415,0.15408895492836924,0.1538996660949251,0.2671302266042057,0.26699049734120883,0.2668705686771062
50.0,20.0,100.0,90.0,0.1385904443434628,0.1355655027811125,0.13717106317056005,-0.7369304007728613,-0.7518218923029527,-0.9021328219987511,1.0841938125796378,1.0861906036331237,1.085482399081275,27.999938187402762,28.00262392544661,27.992107852440782,0.6115535893142118,-0.8927449704416845,0.5036192318863838,0.2000952437519012,0.3305646583340044,0.3306319479345705,0.3303986764557759,0.1372252720672081,0.13739124513963163,0.13713396697610636
0.0,50.0,110.0,0.0,0.1085740377039567,0.1070972987657843,0.10794142847710197,-2.083599505526241,-2.0947503421643425,-2.0893950839455853,0.8697278376922377,0.8682107798100162,0.8675146422225337,31.6876822200332,31.675296881544092,31.674321535252982,0.6597422425592191,-2.0628742020185755,0.0041127778609628355,0.49996396934045034,0.3888011714645558,0.3887871001517472,0.38835095795498314,0.10817177820148362,0.10791795557618482,0.10810029439264751
90.0,20.0,70.0,-60.0,0.2536308655748227,0.2530269791505097,0.2534034889213434,-0.3444007543635146,-0.3490431749294456,-0.793390193687189,1.9966937259792443,1.99812098039904,1.99646312277419,18.996612665147293,18.99250478699671,18.986305705962415,0.5984944469701481,-0.7371527097849615,0.6564464976233297,0.18152323704727075,0.22471453800169755,0.2246997695940538,0.2245916452912021,0.25349861304224824,0.25346569125892454,0.25328437440251184
50.0,0.0,30.0,30.0,0.1661789854154121,0.1608624620626164,0.1642467106180974,-0.0023215183494024,-0.1253769748574621,-0.7641293290569693,1.2940571515812362,1.2950104982405168,1.293645913947995,7.556998076807945,7.5560391956334865,7.556499826835589,0.5786783317088385,-0.5219133872819157,0.16423418044837193,0.04058162183936463,0.0862899133162479,0.08626881562625353,0.08634165725408795,0.1644057332042872,0.1643565343910621,0.16423463398943894
0.0,20.0,10.0,-60.0,0.1093777938050807,0.0962829358448939,0.10265549318635965,-1.6739525493224146,-2.3132249860368885,-2.0695971882532085,0.8151804616556058,0.814463694430241,0.8126892658803848,3.989710225564287,3.9914246246985425,3.9891762740153816,0.6171348173865755,-2.014973641002423,0.001822762912811805,0.0873254763137924,0.07197822459605437,0.07209429600261999,0.07199386967756843,0.10323560186533531,0.10291492428097157,0.10300513555693702
50.0,0.0,100.0,120.0,0.1360065596456301,0.1353035444209517,0.1357292382450141,-0.3515191376692531,-0.358057375679119,-0.5237811169268024,1.0688540457210771,1.0686104685815796,1.0676422921784376,27.33981738641193,27.335424218539657,27.327465841957384,0.5786783317088385,-0.5219133872819157,0.5031638477136645,0.00011890526012231564,0.30977794442340845,0.309871859607279,0.30983357755013524,0.1358342816364762,0.13569032053717173,0.1357233642526276
0.0,100.0,40.0,-90.0,0.2581085972932162,0.2577481876220692,0.2579189072556115,-2.088951295480551,-2.09133624625896,-2.090610254504521,2.040687823237423,2.0396611657588894,2.040587668733554,14.13170162478442,14.128035460161717,14.120404454945636,0.7218038304606155,-2.0318834578084943,0.0029153005408703936,0.6976536104222645,0.2263145537792696,0.2261675672550041,0.2262395854014434,0.2578896464941954,0.2578914894505563,0.2580076817268453
20.0,0.0,90.0,-60.0,0.0526765086775106,0.0520588057584142,0.05236862932510578,-0.5526968460545215,-0.5744454445332231,-0.6339315767920755,0.4144680721991485,0.41539422431961986,0.4123401964991116,24.836670944451665,24.830619452366438,24.824826538007976,0.5841867693761401,-0.5231780343947408,0.1772117366297925,0.019616489253701977,0.28425904693403053,0.2843911676856369,0.28400116205508746,0.052641522171423295,0.05234639676877455,0.05224462519272971
90.0,20.0,80.0,-30.0,0.2440993996430638,0.2438495153766564,0.24399722737056526,-0.4026054751986681,-0.4049634147861899,-0.7784918696962712,1.9230840975713877,1.9238993446061943,1.9230354661843008,21.900021208687022,21.901784246606518,21.888259590311577,0.5984987236881333,-0.7371513070422187,0.7287524764294656,0.18983951809305136,0.2581848932099639,0.2580926205420492,0.2580135935379289,0.24404745347002413,0.2440427372417486,0.24393383559880535
50.0,50.0,90.0,-30.0,0.1819498939537413,0.1796523366659566,0.18094486325762354,-1.1210316987107154,-1.13681645466538,-1.3053982604133179,1.433098931407051,1.4347575588175552,1.4364796021111157,26.158325851394594,26.162397705376236,26.15377067642935,0.6550888174775882,-1.2898374647711845,0.5044127657742696,0.5001236432174908,0.3289899179803967,0.3288580665831501,0.328881782162603,0.18082291668065542,0.181244221098737,0.1810252338081664
0.0,50.0,90.0,-60.0,0.1267837025901947,0.1254203906834582,0.12602293652153063,-2.065394346184374,-2.0915397881889723,-2.0797643141982665,1.006777927806781,1.0070740980981723,1.0078724657936637,26.369621925872625,26.364327767645005,26.362394460104497,0.659740139135107,-2.0628685442219727,0.00802959068106085,0.5000100168925132,0.3324775406201757,0.33243700035475293,0.33248075818244166,0.1260184839525133,0.1261433863669387,0.1261167031932127
90.0,20.0,120.0,-60.0,0.2007322683683096,0.1996612302559595,0.2002630369137522,-0.5338464551978852,-0.5413965243131832,-0.7415025863559743,1.5806238998160822,1.5806128019497898,1.5806199133319805,33.27553556531764,33.27193539114656,33.256016779435626,0.5985001136324868,-0.7371508836416263,0.904037711312779,0.19981587134473822,0.38729502072951505,0.3873921962808545,0.3870528986921691,0.20033042933821613,0.20034831286253224,0.20031308304281464
0.0,100.0,100.0,90.0,0.2118607679990719,0.2100379421854162,0.2110711859108348,-2.071436282313307,-2.091254590039378,-2.0835727841888696,1.6782464218977637,1.6813653310665264,1.6792502414898964,30.21229367587595,30.217064695551908,30.210905718577006,0.7218526699760112,-2.0319799578528905,0.012547830078479982,1.0001171711700032,0.39824627591156864,0.3984867498638844,0.39790528412518683,0.21119838115591344,0.21133087969727019,0.21095059685663348
20.0,20.0,50.0,60.0,0.0944249198629118,0.0938185643927928,0.09414450104224115,-1.312871302871795,-1.334132483334916,-1.45918655160065,0.7480549378575876,0.7468986891158681,0.7488715899195846,14.610190528267207,14.607533201997427,14.609252750302456,0.6162442654560011,-1.27379193074638,0.12367958994301656,0.1676543741255721,0.18531932932752632,0.18536915317057093,0.1855094641907309,0.09404324394298857,0.09414400312068745,0.09431215105206282
0.0,100.0,100.0,120.0,0.2118607654233159,0.2100379322167909,0.21107118442677839,-2.0714359625454737,-2.0912531474765066,-2.0835724828194087,1.6782464121300267,1.6813653425031638,1.679250206088823,30.21229362681473,30.217064618169246,30.210905620329655,0.7218526699760112,-2.0319799578528905,0.01254815316114915,1.0001171517110152,0.3982462746304119,0.3984867488682507,0.3979052811262711,0.21119838272185823,0.21133087848419993,0.21095059269689995
90.0,0.0,40.0,30.0,0.2675958467848779,0.2661278712977418,0.26671459045151885,0.3162156672331124,0.2301526277539079,-0.6706983602069914,2.0998038804929418,2.1000227299036514,2.0989726339726875,8.983091100784772,8.978339126444988,8.97998930426786,0.562745350766241,-0.5203297715459044,0.2765433770561021,0.04151680805645608,0.0877661472079111,0.08782009946362632,0.08792911230795389,0.266797356625367,0.2666949697864353,0.26666621459302575
100.0,0.0,80.0,-60.0,0.2528181522802218,0.2522936323115258,0.2525779194393744,-0.1584352063152442,-0.1615711002820967,-0.5623442735127833,1.9889174387173076,1.9874712007487139,1.9883166736825824,21.158193399226615,21.157417308971496,21.15659444358619,0.5610878047322839,-0.5198414920339591,0.7099729307535637,0.027540627109208567,0.2351212614896961,0.2350736513866568,0.23491885401280882,0.25256855932778466,0.2525070226549393,0.2526838427918816
20.0,0.0,30.0,60.0,0.0716538073092304,0.069391686442568,0.070585424067758,-0.6903559329795828,-0.745914219010488,-0.978983116102277,0.5571780419242593,0.5580332012628849,0.5585663233211523,8.469078924308397,8.474224244075709,8.469137458280313,0.5841886751953623,-0.5231776405480634,0.07803144032590834,0.03827288421550827,0.10334094209599068,0.10338298892874855,0.1033968998325734,0.07054530391368719,0.07072887626673685,0.0706182939498313
50.0,50.0,0.0,90.0,0.229278042886789,0.2286525869033504,0.22894983600443447,1.590298349394741,-0.1716537467377413,-2.0913923274668704,1.8097825001521657,1.8027637231872573,1.8061895670478023,2.7769828121760907,2.7766356851518883,2.7703855295474558,0.6550888176419655,-1.2898374651384217,0.0007877201080716795,0.24602379523304607,0.09060566259193358,0.09063249991041883,0.09038413791984025,0.2290066163737582,0.2285357077816719,0.2294439377042167
0.0,90.0,60.0,120.0,0.2195180562503154,0.2190938154760166,0.2193441372639313,-2.093749007148712,-2.098697548136563,-2.0948198649316048,1.7389454193151874,1.738485235938148,1.7394901895479404,19.18872335297069,19.182542912422612,19.169207572642414,0.7100174044766513,-2.0547884519709454,0.0001424114978554493,0.7187153667508351,0.27470712729272134,0.2746054280711058,0.274235462082664,0.21929560597375736,0.2193833517594159,0.21941002011787317
20.0,90.0,40.0,-60.0,0.2437459313777305,0.243196170445136,0.24347722230384897,-1.734819087022224,-1.746515409856838,-1.8905667798393038,1.9246335605600442,1.926654506093503,1.9268173631571073,13.802860205737737,13.804494983108752,13.799475017403239,0.708880946127847,-1.824576301017658,0.1281897557699785,0.6193152346656223,0.21716670099471105,0.21735900747553394,0.21715493520570645,0.24338250523265464,0.24367239734128446,0.24341344890822356
20.0,20.0,120.0,30.0,0.0621221422967124,0.0588100750863685,0.06058843556388245,-1.2451752639727816,-1.2709680705374549,-1.3020819253782003,0.48988798195561156,0.4941315322433415,0.49286065286076747,33.62113717871046,33.62937384907606,33.62900286677385,0.6162442654560011,-1.27379193074638,0.2043245825811724,0.19999038444949865,0.3939487440375483,0.39431205524955354,0.39413421085448114,0.06077024700716105,0.06114925388425107,0.06063432476791137
0.0,20.0,60.0,-90.0,0.0702191250169222,0.0698159333065635,0.07000572447472857,-2.083806013897296,-2.095285039631741,-2.091262722277203,0.5596055236679471,0.5621265679347694,0.5614535581708174,17.371047654541556,17.368492358836253,17.35903709370955,0.6171109776467286,-2.014756181761486,0.0007300586938528855,0.18047769134740121,0.2155983037082687,0.21589214756438047,0.2156093785411325,0.06998095302197406,0.07021307503415113,0.06989759129881584
0.0,100.0,90.0,30.0,0.2264536687558582,0.2247489938047131,0.22570949288986106,-2.077866083617792,-2.084803955226853,-2.0835999080923684,1.7964890170735075,1.7930123567792173,1.792209646842074,27.615103428901836,27.603725891812896,27.59994102162458,0.7218526699760112,-2.0319799578528905,0.012433209184437025,0.9999420889838497,0.3722520684702714,0.37211129412944,0.37184928541211476,0.2259878107867201,0.22545405775016755,0.22588551846950555
0.0,90.0,80.0,60.0,0.2234929196781802,0.221807800054529,0.22266478632949058,-2.086208805259712,-2.0916834750952247,-2.0893878826939227,1.7706006827704481,1.7669218515673548,1.7675289798066076,24.81135315046415,24.80177787595229,24.790145679449086,0.7100174044766513,-2.0547884519709454,0.005578418565086742,0.8999507057876099,0.33894061752214283,0.3388810467988672,0.33863064597356807,0.2228172575267321,0.22245317129870923,0.2229046779171426
100.0,0.0,60.0,-60.0,0.2670380498764959,0.2664751005551752,0.26674688100172217,-0.0108434890133398,-0.0186225451367783,-0.5959346686485856,2.100293580146173,2.1003349328364767,2.0989606436089936,15.22404307554396,15.223840117201696,15.219098685894416,0.5610857842245243,-0.5198430606343498,0.5250423427836374,0.03814298584149725,0.16472120131328283,0.164706175272723,0.16471928441330957,0.2668500005302269,0.26668445801206186,0.266678205048585
20.0,0.0,120.0,90.0,0.0459516605471831,0.0437931691108885,0.04502294509640077,-0.4343740199456641,-0.523240288535099,-0.5231719461958891,0.358353649355156,0.3581193530013196,0.3587759369486201,33.10375278365881,33.10801473772448,33.09288250022899,0.5841886751953623,-0.5231776405480634,0.2037260729832,-3.380562020955346e-05,0.37716010614681583,0.3769824687309063,0.3770649577561657,0.04537987630295081,0.04546254808034012,0.045468844680387484
20.0,90.0,70.0,0.0,0.2476510284704286,0.2459534378625207,0.24691160928667508,-1.7651369194250224,-1.780083528659839,-1.8685502116115706,1.9567709629072254,1.9565088039314524,1.9585077394515642,22.196233729687858,22.196570881319474,22.18936759762313,0.7088879274287126,-1.824588487784622,0.20746045791083415,0.8999255716808632,0.3139210799738307,0.3137768970369713,0.3136724336313163,0.24681106267455613,0.24703880485662277,0.24705743256515317
0.0,90.0,110.0,-30.0,0.1816704848901553,0.179817086716622,0.18094920513342988,-2.077822401206852,-2.0959130736834086,-2.087375182227869,1.4466668851518814,1.4402276375555503,1.444191577027992,32.60559324690262,32.59591631567857,32.589669752663056,0.7100174044938806,-2.0547884520095097,0.008074931466841781,0.9001885026924096,0.41778297864126634,0.41765823022385223,0.4173971808771305,0.1809884023883315,0.18070741717744335,0.1814949539665179
90.0,0.0,70.0,120.0,0.2591609163401778,0.2585752806985131,0.2589941127676075,-0.1011736926119361,-0.1065733234457785,-0.5793326633586807,2.0390596104842484,2.0397355025032473,2.037986874642124,18.25196799661372,18.250547550571344,18.243831410583592,0.562745350766241,-0.5203297715459044,0.6221370837752265,0.03476102172038356,0.20133206017871924,0.2012117966639409,0.20127139136761593,0.25912977138794485,0.258982359429508,0.25891231698266354
20.0,0.0,90.0,60.0,0.0528486059792723,0.0522379968739405,0.05254610555495312,-0.5488873210630414,-0.5735242106275598,-0.63259008677401,0.4158681950993705,0.41650238066920725,0.4139449798939905,24.834436504676205,24.830859799111106,24.824086097375563,0.5841886751953623,-0.5231776405480634,0.1778224472417581,0.019447189870706812,0.2842451510603303,0.28437023067187467,0.28397298751159883,0.052788144149815,0.0525236634715625,0.052452617158267906
50.0,0.0,110.0,90.0,0.1242846032411205,0.1209424927305359,0.12284369625041866,-0.3782617444180914,-0.3913101636424085,-0.5235492225044557,0.9672079460738611,0.9668973497204542,0.9668283476112127,30.187597680522234,30.185396501200355,30.178330314833655,0.5786783317088385,-0.5219133872819157,0.5033937930995218,2.3402707408670403e-05,0.3427822631673852,0.34279856531359243,0.3426186686524015,0.12294454967733974,0.12290765428793413,0.12293753889881269
50.0,0.0,20.0,-90.0,0.1787491034174132,0.1622115996246765,0.16877229998891796,0.4858463731117262,0.0792091259304456,-0.9726981253506694,1.3483157544283804,1.3471960079807304,1.3462205163438097,4.426776300112847,4.475922983701746,4.440281391960897,0.5786200967865149,-0.5219978493793215,0.0896644954673871,0.049188576601782934,0.05786557077006474,0.05791702037624822,0.057524051967892155,0.17122844876820975,0.17088624483760206,0.17100739717233227
90.0,0.0,10.0,120.0,0.2692608538228722,0.2608180049578901,0.2663250811391197,3.1404636729009465,-3.1374594209469344,-2.2591411535485366,2.1002546761714083,2.100407403291506,2.1033665007366484,4.569597011914801,4.5764461316436575,4.560368476148559,0.562745350766241,-0.5203297715459044,-0.053187506374462644,0.3412857237164235,0.11404464911750564,0.11408626817724087,0.11387772052553284,0.26609801808476635,0.2664935902833919,0.26646766485779333
20.0,20.0,90.0,90.0,0.0789130193119284,0.0778128952812815,0.07838125035763617,-1.2167811722133135,-1.237251627950692,-1.303631555774826,0.6265693253230942,0.6272384824441376,0.6274894392736173,25.42038396630779,25.42330846558114,25.41833644430237,0.6162442654560011,-1.27379193074638,0.20260618736978384,0.20002375467350586,0.3036702776063805,0.3035210931351544,0.30353952549172725,0.0783763155359212,0.07849379691126067,0.07840292092473049
20.0,0.0,30.0,90.0,0.0716816710304573,0.0694117086533495,0.07061149283414378,-0.689878888218499,-0.7456174660887234,-0.9788218741675273,0.5572125053425002,0.5584624055355655,0.558734052867626,8.468562122937595,8.47371901738733,8.46975139613383,0.5841886751953623,-0.5231776405480634,0.07806567921017063,0.038274752136487684,0.10332652736059678,0.10338891808259959,0.10339891218742142,0.07057831339158994,0.07077801978064402,0.07061767589272781
50.0,20.0,90.0,0.0,0.1377496531991196,0.1372810051161731,0.13750632943741978,-0.7478598460390713,-0.7517537090733308,-0.9251189831600255,1.0871727690715005,1.0875190573915698,1.0883696145354187,25.230093766589363,25.228034645488815,25.223189876914404,0.6115535893142118,-0.8927449704416845,0.4536618410319271,0.19245861160787486,0.2994977685232317,0.29960716298570833,0.2995845932336484,0.13742843058774631,0.1375867679763912,0.13754822561547436
0.0,90.0,120.0,-30.0,0.1706804140475274,0.1689185101567695,0.16985324470616162,-2.07044668767458,-2.077242625678465,-2.076200844610307,1.3588515621204162,1.3573187260281865,1.3599357548110032,35.203711285796906,35.196943717479286,35.19130479433606,0.7100174045798465,-2.05478845220227,0.018170111716586966,0.8994435877814625,0.4443710521006962,0.4445580533828116,0.4442824930455614,0.16988428718316337,0.1700526773490339,0.17021629646105835
0.0,100.0,80.0,60.0,0.2429069108402108,0.2412520533949736,0.24203605412841758,-2.0770009179301083,-2.0836641423144475,-2.0835497271942396,1.921082172135182,1.9210356818926793,1.9216403753659757,25.04216019025755,25.036871510349695,25.03480023614199,0.7218526699760112,-2.0319799578528905,0.012142632103920154,0.9999267968368097,0.3466165150838679,0.3466060938832412,0.3463716796402704,0.24204327554383975,0.2421274318712167,0.2421178603255969
0.0,90.0,120.0,90.0,0.1706772585443884,0.1689132784740478,0.16985088430052486,-2.071653487490356,-2.078430211607961,-2.07722167634756,1.3586710220741791,1.3574027010019605,1.3599707527427383,35.203925385184206,35.19704974345329,35.19116296952793,0.7100174044766513,-2.0547884519709454,0.01725566264148576,0.8994464243888894,0.4443672482597093,0.4445656429079748,0.4442783059448195,0.16987450299352821,0.1700698781358312,0.17020017534954718
20.0,20.0,110.0,90.0,0.0662898361670552,0.0649971907885448,0.06561846542463884,-1.2368388811167446,-1.2646800278968626,-1.3022688252498908,0.5261954988256285,0.5300748304036897,0.532786721712808,30.902367882732232,30.89981339287319,30.902647703249553,0.6162442654560011,-1.27379193074638,0.20379686548312886,0.20001142360053895,0.36354948292467987,0.3635917871298982,0.3637811609345054,0.06541151956271518,0.06620829861641624,0.06574322586265133
100.0,0.0,30.0,30.0,0.2835531252095462,0.2604155919853669,0.2677971421856001,0.8675518747696368,0.4676945568268217,-0.9872001584958374,2.1211235596842326,2.1166282027340992,2.118469475267579,5.489521959877489,5.4496231617521245,5.482193208840771,0.5610908219554596,-0.5198393037975151,0.10882596096450148,0.059482180866247875,0.04665519307505589,0.04706120971759183,0.04637329405405736,0.2691237357915391,0.26878776261002424,0.26937644381613307
0.0,90.0,30.0,-90.0,0.2485505011595184,0.2480376228592426,0.24828623348334744,-2.0924984223392555,-2.096578026478176,-2.0928368616405053,1.9641377658054535,1.962319768324111,1.9621496989544989,11.256437139576372,11.253951999409795,11.25150916358117,0.7099603061655054,-2.0546706110665234,0.0010571467546240906,0.567062506026903,0.19132184089703227,0.19114580768736406,0.1911564150799696,0.24838922994743867,0.24814131978856724,0.24835946217366411
20.0,20.0,100.0,-60.0,0.0728823909331072,0.0702277907198021,0.07149837597567593,-1.2178423563405465,-1.2647614744821118,-1.3022609709267179,0.573657324153478,0.575282506576805,0.5729117561760074,28.16497198014121,28.164835118545515,28.157003060655327,0.616243251924134,-1.2737894192114145,0.20337514400421072,0.2000274954556128,0.3335841957266962,0.33368261268008276,0.3335200284242974,0.07175726055482894,0.07166484055447221,0.07146730240654672
90.0,0.0,90.0,-60.0,0.2411271694467554,0.2408911972297592,0.2410329957255251,-0.2074554525566806,-0.2101092420763566,-0.5481007107916573,1.8967973284383066,1.8982724131566788,1.8968478980714576,24.073971865210616,24.073510372855775,24.061112735131548,0.5627434381358618,-0.5203311479384493,0.7756561469697393,0.01901605988146523,0.2692546222643245,0.26906949395064883,0.26891124458667864,0.2411047318352683,0.24110189862538925,0.2409151498574678
20.0,0.0,90.0,90.0,0.0528541841676581,0.052242673488259,0.05255251922849982,-0.5489762787041417,-0.5740321268997114,-0.6323998958322502,0.4160895180237144,0.41640628049196277,0.41396872224101033,24.8338412470392,24.83102823508786,24.823368706991534,0.5841886751953623,-0.5231776405480634,0.17784506894904265,0.019414837264436945,0.2842508556794885,0.2843657106906224,0.28396001018138495,0.05279728690117777,0.0525102051314289,0.05247745882093317
90.0,0.0,50.0,0.0,0.2670272765224567,0.266443873546087,0.26675971958376643,0.1050688718857228,0.0809040572935524,-0.6212362973819906,2.099845441963757,2.1004327814144146,2.0994814434331035,12.199100951047184,12.200667322812619,12.197439892446337,0.562745350766241,-0.5203297715459044,0.4077230271484613,0.04013818371837545,0.128417144953472,0.12853974545014862,0.1284429348013006,0.26681738434026964,0.2667777259785524,0.26670088012191534
20.0,0.0,20.0,-30.0,0.0751181481941805,0.0730730698874524,0.07438611692006966,-0.6041078760313833,-0.7361451708037575,-1.0584816790516067,0.5872591071937168,0.5880291507862505,0.5875264933247897,5.68798507307585,5.689201817709134,5.685365514435592,0.5841886744110756,-0.5231776381572408,0.055574953977400796,0.033055922158428314,0.07296041466902291,0.07281857907004023,0.07316506655582747,0.07444226883119877,0.07445525069259781,0.07438968605980396
100.0,0.0,60.0,120.0,0.2670357734185168,0.2664783639765791,0.26674532616387125,-0.0111613631135073,-0.0201845338295146,-0.5963650395118761,2.1002830323571757,2.1003135858542454,2.09896429917834,15.225370632726515,15.225215878078135,15.220335956898339,0.5610908219554596,-0.5198393037975151,0.5251745136765167,0.03837626477772403,0.1647639271214533,0.16475575460309622,0.16476214737108558,0.2668467174519366,0.26668305404199566,0.2666780988321652
50.0,50.0,80.0,-90.0,0.1747752767738022,0.1741160147378328,0.17447903918051144,-1.1332167556058752,-1.1388833591429552,-1.3252078415649262,1.382051881378521,1.3830141227877508,1.3839998123216313,23.32564317227557,23.32918825075432,23.32244603981093,0.6550687617029807,-1.2898185306658798,0.4297972193898519,0.4434968556798271,0.2960652322517421,0.2961903471480026,0.2962501939335608,0.1743802806081399,0.1746203132613517,0.17450669801412114
0.0,50.0,70.0,-30.0,0.1315147981594657,0.1310089264165183,0.13121312271008254,-2.0935796604855894,-2.104027298996396,-2.097288387767731,1.0467697351446419,1.0451957032663837,1.0441873191720685,20.86656405579093,20.865216977429675,20.855313384510676,0.6597422422468042,-2.062874200932935,-0.0008614517756745403,0.4252426873140659,0.2713523392435547,0.2710872760925022,0.2712216506201416,0.13137940534731196,0.13105529516200762,0.1312516622362264
0.0,20.0,20.0,90.0,0.0956285573746427,0.0941005386490052,0.09474447379504786,-2.0631376391339216,-2.0924389694727688,-2.083926674180332,0.7495779288411205,0.7524738814289066,0.7497864668840366,6.6609885830083835,6.656017351748214,6.641848740584234,0.617145342061956,-2.0150473293853004,0.0012699378984436258,0.11278094618422263,0.10038082470466464,0.1005370671879562,0.10033728522999699,0.09491818534288518,0.09491034748519327,0.09454845753390567
0.0,20.0,70.0,60.0,0.0650085345080432,0.0645762892040337,0.06473752905822276,-2.0854245463363634,-2.0997850854136098,-2.0917343667117225,0.5208551709862036,0.5221502107588837,0.5199003635289116,20.067342700793198,20.06027731987213,20.05536397554162,0.617145342061956,-2.0150473293853004,0.0007404894365235091,0.18966990554117635,0.24486007110174013,0.24491347453495202,0.24477849531768506,0.0648932576259408,0.06478195192666097,0.0646230675777176
20.0,20.0,60.0,30.0,0.0884798301294499,0.088128527666046,0.08834580046675178,-1.317092093321695,-1.338583649252837,-1.4385912319228475,0.7031210927822446,0.7026847375002423,0.7040009312256983,17.306637082275692,17.310713133778222,17.305705817994646,0.6162442654560011,-1.27379193074638,0.13837886267664917,0.1796406740047664,0.2147466156940761,0.214605531985054,0.2145699263226962,0.08827736935544933,0.0883818486894688,0.08844010763362652
50.0,20.0,120.0,120.0,0.1162651494519906,0.1150341114298796,0.11570163991705125,-0.782722176817011,-0.7972482582965041,-0.9020390761783132,0.9185320688348904,0.9167593065882438,0.9205233767698928,33.53675250541135,33.533542600697004,33.52559815581311,0.6115535893142118,-0.8927449704416845,0.5044659126211384,0.19991843898572464,0.3922392908230117,0.3922823228399096,0.39259217518611883,0.11557314161303084,0.11583798835118363,0.11608227202254262
0.0,20.0,50.0,120.0,0.0763305961998471,0.0749192675495822,0.0757078159894652,-2.069489145427513,-2.098970621013728,-2.085791420762044,0.6088970445311419,0.6022490739350305,0.6031699564411409,14.681520381780354,14.66854202550751,14.678264355411391,0.617145342061956,-2.0150473293853004,0.0015952111417131402,0.1687156548189846,0.18667480494076083,0.1866342249276057,0.18650797016739584,0.07593298662254619,0.07522088267908703,0.07605913040219724
90.0,20.0,70.0,90.0,0.2536111040675049,0.2529867865915776,0.25337974632474536,-0.3445630228847354,-0.3492696050367577,-0.7935254779452763,1.9965090163965307,1.9979396843716393,1.9962850777157657,18.99723136928921,18.993080387675146,18.986933750293012,0.5984987239536121,-0.7371513072756187,0.6564059383476063,0.18161256848414364,0.22473063288405296,0.22471509812755122,0.22460717152309334,0.25347492244521075,0.2534428147353856,0.253261012450674
20.0,20.0,120.0,-30.0,0.0621577449248764,0.0590014741446182,0.06058899724877515,-1.2457591200865117,-1.2713362073373926,-1.3023435435875237,0.49089263324278365,0.49549831380187603,0.4915827901875623,33.62528315810666,33.63264745267846,33.62739341741662,0.6162442655626612,-1.2737919312689412,0.2042886566236836,0.20004064089283388,0.3941306424799966,0.3941420646648338,0.39396713303309455,0.06103810677575019,0.06109136493226819,0.06053648837990441
0.0,50.0,80.0,30.0,0.1375849929530583,0.1359238234365387,0.13704446497693856,-2.079930138335272,-2.0984226007645286,-2.0893816851080826,1.092421755896298,1.0932631963408712,1.0927544912967606,23.70745911114723,23.713657259512484,23.704279318268412,0.6597422425592191,-2.0628742020185755,0.0030558876895298566,0.4992531370083398,0.3052886760052224,0.30517899955362937,0.3048554905565988,0.13710859151230664,0.13715106737032443,0.13703893832778097
50.0,20.0,110.0,-30.0,0.1264723699676418,0.1245620868048432,0.12553382770069083,-0.7618886626880766,-0.780145105649506,-0.902046419716751,0.9940808382738727,0.9979740600397532,0.992797872701241,30.784423679958106,30.7837833782436,30.77003335694308,0.611553589332507,-0.8927449704788608,0.5039996695935426,0.20001106426766796,0.36118229376211913,0.36133900766787325,0.3611717252667447,0.12592433574766151,0.12574145500116526,0.12527924476717506
0.0,90.0,70.0,90.0,0.2407671122935084,0.2393070803128558,0.2400395426129119,-2.0806017378992827,-2.095827282769257,-2.0888276879545087,1.902811512472891,1.903634074713775,1.9043758069681278,22.238245155295683,22.2392342576147,22.229712262345505,0.7100174044766513,-2.0547884519709454,0.005723919869169964,0.8998484862772396,0.3143943534904525,0.31445816089137213,0.3143309293199557,0.2399892293361322,0.2401896891399012,0.24008666608008936
50.0,50.0,60.0,120.0,0.1884122315050758,0.1880181197270172,0.1882820365130979,-1.0931469830858032,-1.1001252368932388,-1.3591958354724485,1.4889330489749426,1.490096983840586,1.4907939524294702,17.858296347079865,17.85895732010677,17.851444761593168,0.6550888176419655,-1.2898374651384217,0.35737546988298663,0.3949789790898203,0.23629520219342778,0.23645350395861706,0.23639998213830582,0.18817397772357866,0.18842017624743845,0.18827608358842302
20.0,0.0,100.0,90.0,0.0545792017319363,0.0534727581418714,0.054085347283809516,-0.4378865822935754,-0.4749927931403481,-0.523657408578257,0.4274837508429317,0.4239451857355265,0.4270895025475051,27.519071871311777,27.51558807055718,27.51074569464074,0.5841886751953623,-0.5231776405480634,0.20310335077546854,3.9295698580463966e-05,0.3134720549582348,0.31314802079413323,0.3132982172654248,0.05402557892654947,0.05398181044162542,0.054429216280257174
50.0,50.0,110.0,30.0,0.1549671477925026,0.1533109482137294,0.15409982963478944,-1.1791187528814766,-1.1851582150638782,-1.3053320264500452,1.2315236829388279,1.2231029193393816,1.2238750478638398,31.579997171578494,31.55868626812656,31.54341910867755,0.6550888176419655,-1.2898374651384217,0.5052828766553588,0.49993755237904597,0.3867527617067822,0.38631042585783476,0.3864960755724803,0.15448067758392092,0.15352815822536714,0.1546000534941229
20.0,90.0,0.0,90.0,0.2680151818905756,0.2665664447271006,0.26722887656744465,-1.9760201305861709,-2.008739961322921,-2.0914167634412943,2.1089486302933067,2.1054831995023413,2.1094174405982002,3.2164537454379643,3.2137602402599645,3.2153711752017076,0.7088879274287126,-1.824588487784622,0.0010603362372208673,0.3327152791613096,0.10460440753920089,0.10459544385381188,0.10461334824335781,0.26704693504545374,0.2671098057023876,0.267563250278684
100.0,0.0,90.0,120.0,0.2444910471944201,0.2442390228773613,0.2444096204718396,-0.2011299311666197,-0.205390744046052,-0.5474170467987688,1.9220284479639953,1.9251386284802687,1.9244597915840187,24.04216169463037,24.048641514785796,24.041144643339543,0.5610908219554596,-0.5198393037975151,0.7850896354036374,0.018708492122107765,0.2686978487546982,0.2686063296963952,0.2684646032308054,0.24435021604707088,0.24464976651095835,0.244248906808865
50.0,0.0,70.0,-90.0,0.1406877217109095,0.1403436822381036,0.14056477081244595,-0.3629794857713976,-0.3698230079161709,-0.6176294062804379,1.1077453882548205,1.1071201088792724,1.1070585010687308,19.107113130359146,19.10002487446808,19.088119541002104,0.5786529903570975,-0.5219510870750917,0.3652200184872397,0.034449612925755095,0.2183165409994932,0.21816703333654114,0.2181325826268421,0.1406170465175606,0.14051846181191072,0.14060794747909308
0.0,100.0,0.0,-60.0,0.2681430157810218,0.2663575890728044,0.26723034466674594,-2.024709700529185,-2.060470400890673,-2.0913720439613024,2.108419394818654,2.1068313434789765,2.1085909410225203,3.2188799596742643,3.215228768466813,3.2107452048401117,0.7218406270009535,-2.031961424968509,0.0010709598129012108,0.3327623544776815,0.1048419602041542,0.10460363525013026,0.10463553127188852,0.2671547336579986,0.2671721145542208,0.26738471390325447
20.0,20.0,110.0,0.0,0.0662898349736463,0.0649971954012683,0.0656182350492553,-1.2368388020603145,-1.2646799460936993,-1.3022736759826052,0.526193961968585,0.5300732396410999,0.5327850378558255,30.90236864218936,30.899814735071242,30.90264775192607,0.6162442654560011,-1.27379193074638,0.20379491420207402,0.20001186185121067,0.36354951747811387,0.3635918259722759,0.36378115509269227,0.0654113177550446,0.06620808258077648,0.06574301098912726
50.0,0.0,40.0,30.0,0.158589074230193,0.1563327376792121,0.1578499459075813,-0.1888423853734437,-0.2319123649423921,-0.7042850082875144,1.243540882778657,1.2434525657376696,1.2435994125813283,10.582602740030772,10.58026457346048,10.578896344552598,0.5786783317088385,-0.5219133872819157,0.2249796362340905,0.04122746959310149,0.1214928613041827,0.12136870591236212,0.12128972571373804,0.15789062235328638,0.15789440060121843,0.15790420251279114
90.0,0.0,30.0,120.0,0.2829491617360646,0.260203470341933,0.2678027187770724,0.8683478810968147,0.461177119478642,-0.9863585837216925,2.119325730607303,2.1169775992077633,2.1157067530797535,5.50949099861381,5.524014503773263,5.493184672141668,0.562745350766241,-0.5203297715459044,0.11004691507049941,0.05994796346608409,0.0469130482647435,0.047337982380015624,0.047153068726556835,0.2691876203659009,0.26872929014101005,0.2689862537665602
0.0,50.0,10.0,30.0,0.1799345684526268,0.178701649384132,0.1792584873544891,-2.086528277392892,-2.098829185398537,-2.0922485819992938,1.4121455104752563,1.4176912369697214,1.4171165454302184,4.921261393176412,4.916780337315724,4.91877880192733,0.6597422425592191,-2.0628742020185755,0.0005592332137333764,0.21684104776259655,0.1019617120195731,0.10213896438544756,0.10231570638813973,0.17909872635442364,0.1797485883398081,0.17901625456197257
100.0,0.0,90.0,90.0,0.244428002755428,0.2441764646660703,0.24434611697420183,-0.2012036454954908,-0.205461239282219,-0.5474037246963525,1.921525847661708,1.9246524747058393,1.9239475179141439,24.042480528721004,24.049072924041326,24.041428975197416,0.5610908219554596,-0.5198393037975151,0.784906468130887,0.01869335378298171,0.2687042888344979,0.26861399114704826,0.26847128324380115,0.24428822059383354,0.24458644566710191,0.244183656291608
100.0,0.0,110.0,0.0,0.2277963260411221,0.2245705539038165,0.22629949141795083,-0.2611826709521976,-0.2696966324362472,-0.5235255212071471,1.7813418820069604,1.7819385725679797,1.7795980271286045,29.7760399073254,29.774186371262196,29.77173517817033,0.5610908219554596,-0.5198393037975151,0.9050802622840225,-2.210984250505137e-05,0.33483119968491226,0.3347496689095934,0.3345825826167509,0.2265274374216816,0.2263110426765961,0.22623732102853175
20.0,50.0,0.0,-60.0,0.1965835995306007,0.1953209032138852,0.1959190551619658,-0.589838141183822,-1.2915915252095915,-2.0913751551912494,1.5439755653600225,1.5461349176666832,1.5460836848861852,2.375977586938384,2.369542268946813,2.370823184905365,0.6589788511896928,-1.6861645020013503,0.0005929497617637037,0.17926554266434439,0.07740511674368203,0.07717204079701621,0.07731851328820986,0.1958383150252679,0.19609797934606923,0.19583722482189814
90.0,0.0,40.0,60.0,0.2675941575877483,0.2661275313111012,0.2667133075839968,0.3159080592843518,0.2294848329960068,-0.6710427337144277,2.099557532412733,2.1000922034374487,2.0991208602159612,8.984003043674534,8.9790983743007,8.981560107650855,0.562745350766241,-0.5203297715459044,0.2766667221852472,0.041633992725595266,0.08780366087659341,0.08785406963434915,0.08797995673263082,0.26677671937671465,0.26672341982781284,0.2666546240118891
20.0,90.0,10.0,-30.0,0.2684838322219395,0.2666079330683595,0.2674774816185348,-2.0282223970545084,-2.047599002315348,-2.0792729187776104,2.1136065299383535,2.1107225074226568,2.109685925474682,5.965400274650918,5.968355706184111,5.954896109946879,0.7088879265612879,-1.8245884858577046,0.006685950791932175,0.43361178193903027,0.13595809691719393,0.135715665418375,0.13560595054078436,0.26768267989309547,0.2672034176133636,0.2675579662568618
50.0,50.0,70.0,60.0,0.1804006174748831,0.18003291268247,0.1802392091314928,-1.127567613828456,-1.1321255243470747,-1.3480317930765704,1.4272664978442124,1.4275856691552626,1.428056538908111,20.606799937324027,20.610440335065782,20.604690367522778,0.6550888176419655,-1.2898374651384217,0.39018263099009004,0.42155663846026786,0.26678846064198736,0.2665081797925074,0.26670304579362913,0.1802025209213755,0.18029293269714636,0.18026231414595198
20.0,50.0,70.0,-30.0,0.1400554961521322,0.1394916187066563,0.1397838625492458,-1.6525531596058785,-1.6640357257881226,-1.743014059770324,1.1128827092787257,1.111069615035498,1.1120009136681963,20.827663735912463,20.826322528169126,20.81659218521905,0.65899109909898,-1.686192690231653,0.15588039640559137,0.4241977423854798,0.2702658022501898,0.2703824960985637,0.27021824577547177,0.1397704865216818,0.13969277105002972,0.13990792063136723
0.0,100.0,80.0,120.0,0.2429070220560185,0.2412364136895854,0.24203549596958351,-2.0769584376272885,-2.083624893806433,-2.083520332128146,1.9210759684770253,1.9210378613112937,1.921632998975449,25.042146974533782,25.036895436639426,25.03479313931186,0.7218526699760112,-2.0319799578528905,0.01217206936196187,0.9999226694195031,0.3466162579721833,0.3466061216294586,0.34637083145740755,0.2420431266986647,0.24212723673910583,0.24211660401715787
50.0,20.0,50.0,60.0,0.1608745272315584,0.1598119567810975,0.1604616287444088,-0.6628675977288752,-0.6808981261929737,-1.0261398235522563,1.2648966343696488,1.2686450461823526,1.2673895086919216,14.185895408353696,14.185519415972331,14.18928079497436,0.6115535893142118,-0.8927449704416845,0.2982982889347768,0.16397211089311417,0.1773524486137463,0.17750435886226723,0.17765692907129976,0.16042615655897471,0.16074766960873177,0.1602737134901379
0.0,50.0,40.0,-60.0,0.1534595440057058,0.1530614247915596,0.15325641731998776,-2.0931585814223745,-2.099016456346667,-2.094883476910399,1.2154560271743995,1.215897212311829,1.2128995499517732,12.864650083152249,12.85448679842753,12.857221200494024,0.6597343051323739,-2.0628529256030377,-3.2224295031385426e-05,0.3395299007206963,0.18555299596565242,0.18543993161328182,0.18541430973591203,0.15350411268676883,0.15317838298783595,0.15311476420296302
50.0,50.0,30.0,60.0,0.2174453507581543,0.2140006375729907,0.21611154499647142,-0.7844380286773025,-0.8802420005048174,-1.4132689612922913,1.7060579413854757,1.7069230731154998,1.7061521538319433,9.346767485930876,9.347323093313259,9.344966354219316,0.6550888176419655,-1.2898374651384217,0.233360137401049,0.28835875856694904,0.14352326311869718,0.14333458384372477,0.1433463552624937,0.21619451696986805,0.21620961959419854,0.21609296127773595
0.0,50.0,60.0,30.0,0.1384143414192675,0.137875863797629,0.13819940019896482,-2.0963215426552217,-2.10030310238572,-2.096418511456545,1.0984855964243194,1.099159383031558,1.0991952274483332,18.188636168450426,18.18484796949794,18.183081999283665,0.6597422425592191,-2.0628742020185755,-0.0005403365894555498,0.4003721891714554,0.24220029216223976,0.24192279509880388,0.24197636473507741,0.13818176716132638,0.13828644528154155,0.13817821634264116
20.0,0.0,0.0,90.0,0.0894390278031399,0.0597606139828123,0.07526421674141374,0.3819568872101993,-0.6396757404454312,-2.080778154431447,0.7321270792919332,0.7338726879013523,0.733075564928285,1.9301021458822665,1.9232823543772724,1.9279746324702396,0.5841886751953623,-0.5231776405480634,0.00047636266439756786,0.05570009917803597,0.060692480091685305,0.06026342269505358,0.06053941161488364,0.09274030064863097,0.09285601441210731,0.09262763969345028
20.0,20.0,60.0,-30.0,0.0883791768448695,0.0880455206152883,0.08824867601558654,-1.317663978599233,-1.3379431035991496,-1.4388608617842897,0.702370514343287,0.7019184286686291,0.703219974231792,17.306046590353365,17.310077755276303,17.30500711328301,0.6162442650302286,-1.2737919286571346,0.13816795641889884,0.1794617692605135,0.2147261643506106,0.21458489124999,0.2145475478343095,0.0881815875854075,0.08828257515835802,0.08834259639576592
20.0,90.0,60.0,0.0,0.2244870646830746,0.2238126340691721,0.22410164340560715,-1.7898895945980668,-1.7944280512230906,-1.886400950865243,1.7738948093485087,1.7767018548427165,1.777519870979083,19.130392031784602,19.149611038421472,19.13504532941991,0.7088879274287126,-1.824588487784622,0.151611751631478,0.7162864560786858,0.273573429413334,0.2736212783948201,0.2734675069889732,0.22392487577982934,0.22438021472413364,0.22402632114604631
0.0,90.0,80.0,-30.0,0.2234929920642107,0.2218077607515059,0.22266559802029348,-2.086171840725953,-2.091647526299213,-2.089368620974817,1.7706063969280965,1.766925460220163,1.7675345854957591,24.811366216478348,24.80178842297911,24.790156926856,0.7100174042353027,-2.054788451431178,0.00559499856368355,0.8999557401550181,0.33894097210463764,0.33888136157022736,0.33863101218526176,0.22281779601702612,0.2224537124945322,0.22290548268043514
20.0,20.0,120.0,90.0,0.0618076771558245,0.0591994589842959,0.060587106470335876,-1.2447474469419229,-1.2713105021949382,-1.3023192064301736,0.491440131148403,0.49393487375164247,0.4919754289038807,33.62407247021658,33.63074715189883,33.62922374978421,0.6162442654560011,-1.27379193074638,0.20430764698338041,0.20001892136831664,0.39412485073344994,0.3942078866263385,0.39405175234382667,0.06092481967299968,0.060978759125288794,0.060688298007743745
50.0,20.0,80.0,60.0,0.1413088159619478,0.1410057850567993,0.14119294359651305,-0.7622785967412352,-0.7648555345350715,-0.9630018249071984,1.1156431012350156,1.1172085074885167,1.1169769443109563,22.51490502921656,22.51084050833914,22.510261072963782,0.6115535893142118,-0.8927449704416845,0.4126030977303641,0.19381353583665462,0.26997132020611003,0.26990664413390764,0.2699935867961176,0.14115983051517023,0.14132693184277248,0.14113406584412175
50.0,20.0,90.0,90.0,0.1380095225069774,0.1375386211622565,0.137764025204416,-0.7470987306451796,-0.7510124594698008,-0.9247421600176194,1.0891998706955617,1.0895460402188941,1.090382579768974,25.22978694059174,25.228006806930072,25.222876226871605,0.6115535893142118,-0.8927449704416845,0.4545873779956681,0.19265021138021843,0.2995003860780783,0.2996090560948485,0.2995862439066226,0.1376873563427192,0.1378439648499424,0.13780530053926474
90.0,20.0,10.0,120.0,0.2685926636413123,0.2657405383635121,0.26695571422230185,3.1405740123231247,-3.135278906794739,-2.2706242648670667,2.1071302610263385,2.1054033330881143,2.1069787181016575,3.895886413785477,3.909023306746983,3.8997645676701813,0.5984987239536121,-0.7371513072756187,-0.055919952486282426,0.3110153817970837,0.10460342189763684,0.10482494985400097,0.10462191491337668,0.26700798238157314,0.26698045811202054,0.26720729231493123
20.0,50.0,0.0,0.0,0.1963741935887483,0.1952054560841789,0.1957819174386897,-0.5946595859789359,-1.2951574967289865,-2.091324669977518,1.5421830886385464,1.5453362504433803,1.545418577552721,2.3744420430980266,2.3669138609043845,2.3713199115154397,0.658991099436022,-1.6861926913303058,0.0006017250669815729,0.17902385358211606,0.07732015993876516,0.0771020072627134,0.0773036633275507,0.1956457733139487,0.19605648968148073,0.19565963437057735
0.0,100.0,120.0,30.0,0.1868378050934606,0.1852183057627353,0.18610549357918232,-2.0623435257330804,-2.071185860193232,-2.070670652837053,1.4898661317863544,1.4842801822490392,1.4869904649255938,35.39399183414849,35.39447775063306,35.38480609849286,0.7218526699760112,-2.0319799578528905,0.025519939942215283,0.9989170081477786,0.4508673708220045,0.4506566891941982,0.45079016855887993,0.18632396127653253,0.1859721080819291,0.18666795235072614
20.0,50.0,10.0,-90.0,0.1899551121097411,0.1874161158905743,0.18891302790782918,-1.1819803393584805,-1.4210293876842612,-1.859455010885706,1.4904859765683725,1.491314962299569,1.492725764513806,4.631531222673129,4.629156255282635,4.62826455605723,0.6589215238963588,-1.686009629564329,0.05134226263478364,0.21542866080747566,0.09869926868387618,0.09868012423350529,0.09865208854874767,0.18882179104704291,0.18909796183266317,0.18899087561988354
0.0,50.0,0.0,90.0,0.1896512525474749,0.1881137174629421,0.18882120565962454,-2.083265327254024,-2.0976062522003547,-2.091254080368263,1.4913148547330408,1.4887633122603623,1.4885127495486197,2.2753906864715274,2.2874575212715977,2.2742412935452414,0.6597422425592191,-2.0628742020185755,0.0005704959429822501,0.16597825248130924,0.07427064317589596,0.0743464076824951,0.07418056540752085,0.18895980845717458,0.18860915760022443,0.18894012181404451
90.0,0.0,10.0,90.0,0.2689073102260281,0.2608235360242117,0.26630404353135156,3.1391174166474327,-3.137775605744627,-2.2585136430401183,2.099524069535095,2.1005150884554356,2.1034353299871382,4.57446646101031,4.5797100500187815,4.569533744232898,0.562745350766241,-0.5203297715459044,-0.05300288614980157,0.34164058088616905,0.11413387601919775,0.11422396579829118,0.1140515169492135,0.2660441838284861,0.26653792878368704,0.2664076814071755
100.0,0.0,70.0,120.0,0.2624727049152896,0.261822950070694,0.2623050516894922,-0.0935016322389095,-0.0991354426377132,-0.5783778766036971,2.0648269547116396,2.0659059589433806,2.064229433035569,18.2197622642033,18.215714174918656,18.211269137637714,0.5610908219554596,-0.5198393037975151,0.6279483979077344,0.034486347191515034,0.20067574916401945,0.20044996047287444,0.2004299867798286,0.2624212495403958,0.2623293480855237,0.26220636050395996
20.0,90.0,10.0,120.0,0.2684837057164311,0.2666068375803932,0.26747859441291594,-2.0259592770627406,-2.0465225599722783,-2.0788873397153282,2.11332349600763,2.110706257398719,2.110103240024546,5.964359269327958,5.966275430514096,5.955281122039432,0.7088879274287126,-1.824588487784622,0.006852960758606318,0.4335950139999442,0.13590378221725483,0.13566020539617799,0.13559285370330104,0.26763651282392587,0.26724777529774885,0.26757232224719596
50.0,20.0,110.0,-60.0,0.1264723691552481,0.1245620875933928,0.12553382166688684,-0.7618886680243807,-0.7801451076378699,-0.9020466713963633,0.9940808970002998,0.9979740469962206,0.9927978166943923,30.7844241326351,30.783783832397006,30.77003357852624,0.6115538315801953,-0.8927450814064395,0.5039995719366465,0.200011198194316,0.3611823025779563,0.36133901846359723,0.3611717316931914,0.1259243404821923,0.1257414460663792,0.12527924482501135
0.0,20.0,110.0,120.0,0.0472372074717431,0.0452504299114246,0.046042586600930496,-2.058562467187998,-2.098500218415649,-2.0772609227109737,0.3814720390352321,0.38204353847218603,0.37815641124914784,30.93506345785242,30.92644541073813,30.918006471859613,0.617145342061956,-2.0150473293853004,0.004380237412120425,0.2000203324883356,0.3641785616148374,0.36402389279506553,0.3638921129078095,0.046553371739500256,0.046149560984735605,0.046059376873465466
50.0,50.0,20.0,-90.0,0.2291931513646215,0.2221944870514643,0.2262941961573645,-0.4421154898413308,-0.7227432953720794,-1.4853191790323608,1.785364225255132,1.7874297005853503,1.785226515309364,6.215253383367849,6.2118900533542405,6.212567644324368,0.6550287187390091,-1.289778973054829,0.16980884478620537,0.24443367927220194,0.1102029738138821,0.1101167484092386,0.11018256394703847,0.2265198705112039,0.22650029440293595,0.22623703599150358
0.0,50.0,20.0,90.0,0.1705809952182537,0.1695760922159888,0.17008990051961143,-2.089626442367321,-2.104775007205015,-2.093488298666033,1.346635712671594,1.3431660548494067,1.3442063812324845,7.551406227252999,7.537916542709035,7.545733601705232,0.6597422425592191,-2.0628742020185755,0.00031367505983152886,0.2624070839514269,0.12930241010909807,0.12921539961036024,0.12916364629779642,0.17016632873644852,0.1698474601146045,0.17029424100517684
100.0,0.0,80.0,90.0,0.2530762947553084,0.2525366217879154,0.25283406423756166,-0.1580493615740203,-0.1614362567081854,-0.562564142269461,1.9908701141718976,1.9896492945924598,1.9902508340674492,21.156623324052187,21.156800114425053,21.155647501710366,0.5610908219554596,-0.5198393037975151,0.7106267965603293,0.027724776215288828,0.23508168796470422,0.23505937300172253,0.2349027261569101,0.25283571213871436,0.25277143335790564,0.2529212371551662
0.0,50.0,60.0,-30.0,0.1384447257631118,0.1379013084610499,0.13822657627014462,-2.0961592283901624,-2.1001189409678958,-2.0963004115244392,1.0987035199336677,1.099382331382206,1.0994007885112056,18.188969857164903,18.1851496746795,18.183380947798582,0.6597422421606496,-2.0628742006454868,-0.0004932289272721933,0.4004683481709407,0.24221205101059448,0.24194168118818518,0.24198850719957365,0.13821022708587033,0.13831341142233813,0.13820465718666572
100.0,0.0,70.0,-30.0,0.2621630446387766,0.2615559018871389,0.2620022089155166,-0.0939525144789235,-0.0992432207553937,-0.5781417428196559,2.062424652790299,2.0635378988283737,2.0618262446762023,18.221599782563626,18.217730227651007,18.213302475280706,0.5610908215939613,-0.5198393035902065,0.6273335231987553,0.03430077555879085,0.20070521903128674,0.2004837308028859,0.20047058912071936,0.2621191672028713,0.26202716547121635,0.26190011565494165
50.0,20.0,20.0,-30.0,0.187137472304275,0.1785326455919565,0.18361066223984812,-0.019861822216312,-0.3417872346470195,-1.2202670041837818,1.4485609919053597,1.4496764538350808,1.4472360696847766,5.138351160499401,5.140023532030452,5.143053684537175,0.6115535885090351,-0.8927449688058892,0.1285106671116938,0.10819428712336562,0.07675403113751095,0.07670217148661203,0.0768736048787574,0.1839259168868684,0.18375630186317707,0.18361789393308614
50.0,50.0,110.0,0.0,0.1549670248725552,0.1533107303535541,0.15409980970423467,-1.1791187554842557,-1.1851582189847003,-1.3053321838945233,1.231523549558169,1.2231027916961783,1.2238749277458267,31.57999734138507,31.55868645187272,31.543419227305233,0.6550888176419655,-1.2898374651384217,0.5052826997613558,0.4999375713135072,0.3867527643276434,0.3863104288453157,0.3864960778912775,0.1544806602030147,0.15352814258005104,0.1546000371403598
0.0,100.0,60.0,30.0,0.2392011312102926,0.2387474285016537,0.23895508948749777,-2.087605306614369,-2.094799718401424,-2.0910707852447574,1.8928609544429476,1.8944815570511258,1.893465837891881,19.42068822657044,19.42460828849338,19.407828034863645,0.7218526699760112,-2.0319799578528905,0.003166968733491335,0.8048370253009507,0.2823144845088366,0.282165071604355,0.2817127948671771,0.23898293459924533,0.23908219749806342,0.23885023907786576
90.0,20.0,60.0,60.0,0.264283233390453,0.2629977175933937,0.26391930016483456,-0.2547101416797791,-0.2685260316590248,-0.8097277318174593,2.078826189945123,2.0802595885435236,2.0800551662556805,16.010882713158463,16.009500010920465,16.00442334109681,0.5984987239536121,-0.7371513072756187,0.574681622572145,0.16915675771718458,0.19000280195073954,0.18996637198858665,0.18987372784250608,0.26390012618657804,0.2640622603553095,0.2638722684066221
0.0,50.0,100.0,90.0,0.1173789461363193,0.1155783456602396,0.11636992535874721,-2.0787802280032013,-2.091022603516662,-2.08518499148353,0.9363443217503998,0.9335078934882637,0.929796151189612,29.024948685672943,29.01900790837996,29.01063150429759,0.6597422425592191,-2.0628742020185755,0.005735091586961988,0.4999948107898623,0.36014306879761737,0.36008236062965043,0.359876361682264,0.11689193249186652,0.11607442687183915,0.11644977804095802
20.0,0.0,0.0,30.0,0.0890934088660692,0.0597188420354445,0.07532478604882076,0.3746758549888785,-0.6412681511204693,-2.0800050301212516,0.7348133504469161,0.7329945659893892,0.7312623586759303,1.9216314013778224,1.9269014313380362,1.930288973085421,0.5841886751953623,-0.5231776405480634,0.0004728779677169953,0.05568693836287612,0.0603217563529435,0.060546995599306964,0.06074303856195313,0.09296949373886489,0.09251353982680821,0.0927475642885383
20.0,0.0,80.0,-60.0,0.055022761206698,0.0542651727616943,0.054678779595262635,-0.5905782057868801,-0.6388636645673178,-0.6955372296318248,0.4317696865327566,0.4334745785663181,0.4330698942449316,22.101433068648856,22.100163467996463,22.097267434387952,0.5841857028139801,-0.5231782934626648,0.1638591963392237,0.02843844297637746,0.25371683889359364,0.25386943233621034,0.2537233590857863,0.054688595879709284,0.054844843899428154,0.054639709755019916
20.0,90.0,0.0,60.0,0.2679553197991305,0.2665637242079928,0.26723499674961937,-1.976494708620432,-2.0085997732970293,-2.091423196726437,2.1088494168567395,2.1052519779307683,2.1099232021908616,3.218055048626857,3.2140650523028627,3.2159915984588356,0.7088879274287126,-1.824588487784622,0.0010599380835062705,0.3327282899831027,0.1046587760303609,0.10461149120059092,0.10464511675359102,0.2669982704448582,0.26713524239336284,0.26760828517375035
100.0,0.0,30.0,-30.0,0.2836429282627145,0.2602212235797265,0.2677731972576006,0.8699262709490623,0.471850821659623,-0.988164511507334,2.1206775891398744,2.117010224746943,2.1183863326285044,5.487210047500907,5.464274922356395,5.492802032006763,0.5610908212134494,-0.5198393033719746,0.10834262972028681,0.059553312300573515,0.04704759136993557,0.046733631204748764,0.047257533245163116,0.2691280860724245,0.26886764153924986,0.2693356702651947
0.0,20.0,100.0,120.0,0.0509085474557065,0.04964163324532,0.050163637103700996,-2.035926846320037,-2.1060735549032343,-2.0689798720054378,0.4113784238004032,0.4097617352077153,0.4107541671095181,28.186360255753875,28.190393105077643,28.183836370884467,0.617145342061956,-2.0150473293853004,0.005722861389988128,0.200051257351487,0.33424695439763946,0.33417861629312406,0.3340778962363924,0.05029729699541406,0.05021830197414559,0.05042910905816806
90.0,0.0,10.0,-90.0,0.2686269491565869,0.2604317645175518,0.266154847324738,3.1360987321834357,-3.140003633950555,-2.254452030891674,2.0979990954936336,2.098951078465202,2.1032578977493377,4.633154856674073,4.630239222394757,4.62202996741076,0.5626832061814583,-0.5204283773894648,-0.05180398014383356,0.34397333497358246,0.11494590937892278,0.11490573018376193,0.11484170937246027,0.26578343991171055,0.26645282192413194,0.26632885423337455
50.0,20.0,100.0,-30.0,0.1385900447344476,0.1355730976555598,0.13717100591927045,-0.7369304030473302,-0.751836615924354,-0.9021355720407018,1.084192273403746,1.0861892146709113,1.0854806653541744,27.99994046220234,28.00262693243533,27.99211121084374,0.6115535892410222,-0.8927449702929764,0.5036195754547701,0.2000971583046788,0.3305647392176646,0.33063202994415836,0.3303987655335478,0.1372250931818873,0.13739104147276285,0.13713374545481977
20.0,0.0,50.0,90.0,0.0637015665740545,0.0630047231527958,0.063386825369405,-0.7057623302638344,-0.7328800536065552,-0.8642287586802798,0.5024254492799332,0.5025907839005486,0.4998002287903772,13.922739140798166,13.933309124537642,13.924894001368884,0.5841886751953623,-0.5231776405480634,0.11685128605805752,0.0414078680514828,0.16322367378443375,0.16324595534904335,0.1631315644826416,0.06363612777765627,0.06328637147153245,0.06328272244084827
20.0,90.0,10.0,60.0,0.2684852443092306,0.2666061870046139,0.26747537184719583,-2.0289072678564546,-2.0473480037547884,-2.0793126737404175,2.1133509071370287,2.110820450051448,2.109788441112532,5.965038698921914,5.967120078462941,5.954504847234185,0.7088879274287126,-1.824588487784622,0.0066642854766083125,0.43360604614816306,0.1359489509492907,0.13569199268081894,0.1355910691607158,0.26766280936483033,0.26723101103126123,0.26754048972027766
20.0,90.0,60.0,90.0,0.2246127074142411,0.2239586952576962,0.22421801320560522,-1.7885425177296947,-1.7944536789432313,-1.885512179100233,1.7743999067999165,1.7782263487328582,1.7783762980051108,19.131018396564635,19.151544996107262,19.13741972910035,0.7088879274287126,-1.824588487784622,0.15234624414814554,0.7165872768524739,0.27357674010688,0.27365679581967683,0.27344338356155995,0.22406002986288015,0.22456208830808133,0.22407825619666277
90.0,0.0,100.0,-60.0,0.2382972220675935,0.2378339887577727,0.2380413100708723,-0.2165842988188458,-0.2193579463266309,-0.518173235055919,1.8730473137956694,1.8737187053654705,1.873342591391705,26.84878482108637,26.843968757563566,26.83597063081556,0.5627445059714296,-0.5203303829111893,0.853724043821205,-0.0046066924659987655,0.2999032663131501,0.2996576734426949,0.2997830348138935,0.23805287482653337,0.2380797198288921,0.23800751374365436
50.0,50.0,10.0,-30.0,0.238826437985819,0.2283614748169942,0.2337587686148199,0.3741839359346348,-0.4903682713905291,-1.7561624835064062,1.846650117897042,1.8465217735383468,1.841122746317017,2.928910085657239,2.9251108621811293,2.934107367801923,0.6550888167475116,-1.2898374631409075,0.07686167378093017,0.2170842457130284,0.0826625565226134,0.08275679855437505,0.0829151809365168,0.23440739618057266,0.23371108181449576,0.23373163779885453
0.0,20.0,40.0,30.0,0.0821547245711522,0.0811383542135091,0.08167588035428407,-2.078155323767428,-2.09482593354303,-2.0871305779907807,0.6512003828351353,0.6482221962977878,0.651571955865206,12.002567702177872,11.99753689191175,11.994761422196767,0.617145342061956,-2.0150473293853004,0.0012126365664763418,0.15361158726215535,0.1573251589893102,0.15714907243905543,0.157190699538425,0.08155581716210379,0.08161316152265172,0.08195641470327761
90.0,0.0,0.0,120.0,0.2681358192749126,0.266259588255717,0.267097793432968,3.140341169796767,-3.1383923575177284,-2.091365232511988,2.106253472598747,2.1085829461408596,2.1083015101595617,3.2575276750617936,3.2531503544242497,3.255603519129252,0.562745350766241,-0.5203297715459044,0.0010819747388375726,0.3375694136523602,0.10622339676329393,0.1060290929032826,0.10622011947773248,0.26713562845432676,0.26739623193582585,0.2670961801040973
20.0,0.0,100.0,60.0,0.0545791621588117,0.0534745005576798,0.05408545108034373,-0.4378727467233545,-0.474988647222006,-0.5236546889894065,0.42748429827438056,0.42394577725197585,0.4270900479207285,27.51906927683795,27.515586477878145,27.510744270289255,0.5841886751953623,-0.5231776405480634,0.20310385120454574,3.862382866395241e-05,0.3134719869582081,0.3131479715804371,0.3132981609405804,0.054025654643052645,0.05398188742311425,0.054429287011403774
20.0,50.0,30.0,120.0,0.1711623810131674,0.1702654222179698,0.1708526485802759,-1.5389414114435145,-1.5716404569183198,-1.773150921607932,1.3517532710089653,1.3515426104208876,1.3512048783732746,10.067374091240461,10.070945513624444,10.066215010899025,0.658991099436022,-1.6861926913303058,0.10000166635807907,0.300594099427082,0.15506357889056535,0.15522980692503044,0.15488905552821064,0.17088128914896783,0.170830274138827,0.1708630469068944
20.0,50.0,80.0,0.0,0.1355823877003414,0.1349854847994412,0.13528055223482083,-1.6380506894527012,-1.6458334027489891,-1.7184523934287093,1.0766392196456058,1.077347454399058,1.0789405156681113,23.52651909685981,23.538498617896767,23.516877759713964,0.658991099436022,-1.6861926913303058,0.17848473025328995,0.4509073469663854,0.30009069694038076,0.29994892736789586,0.29983949451190933,0.13512629197621578,0.13545798108075693,0.1353447162346541
100.0,0.0,0.0,-90.0,0.2683315658146444,0.2662619891461371,0.2670975383420757,3.141065060229315,-3.1363038533375778,-2.0913528430305117,2.1061717764037766,2.108642703139656,2.1082638593511898,3.2577259251427,3.254670050774223,3.2587420108911376,0.56102268613525,-0.5199485197310926,0.001091962283235566,0.3375622543251313,0.10619571822854648,0.10615357973174408,0.10630460805035276,0.26713427832792724,0.2674043330844137,0.2670876608465116
0.0,20.0,20.0,-60.0,0.0952290493605717,0.0939075883437735,0.0946076019890428,-2.0651290738380785,-2.090736705099624,-2.085494818602315,0.7485614050219654,0.7507225549373076,0.7492560629573605,6.65035930161114,6.661039364897945,6.642421833475768,0.6171358711598627,-2.014981224586379,0.0010890670830489778,0.11253130710550455,0.10034590325912703,0.10058226212992726,0.10019097858733134,0.09470847847613162,0.09474786341265481,0.09449913540588324
90.0,20.0,90.0,-30.0,0.2356211789008517,0.2351502084353088,0.23535428502910638,-0.4418242353578129,-0.4435026276000577,-0.7633734577063803,1.8552338139593256,1.8552804665358267,1.855941372633483,24.751577107592727,24.741273700598466,24.736813176816607,0.598498723782938,-0.7371513071255883,0.7940478651200242,0.19405281097381333,0.2904231253323318,0.2902569556696194,0.29039340186482804,0.23529997186113794,0.23538693771033758,0.23539338938328436
0.0,50.0,30.0,-90.0,0.1617154195342309,0.1609634890926543,0.1614240330255209,-2.091658704806092,-2.101746747742488,-2.09431757109018,1.2770489376871828,1.2737075621199554,1.2828149787234213,10.192439638117675,10.194805751490156,10.191851281022585,0.6596857154790274,-2.062673377609292,0.00013809650476844716,0.3031220333482566,0.1571293776855899,0.1573099761136273,0.15722648325526892,0.16080988825744236,0.1615391645255882,0.1619818277201265
0.0,90.0,20.0,-30.0,0.2591467481235398,0.2587075105838353,0.2588955707894054,-2.090532984318964,-2.09471309637707,-2.0918396973482363,2.0446881735852154,2.0444012788999935,2.046214497907274,8.625477978712395,8.629110834179828,8.618327852950681,0.710017403716538,-2.054788450274562,0.0014202863328004263,0.5067787454947689,0.16396991684924964,0.16414422190660113,0.16409514897791588,0.2587558177105253,0.2589514288446349,0.25898988506874265
50.0,50.0,60.0,30.0,0.1884559314809357,0.1880720012258203,0.18832817410759362,-1.0932578105764654,-1.1000564186324684,-1.3592995020112961,1.4892893862497034,1.4904715753307924,1.4911535367321074,17.85883974975662,17.859474032178746,17.85196143015958,0.6550888176419655,-1.2898374651384217,0.35744893451015997,0.3951403327974453,0.23631211489558068,0.23647905167783637,0.2364167503627276,0.1882204114507722,0.1884671378948619,0.18832068335492302
90.0,20.0,50.0,-30.0,0.267667746438838,0.2664787055385421,0.2670025657933398,-0.1485331563258579,-0.1700058159870415,-0.837143963728452,2.1035932422543233,2.1045282532025973,2.1025148389799786,12.974015728290789,12.970403789043234,12.96832730898167,0.5984987234036904,-0.737151306792218,0.468461285391299,0.15205920053535063,0.15399395355955312,0.15408954865795657,0.15390025707941396,0.26713057047586825,0.26699045873042965,0.26687073472517553
0.0,90.0,0.0,60.0,0.2681261801631527,0.2663422454028459,0.2672188201146445,-2.0381837195497927,-2.070827076079947,-2.09136575896222,2.1083412168853197,2.1079814933059153,2.107564538497238,3.211539060745896,3.212717174675356,3.209646134535329,0.7100174044766513,-2.0547884519709454,0.0010673706737793999,0.33272538779253497,0.10470090571562427,0.10452499969732779,0.10457487536448737,0.26728854985769046,0.2671938920514569,0.26723826570467285
90.0,0.0,50.0,60.0,0.2670208717828547,0.266439385329186,0.26676055595001463,0.104783950411785,0.0802810363012569,-0.6215855097351562,2.0998571007636926,2.1004384908407627,2.0994964864467747,12.200193008394683,12.201823025628254,12.198363093442627,0.562745350766241,-0.5203297715459044,0.40783497210621306,0.040297440764598194,0.12845506034568374,0.1285776608281156,0.12847952490030554,0.2668178497916735,0.26677875686283004,0.2667024524164826
50.0,50.0,120.0,0.0,0.145150828605621,0.1416667357819998,0.14330622064448792,-1.1869958053488925,-1.2138054315321478,-1.3053501759317716,1.1423813397427285,1.143320367218041,1.1399377276226317,34.28873302380353,34.28034791469614,34.261446187950355,0.6550888176419655,-1.2898374651384217,0.5053534376504775,0.5001235420379314,0.4162330289144025,0.4157435424045115,0.4157396198929311,0.1437290798892136,0.14341485066683837,0.14326870029473257
50.0,50.0,0.0,-30.0,0.2293108104761215,0.2284545936380966,0.22891036219293373,1.6083747758924063,-0.1534743335644014,-2.0913448198062397,1.8091975952456947,1.8034391971876038,1.8049718000306234,2.7764721658497744,2.7881066916533217,2.7784523570439856,0.6550888166568682,-1.2898374629373217,0.000805527430323423,0.2459206646007462,0.09059241618915778,0.09100496615020304,0.09044108003106491,0.22907537456461338,0.22851899338702597,0.2292481157086408
90.0,20.0,100.0,30.0,0.242185258788247,0.2391620532414349,0.24087990607921927,-0.4422030673109997,-0.4504141196150534,-0.7419300515766741,1.897701100170093,1.899303823889864,1.8998002159257887,27.528607126705065,27.522656511930407,27.516864046090813,0.5984987239536121,-0.7371513072756187,0.9031313863842719,0.2002940965068301,0.32149537752682456,0.321341975922435,0.32152370506100936,0.24082570142169116,0.24108796551706854,0.24089316599517663
0.0,90.0,30.0,-30.0,0.2484708864265682,0.2479898575251179,0.24823709584580647,-2.0920483213039853,-2.096057453121856,-2.092571244259124,1.963725872015582,1.9619759526572662,1.961742191289431,11.256099597525667,11.253298191411021,11.250944248919433,0.7100174038029994,-2.0547884504672775,0.0012071205117440032,0.5668930405262691,0.1913083894939177,0.19112644266726467,0.19113529759189823,0.2483428940030822,0.24809605105605398,0.24830411832990834
100.0,0.0,100.0,30.0,0.2401497973963652,0.2397008206354096,0.23990418363227753,-0.2154893988332387,-0.2183217239923781,-0.5194605412249074,1.8876951318617021,1.8883801317612532,1.8880551798609613,26.840960642332323,26.836970830259656,26.828096869806433,0.5610908219554596,-0.5198393037975151,0.860117535961722,-0.003534616824189252,0.2997515848835552,0.29955422975449636,0.2996726253760359,0.23990893915673264,0.23994619775484372,0.23987097571253993
100.0,0.0,120.0,-60.0,0.2061140988865108,0.2045966439037709,0.20533880453377573,-0.3035058494628235,-0.3149711441084346,-0.5233517160806178,1.6168847926821153,1.6143500965746547,1.6187828460220695,32.70409217793538,32.7012030786086,32.691768883944754,0.5610921638582629,-0.519838399468573,0.9054939584376563,-0.00022839731531286518,0.3690993355491648,0.36898523724478927,0.3688228689566828,0.20513604982596023,0.205392565444709,0.205682198201336
50.0,50.0,80.0,60.0,0.1750587737141043,0.1743049013170567,0.17469123667625502,-1.132180971332414,-1.136724357442883,-1.3236715619212929,1.3847381665611307,1.3837203647521201,1.385608744455703,23.327454178222528,23.325538495133088,23.32442187872542,0.6550888176419655,-1.2898374651384217,0.43094280402116114,0.44331386790977634,0.2960584663620406,0.29608997131187315,0.2962068559399234,0.1745977636143083,0.17470301990662515,0.17484167090721378
0.0,20.0,80.0,60.0,0.0599904987469257,0.0592385763094354,0.05967603466860789,-2.06697320862398,-2.1129793409001603,-2.091365332067837,0.4826442900831796,0.48334536968887093,0.48313647661113107,22.760037612938163,22.755097581544053,22.750569717371523,0.617145342061956,-2.0150473293853004,0.0009544726428118192,0.1958903436927915,0.27443778936142527,0.2743543859552708,0.27439656250471267,0.05970476551458351,0.059778244799773936,0.0596671662903563
20.0,50.0,30.0,0.0,0.1712219499122308,0.1703321866317383,0.17091685757385983,-1.5386615610710743,-1.571188309959223,-1.7728787478701042,1.3522421221586334,1.3520906944816766,1.3517093698572353,10.067499446338655,10.07126611612947,10.066634919922103,0.658991099436022,-1.6861926913303058,0.1001326422970433,0.3007049739761151,0.15507858739764582,0.15524917259142088,0.15492097054397796,0.17094745412226656,0.17089838629111787,0.17092433888592548
0.0,100.0,50.0,-30.0,0.2481084826130931,0.247748257587135,0.24790910172404715,-2.090041337667337,-2.0934345399611147,-2.0914888630359085,1.9617954357932241,1.964384699240319,1.9623370619821667,16.76702061693314,16.77192008706403,16.74995920381498,0.721852669473845,-2.0319799568027377,0.002560051017835369,0.7522353727174586,0.25424634579657984,0.2540582956913663,0.25391747374224094,0.24798358003720078,0.24805669360897178,0.24771006152941197
20.0,0.0,50.0,120.0,0.0637834988608604,0.0630208439387712,0.06340602773116748,-0.7031195643107034,-0.7327279661650237,-0.864125064402147,0.5020135693193783,0.502993577071891,0.5002545909150206,13.9217842916577,13.933109982737943,13.924339362556056,0.5841886751953623,-0.5231776405480634,0.1168888065841077,0.04140745506326267,0.1631882427288545,0.16323216784522812,0.16314012534708253,0.06361681582720274,0.06337583101192923,0.0632668644704836
50.0,50.0,50.0,-30.0,0.1971960028698782,0.1963267026854937,0.19694751816562042,-1.0378515337627192,-1.0547311736062446,-1.3716646797435852,1.5566653723396828,1.558576541459242,1.55635696746744,15.09801406333086,15.093425861978591,15.087336845496724,0.65508881711252,-1.2898374639561778,0.32151589039445283,0.36450366873153245,0.20646403072546385,0.2064385713763499,0.20642283219995608,0.19706971526704614,0.19702336272425094,0.19679451331685557
20.0,90.0,90.0,-90.0,0.2138320945437543,0.2120908412033321,0.21289385388758456,-1.7984985278640655,-1.8075036599719705,-1.8673745430911994,1.6921529844610026,1.6932255727477827,1.6920750512188174,27.34062805104665,27.34871192095418,27.349019891922318,0.7088752877476562,-1.8245643899675212,0.20945017391945459,0.899958593059351,0.36405019231542474,0.3641571045691389,0.36411284628614965,0.21301722010157992,0.21299015428252072,0.21288025717403392
0.0,20.0,50.0,90.0,0.0763389281578178,0.0749599847464868,0.07571719646954048,-2.071938865410794,-2.099398305173474,-2.0866638728041216,0.6087197992830974,0.6022698822016407,0.6035599009313226,14.68193069582698,14.667851017085951,14.679725522715138,0.617145342061956,-2.0150473293853004,0.0014472162173206418,0.16874963749817204,0.18665155806743042,0.18665971560139766,0.18651517543131657,0.0759047072892878,0.07526485155004548,0.0760782948751363
90.0,20.0,100.0,-30.0,0.242184992538057,0.2391717362181055,0.2408807279139136,-0.4422030713591603,-0.4504025271090671,-0.7419266460928824,1.8977061058167954,1.8993087043475574,1.899804769043785,27.52859343233034,27.52264209212895,27.516850552657,0.5984987238777557,-0.7371513072089391,0.9031352722922581,0.2002919016743367,0.3214949739408708,0.3213415847366069,0.32152332224738267,0.24082635137037295,0.241088556820354,0.2408937760152195
0.0,100.0,50.0,60.0,0.2480336175394237,0.2476728220859635,0.24783377449910166,-2.0903030329954646,-2.093716141047832,-2.0916529226849794,1.9612063861961295,1.9637897599755298,1.9617371017791523,16.76616067488966,16.770960594819442,16.74903644594685,0.7218526699760112,-2.0319799578528905,0.002435520191893549,0.7519220249448301,0.2542183321532235,0.25402774473826056,0.25388910498741674,0.24790894025867447,0.24798055023113413,0.24763450222218086
90.0,20.0,110.0,120.0,0.2190494954775733,0.2178804570267175,0.21848344738250758,-0.4934699784952093,-0.5044529430148431,-0.7415998486632939,1.7242447840007036,1.7232722020366429,1.7228364935137597,30.430798721803203,30.433826403856525,30.419035810107868,0.5984987239536121,-0.7371513072756187,0.9036129117724789,0.19997502794481647,0.3544965587827591,0.35462142923100654,0.3544006541199435,0.21862008437546016,0.21846510399106414,0.21857757031890893
100.0,0.0,0.0,120.0,0.2683666765272661,0.2658985279030438,0.2671027246120497,3.1398145536167084,-3.138372542275768,-2.091358147684824,2.106546448798887,2.1085470772663886,2.1082311956723365,3.264112238392636,3.258238758349357,3.2606633794419198,0.5610908219554596,-0.5198393037975151,0.0010923762897552052,0.3375870045659543,0.10633867291008918,0.10614136034203192,0.10630347982102087,0.267160436543726,0.26737362712138035,0.267115229494555
0.0,50.0,10.0,120.0,0.1797931151878294,0.1787411679634223,0.17920390476202191,-2.083218014633064,-2.1006161818935087,-2.092211321155933,1.4119093126136089,1.4168954842685848,1.4168781646006157,4.921018472366095,4.915711909178296,4.917743988049047,0.6597422425592191,-2.0628742020185755,0.0005669799966455676,0.2167275137986386,0.10194875412193652,0.10210184558307968,0.10228199380590719,0.1790198702577187,0.17967478365427564,0.1790094839885041
50.0,50.0,20.0,60.0,0.2293874569995249,0.2223448628350222,0.22644669614892302,-0.4420001827688372,-0.7255126439977616,-1.4862050708606784,1.78659193471332,1.788336021318117,1.7867683146890216,6.220615140593472,6.216063571501933,6.217470200904207,0.6550888176419655,-1.2898374651384217,0.16989339349735144,0.24504561173461498,0.11035639121562087,0.11023796292434802,0.11032360912595154,0.22663403284959568,0.2266558972881995,0.2264305270702319
50.0,50.0,10.0,0.0,0.2388758043368786,0.2283718116760405,0.23378512408505342,0.3685567680273511,-0.4915687576599384,-1.756131352109185,1.846145671009125,1.8466588643250688,1.8419961592203926,2.9315599988498615,2.9273701076185117,2.9406297289192103,0.6550888176419655,-1.2898374651384217,0.07692043698986636,0.2172427186535696,0.0827105236409254,0.08278629096810956,0.08303027242317972,0.23433806739909024,0.23381809747770874,0.2337564406834327
90.0,0.0,70.0,-90.0,0.2587780713520842,0.258231692464669,0.2586168943513326,-0.101730697300594,-0.1066122321891087,-0.5789569051017871,2.03612136915879,2.036718727446271,2.0350122663986725,18.25437787536611,18.253042773083873,18.245860119585895,0.5627208703173423,-0.5203681777098259,0.6213332199694586,0.034477686904056296,0.20136424602123318,0.20124735438381297,0.201299617046907,0.25875169633446626,0.2586003037937816,0.2585398064021869
0.0,100.0,80.0,-60.0,0.2429354609619353,0.2413055922556496,0.24203631725168323,-2.076946456685088,-2.0836028704984773,-2.083505193206763,1.9210859106504812,1.921092155683942,1.9216110086005762,25.042203839128835,25.03681789410398,25.03463025044705,0.7218498227133432,-2.031975129709922,0.01218719380489814,0.9999297353183391,0.34662528514816277,0.34660630572859297,0.3463682082429214,0.24204973504584767,0.24212988001274385,0.2421130511975988
0.0,50.0,30.0,-60.0,0.1617347760070545,0.1609784302478954,0.16144442922070276,-2.0910817412970526,-2.1010354717513287,-2.0939804629644483,1.2771993773907997,1.2739004640535108,1.2829462165513494,10.192758227689378,10.195005953441017,10.191994574620582,0.6597331937022451,-2.0628496603873465,0.00024028870848407082,0.3031758592736902,0.15714341295109785,0.15733519762738402,0.15723493798357,0.1608332656071043,0.1615593756790476,0.16199807094948315
50.0,50.0,50.0,0.0,0.1972017841775388,0.1963273869772792,0.19695202884780866,-1.037801867392232,-1.0547974101081443,-1.3716550133259593,1.5567014206937164,1.5586137185531677,1.5563921461637205,15.098007014067225,15.093417237877013,15.087328490442944,0.6550888176419655,-1.2898374651384217,0.3215265186357234,0.3645098625463221,0.2064644268166007,0.20643882700292476,0.2064231461914249,0.19707445257746053,0.1970279695270952,0.196798993891154
0.0,50.0,120.0,-30.0,0.1014253822745239,0.099798425060591,0.10054893008477868,-2.0591582865475537,-2.09690611145376,-2.0805951764317556,0.8112348446320738,0.8113358068574874,0.8111349996501053,34.38387302351007,34.376974017092415,34.37858184403857,0.6597422426661157,-2.0628742023653066,0.008633352565777266,0.5001357638194884,0.4178879763492819,0.4179612328325304,0.41746539602492744,0.1007187423697558,0.10072841857559885,0.10069734423977673
20.0,0.0,60.0,0.0,0.0603137131759949,0.0598685316210275,0.06013108431713912,-0.6841777602206759,-0.6994107949957202,-0.8096821295841274,0.47573839534572004,0.47652765561070626,0.47568141740859915,16.664456798570615,16.663490150916054,16.655947491414725,0.5841886751953623,-0.5231776405480634,0.13366952295583154,0.03930081296881592,0.19376524387138208,0.1937492828868044,0.19373119039067319,0.06018653535325889,0.060175385700699593,0.06008075998360355
0.0,50.0,90.0,60.0,0.1267836865648456,0.1254161855395576,0.126023134227059,-2.0647108167966675,-2.0909892609942875,-2.079241143843173,1.0067426345247088,1.007015956140948,1.007972850564055,26.369059097445348,26.364858035806567,26.363198244463366,0.6597422425592191,-2.0628742020185755,0.008292644523340826,0.50000524248171,0.33247378634688357,0.33243941860115456,0.332484075070406,0.1260069154547894,0.12614810362827936,0.12612471406718928
0.0,20.0,40.0,-30.0,0.0821158014219711,0.0810885517065761,0.08163529106543223,-2.07973165835812,-2.096413633410824,-2.088349971015385,0.6508476117376202,0.6479160482228206,0.6512663116707049,12.001677861098967,11.996575843716087,11.99404583031962,0.6171453414723962,-2.0150473253455927,0.0010244820639338042,0.15352045620852753,0.15729993289570568,0.1571237736234425,0.15715976772319895,0.08151269050524522,0.08157740566997775,0.08191369475316752
20.0,0.0,80.0,90.0,0.05509062766229,0.0547487457923833,0.05489378473940141,-0.6024278203065142,-0.6158893835641114,-0.6933652522420346,0.4329783369743754,0.43485813506942084,0.43516171457219105,22.101412615050613,22.097267207046986,22.097551653314973,0.5841886751953623,-0.5231776405480634,0.16454324520339259,0.028182662967102434,0.2536502263786305,0.25373759402867285,0.25373720326773486,0.05482284951410412,0.055085192268667545,0.05486202828112617
0.0,20.0,120.0,30.0,0.0433884126738679,0.0416875180330747,0.04255057138010951,-2.0469289490780893,-2.0864485486214512,-2.065768169228026,0.35343997402157995,0.35683694877670746,0.35775295772399096,33.64608620675943,33.64068154104399,33.63833657599261,0.617145342061956,-2.0150473293853004,0.00726230494867656,0.19995140039737083,0.3942396680599583,0.39443488039887636,0.39416686761782,0.04265501456806908,0.04318297401708846,0.04275017372311139
0.0,90.0,50.0,-90.0,0.2287898845338423,0.2283324025066475,0.22852736413246963,-2.0943790580976414,-2.101119060496501,-2.0948231637368235,1.8105230390743967,1.809568572372697,1.8098421545812156,16.534329214115594,16.534071542886682,16.5212384216283,0.7099756328856591,-2.0546976449571566,4.31362099655512e-05,0.6727303206687061,0.24662156092215587,0.2462904392834005,0.24644916382441368,0.22855581655751755,0.22847426112780628,0.2285644263394352
90.0,0.0,90.0,60.0,0.2413465520925286,0.2411132078982348,0.24125209909583614,-0.2072886796933468,-0.2099400333036709,-0.548238931965109,1.8985272632339856,1.8999928234198022,1.8985709329895668,24.07286930061665,24.072485382788223,24.06000414401869,0.562745350766241,-0.5203297715459044,0.7763160824326725,0.01914021812547213,0.26924175309306825,0.26906135004222403,0.26889179671971924,0.24132404308841734,0.24132027665488218,0.24113447821625134
0.0,50.0,120.0,120.0,0.1013983727143976,0.099798605343869,0.1005467949637139,-2.0607631677571274,-2.098066587548228,-2.081750377225554,0.8112621226209725,0.8112934857114368,0.8110711975294508,34.38435023308099,34.378040493176236,34.37834289285908,0.6597422425592191,-2.0628742020185755,0.0080575642310756,0.5001318082531857,0.4178607414835968,0.4179684624551166,0.41745821179456766,0.10071843276388931,0.10071824668696562,0.10069529295760295
0.0,100.0,100.0,-90.0,0.2118608710924164,0.2100386769742339,0.21107135095531557,-2.0714360181076072,-2.091244543055886,-2.083571694209891,1.6782475168856739,1.6813664837725903,1.6792513301677816,30.212295176395955,30.217066100782592,30.210907122974266,0.7218472062136049,-2.031968163768866,0.01254912352586213,1.0001183059671437,0.3982463238202674,0.3984867988163564,0.397905328951792,0.21119852580865825,0.2113310253754186,0.21095073441832954
50.0,50.0,50.0,30.0,0.1971622377380878,0.1962877150823143,0.19691516862728817,-1.0384150804374312,-1.05516884746188,-1.3717969618907713,1.5563172529944638,1.5583509902909516,1.5561750338266545,15.098025750836229,15.093509575850405,15.087315991295423,0.6550888176419655,-1.2898374651384217,0.32141891436403464,0.3644928564975443,0.2064593636318014,0.20644687370635106,0.20642814762779635,0.19702808810654282,0.1970034773368586,0.1967587745600191
100.0,0.0,20.0,30.0,0.2875584298397154,0.2540410902689124,0.2659449423654531,2.791477874819781,0.819063955342419,-2.46823061805968,2.0931160477378428,2.0963311259256856,2.099641536902936,3.8774166421030825,3.8901349582187312,3.8940969679791593,0.5610908219554596,-0.5198393037975151,-0.08278902920126496,0.17844865499307003,0.07310941877187745,0.07292270676895801,0.07332719309541127,0.2656420249139872,0.2664726579041752,0.26605950124746913
20.0,0.0,100.0,0.0,0.054579098143034,0.0534777072703252,0.054085795441090954,-0.4378974845521525,-0.4749943073700245,-0.5236593893711852,0.42748668398289685,0.42394810004815436,0.4270923490224675,27.519071838452028,27.51558799483597,27.510745742482364,0.5841886751953623,-0.5231776405480634,0.20310550344542655,3.979835909082861e-05,0.31347206318393994,0.3131480316449386,0.3132982355381767,0.054025951170427,0.05398217291429671,0.05442958024972223
0.0,50.0,90.0,90.0,0.1267771818142597,0.1254163141926751,0.1260209526132554,-2.065538208166954,-2.091778946998452,-2.0799270098165024,1.0067986024858782,1.007137659725727,1.0077286917729043,26.370423789369212,26.364562509414025,26.363684569874547,0.6597422425592191,-2.0628742020185755,0.007949692349011583,0.5000047962029686,0.3324777805960558,0.33243190892271024,0.33247546092905866,0.1260319171442869,0.12613532579369252,0.12610440493580213
50.0,50.0,70.0,90.0,0.1804751031047093,0.1801082916836948,0.1803108515238496,-1.1269608725872866,-1.1316314584940752,-1.3476393957544304,1.4278134185646263,1.428149647934514,1.4286314181663602,20.606455939830585,20.61024850349787,20.604392870186654,0.6550888176419655,-1.2898374651384217,0.3904917373020618,0.42155931518256406,0.2667911141894492,0.26651441289796274,0.2666866576839164,0.18027231945017147,0.1803671605367647,0.18033377531237443
0.0,20.0,90.0,-90.0,0.0552216527128566,0.0547276696827129,0.05501031646833368,-2.0677817028855827,-2.096059434211991,-2.0808243269224325,0.4463696341050572,0.44869291927794175,0.4472184886387279,25.465103186044104,25.468626817054282,25.446680577024747,0.6171320071877551,-2.014939254735536,0.0032202656934849504,0.20003033142856974,0.30450218288582914,0.30455162422925286,0.3041727273320808,0.05510028679896237,0.05522673730097474,0.05492465886418823
100.0,0.0,100.0,90.0,0.2400709734500696,0.2396136290349466,0.23982394120423006,-0.2156097222473114,-0.2184481723623527,-0.5194821607946933,1.8870629604957125,1.8877502165139666,1.887427111399276,26.841491312213343,26.837506888087525,26.82864161079867,0.5610908219554596,-0.5198393037975151,0.8598621584096573,-0.0035155230571449424,0.2997626787228669,0.2995655243282451,0.2996835924690032,0.23982858059980086,0.2398663039343713,0.2397908151263463
20.0,20.0,20.0,30.0,0.1143256114310393,0.1110862412513342,0.112826279368351,-1.1393468291835938,-1.2497866752914908,-1.5512321866383263,0.8915757077304423,0.8903686957136843,0.8950577717820636,6.446517889797403,6.436266618899166,6.441762585013853,0.6162442654560011,-1.27379193074638,0.06702689602012703,0.11115386528924157,0.09744380600652217,0.09716799531210939,0.09740766990651017,0.11256799977687233,0.11298555089204435,0.11315127743902093
50.0,50.0,40.0,60.0,0.2066223731918535,0.2051539272167873,0.2061344326655781,-0.9492453033260604,-0.984589154845288,-1.387060334685169,1.6287972698748863,1.6279665906098926,1.6291379589102157,12.287562448031645,12.283118985629654,12.276125947642129,0.6550888176419655,-1.2898374651384217,0.2810950499645705,0.3289247940787236,0.17593666098245406,0.175750199119493,0.17577136437363544,0.2061009107953708,0.20614891177045166,0.20623823570323968
50.0,0.0,120.0,-60.0,0.112997560957566,0.1114322062303289,0.11232188009927843,-0.3984950762863301,-0.4198303643801875,-0.5234702340816167,0.885610602316608,0.8853755860602386,0.8842906323031066,33.003881319051544,32.999364657051494,32.98881193407091,0.5786797567374069,-0.5219128394636041,0.5038296567146741,-5.2431978793540427e-05,0.3746641867154562,0.3747848933538822,0.37477912451992274,0.11252128737295432,0.11234996326359473,0.11239562905467579
20.0,50.0,60.0,120.0,0.1472338841678846,0.1466046184594615,0.1469536351692654,-1.6443191516485345,-1.6513951112708525,-1.7490245105213764,1.167367737304989,1.1677519589921799,1.1663174935525245,18.143094875724486,18.146346050948484,18.134366767255305,0.658991099436022,-1.6861926913303058,0.14385535208876157,0.3991435341160468,0.2414253273671707,0.2413953880781459,0.24144200638684482,0.14707561589716445,0.1469444000104964,0.14689392644903104
0.0,100.0,120.0,0.0,0.1868381922140604,0.185218914290217,0.18610518123300232,-2.0624177460809943,-2.071248998576776,-2.0707237290191545,1.4898755876076792,1.4842680309913006,1.4869849639075121,35.3939873351577,35.394411795582364,35.38481152024324,0.7218526699760112,-2.0319799578528905,0.02546655321812146,0.9989167097810946,0.4508677744533727,0.45065613909883784,0.4507907573911936,0.18632412760323008,0.18597027760031157,0.18666884172316606
20.0,50.0,20.0,-30.0,0.1807014258974206,0.1788499550267254,0.17986488858629915,-1.427168657750301,-1.5167085806201237,-1.7939867161677625,1.4217765506532636,1.4206891768400876,1.4215900783734818,7.363917255016383,7.355371977415693,7.352103692043171,0.6589910986558628,-1.6861926887861751,0.08027317746951267,0.2595408966126199,0.12666499849540758,0.12643304287369997,0.12651774864273746,0.1798724568786637,0.17984443983363937,0.17998071542797092
0.0,20.0,90.0,30.0,0.0552198208220144,0.05472711746278,0.0550109135059965,-2.0678056155559084,-2.0956497690032543,-2.0810855706522893,0.4463335647323149,0.4485829751323129,0.44731891175036914,25.464614518795656,25.4683018232241,25.446491004173513,0.617145342061956,-2.0150473293853004,0.003167750304085497,0.20002960402690523,0.3045126677038641,0.3045600228251825,0.30416761168531237,0.055084731329356616,0.055227824828801196,0.054935006800075716
50.0,20.0,110.0,-90.0,0.1264723697513358,0.1245620976334042,0.1255337438998053,-0.7618886960472079,-0.7801451109543257,-0.9020482375155882,0.9940808354393009,0.997973527273303,0.9927970111694686,30.78442668915073,30.7837864078748,30.770034732710823,0.61155502609773,-0.8927448408656414,0.5039989347579348,0.20001203295545744,0.36118234826442336,0.3613390766940175,0.3611717633486884,0.1259243158350564,0.12574133279551072,0.1252791889656892
90.0,20.0,30.0,90.0,0.2677285977722496,0.2660906444587138,0.26692556135101336,0.4087616851407297,0.1532694095534302,-1.0213165481794646,2.103484155405897,2.102332332283555,2.100998887203217,6.288149126424443,6.2858266328245636,6.28701406438673,0.5984987239536121,-0.7371513072756187,0.20358907388143796,0.11161692302718079,0.07272242645508832,0.0727844808967986,0.07283588917510822,0.2670886850909464,0.2667722717761434,0.26692162733686725
50.0,50.0,120.0,-60.0,0.1451509027193697,0.141666849879753,0.14330623488218583,-1.186995771711958,-1.2138051152688198,-1.3053503059918126,1.1423816063725416,1.143320615952556,1.1399380362886276,34.28873353585449,34.280348371670414,34.26144659475749,0.6550899819024548,-1.2898390748494597,0.5053531820639702,0.5001236106389243,0.41623304339513156,0.4157435556309065,0.41573963194129776,0.14372911020360452,0.14341488637033062,0.14326873788396774
50.0,50.0,0.0,120.0,0.2293260602766469,0.2284017848242049,0.22891918218816623,1.5865307761856466,-0.1718838122645092,-2.09140261902307,1.8102578739925845,1.8019757021826863,1.805668946811716,2.780314791315569,2.7792736902086688,2.771965414361899,0.6550888176419655,-1.2898374651384217,0.0007884005442357264,0.2459791996478678,0.0906978895290496,0.09061309159391051,0.09039973840422193,0.22900144362638938,0.2284091303789761,0.2294678749387769
20.0,50.0,70.0,120.0,0.1400142024091466,0.13945032444187,0.13974209885136765,-1.652696454005855,-1.6642432751898,-1.7431314308859147,1.1125140645232006,1.1107671272125776,1.1116865485336296,20.827165625676454,20.825983932333166,20.81596947918772,0.658991099436022,-1.6861926913303058,0.15577711022040444,0.4240705444333411,0.2702518672110779,0.2703720800775428,0.2702054807370446,0.13972706824947587,0.1396560568154132,0.13986303357825675
90.0,20.0,110.0,30.0,0.2190494834179296,0.217880479247377,0.2184832584511291,-0.4934736169715442,-0.5044564174972228,-0.7416012787166576,1.7242436160792671,1.7232709222480256,1.7228358024368866,30.430802950879826,30.433829829136318,30.41903984726431,0.5984987239536121,-0.7371513072756187,0.903611843076484,0.19997621542075192,0.35449668138060697,0.35462153778056604,0.3544007628559141,0.21861990252401337,0.21846498291965777,0.21857746013699428
20.0,90.0,80.0,0.0,0.229691286319691,0.2279471558286259,0.228860671078179,-1.7865907216498873,-1.7942588149827623,-1.8685444033991154,1.8155304853295202,1.8147820119692086,1.8198088333166331,24.766836296984756,24.758799410816692,24.762473708357195,0.7088879274287126,-1.824588487784622,0.20788893775483425,0.8999764586112772,0.33828622657176244,0.338066080710827,0.3383926546610819,0.22855290949668253,0.22906357542984104,0.22915284433128755
0.0,50.0,60.0,-60.0,0.138424298187214,0.1378806583764518,0.13820607862683323,-2.096064606276361,-2.100024808791764,-2.0962280098775063,1.0985440538165019,1.0992219755415658,1.0992361221774152,18.188725619212775,18.18487151574919,18.183122820458692,0.6597365981310344,-2.0628591219634513,-0.0004640707034423566,0.4003957037368253,0.24220399466081946,0.2419331425721708,0.24198083270741377,0.1381901627256523,0.1382926340595569,0.13818405038195775
90.0,20.0,60.0,-90.0,0.2642331653079249,0.263008050817542,0.2638881656348104,-0.254833449140098,-0.2680151191176796,-0.8096705712688407,2.0785810813269037,2.0799894763936955,2.0798146668449715,16.010974220680062,16.00958710400216,16.004483821470924,0.5984666065180925,-0.737183653939299,0.5746152484580267,0.16909493268491865,0.19000073838012596,0.18996381473495424,0.18987092653691198,0.26386668718818973,0.26402949157560063,0.26384253542267844
50.0,50.0,50.0,120.0,0.1971757467122597,0.1962759792764222,0.19691695979761645,-1.0376589525312954,-1.0550856589578077,-1.3715487957801258,1.556674902038627,1.5582038813377375,1.556001222555019,15.097840259449589,15.092582177483344,15.086893691599007,0.6550888176419655,-1.2898374651384217,0.32148293983725135,0.3643852471219404,0.20645470579105887,0.20641146229812063,0.2063964453601724,0.19705382819861486,0.1969631085337457,0.19678143467432646
0.0,100.0,70.0,90.0,0.2612235456299453,0.2595144101366859,0.26025651233719793,-2.076681214093403,-2.0864001321116814,-2.0844380471403503,2.0620622691287407,2.0633323764184195,2.0641595568161226,22.49576161571294,22.493966289411,22.476375092521643,0.7218526699760112,-2.0319799578528905,0.010833809146518629,0.9999024020897705,0.32215483868412903,0.32226256595619757,0.32207491631974255,0.26018282172234,0.2604504895529179,0.2602866114842461
0.0,100.0,80.0,30.0,0.2429354657470513,0.2412812857161853,0.24203508357661482,-2.0769726874778622,-2.08358010542232,-2.0835205437373423,1.9210877368097639,1.9210651626699893,1.9216293220586842,25.042219572592,25.036887286763662,25.034701117545858,0.7218526699760112,-2.0319799578528905,0.01217191956653707,0.9999246253005775,0.3466308891730811,0.3466072072972055,0.3463702427077237,0.24204666938316075,0.24212897238037115,0.24211593018965355
90.0,20.0,50.0,60.0,0.2676746019322369,0.2664877443695495,0.26700475117210526,-0.1485227236401534,-0.1705838049720086,-0.8372413447409953,2.1036185409522474,2.1043960143061327,2.1026525587461626,12.974272626830789,12.969734457483074,12.968541464434514,0.5984987239536121,-0.7371513072756187,0.46848339247738474,0.15212157849790303,0.15399225868301702,0.15407168314884068,0.15390963264945431,0.2671145774099793,0.2669906935180842,0.26689121451432496
90.0,20.0,20.0,-90.0,0.2875959560787613,0.2559887284174599,0.26660569917107074,1.739707727540161,0.4805429187735138,-2.1030922196077255,2.1030509116085345,2.0974204247772716,2.10452510255816,2.8133375959444975,2.810986371065951,2.8263944087406987,0.5984414522612038,-0.7372104665943504,0.0018435327552765901,0.1452018859465415,0.05182619076746967,0.051798944354505445,0.05176064092112583,0.2664468597834393,0.2666183482535815,0.26733678427401786
50.0,50.0,80.0,120.0,0.1750320318662817,0.1742601464549935,0.1746525755793422,-1.1328568557511685,-1.137960675094174,-1.3242514173633213,1.3844021447281085,1.3834882417601282,1.3852768052086906,23.3285796773138,23.32670818657687,23.325221904242355,0.6550888176419655,-1.2898374651384217,0.43062458986037266,0.44350080231818884,0.29607738450590215,0.2961170795430535,0.29622645116392504,0.1745629185046003,0.17466909893565122,0.17479444169584907
90.0,20.0,110.0,-30.0,0.2190494732381709,0.2178804915708887,0.21848331590603814,-0.4934758125578499,-0.5044586457657266,-0.7416022336592791,1.724244169553017,1.7232714293419238,1.722836624860711,30.430805362427655,30.433831831881268,30.419042221285036,0.5984987239725765,-0.7371513072922886,0.9036119450424269,0.19997715137094077,0.35449676023441884,0.35462160908677465,0.35440083568385583,0.21861995482253602,0.21846506944908375,0.21857755081299524
0.0,50.0,40.0,90.0,0.1534359556167105,0.1530381212449259,0.15323086777083667,-2.093566216737841,-2.099329468138136,-2.0951024027039638,1.2152501422730868,1.215676085078944,1.212720891781454,12.864423358542087,12.854273859388618,12.857068920892694,0.6597422425592191,-2.0628742020185755,-0.00010658182528429591,0.33945064336085207,0.18553892088854915,0.18542729024338778,0.1854033377618733,0.1534759039108271,0.15315329252417031,0.1530915458387259
20.0,90.0,100.0,120.0,0.1994534851852197,0.1978269983809095,0.19859776860722742,-1.8044847803725528,-1.81937604771654,-1.8673386922153559,1.5794851055102606,1.5809294469870805,1.5822422455460834,29.964202431455053,29.96517699974105,29.942533916783457,0.7088879274287126,-1.824588487784622,0.2096529234752318,0.9000751122191996,0.3909216168449382,0.39073680022742324,0.39049783043394387,0.19851979951639787,0.19889011094784106,0.1986889887094034
0.0,20.0,20.0,60.0,0.0956017207182109,0.0939595392413571,0.09467377830818054,-2.064182824285065,-2.0910119578995374,-2.084723964025186,0.7480411856795195,0.7511979443520167,0.7508098217163882,6.649771316467664,6.656521476631981,6.642681822059723,0.617145342061956,-2.0150473293853004,0.0011728124452298552,0.11264825584212286,0.10027831098344478,0.10047595418594277,0.10018904061622487,0.0946333284044136,0.0949453378001706,0.09456996235556522
0.0,100.0,70.0,0.0,0.2612245477024417,0.2595211337939853,0.2602580242149819,-2.076749940555528,-2.0863787360322963,-2.0844970463553323,2.0620760675225127,2.0632059150429085,2.0643049646272447,22.495057062430575,22.493940117451867,22.476363694019202,0.7218526699760112,-2.0319799578528905,0.01077491686198058,0.9999081739699598,0.3221464136456308,0.3222690987495547,0.32208304041329455,0.26016662807136653,0.2604516967459991,0.26030557808642
50.0,0.0,0.0,0.0,0.1668043277496807,0.1471818783256022,0.15841239850212258,2.5289071559731937,0.4143255335348795,-2.0911992954830456,1.249446935914381,1.2492877308524988,1.253238678375508,1.9589900499391106,1.95220415918979,1.9570949821670163,0.5786783317088385,-0.5219133872819157,0.0004451304560508828,0.11815188948071584,0.0631135610767144,0.06295017620642905,0.06289626266761783,0.1582375251223871,0.15870841764010535,0.158740877642884
50.0,20.0,0.0,120.0,0.178112564571339,0.1769393975260788,0.17747748197247323,2.062446292954502,0.2149280486201863,-2.0912542771727454,1.400785707737903,1.397824114203252,1.4018119840584504,2.1629587091512024,2.162628115486369,2.158561349363319,0.6115535893142118,-0.8927449704416845,0.0005133344254442147,0.14783764800089153,0.07052064918260935,0.07053762634614659,0.07031326424496064,0.17728762731679457,0.17741834097452558,0.17779708901909147
100.0,0.0,20.0,0.0,0.2867170264196657,0.2537165832721387,0.2659320187918494,2.8002840261938164,0.8218488875859541,-2.4698872605711593,2.0922221084524395,2.097047139705426,2.099855536338054,3.892370202587943,3.9011706008759797,3.9124837116807,0.5610908219554596,-0.5198393037975151,-0.08340325931673172,0.17907520365233986,0.0732660170617017,0.0732180941821782,0.07355833417124318,0.2656201220118825,0.26657673199248627,0.2659750969649125
50.0,20.0,50.0,90.0,0.1608592440912609,0.1597802430476369,0.16044149170604852,-0.6633728858656458,-0.6816435914097774,-1.0264542107686216,1.2649633105597418,1.2682472025311406,1.267233126963743,14.186343779172805,14.185810905345704,14.189526150303289,0.6115535893142118,-0.8927449704416845,0.2982400912865751,0.16406068988330794,0.1773821666478625,0.17751074966671285,0.1776600724405677,0.1604045608239438,0.1606970390537583,0.16028286480828488
90.0,20.0,100.0,60.0,0.2421854618198369,0.2391571668598863,0.24087952116674508,-0.4422030613741248,-0.4504188559347397,-0.7419316300266543,1.8976988077347425,1.8993015872701648,1.8997981565316342,27.52861362038215,27.522663300766023,27.51687042948151,0.5984987239536121,-0.7371513072756187,0.9031295234517934,0.20029506926191046,0.3214955685610144,0.32134216029660717,0.3215238862487647,0.24082540253873844,0.2410876967043109,0.2408928888481248
90.0,0.0,40.0,-30.0,0.2675954792356124,0.266122026567044,0.2667120917996046,0.3165458444219663,0.2313339082810371,-0.6702168043852311,2.099655146861796,2.099991881508594,2.099082280265148,8.981439046850214,8.976300648593886,8.97879061884731,0.5627453501195824,-0.5203297711665276,0.2763719331189082,0.04134800073636678,0.08770675958901317,0.08775398879343174,0.08787471002398779,0.2667782955718898,0.2667083231215545,0.26666409725970835
20.0,90.0,70.0,90.0,0.2476521048387634,0.2459526281909717,0.2469130148887186,-1.7651121559021794,-1.7800726278697208,-1.8685335533134986,1.9567894330769697,1.9565035635159693,1.9585276095811512,22.196259839996003,22.196532099015982,22.189403087977407,0.7088879274287126,-1.824588487784622,0.2074758547230042,0.8999254923936082,0.31392111398604816,0.31377690404656633,0.3136738770318931,0.24681137961661112,0.24703927679145002,0.24706102348667663
100.0,0.0,10.0,0.0,0.2687793269643798,0.2638504840813093,0.26672685488405623,3.139873020357949,-3.135674127088331,-2.256103817332935,2.1034163765672758,2.104124710783297,2.1073244085637155,4.608865321716954,4.614288772535474,4.6056634042136855,0.5610908219554596,-0.5198393037975151,-0.05216235144031398,0.3442961713627078,0.11488769957536937,0.11495576554623413,0.11475337025827706,0.26650940386486444,0.267010318338291,0.2669102559720049
20.0,50.0,110.0,-60.0,0.1174634896165285,0.1156755102016848,0.11657992156808078,-1.6550284393800694,-1.666451273900923,-1.7089736542463032,0.9330240657449552,0.9370920646655178,0.9353371923145699,31.66771298274419,31.684327515434276,31.67446785524978,0.6589913231414886,-1.6861932228696586,0.20449807575154672,0.49998099838006643,0.3886631177684458,0.38871419459450884,0.3885236058681809,0.11669917614457499,0.11697617145996687,0.11646914150272099
0.0,90.0,80.0,0.0,0.2234929899798631,0.2218077428256067,0.22266522487199011,-2.086156870153614,-2.0916329513440908,-2.089354377018251,1.7706119647663403,1.7669219828943703,1.7675280189461156,24.811369765805043,24.801775924462696,24.79014889661732,0.7100174044766513,-2.0547884519709454,0.005607691004983306,0.8999533041603159,0.33894121466487437,0.33888139932197436,0.3386307686399832,0.22281831861174456,0.2224526774589713,0.2229055633758989
20.0,0.0,110.0,-30.0,0.0506497397956439,0.0472295077384774,0.04912759677644983,-0.4430375754940368,-0.4992362014111691,-0.523562573585437,0.38817126262317253,0.38638671559808085,0.38852105887850946,30.316425903204603,30.31634147985937,30.30895012148843,0.5841886752131829,-0.5231776406023999,0.20329885147433358,1.7153645592745075e-05,0.3454824593667614,0.34541129523672376,0.3453755552619663,0.049216128317296846,0.04927819803644578,0.04948319621339976
100.0,0.0,30.0,-60.0,0.2833478207591922,0.2602476367079813,0.26782378513991056,0.861406011051741,0.4734404818535644,-0.9890313115861428,2.1192420061186716,2.1163004882226475,2.1162916643421585,5.4827872600831355,5.491350217185942,5.517333113239547,0.5610827586294092,-0.5198454545901758,0.10791110174144096,0.05928758865216656,0.04708912352317108,0.04717431569951481,0.04705726408688442,0.26911081276530574,0.26870411576873493,0.26902896262239673
20.0,90.0,0.0,0.0,0.2680974519386625,0.2665655287975851,0.2672288563829328,-1.9764533968955675,-2.0089439344192765,-2.091414827325976,2.108629055211095,2.10523130233032,2.1099872326732165,3.217162643414003,3.211998173813014,3.215472444527808,0.7088879274287126,-1.824588487784622,0.001060556439857788,0.33270986067284863,0.10460040099390283,0.10457767409872329,0.10462703684251053,0.2669771257921123,0.2671514278974355,0.26759242303837355
0.0,50.0,10.0,-30.0,0.1798602277530696,0.1788138828336143,0.1792715559039917,-2.0886624028682585,-2.098418086519175,-2.092150841562876,1.4123903597586893,1.4175014427483825,1.4173967891049226,4.922338928367461,4.916790826294334,4.919311150043383,0.6597422417304399,-2.0628741992090673,0.0005816646586043072,0.21687056464485338,0.10198003985157218,0.10213921285867776,0.10232722821026036,0.17909086182018374,0.17974824827648495,0.1790678056316368
90.0,20.0,90.0,-60.0,0.2356335520979942,0.2351633669763889,0.23536730356321559,-0.4418116703607261,-0.4434846562149873,-0.7633783581338975,1.8553389676538141,1.8553832309666838,1.8560401552511685,24.751514065460345,24.74124123617575,24.736767431145577,0.5984966244337724,-0.7371519585838797,0.7940900255077189,0.19406703847127377,0.29042362394846194,0.29025689695780776,0.2903933540228778,0.2353134044632874,0.23539956289125474,0.23540632341646453
20.0,0.0,120.0,60.0,0.0459767806113371,0.0435208818153826,0.04502293989846074,-0.4343264285778361,-0.5283417043570329,-0.5230503675840347,0.35850369879304966,0.3579172022007193,0.35914288113050735,33.103644278870384,33.106046053256584,33.090922976266675,0.5841886751953623,-0.5231776405480634,0.20372398790804727,-6.160014794471879e-05,0.3771634157828667,0.3769483193409481,0.37706231528976875,0.045362250168332986,0.045472153655170315,0.04552124482031993
20.0,90.0,110.0,30.0,0.1866843517853895,0.1846857646512136,0.1858357534269532,-1.813891450268368,-1.827987255649292,-1.8673298533822387,1.4824021028688488,1.4816314073677619,1.4814200537352178,32.5830946237544,32.58269203834862,32.58206170409475,0.7088879274287126,-1.824588487784622,0.20970478379827595,0.900157955372846,0.41761888185587237,0.41720827393361937,0.41694741640789157,0.18602114153858337,0.1859106934482443,0.18598227406068732
0.0,50.0,70.0,90.0,0.1314630958504817,0.1309568039535311,0.1311621315536847,-2.093696371150231,-2.1041571930591165,-2.0973905403686754,1.0463653119700742,1.044796446096868,1.0437862168013325,20.865904422442913,20.864567292708095,20.85465330139132,0.6597422425592191,-2.0628742020185755,-0.0009046251341396493,0.425046585050885,0.27133349907528287,0.2710682914742824,0.27120267318690916,0.13132838133900135,0.13100485900584105,0.13120048309739019
50.0,50.0,110.0,-60.0,0.1549647523846014,0.153308210656175,0.15409938480075847,-1.1791187402214882,-1.1851581696813824,-1.3053226466940016,1.2315215286088153,1.223100886443639,1.2238737544806586,31.579977219127436,31.558669556966347,31.543407422111084,0.6550890114413335,-1.2898377328097956,0.5052854787671127,0.49992933138560913,0.38675237316237987,0.3863099492830877,0.38649565907661654,0.15448038837515132,0.15352797394918555,0.15459985207357024
90.0,0.0,30.0,-30.0,0.2835542080877077,0.2605045856711239,0.2678621859934934,0.8637166755888879,0.4702087611709076,-0.9892060544768871,2.1205012865432806,2.1164500911535318,2.1185735132619308,5.52161187245923,5.464437375276608,5.467634097620176,0.5627453500244856,-0.5203297711107389,0.1084292856907216,0.05956177454356923,0.04690578281166028,0.0464708195136417,0.04671775753655734,0.2691110881584651,0.2688188839580922,0.2694084620995756
100.0,0.0,70.0,60.0,0.2623296771397826,0.261701613427175,0.26216473135981766,-0.093757520484976,-0.0992188070140559,-0.5783094868984963,2.063723441778128,2.064800445582496,2.063113775867166,18.220777130577282,18.216787139241593,18.212325314574603,0.5610908219554596,-0.5198393037975151,0.6276747557543416,0.03442689067040198,0.20069386200115505,0.20046969737710973,0.20044901995748893,0.2622813924544232,0.2621881258399092,0.2620653158125047
20.0,50.0,50.0,-30.0,0.1548004089581537,0.1542883810989278,0.154583619251054,-1.6264996184530425,-1.6331615762636318,-1.7554749435893027,1.2281250324953108,1.2258750954830482,1.223772999088517,15.463567371360972,15.453591505078643,15.450825892075837,0.658991098921588,-1.6861926896534185,0.1308313956139728,0.37066660488073644,0.21281864837784348,0.21270469437838513,0.21277632072009225,0.15487671975580003,0.15432654544811888,0.15461304379747348
0.0,20.0,110.0,60.0,0.0472457540887376,0.0452119621226801,0.04604258522562058,-2.059210743258576,-2.0989216202141936,-2.0779202461238944,0.38131516181790176,0.38265514018850516,0.3777864075956892,30.93485137257453,30.925304777248773,30.91795872913746,0.617145342061956,-2.0150473293853004,0.004249132760121118,0.20002044246126172,0.3641847522764036,0.3640392455876847,0.36386948872431124,0.046613894371613465,0.04617959457828594,0.04598866747117011
20.0,20.0,90.0,60.0,0.0789908838830408,0.0776198507898939,0.07835173552356889,-1.2162168704567078,-1.236994350113134,-1.3033147648863883,0.6261522031057601,0.6272836005397163,0.6270425712579324,25.420552995860834,25.423324427063655,25.417579003162793,0.6162442654560011,-1.27379193074638,0.20257544946673622,0.19988250804496685,0.30364792288777964,0.3035213385906424,0.30351269682949,0.0783641743537075,0.07847965628222467,0.07833071476941507
0.0,90.0,40.0,120.0,0.2381944894817296,0.2378801579625965,0.23799163145991312,-2.093183722110025,-2.0957566737546336,-2.0933806216066917,1.8813459919990656,1.8846456352175933,1.883438360197716,13.888416209595327,13.885548389830472,13.878995644241206,0.7100174044766513,-2.0547884519709454,0.0008767657696539537,0.621624433904213,0.21852637304399586,0.2184778440351681,0.2184503704046488,0.23797027693613917,0.2382292738638287,0.23780616100461074
50.0,50.0,0.0,60.0,0.2293077156878084,0.228716916809469,0.22896618550370548,1.595995402984054,-0.1679857823192572,-2.0913822084128753,1.8104599558429257,1.8028395678481075,1.8058404763335596,2.778805860265033,2.7806026196691045,2.7708388652324705,0.6550888176419655,-1.2898374651384217,0.0007942024892715629,0.2460579531443324,0.09065533694315511,0.09071150025683244,0.0903680214703824,0.2290800046609776,0.2284870899378484,0.22947082957318773
20.0,50.0,10.0,120.0,0.1897432447971805,0.1875902770558578,0.18870082361911814,-1.186203751075687,-1.425700588136272,-1.8603636267319554,1.4887606895144454,1.4898156628845807,1.490880481024411,4.6328306785002455,4.630730423496581,4.629804801310527,0.658991099436022,-1.6861926913303058,0.051074794142387386,0.2152012140395623,0.09868429532987624,0.09863024559737417,0.098635269982265,0.18862241640561975,0.1888867748885588,0.18875835980545907
20.0,0.0,10.0,-60.0,0.0872664084907221,0.0665657359646445,0.07660319667888729,-0.2283887936736542,-0.7525828791082741,-1.2624091458854356,0.6819932231593111,0.6865933009129186,0.6836248305154424,3.243036440972302,3.2260499001083387,3.235441938577606,0.5841783496021394,-0.5231792105611626,0.02890398838796279,0.04305703626371203,0.06052021077942929,0.0604427385398795,0.06051729270863586,0.08669597350491169,0.08688794656295142,0.08630288203135572
50.0,0.0,120.0,120.0,0.112994403826728,0.1114305275534292,0.11232113526516849,-0.3984952497017847,-0.419830519908228,-0.5234638695948641,0.8856038517558492,0.8853683895824747,0.8842835228241652,33.003873132430414,32.999355648177996,32.98880186694017,0.5786783317088385,-0.5219133872819157,0.5038270479869438,-5.5433397428014065e-05,0.37466393106634277,0.3747845844114318,0.37477884542384515,0.11252042470068352,0.11234905497000397,0.11239477738699838
0.0,50.0,50.0,120.0,0.1457125714358789,0.1453041097911169,0.14549129180609185,-2.0934191189707576,-2.1008484810815062,-2.0957548188201525,1.1544191046316727,1.1539072210528505,1.1565063446359594,15.520664939650873,15.521132208116262,15.515909214208238,0.6597422425592191,-2.0628742020185755,-0.0003193364578942028,0.3717947463497073,0.21373786064390718,0.21386180670720994,0.21374920246093573,0.1453061764880468,0.1455691302859741,0.14564301091494486
20.0,20.0,0.0,90.0,0.1308873077257325,0.1140187437905208,0.12273495945767249,-0.224005605863781,-1.0340794374870732,-2.0892301802391926,0.9888635853124209,0.9947683170687293,0.9892239937503045,1.9283699674916923,1.8791413857581858,1.8970895735123492,0.6162442654560011,-1.27379193074638,0.0005443485600516567,0.07655994460650732,0.05817008928128847,0.057961600299342025,0.057319062778541964,0.12585931200518538,0.12590346052849566,0.12510954884556005
90.0,20.0,30.0,0.0,0.2678530258311485,0.2661182410894214,0.2669301485587663,0.4115813623208393,0.1578977091323818,-1.0207825989073602,2.103241536899852,2.1022610552217893,2.101454001431639,6.285270635325494,6.282679576673871,6.28335876290885,0.5984987239536121,-0.7371513072756187,0.20319699383109474,0.1112459596503156,0.07264246944719621,0.07268323040691405,0.07278286708061928,0.26704282143915786,0.26681730769773726,0.2669425617117473
0.0,90.0,100.0,-60.0,0.1940267350896639,0.1926228561670936,0.19333530458727088,-2.080336985152774,-2.095225003657321,-2.0882190907371223,1.5413706610114568,1.5402803029386247,1.537996838835029,29.99447375104499,29.987365839486888,29.98094713554189,0.7100165944988021,-2.0547869380968637,0.007279387165610339,0.9000332344944962,0.39137534612076424,0.3913256037471468,0.39098637201093017,0.19365786657536185,0.19323781817188232,0.19337404206702172
0.0,20.0,20.0,-30.0,0.0951470349532222,0.0939777077323785,0.09460345746726052,-2.0733760631641083,-2.091043493260232,-2.085884301528698,0.7489069162860246,0.750654143129176,0.7489112323729467,6.651086841752087,6.661913869836434,6.642403037108662,0.6171453412985212,-2.0150473241573725,0.0010476700935666307,0.1125255328099475,0.10037037568639795,0.10060592401942019,0.1001978701376352,0.09474792976647321,0.09469825395408929,0.0945008093520874
20.0,90.0,0.0,-60.0,0.2680134471048379,0.2665655249053958,0.2672280166750629,-1.976310086860476,-2.0087572109180583,-2.091414105492832,2.1087997549367907,2.10549348080936,2.1095306002863263,3.215935656708276,3.213218298678441,3.2149607654790886,0.7088763702554424,-1.824569359023415,0.0010600425804164234,0.3327112191966099,0.10459272210036936,0.1045824934228661,0.10460866619250563,0.2670316617422487,0.26712661829387574,0.26755887686943486
90.0,0.0,110.0,120.0,0.2250685462830233,0.2218652460285055,0.2235695841125773,-0.2642538366769232,-0.2728542165514729,-0.5235202334873094,1.7597220625660206,1.7604032015955626,1.758311616037641,29.790459191505434,29.78805880648232,29.78677936888665,0.562745350766241,-0.5203297715459044,0.894897760353119,-2.5932027498187495e-05,0.33507104024296225,0.3350367615755132,0.33485255071814546,0.22377364621199639,0.22359840335711745,0.22351658055640536
50.0,50.0,20.0,-60.0,0.2293377778486375,0.2223066948132108,0.22642378247707695,-0.4410308883063036,-0.7228475186956611,-1.4853755457556073,1.7863644861738075,1.788449929825822,1.7862795179161184,6.214464779585976,6.211305063098156,6.2120938484654795,0.6550789525903735,-1.2898266314680686,0.1699063671002232,0.24460816035646157,0.11021317884686872,0.11012905146721012,0.11019508991326514,0.22664632569152054,0.2266334436681896,0.2263674676178271
90.0,0.0,20.0,-30.0,0.2817245227378924,0.2548594913108477,0.2659822708656304,2.8061777734777995,0.8224637776572368,-2.4689845995511015,2.093173046443767,2.0960851362815403,2.099973307257795,3.899350517265867,3.9125706370088755,3.923435659929231,0.5627453499293886,-0.5203297710549496,-0.083612458328411,0.17963085478339544,0.07361092543157628,0.07346608050667462,0.07386886307764025,0.26560790224851005,0.26647000632469203,0.2660895372298726
20.0,20.0,110.0,-90.0,0.0662898185469874,0.064997180505849,0.06561857873943816,-1.2368392581459375,-1.2646800901806374,-1.302272527949378,0.5261963870654317,0.530075749637882,0.5327876151307429,30.902370278075058,30.899816430022316,30.90264987046019,0.6162458785426896,-1.2737958822613755,0.20379637953369714,0.20001272443115986,0.36354957809879324,0.36359187966596157,0.3637812302539964,0.0654116285875839,0.06620841132713247,0.0657433309551077
90.0,0.0,30.0,0.0,0.2835015913489581,0.2608163370341494,0.267832648345638,0.8552529176949967,0.4674945874232283,-0.9878369394111813,2.1211423745215896,2.116863276982086,2.118424266628551,5.456752634484582,5.443923874791433,5.477965587462466,0.562745350766241,-0.5203297715459044,0.10877941398288128,0.05949749707179326,0.04618702529647113,0.04669273433448925,0.04683894717815923,0.2691387604010131,0.2689031401427619,0.269393153597422
90.0,20.0,120.0,0.0,0.2007314701406233,0.1996599463970171,0.2002625371506306,-0.5338464855060818,-0.5413965675413063,-0.7415010542645399,1.5806197242197826,1.5806086346326809,1.5806156016753703,33.27553193288059,33.27193203277461,33.25601343471397,0.5984987239536121,-0.7371513072756187,0.9040359294831771,0.19981424039071918,0.38729487275157987,0.38739204890414225,0.3870527553571312,0.20032990729557018,0.20034777275713303,0.20031254343833418
50.0,20.0,30.0,-30.0,0.1775350224403202,0.173308666141004,0.17594605484451653,-0.3976810926925656,-0.504316233124181,-1.0942407309514277,1.38795458072456,1.388580325991613,1.3875356117013735,8.354932367011893,8.354237380561353,8.350262016067473,0.6115535886005293,-0.8927449689917714,0.19752172339756335,0.1271104508016604,0.11191486005685033,0.1118275374963533,0.11197038484087835,0.17609175249779185,0.17603567886706276,0.1759592031189404
50.0,50.0,90.0,0.0,0.1819498540619915,0.1796523059236176,0.1809448469159608,-1.121031762199569,-1.136825302067837,-1.3053988790967308,1.4330992393679378,1.4347578497469324,1.4364799849953735,26.158327705213654,26.162399435497722,26.153772281942153,0.6550888176419655,-1.2898374651384217,0.504412077133877,0.5001237589304637,0.32898996822222437,0.32885811533356746,0.328881828253897,0.1808229507292463,0.18124426406199914,0.1810252789901758
90.0,0.0,120.0,90.0,0.2037208449820993,0.2021708107482375,0.20291719677535308,-0.3056397202626441,-0.3176140638903315,-0.5233202341153808,1.5975283289904727,1.595895664643534,1.5993898688805757,32.71452054466425,32.7123961036439,32.7034297552793,0.562745350766241,-0.5203297715459044,0.8953163537805565,-0.00024088683257552743,0.3693520344847285,0.3692130460166868,0.36905362888226945,0.20276097188022715,0.20300445108684162,0.2031884111573038
20.0,20.0,110.0,-30.0,0.0662898374034431,0.0649971947122181,0.06561824691675486,-1.236838749346674,-1.2646799652778045,-1.3022733991294841,0.5261940658885916,0.5300733503702996,0.5327851546079536,30.90236865216096,30.899814761076694,30.902647768026117,0.6162442654737575,-1.2737919308334675,0.20379497755319365,0.20001184115420395,0.3635495174086899,0.3635918248844447,0.3637811554822354,0.06541133161815696,0.06620809785961096,0.0657430255062745
20.0,0.0,90.0,-30.0,0.0527231461347329,0.0521078442778693,0.052417399486039434,-0.5515275479586698,-0.5739829802410649,-0.6334162578904067,0.4148500501872517,0.41571044856731626,0.4127380398724568,24.836056235826458,24.830486749554872,24.824558484504024,0.5841886750349327,-0.5231776400590153,0.17737962441320065,0.019546751153054934,0.2842498046821092,0.2843823782333097,0.2839879334269246,0.05268457618908154,0.05239273364059357,0.052298290640458454
50.0,0.0,50.0,0.0,0.1521766858715766,0.1506954881456888,0.15161607824147605,-0.281584567523791,-0.3032364217439658,-0.6708072867041257,1.1945100812339307,1.1936065174575985,1.1950236046191356,13.460017993081625,13.459326727439906,13.459483930392471,0.5786783317088385,-0.5219133872819157,0.27700313273826876,0.041131755767914016,0.1541815955808969,0.1541934621318884,0.15428272995168785,0.15154000438976972,0.15161255854957623,0.15172488918438776
0.0,50.0,120.0,0.0,0.101410566737572,0.0997965633254069,0.10054781422620275,-2.0592156135208635,-2.0969269132819472,-2.080647644653433,0.8112151393011346,0.8113472783756134,0.8110755509655639,34.38384352121901,34.377030204950884,34.37853784790926,0.6597422425592191,-2.0628742020185755,0.00860863269160518,0.5001321521040705,0.4178934547238454,0.41796536953674013,0.41746247204700593,0.10072000440157726,0.10072508547660518,0.10069022350719178
100.0,0.0,100.0,-90.0,0.2399835764669254,0.2394964415905277,0.2397302429023653,-0.2169394531740736,-0.2192760183338159,-0.5203653776001913,1.8864689131675505,1.8864591335793461,1.8871316227340575,26.844942650002945,26.84065236034965,26.830406971714062,0.5610854142100264,-0.5198474962728529,0.8597996035195108,-0.0027550450170030953,0.29991669103263946,0.2996775654570941,0.2997722156272031,0.23967979185771046,0.23976047534500433,0.23976687021159512
20.0,0.0,110.0,90.0,0.0506468126590455,0.0472296740199242,0.04912749060951532,-0.4430314201181963,-0.4993047174499513,-0.5235152448722762,0.38810005867049535,0.38645733160632195,0.3885223666858271,30.316174908137995,30.31650693196757,30.30893920474683,0.5841886751953623,-0.5231776405480634,0.2032978702911222,9.047754161708806e-06,0.34547791027665004,0.3454053630658142,0.3453768361682872,0.04921559683273731,0.049286731396733396,0.04947398204499056
0.0,50.0,110.0,-90.0,0.1085743338370814,0.1070974728661614,0.1079414469765921,-2.0833999113494235,-2.0945458100022605,-2.0892133651375153,0.8697350804499772,0.868212796644403,0.867505777796007,31.687695280993026,31.675369069263077,31.674234842600935,0.6597435997206067,-2.0628801033134234,0.004203730728900078,0.4999639689362254,0.3888093892624737,0.3887899532703018,0.38834935522679964,0.10817282456328356,0.10791719995210011,0.1080999708019827
90.0,0.0,80.0,60.0,0.249762193802564,0.2493312294886056,0.24958435602676804,-0.1650276325681213,-0.1672789869021676,-0.5633236635984443,1.96579890833059,1.9639701089610293,1.9642494864153108,21.185173730694558,21.185534107709938,21.17873968184197,0.562745350766241,-0.5203297715459044,0.7031951712630219,0.027970712148513547,0.23570697902943852,0.2356240174180669,0.23541038639903267,0.2496419959275693,0.2494563176002076,0.24967713630802987
20.0,90.0,10.0,30.0,0.2684926545858975,0.2667002708214048,0.26747431457494447,-2.0293458439520693,-2.0478826876928484,-2.0794101270027903,2.112893346459215,2.110779889626474,2.1102374713595196,5.963527627222306,5.96478105379383,5.954148154404445,0.7088879274287126,-1.824588487784622,0.006618772074942705,0.4336006104373859,0.13591233974238032,0.1356454893942582,0.13558133100127395,0.2676018284192378,0.26728453289209386,0.26754056417212435
20.0,90.0,10.0,90.0,0.2684711251427945,0.2665226399274155,0.26747292983485965,-2.029066265256258,-2.0476147898777395,-2.0793565671395933,2.1131655829363893,2.1109908726807647,2.1097595737296913,5.965127593780239,5.967385754083178,5.955042094384087,0.7088879274287126,-1.824588487784622,0.00664662931813583,0.4336014822521162,0.13596142645943485,0.13571820760280265,0.13561638218961847,0.2676616410911979,0.2672525852887677,0.26751516666542685
90.0,20.0,60.0,120.0,0.2642543795389653,0.2629412045920065,0.2638823543706986,-0.2548211916970562,-0.269074581654,-0.8099231050217981,2.0785415627094954,2.0799743907572745,2.0797669558269907,16.011936186145395,16.010455802370558,16.00548805658681,0.5984987239536121,-0.7371513072756187,0.5746491078022327,0.16927180157582777,0.19002809104842797,0.18999146155237018,0.18989928231016293,0.26386370358767397,0.2640254260044621,0.2638355308655763
90.0,20.0,120.0,-30.0,0.2007318616069562,0.199660290525573,0.2002627103802034,-0.5338464748374908,-0.5413965470058717,-0.7415011528458949,1.580621284521969,1.580610161780175,1.580617225916556,33.27553251863386,33.271932579979044,33.25601390202755,0.5984987240674003,-0.7371513073756364,0.9040364253155928,0.1998142219825113,0.38729489829820285,0.38739207581734025,0.38705277852862713,0.20033009983211322,0.20034797355363523,0.20031274826121406
90.0,20.0,100.0,0.0,0.2421851738715048,0.2391671558347053,0.24088036266467466,-0.4422030657740197,-0.450406767702825,-0.7419280853989564,1.897703921533303,1.8993065675440977,1.8998028069324522,27.528599395061605,27.522648321878467,27.51685644469398,0.5984987239536121,-0.7371513072756187,0.9031335031870139,0.20029276089491527,0.32149514908909743,0.32134175351548033,0.32152348894563626,0.24082606616697586,0.2410883002429987,0.2408935123515172
20.0,50.0,90.0,-90.0,0.1369351836850432,0.1351586537283691,0.13622624140599082,-1.626174771769057,-1.652395526069781,-1.708896572076118,1.0880852635097136,1.084510367742844,1.0866480796331008,26.34314549009679,26.33892678833449,26.337273723107888,0.6589766181430886,-1.6861617494964127,0.20364945225500328,0.5000169106135733,0.3321893449044856,0.3320821040036599,0.33207712652511157,0.13628457607486905,0.13612016308472227,0.13655385173941242
50.0,20.0,60.0,-30.0,0.1536456602444693,0.1531197335466466,0.15347036438462788,-0.7164432764970073,-0.7241217214128203,-1.0038282323479213,1.211678216404496,1.213052648295539,1.212359177168253,16.992829473272508,16.988657609716153,16.985573938635227,0.6115535888750181,-0.892744969549423,0.33955306140196867,0.17683127261671486,0.20866947948803619,0.20857575643650475,0.2085110110585092,0.15349061572938902,0.1535675327991524,0.1533926485646252
100.0,0.0,0.0,30.0,0.2682910468101335,0.2664516990577006,0.26710330504207086,3.137376566128527,-3.139760172078027,-2.091355395569403,2.1066278187879273,2.108276923242788,2.1084631308187083,3.259614859840795,3.2545076101384236,3.257340422619485,0.5610908219554596,-0.5198393037975151,0.0010904923580568955,0.3375897552046609,0.10626962575191759,0.10612395084382405,0.10629706333364289,0.26713670751295854,0.26736975358461207,0.26715635950492594
90.0,20.0,40.0,0.0,0.2674785660895817,0.2665749253438317,0.2669792076429068,0.0217618371696621,-0.0425980924385319,-0.8838296783178138,2.1031510029685916,2.1035243774427723,2.1021288451971163,9.820650109084898,9.815785045112765,9.815477437531385,0.5984987239536121,-0.7371513072756187,0.34750298972121424,0.1313001456827618,0.11636834454131147,0.11636056728720603,0.11642452807889662,0.26708362084431897,0.2669495679102409,0.2669111200096584
20.0,90.0,30.0,60.0,0.2541557853418011,0.2533598120263483,0.25380281888847966,-1.679305269461018,-1.7080561594151722,-1.8947812720959376,2.0059252519638484,2.0054134306228293,2.006887574836307,11.137895963099057,11.140113112771381,11.137879684107414,0.7088879274287126,-1.824588487784622,0.11392815058933091,0.5629874706491396,0.18935538636300828,0.18960514067000234,0.18939418158755364,0.25370798905045583,0.25383970216300805,0.25391271485768946
50.0,50.0,60.0,0.0,0.1884576731581394,0.1880767561937984,0.1883304809231635,-1.0933021783775585,-1.100036336869023,-1.359327339635151,1.48930727479815,1.4904907600684227,1.4911707533090484,17.858926657836815,17.859561157433586,17.852033627915254,0.6550888176419655,-1.2898374651384217,0.3574461127852403,0.3951585129073569,0.23631451444928622,0.23648129857261213,0.2364188737264704,0.18822278695691724,0.1884694157070439,0.18832279966555804
20.0,20.0,10.0,90.0,0.1271259684036933,0.1170996258136675,0.12128862590572927,-0.685474266684944,-1.3498458807968396,-1.6601944974479859,0.9580591614762118,0.958888409557597,0.9597492665915659,3.6415969887031765,3.6381649408000825,3.640374517414611,0.6162442654560011,-1.27379193074638,0.0407129796070368,0.08840090718474386,0.06780530938043614,0.06764183896772445,0.06770809771877377,0.12137435976358073,0.12158902922795095,0.1214886938921178
50.0,0.0,80.0,30.0,0.136306245884168,0.1359083359862334,0.1361178296496097,-0.376820765649834,-0.385080834807356,-0.5923685319495032,1.0731277654713065,1.07205421484135,1.0712748631437705,21.876688665938925,21.861964213158032,21.85680907376496,0.5786783317088385,-0.5219133872819157,0.405112743707066,0.02789704265786832,0.2492234071214881,0.24891494712547438,0.24910872799446965,0.13624150218245665,0.13598232295641538,0.13615018170928
90.0,20.0,0.0,-60.0,0.2675717176498401,0.2665834987920362,0.26713259403676404,3.1381099452116303,-3.1394787041610464,-2.0913525886981894,2.107420088883287,2.1077174939450836,2.108865937529617,3.2657860088914172,3.26466381916375,3.2634675884044526,0.5984870544359111,-0.737155370425389,0.001089393225561444,0.3374203016462667,0.106165329487969,0.10616677521525168,0.10603816443965815,0.2671115054693944,0.2673010781316973,0.26725803910709833
50.0,50.0,110.0,-30.0,0.1549672204177596,0.1533108405395057,0.1540998798657922,-1.1791187654789872,-1.185158230101843,-1.3053316471089476,1.2315241025563481,1.2231033121151356,1.2238754432786003,31.579996900904895,31.558685959056916,31.54341892884401,0.6550888176602551,-1.2898374651792317,0.505283216242233,0.4999374627733675,0.3867527599254781,0.38631042291424383,0.38649607370067196,0.15448073061448295,0.15352820797197703,0.15460010657431555
90.0,0.0,30.0,30.0,0.2836361498802797,0.2607790731200659,0.2678328835761402,0.8609403427065135,0.4659478790219724,-0.9882599444560368,2.1201021700368274,2.116102545436392,2.118559548971643,5.502477746388733,5.495484371066653,5.504819783877471,0.562745350766241,-0.5203297715459044,0.1090842893996194,0.05972555376861734,0.04693435050441267,0.046949424717861885,0.04666360607645078,0.269065875719421,0.2688180809458587,0.2693591881016326
0.0,20.0,30.0,0.0,0.0893859802908601,0.0861433143555241,0.08789653355385658,-2.0495175011708167,-2.1284643166445147,-2.086360611189453,0.6947779198496624,0.706388731716029,0.6973631662704471,9.361076768507921,9.363602958823373,9.347854790095992,0.617145342061956,-2.0150473293853004,0.0013396184016920378,0.13497458682005922,0.12988020092482355,0.1295876735470382,0.12973252586531242,0.0883620234094049,0.0887180275637329,0.0872760341637929
90.0,0.0,110.0,60.0,0.2250666491239136,0.2218650135697537,0.22356929310904106,-0.2642572739451039,-0.2728553896608052,-0.5235212587024765,1.7597201250639036,1.7604014580498908,1.7583098451534807,29.790463577542813,29.78806314304571,29.786783599015433,0.562745350766241,-0.5203297715459044,0.8948965828634443,-2.5056052603207176e-05,0.33507116871744363,0.3350368856957958,0.3348526753477593,0.2237734084616312,0.2235981858038961,0.22351633946483496
20.0,0.0,70.0,60.0,0.0578135765766644,0.0567810878855804,0.057400664200979445,-0.636461170187504,-0.6823486979691662,-0.7519452166727579,0.4550920609118388,0.4531702672661097,0.45534878970874115,19.39136090714975,19.376766265444743,19.373080377177416,0.5841886751953623,-0.5231776405480634,0.14976883823609635,0.03479747571312858,0.22385071854153715,0.2237192896332855,0.2237473043828395,0.05735465712480405,0.05739411192864236,0.057630564254088655
100.0,0.0,110.0,-90.0,0.2277938857897903,0.2245702198696938,0.22629914571093301,-0.2611880031695997,-0.2696989277036986,-0.5235271895802478,1.7813396036144253,1.781936600631868,1.7795959659146305,29.776045361410258,29.774192260674273,29.771741688184736,0.5610921575720575,-0.5198373029921948,0.9050789527563096,-2.0622483801706488e-05,0.3348313869462283,0.3347498438427135,0.3345827719252387,0.22652716305820492,0.22631079359334594,0.22623703561305863
20.0,0.0,120.0,-90.0,0.0460257191224141,0.0436698206264496,0.04501578825263798,-0.4343739886488204,-0.5231684845596881,-0.522914302491094,0.35872312200236584,0.3578667505354395,0.35908332125838804,33.10322817797982,33.10671785344967,33.09185502041372,0.5841964438567213,-0.5231472087437876,0.20369202119527388,-8.456223599028735e-05,0.3771797753983557,0.3769862072296613,0.3770633876187796,0.04537303316908232,0.04545279863474369,0.04554034202266663
20.0,0.0,50.0,-30.0,0.0635880075323384,0.062810293999451,0.0631842028256775,-0.7058744128495741,-0.7345497131505888,-0.8663602121852727,0.5002545579360406,0.5019963286362562,0.4980331062294452,13.92114510495212,13.937840600542284,13.925794485131812,0.584188674678442,-0.5231776389722802,0.11642277813574647,0.04153913763765016,0.16322269215709373,0.16331810197650246,0.1631986944223819,0.06347502127973284,0.06317100934136229,0.0629724481127545
0.0,90.0,30.0,-60.0,0.2485151371310843,0.2480362579518166,0.2482814146097818,-2.092268955925286,-2.096271880973975,-2.092677534762196,1.9640868476090025,1.9623206360355738,1.9620859897283778,11.256656511138345,11.2539145379991,11.25148610548529,0.7100087026958467,-2.054773788336478,0.0011471865170585066,0.5670453968802914,0.1913255087539513,0.19114360982547388,0.19115247892307222,0.2483878417828615,0.2481387814120825,0.24834911661891054
20.0,90.0,90.0,120.0,0.2137260226231792,0.2121448277253162,0.2128919810945947,-1.798563923913813,-1.8073665464420343,-1.8673765033363006,1.6921546093954245,1.6934372356314518,1.6918195540048706,27.339976754610788,27.3486542977698,27.348500230005133,0.7088879274287126,-1.824588487784622,0.20944535595443958,0.899947504206386,0.364033632682185,0.36416076305220063,0.36409811533287934,0.21304496775951234,0.21298554148709353,0.2128491344358924
50.0,20.0,90.0,30.0,0.1378173396394003,0.1373517880678282,0.13757344491170811,-0.747582596926175,-0.7514732802823854,-0.9249521785005562,1.087700843396031,1.0880448845719928,1.0888916453387092,25.229891715566232,25.227923258908284,25.22301083172113,0.6115535893142118,-0.8927449704416845,0.4539105207029513,0.19247511520654897,0.29949481176842274,0.2996038931742027,0.2995814146501648,0.13749591337026357,0.13765353248793233,0.13761522806063764
90.0,20.0,60.0,0.0,0.2642529049659573,0.2629952586692455,0.26390120773357423,-0.25474366683352,-0.2683049629621851,-0.8096929918858556,2.0786837537396337,2.0801012534303656,2.079921027587517,16.010927237091963,16.009530287467072,16.004441343249585,0.5984987239536121,-0.7371513072756187,0.5746434246211902,0.16912038925987882,0.19000108394366205,0.18996434715093902,0.18987159270082765,0.26388034516341663,0.2640435867094492,0.2638555112429014
20.0,20.0,120.0,60.0,0.0622346597722067,0.058977868883556,0.06058353073224633,-1.2451729773891955,-1.2718778402939348,-1.3022099928059112,0.49095057975456624,0.49449236699868737,0.49212644152244944,33.62721809870908,33.63151903857403,33.628105424642854,0.6162442654560011,-1.27379193074638,0.20429770301506425,0.19999890146123192,0.39406288293230884,0.39416234115608234,0.3940336676582048,0.060936337637335074,0.06105627108784653,0.06063683857528314
50.0,50.0,120.0,90.0,0.1451499240221342,0.1416656155231554,0.1433048000780323,-1.1869979052112598,-1.2138113246400533,-1.3053600549351823,1.1423697208057522,1.1433109620522866,1.139928026352032,34.2887400161911,34.28035689314,34.26145284363734,0.6550888176419655,-1.2898374651384217,0.5053435537769927,0.5001233376110902,0.41623311096301585,0.41574365272156283,0.415739691265682,0.14372769143528447,0.14341370184660646,0.14326726323514413
20.0,90.0,60.0,120.0,0.224521650393151,0.2238443299136686,0.22413466314881095,-1.789818242083691,-1.7944571314959423,-1.8863736500348653,1.774039739699616,1.7770843023915697,1.7777738173065,19.130753124719703,19.150295395384784,19.135867561680413,0.7088879274287126,-1.824588487784622,0.15166003249739893,0.7164178108972603,0.27358104087050356,0.2736382858346084,0.27347255326394154,0.2239586710168972,0.2244283512540611,0.22404419506961323
100.0,0.0,30.0,0.0,0.2835292636559414,0.2606011400144067,0.26780389064010535,0.8689212556046868,0.4704223318099891,-0.9877729549421544,2.11998818506974,2.1166435322128017,2.11662062569497,5.523732369617774,5.483116504433746,5.526568952551114,0.5610908219554596,-0.5198393037975151,0.10846204084446004,0.05959433869768302,0.04729094492611525,0.04675922318211504,0.0475400575444882,0.2691409604800392,0.26873699855303845,0.26913301317409766
0.0,50.0,0.0,-30.0,0.1896705053702328,0.1881558732313883,0.18886985615185056,-2.083561907271436,-2.097447714007191,-2.0912530057703265,1.4918181791868936,1.4891574872055395,1.4887742460250182,2.2765038901511643,2.289152127827394,2.2749806310033542,0.6597422416627998,-2.0628741989296024,0.0005716939804658816,0.16606255085251487,0.07429719059259823,0.07437348842265226,0.07420341751582189,0.18902464915050296,0.18864324727180548,0.18898856033584505
50.0,20.0,80.0,-60.0,0.1412693454318536,0.141029619046807,0.14118678834265566,-0.7617817697581564,-0.7636878109135327,-0.9622408042432778,1.1156586213121216,1.1172184048539113,1.1167685497431565,22.51458217814796,22.509830066633565,22.50839908239599,0.6115502567967162,-0.8927434079227372,0.4126645598368172,0.19346525309279933,0.26992463585319537,0.26987718549330336,0.26993288710622976,0.14117233352101113,0.14131162432252287,0.14111791834640525
0.0,50.0,70.0,0.0,0.1314969203863747,0.1309922200284049,0.13119447635922643,-2.093168496105469,-2.1036247900835945,-2.0969542027913595,1.0466629567580612,1.0450183879593005,1.0440282176798568,20.866442019250016,20.865002502442977,20.855264950955647,0.6597422425592191,-2.0628742020185755,-0.000719345892991819,0.42516995850893463,0.27134316621458143,0.2710774672984335,0.2712140771674441,0.131361934609983,0.13103108925506163,0.13123654641997648
20.0,50.0,30.0,-90.0,0.1713374553743321,0.1704585081634621,0.171040618442174,-1.5386981909815132,-1.5708016592690546,-1.7729148520385096,1.3532229371388578,1.353076253605021,1.3526796421691498,10.068814608363809,10.072652262084851,10.067948273291103,0.6589347538753563,-1.686047413424874,0.10022452269838847,0.3010112001292859,0.15512346768876017,0.1552943379137994,0.15497388614656088,0.17107268741029974,0.1710222000282731,0.17104768225918468
20.0,50.0,0.0,60.0,0.1963447621399841,0.1950223327507995,0.19568896635650188,-0.5972616295999228,-1.2986534410964783,-2.0913283996774483,1.541375594513152,1.544683218476534,1.544684031035946,2.374535333691973,2.36707395457008,2.372007435511633,0.658991099436022,-1.6861926913303058,0.0006021322440878839,0.1788476900341337,0.07729026992779121,0.07709472829587763,0.07726842800723425,0.19555152235680348,0.1959760024205313,0.19555675800966424
0.0,20.0,110.0,0.0,0.0472061191912768,0.0452580004921242,0.04604305087840688,-2.0588173290709197,-2.0987690505776984,-2.0774678951385406,0.38134799483238274,0.38264604476783026,0.3777412406648863,30.93451982064264,30.925042052181794,30.917425997300043,0.617145342061956,-2.0150473293853004,0.004340855724908311,0.20002221561201472,0.36418338241364384,0.3640351860370174,0.36386218132099957,0.04661745826832158,0.04617392751645029,0.04598842735323678
90.0,0.0,120.0,60.0,0.2037208222092207,0.2021707904068893,0.20291735415672205,-0.3056362097082805,-0.3176140121772535,-0.5233216087257574,1.5975301338400687,1.5958972102146411,1.5993914009561596,32.71452333875219,32.71239874758763,32.70343265436308,0.562745350766241,-0.5203297715459044,0.8953168335211099,-0.00023990062930876688,0.369352135933995,0.36921315784231945,0.36905373119548013,0.2027611858796895,0.20300463242136305,0.20318862617829644
20.0,50.0,40.0,30.0,0.1627954332826899,0.1620954153730875,0.1624184643126126,-1.5944793030268118,-1.6093233519845638,-1.7629959742528634,1.286518707512349,1.2855338961734564,1.287056193451122,12.77767693739356,12.771849694921748,12.768815450503396,0.658991099436022,-1.6861926913303058,0.11622818077748182,0.3375799672718922,0.18414074798261945,0.18395544628422067,0.1839756772594751,0.16234266701048145,0.16241677302649582,0.16253243044349258
50.0,50.0,50.0,-90.0,0.1969691541954559,0.1961243024012936,0.19673183182143758,-1.039986250001197,-1.055478362167997,-1.3720770520683847,1.5546593447565293,1.5569836980465785,1.55487949787208,15.09738740900239,15.09399051193448,15.08677171489198,0.6550486007299904,-1.2897977888679821,0.3209931480577219,0.3642082675338123,0.2064257358860368,0.2064433873031419,0.20641252403849705,0.19682512077677192,0.1968491715953218,0.19656559397522191
0.0,20.0,60.0,120.0,0.0703524412994111,0.0698236742741227,0.07006811495588074,-2.0792520703947304,-2.092404935878057,-2.087262593985397,0.5611209600581135,0.562214200792788,0.5611755477166422,17.373303498578288,17.365574390977798,17.361236229087684,0.617145342061956,-2.0150473293853004,0.0014524938599896756,0.1806519186324593,0.21569574762884663,0.21582782150283142,0.21564197855225056,0.07013325780941773,0.07014096436082892,0.07000019401556562
20.0,0.0,10.0,120.0,0.0868166290670297,0.0666576285688272,0.07677051188484212,-0.2200778008904351,-0.7472732129307947,-1.2623393757449932,0.6843465059342491,0.6841985600121098,0.6880196275363455,3.249920981471931,3.2438387938422,3.2413371680763516,0.5841886751953623,-0.5231776405480634,0.028985002739896622,0.04297893185770974,0.06057326318504654,0.06025299704084136,0.060650830114593414,0.08651928495189987,0.08698920762103268,0.08702374711732516
90.0,20.0,30.0,-30.0,0.2678538116468676,0.266115598256284,0.2669295237434299,0.411798610032567,0.1588999452547508,-1.0206220297029984,2.1032254293804264,2.102272098293649,2.1014479314292456,6.283877521919195,6.281398302044171,6.281940789998335,0.5984987232140923,-0.7371513066255204,0.20308593689998564,0.11113650709718376,0.07258927346177904,0.0726409675525979,0.07273816437531828,0.26704269920606455,0.2668185655313162,0.2669404339549832
90.0,20.0,20.0,-60.0,0.2893025259368727,0.2552451651157095,0.2666429313890972,1.7363400481533902,0.4778976159229893,-2.098750120137951,2.1034347265664652,2.0967653746362807,2.1059668815001324,2.8158763572127783,2.818050764813145,2.8192899468793637,0.5984890840793505,-0.737154601845234,0.0026668329947995262,0.14520413215229924,0.05198858324870378,0.051809761242203226,0.05172392185616055,0.26635019625802187,0.26666377955290255,0.2675018872818043
100.0,0.0,0.0,-60.0,0.2680577643029512,0.2664038915426223,0.26709651504465487,3.1385101323974327,-3.1389665208817026,-2.0913502538311013,2.1062056201192774,2.107763016152165,2.1091588673227086,3.2576062222648554,3.2500519527732497,3.254344184416938,0.5610797180992277,-0.5198478400555343,0.0010870374930063646,0.3375637132129483,0.10616657952042854,0.1060586125736287,0.10625438998553373,0.2670291421269141,0.2673999128673612,0.26720573790010504
0.0,90.0,40.0,60.0,0.2381951923877958,0.237880766880401,0.23799193786482056,-2.093196087865497,-2.0957674156053603,-2.0933881451076237,1.8813582366163073,1.884629590658676,1.8834500136747454,13.8884506008864,13.885556602272919,13.879089235404527,0.7100174044766513,-2.0547884519709454,0.0008722876233124984,0.6216250738265312,0.2185282134533128,0.21847789944424229,0.21845228971202227,0.23796946715336736,0.2382284130327416,0.2378086456029867
20.0,50.0,100.0,-60.0,0.126409316897863,0.1251040711876313,0.12573448558603093,-1.6424752856112723,-1.6570729890927816,-1.7089270020506546,1.006132662516092,1.0049277420889233,1.005833043029357,29.009241701657384,28.999162245204193,28.99581866721807,0.6589902109601654,-1.686190582548098,0.20406422583855233,0.49999687992679537,0.35981155435194706,0.3595484606443898,0.3598445234050758,0.12581796390176117,0.12574116418424638,0.12591215128266486
50.0,50.0,110.0,120.0,0.1549675473792955,0.1533117862769936,0.154099888036326,-1.179118736823623,-1.1851581929653694,-1.3053309626265923,1.2315240645243355,1.22310324027236,1.2238753666248898,31.579995624683253,31.558684642962785,31.543417908004717,0.6550888176419655,-1.2898374651384217,0.5052837363229205,0.49993708720802793,0.3867527282810381,0.38631038981176663,0.3864960441454887,0.15448072569676657,0.15352819805559437,0.15460010077235437
20.0,50.0,80.0,90.0,0.135761605825339,0.1351575557413505,0.1354679537389704,-1.638739501485658,-1.6475489769801392,-1.7192971068527223,1.078157866623734,1.0789633095963478,1.0803088153399079,23.5287053099804,23.538172149332826,23.51823612330668,0.658991099436022,-1.6861926913303058,0.17839623894970433,0.4518179598851264,0.3001740106718385,0.30004423225353094,0.2999197774452264,0.1353344110542392,0.13564472569558686,0.13551858370141726
0.0,20.0,40.0,90.0,0.0822018966655958,0.0811874751828982,0.08172034183906225,-2.075696450615511,-2.0924869573686173,-2.085327085232528,0.6515912173377532,0.6485340024134751,0.6519298242040419,12.003480078104797,11.99852203543846,11.995574697644715,0.617145342061956,-2.0150473293853004,0.001491459301286437,0.15371313139484447,0.15735299127473634,0.1571794018572324,0.15722810266326953,0.08160051209398071,0.08165227418323202,0.0820069586862066
20.0,0.0,20.0,90.0,0.0754712019810211,0.0735659023253897,0.07466033987530278,-0.5951013445760938,-0.7200388282994916,-1.0563891513623622,0.5899065216348368,0.5900694048295533,0.5893212448455755,5.682888806956429,5.683110496625839,5.685451095503774,0.5841886751953623,-0.5231776405480634,0.055835700163351494,0.03307381209850943,0.0728966365296406,0.072859781361004,0.07300177820439,0.07475765442824657,0.07466966248612361,0.07467053117054785
90.0,20.0,10.0,30.0,0.2686592926270081,0.2657772863518297,0.26696993547083275,3.136101371672958,-3.1401448628090702,-2.270971652213656,2.1075725266199448,2.1058844159870524,2.106316681853107,3.943015220401436,3.963119289517067,3.9480777552332706,0.5984987239536121,-0.7371513072756187,-0.05606213355437698,0.3124516673492291,0.10533357189370841,0.10557318021905475,0.10533550639232889,0.26710805240867547,0.26694942241437253,0.26715990959941255
20.0,0.0,0.0,60.0,0.0894454955928141,0.0594783718239117,0.07528158166880156,0.3742501252627986,-0.6210279166661674,-2.0803159820978596,0.7348276442175546,0.7346283006688861,0.730546544613126,1.9285964577906767,1.927882935996382,1.9238487744146762,0.5841886751953623,-0.5231776405480634,0.00047880264938063256,0.05567760791911894,0.060380812452229475,0.0603135066166065,0.060371578526440525,0.09313233067821032,0.09259546592317264,0.09262760215764605
100.0,0.0,90.0,-90.0,0.2441537251069824,0.2439101460049898,0.24407393678406164,-0.2014708774004701,-0.2057577516798638,-0.5473364953685418,1.9193764981333425,1.9224885564499636,1.9218280027547519,24.04409004580027,24.05056836445875,24.04295321658125,0.5610789127990824,-0.5198574865330331,0.7841174182137315,0.018621218246430097,0.26873169432210087,0.26864070934992756,0.2685010150063124,0.24401272300597054,0.24431472289600747,0.2439139404414929
20.0,50.0,90.0,90.0,0.1369353410693903,0.1351509204791865,0.13622611360877473,-1.6261752752323058,-1.652396197942933,-1.7088905366314033,1.08809032610219,1.0845121404552336,1.0866504348328427,26.343149701367956,26.338931316171955,26.337266349112006,0.658991099436022,-1.6861926913303058,0.20365155937463864,0.500013897043103,0.332189374242749,0.3320822149393907,0.33207695784936797,0.13628505412505632,0.13612030472890457,0.13655439794617916
20.0,90.0,20.0,-90.0,0.2653697806036217,0.2642417632044955,0.2649034450305931,-1.574326377919201,-1.6558397531591462,-1.9079526128340631,2.092380742972837,2.0919040609814843,2.0923536112507097,8.462529563583026,8.4580305447513,8.454035446025417,0.7088240823044901,-1.824476503049454,0.09464182005451915,0.5025864530602523,0.1619143198065498,0.16177593610212165,0.1617246630746748,0.264903810312754,0.2648985214580239,0.26495296354634507
90.0,20.0,0.0,60.0,0.26810215264006,0.2662906046727344,0.26712704483898697,3.1415600053935733,-3.136210800154536,-2.09138355768886,2.107126538180857,2.1075558615297063,2.1089989085750305,3.267820405319263,3.2662702051319346,3.2654805564004805,0.5984987239536121,-0.7371513072756187,0.0010806610946977918,0.33740548805695075,0.1061311263951897,0.10618042402244318,0.10612068841698367,0.2670705769930072,0.26730119976256017,0.2672532181526764
50.0,50.0,20.0,-30.0,0.2293900836739147,0.2223607710633764,0.22646714177443095,-0.4409666534473078,-0.7229701136293774,-1.4855684890088303,1.78675492836242,1.788802655123169,1.7865815694884304,6.215576688353488,6.212053044089401,6.212714567076357,0.6550888168386791,-1.2898374633446854,0.16993298758265488,0.24475195740493966,0.11024487759521243,0.11015416082532675,0.11022061143046177,0.2266962963309274,0.22667219479499004,0.22641103185651199
0.0,20.0,120.0,-90.0,0.0434786926341793,0.0416598023470757,0.04254796232021286,-2.049797886224776,-2.089635812944669,-2.068510315489636,0.35378125804403193,0.35569517042810095,0.35845198588568683,33.644709379009264,33.639418057148426,33.6381767991213,0.6171548822739709,-2.0151199490987737,0.006704863828020825,0.19995474657604712,0.3941993310032287,0.39437686105374103,0.39417419706248774,0.04254862350267617,0.04313782604577664,0.04287946054549313
50.0,0.0,110.0,-60.0,0.1242835498936296,0.1209429604871779,0.1228436965125061,-0.3782677374569752,-0.3913145092404704,-0.5235511373783364,0.96720826081032,0.9668976843635742,0.9668287532968569,30.18760094572909,30.18539942175984,30.17833317794343,0.5786785768210254,-0.521913287108265,0.5033936479525281,2.4400387798674348e-05,0.3427823594915244,0.34279865517223723,0.34261875734769354,0.12294458521235486,0.12290770032890365,0.12293758233080154
20.0,0.0,40.0,0.0,0.0678082908225176,0.0654833825318897,0.06674701215753105,-0.6994421818265738,-0.7565599804805253,-0.9204934408641826,0.5319691347873574,0.5287739906047351,0.5245608603837143,11.22504539780418,11.216110500643605,11.193723385724955,0.5841886751953623,-0.5231776405480634,0.09816196871571835,0.0411740716127195,0.13386205299160353,0.1341204683727822,0.1333218169510356,0.06734525855801957,0.0663858669799355,0.06680199439145107
20.0,20.0,40.0,120.0,0.1007673699130152,0.0994577186413689,0.10039548726550099,-1.2880038944468477,-1.317026828275777,-1.4808087856313423,0.7968422202189229,0.79520572504477,0.7966949236959988,11.890627522753158,11.890606363013704,11.885951288756777,0.6162442654560011,-1.27379193074638,0.1075767577830199,0.15267990021173067,0.1555484022749616,0.15536706303749065,0.15545320186250788,0.10037100664558188,0.100352864884331,0.10056012576158965
50.0,0.0,50.0,90.0,0.1524588989447244,0.150949846768808,0.1518918703598101,-0.2806168530204018,-0.3025338609445882,-0.6707198007087106,1.1966670391563834,1.1957599538387351,1.1972375167983584,13.458624327155102,13.45737207815297,13.457621979989772,0.5786783317088385,-0.5219133872819157,0.2774508113681006,0.04117470980562401,0.15414889804147275,0.1541625430487921,0.15424896774014948,0.15181150862748427,0.1518911191125052,0.15200433814297953
0.0,20.0,100.0,-60.0,0.0509165747472386,0.0496093803431937,0.0501663277648699,-2.0338856690593587,-2.104436356555851,-2.067616782967704,0.4113363778860917,0.40976379232581606,0.41079708460953146,28.18689384666711,28.19133893481419,28.184410210734615,0.6171444042446426,-2.0150415288719508,0.005997568315825045,0.20005076429928342,0.3342485533852033,0.3342109576836374,0.3340940692169893,0.05029011778154701,0.05022450255710423,0.05043165512118952
20.0,0.0,50.0,30.0,0.0636931368781649,0.0629332341442984,0.06330825695109527,-0.7050941002431995,-0.7337815006918812,-0.865151158326943,0.501168779507583,0.5026592312254943,0.4992739248260351,13.920638872390898,13.935820556054997,13.925543557865318,0.5841886751953623,-0.5231776405480634,0.11668356764174746,0.04147202539959669,0.16321169645876438,0.16327742943553541,0.16317279525065734,0.0635596281178994,0.0632963879844054,0.06312669814349677
100.0,0.0,40.0,0.0,0.2675850110698335,0.2661182652660139,0.2667111145559522,0.3169192045883341,0.2320704432328607,-0.6698087876023838,2.09960914776369,2.0999870119360295,2.099102700323823,8.980275464732374,8.974972160450832,8.977451492863219,0.5610908219554596,-0.5198393037975151,0.2762301506292443,0.04120867894520829,0.08765627056416372,0.08770501862559507,0.08783068937645576,0.2667732573667263,0.26671171660765525,0.2666624240647305
0.0,20.0,100.0,-30.0,0.0509134469482474,0.0496186394133537,0.050165723769078775,-2.034736464323861,-2.104717629284688,-2.067882501940566,0.41127267039686194,0.40985734280893715,0.41076556620453736,28.18690341838697,28.190935496456042,28.18383593000861,0.6171453419913812,-2.015047328909308,0.00594482902222479,0.20005120517037547,0.33425026419771936,0.33419516320957865,0.3340801994343449,0.050293331760563754,0.0502316601909689,0.050418181139064704
50.0,0.0,10.0,-90.0,0.1841186110051397,0.1581434389048009,0.16802573887078756,1.4474768597848924,0.2978068768151146,-1.9331526970148742,1.3490496967815637,1.3429270775151159,1.3451012078179851,1.6612516334734115,1.6883924661242065,1.6726159595236805,0.5786134721225011,-0.5220069472701415,0.013431623177512345,0.07983627444070208,0.050417566408555985,0.049946044465223556,0.05035043784642866,0.17095262738485353,0.17036735752994175,0.17114046915526598
50.0,20.0,20.0,-60.0,0.187238695413077,0.1786851591758552,0.18373218634095007,-0.0186155574132493,-0.3418992624932169,-1.2202458722580436,1.4493101076036752,1.4508334501462854,1.448064177288761,5.136408053047351,5.136733685059517,5.142405365218494,0.6115437580683724,-0.8927401417878974,0.1285431572416365,0.10821072621092213,0.07673272843980443,0.07671225802524176,0.07687606908127503,0.18405181504042983,0.18389438547987433,0.1837023758818008
0.0,20.0,0.0,0.0,0.1179927013587365,0.098776926353608,0.10856466533032255,-1.954117828387036,-2.096116863577059,-2.0881208859091442,0.8960260965892496,0.8945836088239071,0.8966008584157161,1.8934303086509918,1.8903589480369913,1.8946096548860631,0.617145342061956,-2.0150473293853004,0.0005447609646088514,0.06622474080642131,0.05722546443431558,0.05688632879637163,0.05705029246909755,0.113499623693133,0.11355576102273865,0.1137802730847986
0.0,100.0,90.0,-60.0,0.2264685912679714,0.2247644091642778,0.22570661280779505,-2.077873534615136,-2.0850498379971345,-2.083610176464886,1.79648206791551,1.7929372786154996,1.792262038561063,27.61511150737783,27.604022983806026,27.600449962739237,0.7218508421649021,-2.0319768526981834,0.012429036243446406,0.9999348046773945,0.3722530680873863,0.37210368588996096,0.37185002958603236,0.22597843763487513,0.22545227920893005,0.22589239278917625
0.0,50.0,80.0,90.0,0.1266137312778723,0.1260615550851385,0.1262640712775268,-2.064293239922489,-2.078097521917692,-2.074823111346555,1.006942063250893,1.0061395298436593,1.0099629610887049,23.567357052163374,23.582703147035968,23.57302970053658,0.6597422425592191,-2.0628742020185755,0.009379971262309224,0.4536394684463279,0.30086756431938155,0.30109720541937773,0.3006426940065354,0.12599038240503727,0.12638918859019155,0.1265035206179608
20.0,0.0,40.0,60.0,0.0681258467975301,0.0648577465956955,0.06683017930059315,-0.6839257872619126,-0.7723198443493252,-0.9200166268054788,0.5310232052785322,0.5309939108047772,0.5259095227139712,11.221229075596437,11.218982667874236,11.197616775858057,0.5841886751953623,-0.5231776405480634,0.09831389159873681,0.04117856076204702,0.13379383614208934,0.13416136194360398,0.13356443620259048,0.06739075192542715,0.06673190371544974,0.0667406972254553
0.0,20.0,110.0,90.0,0.047206543066746,0.0452574672457957,0.04604313081588675,-2.058891299339028,-2.098878206461868,-2.07759659038982,0.38134176178309726,0.382649833862142,0.37774348304505473,30.934518227562307,30.925051145301715,30.917465692365383,0.617145342061956,-2.0150473293853004,0.004314522981479512,0.20002254755800553,0.3641831568958246,0.36403556572954915,0.3638629827984022,0.046617232523349685,0.04617466499747486,0.04598806991812265
90.0,20.0,30.0,30.0,0.2678289636324155,0.2661204936947395,0.2669261959049645,0.409806080162312,0.1551527621578862,-1.02093738722557,2.1031775920448363,2.102248988807546,2.1014205694641372,6.287589156967475,6.283308741506903,6.285734187330882,0.5984987239536121,-0.7371513072756187,0.2033295889096049,0.11136417453908724,0.07268656186677266,0.07268502331110648,0.072812499147778,0.2670383960104013,0.266813020278232,0.26693539717835263
90.0,20.0,70.0,-90.0,0.2536220134251891,0.2530226613613763,0.25339551152667733,-0.3444532278593538,-0.3490455707338165,-0.7934147519488219,1.9966297354912474,1.9980575652282029,1.9964016006443255,18.996751623542448,18.992633657267948,18.986447599065773,0.5984730108609533,-0.7371769646021078,0.6564306750941421,0.18153563405283105,0.2247177930782969,0.2247028563453026,0.22459480808289517,0.25349038430796944,0.2534577613905074,0.2532763597601738
20.0,0.0,70.0,30.0,0.0578770143626701,0.0567390284625443,0.05735350305979464,-0.6278698397423119,-0.6850790964715698,-0.7527050957811048,0.454124283180004,0.45371643124859334,0.4548658368513755,19.390503473907135,19.38784762809493,19.377776372396397,0.5841886751953623,-0.5231776405480634,0.1496468781569847,0.03486163691557966,0.22390183454875448,0.2238660532062232,0.2238895149724905,0.05732570261570863,0.057431428890231076,0.05747829102194503
50.0,50.0,30.0,120.0,0.2174138267316341,0.2139378852628875,0.21607470924333294,-0.7850356797615193,-0.8809553365983832,-1.4133259930310234,1.705842691934524,1.706638538552541,1.7057615337205967,9.347317409339569,9.347340925795653,9.344761631752302,0.6550888176419655,-1.2898374651384217,0.2333024129659818,0.2883279224525832,0.14352938363202924,0.14332828138503478,0.14333699219048454,0.21616865906407778,0.2161615776128482,0.21605319142336515
50.0,0.0,20.0,-30.0,0.1794984035575013,0.162270872185553,0.16891419951048312,0.478723791333885,0.0767095942606575,-0.9738651924411985,1.3493105844845228,1.3482294440530547,1.3475985971245545,4.459826692779969,4.4348468460827135,4.4165935219986165,0.5786783309023433,-0.5219133862390162,0.08982408569704561,0.04943163891138017,0.057481850185092845,0.05822434786449722,0.057842429458414384,0.17126068257832722,0.17105660334871403,0.17121046886671276
20.0,20.0,80.0,30.0,0.0782681429876971,0.0777959009986973,0.07805571362445825,-1.3056010725852478,-1.324246158530238,-1.391618776328063,0.624053785610344,0.6254722283141847,0.6231887044479579,22.72379909507117,22.723372973481034,22.717609252478923,0.6162442654560011,-1.27379193074638,0.16550070018481383,0.19500773948121253,0.2739303124049123,0.2741702506703344,0.27369292404272855,0.07820865080310911,0.07810213969017449,0.07791362309735336
100.0,0.0,20.0,-90.0,0.2875312301313074,0.253806216420147,0.26591173143166463,2.815619937995097,0.8301317939756171,-2.475888688775227,2.0924199278953894,2.096077240465504,2.0998538709896652,3.9324952029582234,3.939491088197267,3.953452222119794,0.5610351173946487,-0.5199283493351102,-0.0851356290593976,0.18046365166434294,0.0740674780745508,0.07395133161465427,0.07433607251671669,0.2655505203291602,0.26648192676472954,0.26602303115692955
50.0,0.0,10.0,-60.0,0.1851279618205296,0.158614485047526,0.16807156519492578,1.432259128615209,0.2887607402785398,-1.9316257827235073,1.3460122449365388,1.3450623917554456,1.3478737388892428,1.6240881119717483,1.6571609281916497,1.6505826063459579,0.578667978306029,-0.5219179750665749,0.013563117462651663,0.07986276391375015,0.04998500236933613,0.05004722426431631,0.04998192304186883,0.17071728020854016,0.1709044573999538,0.17101669683499107
20.0,0.0,10.0,-90.0,0.0869433306917452,0.0660678673192992,0.07646852598451791,-0.2376610595471998,-0.7564376822535192,-1.2616781829522152,0.6832490289154306,0.684343761515467,0.6841740343209406,3.220679016883172,3.2435826720668137,3.2225790446316225,0.5841217193329069,-0.5232870091695482,0.028864102501889075,0.04307817320737029,0.06051842183377061,0.0604838972410405,0.06055072881656304,0.0865894574647657,0.08670413355067726,0.0865742208641075
50.0,0.0,0.0,-60.0,0.1660921852531968,0.1474435670745618,0.1583648786893601,2.577236810536944,0.597172462718497,-2.090736109155645,1.2504157445107575,1.2512834382882057,1.255219494143192,1.960019734209747,1.9490939117489863,1.9530967757740203,0.5786669426419089,-0.5219184437683287,0.0004757891243504111,0.11768598675480989,0.06294063639632991,0.06269462572133934,0.06257083781754387,0.15839931153227652,0.15902642709352474,0.15890121028704424
50.0,50.0,90.0,-90.0,0.1819504486859853,0.1796523962187224,0.1809450283466174,-1.1210315576007135,-1.136786647587261,-1.3053952174551406,1.4330993157058376,1.4347579575116047,1.43647978174477,26.15831913463943,26.162392009946082,26.153765129539515,0.6550761955323129,-1.2898242681429994,0.5044154258157791,0.5001226038993144,0.3289897506780469,0.3288579133100848,0.32888162631667545,0.1808229779755824,0.181244258767053,0.18102526916779735
20.0,0.0,20.0,60.0,0.0752894465143538,0.0733850305485075,0.07452405386728822,-0.6023754815358437,-0.7180139903500526,-1.0570080213655269,0.5887865208217251,0.5890385209720111,0.5886063809918124,5.687649895401837,5.6843936008388525,5.685619080198937,0.5841886751953623,-0.5231776405480634,0.0556936784391375,0.033027705300297784,0.07294573823352096,0.07288112544328568,0.07306708782140753,0.0746086616320019,0.0745772232314936,0.07456247766730557
50.0,50.0,10.0,-60.0,0.2387983054275345,0.2283266520051647,0.2337267192194856,0.3745468724831571,-0.4895672967061718,-1.756208295726895,1.8459591961569137,1.8465865774741017,1.840994336507725,2.924116468291592,2.9234564757021735,2.9308814967636425,0.6550778468522483,-1.2898254295437335,0.07679467045934903,0.21691528084376352,0.08260414021033535,0.08272197585444786,0.08287169747518085,0.23436045765358735,0.23373393782911775,0.2336598477666386
50.0,20.0,120.0,90.0,0.1162651450880035,0.1150324813250736,0.1157015051504992,-0.7827221910993818,-0.7972482763759953,-0.9020401947701145,0.9185312055450688,0.9167584545108081,0.9205225858105025,33.53675419633134,33.53354403831973,33.52559961382169,0.6115535893142118,-0.8927449704416845,0.5044649191907609,0.19991877654711251,0.39223933178064135,0.3922823600056569,0.3925922191979136,0.11557302835243807,0.11583788425122026,0.11608216655825881
90.0,0.0,120.0,-90.0,0.2037207195785462,0.2021706970281499,0.2029173623319574,-0.3056493979612119,-0.3176140136433382,-0.523346245623168,1.5975124613039193,1.5959155171754285,1.599372780194422,32.71474380726301,32.712468131162645,32.70343700225447,0.5627535892806339,-0.5203177497950007,0.8953163313303206,-0.0002267397063803476,0.36935603735360356,0.3692176189670153,0.36905755131601437,0.2027624905292726,0.20300539198106907,0.20318534163436022
50.0,0.0,90.0,30.0,0.1317846052776067,0.1315425106827942,0.13169610618721003,-0.3805965602711506,-0.3870105830791149,-0.5671380085346513,1.037141835959557,1.0367943960020878,1.0376331863474224,24.640715448715,24.631601120014228,24.63341522328316,0.5786783317088385,-0.5219133872819157,0.4412956271652881,0.019227285988854682,0.28042146253960926,0.28021919577518917,0.28041841182375243,0.13164616241201427,0.1317203230908487,0.1317688524396145
50.0,0.0,30.0,-60.0,0.1659109085899103,0.1606520939701909,0.16398863600142569,-0.0028196570104923,-0.1244099621589406,-0.763056786627,1.2920335972530066,1.2929456515233484,1.2915942586942168,7.5583742499239355,7.556764226775203,7.558068134003677,0.5786700616916276,-0.5219170416694694,0.163986933419405,0.04033006434687032,0.08627756410185773,0.08624379295185637,0.08633239274314194,0.16414655884842014,0.1640932067127001,0.16397812096432596
50.0,50.0,0.0,-60.0,0.229176322383061,0.2284143245923677,0.2288642885732717,1.6108293449502322,-0.1506036313523525,-2.091331590322606,1.8087668108153712,1.8025925646305754,1.8051065193552975,2.7739625698703883,2.782368709222278,2.7762286736890958,0.6550767377216947,-1.2898241936398296,0.0008054324587063786,0.24580796886726847,0.09048111840003896,0.0908012307428191,0.09034999822561392,0.22895512825062972,0.22847879478650338,0.22926477255659816
0.0,20.0,100.0,30.0,0.050918343590533,0.0496091446955932,0.050166507111673045,-2.0340054040480933,-2.104701936343171,-2.0677159093674544,0.41142973626657037,0.4096255676806314,0.41083281347520045,28.186713426111915,28.19096536451505,28.184987513424506,0.617145342061956,-2.0150473293853004,0.005978319187801535,0.20005020980098226,0.33424345809384415,0.3342057749895529,0.33410013079749756,0.050286902768040084,0.05021225156217787,0.050448757752686944
20.0,0.0,50.0,0.0,0.0636356629325563,0.0628774096699743,0.06324950848635882,-0.7054885475283674,-0.7342745224810413,-0.865593936038904,0.5006985862218519,0.5023438592698332,0.49871702498877896,13.92068260398024,13.936654678647313,13.925620351665767,0.5841886751953623,-0.5231776405480634,0.11656220255681685,0.0414885133211354,0.16321355653730654,0.16329245923173571,0.16318192605830611,0.06351548035894537,0.06324118397321873,0.06305307048617671
20.0,0.0,40.0,30.0,0.0678129013192407,0.065527867956961,0.06680092580487383,-0.6907796662266269,-0.7611002797012656,-0.9198864712308119,0.5313190221846524,0.5292282205346505,0.5258165533789471,11.222703382303438,11.214974417290202,11.196949546213848,0.5841886751953623,-0.5231776405480634,0.09824759238953462,0.04115783556909857,0.13379913645351182,0.1340566482785868,0.13340883536862833,0.06727646480135205,0.06656527756805748,0.0668348503309514
90.0,0.0,110.0,90.0,0.2250676656311731,0.2218652194761478,0.22356945686582835,-0.2642556389715352,-0.2728548158803262,-0.5235207921718451,1.759721234744786,1.7604024553051414,1.7583108675497394,29.79046140475868,29.788060999779926,29.78678148439988,0.562745350766241,-0.5203297715459044,0.8948972547012348,-2.5451451341029367e-05,0.33507110739100704,0.33503682545123253,0.3348526154121625,0.22377354409378877,0.2235983107710213,0.2235164782468415
90.0,0.0,40.0,120.0,0.2675743937456444,0.266133635631127,0.26671355706948136,0.3154695087621685,0.2280527380129114,-0.671597373940609,2.099569261097873,2.1000799973660045,2.0991217652640213,8.985808624317514,8.981084389637227,8.983423837428615,0.562745350766241,-0.5203297715459044,0.2768696214921169,0.04182919554204162,0.08786569325623356,0.08791636872487191,0.08804690405460021,0.26677617363692924,0.26672151762117396,0.26665589492593794
20.0,20.0,60.0,60.0,0.088693173719992,0.0883467573796504,0.08854916673794769,-1.31472706186989,-1.3359744745653044,-1.4373749863373626,0.7046764540106721,0.7041294673583388,0.7057848768975672,17.306496357884406,17.31173361297157,17.30666885527773,0.6162442654560011,-1.27379193074638,0.13893779275596999,0.17991055637590708,0.2147537111963889,0.2146186303580671,0.2145860400033892,0.08845605002239135,0.0885912146612515,0.08866120724076589
50.0,20.0,0.0,30.0,0.1779182849492453,0.1767552727158963,0.1773064392269539,2.0720081131877754,0.2292870435340826,-2.0912700814798852,1.399335647997119,1.3957394122399758,1.4013634276812084,2.1634840243533913,2.1557282076675803,2.1564924303625346,0.6115535893142118,-0.8927449704416845,0.0005099552125588607,0.14754739604349912,0.07050616215716761,0.0703455352622255,0.07025267498122083,0.17700679434223054,0.1772645478184312,0.1777261504156961
90.0,0.0,20.0,60.0,0.2887731483431289,0.2536389797944124,0.26597113806089434,2.7774509479614795,0.8140214366712191,-2.4641381975917422,2.0928677586707822,2.097075637674601,2.0992551339173087,3.8594717148609847,3.8706680345742703,3.8856928857792394,0.562745350766241,-0.5203297715459044,-0.0816903161872718,0.17773108867857482,0.0727918393937827,0.07277246051429553,0.07307748232490938,0.26569155802816313,0.26650046320063137,0.26598072352200947
20.0,20.0,90.0,0.0,0.0788939728428589,0.0775922644074701,0.07834675859117826,-1.2165690389555848,-1.240923015112587,-1.303677114816188,0.6267614508036703,0.6268007411178537,0.6271705074605691,25.420142916443417,25.423178651187094,25.416595512115677,0.6162442654560011,-1.27379193074638,0.20249472529359977,0.19995235595353103,0.3036775381509553,0.3034870279907482,0.30351379476317686,0.07836858780235131,0.07842316306448564,0.07841460202158695
