P,Q,V_mag,V_theta,I_max_tail,I_min_tail,I_avg_tail,Iphase_max_tail,Iphase_min_tail,Iphase_avg_tail,I1_avg_tail,I2_avg_tail,I3_avg_tail,V1_avg_tail,V2_avg_tail,V3_avg_tail,V_avg_tail,Vphase_avg_tail,P_avg_tail,Q_avg_tail,V1_inv_tail,V2_inv_tail,V3_inv_tail,I1_inv_tail,I2_inv_tail,I3_inv_tail
50.0,20.0,40.0,120.0,0.1585840551263794,0.1565205274197063,0.15790463402564867,-0.6140644196176941,-0.6569315595700421,-1.0631809945934416,1.2456896790842698,1.247067272022026,1.2465037051582846,11.37434626545475,11.362791830422307,11.368065020517744,0.6750696220906218,-0.8936880611762084,0.23595549101298355,0.1414182512490546,0.14557954486147553,0.14552982300507372,0.14554594960610492,0.15792263045913812,0.15802075013689107,0.15785726903874667
90.0,0.0,120.0,90.0,0.2055650609513241,0.2040906198052616,0.20484168555308074,-0.3040439734951878,-0.3160919699200071,-0.5235935167382026,1.6128052455195814,1.6107089158152224,1.6147739253000615,32.705818383728136,32.703719486387484,32.69492154373118,0.6345985081197228,-0.520659588644016,0.9034477497106207,6.943156985937825e-06,0.3691625957245254,0.3690581681950716,0.3688893472764011,0.20465248751615425,0.20491634548457932,0.20515181442167096
0.0,50.0,90.0,30.0,0.1267586644698547,0.1253696280543442,0.12600791215097087,-2.073077676999936,-2.099707916901595,-2.086051522765361,1.0063012659079158,1.006264995147654,1.0088139537023209,26.36766191775557,26.36425143195644,26.356100545035794,0.7187172303236241,-2.0572513802815084,0.004880152950202628,0.4999841685786004,0.3324291894787922,0.332469997531482,0.3325097561933039,0.1258647364019956,0.12617773505888294,0.12618806826685613
50.0,20.0,50.0,120.0,0.151123494201507,0.1500917813188651,0.15073125166459156,-0.69918776060382,-0.7151143174945195,-1.036289591203937,1.1894637659924066,1.1916652676172423,1.19022229564209,14.210797864250562,14.217366954305607,14.209002686319653,0.6750696220906218,-0.8936880611762084,0.2785795397384624,0.156842461891113,0.1774361977105892,0.17733469980751257,0.1776159521953198,0.15077842639349473,0.15086936718634933,0.15059520002589225
100.0,0.0,110.0,-60.0,0.2487098929395223,0.2452114191615916,0.24719716717254225,-0.2364356487033046,-0.2459927088713639,-0.5238635103386124,1.945674365906364,1.9458045258940493,1.9448546962299638,29.668075518835625,29.663741403802337,29.654760377144942,0.632051594549713,-0.5205960109080034,0.9820107926634349,0.0003265777676976517,0.33253449030787,0.33251843976173323,0.33240949528213054,0.24733163904624286,0.24722491056589393,0.24721738183094427
20.0,90.0,80.0,-90.0,0.2301789560503419,0.228439969391524,0.22920608510696283,-1.7782788778511902,-1.785472937113553,-1.8624118533141196,1.8178592454224092,1.8173669375099029,1.8230711197705152,24.771878422523876,24.764534148830812,24.763058924536477,0.7655022384883783,-1.7767531953157794,0.21368294949168498,0.8999545435146662,0.33827705307709505,0.3380324681162157,0.33836799214275415,0.2288310557203452,0.22946737742148296,0.22951244294552683
90.0,0.0,20.0,30.0,0.2865310637521124,0.2553130780995444,0.2661132027462748,2.614588324909501,0.752348364635094,-2.421225911565374,2.094015143570492,2.0965724771663936,2.101412314206646,3.6341986329294143,3.6363987006657843,3.6556197487099515,0.6345985081197228,-0.520659588644016,-0.07004835327765725,0.16966013038845182,0.0682848204830833,0.06798178239001333,0.0684794432258212,0.2656713821032706,0.26660525894276366,0.2662927907620795
20.0,90.0,30.0,30.0,0.2476656619878259,0.2469809731536958,0.24736665482616865,-1.6859739398134992,-1.7125308788027984,-1.8956430284217045,1.955866115300797,1.954913381140023,1.9551211736076126,11.069670640280572,11.071264034837746,11.070040991526936,0.7655278996474294,-1.7768164101630861,0.10920994411370627,0.5420387114560058,0.1871127096192217,0.187337072774267,0.18710955692255546,0.24739075352431522,0.247315552435972,0.2474397430920636
20.0,90.0,60.0,120.0,0.2181150697294042,0.2176147143734042,0.21791432911131925,-1.7989918945542978,-1.804388934568207,-1.890768663028829,1.7266269389129383,1.7279352412186948,1.7274485169748817,19.067493955819007,19.071858334399824,19.058193481378243,0.7655278996474294,-1.7768164101630861,0.14321733029499556,0.6915548261581046,0.27137685035740733,0.2711201825700733,0.2711550602833651,0.21791880305955746,0.21801232193762002,0.21783755903149413
90.0,0.0,110.0,0.0,0.2272125567049334,0.2238611544007535,0.225708536641921,-0.2620055169777427,-0.2715938757572009,-0.5238463979980444,1.7766891654479633,1.7773463939623448,1.7750019517614026,29.779713753443556,29.777976081246123,29.77592921092877,0.6345985081197228,-0.520659588644016,0.9029351385996967,0.000283072280315779,0.33491770070327553,0.3348353587239625,0.33469561610138054,0.22593871275262678,0.22572849506205236,0.22564911552338487
50.0,50.0,0.0,120.0,0.2211391373441015,0.2203584703842176,0.22078138161054062,1.3873514042569743,-0.2769887221736277,-2.0913810708924183,1.7451923200730697,1.74006197117416,1.739670271273219,2.6773477241976456,2.689258145567079,2.679391272248818,0.7149820200524383,-1.2870673309637894,0.0007353520356743867,0.228626402963736,0.08723845076333984,0.08758875269978082,0.08723256462836948,0.22105315673621515,0.22035711493675852,0.2210088066601545
0.0,50.0,60.0,-60.0,0.1343303626546566,0.1338666858027534,0.13412158183560505,-2.0959406341264426,-2.100077830448778,-2.0962480003165282,1.066378214342513,1.066680922009047,1.0672228107160484,18.141729884261785,18.13631745056135,18.134543092369192,0.7187103524669708,-2.0572312866187925,-0.00045538608153566603,0.3859907268453885,0.24052967670095027,0.2403720684958903,0.24041432742722896,0.13407202105063448,0.13419558511216623,0.13414194892153006
20.0,20.0,60.0,0.0,0.0837847903265153,0.0833739871739421,0.08359598516746682,-1.3416394916737582,-1.3625075594030422,-1.4535972302522988,0.6646837257798954,0.6671073129754618,0.6658903526157165,17.279698847656952,17.28392924263093,17.27108818683072,0.6784793404823032,-1.277180112019705,0.12775532365695352,0.171103551082638,0.21376893263110688,0.21376275801454744,0.2136173012677322,0.08362121937797637,0.08375982657666796,0.08346242298032587
20.0,50.0,30.0,0.0,0.1660100239172562,0.1648204668605697,0.16549386337402483,-1.5610943816809109,-1.5972885630358464,-1.7827499111636598,1.3097314553720791,1.30692756610156,1.3111525975393108,10.03430710540339,10.031117690522823,10.031458860225264,0.718145790998976,-1.682010494824096,0.09315333225296216,0.28921686582071626,0.15353864536435824,0.15359573711921057,0.15337931129099308,0.16525333882836674,0.16545572354743018,0.1657865632324603
0.0,90.0,120.0,60.0,0.1706593976517882,0.1689487829286603,0.1698463265520228,-2.074523011651081,-2.0809039976590227,-2.079249879508322,1.3585948006509805,1.3573386994338257,1.3599591365885808,35.20336255751683,35.196553518819194,35.190778978488936,0.7665320191074287,-2.002511187159981,0.015419500780851228,0.8994436657434173,0.4443582827986669,0.44455557464769263,0.444270391927355,0.16986350670193173,0.17006630911807002,0.17019406176910368
100.0,0.0,120.0,-30.0,0.2245967966499891,0.2229819193617176,0.22380453553490948,-0.2846490746704195,-0.2961627380385138,-0.5235953864515763,1.763311076345296,1.7590970376177615,1.7636979371634571,32.61771008958458,32.62255920854116,32.60897036680524,0.6320527728863933,-0.520595423050527,0.9825377657753196,7.3365249634237045e-06,0.3673581434117991,0.36722680204700536,0.3670945219491181,0.22364850375992243,0.22372852640904592,0.22422445439607108
20.0,20.0,0.0,30.0,0.1267337181050773,0.1081914784332157,0.11761940875425501,-0.3493215042639523,-1.1157221413444198,-2.0884857147432596,0.9570342632234725,0.957602167288541,0.9594051910843014,1.910394623570169,1.898313563149508,1.8655240824678074,0.6784793404823032,-1.277180112019705,0.0005585673856399463,0.0725882568366287,0.05742801054267812,0.05752752987045157,0.05689297875466921,0.12126920756773867,0.12169503073145563,0.12150141831224423
0.0,100.0,120.0,90.0,0.1869616242865599,0.1851398015329106,0.18605399833073602,-2.083983963478353,-2.091698590207133,-2.088706233707461,1.488108117800403,1.4853033351466303,1.4864352625550772,35.39562536861964,35.39409410538657,35.38332496780003,0.7785098420441033,-2.0214286154605,0.007470326876972405,0.998908142311477,0.4509027945902873,0.450705458154496,0.450728816720651,0.18629159921340463,0.18608581703196725,0.18643101787723426
90.0,20.0,50.0,30.0,0.2567172951323681,0.2540191432326726,0.25597088088768116,-0.1801005363162797,-0.2172131507242354,-0.8387595139975718,2.0175052766927837,2.017433754556135,2.0162960264409127,13.097576488336955,13.09565616433763,13.089022447975463,0.6658515926585167,-0.7392330937283146,0.45476968961454095,0.14848495003212217,0.15601900801474436,0.15607629734693473,0.15597574738150802,0.2560999134623926,0.2559564341446583,0.2559631970936808
0.0,90.0,0.0,60.0,0.2681504095644489,0.2663437913678615,0.26721971703866915,-2.0134272807768827,-2.0510932953278487,-2.0913620224766047,2.1069540192286413,2.107526883639943,2.1091218790032573,3.2175913220272836,3.2158344282733142,3.2161177812225454,0.7665320191074287,-2.002511187159981,0.0010764706148669466,0.3327490259266664,0.10477930716656629,0.10464823433520039,0.10466593290220395,0.2670669947574285,0.26733829837492057,0.2672756953224316
20.0,90.0,40.0,-90.0,0.2375008624935653,0.2369479274485744,0.23723790318228244,-1.739253258566339,-1.750635094200988,-1.8905879903576563,1.875929461152862,1.8761976652886168,1.8783376360853605,13.73526255051579,13.734335777354808,13.732007080260459,0.765472913531537,-1.776697548283128,0.12356968891759733,0.597055530957302,0.2148425604643934,0.21497288972797907,0.21493692099308892,0.23705381750659155,0.23736472138751097,0.237329900301165
20.0,20.0,30.0,-60.0,0.1018345549683674,0.099722997703431,0.1010462352236956,-1.2846386992487335,-1.333452529406533,-1.5265854174656075,0.7995945939932345,0.8009549260899734,0.8007261294974931,9.153095427549776,9.15507644243741,9.156708064792403,0.6784691018086744,-1.2771461209153308,0.08120205635910067,0.1273205992388253,0.12532969285315443,0.12532689515940307,0.1254159371552891,0.10105777612744993,0.1012002967391953,0.10102428381558823
0.0,20.0,120.0,90.0,0.0433728641178518,0.0417219052977438,0.04253256948743894,-2.0674776268340933,-2.1030665276482,-2.082382890282949,0.3545656919042092,0.35454235664109435,0.35858345392499485,33.645653212091894,33.6410575796192,33.638531795280336,0.6791449760543936,-2.0262614013022464,0.003930641070603917,0.1999414999228622,0.39417665049527517,0.39428521876434025,0.39414382412378773,0.042504527136083714,0.04302331902840549,0.0430021950339933
20.0,50.0,70.0,60.0,0.13498894073217,0.134470906406301,0.13472825883526715,-1.667933130722098,-1.6819948692321325,-1.7556591500470138,1.0722001812539326,1.0704514884868686,1.074075722578187,20.784581750012986,20.780458547380356,20.778419400392945,0.718145790998976,-1.682010494824096,0.14424764400914886,0.40839985720253147,0.2687597522434029,0.26884235435992265,0.2686871410679056,0.13451121055114387,0.13476321596152566,0.13495841462031746
0.0,20.0,90.0,-30.0,0.0552100769277039,0.0546714534988876,0.054996344842524934,-2.0709194674394897,-2.1002678570142144,-2.0854981274090862,0.4458504794307043,0.4488793353530829,0.44722914186770585,25.466377772079476,25.469272389243717,25.447090247893435,0.6791449757838517,-2.026261399376276,0.002294045196120243,0.19997655621873867,0.3045006695607186,0.30458865719278166,0.3041301460110138,0.055073202043209014,0.05526415619289477,0.05487455800181699
20.0,0.0,40.0,-90.0,0.0632961095208997,0.0621692021114562,0.06274807493853889,-0.7903908903833408,-0.8271851833602639,-0.9825823727540541,0.4989506002804474,0.495727352976463,0.4962103502428233,11.261549823408563,11.255556593844146,11.249393051283812,0.6492344435891566,-0.5218593172621326,0.09047051445271727,0.04471471314944184,0.13492976393563996,0.134673057136086,0.13451175041281133,0.06290366200702459,0.06254696373083678,0.06295255658892071
20.0,50.0,50.0,90.0,0.1496794488472719,0.149011702910343,0.14943050180050796,-1.643153236301604,-1.6532820402642707,-1.7657188778296309,1.187018749770248,1.1829064375625895,1.1861276615710943,15.420668750243259,15.410000056429057,15.415803325285184,0.718145790998976,-1.682010494824096,0.12189052847449845,0.3569263862385731,0.21128058905010436,0.2110397676505706,0.21139604764584588,0.14936343832389712,0.14923635531470067,0.14974823962601438
90.0,20.0,120.0,-30.0,0.2006765143881305,0.1996251137691315,0.20017593530910247,-0.5340040815238578,-0.5416784214969959,-0.7417593309196243,1.5799039245146294,1.5799988244031389,1.5798945712679682,33.27617851698591,33.27245966126746,33.25682822481224,0.6658515926585167,-0.7392330937283146,0.9036419287295787,0.19998406561142132,0.387311380566634,0.3874119520454236,0.38707097631955045,0.20024761953173484,0.2002645653796691,0.20021594167541787
0.0,100.0,70.0,120.0,0.261213908757517,0.2594290275374638,0.2602315587599193,-2.0855642431630086,-2.09587934306256,-2.0906258928001127,2.062213603542021,2.0624175937190774,2.0642771492414265,22.49530320884108,22.49458981994009,22.483143509251388,0.7785098420441033,-2.0214286154605,0.00462779932499387,0.9998512965651536,0.32216390835832703,0.3222159289590818,0.32211697562905817,0.26011250939018193,0.26037980597439764,0.26034636012328266
0.0,90.0,30.0,120.0,0.2422652181880339,0.2418592294965754,0.24210084307726368,-2.084939718201673,-2.0899505922063155,-2.0893532435458937,1.914906063890735,1.9130579703301265,1.9142088744945356,11.17977781173982,11.177353892510732,11.172134395666028,0.7665320191074287,-2.002511187159981,0.002922266014907159,0.5459405132098997,0.1888782816111517,0.1887698044111831,0.18873766652977914,0.24209504147237537,0.2420048413258995,0.24222182671383466
50.0,0.0,100.0,0.0,0.1359008539096662,0.1350000704712546,0.13559244752189611,-0.3516520439632665,-0.3590576052986856,-0.5239693759425056,1.067789698929895,1.067565155380793,1.0665998173676092,27.3404450935422,27.336111440654857,27.328246895804803,0.6453124449701564,-0.5221886034343035,0.5026700225637654,0.0002178320271706027,0.30979430414447295,0.30989060127097745,0.3098514277818296,0.1356993146806041,0.13555826917524438,0.13558874292893472
20.0,90.0,0.0,60.0,0.2680999956286631,0.2662481647977863,0.2672238574019258,-1.94961515350904,-1.9936803045708995,-2.0913706611014296,2.108243874732066,2.1069778144785625,2.108583723089709,3.211173714525569,3.2169485447749744,3.214861416412113,0.7655278996474294,-1.7768164101630861,0.0010697506114217934,0.3327479520239406,0.10453791022226479,0.10471085074633568,0.10465024661778731,0.26716083462607976,0.26719731682701153,0.26736012807835685
20.0,90.0,110.0,0.0,0.1870570984056685,0.184890874735006,0.1861583427151685,-1.802601680614272,-1.8204378837142252,-1.8602260907541819,1.4838089595277884,1.485962715204508,1.4833569227795673,32.58271282664286,32.57943000506377,32.57971944338302,0.7655278996474294,-1.7768164101630861,0.216428619042411,0.9001447802708573,0.4174967090143827,0.4172493595130148,0.4169145492759453,0.18642956242727504,0.1863748601942595,0.18610426452492265
20.0,50.0,70.0,30.0,0.1350656325433161,0.1345378243962114,0.13481623557373537,-1.6672225867024926,-1.680775614537232,-1.7542004035990266,1.0713489572349653,1.0710595812626162,1.0764928869307726,20.784253769891453,20.78265355521664,20.780005925629183,0.718145790998976,-1.682010494824096,0.14494065226224748,0.408462211475976,0.26869667434034644,0.26896616458337824,0.268721964917553,0.1343770173909219,0.13505941936616678,0.1350758062927594
50.0,50.0,70.0,90.0,0.1723654814497427,0.1720675554329708,0.17221626207607058,-1.1512574461162162,-1.1566122856523735,-1.3597603306924704,1.3633998494463706,1.365212874512165,1.3650783959509865,20.58968685250365,20.589119871384774,20.574750575633455,0.7149820200524383,-1.2870673309637894,0.36640016500815514,0.40528477243846417,0.26546197651875575,0.26543451476350893,0.2654231902823381,0.17216666056488164,0.17237911755093027,0.17214746072143353
20.0,90.0,10.0,-60.0,0.2682477929079688,0.2570394299988618,0.2633673611432734,-1.6359711629359155,-1.813200338755135,-2.004968943776927,2.093402372791789,2.0930610239443723,2.093837638826778,5.839930814951304,5.857162996275124,5.855339699479626,0.765516766635672,-1.776795474309108,0.03723533386942262,0.4221865167711361,0.13409156502799818,0.1343778848953097,0.1340367734773513,0.2651478560711802,0.2652271359585448,0.26526678567419315
50.0,20.0,120.0,-30.0,0.1163600575557347,0.1151366478588907,0.11578927893727597,-0.7825066498107053,-0.7968755385877092,-0.9018185377255042,0.919236120664594,0.9174368374288593,0.9211681510938149,33.53683907883952,33.5332211586944,33.525568257342826,0.6750696220906218,-0.8936880611762084,0.5048932641841065,0.19996174672778702,0.3922463120895462,0.3922778916697984,0.39259299732152797,0.11566384326285263,0.11591996578898296,0.1161682047531358
50.0,0.0,60.0,0.0,0.1354506934636576,0.1344392262741806,0.13503656397183056,-0.3826799284810278,-0.4019342786981535,-0.6685781959220095,1.0660600937963312,1.064103824954388,1.0624684258939256,16.40319570891961,16.393454271885506,16.379816411696485,0.6453124449701564,-0.5221886034343035,0.3016304155110491,0.04405781263036939,0.18897875335853398,0.18892435951446043,0.18858951818300432,0.13527836778869037,0.1348129339236529,0.13505722730480121
90.0,0.0,50.0,60.0,0.2608519363952007,0.2574808359377893,0.2598519683218024,0.0706297461241271,0.0273555046295726,-0.6378893723133279,2.0462423837830905,2.0465737010735765,2.0455074135638847,12.34662772487968,12.343809776304122,12.341496370716252,0.6345985081197228,-0.520659588644016,0.40827485545900055,0.04712412073848225,0.13219250534817006,0.1322267534913293,0.13224261159059617,0.25998454052659903,0.25989289183027636,0.2598543052182944
50.0,50.0,10.0,120.0,0.2288649790188771,0.2191768903769277,0.22430284267937892,0.2043351990035573,-0.5804980245921652,-1.734838611487964,1.7709496702841483,1.7716133073830451,1.767978895625125,3.1414260592492136,3.125899639928828,3.138205501044562,0.7149820200524383,-1.2870673309637894,0.07801022499449102,0.20728013357263814,0.08300736350209104,0.0828495711254983,0.08312079497355958,0.22475292467457403,0.2243765528073971,0.22429724009080612
20.0,20.0,30.0,30.0,0.1020647869947662,0.099869004070697,0.10135476968623339,-1.2811425763653448,-1.3368290784089891,-1.5247135034748207,0.8022494623646824,0.802703637660199,0.8035867128934417,9.152548838447288,9.154998630110496,9.156346378296648,0.6784793404823032,-1.277180112019705,0.08170740066135235,0.12759375938825462,0.12541685519355558,0.12534652351791764,0.1254761648785398,0.10130876253188732,0.10148203621155656,0.10141720538370472
20.0,90.0,50.0,-60.0,0.2274793099870666,0.226940606345458,0.2272843706113867,-1.775297853191588,-1.781944078113188,-1.8902928725953276,1.80011757160633,1.7969238286323501,1.8024033219357507,16.40919128832167,16.403892949643243,16.40346481935178,0.7655209963302068,-1.776803070533953,0.13408290879733545,0.6464231382037289,0.24315566858109577,0.24315696118069105,0.24319354685910247,0.22696137029297805,0.22726576007158375,0.2276688893700032
90.0,0.0,10.0,-90.0,0.268612764947901,0.2426441316280799,0.26327198486082376,3.138237199432557,-3.1377058582786197,-2.264789222673348,2.075540542400022,2.074381949419009,2.0768859628098744,4.448363422252159,4.458094841821101,4.438450215562913,0.6345259232405616,-0.5207554186214703,-0.0552074041110303,0.32992359735100796,0.11148921348933125,0.11158934308430664,0.1114038900247449,0.26293048320975415,0.2631156645901782,0.26324951272138364
20.0,50.0,20.0,30.0,0.1749294381289094,0.1734902123283937,0.1742868618707846,-1.4584349543458175,-1.5430208541957449,-1.8026859492314935,1.3782599278006133,1.3761017159063036,1.377881909454349,7.332432691914202,7.316477954472454,7.320405363605675,0.718145790998976,-1.682010494824096,0.07468579500389545,0.24913205915978334,0.12519746043902227,0.1250116566964418,0.12505475233509783,0.17426252359009117,0.17420758186029953,0.17449428787275487
0.0,90.0,10.0,0.0,0.263989026225547,0.2636078815340483,0.2637665096780079,-2.069902911461297,-2.0735900879627365,-2.0867629142133515,2.082338676242761,2.0807290794765314,2.0830805244015003,5.915892679011684,5.913842895954162,5.913306485483672,0.7665320191074287,-2.002511187159981,0.0033080350757636466,0.4231771345000973,0.13413196611673234,0.13422716971681584,0.13414289798267137,0.2636344976528363,0.2637341173525552,0.2639329523093977
90.0,20.0,60.0,-90.0,0.2452936555271864,0.2442227303399998,0.2450207758034358,-0.3081527174977467,-0.3199471965164361,-0.8172437296967766,1.931135570902229,1.93132366737686,1.9307502679223478,16.18108026899916,16.179266931939864,16.17461577847009,0.6658091021579662,-0.7392642616996048,0.5403077620134059,0.16344724566874128,0.19286695804823203,0.19271425112730844,0.19263842931148437,0.24508455690459624,0.2450335697676017,0.24500890479795367
20.0,90.0,110.0,60.0,0.1870571112591986,0.1848908746508569,0.1861584026706547,-1.802601696850704,-1.8204379055705249,-1.8602267550495533,1.4838094425619737,1.4859630924527791,1.4833573910514233,32.582713896465684,32.579431016731405,32.579720445626116,0.7655278996474294,-1.7768164101630861,0.21642786697487867,0.9001453509431904,0.41749674582484225,0.41724939477043954,0.41691458263277653,0.1864296150557717,0.1863749110935099,0.18610432882662048
20.0,20.0,100.0,-90.0,0.0728706961541079,0.0702252245896032,0.07149988513500947,-1.2180177113730548,-1.2647886018445982,-1.3022246673781877,0.5737591497951283,0.5753221391447912,0.5728388937985992,28.164814501254078,28.165052435997776,28.15706976729193,0.6784634457715005,-1.277134995907443,0.20338565128757216,0.2000244231847134,0.3335892192695639,0.3336833326608734,0.33353049216306924,0.071773357733086,0.07165631299580774,0.07146984394042445
0.0,90.0,30.0,90.0,0.2422427476347421,0.2418336259350475,0.24208275949862493,-2.084328116707608,-2.089541752547272,-2.0890359970458974,1.9142228310462963,1.9129306082670714,1.9146189264496658,11.179366674240775,11.179314743199063,11.172554151824636,0.7665320191074287,-2.002511187159981,0.0030963787326859925,0.5458890402021962,0.1888498965276474,0.18882300880191202,0.18873062990835573,0.24200309141545392,0.24205733155874398,0.2422083978100556
20.0,20.0,40.0,-30.0,0.0955059916733069,0.0942566348482687,0.09495503054905839,-1.318870641307366,-1.35806472158477,-1.500426401705624,0.75498619473124,0.7509030505015056,0.7545898219785846,11.868492964089796,11.871485636222367,11.873812753509142,0.6784793397677749,-1.2771801082012788,0.09824805362080671,0.1454178669009894,0.1546148044175927,0.1543446396108583,0.15461409334341,0.09485078448039333,0.09479246309806075,0.0953271039446356
20.0,50.0,100.0,-60.0,0.126588801779177,0.1251224526706369,0.12579993609490328,-1.6409211028693471,-1.657815216912875,-1.7076508112766078,1.0065012839290897,1.0051631582159275,1.006876551589222,29.009755756413462,28.99941849561172,28.996797418167272,0.7181437572264692,-1.682004485334262,0.2048050504271845,0.4999885914698331,0.3597576447417302,0.35949259109699677,0.3598201396576728,0.125824459863912,0.12583285406490607,0.12601683395116264
0.0,50.0,70.0,-90.0,0.1275176491825113,0.1270496638254124,0.12722905601156215,-2.0919729414824797,-2.105851844963604,-2.097625175743762,1.0162930921289288,1.0123722194129785,1.0132685123979672,20.81789519197961,20.81626694050811,20.80848230829873,0.7186798465836739,-2.0571096910665916,-0.0009597133790474836,0.4099488469245815,0.2696817940067187,0.26947801262094967,0.2696441966835735,0.12732243903465124,0.12695271528932597,0.12744551168839807
0.0,100.0,30.0,60.0,0.2621821352559411,0.261634047049911,0.26188795777230944,-2.0994073553139647,-2.103525838887077,-2.096292597887182,2.071359709103801,2.0695793211895146,2.069506111378572,11.4154378712966,11.412698965268184,11.40933734138932,0.7785098420441033,-2.0214286154605,-0.0009689908940203373,0.6147898333145098,0.1964810877464943,0.19642303188901525,0.1963176936770282,0.26198135064522177,0.26174133271077343,0.2619674964922412
50.0,50.0,110.0,0.0,0.1551130421385445,0.1534307579454011,0.15423621165734522,-1.178030842880744,-1.1839762217620262,-1.304562721450844,1.2325090334356599,1.2237477965081422,1.22541864850493,31.580459608362457,31.557934742169845,31.545935091614062,0.7149820200524383,-1.2870673309637894,0.5061064209398435,0.4999894191412491,0.386752675005744,0.38631211568557466,0.38654391511080877,0.15455065592546546,0.15367178540882462,0.15478612034993414
90.0,0.0,40.0,30.0,0.2675850346206093,0.2659526029810768,0.26675033193643477,0.3003286333673077,0.1916184728865461,-0.6890149580466813,2.1006568078882832,2.1001034764311584,2.0992073962598257,9.042652617217245,9.039993982787312,9.04014455425604,0.6345985081197228,-0.520659588644016,0.28304867481011226,0.04798597376317899,0.09003526543602547,0.09005591981317233,0.0901219457580496,0.2668563563362296,0.26667670235395957,0.26674220269341803
90.0,20.0,30.0,30.0,0.2678512736034645,0.2660933857048764,0.26694135586332124,0.4291789112030938,0.1439564799447564,-1.0198771691945683,2.103835324295024,2.101988242297614,2.1013136729907305,6.273914098388613,6.270214738019814,6.270662586937443,0.6658515926585167,-0.7392330937283146,0.2022074935259498,0.11064844231252584,0.07225191036014478,0.07228274603823505,0.07235315308289092,0.2670782819103017,0.2667555906343861,0.26699338573892817
20.0,20.0,70.0,60.0,0.0784220559457776,0.078018836362438,0.07823172423481838,-1.336760119080244,-1.353807633350444,-1.4295399291355322,0.6243372404726594,0.6245802600600138,0.6251981299258661,19.969256930534826,19.976553096403435,19.970998997121544,0.6784793404823032,-1.277180112019705,0.14050600642881464,0.1789553131857645,0.24281470997718765,0.24297019606347153,0.2429356082055301,0.07818787358176581,0.07829599240015019,0.07828366678340734
0.0,20.0,0.0,-90.0,0.1143455063481576,0.0944847547140851,0.10483126794216197,-1.9795463444451389,-2.1222319598970065,-2.0880521000331127,0.8729403198546439,0.8729607849022568,0.8738036603915534,1.8959756169704685,1.8909965296073152,1.895160138145444,0.6790597310956373,-2.025509175901636,0.0005482655294699032,0.06408886489896494,0.057330785241405814,0.05732164446593529,0.056957160152486835,0.11061041560777468,0.11074269887779321,0.11073915921634192
90.0,0.0,60.0,-60.0,0.2493878600127747,0.248019258321586,0.24903101759378993,-0.0697341247011882,-0.0831698985158182,-0.6120996235037108,1.9606854887689462,1.9610866325390248,1.9605318615173475,15.466214169974696,15.463879950896645,15.460962612286746,0.6345916907243934,-0.5206629910373255,0.5056709849085026,0.044973554617226,0.17026747075876825,0.17010404575024676,0.17032367536014298,0.24907489644397257,0.24905251424627634,0.24900869340838477
90.0,20.0,90.0,120.0,0.2194686097855383,0.2190078562966682,0.2192394473547346,-0.4653694371354259,-0.4685669779529796,-0.764779140127574,1.728957870866422,1.7285444938986463,1.7286069456386588,24.808614143919264,24.79951793598092,24.797116426702722,0.6658515926585167,-0.7392330937283146,0.7408571615840996,0.18215010190515515,0.29115600499764016,0.29090351949904014,0.29101623522196146,0.2192620076285152,0.2192091121940301,0.21927786466203436
50.0,50.0,70.0,120.0,0.172174287006809,0.1718775757617147,0.17202648331217563,-1.152075341239723,-1.1573702502206649,-1.3602100509983894,1.3618800492937309,1.3637599133112297,1.3635754407996268,20.589513342976176,20.588724974256436,20.57482004888605,0.7149820200524383,-1.2870673309637894,0.3657881238297163,0.40497349540505373,0.2654397199929659,0.2654197578848752,0.2654040018427799,0.17197836251113827,0.172192743542751,0.17195303839567583
0.0,90.0,50.0,60.0,0.222785131993955,0.2224236588188934,0.22261829635686692,-2.0915477106460765,-2.097319936332362,-2.0932606988633995,1.7633464098987004,1.7629326233058755,1.7637547171166308,16.458200317709913,16.45823987358805,16.447434569606173,0.7665320191074287,-2.002511187159981,0.0010589943091067833,0.6491626255596448,0.24430913533603255,0.24405703173428364,0.24406703264492186,0.22257509982368973,0.22263501681588355,0.22266017663866122
0.0,50.0,60.0,60.0,0.1342884914870342,0.1337868226870448,0.13408198014413134,-2.0951655505909725,-2.0995264732267223,-2.09578465713322,1.0661012730020638,1.0664283068696552,1.0668180827914402,18.141029640295493,18.13541875877142,18.1338027112519,0.7187172303236241,-2.0572513802815084,-0.0002764985299646379,0.38585609333979,0.24055816326795076,0.24039800909577586,0.24041033179658566,0.1340442405457807,0.1341519955031296,0.13409521364767285
100.0,0.0,10.0,0.0,0.2692308075780689,0.2647662138187332,0.2668847894359201,3.1385451135325555,-3.138023783321421,-2.2598870089951566,2.105400459146758,2.1040950112363515,2.109441451918529,4.560230089411041,4.565118630077388,4.550110667305526,0.6320527728863933,-0.520595423050527,-0.05324359542629095,0.3414636452707055,0.1142378564784596,0.11414576282846824,0.11401796607528164,0.2665912513987252,0.2671017573546134,0.2672700645139169
0.0,20.0,40.0,120.0,0.0789737738021716,0.0774545544773812,0.07841320549378017,-2.0841071794559247,-2.1153400437567025,-2.0969752867383797,0.6227987349549282,0.6239227521062453,0.6275413583439056,11.960182497475468,11.955286321692723,11.952397051101643,0.6791449760543936,-2.0262614013022464,-0.00025216906281271624,0.1462753898103973,0.1562908087372885,0.15616795234138017,0.15615657761737553,0.07812215745924539,0.07870352823318515,0.07855595542199696
50.0,20.0,10.0,30.0,0.183166414130337,0.1709712134753832,0.1766837024702599,0.6699084681240118,-0.2063604838338245,-1.6705090549894992,1.3971781427113443,1.3953934370230163,1.3935605418890489,2.0255318385099947,2.057084679606777,2.0829216831554223,0.6750696220906218,-0.8936880611762084,0.046505100813901794,0.1011765493287875,0.053975863823833056,0.054337826839544565,0.05468783056097538,0.17725502273560487,0.1767782324558099,0.1770600035648935
90.0,20.0,20.0,-60.0,0.2863621461869128,0.255070869576021,0.2666556594560264,1.7097822865147532,0.4577617506731689,-2.082682514331555,2.1040196958905675,2.098194639038015,2.1043092806860932,2.8016245294421123,2.8066992761258236,2.8182037606470827,0.6658407486669042,-0.7392348048774332,0.005857718207291642,0.14541476398038122,0.051846648536274915,0.051876713077400376,0.05178885170195849,0.2665928581826768,0.2666259723296923,0.26736941732701747
90.0,20.0,120.0,-90.0,0.2006765143881305,0.1996251137691315,0.20017593530910247,-0.5340040815238578,-0.5416784214969959,-0.7417593309196243,1.5799039245146294,1.5799988244031389,1.5798945712679682,33.27617851698591,33.27245966126746,33.25682822481224,0.6658515926585167,-0.7392330937283146,0.9036419287295787,0.19998406561142132,0.387311380566634,0.3874119520454236,0.38707097631955045,0.20024761953173484,0.2002645653796691,0.20021594167541787
20.0,50.0,110.0,0.0,0.117571742407518,0.1157618393428038,0.11664324500743153,-1.6530890773416644,-1.665170777748758,-1.7076366138095618,0.9328410933665872,0.937718638478815,0.9363645218790049,31.665950500897154,31.683665972258716,31.673879294724177,0.718145790998976,-1.682010494824096,0.20527170593195418,0.499977976983574,0.3886149563683698,0.38876225509293444,0.3885317675251737,0.11669413448579488,0.11712559887368534,0.11651376520157425
50.0,50.0,120.0,60.0,0.1451069398853874,0.1418181943347958,0.14342693929526965,-1.1861697530420905,-1.2123021341763076,-1.3045099857998879,1.1425737089360082,1.1443572781095348,1.1416435462782557,34.28829863633517,34.280998790628445,34.262722387850815,0.7149820200524383,-1.2870673309637894,0.50620024294328,0.5001232357852888,0.4161765880489587,0.4157626485760288,0.4157430021164376,0.14376016001810693,0.14363840986129353,0.14337744687826723
100.0,0.0,70.0,0.0,0.2627819305238178,0.2618219870740861,0.26259820997115735,-0.1045945324856953,-0.1139174099278902,-0.5896151540486195,2.0675438870955256,2.0673399498602802,2.067478901227175,18.252942197436536,18.248099471887585,18.24522158339038,0.6320527728863933,-0.520595423050527,0.6317819811434962,0.0418193967501361,0.2017630628769467,0.2016371455001718,0.20171153085558088,0.26261883511288847,0.26260676451005516,0.2626375017245898
20.0,20.0,30.0,0.0,0.1020736678508847,0.0998427596353634,0.10132420428924252,-1.2819013808050084,-1.337330484546265,-1.5252415300250401,0.8020826970841778,0.8024581378057348,0.8032916970095688,9.153253321263948,9.155084465190942,9.156612122378384,0.6784793404823032,-1.277180112019705,0.08162060330711905,0.12760446208718085,0.12542337316827787,0.12535167828126476,0.1254831277410655,0.10128633744753103,0.10144235262376497,0.10138780854650384
100.0,0.0,100.0,30.0,0.2491492057254687,0.2485541115787179,0.2488357687169261,-0.194056893634507,-0.1979259454157064,-0.5104010300593171,1.9583412083480767,1.9591469453802943,1.9571426345104228,26.758235456037685,26.75675606185628,26.74640686233653,0.6320527728863933,-0.520595423050527,0.8860809374511269,-0.01166492398999151,0.297698313662685,0.29768515625071645,0.2975921723803721,0.2489754932056886,0.24881816286291403,0.24872622782760762
90.0,20.0,60.0,120.0,0.2453288929407036,0.2441832502198926,0.2450415162391624,-0.3081824933048909,-0.3208745424255483,-0.8174689285716772,1.9313125571149763,1.9314855430315805,1.9309359101868033,16.18167528024091,16.179797150982747,16.175240677676378,0.6658515926585167,-0.7392330937283146,0.5403748153400908,0.16360808053598105,0.19288762063303724,0.19273259985954158,0.19265940384006192,0.24510511687496345,0.24505514367305165,0.24503258597892782
0.0,20.0,40.0,-60.0,0.0789444304804853,0.0773843425597027,0.0783854428242825,-2.084381454846656,-2.1137629688628934,-2.0974069208120807,0.6244613073666101,0.6239521982412023,0.6254170651298236,11.959073562259523,11.948851147956841,11.95297789824551,0.6791360382429821,-2.0261957347709334,-0.0003034710925917478,0.14621471710418532,0.15625468291750397,0.15622399936241513,0.15619664740316708,0.07836313235323711,0.07844873665275602,0.07851410909341122
100.0,0.0,20.0,0.0,0.286849984311464,0.2542750304618834,0.2660506020724733,2.7125669744244667,0.7883202781740624,-2.446330933944884,2.0941200096476162,2.09778302822482,2.0998505108279044,3.7591441600563176,3.776284716695084,3.7902701608411036,0.6320527728863933,-0.520595423050527,-0.07705837370431522,0.17468461537508015,0.07088270320008257,0.07094288771752684,0.07117128033893264,0.2658390665941541,0.2665695577708923,0.26611665865345524
50.0,0.0,20.0,90.0,0.1653458815487899,0.1514214285312624,0.15686282108643482,0.322570300654516,-0.0398716050986643,-0.9523046284072167,1.2494269045144244,1.2501919280477802,1.249660552429452,4.72822591418366,4.683396283478899,4.698937631284286,0.6453124449701564,-0.5221886034343035,0.09366612204097215,0.047197273215269106,0.06107101482421145,0.06066837553532989,0.06061879567765183,0.15872729327958526,0.15866699089269207,0.1586128015279983
90.0,20.0,80.0,120.0,0.2267845165716605,0.226529802790449,0.2266801559869679,-0.4372937759094394,-0.4394975651995291,-0.7847722275917203,1.7868263921321832,1.787447545250276,1.7871538496901531,21.992402421634566,21.987779715214206,21.9818458288207,0.6658515926585167,-0.7392330937283146,0.6794019020939036,0.18154030074842262,0.2594451906306643,0.2593479242347551,0.25938518161836766,0.22668730307039098,0.22672505089346523,0.2266537008002497
50.0,20.0,0.0,30.0,0.1687519581701525,0.1676318641629109,0.1682125878327703,1.8188500445210336,0.0992618742865754,-2.0913010065713253,1.3282459733286849,1.3244544114350212,1.3287213910448232,2.0464147955330287,2.047042473629231,2.0448905230546734,0.6750696220906218,-0.8936880611762084,0.00045563631740243673,0.1326912094334736,0.06663918062541133,0.0667131475437061,0.066516124995516,0.168044805148916,0.16810683767878662,0.16858980261245957
0.0,50.0,30.0,0.0,0.1573808297234094,0.1565589197778678,0.15703329565686022,-2.089292080067968,-2.0986964895916875,-2.092477807987498,1.241842153887845,1.239607700703664,1.248150236180801,10.141718738501691,10.143043580754053,10.14088999729588,0.7187172303236241,-2.0572513802815084,0.0006678345848436826,0.2916694957578458,0.15553733161488725,0.1554653094346505,0.15548969052032457,0.15642344774281117,0.15722007983111932,0.15751011950863508
20.0,20.0,40.0,60.0,0.0955027056936703,0.0944007204690226,0.09503906439511596,-1.3169603173966933,-1.352040520855812,-1.4974734409885948,0.7547987277680378,0.7514913436615666,0.7558964547604609,11.865688931918923,11.863746191589977,11.86786282019041,0.6784793404823032,-1.277180112019705,0.09872207402588762,0.14519847039454647,0.15450376186305287,0.15424571258240793,0.15456187691919898,0.0948295516825209,0.09496627057060626,0.09539559012819829
20.0,90.0,0.0,90.0,0.2681263678036699,0.266284582959477,0.2672263320797993,-1.951226662469229,-1.9949711162214927,-2.0913791469914966,2.1081559003462966,2.1066890693604,2.109008869963619,3.211834610309246,3.2154180500573566,3.2141912344461816,0.7655278996474294,-1.7768164101630861,0.001065097855357812,0.33274979506542735,0.10453278623263153,0.10467842627525341,0.10463688803218275,0.26711004842718244,0.26721259519582086,0.2674003316336914
90.0,20.0,0.0,-60.0,0.2608947003103746,0.259799185800719,0.2602704691807032,3.1377386564577496,-3.1390215159685217,-2.0913585148268248,2.0539258278767343,2.0530691933909733,2.0545015453632276,3.1899134098932453,3.1835316036992736,3.184585766335631,0.6658385574128949,-0.7392351549082821,0.0010388636556697799,0.3201445109288001,0.1035078510962098,0.10333348355377263,0.1034265657752611,0.2602721708499409,0.2603406459079148,0.2604451498705842
0.0,100.0,110.0,90.0,0.1988407323422981,0.1969130548949233,0.1978876291891534,-2.079741551801266,-2.0911182302729125,-2.0868285963811175,1.5768636811436665,1.5775386702036251,1.5780907201849692,32.79769374484675,32.7939361329983,32.792092842194585,0.7785098420441033,-2.0214286154605,0.009320916870732077,1.0000446090373944,0.4240213386346471,0.42421318688857185,0.42386239158212813,0.19793852804125608,0.19807559101965566,0.1980045119441525
20.0,90.0,110.0,-30.0,0.1870570982882924,0.1848908757035647,0.1861583389447612,-1.8026016690739315,-1.8204378795524947,-1.8602266947523804,1.4838089574391933,1.485962635015451,1.483356850359677,32.582713056224414,32.57943028426107,32.579719603881905,0.7655278995599395,-1.7768164099591426,0.2164280301088635,0.9001449630525544,0.4174967209669446,0.41724937159340836,0.41691455885025774,0.1864295582342972,0.18637484735319368,0.18610426178169853
20.0,20.0,0.0,60.0,0.1264455476206067,0.1080135236269017,0.11758668431346085,-0.3555176060777129,-1.1007956062149586,-2.0885591941691386,0.9576603279838753,0.9596711319998874,0.9578757627528088,1.87560400075852,1.9043619029986811,1.9198625479172815,0.6784793404823032,-1.277180112019705,0.0005552876827430741,0.07267422053027169,0.05725601690952493,0.0571365096220701,0.057950435118257884,0.12157758823605716,0.12154341704759948,0.1213959731350715
50.0,0.0,10.0,60.0,0.1696528117631595,0.1468049319132318,0.15616503298489318,1.1301931020573217,0.1572431036201297,-1.7543025264918415,1.2635938125593704,1.2566302975661998,1.259995219186313,1.958167109799645,1.90354487111714,1.8966008909880208,0.6453124449701564,-0.5221886034343035,0.024094941508508275,0.07176507300431782,0.05123248418180211,0.05122135664396609,0.05128163500055476,0.1599388678725923,0.15950545266128272,0.16041711411415638
90.0,20.0,110.0,90.0,0.2189379759240178,0.2176128235404747,0.2183714926220773,-0.4939094092444042,-0.5048479044540956,-0.7419376928518845,1.7233466094805392,1.7224944154373316,1.7218664590827268,30.43189790326277,30.434984695515205,30.419771255657167,0.6658515926585167,-0.7392330937283146,0.903154742394721,0.20020145381479365,0.3545217806024401,0.3546545555671579,0.35443630803860837,0.2185187347815844,0.21835492591354555,0.21845217943498638
0.0,100.0,70.0,90.0,0.2612186256603841,0.2594301765633086,0.26023217655205166,-2.085510284662152,-2.095841175446288,-2.090600367841239,2.062209795916812,2.062421317540643,2.064287317698273,22.495301454677268,22.494550402117543,22.483165281037213,0.7785098420441033,-2.0214286154605,0.004653224832158341,0.9998543502056079,0.32216348594451955,0.32221616863944064,0.32211720297897106,0.26011210630232745,0.2603811368288439,0.2603468228933966
100.0,0.0,90.0,-30.0,0.2445643050848536,0.2442892438526025,0.24446483262627494,-0.2122298229534227,-0.2153248338017672,-0.5579808912262747,1.9244233799987944,1.9252821277215277,1.9236443027769279,24.08106313965535,24.080123616482155,24.067164027498716,0.6320527726035163,-0.5205954228660015,0.7879825580591231,0.02711223454047951,0.2698021209619335,0.2696709027604538,0.2693744132326477,0.24458239620987085,0.24447433672760266,0.24436069127419652
20.0,90.0,60.0,30.0,0.2181535094087489,0.2176128537407812,0.21795560109868423,-1.796573639450156,-1.8021904211104152,-1.8891135388809177,1.7270622398877895,1.728163231626689,1.7277508052145378,19.066294029321867,19.071357244777705,19.05783269990155,0.7655278996474294,-1.7768164101630861,0.14437397471814023,0.6913826375057714,0.271342668252024,0.2710958227769355,0.27112202408614305,0.21796250796353284,0.21803950092312863,0.21789126908378068
20.0,20.0,50.0,90.0,0.0891961648241881,0.0886083689900777,0.08890440060828947,-1.3367707025058777,-1.3677573934135414,-1.4757206896501716,0.7063272462880089,0.707132882706063,0.7068356657385869,14.582000479256154,14.582152535044033,14.581984051022953,0.6784793404823032,-1.277180112019705,0.11349842552726708,0.1593015382987056,0.18414729716060282,0.18437813798071825,0.18433552588084354,0.08891904569560803,0.08897991306231404,0.08889687772333318
100.0,0.0,50.0,90.0,0.267063363818829,0.2666396045326146,0.2667924900348062,0.0917115292299517,0.0658395600178715,-0.6335537409041543,2.099970413886683,2.100879155579528,2.0998971149254166,12.237463019413093,12.238239360683743,12.235572796979397,0.6320527728863933,-0.520595423050527,0.4116265820408842,0.04566205409964415,0.1297513697479782,0.12990750991184238,0.12987515086202558,0.26683459807257753,0.266836968410567,0.2667177227050907
0.0,90.0,40.0,-90.0,0.232366963879041,0.2320426751800055,0.2321637127091374,-2.0880029256893557,-2.0913804283333857,-2.0906483797033424,1.8364493991558497,1.837761746529716,1.8373004853241768,13.817401782053023,13.813227133517612,13.803766834015248,0.7664759908424043,-2.0023727006718124,0.00248712753582976,0.6000728243983777,0.2161679726148361,0.216155404934705,0.21601549732715755,0.2321533412056859,0.2322734237614773,0.23209509614304624
0.0,50.0,40.0,90.0,0.1492513870496005,0.1487679665196785,0.14896260434911077,-2.0894650614617665,-2.0991685316843904,-2.093265343389734,1.1806529225423332,1.1819009536913618,1.18015029960942,12.81153071690783,12.80552363362792,12.797019395624732,0.7187172303236241,-2.0572513802815084,0.0004962776606459916,0.32702703406717387,0.18382212518871927,0.18389153583060433,0.1838461720159274,0.14907302719708496,0.14899220825583706,0.14884560362777968
20.0,90.0,80.0,30.0,0.2301748531421256,0.2283415005666456,0.22920032539134627,-1.778367305258438,-1.785726890854519,-1.8624810333312318,1.817802869186362,1.8173245269458982,1.8230111803484406,24.77194714803156,24.764562623315236,24.763059363058662,0.7655278996474294,-1.7768164101630861,0.21361685848270076,0.899944432170532,0.3382780726374568,0.33803315669778794,0.33836770851345055,0.2288252242020748,0.2294611295951528,0.22950442951127373
100.0,0.0,50.0,30.0,0.2670704723984683,0.2666397321011204,0.26679221927355223,0.0916782015628365,0.0662656437007367,-0.6334781250312487,2.0999648058967466,2.1008757443526274,2.0998938679126935,12.237230741087203,12.23802620989752,12.235348395711778,0.6320527728863933,-0.520595423050527,0.4115998990622958,0.04562366016848058,0.1297433740462003,0.12989982322165536,0.12986712688980628,0.266834032864119,0.26683668166399094,0.26671716192719275
20.0,50.0,30.0,-30.0,0.1660141761217762,0.1648261622866753,0.16549881374961237,-1.5611521951263323,-1.5971036674261176,-1.7827479255628502,1.3097716405205015,1.3069663371103484,1.3111895962325388,10.034360451493598,10.031170687663652,10.031511846431528,0.7181457902039017,-1.6820104920712442,0.09315849279804636,0.28922807840773995,0.15354026646115343,0.15359735241737904,0.153380955870989,0.16525844824020788,0.16546043353029197,0.1657914433867693
0.0,50.0,30.0,-30.0,0.1573757668730158,0.1565936925340813,0.1570467871530783,-2.0903095165238423,-2.0996940607397865,-2.0930597177758514,1.2419500903728433,1.2397614268271167,1.2482069283402346,10.14169656324922,10.142999515741774,10.140882347548601,0.718717229586995,-2.057251377583212,0.0004983905939348873,0.2917036684165244,0.15546198657774982,0.15546098935687042,0.1554814768369672,0.1564432626687473,0.15723224476289221,0.15751821908030703
50.0,0.0,70.0,30.0,0.130268091779074,0.1296858737094559,0.13000764501102152,-0.4067341089095567,-0.4184308121520493,-0.6411665964475841,1.0245491112806324,1.024294536608905,1.0246328565100251,19.181511253534293,19.174273209349053,19.17425549164221,0.6453124449701564,-0.5221886034343035,0.33978585900148717,0.040140381937717906,0.21997971552283677,0.22010823179783676,0.21996351267861208,0.1299934600180911,0.13002307689646428,0.1300561836784299
50.0,0.0,20.0,60.0,0.1650056717937362,0.1516247368545534,0.15695405137102014,0.322065789902865,-0.0411906987545934,-0.9524881715986294,1.2515537969630388,1.2502900418247447,1.2484131396218527,4.6837130599366,4.678235384079498,4.67242224407403,0.6453124449701564,-0.5221886034343035,0.09362064274783953,0.04713343853043523,0.06043888045705744,0.0606506399803901,0.060737124523916074,0.15889024221666478,0.1585154334030074,0.15866839638936048
0.0,90.0,0.0,-30.0,0.2681503564827239,0.2663504834932416,0.2672231436329492,-2.0148452354103323,-2.051447911861473,-2.091372036582335,2.1069753787293135,2.107492214965191,2.1092849520842543,3.2172132639867987,3.2152683611302857,3.2160074536408563,0.7665320180785065,-2.0025111847637462,0.0010732338438568737,0.33275961627461,0.10477764497852331,0.1046468617970049,0.10466784925800195,0.2670589309644627,0.2673482934703576,0.26729291370739616
20.0,50.0,10.0,120.0,0.1842589542077929,0.1816960982763719,0.1832268415666729,-1.232445202782548,-1.462570976036541,-1.8660260002814169,1.446196672960317,1.446028500361028,1.4473881021085544,4.612268155933976,4.610216576768094,4.60618724840875,0.718145790998976,-1.682010494824096,0.04770463124612086,0.20615165940347138,0.09733303875896081,0.09726328267477782,0.0972238699518544,0.18315465372706188,0.18330772385423366,0.1833246338829605
100.0,0.0,50.0,-90.0,0.2671660562802633,0.266472789700011,0.2667886349237884,0.0921222176644087,0.0681176656836426,-0.6328906561293831,2.0997726553929814,2.1011271127240496,2.0997798947984467,12.235416492294512,12.235733845808168,12.233975992018731,0.632005908335152,-0.5206573111347317,0.4114129482466518,0.04534982902995138,0.12967128814835913,0.12985366894779388,0.12981472144832779,0.26684488375546256,0.2668571515801089,0.2666807874257366
90.0,20.0,100.0,-90.0,0.242067305081377,0.238829067461263,0.2407334182855709,-0.4425417013384851,-0.4520004203879702,-0.742288712374838,1.896979495336122,1.8981543774729894,1.8983101777165965,27.531953800375327,27.524852552001228,27.517673371996825,0.6658378761273209,-0.7392439449627705,0.9026064978741829,0.20053581779006274,0.32157416838345204,0.32138612874685624,0.3215477529704291,0.2407330807716092,0.24089451988551816,0.2407532652564396
0.0,100.0,90.0,-60.0,0.2263503374167068,0.2247607816305005,0.22570119703344238,-2.0814514379302587,-2.088414725830554,-2.0868122395033595,1.7953557965060671,1.794281240975191,1.7919323851510536,27.618005753200272,27.6063807719036,27.60258782151002,0.7785070047565283,-2.0214228612829834,0.009221058857051318,0.9999302183089805,0.37231849820849106,0.3722967273840342,0.37198009671619675,0.22601675944174082,0.22558153080613946,0.22571876364478485
50.0,0.0,40.0,30.0,0.1466522607284041,0.1445114202943301,0.1459971939859888,-0.2616585578905364,-0.3012518251997407,-0.7315296600303104,1.150208295990347,1.1509037375971432,1.1501291182053308,10.725110112528053,10.724789336144642,10.720968590966256,0.6453124449701564,-0.5221886034343035,0.2124560276314918,0.04492813035760529,0.12448981385881383,0.1245925407777617,0.12449409528203143,0.1460745341016206,0.14606891976343367,0.14597665920380615
50.0,0.0,60.0,30.0,0.1353186480835163,0.13431138510814,0.13490523687898315,-0.3828136815629663,-0.4020377453022943,-0.6686042429355951,1.064913030607642,1.0631388937456285,1.0614867200555236,16.403599931638343,16.394072107740715,16.380538584602096,0.6453124449701564,-0.5221886034343035,0.3013484900093281,0.044024448439832956,0.1889875478179534,0.18893194602159968,0.18860276238418203,0.13514144963197175,0.13469572672423866,0.13491784215312103
0.0,50.0,20.0,0.0,0.1659843427778497,0.1652522246113994,0.16562092382965318,-2.085105739928283,-2.096356624240382,-2.0910218044080247,1.3118092769839302,1.3088326201915164,1.3074934465809662,7.493899583313732,7.4841368468334935,7.482569282815621,0.7187172303236241,-2.0572513802815084,0.0009128614349975809,0.25198409415322304,0.12763288666141032,0.1273917838893908,0.12743657982223103,0.16587270151790817,0.16532244093819387,0.1657001984530305
20.0,20.0,30.0,-30.0,0.1020519151754355,0.0997684894395761,0.10119294685808232,-1.282921404429847,-1.334408176078619,-1.5262661844842478,0.8005500235554449,0.8028459085205504,0.8013839307640963,9.152972053599118,9.158638180585315,9.157117379806365,0.6784793396777994,-1.2771801077233351,0.08138530331386756,0.12751223623930436,0.12536999510126592,0.125438570130063,0.1255229819559974,0.10126951259005068,0.10137812399645368,0.10108028210244045
50.0,20.0,50.0,-30.0,0.1511300727199022,0.1500426221638799,0.15065261854697537,-0.6991063850532101,-0.7151131472469225,-1.0366111944716496,1.1886051736527616,1.1911452210102342,1.1897610182531053,14.210996436232676,14.218915645388877,14.210003835078952,0.6750696214558022,-0.8936880597539825,0.2784101706820753,0.15686183168713513,0.17744539912007756,0.17734964579046822,0.17764258814639144,0.15068072873913474,0.15082207946459802,0.15050308825969316
0.0,100.0,0.0,120.0,0.268057195619984,0.2664176723062242,0.2672204791496173,-1.999376826162073,-2.0406436270296044,-2.0913571615464024,2.1074795244833973,2.1077781623164147,2.108467413073177,3.2143155391086475,3.2169847677880923,3.216528121417266,0.7785098420441033,-2.0214286154605,0.0010757559272159107,0.33274299696293913,0.10468665329099769,0.1046460764133834,0.10461850234593871,0.2671586789041086,0.2672836333423152,0.26725311054912765
100.0,0.0,90.0,30.0,0.2445864292556941,0.2443075286526077,0.24448659435763054,-0.2122336372988078,-0.2153403575375743,-0.5580173938320395,1.924595837149639,1.9254542581616767,1.9238164553236459,24.08103375283064,24.080097407368186,24.067135791165335,0.6320527728863933,-0.520595423050527,0.7880538967113923,0.0271434395621758,0.26980304182215764,0.26967178364915756,0.26937525963094994,0.24460423923340557,0.24449613889742575,0.24438252376305483
20.0,0.0,10.0,0.0,0.0830053354500678,0.0626638485657395,0.07302549073438189,-0.3539553595709329,-0.8704517965757174,-1.3020979082975608,0.6537528019030593,0.656223815939254,0.6525350102897085,3.3070440427567966,3.296875057200387,3.305355635262788,0.6492905343418074,-0.5217752697370182,0.027490636603352405,0.042437838752237916,0.060778422083125436,0.060760655857818244,0.06094985232897033,0.0830153846598461,0.0828819248186371,0.08257141013764518
20.0,20.0,70.0,90.0,0.0782841239125029,0.0777658333537897,0.07805402458127138,-1.337675348643309,-1.354750928942298,-1.4303930159601055,0.6239944829070482,0.6236219413351604,0.6222269422282429,19.97188126498697,19.973459136629877,19.966796190855497,0.6784793404823032,-1.277180112019705,0.14001822996993,0.1786401632369452,0.24285016454513864,0.2429627485680257,0.24285129535356303,0.07819905497557497,0.07797888867809455,0.0780476207673211
50.0,50.0,20.0,-60.0,0.2193028416317014,0.2130029433618123,0.2167125074407422,-0.5210486792400891,-0.7855199276446666,-1.4917743331381008,1.709777906049879,1.7118466182808265,1.7100811785848844,6.33153898332243,6.328195748154487,6.32674368473859,0.7149714928389175,-1.287052263472537,0.16184329274694265,0.2361686184223471,0.11077096022902576,0.1106767140348487,0.11072298368827758,0.21689356191588183,0.2169281470632467,0.21666846974262943
90.0,0.0,100.0,-60.0,0.2345340699944484,0.2341052067735197,0.2343056723364614,-0.2084760274748058,-0.2102374238532508,-0.5044974839250563,1.844068314388253,1.8439966300909387,1.8432815241549731,26.83455414982638,26.828075410512955,26.819576867433693,0.6345961448555346,-0.5206606867521648,0.837923184895279,-0.01596979629477801,0.29908485776066274,0.29893243103116274,0.29892044588786243,0.23437461979405777,0.23426865767417168,0.23429078678025334
0.0,100.0,100.0,0.0,0.2118657978504375,0.2100339730961095,0.21106596559207494,-2.07341886084973,-2.0937626081384417,-2.085200378557353,1.6776306996179118,1.6820011959253314,1.6791227231776378,30.212579985108434,30.219272320041206,30.21257218777322,0.7785098420441033,-2.0214286154605,0.010913942749682031,1.00011064351043,0.39825368744394707,0.3985078315911661,0.39788448213786887,0.21120706822925697,0.21140026258384173,0.2108647711643038
0.0,20.0,90.0,90.0,0.0552097274859711,0.054669792111074,0.054994667014201026,-2.0706201401088413,-2.099840884711616,-2.0851239098000502,0.4458390144731242,0.4488694006859396,0.4472131780192793,25.466224091082015,25.469123931126536,25.446972899096636,0.6791449760543936,-2.0262614013022464,0.0023678066939013484,0.19996790110061707,0.3044995304278529,0.3045855974485211,0.3041281336770626,0.055072164459629966,0.05526245757000682,0.05487253603549997
50.0,0.0,0.0,90.0,0.1486340638755503,0.1444631513339966,0.14648796991933974,2.268732254162502,0.4825011151163207,-2.0903691506450013,1.1544107040824991,1.1545525249103235,1.1581173133379272,1.8364428245597408,1.8374666244033893,1.8429927039696,0.6453124449701564,-0.5221886034343035,0.0005377150768735823,0.10094730986179087,0.0586151554048308,0.05872346018092464,0.05855339864951735,0.14624726233165278,0.14672697406614524,0.146705136713569
50.0,20.0,30.0,120.0,0.1669669229770425,0.1629811173155004,0.1654521894630577,-0.456864875946499,-0.5655333502664152,-1.1047679535323225,1.304753407820649,1.3057874321625291,1.3058239040028254,8.455415126211367,8.447091755523365,8.45433035714249,0.6750696220906218,-0.8936880611762084,0.18637342891768258,0.1227008197436809,0.11311558696485607,0.11299519497607384,0.11319972914569666,0.16548177950148216,0.1656107564024813,0.16548773988125928
20.0,90.0,10.0,-30.0,0.2681425344892956,0.2567341670000024,0.263331332763705,-1.635911074513873,-1.8196835221040577,-2.005074908467224,2.094754306022219,2.093805319523666,2.0934662541270823,5.8663012599997435,5.846152798907868,5.84649602481828,0.7655278986850785,-1.7768164079197073,0.03719324937067103,0.42223323343310526,0.13444777347035003,0.13401437232267566,0.134362777057504,0.26536871052572314,0.26518293972991047,0.2653089110350187
50.0,50.0,120.0,-90.0,0.1451069398853874,0.1418181943347958,0.14342693929526965,-1.1861697530420905,-1.2123021341763076,-1.3045099857998879,1.1425737089360082,1.1443572781095348,1.1416435462782557,34.28829863633517,34.280998790628445,34.262722387850815,0.7149820200524383,-1.2870673309637894,0.50620024294328,0.5001232357852888,0.4161765880489587,0.4157626485760288,0.4157430021164376,0.14376016001810693,0.14363840986129353,0.14337744687826723
0.0,50.0,110.0,30.0,0.1087667401631095,0.1069958448221982,0.10794386253625242,-2.0765112834006274,-2.0881971041199776,-2.0836429802251146,0.8697062946773668,0.8681992630744881,0.8676624990095271,31.687966540632207,31.674055748377828,31.674276527611646,0.7187172303236241,-2.0572513802815084,0.006985055157503557,0.49995426991616454,0.38882022889873513,0.388768230210435,0.3882966452058366,0.10816614503540833,0.1079299429095164,0.10810832437734563
20.0,0.0,70.0,120.0,0.0535457654727057,0.0529735603978884,0.053252723312446584,-0.710867176892631,-0.7338919026915972,-0.810758346223381,0.4228257860628948,0.4211458138568822,0.42339471417522395,19.422982797571144,19.420554963577796,19.421312029842007,0.6492905343418074,-0.5217752697370182,0.1374525185595836,0.04055289626064548,0.22485494066073822,0.22470791140937335,0.22487343431126222,0.05316578909278443,0.05325588697471977,0.05347438809364058
90.0,20.0,100.0,0.0,0.2420674752411435,0.2387974066102086,0.24073064633332403,-0.4425419400834143,-0.4520518937034684,-0.7423011950861097,1.8969621176402707,1.898137351070249,1.8982942740375262,27.532003371688457,27.524899861677707,27.51772024472178,0.6658515926585167,-0.7392330937283146,0.9025937707036402,0.2005444866764614,0.3215755971534881,0.3213874813574964,0.32154914698673887,0.24073082767112802,0.24089245195623704,0.24075115055502666
0.0,100.0,20.0,0.0,0.2685791638450766,0.2671705476267522,0.2677409929592769,-2.0622193730274,-2.0697405360966714,-2.081876645803039,2.119435528732991,2.1143608190010363,2.1110832970287174,8.74311215192331,8.7406134621172,8.728443871699815,0.7785098420441033,-2.0214286154605,0.006857548111930478,0.5351001177598848,0.16782913808500674,0.16811141757753664,0.1677120007854111,0.2682770442995262,0.26718532095003295,0.2678146357961195
90.0,0.0,60.0,90.0,0.2492139261871686,0.2478175513495713,0.24885279250075196,-0.0705385004853424,-0.0841438359212752,-0.6125592862627852,1.9594013419112337,1.9596417756186215,1.9590867413188353,15.469556100727383,15.467223998038952,15.46396529587685,0.6345985081197228,-0.520659588644016,0.5055364910494078,0.045199905236826536,0.17035667827847623,0.1701858659803446,0.170409068465799,0.24890435567229385,0.24886120496407518,0.2488382058333085
0.0,90.0,110.0,60.0,0.1817724558634045,0.1799468865983714,0.18096263391921752,-2.0675994054580302,-2.0863169236551085,-2.0792844120257414,1.4460153634617374,1.440468696742253,1.4448156173584614,32.60666038783821,32.59930377455874,32.59018886844809,0.7665320191074287,-2.002511187159981,0.015344145514898707,0.900181569269904,0.4177412584525535,0.4176438468046781,0.41737043449926386,0.18092795385244903,0.18081098385103972,0.1814834921944007
20.0,20.0,0.0,-60.0,0.1262329586157317,0.1078450349069711,0.11730118405222387,-0.3436420058323309,-1.1060290496377247,-2.0893974677916676,0.9522753059826035,0.9555328758926185,0.9533923641979972,1.8911155228962901,1.903835161052098,1.890331028185226,0.6784659502726496,-1.277134588973311,0.0005275392251208877,0.07241651348332656,0.05726618101918301,0.057638844308062924,0.0569723374197415,0.1209049140316164,0.12110433373285655,0.12062780397886527
20.0,20.0,50.0,-30.0,0.0893459671094843,0.0887504475242541,0.08904945685227265,-1.3390665228344774,-1.3697148640851484,-1.4778075074725772,0.7075230693836996,0.7081806571725525,0.7080518242091144,14.584453015715317,14.585176324571334,14.5845033505231,0.6784793398572765,-1.277180108679013,0.11340605481177841,0.15987582428786307,0.1842247347266425,0.1844740972119355,0.18442566017619244,0.0890564956607375,0.08912012988932448,0.08905599707000078
90.0,0.0,50.0,30.0,0.2608532919854515,0.2575190691108873,0.2598632502919108,0.0706601157624444,0.027965359611106,-0.6377982772265249,2.046350169223388,2.0465577893495426,2.0456559234442118,12.346121632497303,12.343612229666606,12.341345386372831,0.6345985081197228,-0.520659588644016,0.4082488635321665,0.04708023899726202,0.13218366022136727,0.13220650207383428,0.13222201541739156,0.25998627664912893,0.2598998275256483,0.25987619038844256
0.0,100.0,120.0,120.0,0.1869616242865599,0.1851398015329106,0.18605399833073602,-2.083983963478353,-2.091698590207133,-2.088706233707461,1.488108117800403,1.4853033351466303,1.4864352625550772,35.39562536861964,35.39409410538657,35.38332496780003,0.7785098420441033,-2.0214286154605,0.007470326876972405,0.998908142311477,0.4509027945902873,0.450705458154496,0.450728816720651,0.18629159921340463,0.18608581703196725,0.18643101787723426
50.0,20.0,80.0,60.0,0.1321920669672266,0.1319313690817945,0.132084227586458,-0.7826054543684464,-0.7860982161668347,-0.9696666746593826,1.0460263062590698,1.0447510731555365,1.044254167669631,22.509329548168,22.509838043468328,22.506811214217414,0.6750696220906218,-0.8936880611762084,0.38397537024286604,0.18349400125190155,0.26949263326302314,0.2693386846936962,0.2694117429946579,0.13218881142002403,0.13197139651359852,0.13214406564005696
0.0,90.0,70.0,-30.0,0.2407475738801273,0.2392973406193045,0.240059721887087,-2.069944432702806,-2.084691961538466,-2.0809540833519873,1.9022378443820283,1.9055710496886744,1.9035138469362325,22.2365553417472,22.237118073036978,22.220106184091264,0.7665320186783737,-2.002511186161843,0.012800743388518538,0.8998243239499549,0.3144358475712874,0.31453719088917564,0.3142624981274218,0.24014501922837644,0.24030269330302192,0.2398796544555105
20.0,20.0,120.0,0.0,0.0618986668448626,0.0589336139913171,0.06059517085972971,-1.2459360556671992,-1.2721392276957406,-1.3023019150869317,0.4908728271625308,0.494098306646457,0.4926605926209453,33.623505620907466,33.63208322027607,33.6311973842061,0.6784793404823032,-1.277180112019705,0.204330313167154,0.2000289742951863,0.3940162091290484,0.39423503744927496,0.39409787986789296,0.06086313726851193,0.06108054796392187,0.06070097708559158
50.0,0.0,50.0,30.0,0.1407853510175799,0.1392167790489067,0.14025300912497904,-0.3394840314378136,-0.3627799342990964,-0.6975887944282547,1.105426675182845,1.105886737887834,1.1043548083346701,13.575672911023782,13.576100274383224,13.561710799891449,0.6453124449701564,-0.5221886034343035,0.2593343263889487,0.04563011128320725,0.15670823590685667,0.156773723879283,0.15670692199757985,0.1403796419578099,0.14023854198395186,0.14018098672473
50.0,0.0,50.0,120.0,0.1411104750426728,0.1394944346851187,0.14056925134536802,-0.339527608814001,-0.3634155991612292,-0.698502209666221,1.1079018520059984,1.1084103394920521,1.1068523920718158,13.575565897135817,13.576229352510625,13.561731569651094,0.6453124449701564,-0.5221886034343035,0.25992939182756125,0.04598467977173798,0.15674919725727035,0.15679599099336727,0.15675873100468787,0.14069650478885434,0.14055814405193842,0.14049454491123484
90.0,20.0,70.0,-60.0,0.2355640155909952,0.2348510416020424,0.23529275822691498,-0.3857650533869918,-0.3907844482994583,-0.8004162680372373,1.8548047635178162,1.8552124111132793,1.8539075589474467,19.11393724171453,19.115946507140183,19.11048365438675,0.6658462268543818,-0.7392339083690829,0.6135805741053163,0.174320290396348,0.22664717112125052,0.22662073015924922,0.22642465459501543,0.23540048965293764,0.23528485391258414,0.2352303170861969
0.0,90.0,30.0,-90.0,0.2423274644136522,0.241918865326737,0.24216513588026561,-2.084530357598883,-2.089785653491841,-2.0891512466610878,1.915035813565654,1.9136421716732537,1.9150120783767206,11.18001135413649,11.179280529077097,11.1731982608152,0.7664693372390758,-2.002355408314548,0.0030334277131618876,0.5461667051688548,0.18888469503312905,0.18883170262103474,0.188754501550411,0.24211711108827744,0.24211608207751967,0.2422787172015501
20.0,50.0,110.0,60.0,0.1175757703379346,0.1157617191823671,0.1166417487861197,-1.653656928156272,-1.6652533227009976,-1.7076389886816714,0.9332541905612564,0.9377368097205319,0.9359103486656873,31.667805375353172,31.68430046000582,31.674908284257327,0.718145790998976,-1.682010494824096,0.20526885259822303,0.49997699409295776,0.3886437550997681,0.38874851467435784,0.38853595574852023,0.11674984491308191,0.11706945498629358,0.11651222190743044
0.0,90.0,100.0,-30.0,0.1942121990066476,0.1923186044995088,0.19335643934173305,-2.0678188016428733,-2.084652091141807,-2.0793133948728304,1.5387231171935742,1.5422650066875188,1.5391218643846194,29.98797519212719,29.988781395076476,29.98264588383086,0.7665320189342353,-2.002511186760986,0.015290190273002694,0.9000198192121093,0.391205411004802,0.39140926417583627,0.39091124845884007,0.19355882051069653,0.19360261048868327,0.19317372181094317
0.0,100.0,120.0,-60.0,0.1869616242865599,0.1851398015329106,0.18605399833073602,-2.083983963478353,-2.091698590207133,-2.088706233707461,1.488108117800403,1.4853033351466303,1.4864352625550772,35.39562536861964,35.39409410538657,35.38332496780003,0.7785098420441033,-2.0214286154605,0.007470326876972405,0.998908142311477,0.4509027945902873,0.450705458154496,0.450728816720651,0.18629159921340463,0.18608581703196725,0.18643101787723426
20.0,20.0,90.0,-30.0,0.0788221891642782,0.0775817985280976,0.07828033616005178,-1.2163295316052003,-1.241719726838666,-1.3042681685354054,0.6265553124906994,0.6264357015422133,0.6262923550340347,25.420794238450394,25.425055518522615,25.41565784074151,0.6784793402143845,-1.2771801105900316,0.20220157248453216,0.19986853677793992,0.3037057647135383,0.3035386197758969,0.30349522706858195,0.07835548889824971,0.07832994028185442,0.0783420750437049
20.0,90.0,90.0,-90.0,0.2140423977375888,0.2126467809010185,0.21326663467469453,-1.7900692771780642,-1.796411044070144,-1.860269263723225,1.6941428200077948,1.6972698382330076,1.6945991698657927,27.349368102712774,27.35023573290709,27.347551228696503,0.7655089297341843,-1.7767682792472095,0.21616443680344682,0.8999411614542884,0.3640864335790823,0.36410674392157105,0.3639960376476582,0.2134370917190828,0.21346658170422983,0.21309460389976262
0.0,90.0,50.0,90.0,0.2227230955324886,0.2223635466708916,0.22256206649685173,-2.0902837191111927,-2.096239346743572,-2.0925718898004217,1.7629026458112476,1.762474159907683,1.7633154722603568,16.457674017583138,16.457452192332315,16.44698851699593,0.7665320191074287,-2.002511187159981,0.0015070524041578685,0.6489314368061776,0.24428337459172939,0.24403554982638478,0.24404542079382271,0.2225176846641034,0.22257790702503466,0.22260551690067962
0.0,50.0,20.0,-90.0,0.1660611491214865,0.1652880443891495,0.16568906337069922,-2.0872215482462977,-2.09799531027206,-2.0919857044668855,1.312383314869959,1.3093657779165386,1.3079909511664072,7.492646380989541,7.4835012933908684,7.483657730160325,0.7186445168200026,-2.056970140407591,0.0006703782987029129,0.25213245437640264,0.12757145305060474,0.1274007149943205,0.12745112942256867,0.16594493948126318,0.16538341735920026,0.16576970666827437
20.0,50.0,10.0,-30.0,0.1841803356469878,0.1817026859080544,0.18314974141789242,-1.232758295002384,-1.4606042173085385,-1.8657367409437036,1.445595014086876,1.445471190283378,1.44672073342539,4.610393798729447,4.609018107439738,4.605414526385739,0.718145790027208,-1.6820104914594776,0.04772736309087389,0.2059653722769922,0.09728669519504377,0.09718421033118885,0.0971677751405474,0.18308316559402074,0.18322823881126415,0.18324515675449055
0.0,20.0,0.0,60.0,0.1146695438390548,0.0940801291970255,0.10493941584941725,-1.9606991085464185,-2.1290075424525625,-2.088001224234635,0.872823250325052,0.8741277981986958,0.8735750779352277,1.8907559504518483,1.8905992170265173,1.8867240502061713,0.6791449760543936,-2.0262614013022464,0.0005433338963282577,0.06399182932208067,0.05700572542818861,0.05713288629924835,0.057148443342196015,0.11065235395400869,0.11083004356964321,0.1107006069076819
50.0,50.0,120.0,90.0,0.1451069398853874,0.1418181943347958,0.14342693929526965,-1.1861697530420905,-1.2123021341763076,-1.3045099857998879,1.1425737089360082,1.1443572781095348,1.1416435462782557,34.28829863633517,34.280998790628445,34.262722387850815,0.7149820200524383,-1.2870673309637894,0.50620024294328,0.5001232357852888,0.4161765880489587,0.4157626485760288,0.4157430021164376,0.14376016001810693,0.14363840986129353,0.14337744687826723
50.0,0.0,60.0,-30.0,0.1353605423480645,0.1343629126028366,0.1349470327085797,-0.3826983019229737,-0.4017408639760256,-0.6683962785609321,1.0653232260387964,1.0633946114793578,1.0617963963267907,16.403256462300433,16.393425957173104,16.379936662312964,0.6453124444251865,-0.5221886026504816,0.3014308379946125,0.04397313117903685,0.188977418809471,0.18891909483814007,0.18858757265285045,0.13518472356316127,0.13472691062067796,0.13496821211409993
90.0,20.0,100.0,30.0,0.2420666097401247,0.2387867383626056,0.2407292625388585,-0.4425421216924664,-0.452072143152837,-0.7423066956220621,1.8969525529287523,1.8981282272487503,1.898285520851256,27.532024738309946,27.524921278559106,27.51774239833164,0.6658515926585167,-0.7392330937283146,0.9025879219250668,0.20054808008384642,0.3215762116395312,0.3213880830887031,0.3215497869538843,0.24072960895652315,0.24089133575753924,0.24074997919130467
0.0,20.0,50.0,90.0,0.0728112251937967,0.0722433466758609,0.07252231082580027,-2.0875658564449915,-2.113395167570208,-2.098354628609152,0.5780641870824591,0.5803228203068935,0.5800063471682845,14.641565610332838,14.646613392973288,14.64595132078605,0.6791449760543936,-2.0262614013022464,-0.0005223666443707893,0.1605469022234588,0.18519661530080553,0.18538143193101117,0.18508410768667316,0.07246806246758797,0.07271085896405963,0.0724254176702205
90.0,0.0,90.0,30.0,0.223393670368442,0.2231403396570793,0.22327891554830545,-0.2454894094403637,-0.2493773529040013,-0.5599981757213779,1.75799694703231,1.7587239103766974,1.756570932722308,24.222364546984906,24.209620266757508,24.206935346983432,0.6345985081197228,-0.520659588644016,0.7268089024608013,0.026482490057669977,0.2724738888304414,0.2724500571994141,0.2722659231172914,0.2234462240467078,0.22324489826413035,0.2231785661707441
20.0,20.0,50.0,60.0,0.0893508867076132,0.088790788506091,0.08906176758018643,-1.3360563460406365,-1.3674538105281604,-1.4752279397956305,0.7075367754640876,0.7083927728773317,0.7080197593931961,14.582901323201336,14.583032266222355,14.583052007124653,0.6784793404823032,-1.277180112019705,0.11379817874047486,0.1595562318924905,0.1841856616780171,0.18442267331253795,0.1843694354961876,0.08907810010087983,0.08913612059958886,0.08904636709832686
20.0,50.0,90.0,30.0,0.1369269896861358,0.1350583406106449,0.13617353810986518,-1.6272372238813433,-1.6527694760083211,-1.7098076532453366,1.0877573025202223,1.0834794689165772,1.08674570614939,26.34567954051507,26.339566854582667,26.338863433501086,0.718145790998976,-1.682010494824096,0.20311803587686392,0.5000082753834815,0.33227309868548927,0.33210444933225175,0.33213041915690816,0.13616774021792463,0.1360593001861303,0.13657244167716812
50.0,50.0,120.0,120.0,0.1451069398853874,0.1418181943347958,0.14342693929526965,-1.1861697530420905,-1.2123021341763076,-1.3045099857998879,1.1425737089360082,1.1443572781095348,1.1416435462782557,34.28829863633517,34.280998790628445,34.262722387850815,0.7149820200524383,-1.2870673309637894,0.50620024294328,0.5001232357852888,0.4161765880489587,0.4157626485760288,0.4157430021164376,0.14376016001810693,0.14363840986129353,0.14337744687826723
20.0,90.0,50.0,-90.0,0.2277187781721299,0.2271261693775292,0.2274404438131416,-1.7701810929159567,-1.7789070326180414,-1.888832526724114,1.8023789835288422,1.7972733499888767,1.8035236586610814,16.409817521449447,16.403321704155367,16.403832149859333,0.7654799851590138,-1.776711682008678,0.13513313638851426,0.646703056529703,0.24316736645600298,0.24312863751882147,0.24316059417060482,0.22712746635434453,0.22729573758268376,0.22793742394877264
20.0,20.0,80.0,30.0,0.0736686741712015,0.0730747487298169,0.0733304795080921,-1.324719953761937,-1.3441289359592536,-1.4059909194079045,0.5864128259654869,0.5898877824809751,0.5853771667566883,22.69878257335256,22.694542730356954,22.68105619511703,0.6784793404823032,-1.277180112019705,0.15227833612301503,0.1846984470135776,0.2727316452357498,0.27307684156180456,0.27262409144859884,0.07359762010706429,0.07345442296384216,0.07302386146832486
50.0,0.0,60.0,-60.0,0.1355528070316077,0.1345626915767891,0.13515131638971076,-0.3824394462937205,-0.4015517072184777,-0.668507712135279,1.0670392395484687,1.0649413773296423,1.0633546815930812,16.4027884653738,16.39263535560748,16.379099354375718,0.6453054927027232,-0.5221906805738954,0.301874415310282,0.04407205159975051,0.18897094966096054,0.18890419208772435,0.18858133806628585,0.1353947077285951,0.1349171077683259,0.135180087311163
20.0,50.0,60.0,60.0,0.14211346815669,0.1415406241607125,0.14187318478145614,-1.6611354570821195,-1.670939490193616,-1.7607861926350947,1.1252216893361564,1.1270970668771445,1.1291198354142078,18.104310909767246,18.101120891495903,18.098393470635955,0.718145790998976,-1.682010494824096,0.13349463164740774,0.38448313186664046,0.2395886600155634,0.23988442031167997,0.23979954738799997,0.1416422367978608,0.14213459521032842,0.1418923926281444
0.0,100.0,30.0,90.0,0.2621038901459513,0.2615491100748032,0.26180551523433715,-2.0990982343868985,-2.103326614332803,-2.096191442072742,2.0707218647544345,2.068920575674477,2.0688481809287507,11.414476698014326,11.411755664788256,11.408378656637577,0.7785098420441033,-2.0214286154605,-0.0009063283507988964,0.6144951825316972,0.19645002129451145,0.19639092920386098,0.1962878073628777,0.26189960783663785,0.26165693196740675,0.2618858059109835
20.0,90.0,70.0,-90.0,0.2479355575734342,0.2462883196749839,0.24730337867409835,-1.7556776610581686,-1.7725093959998364,-1.862242071634026,1.9597554545733313,1.9608997764643255,1.9603104565128786,22.18259679456873,22.18583325920083,22.171791848837128,0.765494733120868,-1.7767392846805787,0.21341745146283142,0.899867929563608,0.31374621902950817,0.31370704536295835,0.31354894341012685,0.2473633872411496,0.24743475557338324,0.24729049051227756
50.0,0.0,60.0,60.0,0.1354773138335319,0.1344822095660655,0.13507405059422475,-0.3829833584368646,-0.4019556913554644,-0.6689241499820933,1.0662857604117646,1.0644745146344643,1.0627717144482898,16.403502930637266,16.394118018758387,16.380374881800442,0.6453124449701564,-0.5221886034343035,0.3017250470825634,0.044178150664552655,0.18899026823517048,0.18893687205480258,0.1886088755623811,0.1353158797219721,0.13485943199960415,0.1350859417597948
20.0,0.0,90.0,90.0,0.0482503973507289,0.0477698332035784,0.04803266805776064,-0.6094459574187412,-0.6330323544299441,-0.6852193039487505,0.38096368643156614,0.3803820541526751,0.3804614743357797,24.862864387913465,24.85984897659634,24.8591567173338,0.6492905343418074,-0.5217752697370182,0.1619418512374002,0.02637529650526108,0.285025220010283,0.2854016221090217,0.28495923350866825,0.04807978674364065,0.048042223305465086,0.04810750500311343
50.0,20.0,90.0,90.0,0.1309779004579143,0.1304058546230057,0.13065738940287164,-0.7502742886982159,-0.7562771869121818,-0.9201320105785293,1.034489117395096,1.0344558738273382,1.0322693218539556,25.213668714638267,25.211016197564415,25.2023114710484,0.6750696220906218,-0.8936880611762084,0.4307243269379854,0.1801920769693645,0.29859429850042307,0.29870688891241354,0.29863276808858585,0.13085013582665866,0.1305753972403817,0.13058885592305375
20.0,90.0,50.0,0.0,0.2274499775492812,0.2268856857644981,0.22724216085645135,-1.7755776146086446,-1.7823574733844347,-1.8904605328927349,1.799803055215858,1.796602061593375,1.8020412141890416,16.40895269184677,16.40352541005422,16.403175138354293,0.7655278996474294,-1.7768164101630861,0.13394283693632703,0.6462959175494307,0.243145058812172,0.24314348226827448,0.2431816255228568,0.22692290878236476,0.22722094697006714,0.22762514126900016
100.0,0.0,60.0,-30.0,0.2671346022121879,0.2664250498297491,0.2667605361097668,-0.0233633184730389,-0.0332116149654827,-0.6080210430164635,2.09998644576672,2.0999127970848463,2.1003084933282326,15.265504662886713,15.2592616933333,15.260731328590973,0.63205277232036,-0.5205954226814008,0.528751669877654,0.04483990734252426,0.1660731150963536,0.16602262903069107,0.1660971416534092,0.2667209335435422,0.2667618892497943,0.26677243844456483
0.0,20.0,60.0,0.0,0.067163349269646,0.0667234142819571,0.06695074685545678,-2.095739212478879,-2.105633541801962,-2.0997701994219966,0.5351084159591214,0.5367547433486489,0.5391502374270647,17.322985257538473,17.333850074778532,17.32157421389414,0.6791449760543936,-2.0262614013022464,-0.0007587878595055717,0.17165610895840447,0.21427077450202892,0.21476401297272935,0.2144932255805572,0.06670977509408237,0.06721298090328232,0.0670270273277367
100.0,0.0,70.0,30.0,0.2627470396340838,0.2617787885639576,0.26255998334957986,-0.1046524345682688,-0.1140738139743847,-0.5896438895921959,2.0672292983986695,2.0670632137577654,2.067170117592555,18.253455539556374,18.248506645983504,18.245620136828396,0.6320527728863933,-0.520595423050527,0.6317196336803081,0.04183477281590042,0.20177150440794675,0.20164856303293321,0.20172149425876862,0.26258184708773213,0.2625704243051521,0.26259639924271305
0.0,50.0,90.0,90.0,0.1267542245676815,0.1253633083157548,0.12600753546019614,-2.0732480221000604,-2.099674666238164,-2.0860308612155607,1.0063318417927523,1.0062665454416386,1.0087542038761779,26.368682386482163,26.364329235886014,26.356553376425563,0.7187172303236241,-2.0572513802815084,0.0048927310629758676,0.4999845476582296,0.33242781628631096,0.3324658855915165,0.3325087083098765,0.12586997389358265,0.12617110273613688,0.12618550928222602
0.0,100.0,80.0,120.0,0.2429111705906852,0.2412492738669136,0.2420234237148021,-2.088529805479318,-2.0944323000890632,-2.0911391370470076,1.922360567349536,1.9209585638953963,1.920167378120184,25.04198335491686,25.033350692899287,25.032981385379628,0.7785098420441033,-2.0214286154605,0.004535641433916314,0.9998987923056192,0.3464428689990832,0.3464120314911835,0.34623135329146804,0.2422093077982136,0.24193815288237125,0.2421066530604668
100.0,0.0,20.0,30.0,0.2871867846811043,0.254134982958748,0.26601750952030656,2.702190034021446,0.7862331730077826,-2.44419778095938,2.0935503597075056,2.096246425041561,2.1003797432630287,3.7504013691602838,3.771954120958913,3.7757010549947085,0.6320527728863933,-0.520595423050527,-0.07640151793328154,0.17396810743440072,0.07060509535636036,0.07060535189596137,0.07086071453011197,0.26564115116691145,0.2665054389117639,0.26616073378457783
50.0,20.0,0.0,-30.0,0.1686494994051915,0.1675894074103111,0.1681756306777451,1.827034616138763,0.1092846477486788,-2.0912893658437204,1.3278077959175671,1.32438845924363,1.3281268366194452,2.046883552703697,2.0488186767544643,2.045380119754168,0.675069621003255,-0.8936880587383831,0.00045829736855217904,0.132637999379522,0.0666444845246851,0.06676260228281573,0.066519358890693,0.16802845955508067,0.16806906402200436,0.16850513160290545
0.0,50.0,70.0,0.0,0.1274776617161459,0.1270072122708771,0.12718628455105302,-2.0914628166861085,-2.105459552587964,-2.0972630275989697,1.0159941332952276,1.0120133563906208,1.01291141575083,20.81753143428565,20.81560836946013,20.808159646009848,0.7187172303236241,-2.0572513802815084,-0.0008112703277040246,0.40978425500710275,0.2696632008494432,0.2694541384530486,0.26962675608163605,0.12728207989490564,0.12690450790391034,0.12740506076574445
20.0,90.0,0.0,120.0,0.2680991373802134,0.2663437837066199,0.26722243296631815,-1.948679768793568,-1.993435609455176,-2.0913670575483114,2.1083557016784846,2.106721848896837,2.1088430009443795,3.2107262180202176,3.2153318575047347,3.2133966722794916,0.7655278996474294,-1.7768164101630861,0.0010704845913743677,0.33274844587533703,0.10453327058466476,0.10468670475697815,0.10463986156884038,0.26713689952086256,0.26719252523719805,0.26740214827400294
50.0,0.0,40.0,-60.0,0.1469266474941251,0.1449208604161244,0.14627604712479797,-0.2601702253301997,-0.2955297816496531,-0.7313461402768701,1.1522658507084242,1.153214869425255,1.1523468993792558,10.72349809310144,10.72197470156239,10.719160222897655,0.645303282008728,-0.5221913839106028,0.21279790850192906,0.04496256616570024,0.12446611474334504,0.12455110972575154,0.12447156517886486,0.14635210831924783,0.14636426414908998,0.1462414376776822
100.0,0.0,120.0,60.0,0.2245967966499891,0.2229819193617176,0.22380453553490948,-0.2846490746704195,-0.2961627380385138,-0.5235953864515763,1.763311076345296,1.7590970376177615,1.7636979371634571,32.61771008958458,32.62255920854116,32.60897036680524,0.6320527728863933,-0.520595423050527,0.9825377657753196,7.3365249634237045e-06,0.3673581434117991,0.36722680204700536,0.3670945219491181,0.22364850375992243,0.22372852640904592,0.22422445439607108
50.0,0.0,40.0,120.0,0.1469758110658991,0.1447687009032355,0.14629924528889882,-0.2615103571944772,-0.3013233943549411,-0.732548068032518,1.152568799879681,1.1532853477307015,1.1525470442177057,10.72519758759026,10.724561844794065,10.720630031909725,0.6453124449701564,-0.5221886034343035,0.21290059465177003,0.045251673998841745,0.12452851068409385,0.12461374994846572,0.12452824637417091,0.1463737667445774,0.14637474534361214,0.14627913768591724
100.0,0.0,30.0,120.0,0.2831524568073164,0.2611543429172476,0.26791437511788885,0.825951238510473,0.4401750556364472,-0.9830449162329572,2.1202213344932597,2.1163555572206127,2.1180972492990726,5.495912933196422,5.513506623143278,5.511580456774238,0.6320527728863933,-0.520595423050527,0.11558405355619285,0.061809933921111164,0.047492652750755024,0.047885448462214424,0.0478134576666199,0.26907942876063096,0.26877580448315896,0.2693120074180913
90.0,20.0,0.0,-90.0,0.2605752272218898,0.2596230432493302,0.26019920440538974,3.1387149800527943,-3.1388533001455903,-2.0913623284051748,2.053766715321463,2.0530382079799128,2.052969999921031,3.1836031432352594,3.182761897728822,3.179452398800776,0.6657710257245,-0.7392963002997404,0.0010297889070539573,0.31996779385565544,0.10340436441569534,0.103320736999069,0.10336266232355183,0.26032377938585083,0.2602144890422622,0.2603030748949113
20.0,90.0,0.0,0.0,0.2681603644441917,0.2662532655928841,0.26722472500198313,-1.947895981905587,-1.9919249868590951,-2.09136659359347,2.108212220247495,2.1070730204529933,2.108733756310116,3.2108626204928834,3.2162952295446785,3.214765721252773,0.7655278996474294,-1.7768164101630861,0.001072609372405954,0.33274882157753355,0.10453337233299403,0.10470201234248037,0.1046388028649394,0.2671595327568587,0.2672208265510721,0.2673652344385355
0.0,20.0,80.0,-90.0,0.0569607154228051,0.0562679571832031,0.05667668559043807,-2.0848008557870705,-2.12523206581855,-2.1045339731376154,0.45923807276189144,0.45979714817137196,0.4589662232881837,22.708659182067382,22.71275366888845,22.708203441209452,0.679114427929722,-2.0260047836970467,-0.0015299327132044188,0.18522464493432045,0.27320813925253185,0.2730516736594698,0.27283565863267845,0.05675655311351335,0.05673465559355585,0.056647218568593484
0.0,100.0,10.0,30.0,0.2681707093656768,0.2669537124896689,0.2674751455135975,-2.049779557611453,-2.0584679761941675,-2.0827366852991056,2.1095821125774274,2.111734465288435,2.1127288455786233,5.96753543844523,5.966075543787209,5.962190948183381,0.7785098420441033,-2.0214286154605,0.005140425719416208,0.433653324908078,0.13577979100960683,0.13571465389240744,0.13573828050207704,0.2672995513342538,0.2677217094958967,0.2674220115557458
20.0,0.0,0.0,-30.0,0.0863453837443504,0.0565259676238837,0.0722928523553682,0.2183757778379502,-0.7820888025894468,-2.0803488308439593,0.7189781003046161,0.7199229313390046,0.716702870551463,1.915419372201799,1.9306113472684614,1.9232552532290454,0.6492905332676265,-0.5217752662320012,0.0004656787940022563,0.05511967478916403,0.06065221226659959,0.060602988656231954,0.06053918031963738,0.09112575297608698,0.09084690502387373,0.09073795756726458
90.0,20.0,120.0,-60.0,0.2006765143881305,0.1996251137691315,0.20017593530910247,-0.5340040815238578,-0.5416784214969959,-0.7417593309196243,1.5799039245146294,1.5799988244031389,1.5798945712679682,33.27617851698591,33.27245966126746,33.25682822481224,0.6658515926585167,-0.7392330937283146,0.9036419287295787,0.19998406561142132,0.387311380566634,0.3874119520454236,0.38707097631955045,0.20024761953173484,0.2002645653796691,0.20021594167541787
0.0,20.0,50.0,0.0,0.0728016024297317,0.0722322941237954,0.07251177559943227,-2.087394629439865,-2.113276695972817,-2.098230953792264,0.5779759646516273,0.580246522812676,0.5799205990624493,14.641407109530153,14.64646669272001,14.645820878994389,0.6791449760543936,-2.0262614013022464,-0.0005022801789909175,0.16051964810011948,0.1851919732631771,0.18537684862191467,0.18507954410254146,0.07245781958347297,0.07270079306632266,0.072413922162044
20.0,0.0,10.0,-90.0,0.0831853181745889,0.0636618947066923,0.07341380061853305,-0.3391102400842673,-0.8703108693840446,-1.3024655263068725,0.6525851164534755,0.6561361734653934,0.6584121880092307,3.298906974082038,3.296782910398916,3.299024052302037,0.6492133779848303,-0.5218835759896087,0.027642942431633205,0.04256866477578888,0.060912908459925745,0.06076268898037162,0.06084032787038679,0.08269765879799008,0.08343017790079198,0.0829485939992609
20.0,90.0,20.0,120.0,0.2589193216471268,0.2576108376777364,0.2581981707969964,-1.5857060710250943,-1.6603145877798098,-1.9082585859020058,2.038847165210049,2.0392173944964034,2.04006520487952,8.394599988380406,8.387821865313011,8.384897342383884,0.7655278996474294,-1.7768164101630861,0.09074529679675976,0.48258608354812743,0.15949226330408817,0.15949576893736186,0.15937559206258378,0.2581322126376841,0.25828592754198776,0.2582313696165066
20.0,90.0,60.0,-60.0,0.218127501464847,0.2176290510292648,0.2179317411920007,-1.7971099587673889,-1.8027071357395312,-1.8894876741858206,1.7267821581828715,1.7280586562089877,1.727575411653399,19.066197636512605,19.071296955322662,19.057226019755177,0.7655220145750886,-1.7768049673580018,0.14409939434310876,0.6913593510325144,0.27134284969189865,0.2710981832231194,0.2711164655159723,0.2179372008561369,0.2180277985318748,0.21785676103977705
50.0,50.0,80.0,-30.0,0.1674092283796703,0.1667006124068121,0.1670982593022008,-1.1501459242517729,-1.154406302988077,-1.331710853605985,1.3234751944426946,1.326607142344675,1.3249044393642435,23.2996076319985,23.296940425889332,23.284216543139113,0.7149820196906589,-1.2870673300887276,0.40700580865332303,0.4254732351166455,0.2946071657826369,0.2948998540856491,0.2947275280302618,0.1671244225060336,0.16731499854434403,0.1669162974749029
20.0,90.0,70.0,-30.0,0.2479354924524898,0.2462683851110276,0.24730082676383044,-1.7556781007431392,-1.7726501079593633,-1.8622581362861876,1.9597388807582259,1.960880868271446,1.9602932680758556,22.182596970026776,22.18583574368139,22.17178912518422,0.7655278992099868,-1.776816409143368,0.21339813267156887,0.8998595833958362,0.3137460368645547,0.3137067882848862,0.3135487655692981,0.24736111655202214,0.24743238887927715,0.24728843002063625
20.0,50.0,30.0,30.0,0.1660628104073409,0.1647988696201446,0.16556142951853384,-1.5618140032155137,-1.5957028242518927,-1.7822695436105638,1.3101870448204747,1.3080789599274427,1.3111962295052766,10.032714182073322,10.030728396010842,10.030675484219781,0.718145790998976,-1.682010494824096,0.09333420860195682,0.28930020304888787,0.1535017135834559,0.15359344968506983,0.15333934791731807,0.16538712785768855,0.16553477566410074,0.16578427005870697
0.0,100.0,50.0,60.0,0.2418193718532852,0.2413254718393931,0.24155762850354603,-2.0991930952435878,-2.105284075155789,-2.098213634370845,1.9131493040943282,1.9114649671562574,1.913717386478607,16.694105657616642,16.69510104103579,16.682465536779375,0.7785098420441033,-2.0214286154605,-0.002409805467790333,0.7257662866419894,0.25163602559862625,0.2514288382064126,0.25162044542332423,0.24145194727740107,0.2415316279067037,0.24171715103652483
100.0,0.0,40.0,-60.0,0.2675622249712039,0.2659558394216937,0.26672905765243143,0.3022880130129709,0.2146325216057172,-0.6825163880247215,2.100304007325301,2.0999110060388486,2.099121107969819,9.021548019321386,9.018616207350014,9.019135855705306,0.6320438302343792,-0.5206003222479063,0.2807044960118536,0.04553565738799298,0.08921917534727619,0.08927663400643727,0.08934075096983132,0.26681728708589403,0.2666725243917344,0.26671803718252396
90.0,0.0,120.0,60.0,0.2055650609513241,0.2040906198052616,0.20484168555308074,-0.3040439734951878,-0.3160919699200071,-0.5235935167382026,1.6128052455195814,1.6107089158152224,1.6147739253000615,32.705818383728136,32.703719486387484,32.69492154373118,0.6345985081197228,-0.520659588644016,0.9034477497106207,6.943156985937825e-06,0.3691625957245254,0.3690581681950716,0.3688893472764011,0.20465248751615425,0.20491634548457932,0.20515181442167096
90.0,0.0,40.0,60.0,0.2675868294821403,0.2659532958044601,0.2667502063741649,0.300276991827968,0.1909028143520373,-0.6892055505291135,2.100569368691271,2.1001003507323275,2.099290932574769,9.043090242284311,9.040120304425857,9.041041200623967,0.6345985081197228,-0.520659588644016,0.2831206555464835,0.04805863358720233,0.09005887700030296,0.09007660416901223,0.09014730951403928,0.26684551443822146,0.2666872313522032,0.2667416104531233
20.0,20.0,60.0,-90.0,0.0833670790092181,0.0829842787676953,0.08319701343655718,-1.3465130622709671,-1.3656953041981286,-1.4564872299090768,0.6618942168841299,0.6637569396652998,0.6626519834675918,17.27857313395205,17.281380184206785,17.26959176389596,0.6784359376766096,-1.2770381135456694,0.1266244082421488,0.17061233277872362,0.21373589192890016,0.21370248331738437,0.2135956203950432,0.08323674138719908,0.08331864194307365,0.08309242387356477
0.0,90.0,70.0,30.0,0.2407473686671855,0.2392800291056175,0.2400576247843351,-2.069936605750623,-2.0847129214073425,-2.080951379778515,1.9022236741837668,1.9055563378698939,1.903499557262616,22.236532444150622,22.237096137768326,22.22008430398614,0.7665320191074287,-2.002511187159981,0.012802655973199682,0.8998120855589887,0.31443511120541506,0.31453646883444397,0.3142617848062668,0.24014318093322293,0.24030083689927018,0.2398778676129507
20.0,20.0,10.0,120.0,0.1213469343530104,0.110544427100051,0.11522755161433276,-0.7850122613491016,-1.518637525597117,-1.6699721978126947,0.9106970244097817,0.9103500283572837,0.9104754383707022,3.663583741056094,3.6609712173839086,3.654362540226239,0.6784793404823032,-1.277180112019705,0.03749150545769977,0.08333193168193931,0.0672364709000441,0.0670696750405964,0.06705417574741696,0.11535265389382313,0.11532537814798638,0.11535545159824748
100.0,0.0,90.0,-60.0,0.244591570420773,0.2443160793941087,0.24449277056030247,-0.2121955140062346,-0.2152905462161232,-0.5579840366135649,1.924643112618727,1.9255022052269424,1.9238639809154159,24.08088787158687,24.079944049438037,24.066988251481447,0.6320492428156936,-0.5205972168377696,0.7880624177211365,0.027117514181254326,0.26979904507664293,0.26966774727300485,0.26937128056740395,0.24461033106067548,0.2445022843647661,0.2443886246442462
20.0,50.0,50.0,30.0,0.1496464891287591,0.1489897261848466,0.14939834079341166,-1.643379349479197,-1.6534246244590738,-1.7658520706673873,1.1867269269150111,1.182656724395688,1.185904736731679,15.420398362352806,15.410013452050293,15.415631600286467,0.718145790998976,-1.682010494824096,0.12181283245740211,0.3568527825697711,0.21126961097128905,0.21103314675224816,0.211386512522728,0.14932702793497102,0.14920879726330713,0.14971511648243258
50.0,50.0,0.0,0.0,0.2211011674672511,0.2202511151909357,0.22068099553815457,1.4008586870926143,-0.2656103044353698,-2.0913652340547766,1.7449350970576882,1.738493942421797,1.7395024402323087,2.679393408334942,2.6861059489053343,2.676996282762445,0.7149820200524383,-1.2870673309637894,0.0007415401092731706,0.2284275790956318,0.08727175418906591,0.08750768767621127,0.08717472731464075,0.22091177934931522,0.2202170145636306,0.22103762900129217
0.0,20.0,60.0,120.0,0.0671300510232697,0.0666885692697416,0.06691711277669311,-2.0953652178812576,-2.105384217709025,-2.0994705340690643,0.5348528637284078,0.5364853389621221,0.5388808178831455,17.32250188024968,17.33318328148264,17.321036261306737,0.6791449760543936,-2.0262614013022464,-0.0007071345532905544,0.17155960774628431,0.2142582695069268,0.2147502216019437,0.21448150746192943,0.06667682005031171,0.06717819677533435,0.06699395973789693
20.0,50.0,110.0,120.0,0.1175757475522157,0.1157617069499769,0.11664163348159595,-1.6536568800897673,-1.665254961946511,-1.7076402144333538,0.933253506745445,0.9377359512205558,0.9359095673198454,31.667805060142353,31.684299926353294,31.674907632265782,0.718145790998976,-1.682010494824096,0.20526782957814782,0.4999766755227588,0.38864374283823305,0.3887484968526946,0.3885359362398354,0.11674974593613803,0.11706934439926733,0.11651213280380422
50.0,20.0,100.0,90.0,0.1387215262349614,0.1356386471318181,0.1372693033491624,-0.7366042704241884,-0.7519013611818424,-0.9019764932011836,1.0849718151508108,1.0869767682570948,1.0862445088728285,27.99985759396034,28.0024628621086,27.9919504603029,0.6750696220906218,-0.8936880611762084,0.5040038332675194,0.20016117995146074,0.3305662553792769,0.3306341834335469,0.33039870783613257,0.13732585701027575,0.13748974178271345,0.13723152211942788
20.0,50.0,100.0,30.0,0.1265891135107297,0.1251226809378357,0.12580009197295455,-1.6409227037197436,-1.6578127414798918,-1.707649697388925,1.0065051237953622,1.0051652619170677,1.0068793395547564,29.00975931232621,28.99942267531227,28.996796794482538,0.718145790998976,-1.682010494824096,0.20480523798618216,0.4999884755329964,0.359757820366181,0.3594926681016345,0.3598201443028901,0.1258248421870544,0.12583311088646226,0.1260172946868196
20.0,50.0,70.0,-90.0,0.1350356932236474,0.1345224257729431,0.13477817544565496,-1.6671718767562071,-1.681576013301113,-1.7549858377269172,1.0724682741785638,1.0695957951860033,1.075910688513605,20.785806263020884,20.78178743602565,20.784556037589066,0.7181084759123283,-1.681905813407452,0.1445817558090985,0.4084648254707915,0.2686123423074332,0.26881514472517704,0.2687723928472305,0.13437693352201427,0.1348293280041676,0.1351834850431174
100.0,0.0,110.0,-90.0,0.2487096689206965,0.2452168603806495,0.2471977153387613,-0.2364353859700144,-0.245986756825932,-0.5238615245005599,1.9456778325033324,1.9458077872137673,1.9448581961645475,29.668066531025733,29.663731729539233,29.654751605080623,0.6320457225804317,-0.5206041335962382,0.9820128669898484,0.00032475195465265437,0.33253421965896396,0.33251816603878337,0.3324092323811456,0.24733206092815746,0.2472253384655209,0.24721783459399163
100.0,0.0,20.0,90.0,0.2871725112129762,0.2541943422340537,0.26604536355906266,2.690284130786744,0.7763341754191876,-2.4402680750239263,2.0936129390996765,2.0958874282521474,2.1012748155469843,3.7322339418767094,3.748427672893708,3.7545232388958585,0.6320527728863933,-0.520595423050527,-0.07529213182929696,0.17318712299251507,0.07025431295831618,0.0700742115529953,0.07049668628848287,0.26558015904640153,0.26655849497182676,0.2662620770035691
0.0,90.0,20.0,30.0,0.2529075279313801,0.2524488070842601,0.252660287023824,-2.078057450640028,-2.083398503787387,-2.087455086594798,1.994701006548446,1.997314587226025,1.9956762502411618,8.5515158474337,8.548026249562323,8.536001883425948,0.7665320191074287,-2.002511187159981,0.003503697178250661,0.4872296898570486,0.16173958675674188,0.1618053776234186,0.1616080099997004,0.25269801426095,0.2528145969752853,0.2524821288100014
100.0,0.0,120.0,-90.0,0.2245967966499891,0.2229819193617176,0.22380453553490948,-0.2846490746704195,-0.2961627380385138,-0.5235953864515763,1.763311076345296,1.7590970376177615,1.7636979371634571,32.61771008958458,32.62255920854116,32.60897036680524,0.6320527728863933,-0.520595423050527,0.9825377657753196,7.3365249634237045e-06,0.3673581434117991,0.36722680204700536,0.3670945219491181,0.22364850375992243,0.22372852640904592,0.22422445439607108
100.0,0.0,30.0,-60.0,0.283315484517404,0.260903484744672,0.26789111998303333,0.8425844758580682,0.445864756516444,-0.9838399981729582,2.1198621613190585,2.1172557730926913,2.115941606409236,5.504460111233494,5.483168709019271,5.509728025365744,0.6320427403921294,-0.5206009438522654,0.11397320393696969,0.0613190898338142,0.04752464961699746,0.04747716634328867,0.04756196475037586,0.26924785116999883,0.2687728639580268,0.269026047467314
20.0,0.0,120.0,-90.0,0.0460824172123656,0.0435640731296654,0.04507086403623848,-0.4314626727273524,-0.5282394655856135,-0.5229240887226548,0.3591578305139539,0.35848508432767806,0.3591906212222391,33.10333160298712,33.1070206686998,33.091604383127354,0.6492905343418074,-0.5217752697370182,0.2039313806161198,-6.170881700126556e-05,0.37717398716353917,0.3769906531222462,0.37708482820471056,0.04545747952722558,0.04549674310664294,0.04556076272998097
20.0,20.0,120.0,-30.0,0.0618986668448626,0.0589336139913171,0.06059517085972971,-1.2459360556671992,-1.2721392276957406,-1.3023019150869317,0.4908728271625308,0.494098306646457,0.4926605926209453,33.623505620907466,33.63208322027607,33.6311973842061,0.6784793404823032,-1.277180112019705,0.204330313167154,0.2000289742951863,0.3940162091290484,0.39423503744927496,0.39409787986789296,0.06086313726851193,0.06108054796392187,0.06070097708559158
20.0,90.0,10.0,90.0,0.2680636569914286,0.2566160054650441,0.26326438169111227,-1.6364129151965434,-1.81317934549851,-2.0054855001716794,2.093033743784687,2.0927169287974405,2.095280450762396,5.838640784125408,5.871954363060353,5.852696168109351,0.7655278996474294,-1.7768164101630861,0.037010226504300026,0.42216420853767594,0.1342464314040186,0.13454024402221135,0.13399777663405402,0.26502763935867163,0.2653449703896214,0.26536876162837314
20.0,20.0,30.0,60.0,0.1020881316412488,0.0997988588433979,0.10128809452659274,-1.2795720558295296,-1.3359524040520858,-1.5239049778054257,0.8010586812021421,0.803049677469501,0.8031065057376443,9.150115147608867,9.15650115875069,9.156324382003714,0.6784793404823032,-1.277180112019705,0.08173576957122686,0.12740625617693763,0.12538899615650384,0.12544472800611803,0.12561497980237782,0.10125179105613269,0.10152704365147835,0.10125987864421537
90.0,0.0,30.0,30.0,0.2834114935496298,0.2612598301330521,0.267991867528524,0.8268787600116052,0.4176350713724693,-0.9840020902268413,2.11971951573591,2.116823614892132,2.118532898659166,5.508366439879496,5.501025323165163,5.5325047865379675,0.6345985081197228,-0.520659588644016,0.118589540173343,0.063210431296619,0.0482862841456424,0.048042150364646596,0.04835527336641913,0.2690440763749576,0.26882335019100156,0.2692722323609371
0.0,90.0,50.0,-60.0,0.2228223394870531,0.2224670450569577,0.2226573456091714,-2.0917507777504216,-2.0975054843248517,-2.0933715549532264,1.7636510266974574,1.7632478754044478,1.7640607411368006,16.458676614979353,16.458818065468307,16.447908552569388,0.7665250884294956,-2.0024965570897333,0.0009869686829208097,0.6493176709737555,0.24432515708116462,0.24407258116709105,0.2440825048690882,0.22261458008702265,0.22267460922610938,0.22269835032687157
0.0,90.0,10.0,30.0,0.2639360436212569,0.2635513623988498,0.2637078382512067,-2.070226974810463,-2.073692759669276,-2.0868028026631618,2.0818802752616032,2.0802597551142714,2.0826182016889714,5.915139606196333,5.91306342398682,5.912582131493212,0.7665320191074287,-2.002511187159981,0.003290225605194549,0.42300868729576774,0.13410695754040666,0.13420367105483186,0.13411220476140923,0.2635756263034984,0.2636747895766327,0.2638751132775519
0.0,20.0,30.0,-60.0,0.0863138603452416,0.0824613449292431,0.08460037136180086,-2.0701429526137898,-2.145020787978793,-2.0946376333142247,0.671460531410664,0.6710390485065536,0.6783467937064542,9.338951572811629,9.31511770030725,9.314993515510565,0.6791349898214796,-2.0261874043080863,0.0002170742101016067,0.12859209093680563,0.1286260037789527,0.12827242485036036,0.1287627511149001,0.08417533876050162,0.0851163670312362,0.0852054105864036
20.0,50.0,10.0,0.0,0.1841733556490165,0.1817321217993865,0.1831143352667357,-1.2334497378421017,-1.461364981297279,-1.865980861628468,1.4455612816843093,1.4450341602843497,1.446396063198935,4.612463954562149,4.611403318780152,4.606602471154751,0.718145790998976,-1.682010494824096,0.04767142920018689,0.20594463604043595,0.09736037568604836,0.09725592331299653,0.09720903724652594,0.18305694251989393,0.18316551508635523,0.18323178273902782
0.0,100.0,40.0,120.0,0.2516967241207495,0.2512596749613885,0.2514406392246009,-2.1004310672084507,-2.1037992990387653,-2.0973588704946184,1.9899243261554103,1.9886192057683107,1.98915342271311,14.051120658961041,14.043640087915852,14.037178878564987,0.7785098420441033,-2.0214286154605,-0.001727005954241177,0.6725487480311845,0.22375179000138803,0.2234042003859148,0.2236704411857319,0.2514603901384346,0.25136918561518645,0.2515136798464817
90.0,0.0,30.0,120.0,0.2834614767987058,0.2611511719829358,0.2679953542040947,0.8272736384517055,0.4132667074778432,-0.9833569081931005,2.1206350242848213,2.11663398313815,2.1170998078812286,5.530137345144747,5.538200009744792,5.529464852984164,0.6345985081197228,-0.520659588644016,0.11940144292165694,0.06349224328961048,0.04817275228373025,0.04843117732589316,0.04864652189853819,0.26912792927724316,0.26874737383583924,0.2692515631825008
0.0,90.0,110.0,-30.0,0.1817725001462495,0.1799468996358625,0.18096274430759632,-2.0675993928080105,-2.086316948512008,-2.079281937255763,1.4460160311202341,1.4404696237503227,1.4448163355810077,32.60666132272807,32.59930524862334,32.59018999291547,0.7665320190207541,-2.0025111869604473,0.01534677213513997,0.900182294447524,0.4177412955657365,0.41764387600246683,0.41737046757584495,0.1809280602166693,0.18081109730238512,0.18148357269971754
50.0,50.0,70.0,0.0,0.1720012428003429,0.1717357056898961,0.17185546155194958,-1.1544364988310007,-1.1590207708235594,-1.361311010643121,1.3601388488533945,1.3628075331511025,1.3622492158670452,20.591558099692467,20.590175560908516,20.57861793903712,0.7149820200524383,-1.2870673309637894,0.36500732710293365,0.40500624505087074,0.2654336751934229,0.2654612081132311,0.26542721108303713,0.17180755229635594,0.1720720153550559,0.17173454063388596
0.0,50.0,10.0,-60.0,0.175268703739931,0.1741947588668475,0.1746827672797633,-2.083733629271828,-2.092604822025071,-2.0905058024520486,1.376946585796439,1.3808413829919617,1.3809801290839967,4.8664904853269935,4.859424602452984,4.860929342505283,0.7187047986101217,-2.057213854060365,0.0008981532466053801,0.20757773975924965,0.1002404564338476,0.10027532651865148,0.10059352818542314,0.1745379517397337,0.1750717724761763,0.174543433433305
20.0,90.0,30.0,-90.0,0.2478537774358697,0.247159967984332,0.2475500473533673,-1.684007226523255,-1.7108746856454344,-1.8947391241121994,1.9573008029955623,1.9561161625583356,1.9568528747067233,11.069108067567521,11.070359345318916,11.070280053026378,0.7654662606302867,-1.7766828599573419,0.10980276710094229,0.5424319385294495,0.1871234610497361,0.18735287713805365,0.1871418344684223,0.24754099705971475,0.24750252875759088,0.2476581087470475
20.0,50.0,10.0,30.0,0.184195547683671,0.1817032056858048,0.1831632373901045,-1.2327169779792253,-1.4612680004378429,-1.8658700755737805,1.4456905927326258,1.4453501055704603,1.4470884069807897,4.6113018121271665,4.6096869838313586,4.606375249821139,0.718145790998976,-1.682010494824096,0.04770900435366454,0.20601448552027793,0.09731806981085897,0.09720183289955096,0.09720315950400557,0.18306586913476003,0.1832456336465734,0.18328799417376565
0.0,20.0,110.0,60.0,0.0472723068262058,0.0451395195471933,0.04605225337570402,-2.0449412379267176,-2.0884302674374235,-2.0656160741702805,0.38198789779206516,0.38154408052364625,0.37838382327929027,30.93327542144379,30.927465359700637,30.915240446476673,0.6791449760543936,-2.0262614013022464,0.0067199220906316685,0.20001051904582917,0.3641503669624703,0.3639841089630598,0.36388086551605703,0.04653643710617278,0.046101172163485284,0.04614991351681131
20.0,0.0,70.0,-30.0,0.0530261034281984,0.0520243589641616,0.05260041257747707,-0.7026846878425784,-0.7329180521956754,-0.8068324003771272,0.4197051713977179,0.4161887669829433,0.41640307611400906,19.425027662903616,19.4158483628162,19.405124823354164,0.649290533892609,-0.521775268277764,0.1358419144011439,0.039509235450498496,0.22485456264584958,0.22462573205361216,0.2246043697342566,0.05277518564843712,0.052377709954271795,0.05283103403120031
0.0,100.0,10.0,0.0,0.2681890075703422,0.2669407739872708,0.2674876578994203,-2.0481803532385787,-2.058406348769166,-2.0824983081164383,2.109052064754962,2.112542089108667,2.1128283584108942,5.969336349803711,5.968203853902424,5.964785697249671,0.7785098420441033,-2.0214286154605,0.005249423844210925,0.43369097763871883,0.1358458062486106,0.13578244368557016,0.13586033520199345,0.267315856806802,0.26782268525864034,0.2673485898834387
20.0,20.0,70.0,30.0,0.0785695951581976,0.0780322510504644,0.0783479948969742,-1.337205519490035,-1.3548106470829118,-1.4302441839547193,0.6254024379312949,0.6255856156042254,0.6258390377183142,19.97139315185513,19.977626644698695,19.972003668332274,0.6784793404823032,-1.277180112019705,0.1406199434231919,0.17935391345666432,0.2428752083767881,0.24302164180461375,0.24297469609654487,0.0783348942183037,0.0783895931865964,0.07838548071430372
0.0,100.0,100.0,90.0,0.2118652588341155,0.2100457927861062,0.21106617138661635,-2.0732805511086467,-2.093654881233709,-2.085090075764519,1.677633893400298,1.681941757614355,1.6791833983400395,30.21275141896633,30.219325775603416,30.212796709659063,0.7785098420441033,-2.0214286154605,0.011024093201547807,1.000110085388596,0.39824738591223124,0.3985072116419184,0.3978866451647472,0.21119978952389412,0.21139994368004664,0.21087280272797723
90.0,0.0,90.0,90.0,0.2234055101973387,0.223143232105526,0.2232914336898644,-0.2458746917206147,-0.2498038267286303,-0.5604067507642024,1.7581009998575403,1.7588227893885195,1.7566842421727218,24.223327461607624,24.21041346719001,24.208109824591254,0.6345985081197228,-0.520659588644016,0.7269295200659062,0.02678398502750971,0.27250645323017825,0.2724826174758634,0.27230052852824144,0.22345783110996212,0.22325778344810707,0.2231922009287364
20.0,90.0,40.0,0.0,0.2372496211529337,0.2367383465605139,0.2370254767648868,-1.742362008839534,-1.753690794427392,-1.8921919076303326,1.8749128044689036,1.8733701957110913,1.8772066468696638,13.738266622889098,13.73610790462017,13.736835058552158,0.7655278996474294,-1.7768164101630861,0.12247751829558168,0.5966155643964248,0.2148496072321468,0.2149159310291699,0.21497698449270236,0.23677739645654297,0.23707010733417397,0.23726326833817757
0.0,50.0,120.0,-30.0,0.1014287128633847,0.0997208121605301,0.10054406070328695,-2.062790949637041,-2.100652172794303,-2.083592677117131,0.8109949640112286,0.8116577241605026,0.810931961069017,34.384924989377275,34.379633695956414,34.37767787919059,0.7187172303236241,-2.0572513802815084,0.00713204376557449,0.5001243387644381,0.4178525827558228,0.41796938774345277,0.41743542779020487,0.1007309933510113,0.10074967631692612,0.10064356030343308
0.0,20.0,90.0,0.0,0.0552107429523488,0.054672268918058,0.05499534638935848,-2.070912081732212,-2.1000850469244576,-2.085391387588357,0.4458455484448028,0.4488702314454846,0.4472210317059332,25.466337717799025,25.469189560823008,25.44706088762948,0.6791449760543936,-2.0262614013022464,0.002316879119584156,0.19997489764988732,0.3045003937148895,0.30458723752111727,0.3041297180149223,0.05507237353132189,0.055262835424208734,0.054873723283605444
20.0,50.0,60.0,120.0,0.1421874897817537,0.1415991927261463,0.1419334748016235,-1.6601653789042314,-1.6691607730489286,-1.7601564972222576,1.1261324950365572,1.127062070344297,1.12963246163642,18.104452852549077,18.099886603658845,18.09893968192859,0.718145790998976,-1.682010494824096,0.1337963997757728,0.38457789086172645,0.23959000601278033,0.2398363623995538,0.23979921908157673,0.14169364834866,0.1421397342314082,0.14201475399711008
20.0,90.0,120.0,-60.0,0.1755310645927235,0.1734995996159557,0.17471179318325622,-1.8128022555595291,-1.8245544862562169,-1.8601043531658235,1.3981684497032778,1.3995264207113323,1.3920402413425716,35.19069967570362,35.1851158085464,35.1825442539611,0.7655278996474294,-1.7768164101630861,0.21657909273934978,0.8992108592877214,0.44444019938655005,0.4444736025081242,0.4440245624757177,0.17551366546405298,0.1747057917593205,0.17460674431080983
90.0,0.0,10.0,60.0,0.2682637889714113,0.2424651251447429,0.2635655184143507,3.137707035283132,-3.138183122974752,-2.2669244275993394,2.0774703541469983,2.0775810831651365,2.0789668963185752,4.409832782528827,4.420886389927401,4.410280919649306,0.6345985081197228,-0.520659588644016,-0.05577592315060083,0.32854419481949326,0.11102007513266975,0.11126527517588063,0.11100582821664638,0.26328811334176655,0.26347806411693736,0.26345505187634316
50.0,20.0,20.0,120.0,0.1758632468607898,0.1681065473129838,0.1726744798811692,-0.1321788929178786,-0.421364361981037,-1.2172451644958682,1.3620622136987646,1.3638270153215266,1.3611522803717464,5.3306620464884835,5.328254715303152,5.329759693754374,0.6750696220906218,-0.8936880611762084,0.12468850457156178,0.1043187271740917,0.0790336167203797,0.07903502467603996,0.07907550317322365,0.17296714312711295,0.17285007036395472,0.17263108941278546
90.0,20.0,120.0,30.0,0.2006765143881305,0.1996251137691315,0.20017593530910247,-0.5340040815238578,-0.5416784214969959,-0.7417593309196243,1.5799039245146294,1.5799988244031389,1.5798945712679682,33.27617851698591,33.27245966126746,33.25682822481224,0.6658515926585167,-0.7392330937283146,0.9036419287295787,0.19998406561142132,0.387311380566634,0.3874119520454236,0.38707097631955045,0.20024761953173484,0.2002645653796691,0.20021594167541787
0.0,90.0,80.0,-60.0,0.2236152091328453,0.2220009821223547,0.22268037585170902,-2.075100398310233,-2.0818194036651447,-2.081457869485091,1.7699333160388908,1.7668008668125863,1.7685220024882042,24.806344674753337,24.800395251967092,24.78858277794604,0.7665281493020146,-2.002502628079028,0.012692678300931145,0.8999280665451648,0.3389658338029558,0.3389542347975874,0.3387138060997216,0.22270601291691644,0.22255637919300253,0.2229407904588367
20.0,0.0,120.0,120.0,0.0460824172123656,0.0435640731296654,0.04507086403623848,-0.4314626727273524,-0.5282394655856135,-0.5229240887226548,0.3591578305139539,0.35848508432767806,0.3591906212222391,33.10333160298712,33.1070206686998,33.091604383127354,0.6492905343418074,-0.5217752697370182,0.2039313806161198,-6.170881700126556e-05,0.37717398716353917,0.3769906531222462,0.37708482820471056,0.04545747952722558,0.04549674310664294,0.04556076272998097
20.0,20.0,120.0,90.0,0.0618986668448626,0.0589336139913171,0.06059517085972971,-1.2459360556671992,-1.2721392276957406,-1.3023019150869317,0.4908728271625308,0.494098306646457,0.4926605926209453,33.623505620907466,33.63208322027607,33.6311973842061,0.6784793404823032,-1.277180112019705,0.204330313167154,0.2000289742951863,0.3940162091290484,0.39423503744927496,0.39409787986789296,0.06086313726851193,0.06108054796392187,0.06070097708559158
0.0,90.0,70.0,90.0,0.2407472274001129,0.2392678563318174,0.2400561603480955,-2.069931675193567,-2.084731091094076,-2.0809511213253753,1.9022139206105195,1.9055461621617742,1.9034894871788173,22.236517069769544,22.237080948654786,22.220069027257587,0.7665320191074287,-2.002511187159981,0.012802547606903133,0.899803529153485,0.314434619934624,0.3145359758916103,0.31426128755663246,0.24014191994941156,0.2402995347342981,0.23987661811289002
50.0,0.0,70.0,0.0,0.1303287277773595,0.1298129941527258,0.1301356025056934,-0.4067295726672659,-0.4180552285535789,-0.6410455078471801,1.0257206750994856,1.0251729019672027,1.0256058247929014,19.180713917098114,19.17399040156978,19.173646487826513,0.6453124449701564,-0.5221886034343035,0.340105053244608,0.04013636029258709,0.2199571821094702,0.22009112781793583,0.21993823727452808,0.13012429620306612,0.13013032969462532,0.13020061583656314
0.0,100.0,20.0,60.0,0.2685788540476347,0.2671707845848815,0.26774122574940035,-2.0622695636931128,-2.0698330986945903,-2.081896998336841,2.1194348038451705,2.114361568594172,2.1110886223503047,8.7431017893943,8.740587106772217,8.728453798611783,0.7785098420441033,-2.0214286154605,0.006846353726684636,0.5351015481910811,0.1678290894049291,0.16811116516410116,0.1677121629987995,0.2682768107855077,0.26718585404221407,0.2678149891310566
50.0,20.0,80.0,-60.0,0.132100490662133,0.1318407925935339,0.13199297159940285,-0.7829599128468762,-0.7863488418692379,-0.9698501474303779,1.04528605318517,1.044053151652897,1.0435459183374236,22.50934614663197,22.509983392292657,22.506909198852124,0.6750651459221652,-0.8936849612539174,0.3836765619769912,0.18343708250637641,0.2694897545783025,0.26933878788331567,0.26941154870186934,0.1320966827725286,0.13188305624098787,0.13205059033438452
20.0,20.0,0.0,0.0,0.1265801870138008,0.1078630871481286,0.11758146932218838,-0.3509466871911689,-1.1054078170276618,-2.088047843184809,0.9583473155476248,0.958229474948396,0.9581046518297327,1.8948336579035452,1.8955262498889043,1.9071498139659278,0.6784793404823032,-1.277180112019705,0.0005626047857982227,0.07291371321459685,0.05751190852556957,0.05759141041852977,0.05792521751507009,0.12152619914178497,0.12154973318575407,0.12155338543715402
0.0,50.0,100.0,60.0,0.1173666006915069,0.1156742521807673,0.11637949454245454,-2.0696832211435403,-2.0820760368940374,-2.077555170816239,0.9363241206674169,0.9339446669819356,0.9296003677812562,29.028667106777405,29.019442307137602,29.0147977101012,0.7187172303236241,-2.0572513802815084,0.009555956706180976,0.4999764547381518,0.36011682294024,0.35994539721073354,0.3598143244014801,0.11694405443109247,0.1160926230295978,0.11640998695688196
0.0,50.0,0.0,60.0,0.1850651327012989,0.1834339683942443,0.18416082545798063,-2.066531539953777,-2.0873268738661857,-2.0915005008795524,1.4510838026790638,1.4534796754953492,1.4537706699405026,2.240910508252097,2.234524158377348,2.2300183925151638,0.7187172303236241,-2.0572513802815084,0.0005140331197253283,0.15786575253640472,0.07276792788974215,0.07259225067159998,0.07253995338776995,0.18406407807625103,0.184370610428976,0.18409046925582195
0.0,50.0,50.0,120.0,0.141502196189665,0.1410889808333647,0.1413038929285225,-2.0906403483039844,-2.099074851823404,-2.094313193765848,1.12304430361353,1.1210035955252933,1.1217265394300944,15.471502545028867,15.46143434666448,15.465726968797693,0.7187172303236241,-2.0572513802815084,0.00021587254191161593,0.3583010843698686,0.21222388500526576,0.21214621193020072,0.21216749767181584,0.14134465249201372,0.1411729800195334,0.1414411233437903
90.0,0.0,110.0,120.0,0.2272132668207646,0.2238418769864535,0.22570714050813062,-0.2620054217159887,-0.2716111452855259,-0.5238538875212901,1.7766805754178485,1.7773389322373576,1.7749944093211645,29.77974556609238,29.77800808566775,29.775958115409576,0.6345985081197228,-0.520659588644016,0.9029293937655882,0.0002893216256554711,0.334918584502253,0.3348361789349092,0.3346964764937832,0.22593766863296139,0.22572757453064393,0.22564805885507289
90.0,0.0,30.0,-60.0,0.2837626809952712,0.2610851414024133,0.26796215935692796,0.8318934476270791,0.4214064141960124,-0.9826794037062564,2.1200483256293237,2.1175881445205538,2.116748057312887,5.554086145971536,5.537654509804416,5.542966088950786,0.6345884286194053,-0.520664726313695,0.11781425819101199,0.06274847576944516,0.04841271828706527,0.048302440787898825,0.048054863287987706,0.2692345873934935,0.2687739873858735,0.26914409217062124
50.0,0.0,0.0,-60.0,0.1487637176695497,0.1444497377011801,0.14664697813145636,2.27596889016822,0.5065052041673358,-2.0904231721340447,1.1564102478078726,1.155504372005729,1.15949050310343,1.8486356238334927,1.8405138880674663,1.845570694940011,0.6452990778273191,-0.52219274687418,0.000526910658275495,0.10117960413055486,0.05888654655007674,0.05873374618326218,0.0588169913139778,0.14642726154151856,0.14682757956287948,0.14694626701310046
100.0,0.0,50.0,60.0,0.2670692008312208,0.2666396779071316,0.26679252614625176,0.091692740556345,0.0660929879062635,-0.6335135391328405,2.099968362219517,2.100878552105559,2.0998956048858686,12.237331397486578,12.238125814029058,12.235450725425459,0.6320527728863933,-0.520595423050527,0.4116115031065495,0.04564094315179755,0.12974686344497757,0.12990334152395897,0.12987069801247478,0.26683447038357005,0.26683689779320474,0.26671747343075763
20.0,20.0,20.0,120.0,0.1089193575372401,0.105981791607322,0.10737567628424255,-1.182561747592873,-1.2952703475149516,-1.5668659784850607,0.8504858535112403,0.8491651633529871,0.8484753363209114,6.432507646803552,6.42416519616066,6.428109523094718,0.6784793404823032,-1.277180112019705,0.06156563845160821,0.10580000089001879,0.09641100427316192,0.09626740747605664,0.09634813398393942,0.10755253888078968,0.107292750929466,0.10748351311737528
50.0,0.0,110.0,90.0,0.1244319303198956,0.1210538479812467,0.12295993389055161,-0.3789466546284286,-0.3929859281962189,-0.523721699652895,0.9680388421601623,0.9678897622386009,0.9677590765492394,30.18721945868485,30.185761155135157,30.178398493556692,0.6453124449701564,-0.5221886034343035,0.5038656807711663,0.0001137794252285792,0.3427836159305423,0.3428067454172953,0.34262226252582506,0.12306046062053,0.12303542614287324,0.12304450094995388
0.0,50.0,20.0,-60.0,0.1660322770637172,0.1652594846911037,0.16566223380758155,-2.0862154856321005,-2.097273219620012,-2.091577519441288,1.3121261198275953,1.309220602087231,1.3077600714833164,7.494152668556266,7.484200923845304,7.483034148610003,0.7187059082782677,-2.0572172897069696,0.0007733506071988163,0.25207405937682476,0.12758065747104594,0.1273964227905177,0.12744215748353716,0.16592076059541808,0.1653637450640539,0.165733497711198
50.0,20.0,40.0,-60.0,0.1584553457321827,0.1564788506143239,0.1578110738308191,-0.6143983905941437,-0.6561745853508298,-1.0632476619273632,1.2447483495915173,1.2463570365228427,1.2458857229252545,11.375194007600221,11.362474297791138,11.369435150785744,0.6750605611105075,-0.8936820552622856,0.23580882593862806,0.14134404908350617,0.14557034074167846,0.14553765438264252,0.14556621555706467,0.15780932132110595,0.15794711851876259,0.15775574086663952
100.0,0.0,30.0,-90.0,0.2833179047605367,0.2605652179243871,0.2678965446598079,0.8414504154484514,0.4473322750941775,-0.9832264273809642,2.120814146547746,2.1168149477093716,2.117949307799842,5.52450197941537,5.48424029366149,5.479842645753252,0.6319932356955301,-0.5206748588685935,0.11373322575865379,0.06108720246813249,0.04743532920079694,0.04687696457537179,0.04721680612203969,0.26916534335056297,0.26877204958864476,0.2693273598366228
90.0,20.0,120.0,60.0,0.2006765143881305,0.1996251137691315,0.20017593530910247,-0.5340040815238578,-0.5416784214969959,-0.7417593309196243,1.5799039245146294,1.5799988244031389,1.5798945712679682,33.27617851698591,33.27245966126746,33.25682822481224,0.6658515926585167,-0.7392330937283146,0.9036419287295787,0.19998406561142132,0.387311380566634,0.3874119520454236,0.38707097631955045,0.20024761953173484,0.2002645653796691,0.20021594167541787
100.0,0.0,80.0,0.0,0.2533597299062891,0.252760068844979,0.2530834501922004,-0.1690586927035366,-0.1725887357134452,-0.5735920085229226,1.99324687934432,1.9922158345047078,1.9916097017799155,21.187630408053433,21.191572458843,21.18452238126331,0.6320527728863933,-0.520595423050527,0.7142606222309535,0.03576685074755827,0.23618843175129015,0.23614027063308793,0.2359035654619459,0.2531876446354571,0.2529876536866668,0.2531048580327512
50.0,0.0,50.0,-90.0,0.1410167464255037,0.1396868983383689,0.1404905772931309,-0.3387413921290937,-0.359588580067077,-0.6973917974583351,1.1073879848193462,1.1077241206030137,1.1060319961468492,13.574557710426076,13.575077799378041,13.559567162960422,0.645263221396627,-0.5222493319290151,0.25973887215414243,0.045650327278972266,0.15669464782442427,0.15676100893555228,0.15668162189599405,0.14063059233750644,0.14045346411875784,0.14041078240966146
50.0,20.0,30.0,60.0,0.1669416906863655,0.1629631575183186,0.16543878204793025,-0.4571259374495526,-0.5642449641313702,-1.104767334670742,1.3046695892078326,1.3057337575086243,1.305724842992383,8.45557556765043,8.447149766596207,8.454492859115843,0.6750696220906218,-0.8936880611762084,0.18636073430541591,0.12268957247073455,0.1131175522121152,0.1129965036226838,0.11320387119510546,0.16547425138473285,0.16560129350222733,0.16547457447424593
20.0,50.0,120.0,0.0,0.1099594070821722,0.1074168049160888,0.10861112957735851,-1.6535414924314298,-1.6804494707581,-1.7077196911957038,0.8720437839066364,0.8737989598494923,0.8741153199854761,34.3653455214722,34.36543059448764,34.35235678026195,0.718145790998976,-1.682010494824096,0.20534553062648248,0.5001509669679027,0.4176257619133201,0.4174046292348564,0.41738422351391274,0.10869246559767134,0.10895111383617219,0.10871481924071819
50.0,20.0,90.0,-60.0,0.1309537910855819,0.130383743543946,0.13063314147289462,-0.7500575100417384,-0.756115564523494,-0.9199620472156277,1.0342731599767636,1.0342572443722264,1.0321061142577233,25.21333583091655,25.210789700800994,25.20211396306703,0.6750663445870948,-0.8936856966959209,0.43066000296475376,0.18007955557636174,0.2985823999351247,0.2986972316891887,0.2986244906665302,0.13082191762459197,0.1305542510923721,0.1305655052793707
20.0,0.0,30.0,-30.0,0.0679283378086611,0.0646251193376271,0.06628336936031598,-0.7639680951856339,-0.8632430893230186,-1.0430465933657218,0.5243138287972535,0.5243106181204645,0.5259459757108671,8.53350254429288,8.524815569352999,8.524704372228756,0.6492905335354453,-0.5217752671087298,0.07175940600470489,0.041055181104032286,0.10512138774655845,0.10482844415032906,0.10502366518116664,0.06625838308260835,0.06645301567125736,0.06646023560660042
90.0,20.0,70.0,120.0,0.2356626748846287,0.2349266776721226,0.23538561245125053,-0.3856668038417181,-0.390961100747375,-0.8005248540381824,1.855570731527222,1.855932245145432,1.8546330366727686,19.113748651375932,19.11583048438026,19.11026401290535,0.6658515926585167,-0.7392330937283146,0.6138171488281574,0.1744634627158391,0.22665378609226505,0.22662447079650555,0.22642830428844704,0.2354954410708216,0.23537489100349088,0.23532599892020903
20.0,0.0,110.0,-30.0,0.0506773357664514,0.0472880969753139,0.04918523270625765,-0.44251824605294,-0.4929969965519363,-0.5235125584856151,0.388426582810766,0.38663189159832534,0.3891437989937195,30.317407196923877,30.31661904818122,30.309223386518187,0.6492905342525175,-0.521775269444687,0.20353239579972932,1.117789005168294e-06,0.3454805821252974,0.34539730582654454,0.34537240526377155,0.04923399286338911,0.04934291225042392,0.049542312265897
0.0,100.0,40.0,90.0,0.2516466599411498,0.2511976399013924,0.2513892514157381,-2.1001800475120747,-2.1033640573085166,-2.097145467526144,1.9891789174393728,1.9886193090528732,1.9887143210325244,14.050515838805612,14.042667925668448,14.033542948622047,0.7785098420441033,-2.0214286154605,-0.0015799940681344067,0.6723429976419198,0.22375712846200654,0.2233892862418151,0.2235870309030486,0.25141781287294007,0.2513622682605042,0.25141182303983883
0.0,20.0,110.0,-30.0,0.0472820658593251,0.0451927077459062,0.04605715589079773,-2.042603751077172,-2.0865811857907017,-2.063262816059202,0.3817567386846093,0.38189749430016523,0.3784711944484358,30.931746294019742,30.927021189471624,30.914929918400063,0.6791449759644737,-2.0262614006601725,0.007188436477227738,0.2000168104568194,0.3641408587557394,0.3640087774351342,0.36386226752447826,0.046544213748396235,0.04614843311036535,0.04612501852270158
20.0,20.0,100.0,90.0,0.0728712268418697,0.0702251092072203,0.07150054988434669,-1.2175525780467704,-1.2647933783967733,-1.3022337959733572,0.5736479846646664,0.5753276801571011,0.5729275539995571,28.164932119106094,28.164908444625432,28.156930676872044,0.6784793404823032,-1.277180112019705,0.20338530587416137,0.20002651585419454,0.3335842021776545,0.33368418394995514,0.33352082797992444,0.0717598827815811,0.07167010854068662,0.07146581886614811
0.0,20.0,30.0,-90.0,0.086312446143151,0.0824609338522369,0.08460051698731741,-2.0704617302462243,-2.1452750100665376,-2.094826790197311,0.671462837843161,0.6710313173055097,0.6783517361851844,9.33890396591885,9.315087464047084,9.314985568120523,0.6790800418793275,-2.025683037644476,0.00019307534333899245,0.12859287758714658,0.12862409782486986,0.1282704810466734,0.12876208804027597,0.08417473198930196,0.08511611286682223,0.08520631044665158
0.0,20.0,70.0,60.0,0.0619783209516964,0.0614660810925644,0.06173360744881721,-2.09058956209042,-2.1165948360450555,-2.1012181315948966,0.4992858021193605,0.49635061612228787,0.4962422252762594,20.030270816376788,20.028381450645615,20.020911059648206,0.6791449760543936,-2.0262614013022464,-0.000990159520496409,0.17999716932877116,0.24368461712063041,0.2436028849538343,0.24363209507216038,0.06189757523355077,0.061511023671005784,0.06189557903429121
50.0,0.0,40.0,60.0,0.1468103398439313,0.1446464908886826,0.14614523331593285,-0.2609351701735158,-0.3013478399171928,-0.7318572976808811,1.1512993486572642,1.152146414511562,1.1513045501739243,10.724835615391312,10.724033403415639,10.720701989262817,0.6453124449701564,-0.5221886034343035,0.2126620632873823,0.0450462912428838,0.12449297715919866,0.12459760965103911,0.1245038908845122,0.14622255597355197,0.14622711287395643,0.14611574131040128
90.0,20.0,0.0,-30.0,0.2609136293884347,0.2597184259817379,0.26027742058486086,3.1401786243972434,-3.13771459111485,-2.0913707359931037,2.0544060715515626,2.053346821472488,2.0539806177055713,3.186537698210384,3.1818588816255713,3.1803416146231185,0.6658515915393728,-0.7392330925432208,0.001028010725297406,0.320145124991468,0.10346434670598174,0.10330842150996099,0.10335511301501009,0.26035808546458156,0.26030080070877354,0.2604284815864463
0.0,20.0,100.0,-60.0,0.0509311424545461,0.04950763098106,0.0501925906793934,-2.0128319185172896,-2.091617438764698,-2.050583002342307,0.41179197923345073,0.40920066873407485,0.4117191988725109,28.18996232653851,28.187038065994017,28.188894939660596,0.6791426703578125,-2.0262457882805536,0.009414852285444999,0.20003458168182772,0.3342057485360291,0.33418736229483714,0.3341715947135171,0.05024948325981994,0.05024865817832662,0.05056463442482488
0.0,90.0,20.0,-60.0,0.2528762806245422,0.2525142931633121,0.2527248048184137,-2.079985682437188,-2.084087313600409,-2.0879431855564814,1.9959373238813407,1.9971743567082734,1.9960838437117197,8.551878459596333,8.548500718484895,8.53825156472664,0.7665218150045459,-2.002490450293343,0.0032647313912669692,0.48742416642588476,0.1617606688130971,0.161788341368766,0.16162253758423079,0.25277158793322685,0.25278967357260607,0.2526285124203135
20.0,0.0,0.0,-60.0,0.0869114727170866,0.0564216045081805,0.07257981279388616,0.1878342120673492,-0.765805662900241,-2.0810864220700935,0.7200375238828906,0.7186959970209541,0.7191164907694719,1.9130054505217287,1.920289772996499,1.926650482010332,0.6492772953880244,-0.5217761136602356,0.00045578607964497477,0.05539310400482422,0.06042698380429974,0.06052041250929152,0.060557123957799754,0.09101588246362141,0.09089815562936933,0.09107095014208118
20.0,50.0,120.0,120.0,0.1099594070821722,0.1074168049160888,0.10861112957735851,-1.6535414924314298,-1.6804494707581,-1.7077196911957038,0.8720437839066364,0.8737989598494923,0.8741153199854761,34.3653455214722,34.36543059448764,34.35235678026195,0.718145790998976,-1.682010494824096,0.20534553062648248,0.5001509669679027,0.4176257619133201,0.4174046292348564,0.41738422351391274,0.10869246559767134,0.10895111383617219,0.10871481924071819
0.0,90.0,50.0,-90.0,0.2228773411577102,0.222410539071918,0.22267325783754907,-2.08910245025592,-2.095838939823518,-2.0923302726105164,1.7636514677599842,1.7629186422247367,1.7648035828684423,16.45894037914002,16.458707166094772,16.44921564850385,0.7664828062744271,-2.0023898636131174,0.0016651262256480817,0.649369240842236,0.24425963085967217,0.24407302658411134,0.2440923087549914,0.22255620411019172,0.22270807193239262,0.2227806758501746
20.0,90.0,90.0,30.0,0.214042389129086,0.2126396423855877,0.21326564074262047,-1.7900707371607596,-1.7964825733051433,-1.8602799995740085,1.6941362273723783,1.697262688157117,1.6945923339191802,27.349365634569256,27.350237327993725,27.347550013305142,0.7655278996474294,-1.7768164101630861,0.21615190598028003,0.8999386285376826,0.3640864355311165,0.36410670217036073,0.36399601053303926,0.21343621443465652,0.21346566823317292,0.21309376650824882
100.0,0.0,60.0,0.0,0.2671380272625621,0.2664081886365252,0.26676159406613226,-0.0234461777262639,-0.0333704604964687,-0.608120059537428,2.1000538666758466,2.0999197714209967,2.1002606318815027,15.265917074662072,15.25970780826235,15.260918737522505,0.6320527728863933,-0.520595423050527,0.5287813057271403,0.04489608814347194,0.16608451257219536,0.1660334528835086,0.16610561843776311,0.26672909141347656,0.266755524186507,0.2667738519525676
50.0,20.0,70.0,-30.0,0.1380997095590565,0.1376176852059867,0.13786244402818243,-0.7700367741054504,-0.7753907304101277,-0.9920729871181357,1.0901405702965252,1.0896393938962046,1.090315363396085,19.7590774024022,19.754116914848506,19.754428613330976,0.6750696216370027,-0.8936880601602772,0.35163879245618046,0.17786309693665192,0.2388047425918619,0.23865517636762582,0.23866289055795367,0.13783759775512872,0.1378532132790776,0.137923132875397
0.0,90.0,90.0,-90.0,0.2078448328273793,0.2065520264647502,0.20719293112600567,-2.0733324592621862,-2.0799376293772176,-2.0793292838978585,1.6475266881258672,1.6478473145901233,1.6487004743540674,27.381195635722346,27.369396109749424,27.370586224066802,0.766512469654669,-2.0024558332247544,0.015075177782793797,0.8999153591050332,0.36464311104543284,0.36451978697189047,0.36442593612978474,0.20719024445293763,0.20732473011400848,0.2072682011431842
0.0,90.0,110.0,30.0,0.1817724732861518,0.1799468915571234,0.1809626704038574,-2.06759940086873,-2.086316934699396,-2.0792830275379868,1.446015570613449,1.4404690412898205,1.4448158476859199,32.60666066836358,32.5993043591769,32.590189242795674,0.7665320191074287,-2.002511187159981,0.015345603451427464,0.9001817929519549,0.4177412709608418,0.4176438552036447,0.4173704447733243,0.18092799172514235,0.1808110250538659,0.18148351592045336
50.0,50.0,70.0,60.0,0.1721339988608141,0.1718413163401423,0.17198399969399975,-1.1535495130755165,-1.157926517438011,-1.3607449916070717,1.3611319035261709,1.3638412645651237,1.3632443912344128,20.591213045846832,20.589795814697702,20.5780445522689,0.7149820200524383,-1.2870673309637894,0.36550873353555646,0.4051022744895545,0.26543343825935994,0.26545801072854586,0.2654251052934608,0.17193773361623427,0.172201979547723,0.17185937813832466
20.0,0.0,40.0,60.0,0.0632311360374382,0.0621611971151998,0.06270975288201248,-0.7923054482812038,-0.8273733175974174,-0.9836573570076022,0.4986364201810938,0.49532784997509327,0.4958372177100535,11.261741480842431,11.255844290427923,11.250359048191486,0.6492905343418074,-0.5217752697370182,0.09037343921619766,0.044799014429790514,0.1349438899319819,0.13468792494413143,0.13453688659554755,0.06285826934385517,0.062494306800077094,0.06291004534920937
20.0,90.0,120.0,-30.0,0.1755310645927235,0.1734995996159557,0.17471179318325622,-1.8128022555595291,-1.8245544862562169,-1.8601043531658235,1.3981684497032778,1.3995264207113323,1.3920402413425716,35.19069967570362,35.1851158085464,35.1825442539611,0.7655278996474294,-1.7768164101630861,0.21657909273934978,0.8992108592877214,0.44444019938655005,0.4444736025081242,0.4440245624757177,0.17551366546405298,0.1747057917593205,0.17460674431080983
0.0,20.0,60.0,30.0,0.0671913613672521,0.0667390650700914,0.0669747190371682,-2.0949646418362424,-2.106066885453426,-2.1002413312253925,0.5350406782666268,0.5372782931100403,0.539243370510761,17.323885264739758,17.335204819827325,17.322816707897978,0.6791449760543936,-2.0262614013022464,-0.0008405402164018818,0.1717212777459293,0.21428104455721678,0.21477919975101575,0.21446082665333838,0.06674365733691204,0.06726879930391724,0.06700585948663963
20.0,90.0,50.0,-30.0,0.227443643510574,0.2271032677666778,0.22730846607588026,-1.7729484039939087,-1.7795780857465977,-1.8892276777696497,1.8011037813690653,1.7961634139817697,1.8027734958894028,16.409831471160434,16.402934137032876,16.403992320340834,0.7655278990350155,-1.776816408735482,0.13477710987040728,0.6462864788348147,0.24311490914450368,0.24309529520901277,0.24316083281872553,0.22695979857531742,0.22719257698609732,0.22781449673079748
20.0,0.0,80.0,-60.0,0.0505516067603935,0.0497618119171205,0.050187476978357966,-0.6504234232055255,-0.6869825685305435,-0.7446987805842217,0.3976386991023558,0.39892497750757944,0.3972647906798409,22.124963118475637,22.13379744128004,22.125451861122833,0.6492858409171491,-0.5217751006062167,0.1494345029392587,0.03355422512679605,0.2544489170723765,0.25473851641160455,0.25450354827806626,0.05029344694526557,0.050263398285536644,0.05010571224041112
90.0,20.0,30.0,90.0,0.2677077059841003,0.2658404628000669,0.2669424932737557,0.4264072925158172,0.1412477189037313,-1.0204085928401043,2.1036331983526613,2.102288871031132,2.101260305846767,6.276959844192071,6.272543230560576,6.273751279438339,0.6658515926585167,-0.7392330937283146,0.20258194213616373,0.11100960708547618,0.0723723172674993,0.072440806115851,0.0724810826720636,0.2670895640128669,0.26678695919679757,0.26695648303927755
20.0,50.0,90.0,-30.0,0.136930518327539,0.1350697501841168,0.13617836731824284,-1.6271528401729232,-1.6526644031282698,-1.7097301208598377,1.087739084414735,1.0835607341844091,1.0867951340139146,26.345749713671268,26.339754849385113,26.339031092992755,0.7181457907339579,-1.682010493906496,0.20316348876386348,0.5000093398041722,0.3322695638628008,0.3321069863201725,0.33212113941466803,0.13617053330543524,0.13607136360489275,0.1365712898519405
50.0,20.0,50.0,0.0,0.1511072312309576,0.1500325591837199,0.1506470555558373,-0.6993166348174699,-0.7152327983715755,-1.0365815364236095,1.1885637241882052,1.1911181594947262,1.1896996849773727,14.210944063884991,14.218897446954392,14.209939369094755,0.6750696220906218,-0.8936880611762084,0.27840028231870206,0.15684666260469818,0.17744576012447288,0.17734989432272538,0.17763910525673407,0.15067759161391425,0.15081646917242922,0.15049550016008656
100.0,0.0,20.0,120.0,0.2844141501526065,0.2547898468494369,0.2660279947350515,2.676204201115916,0.7736760281505282,-2.4394983565940085,2.0940573225821044,2.096745439290157,2.0995448408119364,3.7059029426461967,3.7262390641047536,3.7334882799962164,0.6320527728863933,-0.520595423050527,-0.07477575581853878,0.1724726655461462,0.06988910301163913,0.06983131810907024,0.07013430585858789,0.2657508732861431,0.2664522903676385,0.2661301939427339
50.0,50.0,80.0,-60.0,0.1672309055950589,0.1665308880500065,0.16692795352495338,-1.1493535792354443,-1.1548656025794983,-1.3320128441119414,1.322196303290343,1.3249895848477022,1.323763549964957,23.29752187249304,23.295051944157514,23.283858181991715,0.7149781071354601,-1.2870610933753597,0.4064289851218906,0.4251268382651458,0.29458013247713205,0.29485647425104655,0.29471138960222093,0.166927520853404,0.16713631167131077,0.16678199906821212
100.0,0.0,40.0,-90.0,0.2675596432967778,0.2659554266700157,0.2667311416768312,0.3025440454767688,0.2153642656384843,-0.6822127924100118,2.1003384590259997,2.0999674090202904,2.0990800180218296,9.02045408205556,9.017718767864762,9.017867094350455,0.6319995729001018,-0.5206660610042525,0.2805881061994677,0.04542581452638548,0.08917829936410439,0.08924029667623161,0.08928940000414419,0.2668266217563187,0.26667268433165536,0.2667152441448174
50.0,0.0,90.0,30.0,0.1214704125463622,0.1210015449772027,0.12125708509484534,-0.4125671870075701,-0.4220163393894238,-0.5857482062920822,0.9565465305534079,0.9533393442408956,0.9560756835102572,24.695174411673808,24.689132936283013,24.697185529095336,0.6453124449701564,-0.5221886034343035,0.40802140256163777,0.02538605446088837,0.2820002943890032,0.28161485375670503,0.28182171093371683,0.1211633142070377,0.12112628987274315,0.12152955453263026
0.0,90.0,40.0,120.0,0.2322081098045325,0.231956150826642,0.23209247320325932,-2.090053905649751,-2.092329168924698,-2.0914284333964623,1.8342738168659543,1.83854004828161,1.8370440716390544,13.81756230360764,13.816040058748548,13.809523480991132,0.7665320191074287,-2.002511187159981,0.0020256757703942586,0.5998190377589725,0.2161672362028044,0.21631138007085826,0.21616102600985607,0.2320560250960861,0.23239776200375734,0.23185824870580599
0.0,90.0,120.0,0.0,0.1706593976517882,0.1689487829286603,0.1698463265520228,-2.074523011651081,-2.0809039976590227,-2.079249879508322,1.3585948006509805,1.3573386994338257,1.3599591365885808,35.20336255751683,35.196553518819194,35.190778978488936,0.7665320191074287,-2.002511187159981,0.015419500780851228,0.8994436657434173,0.4443582827986669,0.44455557464769263,0.444270391927355,0.16986350670193173,0.17006630911807002,0.17019406176910368
0.0,100.0,40.0,60.0,0.2517140463046144,0.2512768784567322,0.2514578404043566,-2.10042362974453,-2.103779301397464,-2.09734853110426,1.9900600803000679,1.9887554829975715,1.9892882612206608,14.051332295407098,14.04385138049282,14.037386763458374,0.7785098420441033,-2.0214286154605,-0.001720318474474583,0.6726145141644552,0.22375838516207405,0.2234106365942998,0.22367697779330178,0.25147770015416576,0.25138637289412696,0.251530808147218
0.0,100.0,20.0,30.0,0.2686133256300628,0.2671775835227152,0.26774108340779834,-2.062923987387556,-2.071052119345873,-2.0821536830811533,2.119751351768933,2.114310183245519,2.1108165568551245,8.744078087518844,8.737489360884062,8.728534478524095,0.7785098420441033,-2.0214286154605,0.006711403273061497,0.5351127343369865,0.16782777005779959,0.168065925353855,0.16771221882157913,0.26831280712545685,0.26714362575747314,0.26781935549525593
0.0,90.0,100.0,90.0,0.1942121925834908,0.192318595021047,0.19335566991420428,-2.067819491451662,-2.084705795282886,-2.0793221286951153,1.5387176009381884,1.542258715707156,1.5391152823635503,29.98796271442485,29.98876984550624,29.982632685443182,0.7665320191074287,-2.002511187159981,0.015282175559514388,0.9000160931173233,0.3912050736717869,0.3914089332595086,0.3909109604399668,0.193558092829783,0.19360174410703282,0.19317295078808971
90.0,0.0,70.0,120.0,0.2397006781101924,0.2390739672982964,0.23952538138329887,-0.1544077554588773,-0.1605146903144602,-0.5940869530643706,1.8857790969091037,1.8854280566816166,1.8863998353716005,18.462302283937255,18.46209887561416,18.45896801106354,0.6345985081197228,-0.520659588644016,0.5882477126323424,0.041582040606851174,0.2058384540355839,0.2059899872694978,0.20589871572400115,0.23947059636382748,0.23956021031560612,0.23959133425085824
90.0,20.0,60.0,30.0,0.2453099239382153,0.244196227227332,0.2450288879359364,-0.3080109434356893,-0.3203205738531194,-0.8172493160419763,1.9312043006229966,1.9313994083469799,1.9308127901342886,16.18105198986453,16.17924916744354,16.174533072678365,0.6658515926585167,-0.7392330937283146,0.5403224647494695,0.16345904726882998,0.19286657722051023,0.19271326305257686,0.19263783642208793,0.2450942479519209,0.24504232823253524,0.24501691663296585
50.0,0.0,120.0,90.0,0.1131389904113392,0.1115870502041876,0.11243143667953444,-0.3983878540251324,-0.4197437004983598,-0.5235981625882755,0.8864504353149592,0.8862426180729188,0.8851456262274163,33.00388914556037,32.99925584366255,32.98860877844168,0.6453124449701564,-0.5221886034343035,0.5043215974424319,1.7637706786486563e-05,0.374665426275421,0.3747847199451948,0.374777962935139,0.11262926336558797,0.1124600328173364,0.11250221043416012
50.0,20.0,120.0,120.0,0.1163600575557347,0.1151366478588907,0.11578927893727597,-0.7825066498107053,-0.7968755385877092,-0.9018185377255042,0.919236120664594,0.9174368374288593,0.9211681510938149,33.53683907883952,33.5332211586944,33.525568257342826,0.6750696220906218,-0.8936880611762084,0.5048932641841065,0.19996174672778702,0.3922463120895462,0.3922778916697984,0.39259299732152797,0.11566384326285263,0.11591996578898296,0.1161682047531358
90.0,20.0,10.0,30.0,0.2685164930454389,0.2557261347643111,0.26649708619151197,3.139144195398644,-3.1368134225164237,-2.269867618732275,2.102356295151325,2.099895130080768,2.10145546786825,3.8437773055204434,3.8608536911685527,3.8413124104033227,0.6658515926585167,-0.7392330937283146,-0.05557989985977906,0.30783472395484585,0.10375428658124498,0.10394002915129648,0.10376437087405987,0.2663831971639717,0.266263516902344,0.266569966429349
90.0,20.0,20.0,30.0,0.2868478235027025,0.2553205384197787,0.26663670743043516,1.6858756596762492,0.4500478157973984,-2.07415413189597,2.103980084405881,2.0977955469058567,2.104043140869207,2.791322274758808,2.801250989221666,2.816400906968675,0.6658515926585167,-0.7392330937283146,0.0075150424993454,0.1452274329894849,0.05185235804612467,0.051717524273473835,0.05161055975840814,0.26655092386678597,0.26656399543503057,0.2673516478680577
0.0,90.0,70.0,0.0,0.2407470881140004,0.239287597945591,0.24005838088836542,-2.0700052733269403,-2.0847611116448626,-2.0809967349874405,1.9022312298599349,1.9055623498298573,1.9035013483974064,22.236555485071243,22.237099144869607,22.220094579054436,0.7665320191074287,-2.002511187159981,0.012762119212171475,0.899817466802131,0.3144359244092756,0.3145370668433442,0.31426222804668374,0.24014423098187596,0.24030117949169752,0.23987835964345341
90.0,20.0,30.0,-30.0,0.2678525840722873,0.2661098946486481,0.26694447863365095,0.429830196386924,0.1450800851851884,-1.0195829054893324,2.1038577775853873,2.101935749966011,2.101402984215762,6.271337195977635,6.269133798293014,6.267925316199845,0.6658515918194076,-0.7392330928391041,0.20194719329344846,0.11041282298059735,0.0721530383441216,0.0721788406674413,0.07222090697699912,0.26707161815754005,0.26675950537894544,0.26700286563422587
0.0,20.0,20.0,-60.0,0.0922363478162505,0.0903245305228741,0.09125370299844288,-2.0829873653582704,-2.110862958679278,-2.094949921935346,0.7206911859669172,0.7266779793538699,0.7221159598444441,6.616035900160815,6.603542046696926,6.6002554738521955,0.6791339416486397,-2.0261790822481536,4.387929962046736e-05,0.10714047760305138,0.09915015303911585,0.09940532742487591,0.09932763626873523,0.09144474917604106,0.09161714202233863,0.09087230953155542
0.0,50.0,100.0,0.0,0.1173666962901743,0.1156797884747218,0.11637963963018738,-2.069777050844213,-2.0820825011656514,-2.077565273555796,0.9363213087784005,0.9339406302405483,0.9295961595996689,29.028672987701853,29.019442443703824,29.014811674422194,0.7187172303236241,-2.0572513802815084,0.00955070783973095,0.49997691522380433,0.36011671195798317,0.35994523802598355,0.35981431507898753,0.11694362834866774,0.11609201473369722,0.11640953936543297
20.0,0.0,30.0,60.0,0.0678059512671299,0.064553906678405,0.06654949642862527,-0.7595855553843124,-0.8537264632037442,-1.044245957681875,0.5264037502816408,0.5263461581429778,0.5281640063713724,8.538059237309398,8.530971717814477,8.52550130663524,0.6492905343418074,-0.5217752697370182,0.07203589745265543,0.04135015430599505,0.10528815607787459,0.10491065986138276,0.10524351941810017,0.0665094552377371,0.06672030617513687,0.06675107130323939
20.0,20.0,100.0,60.0,0.0728710815374935,0.0702250709453105,0.07150057005186511,-1.2175361162149032,-1.2647937993359042,-1.3022290070647928,0.5736478798449037,0.5753275619063029,0.5729275111004175,28.16492852212828,28.16490502012635,28.156927656908895,0.6784793404823032,-1.277180112019705,0.20338669029641432,0.20002529783585107,0.3335841086104904,0.33368409601216203,0.33352074528438136,0.07175987099551943,0.07167010488744949,0.0714658154622112
50.0,50.0,90.0,120.0,0.1818939381355347,0.1795433483887711,0.18088575136701057,-1.121435292888621,-1.1379813885679542,-1.3057795389143818,1.4326558321678469,1.43431319184522,1.4360337834546684,26.158830968901306,26.162741140077433,26.154124548134423,0.7149820200524383,-1.2870673309637894,0.5040535145084312,0.5001633586661499,0.32899724247428186,0.32886419865467714,0.3288897394863357,0.18076606999835623,0.1811868898376327,0.18096813991093094
100.0,0.0,40.0,120.0,0.2675585031402197,0.2660942939427997,0.26673329220106845,0.301220342124494,0.2108946915601094,-0.6837344921685737,2.1002702937729776,2.099985736842461,2.0991796831462244,9.025506203793732,9.021994225934858,9.02328931064301,0.6320527728863933,-0.520595423050527,0.2811408756014686,0.04598249788577707,0.08936292875124352,0.08941462228265978,0.08948446844991262,0.2668179249315651,0.2666840919602214,0.26671566674151237
90.0,20.0,110.0,-30.0,0.2189377941144811,0.2176118610067277,0.2183724760189969,-0.4939093717290773,-0.5048455668389615,-0.7419359489888446,1.723352155656844,1.7224998823791446,1.7218713184432675,30.431889863512534,30.434977137071407,30.41976315130001,0.665851592565216,-0.7392330936297061,0.9031607720563349,0.20020134296068187,0.3545215589284685,0.3546543464225417,0.3544361129961518,0.21851946492759003,0.21835556932797803,0.21845283460264037
50.0,20.0,70.0,60.0,0.1381217219407007,0.1376360538290677,0.13788609629848755,-0.7699835683040688,-0.7753076694432139,-0.9919677660392199,1.090212005846273,1.089621073345114,1.0908389622489763,19.758945379394913,19.753025822639962,19.754442092821677,0.6750696220906218,-0.8936880611762084,0.35171249364914575,0.17785398432147947,0.23879496571851877,0.23864556507271253,0.23867041685368395,0.13781961265893852,0.1378937230859728,0.13797215223481157
0.0,90.0,10.0,-60.0,0.2639910060808905,0.2636028721311166,0.26376722747831555,-2.0708860625146746,-2.0742346548367245,-2.0869426844383367,2.0823337030506552,2.0807364485104682,2.0830878892387856,5.915755392160226,5.913663377232377,5.913310150453958,0.7665206577597665,-2.0024884170211266,0.0032320444896697725,0.4231784493950656,0.1341258798084392,0.13422867388463502,0.13413987481400422,0.263634638576192,0.26373538969035065,0.2639333903504385
0.0,20.0,40.0,60.0,0.0789981837636481,0.0776247953045135,0.07846633450207198,-2.0856327148053677,-2.1154407561719086,-2.096649332410137,0.6236384788329764,0.6251055161611391,0.6264956383641956,11.964844881669979,11.955485400426639,11.955704791751506,0.6791449760543936,-2.0262614013022464,-0.00021224767981056804,0.14639240383229357,0.15616550416011984,0.15609231634745938,0.15609186256632068,0.07834074179236747,0.07868656364645803,0.07847734104415442
50.0,0.0,30.0,-30.0,0.1538482969315011,0.1492128034731485,0.1520736474917093,-0.0961817057191578,-0.2053017783809059,-0.7865091713927251,1.1984731218561646,1.198564725675998,1.1984448575522582,7.760198372632068,7.755243641783375,7.754729450691687,0.6453124441527005,-0.5221886022585602,0.15854308016978372,0.042924491899491116,0.0905940696972207,0.09049145688150688,0.09058960518591673,0.15215585307597235,0.15215619713609174,0.15214546786148353
50.0,0.0,30.0,0.0,0.1538681176919437,0.1492052889915928,0.15208675276683553,-0.0961706898405575,-0.2058149316420953,-0.7867032473306058,1.1984741022495977,1.198662581644924,1.1986667635976658,7.760847358932031,7.755401081483157,7.754753882788694,0.6453124449701564,-0.5221886034343035,0.15856633511993992,0.042964313728203925,0.09060107283994563,0.09049117092368045,0.09059611021517712,0.15215522136498644,0.15218296513095247,0.15215910039087452
90.0,0.0,30.0,-30.0,0.2832730706098086,0.2610066810600482,0.26795683507246104,0.8316377189857604,0.4200283535959004,-0.9827555407547665,2.1185966918540196,2.1171434915322163,2.116411224179478,5.530187445541418,5.553239104545347,5.535695214720724,0.6345985072739786,-0.5206595880186774,0.1180421843455038,0.06281559038603722,0.048349910900278646,0.04851800615428766,0.04873903318002777,0.2690960291698916,0.26878260030901446,0.26897884360311575
0.0,100.0,30.0,120.0,0.2621535339730121,0.2616094082962452,0.26186060192238636,-2.09982808068544,-2.1039145031928603,-2.096491580864331,2.0711294644323286,2.0693876776922,2.0692813548852786,11.415167924162697,11.412262273265057,11.408995059048582,0.7785098420441033,-2.0214286154605,-0.0010910778149755347,0.6146904810200909,0.196470554563175,0.19641085890584772,0.19630313070614433,0.2619551173765298,0.2617159186710527,0.2619370585683275
0.0,100.0,0.0,0.0,0.2680615972170371,0.2664137442736966,0.26722136908769945,-1.9989678708984195,-2.040399219685535,-2.091361284646619,2.1074785871268005,2.10779157516352,2.108478540558381,3.21434988861873,3.2170567230043874,3.2165853111053497,0.7785098420441033,-2.0214286154605,0.0010746045542737541,0.3327406164320834,0.10468731423618971,0.10464844347754985,0.10461999691885805,0.2671592528166982,0.26728568964107374,0.2672536183097949
20.0,0.0,40.0,-60.0,0.0632174143722887,0.0621289817063285,0.06266930462301229,-0.7934595552696295,-0.8265827842175402,-0.9819251090733734,0.4983606890979389,0.49478004459297925,0.49582988452500476,11.262061463283098,11.254860033144189,11.247703877388748,0.6492814902104683,-0.5217758002808143,0.09036828828026451,0.04458837105500063,0.1349156837960073,0.13462600349224066,0.13445514115280757,0.06279055048134863,0.06246096487613767,0.06290913665785235
20.0,20.0,0.0,90.0,0.1263252804364503,0.1072341765973394,0.11742090802408352,-0.3479595233453237,-1.1068190277401009,-2.0885982782161676,0.9557252164109526,0.9583329585151311,0.9566834483805194,1.8961015431664867,1.870140296784668,1.908422686650678,0.6784793404823032,-1.277180112019705,0.0005508501398627743,0.07265235900343442,0.05760349618971585,0.05697721731865198,0.05725592631568251,0.12134770835651339,0.1214807656371309,0.12114488044302402
50.0,50.0,80.0,30.0,0.1674176223971359,0.166685778328524,0.16711249246599735,-1.1475074764533704,-1.1529654402576055,-1.3308859746745108,1.3238202303162312,1.3268557052625694,1.3246384758869068,23.297348432562618,23.29462568627995,23.282497624789453,0.7149820200524383,-1.2870673309637894,0.407330602490587,0.42511701353020825,0.2945746159040394,0.2948760982849128,0.2946558471040441,0.16718645782427574,0.1673019698010745,0.16691702823551766
0.0,20.0,50.0,30.0,0.072820235538161,0.0722507189895932,0.07253191805168231,-2.0878908893509247,-2.113730743662329,-2.098638992733961,0.5781447494368656,0.5803827771344128,0.58009432035505,14.641752807197674,14.64675362302666,14.645998603785687,0.6791449760543936,-2.0262614013022464,-0.0005680621165800965,0.1605724102958243,0.1852011098374751,0.18538671765333264,0.18508875089559676,0.07247607841663861,0.07272014206368682,0.07243717374680858
90.0,0.0,0.0,60.0,0.2575450892537271,0.2565489445454291,0.25696100375972447,3.138026389677682,-3.140110907562068,-2.091365830771182,2.026987190432938,2.027615457278879,2.0283937253442432,3.1399199758205354,3.1367959149414824,3.1424948775263317,0.6345985081197228,-0.520659588644016,0.0010091538991911307,0.31215663799841814,0.10220742112615881,0.10215684310151626,0.10235342954798268,0.25696097840966325,0.2571399193959887,0.25706126218635744
0.0,20.0,100.0,-90.0,0.0509342579335478,0.0494954124710565,0.05019136418130595,-2.01377488703394,-2.0926601858331155,-2.0513463632462505,0.41155169699037225,0.409145189142203,0.4119891061946586,28.189763392240852,28.18841968858321,28.18885920185889,0.6791285556677786,-2.0261405303367597,0.009262313807509788,0.2000328401310615,0.33420321655963114,0.3342079992667546,0.334164788549229,0.05021081858771825,0.050278321463887395,0.05057073543715957
0.0,20.0,110.0,-60.0,0.047279586150641,0.0451404570024307,0.04605261271685747,-2.0470820429901804,-2.087903575846559,-2.0652717047121736,0.38200345203272223,0.381439697743348,0.3784683040930195,30.933362501435315,30.92763077651921,30.914831249452618,0.6791438680978936,-2.026253466135389,0.006788011704267494,0.20000910492123714,0.364147533515529,0.36398160674689944,0.36388853627743933,0.04652526216892884,0.046099165598953135,0.04616190003202136
20.0,0.0,50.0,-30.0,0.0593445259565274,0.0582396934498595,0.05882916557972494,-0.7679438734257303,-0.8125868609256164,-0.9253434112205855,0.4661997700509885,0.4678662223649998,0.4648735562957313,13.959043472229782,13.969490197421749,13.957552287828191,0.6492905337140159,-0.5217752676932367,0.1065642860617464,0.04525742046991486,0.16406338810140803,0.16432691928658716,0.1643508739919597,0.05902393005455438,0.05886260450415675,0.05866388835106669
0.0,90.0,100.0,30.0,0.1942121939955761,0.1923185955287635,0.19335592407292257,-2.067819544095613,-2.084682605467168,-2.0793192452957574,1.5387191918318626,1.542260588338189,1.5391169631339174,29.987965928331374,29.988772663843395,29.982636142386614,0.7665320191074287,-2.002511187159981,0.015285182634052529,0.9000177320803023,0.3912051543919529,0.3914090195247842,0.39091103864533994,0.19355831729130588,0.19360198138452833,0.193173153212233
20.0,0.0,110.0,-90.0,0.0507271822741737,0.0472880800414021,0.04918498133699243,-0.4430340467812921,-0.4991900232325946,-0.5235927075203938,0.3886227468223452,0.38666086513476605,0.38908686573633966,30.317728860141127,30.31688936565859,30.309054365720606,0.6492831149211027,-0.5217877918473472,0.2035351321921608,1.9713947849322433e-05,0.34548960955464736,0.3454099850691936,0.34537032818378377,0.04925487001135244,0.04933195752300601,0.0495529610578538
50.0,50.0,0.0,30.0,0.2212463482406623,0.220340595185979,0.22077262524324257,1.4000056635040854,-0.2675625539367816,-2.091387928728766,1.7453322150619264,1.7393439522880416,1.7404717120295197,2.6820900122409315,2.688744765618712,2.6824175693028174,0.7149820200524383,-1.2870673309637894,0.0007405133346881724,0.2286258805012735,0.08731753605268353,0.08756847303518377,0.08728956387774774,0.22097297530299326,0.2203560486727859,0.22111728527268942
50.0,20.0,90.0,-30.0,0.1311429079235503,0.1305749027538311,0.13082333054147186,-0.7500524277201829,-0.7561232343934997,-0.9202014782482365,1.0357367984452575,1.0357684892424286,1.0336338154581237,25.214008185083888,25.211558540749113,25.2030029583136,0.6750696218184463,-0.8936880605666468,0.43128862960323106,0.180463668916623,0.29860810016566214,0.2987320629903092,0.2986658574007607,0.13100823292565916,0.13074939111144546,0.13075491678952536
20.0,0.0,120.0,-30.0,0.0460824172123656,0.0435640731296654,0.04507086403623848,-0.4314626727273524,-0.5282394655856135,-0.5229240887226548,0.3591578305139539,0.35848508432767806,0.3591906212222391,33.10333160298712,33.1070206686998,33.091604383127354,0.6492905343418074,-0.5217752697370182,0.2039313806161198,-6.170881700126556e-05,0.37717398716353917,0.3769906531222462,0.37708482820471056,0.04545747952722558,0.04549674310664294,0.04556076272998097
90.0,0.0,0.0,30.0,0.2576316261367819,0.2562535867679164,0.2569389992323995,3.139770996349973,-3.138381954315882,-2.0913501069411007,2.0264417556876637,2.0280543446182033,2.0281255914719276,3.1458924174459058,3.143916490227133,3.1499730451669152,0.6345985081197228,-0.520659588644016,0.001025144610723819,0.3121262947253054,0.10231070013575828,0.10230333303601925,0.1024798447289759,0.25696582906508253,0.2571723166330416,0.2569742363189481
20.0,90.0,20.0,-60.0,0.259003352013028,0.2574341593190233,0.2582864916775449,-1.5822835669190924,-1.6557060482668031,-1.9070586869650017,2.039654557894399,2.0395605661395817,2.0409250799401715,8.392576211767668,8.386032832728349,8.38398920211927,0.7655179280107427,-1.7767973740609149,0.09135113194269574,0.482563516588769,0.1595175784190566,0.15947156273671245,0.15938748810280148,0.25819328503547906,0.25835155953908734,0.25836011113808893
20.0,90.0,10.0,0.0,0.2680057661885659,0.2566659878185733,0.2633055594867819,-1.635671579507946,-1.8179786257241533,-2.004962341132628,2.0942422799452483,2.091906497538248,2.094937376305052,5.856199189728684,5.834300432226848,5.863857830707653,0.7655278996474294,-1.7768164101630861,0.037235305281956746,0.4220493029753969,0.13406101825719047,0.13407710938795558,0.13454240608741058,0.2650926531142005,0.26516308827726975,0.26548424180227453
20.0,50.0,90.0,-90.0,0.136927276521501,0.1350692852002482,0.13617442326807316,-1.6272527193911583,-1.6527653089293066,-1.709807000659281,1.0877637102197126,1.0834863610809193,1.0867519410069608,26.34568847928346,26.339575863934336,26.338869230684118,0.7181238221238379,-1.6819451600025876,0.20312048209176603,0.5000128318526362,0.3322733419681303,0.33210471185601703,0.33213060240752207,0.13616859849621352,0.13606014085379098,0.13657322185568946
0.0,100.0,50.0,90.0,0.2417511286782665,0.241255478603778,0.24148794830409737,-2.098677646936008,-2.1048073686818207,-2.097910348528037,1.9125541369805796,1.9108099216626526,1.9133140944318856,16.693695331116185,16.694828579322575,16.682400796380445,0.7785098420441033,-2.0214286154605,-0.002188789206463034,0.7254788560786206,0.2516180141365406,0.25141253362221017,0.2516057973930849,0.24136307856718328,0.24146761343235795,0.24165945061354652
90.0,0.0,20.0,-60.0,0.2910303412910535,0.254608711367117,0.2660257341738053,2.628575941920315,0.7604262749573399,-2.4303627521040316,2.093262031121099,2.0959446389092284,2.1014519946640973,3.661537018119845,3.6762944723594355,3.689425252326252,0.6345873263634367,-0.5206652856279476,-0.07192845279586911,0.17027649775187953,0.06886053332790217,0.06865353708481566,0.06906813653720417,0.2655476916302435,0.26659894581701965,0.266249197833696
0.0,90.0,110.0,0.0,0.1817724585370919,0.1799468883882985,0.18096264354656572,-2.067599395425152,-2.086316935869703,-2.0792829991208768,1.4460153780427731,1.440468848032431,1.4448156446479834,32.60666033449598,32.59930401845763,32.590188963435125,0.7665320191074287,-2.002511187159981,0.015345713339763227,0.9001816381259933,0.4177412608721583,0.417643844512876,0.4173704342140487,0.1809279677309909,0.18081099990305144,0.1814834906983559
0.0,90.0,90.0,-30.0,0.2078427914214864,0.2065472811444785,0.20719248137046453,-2.073332520416825,-2.079938618166428,-2.079329253824925,1.647523766217812,1.647843975564478,1.6486973616968499,27.381191096070822,27.36939151651702,27.370582110715418,0.7665320188489807,-2.0025111865612915,0.0150749646868596,0.8999126136341415,0.3646429531061982,0.36451963790990033,0.3644258038475207,0.20718984737450935,0.20732430664301424,0.20726783019486064
20.0,50.0,40.0,0.0,0.1574304376002674,0.1568286025318292,0.15716981536345484,-1.613181976086286,-1.6301935370429712,-1.773180852727048,1.2441460182607766,1.246023867094665,1.244791544445707,12.734892813051482,12.729328798465234,12.731547691526927,0.718145790998976,-1.682010494824096,0.10821815653603699,0.32502103943091315,0.18253143292049043,0.18246350398752706,0.18238374276877162,0.15721045306355347,0.15727567750898125,0.15704145034498196
50.0,20.0,0.0,120.0,0.1687759469908104,0.1678039228813268,0.1683024856863564,1.809315691062042,0.0839818990677697,-2.091323457692077,1.3295493670158405,1.3251953896870563,1.3285402309693743,2.047222880747138,2.0495727856968697,2.043105048105644,0.6750696220906218,-0.8936880611762084,0.00045248459896814013,0.13283473166333531,0.06668156897418592,0.06676649159718316,0.06649124686560534,0.16822449717410604,0.168102118807436,0.16865248463331026
90.0,20.0,40.0,120.0,0.2673349815479802,0.2641338891506923,0.2666816121903762,0.0358239584929694,-0.0655534384423436,-0.880521183750767,2.1015511848057016,2.1017023283496807,2.0996794372809724,9.808260034517936,9.80461240870199,9.802778779877798,0.6658515926585167,-0.7392330937283146,0.3463615567300753,0.1297556687330097,0.11595704810013734,0.11594616833669302,0.11599556147322719,0.2668991831234121,0.2666580378137825,0.2666471433281635
90.0,0.0,40.0,-30.0,0.2675757532469157,0.2661209824534633,0.2667523648760777,0.3006962008614822,0.1934242154092019,-0.6883923090433455,2.100493918858226,2.1001719279300457,2.0992282369831856,9.040345063535517,9.037383517931268,9.038355639793167,0.6345985073679672,-0.5206595880881654,0.2828205721550786,0.047754712509778974,0.08994827945607613,0.08996723616264676,0.09003767414960777,0.2668484463655731,0.26669110061049384,0.2667276270401113
20.0,50.0,110.0,90.0,0.1175757188287285,0.115761695840678,0.11664163794571059,-1.653656873918422,-1.6652585398176116,-1.7076420581628844,0.9332535755858617,0.9377358702318794,0.9359095503186653,31.6678061196753,31.684300717588393,31.67490836958639,0.718145790998976,-1.682010494824096,0.20526684508945134,0.49997723581968406,0.38864377861675314,0.3887485236855395,0.3885359639368651,0.11674974430169686,0.11706933299410167,0.11651213955344954
50.0,50.0,100.0,60.0,0.1672380719475317,0.1660635206894404,0.16666614758426646,-1.1501326292155754,-1.1632756446374264,-1.3045490041433498,1.3232799325390403,1.325457216898945,1.3232730357984337,28.869682961103624,28.86653603857713,28.852758560331154,0.7149820200524383,-1.2870673309637894,0.5057161122378365,0.5000239487601911,0.35728279741013635,0.3572848339037021,0.35724774121411085,0.16684139356661162,0.16683563741500065,0.1665659619253389
20.0,50.0,120.0,60.0,0.1099594070821722,0.1074168049160888,0.10861112957735851,-1.6535414924314298,-1.6804494707581,-1.7077196911957038,0.8720437839066364,0.8737989598494923,0.8741153199854761,34.3653455214722,34.36543059448764,34.35235678026195,0.718145790998976,-1.682010494824096,0.20534553062648248,0.5001509669679027,0.4176257619133201,0.4174046292348564,0.41738422351391274,0.10869246559767134,0.10895111383617219,0.10871481924071819
90.0,20.0,40.0,-90.0,0.2673631388690426,0.2643173789485409,0.26670192633348455,0.0365480197124773,-0.0612789398876991,-0.8793405585605504,2.1017823521538546,2.1017675144903745,2.0997685326404194,9.802578185726741,9.799459349489545,9.79730663496543,0.6657954538103109,-0.7392742276107725,0.34603049533488234,0.12914074659514033,0.1157964511851524,0.11578570468885004,0.11582922868681811,0.2669212502048696,0.2666620890754946,0.2666728380117693
50.0,50.0,30.0,120.0,0.2080581762134691,0.204892736871122,0.20696511966592862,-0.8367580954881676,-0.9253093472746716,-1.4246495628082687,1.6340020918021683,1.634489065763257,1.6347054005653063,9.39347681362528,9.387824029920315,9.387011940289977,0.7149820200524383,-1.2870673309637894,0.21988043934919704,0.27809805730045933,0.14322034571274989,0.14299616896493836,0.1431048689550024,0.20697790326243223,0.20706138892468678,0.20700010048365297
50.0,0.0,70.0,60.0,0.1304432111915231,0.1298600891167775,0.1301824533759326,-0.4067376338067778,-0.4184217067525818,-0.6414768539875273,1.0259216802612725,1.0256656726757212,1.0260248477933884,19.181530115004747,19.174296824527485,19.17403089676318,0.6453124449701564,-0.5221886034343035,0.34024324756135427,0.040301522280641516,0.21998701877198262,0.2201152837158298,0.2199730855925108,0.13016651138881388,0.13019846090366055,0.13023207114204605
0.0,100.0,120.0,60.0,0.1869616242865599,0.1851398015329106,0.18605399833073602,-2.083983963478353,-2.091698590207133,-2.088706233707461,1.488108117800403,1.4853033351466303,1.4864352625550772,35.39562536861964,35.39409410538657,35.38332496780003,0.7785098420441033,-2.0214286154605,0.007470326876972405,0.998908142311477,0.4509027945902873,0.450705458154496,0.450728816720651,0.18629159921340463,0.18608581703196725,0.18643101787723426
50.0,0.0,50.0,-30.0,0.1408437835645526,0.1395005405289241,0.1403132483051772,-0.3391676937649866,-0.3599099093179106,-0.6973829345202324,1.1058606266791848,1.1064215712525498,1.1046857181846028,13.575190225516963,13.575824027818415,13.560695627983929,0.6453124443343582,-0.5221886025198423,0.25943038356854903,0.04559216375591443,0.15670263784222374,0.15677070771638996,0.1567010300262349,0.14044836474463024,0.14029310935719685,0.1402226464080617
50.0,0.0,110.0,-30.0,0.1244307045551015,0.1210535848195032,0.12296007607280827,-0.3789376970039168,-0.3929493276748509,-0.5237134326118098,0.968038825774795,0.9678896013407373,0.9677586146314257,30.187205103261938,30.185748364069234,30.178384224052767,0.6453124448793283,-0.5221886033036657,0.503866674574533,0.00010934988524062761,0.34278319466420737,0.3428063458664609,0.3426218583013875,0.12306047417222937,0.12303538515412271,0.12304447915761302
20.0,0.0,30.0,30.0,0.0678164706087072,0.0641857584296769,0.06627515488902389,-0.7702977573877309,-0.8631946912188551,-1.0442669848948274,0.5244266155812025,0.5233733809502746,0.526515115847296,8.533632940598777,8.522436497309041,8.528050194748017,0.6492905343418074,-0.5217752697370182,0.07171605147770553,0.0411501948700945,0.10524175259183657,0.10482792428262545,0.10506756194506134,0.06615735924177696,0.06641558325349017,0.06655837571643813
90.0,20.0,90.0,-90.0,0.219668606553312,0.2192118775994884,0.21944081019811704,-0.4618527444332136,-0.4653815023936387,-0.7618103680257491,1.7306181051435574,1.7300395534510804,1.7300688599688923,24.798888784050284,24.791839374125153,24.787313817807473,0.6658308347717119,-0.7392493768412319,0.7413806605955331,0.17994407015539857,0.2908765564358159,0.29060026824573376,0.29067811178683955,0.21947147022507155,0.21939448807073345,0.21948281979630432
0.0,50.0,100.0,-60.0,0.1173828551713693,0.1156323625424747,0.11638188140711754,-2.0685930621309514,-2.081242397894856,-2.0763891713645792,0.9361593864285989,0.933951160364596,0.9297934809843864,29.02827977590801,29.019099909050748,29.01468240736781,0.71871516440226,-2.057244386923241,0.010139272535485421,0.4999821818390693,0.360122704044333,0.3599618463909226,0.35985242319476135,0.11692385746770596,0.11611645162804077,0.11641230873605214
50.0,50.0,60.0,-30.0,0.1800264560695601,0.1796319744114827,0.1798830275572299,-1.1221721611678164,-1.1293316359945682,-1.3723250515761831,1.4233113699670235,1.4248435217587336,1.423541385804516,17.84428300195155,17.839242154371984,17.834774345228016,0.7149820195097082,-1.287067329650856,0.3349195170180595,0.38006538581746924,0.2353898110849584,0.23515068441033382,0.23515534112583192,0.17994869395359517,0.17996442377972333,0.17976477140623717
20.0,50.0,40.0,-90.0,0.1574507676673943,0.1568942332782889,0.1572331252436993,-1.6130232341163624,-1.6298209578179532,-1.7730722694922678,1.2447472950403262,1.2464403783831886,1.2452586533368188,12.735640117109572,12.729580324828891,12.732150063946246,0.7180868798894275,-1.6818471082022435,0.10830921292429528,0.32517343086540257,0.18255379770166702,0.18247258435863747,0.18240338861045,0.15727790676406297,0.15732408541462725,0.15711428976139089
50.0,0.0,100.0,30.0,0.1358978742385019,0.134989759672798,0.1355885542285137,-0.3516559057609207,-0.3590799099307623,-0.5239731660728821,1.0677595383845122,1.0675355619113545,1.066570612287506,27.34046109410682,27.33612854937797,27.328266764847957,0.6453124449701564,-0.5221886034343035,0.5026556952350621,0.00021979671145988468,0.3097946996805823,0.30989104395645295,0.30985188070850905,0.13569547964290082,0.13555456081585543,0.13558495990419678
90.0,20.0,90.0,0.0,0.2198060866410173,0.2192723782590642,0.2195269345506014,-0.4614753392573744,-0.4663745838154345,-0.7627849097858538,1.731339139526955,1.7300560788361514,1.7314017495057052,24.80235072763976,24.78951876517476,24.794694836453367,0.6658515926585167,-0.7392330937283146,0.7417132276839129,0.18079353090505992,0.29096956171384314,0.29063071445398525,0.29078825516405515,0.2194744279160848,0.21947168373737339,0.21965063463357107
20.0,50.0,60.0,-60.0,0.1420572407349316,0.1415043694191523,0.14184011061615748,-1.6618747079530771,-1.67129948035525,-1.761058026185756,1.1254740682873783,1.1260060710453108,1.1291194894780443,18.103793347249514,18.09920103714172,18.100943592219483,0.718139364180623,-1.6819927598718367,0.13335003100848716,0.38442178347993344,0.23954968123742393,0.23980720865271302,0.23975970440345734,0.14156863701489905,0.14203719455312977,0.14196221361592706
90.0,20.0,40.0,90.0,0.2673353610959932,0.264127055836608,0.2666780704900338,0.0359420281224623,-0.0650797308487943,-0.8803608400614874,2.1015272869469834,2.1016684072859815,2.09965225554002,9.807654776779824,9.803973575212497,9.802217896226457,0.6658515926585167,-0.7392330937283146,0.3463133488111943,0.12967111731646808,0.11593748226496368,0.11592560590895694,0.11597514195640182,0.2668957308483994,0.2666540434394259,0.26664447928548674
0.0,100.0,80.0,-60.0,0.2429111590934138,0.2412676022126322,0.24202492943277681,-2.088447313592004,-2.094307621256967,-2.091071867742851,1.9223868101820623,1.9209495756904051,1.9201762602240722,25.041951180372823,25.033315568644714,25.03297001846422,0.7785060698983152,-2.021420888572627,0.004603548253488124,0.9999075283092733,0.34644252232091194,0.3464109535634782,0.34623136959498885,0.24221040984459083,0.2419369930233394,0.2421100259628686
90.0,0.0,120.0,-60.0,0.2055650609513241,0.2040906198052616,0.20484168555308074,-0.3040439734951878,-0.3160919699200071,-0.5235935167382026,1.6128052455195814,1.6107089158152224,1.6147739253000615,32.705818383728136,32.703719486387484,32.69492154373118,0.6345985081197228,-0.520659588644016,0.9034477497106207,6.943156985937825e-06,0.3691625957245254,0.3690581681950716,0.3688893472764011,0.20465248751615425,0.20491634548457932,0.20515181442167096
0.0,90.0,80.0,90.0,0.223629257965765,0.2218927805627917,0.22267860965544556,-2.0740712015144656,-2.0818775482096776,-2.081499137803667,1.7699629865616373,1.7666939349118225,1.7685763390307971,24.805364904061236,24.80023834299578,24.788549641161048,0.7665320191074287,-2.002511187159981,0.0126576064184425,0.8999196609388654,0.33895074079029025,0.338951055823627,0.33871143780914337,0.2226966747269846,0.2225501406389648,0.22295287754382873
90.0,0.0,80.0,-60.0,0.2312571045325778,0.2308424196577685,0.23107173459755326,-0.2086698946697664,-0.2128779829868124,-0.5767090648296532,1.8198306283114505,1.8192334772865575,1.8184197686808456,21.35841039966522,21.36070823499674,21.344958733605587,0.6345938721563662,-0.5206618170535543,0.6611364155398156,0.03516481434623648,0.23945563539201278,0.2393867786295291,0.23924665216910815,0.23117878446883355,0.23099166267266216,0.23106799347461807
50.0,50.0,80.0,-90.0,0.1673085305400889,0.1666062925320774,0.16700397611107648,-1.149546112456327,-1.155108585665647,-1.3322306894078164,1.3227410279604392,1.32564900755843,1.32437109547495,23.298513900402064,23.29600076876434,23.284688982124184,0.7149527309750012,-1.2870360615946288,0.406563303823882,0.42545071131816964,0.2946082489449535,0.2948867192037758,0.29473804721289615,0.1670033768532362,0.16721989109545193,0.1668499874684519
0.0,100.0,90.0,30.0,0.2263405397328045,0.2247594192979377,0.2257006020389817,-2.0815767664417084,-2.088599486539904,-2.086924688753942,1.7954781572369167,1.7939576886257211,1.7921420606925096,27.618129916849348,27.605811521903796,27.602632713072914,0.7785098420441033,-2.0214286154605,0.009109810023562858,0.9999300650570071,0.3723137601310107,0.37226213077027465,0.3719486862890936,0.22598894793686106,0.22556754842448984,0.22575664647785643
50.0,20.0,70.0,90.0,0.1381149333959433,0.1376639791268641,0.1379162958618596,-0.7699356980345874,-0.775117599107038,-0.9918021166636058,1.090363792500729,1.0896480045242167,1.0913455266118242,19.75881784350601,19.751899948149703,19.754192122549732,0.6750696220906218,-0.8936880611762084,0.35180982424302204,0.1778315991370926,0.23878387423280417,0.23863618060199862,0.23867401121315443,0.13781294782325676,0.13793343682377796,0.13802487688656354
50.0,0.0,40.0,0.0,0.1467863053232445,0.1446680463682764,0.14612974791700817,-0.260771616426689,-0.3007641685590776,-0.7314795341949862,1.1512657789809708,1.152058118343724,1.1510513807416454,10.724474678739082,10.723748910035717,10.720142862465554,0.6453124449701564,-0.5221886034343035,0.21261975267708533,0.04495189977924126,0.1244834736721203,0.1245912489183703,0.124474139016106,0.14622393411212295,0.14619982923604807,0.14609490399330502
100.0,0.0,50.0,0.0,0.2670695940456364,0.2666382043991759,0.2667920919428396,0.0917237715850095,0.066525085476602,-0.6333977353206427,2.099859740294233,2.1009725910068666,2.0999009287279913,12.237068417470896,12.237742395355099,12.235300825171455,0.6320527728863933,-0.520595423050527,0.41157405509384004,0.045585484151697095,0.12973001903885945,0.12990273255135368,0.12987404159350385,0.26683278127512977,0.2668505281254713,0.26670479413936643
0.0,100.0,110.0,60.0,0.1988412089815751,0.1969132623735537,0.19788784264392012,-2.0797293663655627,-2.091140808570498,-2.0868153539221743,1.5768867984291082,1.5774943866979354,1.578117629325565,32.79771834525565,32.79399154702956,32.79232641892146,0.7785098420441033,-2.0214286154605,0.009334180553185445,1.0000448137090707,0.42402088501179164,0.4242136385155872,0.4238669670684364,0.19793545759239936,0.1980726147666821,0.1980105473719635
50.0,0.0,50.0,60.0,0.1409453154304148,0.1393701621524242,0.14041072874695543,-0.3393466804459255,-0.362768095321838,-0.6978622917284684,1.1066681966399607,1.1071252279398753,1.1056070947716516,13.575354423579835,13.575801040666375,13.561418467631743,0.6453124449701564,-0.5221886034343035,0.2596218657183074,0.0457546237598899,0.1567124958507831,0.15677786833930535,0.1567116279463242,0.14053638579442118,0.14039671145733776,0.1403394324351722
0.0,50.0,90.0,0.0,0.1267582562913543,0.1253687533330993,0.12600760499991792,-2.073130563840466,-2.099812782044493,-2.086128739602867,1.0062938158643842,1.0062636738781583,1.0088154062296721,26.36766912637879,26.364252674099014,26.356049607017205,0.7187172303236241,-2.0572513802815084,0.004841000713197448,0.49998304944287997,0.332429190474832,0.33247021027932583,0.33250998954879407,0.1258640066647245,0.12617809468854863,0.12618767474014278
20.0,50.0,100.0,-30.0,0.126610810107836,0.1251055607370653,0.12579960846999821,-1.6409211671078547,-1.6576166074024208,-1.7076511284692542,1.0065139408870118,1.0052141785273947,1.006809025436039,29.009710990655137,28.999330959197977,28.99664059693283,0.7181457908222978,-1.6820104942123644,0.2048038778897081,0.4999856253484928,0.3597697943621442,0.35950014823433324,0.35982210866846287,0.12583290479968626,0.12583119012024135,0.12601059743439005
0.0,100.0,70.0,30.0,0.2612144992147566,0.2594417321173077,0.2602330144629499,-2.0855799582194385,-2.0958809052338823,-2.090632655023664,2.062223343715267,2.062427896157179,2.0642869270247024,22.49531800054186,22.494604626712473,22.48315960737402,0.7785098420441033,-2.0214286154605,0.00462144640452705,0.9998601799146171,0.3221643786113692,0.32221636173938595,0.32211743703334783,0.26011379357746645,0.26038109194519826,0.2603475770617478
0.0,50.0,60.0,30.0,0.1343080248852041,0.1338059555512353,0.1341012052813547,-2.095139805358518,-2.099509310295571,-2.09577043833256,1.0662547194527734,1.0665789769470604,1.066969327208498,18.141275464962906,18.1356516421639,18.134040156180312,0.7187172303236241,-2.0572513802815084,-0.00027107050218678537,0.38592365812033746,0.24057423677250425,0.24040619241631805,0.24041928180872346,0.1340635709957279,0.13417108995602933,0.13411455652571191
0.0,50.0,110.0,-30.0,0.1087653339466292,0.1070419318142906,0.10794470654740797,-2.076618597752278,-2.088219144126473,-2.08371300301904,0.8697027344687217,0.8682132966888623,0.8676705003068336,31.68801568469482,31.67401060184163,31.67427879749405,0.7187172302330024,-2.0572513799797765,0.006951440107226759,0.49995989259645146,0.38881720319634033,0.3887576946459347,0.3882968746707675,0.10816668928023199,0.10793156551136493,0.10810785309362135
90.0,20.0,80.0,30.0,0.226776877306055,0.2265224469697499,0.22666935199543448,-0.4370836087572841,-0.4391572029309604,-0.7845044172059524,1.7867316162152707,1.7874118548807916,1.7870163428016888,21.991582345256212,21.987055692372728,21.980937921625557,0.6658515926585167,-0.7392330937283146,0.6793529160923689,0.18133167577371181,0.2594117338384125,0.25931848472916613,0.2593529779918519,0.2266825297719603,0.2267143029501012,0.22663599868405407
20.0,50.0,10.0,90.0,0.1841947794285494,0.1816680638467877,0.18319661597327289,-1.2329013103852249,-1.4626368892549426,-1.8661109864744696,1.4460574548266918,1.4460039734268721,1.4468625144482343,4.611933287707213,4.611522897790125,4.605756434578714,0.718145790998976,-1.682010494824096,0.04767666483341361,0.20611074320667344,0.09729754911348104,0.09725949613707027,0.09719987651093022,0.1831617224410809,0.1832683275187074,0.1832696109891012
0.0,20.0,60.0,-60.0,0.0671125903500039,0.0666608472020417,0.06689671177415421,-2.094888851712469,-2.106006506911282,-2.1001817355822454,0.5344251766785779,0.5366578610456186,0.5386345101770149,17.322938059109397,17.334226382373746,17.32188162066565,0.6791381886338912,-2.0262122865136285,-0.0008290806747077547,0.17149679018248248,0.21425105513548504,0.214749959694654,0.21443150559178842,0.066664851555311,0.06719093553983997,0.06692867276121908
100.0,0.0,120.0,90.0,0.2245967966499891,0.2229819193617176,0.22380453553490948,-0.2846490746704195,-0.2961627380385138,-0.5235953864515763,1.763311076345296,1.7590970376177615,1.7636979371634571,32.61771008958458,32.62255920854116,32.60897036680524,0.6320527728863933,-0.520595423050527,0.9825377657753196,7.3365249634237045e-06,0.3673581434117991,0.36722680204700536,0.3670945219491181,0.22364850375992243,0.22372852640904592,0.22422445439607108
0.0,50.0,120.0,30.0,0.1014287128633847,0.0997208121605301,0.10054406070328695,-2.062790949637041,-2.100652172794303,-2.083592677117131,0.8109949640112286,0.8116577241605026,0.810931961069017,34.384924989377275,34.379633695956414,34.37767787919059,0.7187172303236241,-2.0572513802815084,0.00713204376557449,0.5001243387644381,0.4178525827558228,0.41796938774345277,0.41743542779020487,0.1007309933510113,0.10074967631692612,0.10064356030343308
20.0,20.0,50.0,-90.0,0.0890183418798654,0.0883965607021444,0.0887239308247468,-1.340810457627161,-1.3714030900976508,-1.4792696986234068,0.7053047518234026,0.7053995289885395,0.7053536130274299,14.58249016062079,14.584739505322556,14.583703470749711,0.6784291519657476,-1.2770165699555431,0.11272055942200655,0.1593993788801919,0.1841723304124119,0.18437269981042811,0.18434511352623165,0.0887488134314166,0.08874904406333313,0.08875790511153868
20.0,50.0,110.0,-90.0,0.1175707909197685,0.1157608268967013,0.11664333325936789,-1.6533025260554786,-1.6651676100966166,-1.7076367314731729,0.9330518530937556,0.9379197386802418,0.9359823956654095,31.66745495550334,31.683515396463577,31.67320154809818,0.7181385437037335,-1.681988646804308,0.20527277271497532,0.49997812241296336,0.38863824812849507,0.38875482660915833,0.38851925995968467,0.11674674473523512,0.11710026946696502,0.1164920346953294
0.0,100.0,10.0,-60.0,0.2681887086806964,0.2669412417966099,0.2674882224774196,-2.0482899512799766,-2.058518939674327,-2.082528063849588,2.10906116927714,2.112546963586854,2.1128275987867156,5.969344749906688,5.9682051955977835,5.964784833218126,0.7784990929819605,-2.021407182482461,0.005236454749614482,0.4336933682141776,0.1358459735730344,0.13578318607156337,0.1358599185194505,0.26731706635541275,0.2678226322780195,0.26734912966527946
0.0,50.0,110.0,-60.0,0.1087558834170552,0.1070038007731422,0.10794502175054911,-2.076011512321293,-2.0876502036532907,-2.0831897124640912,0.8696560284274506,0.8682442123811686,0.867696188297154,31.68790399268771,31.673843313528337,31.674187272989883,0.7187162118888735,-2.057247874169346,0.007213331445939778,0.4999578236296663,0.38881218940052525,0.38875427620961445,0.3882922566233852,0.108164387756946,0.10793812523807793,0.108104461978833
0.0,90.0,50.0,30.0,0.2228444572852754,0.2223710135830501,0.2226298569819788,-2.0885900645674678,-2.095117768491846,-2.092076534286514,1.7632254448954374,1.7621835130587085,1.7649140305734015,16.458702537855835,16.458400608668395,16.449303967191337,0.7665320191074287,-2.002511187159981,0.0018308796391000202,0.6491944483877944,0.24419172497198194,0.24405986603047672,0.2440799667584644,0.22245321522293582,0.22267211073928894,0.2227893638521456
50.0,20.0,40.0,-90.0,0.1583604183878491,0.1563758406004705,0.15770095446783874,-0.6163511815462958,-0.6565083735718268,-1.063431067743208,1.244128499948703,1.2452907942152127,1.2449883282862337,11.375185616299076,11.363750858848451,11.369307086778091,0.675014080613559,-0.8936829300735153,0.23562874194576672,0.14129337204154505,0.14558224701135852,0.14552671992010294,0.1455445351398826,0.1577034995223082,0.1578068324079718,0.15767164709491252
100.0,0.0,80.0,30.0,0.2533312243998771,0.2527290438603871,0.25305413095660295,-0.1690978370051678,-0.1726505422442059,-0.5735878309485879,1.9930194656071558,1.9919788536343839,1.991383188245332,21.187828632340707,21.19175818066645,21.18473842067451,0.6320527728863933,-0.520595423050527,0.7141900868931715,0.03576073039721873,0.2361926150159271,0.23614363283409298,0.23590750194428856,0.2531578780992042,0.25295801057153966,0.2530764535801852
20.0,50.0,90.0,120.0,0.1369203197777198,0.1350430800478124,0.1361655682934656,-1.6273790605496754,-1.6529638720978492,-1.7099360216141213,1.0877143093959367,1.0833862833629078,1.0867042352214713,26.34575125054534,26.339565092554825,26.338874789572206,0.718145790998976,-1.682010494824096,0.20304145852917255,0.5000056037636973,0.3322787353811827,0.3321060931679213,0.33213327558080846,0.1361580403015554,0.13605004074061106,0.13656899255213767
90.0,0.0,60.0,120.0,0.2493264538396171,0.2479160309278731,0.24896310934915308,-0.0704416802540207,-0.084371259099162,-0.6127570781548132,1.9602687441574858,1.9605184241922753,1.9599566397810977,15.469037341846487,15.466718218325594,15.46346112734647,0.6345985081197228,-0.520659588644016,0.505748313742465,0.04532219480376033,0.17035471386296513,0.17018484728258387,0.17040775524483145,0.249015041387454,0.2489722726738076,0.2489480397412597
0.0,50.0,40.0,-60.0,0.149314165152371,0.1488301698373925,0.14902308885336227,-2.090692670213798,-2.100029696495788,-2.0940344881467463,1.1811247687016735,1.1823007526368905,1.180701071552096,12.812869943083038,12.806671370705073,12.798556357367183,0.7187081321440644,-2.0572241564522473,0.0002447024795248879,0.32719584506914645,0.18383770964465052,0.18390331069379495,0.18386901453446608,0.1491245659146522,0.14905260560224112,0.14891462113441498
50.0,20.0,10.0,120.0,0.1830467698927242,0.1709665458886737,0.17664394807508588,0.6805686191716087,-0.2112442118237626,-1.6691458893766047,1.3980558027647034,1.3964954816071578,1.3928867364788942,2.0631131093119612,2.073306460490783,2.065843823619827,0.6750696220906218,-0.8936880611762084,0.046761871568598255,0.10134439636329408,0.05434131399588884,0.054505881493536384,0.054393152300774454,0.17746857546198735,0.17683628588448141,0.1770287621389844
90.0,0.0,70.0,-60.0,0.2397368314284232,0.2391189309573935,0.23955032914256205,-0.1535064923926379,-0.1600714634757592,-0.5935172242729373,1.8860688454980719,1.8855126131095092,1.88659404461317,18.461133469857355,18.460013540583798,18.457002657433293,0.6345927770116824,-0.5206624135309512,0.5881628859573792,0.04123157675494384,0.20579121447911683,0.20592897288113615,0.2058433083223918,0.23949514794305546,0.23957221260965697,0.23962972666632745
20.0,0.0,30.0,120.0,0.0684843846755349,0.0649199614415678,0.06692971423164543,-0.7724013019335283,-0.8551601527573235,-1.0448753694105544,0.5296709322572982,0.5282501604935451,0.5318665063985927,8.536869463877567,8.523070163156643,8.528440146448085,0.6492905343418074,-0.5217752697370182,0.07245053782119741,0.04165971532807724,0.10532620306889125,0.10485634674627721,0.10515665574691156,0.06678599634340962,0.06705881403538554,0.06725064317804792
20.0,20.0,20.0,0.0,0.1092928314654338,0.10614016918227,0.10773847219692163,-1.1823295573718495,-1.303012909903811,-1.56709225607564,0.85278849569289,0.8519099069568614,0.8524492706183358,6.430936796128726,6.4235635625025465,6.432270380760344,0.6784793404823032,-1.277180112019705,0.06182795757482597,0.10628878052118956,0.0965235922644247,0.0963047653808111,0.09650252892374774,0.10781552849550845,0.10775768048638547,0.10789539362205122
20.0,90.0,70.0,120.0,0.2479288674870498,0.2462362325009442,0.24728703754430476,-1.7558269169397984,-1.77319710001014,-1.862409423232504,1.959638018941318,1.9607637472223869,1.9601956994792629,22.182677077763756,22.185962363552004,22.171890915168234,0.7655278996474294,-1.7768164101630861,0.21324459451289918,0.8998353185900285,0.3137463845392061,0.3137064845650819,0.3135501365837735,0.24734684498824305,0.2474184597898129,0.24727664424110654
50.0,50.0,50.0,120.0,0.1886684968826798,0.1877206779976293,0.18830578675496298,-1.0692016363774433,-1.0895670019072652,-1.3841949590359834,1.4899405431823332,1.4872811845911658,1.4907141931556802,15.094359809970317,15.083619958665313,15.084492847898328,0.7149820200524383,-1.2870673309637894,0.30158998413433535,0.35067075433227557,0.20558315434628832,0.20533464382163819,0.2053755804298819,0.18815346029286592,0.1882619235899404,0.1885813477087673
0.0,100.0,70.0,0.0,0.2612195893711422,0.2594492297254284,0.2602339096672866,-2.0854967701978127,-2.095822636979605,-2.0905920531104787,2.0622237389807507,2.0624331417290835,2.064299181944096,22.49532340011891,22.494567741317024,22.483181145863448,0.7785098420441033,-2.0214286154605,0.004662040130207681,0.9998655371969534,0.3221642297908287,0.32221684642662746,0.32211784757000106,0.2601137887300335,0.2603825577558355,0.26034850315711716
100.0,0.0,0.0,-60.0,0.2681455527244636,0.2662763341872779,0.2670958188771903,3.1394256341114395,-3.1380078889996064,-2.0913836945398177,2.1063222929040344,2.108070104144179,2.108702807878218,3.25985501080611,3.252029955768329,3.256229638256252,0.6320396035482291,-0.5206028288737495,0.0010764175290550008,0.3375669320160433,0.10628364243299596,0.10604279611859822,0.10626118044436757,0.2670822246604005,0.26738328928550553,0.2671561637121354
0.0,90.0,50.0,0.0,0.2228545599936646,0.2224947985233986,0.2226894965358979,-2.0910710773563883,-2.096833029005807,-2.092958573442435,1.763905217420146,1.7634870950646682,1.7643239127170867,16.459129728156864,16.459116340906828,16.4483920127628,0.7665320191074287,-2.002511187159981,0.0012557301772310751,0.6494419911943974,0.24433442579192044,0.24408462318050844,0.2440934937148994,0.22264518798695387,0.2227064246446298,0.222732267985428
20.0,0.0,110.0,90.0,0.0506920808256226,0.0472733187544117,0.049185135152818596,-0.4472257694233119,-0.4942504576499822,-0.5236858585569134,0.3884865248080353,0.38601950916565636,0.3897152533864843,30.321456638171313,30.31773031025113,30.309901865862496,0.6492905343418074,-0.5217752697370182,0.20353746373771053,2.215718285933946e-05,0.345514572936115,0.34539315635874956,0.34537548549692615,0.04916561014920417,0.04934293611886969,0.04960726727937812
20.0,20.0,100.0,0.0,0.0728766319258063,0.0702225373944957,0.07150100125581096,-1.2180037351487578,-1.2648288321768828,-1.3022211145274305,0.573793191744988,0.5753014443893064,0.57284846556946,28.16485633350548,28.164976449270572,28.157149530833703,0.6784793404823032,-1.277180112019705,0.20338947308052419,0.2000273183812916,0.33358950490217487,0.3336818793099483,0.3335299121837743,0.07177388678987508,0.07165427693104266,0.0714745621299868
50.0,20.0,90.0,30.0,0.130964181658291,0.1303963213286509,0.13064537630890535,-0.7507085866460556,-0.756690197970588,-0.9205186861256852,1.0343857120609579,1.0343889222618585,1.0321701085018946,25.21425931633971,25.211593450451762,25.203054797619178,0.6750696220906218,-0.8936880611762084,0.4306439280478743,0.1803538035123808,0.29861047003050695,0.2987284819511341,0.2986609992923116,0.13083920696453144,0.13056495746180016,0.13057421878376202
0.0,20.0,110.0,120.0,0.0473136336398083,0.0451330502791398,0.046048897552655545,-2.0462302621249773,-2.089841039932829,-2.0666190331755554,0.3819618700240458,0.38186920283814557,0.37811579693336284,30.932434847090157,30.92653686621611,30.916869708636593,0.6791449760543936,-2.0262614013022464,0.0065219933960522156,0.20000494664284976,0.3641661415617367,0.36399087408699,0.3638692013256262,0.04657646428836411,0.046105524896325294,0.04611423014759601
20.0,20.0,50.0,120.0,0.0890578008969637,0.0884590951349323,0.08876318043533993,-1.3376465134343756,-1.368312510206888,-1.4763792484795695,0.7052680418650353,0.7059891958411283,0.7057026537242016,14.581398405033378,14.581741399196494,14.581209176119085,0.6784793404823032,-1.277180112019705,0.11319804424553258,0.1590997445740412,0.184115926192122,0.18434339341520992,0.18430648320922405,0.08878064987632713,0.08883166963589395,0.08875931054211104
100.0,0.0,30.0,0.0,0.2832083245925185,0.2607284034331267,0.2679010390328585,0.8380205728416207,0.4434319339417735,-0.9838964161830194,2.1198690153062136,2.11518695308883,2.116251372581596,5.519470811283017,5.53971303371048,5.525494710375202,0.6320527728863933,-0.520595423050527,0.11459893371407187,0.06136203539270266,0.04755099004594164,0.0471375219114571,0.047293638885170665,0.2690482286581075,0.2685791568511496,0.2692131621184248
20.0,0.0,20.0,-90.0,0.0740109455554914,0.0695251105895665,0.07112627429449388,-0.6895882787746003,-0.8355222213004382,-1.1149897460722291,0.5620307309651268,0.5617438295609181,0.5618652652823629,5.765360087763704,5.766391015511283,5.766017263782281,0.6492204550049487,-0.5218757675307952,0.052328100624924996,0.035304442695364084,0.07468659274404224,0.07452522161130655,0.07446684248602731,0.07113948716059203,0.07110710045020831,0.07114073706309952
50.0,50.0,50.0,60.0,0.1885817211823819,0.1876193933069023,0.18821981234470195,-1.0706201529413757,-1.0898281066697098,-1.384616290384669,1.4891034328014527,1.4865641836921268,1.490199266718517,15.093836893523827,15.084289437574151,15.08582099920613,0.7149820200524383,-1.2870673309637894,0.301317203626495,0.3506501681022433,0.20558038745259072,0.20534134952494668,0.2053896837340224,0.18804438269594168,0.18819265859159698,0.1884966859731773
20.0,0.0,80.0,60.0,0.0508506664023745,0.050037178481823,0.05047733470535885,-0.6550795163587531,-0.6895969611193463,-0.7482730012616636,0.3999249920661994,0.40170035704788976,0.3994376839751411,22.126379982209457,22.137887106128172,22.12836669135643,0.6492905343418074,-0.5217752697370182,0.1502278617166556,0.03429773396258331,0.254473559044295,0.25484741488783785,0.2546002269112861,0.05062021777968249,0.05057541773706483,0.05035833560570199
20.0,0.0,40.0,30.0,0.0629704337308604,0.062007715433463,0.062458572620739054,-0.7941290407088866,-0.8261571567218366,-0.9836622043048074,0.49678041752579993,0.4930452420632506,0.49427406295293896,11.262113959332341,11.25447375619822,11.249863377712558,0.6492905343418074,-0.5217752697370182,0.08999237292498961,0.044615172684470794,0.13494915110095348,0.1346361455703248,0.13449423555636844,0.06257525130085428,0.06224814294479819,0.06271536028440618
50.0,50.0,90.0,60.0,0.181880156085027,0.1795383044918733,0.1808737499641479,-1.121529040672198,-1.1380144272318518,-1.3058375105864508,1.4325664447390847,1.4342145650285454,1.4359368617692658,26.158886997800078,26.162736768833604,26.15415789670213,0.7149820200524383,-1.2870673309637894,0.5039934080694605,0.5001604540922276,0.3289979481675152,0.32886408527890115,0.3288905217246839,0.18075415997064628,0.181173977969123,0.1809564150244854
90.0,0.0,80.0,-90.0,0.2312148213596122,0.2308022376359741,0.23102933831330957,-0.2086152265427384,-0.2127762435914509,-0.5765615763983659,1.8194933978738832,1.8189009898137247,1.8180822738373195,21.358277907026864,21.36060227648773,21.344871286301434,0.6345708668239884,-0.5206948676542538,0.6609984118001566,0.035059437391773425,0.23944755450461838,0.23937930536371693,0.23923910261760872,0.23113654705641945,0.23094944923796537,0.2310251755316964
20.0,90.0,30.0,-30.0,0.247759514634559,0.2470830942646678,0.2474606804085784,-1.6843480067314092,-1.7111632915022663,-1.8949018359313772,1.9564364934621676,1.9555019192750045,1.956212507884847,11.068470552968263,11.069631973069065,11.069580233257518,0.7655278988600459,-1.7768164083275948,0.109657605765265,0.5421809640986149,0.1870913232375625,0.18731809917090284,0.18711332337582737,0.24744409932397568,0.24743282437310585,0.2475554718412181
0.0,50.0,40.0,-30.0,0.1492834272693886,0.1487982705046184,0.1489929695438015,-2.0908254302698226,-2.100138245038296,-2.0941210635622136,1.180888829585788,1.1820587839170853,1.180465988980887,12.812570301798447,12.806338014921696,12.798245467074347,0.7187172296727296,-2.05725137788411,0.00021623140096607346,0.3271072649567727,0.18382508735372086,0.1838900297545268,0.18385712651965502,0.14909426382064633,0.14902219065522634,0.1488850087956482
100.0,0.0,110.0,90.0,0.2487110861794524,0.2451827815610715,0.24719459858947837,-0.2364363116662649,-0.2460199411976377,-0.523873474516789,1.9456563087099958,1.9457906925162716,1.9448397826155552,29.66810849482959,29.663789793883804,29.654818522257976,0.6320527728863933,-0.520595423050527,0.9819999904713749,0.0003356128134968934,0.33253808428470966,0.33251730747984554,0.3324149468722478,0.247329628884575,0.24722320369027082,0.24721531469520924
0.0,20.0,90.0,-90.0,0.0552111266436105,0.0546725696545522,0.05499791828805531,-2.0707093270056944,-2.0999497247166103,-2.0851914387167207,0.4458626875818792,0.4488919484656491,0.447235786776917,25.466277645636122,25.469160016127958,25.44702067172069,0.679121062405628,-2.0260758202694866,0.0023543171268237623,0.19998262855175325,0.30450086419570366,0.30458731186393717,0.3041297337510412,0.055075119432649665,0.05526527573815837,0.054875544735058165
0.0,20.0,20.0,-30.0,0.0922779396427555,0.0903653977039176,0.09129505368448992,-2.0829218302914154,-2.110731121950432,-2.0948863033007212,0.7210139037910201,0.7270069266184204,0.722443094897935,6.6165451587444535,6.604053158540435,6.600756337180903,0.6791449752123659,-2.0262613948659856,5.066808939135965e-05,0.10720650604093138,0.0991668135698205,0.09942236779456491,0.09934443650257867,0.09148598630194396,0.09165894354299584,0.09091332410257144
50.0,20.0,10.0,0.0,0.182642833709284,0.1709595390302001,0.17660456724328139,0.6861718334211043,-0.1994673931077068,-1.6704917657829101,1.3970745914412535,1.3956998727719503,1.3937242724068164,2.0521536636103614,2.0709484291681166,2.0651410791021707,0.6750696220906218,-0.8936880611762084,0.04644490267962892,0.10097501759563418,0.05400389221630593,0.054288702158822796,0.054261938564521876,0.1773042176349774,0.17686745958647052,0.17708704762486574
20.0,90.0,0.0,-60.0,0.2681359123362327,0.2662589833723375,0.26722417248663916,-1.9489000726208503,-1.9921645206546288,-2.0913627025746226,2.1079992399611753,2.1072536121207683,2.108582408034143,3.211650971078205,3.2181820556061753,3.2157537135824765,0.7655156226306236,-1.7767935898118667,0.0010740886039584683,0.3327456884204679,0.1045386429050781,0.10473090170758163,0.10466361941879042,0.26716458578040847,0.26722986005271454,0.26732689269085913
20.0,90.0,80.0,60.0,0.2301718994127111,0.2283369619200696,0.22919751795214702,-1.7784319253218095,-1.785827191102416,-1.8625291855109263,1.8177786539970768,1.8172644850139004,1.8230284992144397,24.772237473868074,24.764678822793268,24.7632675715067,0.7655278996474294,-1.7768164101630861,0.21357032080246643,0.8999438572715255,0.338283330849509,0.33803449550167936,0.33837127445390947,0.22881749923519995,0.2294587610425866,0.229505942637624
90.0,20.0,70.0,-90.0,0.2356052824782362,0.2349027104971282,0.23533648520339462,-0.3856283688353465,-0.3906154968610937,-0.8003468661718598,1.8552130602204786,1.8555022291536152,1.85423851732723,19.11342674728961,19.115534603073435,19.109931186397084,0.6658161809188812,-0.7392593641420586,0.6136780754747185,0.17430134252166377,0.22664193884594871,0.22660875516234077,0.22641358475184536,0.2354457579094368,0.23532056444437463,0.23528087265786754
20.0,0.0,100.0,60.0,0.0544475614193315,0.0532890918513767,0.05393889059595903,-0.4381477577582509,-0.4752573568083544,-0.5237569638847308,0.4262914200624666,0.4228502533398972,0.42593938710242074,27.519227729658166,27.516039227863025,27.51095849554583,0.6492905343418074,-0.5217752697370182,0.20255380618500904,6.168865804153355e-05,0.31347874952842936,0.3131558375202232,0.3133048626803372,0.05388112030760835,0.053841803098672314,0.054276771277383666
0.0,90.0,60.0,-60.0,0.2138469697942278,0.2135036071701952,0.21371001122618183,-2.094965919729841,-2.0989731824156994,-2.0952173882079586,1.694416699991026,1.6951235385034051,1.6940804055807288,19.117683287972188,19.11370094717259,19.098596772709932,0.7665261270489716,-2.0024985898668164,-0.00013759229146182112,0.6946108311335984,0.27260561228906766,0.2723514418898636,0.27203280637865146,0.21378437085256335,0.21375854637665875,0.2136327771540313
100.0,0.0,40.0,-30.0,0.2675650168781426,0.2660881931316317,0.26672945025067246,0.301595427998341,0.2138504680358939,-0.6828130053998165,2.1002116304629,2.0999971166883515,2.0991317183912006,9.02234661639228,9.019166144745157,9.020522183588062,0.6320527721315602,-0.5205954225584473,0.2808102072000607,0.04564151180210326,0.08925004506361649,0.08930778279929355,0.08937931736481218,0.2668164487350712,0.26668390457982494,0.26670748158131985
50.0,20.0,110.0,60.0,0.1265381889368394,0.1246375275212088,0.12562553992302375,-0.7613464159992849,-0.7797495824554816,-0.9018133328002349,0.9948717802376782,0.9987379005494199,0.9933695430300921,30.78451772786074,30.783496532454638,30.770391079124874,0.6750696220906218,-0.8936880611762084,0.5044115929465155,0.2000391774452921,0.36118309051330727,0.3613342573638223,0.36115751827100917,0.12603114295423232,0.1258194427883495,0.12536157278712956
0.0,100.0,80.0,-90.0,0.2429111747319374,0.2412681210560285,0.24202489963577412,-2.08854397131613,-2.0943462261427337,-2.0911361936379387,1.9223669019917118,1.920968022527972,1.9201745127675092,25.041991501967924,25.033354874951645,25.032998525219504,0.7784847950670593,-2.021359741205133,0.004540225682485973,0.9999082436718596,0.3464429983044649,0.3464122153977168,0.34623165905740916,0.24221033143791854,0.24193928469259263,0.2421074043173906
90.0,0.0,40.0,90.0,0.2676030716842615,0.2659542438659035,0.2667502935741768,0.3001040087056967,0.1898147420936363,-0.6895519284169997,2.100621166850002,2.1000288614744593,2.099313957830462,9.044333892456434,9.041203487222543,9.042281762954437,0.6345985081197228,-0.520659588644016,0.28324778758707225,0.048186614805639766,0.09009798482690243,0.09011712401307737,0.09019134369667652,0.2668423185676164,0.26668093696296813,0.26675045173402157
50.0,50.0,90.0,-30.0,0.1818983965869783,0.179575495939096,0.1808927690602269,-1.1213137645483002,-1.1378042654656588,-1.3057298686682717,1.4326938540033314,1.4343342499772518,1.4361185445258733,26.158492330865382,26.16257473710994,26.154128139601138,0.7149820197812214,-1.2870673303078406,0.5040990330632796,0.5001581928433451,0.3289982224522616,0.3288645416891772,0.3288870768392369,0.1807675829811279,0.18119461405703485,0.18097720026843786
90.0,0.0,10.0,30.0,0.2684534101567283,0.2426366421759212,0.2634762341361916,3.141462789619109,-3.1344696508284047,-2.2664840751099447,2.076520640656101,2.075889230576323,2.07953664644759,4.414078789380356,4.4258771626539515,4.408557539579738,0.6345985081197228,-0.520659588644016,-0.05567066131989791,0.32878361939982154,0.11125057422431028,0.11126895129281637,0.11105521729814505,0.2630326424533052,0.2634258887502814,0.2635035923337878
50.0,50.0,80.0,0.0,0.1672440708880145,0.1665368056994168,0.16694152346394228,-1.1511662670711722,-1.1552773343494604,-1.332478976937921,1.3222216823349844,1.3251748287778327,1.3238939769402271,23.298572076976402,23.296082031621403,23.284781790802185,0.7149820200524383,-1.2870673309637894,0.40630137211938455,0.4253893875302962,0.29460424547394304,0.29488738201444814,0.2947370153514918,0.16693891007088774,0.16716076680016326,0.16678477653106447
100.0,0.0,20.0,-90.0,0.2851613211595189,0.2539888361405637,0.2659940723018542,2.742699639393251,0.7999582192530527,-2.453122170555921,2.093881434905221,2.0968744778780417,2.099473246448345,3.799957499822584,3.8154533769404195,3.833360813521126,0.6319869310160958,-0.5206836019965257,-0.07892282715701705,0.17586794290981667,0.07166993731532606,0.07172753209339347,0.07197901779197222,0.26575387446095483,0.26646081212505857,0.2660852030228099
50.0,20.0,30.0,-90.0,0.1667675922147744,0.1628718886325874,0.16530076833410945,-0.4578000117290716,-0.5624369711287829,-1.1044323477068423,1.3033071963571514,1.3048414141818245,1.3046882879788746,8.454601479051409,8.447478490098412,8.454359705742363,0.6750074774962037,-0.8936823864775423,0.18620979606084312,0.12249425616128193,0.1130844630565539,0.11298930576575483,0.11319625195569528,0.1653288427177873,0.16549611220888316,0.16530866798448995
50.0,50.0,110.0,-60.0,0.1551132900419042,0.1534306898994301,0.1542361488756804,-1.1780308087795104,-1.1839761979210246,-1.3045634909815433,1.2325083723157162,1.2237472147732378,1.2254179855226361,31.58046030010439,31.557935482997138,31.545935686833356,0.7149810335113562,-1.2870657683911264,0.5061059927893935,0.4999898399769203,0.3867526845216797,0.3863121265410557,0.38654392395392967,0.15455057760207866,0.15367170673165895,0.15478603209422706
20.0,50.0,20.0,0.0,0.1748825017305352,0.1734537492883136,0.1742217102648265,-1.4592958750830136,-1.543430641656914,-1.8029669981824008,1.3767275336860452,1.3763556264577992,1.3776086140028425,7.331957352209633,7.317572996393058,7.3214780315739265,0.718145790998976,-1.682010494824096,0.0745849321578594,0.24905128602617088,0.12512128643171627,0.12497603233841335,0.12504418072720208,0.17416928760829345,0.1742698744273187,0.17433104503876704
50.0,50.0,120.0,-60.0,0.1451069398853874,0.1418181943347958,0.14342693929526965,-1.1861697530420905,-1.2123021341763076,-1.3045099857998879,1.1425737089360082,1.1443572781095348,1.1416435462782557,34.28829863633517,34.280998790628445,34.262722387850815,0.7149820200524383,-1.2870673309637894,0.50620024294328,0.5001232357852888,0.4161765880489587,0.4157626485760288,0.4157430021164376,0.14376016001810693,0.14363840986129353,0.14337744687826723
100.0,0.0,100.0,60.0,0.249047031691757,0.2485074418923401,0.24876242022069653,-0.1952444969425706,-0.1978327499696876,-0.5106405969060379,1.9577428196541669,1.95856192032718,1.956596844602436,26.759492790216758,26.75832738514727,26.747881215155648,0.6320527728863933,-0.520595423050527,0.8859219431489531,-0.01145089319544083,0.2977406902527244,0.2977234697101437,0.29762534297436577,0.24889827930812744,0.2487484321683651,0.24865403027707325
0.0,50.0,20.0,60.0,0.1659784036132836,0.1652376006827629,0.16561040822538306,-2.0842232725558087,-2.095454507363564,-2.0905548791812945,1.311764794025995,1.308754927264317,1.307368696583578,7.493755843810896,7.483651595571105,7.482243845242422,0.7187172303236241,-2.0572513802815084,0.0010303473203189474,0.25195869683995015,0.12762946961648666,0.1273841315595012,0.1274295685280585,0.1658680091077693,0.16530707591877952,0.1656890654599693
90.0,20.0,110.0,-90.0,0.2189378441582003,0.2176120615252395,0.21837266099040512,-0.493909316293719,-0.5048044465906876,-0.741927970952869,1.7233538378217057,1.722501706056611,1.721869819539015,30.431869009889414,30.434959986619813,30.419743057025524,0.6658450027210523,-0.7392385970135831,0.9031617945951096,0.20019384986924924,0.35452093289227876,0.3546538070247472,0.35443557881704046,0.21851984785691844,0.21835554792742062,0.21845281741933517
0.0,50.0,120.0,-90.0,0.1014287128633847,0.0997208121605301,0.10054406070328695,-2.062790949637041,-2.100652172794303,-2.083592677117131,0.8109949640112286,0.8116577241605026,0.810931961069017,34.384924989377275,34.379633695956414,34.37767787919059,0.7187172303236241,-2.0572513802815084,0.00713204376557449,0.5001243387644381,0.4178525827558228,0.41796938774345277,0.41743542779020487,0.1007309933510113,0.10074967631692612,0.10064356030343308
100.0,0.0,70.0,90.0,0.2626699572264562,0.2619372898334454,0.262479473384091,-0.1048937146482913,-0.1115874871318711,-0.5897510979506668,2.0665883974492276,2.0663744299733398,2.0664543178842427,18.25461834210966,18.24978382081945,18.2467917511909,0.6320527728863933,-0.520595423050527,0.6315995208017299,0.0418985096474378,0.20180222537093181,0.20168214719789346,0.2017474161800148,0.26249917210254375,0.2624782260835197,0.2625104732980996
20.0,90.0,120.0,120.0,0.1755310645927235,0.1734995996159557,0.17471179318325622,-1.8128022555595291,-1.8245544862562169,-1.8601043531658235,1.3981684497032778,1.3995264207113323,1.3920402413425716,35.19069967570362,35.1851158085464,35.1825442539611,0.7655278996474294,-1.7768164101630861,0.21657909273934978,0.8992108592877214,0.44444019938655005,0.4444736025081242,0.4440245624757177,0.17551366546405298,0.1747057917593205,0.17460674431080983
20.0,50.0,0.0,90.0,0.1910200670754651,0.1896728859389664,0.1903563174685948,-0.6788754560167329,-1.3413825999603315,-2.091256791621511,1.4992626145255785,1.503304176929552,1.5019981677587226,2.304081235985706,2.3039690614004984,2.306741564631819,0.718145790998976,-1.682010494824096,0.0005849325583996255,0.16920596749252814,0.07520673684857294,0.07510369472110752,0.07519824598120835,0.1903022437814598,0.19064708843407802,0.19013474577556772
90.0,0.0,20.0,0.0,0.2847528458123135,0.2547595864037709,0.26611933385865,2.621410807707805,0.7572178746678506,-2.4233550031435187,2.0942278159396617,2.095276185461962,2.10258714628304,3.6420236025590116,3.6525588974673857,3.665754225988389,0.6345985081197228,-0.520659588644016,-0.07066103725414478,0.1700085615537953,0.06853383022582707,0.06827813621424385,0.06873141510207664,0.2655376455105997,0.26659815172876083,0.2664533083422465
0.0,100.0,80.0,-30.0,0.2429111682108518,0.2412679746175063,0.24202432745410382,-2.088497457516345,-2.094368612854272,-2.091110052469732,1.9223655464271039,1.9209621783849067,1.9201712619941427,25.041966456238193,25.03335035219208,25.03300162764687,0.7785098417030814,-2.021428614716286,0.004565237283477102,0.9999044623712681,0.34644266473557694,0.3464118532496975,0.34623157424210715,0.2422098754043578,0.24193859096194853,0.2421072749036293
20.0,20.0,120.0,30.0,0.0618986668448626,0.0589336139913171,0.06059517085972971,-1.2459360556671992,-1.2721392276957406,-1.3023019150869317,0.4908728271625308,0.494098306646457,0.4926605926209453,33.623505620907466,33.63208322027607,33.6311973842061,0.6784793404823032,-1.277180112019705,0.204330313167154,0.2000289742951863,0.3940162091290484,0.39423503744927496,0.39409787986789296,0.06086313726851193,0.06108054796392187,0.06070097708559158
0.0,90.0,20.0,-30.0,0.2529425483192165,0.2524839444862592,0.25269325429670625,-2.0779125075512157,-2.083456530249923,-2.087395139374026,1.9946963604827739,1.9977986196146178,1.9959871957936868,8.552069236121728,8.548624481857894,8.53595691991911,0.7665320182502078,-2.0025111851631876,0.0035348745265293916,0.48733293126017935,0.16175476937040179,0.16183507506198175,0.16162719943085987,0.25272611028039293,0.2528802304051186,0.25248702708100274
0.0,90.0,20.0,-90.0,0.2529478161843568,0.252489652319109,0.2527024243189897,-2.078722359024477,-2.083552023086904,-2.0877186181911855,1.995593504619946,1.9971623020657412,1.9959076495647279,8.551735270034582,8.548286985278995,8.53756821730069,0.7664625450502912,-2.0023384102372663,0.0033736835505554248,0.4873570991446698,0.16175127376214327,0.16178535450589532,0.16161293544573238,0.25274930991758116,0.25278720778905117,0.25258478333444095
100.0,0.0,0.0,90.0,0.2683880530365043,0.2661294566272637,0.2670989134949458,3.141579537322161,-3.135796753880009,-2.0913616100443626,2.1061792422463834,2.1085371376309916,2.1084381731147213,3.2599544435106593,3.256339681341419,3.2567590869358796,0.6320527728863933,-0.520595423050527,0.0010880382319444304,0.3375698613612939,0.10631038601850121,0.10605994518315451,0.10618046997739028,0.26711630649959583,0.26740869597568023,0.2671010905238145
20.0,0.0,10.0,60.0,0.0829366741086918,0.0634685352772656,0.07313829680104972,-0.3521163275798002,-0.8791311554520519,-1.303170193392875,0.6551466995867992,0.6565914804116684,0.6562997382988949,3.332674281139579,3.327363792463655,3.291321035072487,0.6492905343418074,-0.5217752697370182,0.02755820008694333,0.04254578570931208,0.061045567073261864,0.0606603586212688,0.06115279453217716,0.08303238675341046,0.08321514890901706,0.08300252640710246
20.0,20.0,30.0,90.0,0.1018887595105119,0.0997044386097446,0.10113016489606959,-1.2812898809776885,-1.3335343077945878,-1.5245163414175087,0.8007777822853013,0.8008730003003077,0.8016173079811039,9.15114498625714,9.153611767672329,9.154342630883718,0.6784793404823032,-1.277180112019705,0.08150771174021944,0.12722563719706684,0.1253730399233983,0.1253019808764706,0.12540980048765837,0.10111409571764565,0.1012223870625851,0.10120267054603385
0.0,90.0,80.0,-90.0,0.2236151710222445,0.222004591357207,0.22268078455451606,-2.075105972327413,-2.081822700133346,-2.08146219250406,1.7699361045282243,1.7668038317970096,1.7685248626504841,24.806348786270018,24.800401199024634,24.788585857584508,0.7665055833256029,-2.0024377476167046,0.012688877061448832,0.8999306536422377,0.33896596426334263,0.338954384219865,0.33871395744656574,0.22270637959724138,0.22255675200033004,0.22294114449834526
50.0,20.0,60.0,-60.0,0.1441342007117585,0.1436357172029941,0.14400228793194086,-0.7457204599812031,-0.7547740034205939,-1.01401726682788,1.1370287444978089,1.1384307639066276,1.138350637007602,17.004227539626097,17.00681395344999,16.99812345839114,0.6750628044151594,-0.8936835318537945,0.3165780495993532,0.16899217762815322,0.20841487241306542,0.20850052532375318,0.20835282269999403,0.14396142434089365,0.14413388277936917,0.14395671705012567
90.0,20.0,20.0,90.0,0.2861580056122189,0.255477235525649,0.26653894686086177,1.6549112330471154,0.4431367063815583,-2.0688319698413826,2.1037906388477743,2.0970496813304886,2.1035026868692697,2.795384121609687,2.8016050401982295,2.8116432503949786,0.6658515926585167,-0.7392330937283146,0.008638197663923784,0.1450747038412321,0.05178229546072127,0.05164621953724275,0.05151415200495484,0.2665002633162335,0.2664675958585628,0.2673192395335493
0.0,90.0,40.0,60.0,0.2322385773382023,0.2319863810096067,0.2321223169825305,-2.089890361406698,-2.0918290552346264,-2.0911604169743927,1.8344909850596918,1.838776321575041,1.8372963738517474,13.817883043963503,13.816565291015563,13.809907268012685,0.7665320191074287,-2.002511187159981,0.0021908035717667536,0.5999278541392334,0.21617577691653345,0.2163246365640872,0.2161734700458171,0.23208370783658905,0.2324299411284922,0.23188825684435008
90.0,20.0,110.0,-60.0,0.2189378545805053,0.2176121230676658,0.21837258092711587,-0.4939093261542649,-0.5048155127727293,-0.7419303049930731,1.7233533557040897,1.7225012057003057,1.721870214914198,30.431875273650814,30.43496524372176,30.41974918209755,0.6658506303296841,-0.7392332556432436,0.9031612179566353,0.20019600287443126,0.3545211225568936,0.3546539724683671,0.35443574239897185,0.2185197413355578,0.21835555285730807,0.21845281889660634
20.0,0.0,100.0,0.0,0.0544306605806587,0.053275042605141,0.05392264219893564,-0.4380962969287933,-0.4752644025239549,-0.5237317589344118,0.4261643321861707,0.422721372127408,0.42581065556909414,27.519244631122024,27.516042492496275,27.510969920190625,0.6492905343418074,-0.5217752697370182,0.2024929883789945,5.5737881536840905e-05,0.3134788874847509,0.3131556929907413,0.31330484268311515,0.05386493834003728,0.0538253746304448,0.05426062414375105
100.0,0.0,60.0,60.0,0.2671472716126779,0.2664070585397922,0.2667635379472955,-0.0234416502339847,-0.0353029573761378,-0.6081499082120951,2.100121636550672,2.0999336491343983,2.100344783311868,15.265801508606428,15.259536160861591,15.260808128090082,0.6320527728863933,-0.520595423050527,0.5287936882908986,0.04491417427165108,0.16608066474554634,0.16602876894621352,0.1661032779220424,0.2667325795180651,0.266761101656661,0.2667863711032386
20.0,50.0,20.0,-60.0,0.1749526733094747,0.1734612858556001,0.1742315493564934,-1.4597962384498575,-1.5430974080480866,-1.8030723195451488,1.3771205325585822,1.3765525302787534,1.3772360322543253,7.332096615132908,7.3177225614872246,7.321210603989307,0.7181348907021746,-1.6819811856074534,0.0745666286722079,0.2490800168815752,0.12513109378093443,0.12500329240643374,0.12504081045424276,0.17423514799518797,0.17423881928915508,0.1743233853626947
20.0,0.0,50.0,90.0,0.0596637628724294,0.0587443900311313,0.059266460750836865,-0.7740893963817952,-0.810560666709408,-0.9287349243568092,0.4701870201445341,0.4700795036713586,0.468941609445762,13.96502503068577,13.969256924079836,13.961937355375047,0.6492905343418074,-0.5217752697370182,0.10727889548848615,0.04599294774536067,0.16420522963291226,0.16439276668063094,0.16441645258476023,0.059372909076041466,0.05922906595921937,0.05924972340784526
90.0,0.0,100.0,-90.0,0.2344756545781825,0.2340461212938833,0.23424671510344616,-0.2085782815671515,-0.2103292947440456,-0.5045237797615894,1.8436048109539365,1.8435236965642463,1.8428257473923004,26.834959637107062,26.828504202949294,26.819951321425542,0.6345844213768155,-0.5206772655849743,0.8377391566576676,-0.01594458030402347,0.2990949542949512,0.2989417243093745,0.29893060151135764,0.2343146670179075,0.2342096496425384,0.23423304954685384
90.0,0.0,50.0,90.0,0.260787584025583,0.2573978356369444,0.2597806802027469,0.0702594230217144,0.02668236749047,-0.6380890054826232,2.0456862843627284,2.0460096314526504,2.0449573306569366,12.348191631443429,12.345358063633542,12.343051159077937,0.6345985081197228,-0.520659588644016,0.4082824686008541,0.047209548648463835,0.13224065713172503,0.13226544119082254,0.1322856771582147,0.2599128479238879,0.2598218325322741,0.2597843051121679
0.0,100.0,0.0,-90.0,0.2680546174632789,0.2664212283061611,0.26721716426558323,-2.0042239617797684,-2.0414163252203994,-2.0913518915913287,2.107609573460996,2.107476606364785,2.1085948365948632,3.215930716210744,3.2168795005211215,3.216039613070518,0.7784282433691041,-2.0212364859672247,0.0010767041550887007,0.3327235411758678,0.104727607579938,0.10465117415421012,0.10462149011553376,0.26713680621730596,0.2672642206003542,0.2672876717442397
100.0,0.0,90.0,90.0,0.2445413357379896,0.2442564966361529,0.24443690820687816,-0.2126385321446801,-0.2157681410841998,-0.558361791219378,1.924229575808644,1.925059719922924,1.9234209552766373,24.082596858236883,24.08163217805334,24.068833640671134,0.6320527728863933,-0.520595423050527,0.787998282574585,0.027413201703019422,0.26984438047359005,0.2697133171201638,0.2694148737083627,0.24455602676149668,0.24444459520289477,0.244334044862175
50.0,20.0,0.0,90.0,0.1687895170681522,0.1677521233033732,0.16831167398992888,1.813203838344575,0.0875108270063832,-2.0912861603577872,1.3293706225069928,1.325800285359284,1.328468286996292,2.0472826801307202,2.05148124182428,2.0449051843551413,0.6750696220906218,-0.8936880611762084,0.0004581572539631739,0.13285119685390978,0.06667566870351388,0.06679593706553541,0.06653419128292193,0.16826435545627197,0.16815094521486565,0.1686081863058978
0.0,100.0,100.0,-30.0,0.211865742510303,0.2100340414691301,0.2110660452939213,-2.0733939977642435,-2.0937334702785897,-2.085180264022681,1.6776311562358648,1.6820029623874908,1.6791221802479122,30.21258104655667,30.21928343872832,30.21257937898392,0.7785098418739583,-2.021428615088474,0.010934186967664171,1.0001109704631985,0.3982536991544169,0.3985079656809236,0.3978845029200187,0.21120727584266252,0.21140034790632592,0.21086470567759516
20.0,50.0,110.0,-60.0,0.1175708068876224,0.1157608402401667,0.11664331382529568,-1.6533050823210056,-1.6651676249465406,-1.7076377686928907,0.9330517710984336,0.9379195879628137,0.9359822772706996,31.66745525737039,31.683515747184828,31.673201871371642,0.7181447514434125,-1.682007495335377,0.2052720639373109,0.4999782992165272,0.3886382614413263,0.38875484016576983,0.38851927090122745,0.11674672883644535,0.11710024918522875,0.11649202352708715
0.0,100.0,80.0,0.0,0.2429111380728945,0.2412683842469416,0.24202449754796382,-2.088597792120113,-2.0944946390391883,-2.091185538977549,1.9223694471003538,1.920970536666954,1.9201676291417786,25.0420209907244,25.033356503863672,25.03297771848167,0.7785098420441033,-2.0214286154605,0.004489772958037053,0.9999058651536318,0.34644402737048013,0.34641357690167107,0.3462317255708481,0.242210989133941,0.2419387821555331,0.24210696219382896
50.0,20.0,120.0,30.0,0.1163600575557347,0.1151366478588907,0.11578927893727597,-0.7825066498107053,-0.7968755385877092,-0.9018185377255042,0.919236120664594,0.9174368374288593,0.9211681510938149,33.53683907883952,33.5332211586944,33.525568257342826,0.6750696220906218,-0.8936880611762084,0.5048932641841065,0.19996174672778702,0.3922463120895462,0.3922778916697984,0.39259299732152797,0.11566384326285263,0.11591996578898296,0.1161682047531358
50.0,20.0,110.0,90.0,0.1265236420930248,0.1246250551351079,0.12562629148499363,-0.7614726328639684,-0.7798615781038688,-0.9018460443428516,0.9948538970068244,0.9987311241289077,0.9934266838280743,30.784393890095725,30.783733766616592,30.77021949939481,0.6750696220906218,-0.8936880611762084,0.5044085830850911,0.20005692191959168,0.36117943691004945,0.36133791325813486,0.36116219964534824,0.12602619554552072,0.12582538567741627,0.12536551077683847
90.0,0.0,110.0,-30.0,0.2272123057871136,0.2238655737541961,0.22570882625849648,-0.2620055431837469,-0.2715907291420866,-0.5238447218666249,1.7766908883611878,1.7773478654169441,1.7750034336523028,29.77970668799211,29.777968950662014,29.775922787613357,0.6345985080258537,-0.5206595885745654,0.90293637059495,0.00028170843929292737,0.33491750305475193,0.3348351750645107,0.33469542377407846,0.2259389214917874,0.22572867529887244,0.22564932607876903
20.0,20.0,50.0,30.0,0.0894510327117347,0.088865102982232,0.08915579088363246,-1.336750455723323,-1.3675557191537844,-1.4759010584349077,0.7083196773789205,0.7091131966331934,0.7088114831359504,14.584380711000463,14.584537273466998,14.58425483695742,0.6784793404823032,-1.277180112019705,0.11383774894798127,0.15983831104326843,0.18422474571080266,0.18446175391655895,0.18441245083383245,0.08917145493048237,0.08923053055736323,0.08914878538529081
0.0,100.0,120.0,0.0,0.1869616242865599,0.1851398015329106,0.18605399833073602,-2.083983963478353,-2.091698590207133,-2.088706233707461,1.488108117800403,1.4853033351466303,1.4864352625550772,35.39562536861964,35.39409410538657,35.38332496780003,0.7785098420441033,-2.0214286154605,0.007470326876972405,0.998908142311477,0.4509027945902873,0.450705458154496,0.450728816720651,0.18629159921340463,0.18608581703196725,0.18643101787723426
20.0,50.0,10.0,-90.0,0.184211110745088,0.1817176724165757,0.183152109707741,-1.2328126360812566,-1.4619297325461376,-1.8657642893028699,1.445759205193403,1.445448708393663,1.4467756692059839,4.611686064696868,4.610407089223734,4.606779773597434,0.7180668396072204,-1.6817856107469555,0.047727355784888716,0.20598263636059042,0.09735482261701973,0.09721431993152635,0.09719877157651358,0.18309106186427881,0.1832230991838874,0.18326669476776733
50.0,20.0,70.0,0.0,0.1380402664607821,0.1375359974899413,0.1378029859494939,-0.770373362758874,-0.7751777995591674,-0.9922419283689019,1.0898514226841114,1.0892580026773901,1.0895846461477428,19.759058203001675,19.754878385119902,19.75489937871607,0.6750696220906218,-0.8936880611762084,0.35145712666247064,0.1778547892612543,0.23881867200786977,0.23866053181587343,0.23865141596315056,0.1378113258969108,0.1377710227020201,0.13785369960369728
0.0,50.0,0.0,90.0,0.1850537603872966,0.1834228359809226,0.1841502205766235,-2.0664789762706053,-2.087313712258717,-2.0915032684322106,1.4510038602694364,1.453391900754817,1.4536879021637084,2.2408097464727716,2.2344086185540357,2.2299062611076317,0.7187172303236241,-2.0572513802815084,0.0005135610898212457,0.15784707761400896,0.07276417532416304,0.07258817267389517,0.07253618152078825,0.18405338547458922,0.18435957709029135,0.18408038842036017
0.0,50.0,40.0,0.0,0.1492754731970761,0.148791110956397,0.14898538587445515,-2.0898639251744817,-2.099464061115385,-2.093519350667732,1.180829509123545,1.1820675114681354,1.1803457069084844,12.812036062906486,12.805968798660366,12.797617664457787,0.7187172303236241,-2.0572513802815084,0.00041324904413852614,0.32709124984209753,0.18382885754488948,0.18389739506384714,0.18385510028466034,0.14909405167102255,0.14901529328451904,0.1488698641676382
90.0,0.0,120.0,30.0,0.2055650609513241,0.2040906198052616,0.20484168555308074,-0.3040439734951878,-0.3160919699200071,-0.5235935167382026,1.6128052455195814,1.6107089158152224,1.6147739253000615,32.705818383728136,32.703719486387484,32.69492154373118,0.6345985081197228,-0.520659588644016,0.9034477497106207,6.943156985937825e-06,0.3691625957245254,0.3690581681950716,0.3688893472764011,0.20465248751615425,0.20491634548457932,0.20515181442167096
0.0,50.0,60.0,90.0,0.1342728944828942,0.1337706873721534,0.13406563120526507,-2.0950833805782323,-2.099493996320164,-2.0957359388553978,1.0659815817878104,1.0662984623947944,1.0666798092212342,18.140818907486835,18.13518864093037,18.133559762105524,0.7187172303236241,-2.0572513802815084,-0.00025768685855545446,0.3857996306824896,0.24056443857133558,0.24039229007606222,0.2404062103700269,0.1340290944374504,0.13413459728649746,0.13407896274429504
90.0,20.0,70.0,60.0,0.2356557636001384,0.2349289317304352,0.23538155552724033,-0.3855961059023582,-0.3907953591307148,-0.8004344780105574,1.8555550404861147,1.8558774826066078,1.854599364129492,19.113421103266504,19.115655238419496,19.10999359413016,0.6658515926585167,-0.7392330937283146,0.6137973197229826,0.1743961577394844,0.2266462925426692,0.22661596063104644,0.22641957983964714,0.2354910216917186,0.23536841049918442,0.23532439597334817
50.0,50.0,40.0,90.0,0.1978470394040199,0.1962784675815526,0.1973547021445099,-0.9870955919033124,-1.021804701492996,-1.399282423918981,1.5588638989322088,1.5600180971366877,1.5598587328488434,12.295284658487207,12.290848055869018,12.285701811915338,0.7149820200524383,-1.2870673309637894,0.2641887387231185,0.3168892314468724,0.17512590726902305,0.17505421085268763,0.1751045923960734,0.1973566882614796,0.19746308537104948,0.19733005925121497
50.0,0.0,30.0,-90.0,0.1540185715526309,0.1493433673201807,0.1522578147592082,-0.0960422917055994,-0.204974105542187,-0.7862562020160301,1.1999607316539689,1.2001574036544065,1.1997028441249489,7.757531663173936,7.753561467951802,7.751627748782054,0.6452499394207581,-0.5222661100056505,0.15865597413979904,0.042908458805772584,0.09054085993293504,0.09045719188436804,0.09051532924970777,0.1523636500299899,0.1523346776354312,0.1523100273751686
0.0,50.0,70.0,90.0,0.1274634181615736,0.1269851553610092,0.12716508260665696,-2.091092433406724,-2.105168830771682,-2.097008056719959,1.0158516591225166,1.0118274302697405,1.0127376967642134,20.817378440422843,20.815273966450196,20.80806992986456,0.7187172303236241,-2.0572513802815084,-0.0007068524641108359,0.40970210047381483,0.26965312522897933,0.26944116958099307,0.26961875750450975,0.1272618429777619,0.12687987971208517,0.12738611682057377
90.0,0.0,90.0,-30.0,0.2234279564373438,0.2231760100335506,0.2233131940155171,-0.2454408199857598,-0.2493094094821487,-0.5599945934255264,1.7582644947587092,1.7589946682231328,1.7568405973865557,24.222162283330054,24.209461130650194,24.20673070668893,0.6345985078379084,-0.5206595884355971,0.7269091699190046,0.026483259485295892,0.27247008413429674,0.2724464010027635,0.2722619558872159,0.22348044676643794,0.22327942712152393,0.2232126015641707
20.0,90.0,50.0,60.0,0.2273486002528318,0.2269409527848189,0.2272074181033849,-1.7763394106422372,-1.7820230846628726,-1.891191291187888,1.799921683826808,1.7960995181190724,1.8016132669666511,16.41023279301883,16.403633322348387,16.40415365889094,0.7655278996474294,-1.7768164101630861,0.1334559137337333,0.6463156833285174,0.2431607887945383,0.24314041441983822,0.2431785439292516,0.22690651142452792,0.2271379724109472,0.22761769110146285
20.0,0.0,90.0,-30.0,0.0480194737872008,0.0471118814207329,0.047582172531847114,-0.589984975876248,-0.6432814557460526,-0.6789019637362727,0.3769964639773328,0.3777854496123975,0.37651177628891114,24.856256726171683,24.8582750728945,24.855025560004147,0.6492905340739807,-0.5217752688600108,0.16050869923828906,0.025119682460397953,0.2848752144110095,0.2852673324593499,0.284903617285135,0.04770446466571428,0.047657238504099086,0.047566094389917005
20.0,0.0,0.0,90.0,0.0869804221989062,0.0564355676458562,0.07259460764762464,0.2105996735964535,-0.768198817574129,-2.0814611109018317,0.7195905114223745,0.7199484649865011,0.7189283618636648,1.9368296897380886,1.9251361001936094,1.9273753374395284,0.6492905343418074,-0.5217752697370182,0.0004622714911289669,0.05517976647176945,0.060651507085163106,0.060261060496115494,0.060528257717038375,0.0910974206170409,0.09101243678340216,0.09096381279689267
90.0,0.0,30.0,0.0,0.2837323530385254,0.2615061738079989,0.2679854355482711,0.8415405166304406,0.4191121713035524,-0.9841835029756348,2.119062015492525,2.116400702342658,2.1166267980083497,5.498498349893961,5.5184643728541545,5.541512802714229,0.6345985081197228,-0.520659588644016,0.11828319929721588,0.06301187313911553,0.04822916203785111,0.048277052400800526,0.04839208852804693,0.2689945547133495,0.2687214510448453,0.26909892604393637
50.0,0.0,80.0,-60.0,0.1258177522900543,0.125465902587787,0.12566538564270474,-0.4151599670027396,-0.4219207366335703,-0.6135127369066085,0.9914759317672187,0.9893632083277585,0.989656107362246,21.931944334346085,21.92678081166678,21.93310959693555,0.6453076993562848,-0.5221899802278076,0.3757884150589356,0.033869281218928425,0.2507496947633964,0.25065104945075123,0.2506672208731325,0.1257235819384263,0.1255108494902876,0.12578546602881702
0.0,100.0,50.0,-30.0,0.2417560998350588,0.2412602215822447,0.2414925014065216,-2.098599587514155,-2.104719047301596,-2.0978545197642213,1.9125921276865574,1.910842961506721,1.9133509174296008,16.693729595328882,16.694922960193047,16.682532378522943,0.7785098414464028,-2.02142861415815,-0.0021490477179644868,0.725497972626273,0.2516195294256649,0.25141442393944624,0.251607754224795,0.2413674356715833,0.24147186663176076,0.24166440757263025
90.0,20.0,40.0,60.0,0.2673641811590228,0.2641055823374961,0.2666705972795607,0.0362344597362299,-0.0645540789952948,-0.8800838666579639,2.1014864081476112,2.1016060786896564,2.0995827667517957,9.8065606805049,9.802958553451388,9.80113222862056,0.6658515926585167,-0.7392330937283146,0.3462321994199496,0.12952877351269756,0.11590326807828437,0.1158891757486234,0.1159403944261033,0.2668902107639597,0.2666446172744479,0.2666381170588923
0.0,50.0,110.0,120.0,0.1087662256733158,0.1070083356617645,0.10794489692506509,-2.076360995179817,-2.0880346242107994,-2.0834970069827876,0.8697073779234256,0.8682201365587455,0.867662490210929,31.68795132613269,31.674022981151456,31.674273345515033,0.7187172303236241,-2.0572513802815084,0.007058853715153042,0.49995819920397055,0.38882036371452033,0.3887679791758389,0.38829553804821726,0.10816788750752171,0.10793162590007098,0.10810759016547349
0.0,20.0,80.0,60.0,0.0570005515122426,0.0563028364121287,0.056717555981301696,-2.081655867758331,-2.125090200851071,-2.1028797509065686,0.45959213194278464,0.4602886507911064,0.45908514692424607,22.71060122621205,22.713284035216383,22.70896361228975,0.6791449760543936,-2.0262614013022464,-0.0012258358477555589,0.18537347405847923,0.2732242284271838,0.27305706790126766,0.27285766321996036,0.05682235365234963,0.05676975668973818,0.056664549485008826
20.0,50.0,20.0,60.0,0.1749808956126304,0.1735168590918088,0.1742555147269638,-1.4592632079192545,-1.5451981606591882,-1.8031005270250204,1.376928513639801,1.3770989868919437,1.3774736861720012,7.331829142925752,7.318828643823839,7.321337958666397,0.718145790998976,-1.682010494824096,0.074573371988969,0.2491373478799156,0.1251432823475936,0.12504358427271822,0.12507426262693438,0.1742538252060445,0.17431511365072552,0.174303490799831
50.0,50.0,90.0,90.0,0.1818890444819927,0.179541882543359,0.18088171656340724,-1.1214660299520385,-1.1379824208016271,-1.3057972614724975,1.4326240088877744,1.4342813913297656,1.4360013853084443,26.15884641370255,26.162748467442636,26.154132879424022,0.7149820200524383,-1.2870673309637894,0.5040342072440034,0.5001612614660085,0.32899724406052344,0.32886416971316074,0.3288898233123,0.18076202529584093,0.18118276615808718,0.1809640190300358
20.0,90.0,110.0,30.0,0.1870571095040105,0.1848908761550876,0.18615834362292355,-1.802601669628084,-1.820437890911752,-1.8602277569433534,1.4838090966923285,1.4859626007457785,1.4833568878782615,32.582713767323824,32.57943101393658,32.57972016912951,0.7655278996474294,-1.7768164101630861,0.21642681690832682,0.9001452900972023,0.4174967500336777,0.4172493998065379,0.41691458230492173,0.18642956487529377,0.1863748414355066,0.18610427812235847
50.0,50.0,60.0,60.0,0.179972911723325,0.1795703996009592,0.17982912443023352,-1.1221679583265116,-1.129481920436603,-1.3722822080790422,1.4228873516439666,1.4244190402745365,1.4231174998044949,17.843831148565197,17.838811227962164,17.83436748238878,0.7149820200524383,-1.2870673309637894,0.3348120436222125,0.3799124275635012,0.2353739174125225,0.23513503332285776,0.23513203832575055,0.1798948768485059,0.17991069226547937,0.17971092341313988
90.0,20.0,100.0,-60.0,0.2420672562396979,0.238818888732722,0.24073246732583395,-0.4425417833322788,-0.4520206798455998,-0.7422932944564714,1.8969734413647892,1.8981484286435009,1.898304589593048,27.531971558836716,27.524869358163688,27.517690247237706,0.6658496540037152,-0.7392334073956399,0.9026022548247625,0.20053925315178084,0.3215746800118737,0.3213866121490001,0.32154825407720294,0.24073229627607004,0.24089379369693154,0.24075252533906094
0.0,20.0,30.0,-30.0,0.0863531624411244,0.0824995522519105,0.08463953963845786,-2.069985115166836,-2.1448594582488614,-2.0944741953991173,0.6717671365458591,0.6713593820095448,0.678652907186017,9.339512868569917,9.315662078107836,9.31554764626307,0.6791449752976084,-2.0262613955103728,0.00023795275376502613,0.12866736151765876,0.12864369505297585,0.12828978548640546,0.12877940858210488,0.08421534853847884,0.08515634043115847,0.08524369579826546
0.0,90.0,10.0,-30.0,0.2639716205852705,0.2635845695152048,0.2637418797142424,-2.070157367365822,-2.073664224118635,-2.086795128033254,2.0821491333077,2.080528529396302,2.0828864648058647,5.915542097732581,5.913506317355986,5.912972529324474,0.7665320181643795,-2.0025111849634643,0.0032941510917647056,0.42310589704526036,0.13412019757837051,0.13421672583969294,0.13412515797173438,0.26360969949402924,0.26370881936376384,0.26390913736171395
20.0,50.0,110.0,-30.0,0.1175707963804615,0.1157608360257553,0.11664326045661987,-1.6533074590090269,-1.6651676210539934,-1.7076385684534676,0.933051448260393,0.937919192073475,0.9359819075048802,31.667455078288192,31.683515593055606,31.6732016993672,0.7181457909106373,-1.6820104945182315,0.20527145787469653,0.4999782228897845,0.388638258411018,0.3887548365733284,0.388519265967511,0.11674668243256828,0.11710019704897286,0.11649198091905073
20.0,20.0,120.0,120.0,0.0618986668448626,0.0589336139913171,0.06059517085972971,-1.2459360556671992,-1.2721392276957406,-1.3023019150869317,0.4908728271625308,0.494098306646457,0.4926605926209453,33.623505620907466,33.63208322027607,33.6311973842061,0.6784793404823032,-1.277180112019705,0.204330313167154,0.2000289742951863,0.3940162091290484,0.39423503744927496,0.39409787986789296,0.06086313726851193,0.06108054796392187,0.06070097708559158
20.0,0.0,30.0,-90.0,0.0682606701254653,0.0647807391632653,0.06665954174456372,-0.7650159997834847,-0.84740746256448,-1.0421040978983405,0.5276293170082902,0.5265070837970732,0.5291402757943112,8.53507710678479,8.524275292926335,8.524708330929725,0.6492274465264994,-0.5218676966801262,0.07220238681444219,0.041249073905691186,0.10517471377220672,0.10488585224611062,0.10512394959980728,0.06658505716001521,0.06677395192687934,0.06692227490413227
20.0,0.0,120.0,90.0,0.0460824172123656,0.0435640731296654,0.04507086403623848,-0.4314626727273524,-0.5282394655856135,-0.5229240887226548,0.3591578305139539,0.35848508432767806,0.3591906212222391,33.10333160298712,33.1070206686998,33.091604383127354,0.6492905343418074,-0.5217752697370182,0.2039313806161198,-6.170881700126556e-05,0.37717398716353917,0.3769906531222462,0.37708482820471056,0.04545747952722558,0.04549674310664294,0.04556076272998097
0.0,50.0,70.0,-60.0,0.1275052560894043,0.1270371846688062,0.12721688241920479,-2.0919465755984628,-2.105836108896045,-2.097607117798845,1.0161949941662303,1.012282528587063,1.0131682842892096,20.81775657466065,20.816116862598296,20.80834177728043,0.7187116300332412,-2.0572344379961724,-0.0009522893427788674,0.40990198615728696,0.26966897495791886,0.2694730972620629,0.26963711767694887,0.12731068895440972,0.12694069513982292,0.127432541294803
50.0,20.0,0.0,-90.0,0.1685722025803971,0.1675262743667709,0.1681365364532468,1.832956901217006,0.1140637595125708,-2.0913133888717077,1.3272139350605006,1.3238357099319997,1.3282542781005606,2.0461487744727926,2.0465055777130754,2.045124562218547,0.6749876581520177,-0.893681519740878,0.0004549710737164245,0.13257254381123196,0.06666050465518489,0.06671473482533888,0.06651461730929181,0.16792721332072622,0.16805541475406874,0.16849006741670505
50.0,0.0,30.0,30.0,0.153761658708025,0.149083947309062,0.15197466333364593,-0.0968009030206119,-0.2067920687885892,-0.7868561933267094,1.1975093241094312,1.1978627484216677,1.197793596674488,7.762244076917222,7.7565756232011145,7.756224654689825,0.6453124449701564,-0.5221886034343035,0.15849530378117185,0.04297253317823431,0.09063133463198142,0.09050645638673126,0.09064485473037044,0.15204282037586547,0.15208113068773746,0.15203827292030456
0.0,90.0,0.0,-60.0,0.2681441181687407,0.2664524588293712,0.267222223136508,-2.0129220782287645,-2.050503402023361,-2.0913704013176853,2.1066197737340833,2.107645565968076,2.109466902995149,3.217049212579322,3.2150677073091507,3.2167424844286803,0.766519555604903,-2.0024863224709217,0.001073941245333833,0.3327545719243284,0.10476664977503732,0.10463973595150772,0.1046786017933508,0.26703714949003954,0.26739006320205955,0.26727109244661007
100.0,0.0,80.0,60.0,0.253274634347973,0.2526696518937982,0.2529962360506126,-0.1692027136189032,-0.172767265449922,-0.5736000854962557,1.9925589708992473,1.991525255235268,1.9909328121914112,21.188268978062464,21.192244439917204,21.185248975421683,0.6320527728863933,-0.520595423050527,0.714056704585638,0.035762605315448136,0.2362015581775584,0.23615329326465218,0.235916862994776,0.2530994264464197,0.2529009106664769,0.2530184230980927
50.0,50.0,70.0,-90.0,0.1721516428465479,0.1718658882562815,0.17200439770601597,-1.1540424956051305,-1.158279095402209,-1.3611342279830088,1.3613019163686777,1.3639998001225917,1.36340539657152,20.592171596195282,20.590725092706897,20.57903434236294,0.7149450006909231,-1.2870288879475096,0.3654313620579584,0.4053314497629311,0.2654587579446426,0.26548518522057346,0.26545128791501443,0.1719582205983061,0.17222145782945714,0.1718804025991446
0.0,90.0,80.0,30.0,0.2236150420660031,0.2217807656945561,0.22267777721675727,-2.075093597833624,-2.081917603212128,-2.081476005121894,1.7698578672373735,1.766785993947853,1.7685312012272474,24.806234016046854,24.800249572274584,24.788701310005393,0.7665320191074287,-2.002511187159981,0.012676270930519842,0.8999180151466719,0.33896311495069725,0.3389513842882719,0.3387142336740459,0.22269868853906855,0.22255914844228064,0.22293564213197598
50.0,20.0,100.0,120.0,0.1387220453279257,0.1356339466268016,0.13726912196120927,-0.7366042942805626,-0.751922187393015,-0.9019790933972813,1.0849709734153614,1.08697616451714,1.086243847774277,27.999861587188278,28.002467605311093,27.991954972387006,0.6750696220906218,-0.8936880611762084,0.504002254500046,0.20016225698733425,0.3305663838591766,0.33063431580753777,0.3303988311075038,0.13732575955111362,0.13748966605183047,0.13723141681667067
50.0,20.0,30.0,-60.0,0.1668690102797787,0.1629524577516711,0.16539352276675093,-0.4574372410433533,-0.5623509628704499,-1.1044075953519028,1.3041878075558953,1.3053144490753932,1.3055367298816267,8.454838954368157,8.44619480647302,8.454414463356288,0.6750594837211256,-0.8936813521921849,0.18631315819632527,0.12255517403891421,0.11308698409303372,0.11298565470178273,0.113199543157875,0.16540569735219243,0.1655722504345294,0.1654350350944818
0.0,100.0,10.0,60.0,0.2681891291719321,0.2669406142615387,0.2674877035324449,-2.0481416420395706,-2.0584186972256497,-2.082499288701809,2.1090524881758776,2.1125421494096757,2.1128287206746457,5.96934017566578,5.96820825405406,5.964792907421866,0.7785098420441033,-2.0214286154605,0.005248790711765755,0.4336912921126472,0.13584591766302873,0.13578254715921956,0.13586045984069126,0.26731588051048377,0.2678226986527284,0.26734865169325717
20.0,0.0,0.0,60.0,0.0868935566957094,0.0562462209749783,0.07241407056228394,0.2306186325463005,-0.7688082618012836,-2.081502883730738,0.7182900543617892,0.7235685193663485,0.7166648329487262,1.9281369380296307,1.9273560101450584,1.921368124737103,0.6492905343418074,-0.5217752697370182,0.00046082883431250725,0.055318783127192156,0.06077052225642026,0.06055233892349215,0.060575228203866495,0.09138642080975863,0.09118470662527212,0.09050203461351944
0.0,100.0,50.0,-60.0,0.241780252604654,0.2412781590783301,0.24152007483689858,-2.099388424379853,-2.1054783391254555,-2.0983154388132075,1.91287938594221,1.911308340284104,1.9132362387212203,16.69303494808476,16.694173017080736,16.681318228395373,0.7785031365155887,-2.0214150197609837,-0.0024842358164852882,0.7256148838053581,0.2516050129454551,0.2514136883992481,0.25159148372708545,0.24143601167822717,0.2414882702916457,0.2416617620334226
50.0,50.0,110.0,30.0,0.1551123985496068,0.1534303268643793,0.15423614556000623,-1.1780308566411417,-1.183976234377462,-1.304563729578039,1.2325086453594751,1.2237474327548679,1.2254182871000994,31.5804611314145,31.557936261237327,31.545936190341333,0.7149820200524383,-1.2870673309637894,0.5061055223222141,0.49998981009950694,0.3867527085541801,0.3863121497357069,0.38654394443976714,0.1545506064116775,0.15367173896879036,0.15478607116403997
0.0,20.0,40.0,30.0,0.0790230358488998,0.0774958761204611,0.0784626211118127,-2.084556897352352,-2.115600729165573,-2.0972944487291545,0.6232145734968922,0.6243037420622229,0.6278922182253426,11.960838326984938,11.955740045548307,11.953010845698735,0.6791449760543936,-2.0262614013022464,-0.00029705413653675835,0.14638614713573184,0.15630803908766966,0.15618167053693793,0.15617459487049942,0.07817479312115592,0.07874768856891157,0.07860450338290381
0.0,100.0,90.0,60.0,0.226364780514194,0.2247295867123244,0.22569960970886677,-2.081495360858684,-2.0888169493189794,-2.087075966912421,1.7953363364540413,1.7942231847734071,1.7919871717709677,27.618024131172366,27.606536694003186,27.602741601574795,0.7785098420441033,-2.0214286154605,0.008956520609051777,0.9999281677385217,0.37231541309082594,0.3722875855929881,0.37197162270714507,0.22600711718710986,0.22558236888042796,0.22572318123331103
20.0,50.0,120.0,-30.0,0.1099594070821722,0.1074168049160888,0.10861112957735851,-1.6535414924314298,-1.6804494707581,-1.7077196911957038,0.8720437839066364,0.8737989598494923,0.8741153199854761,34.3653455214722,34.36543059448764,34.35235678026195,0.718145790998976,-1.682010494824096,0.20534553062648248,0.5001509669679027,0.4176257619133201,0.4174046292348564,0.41738422351391274,0.10869246559767134,0.10895111383617219,0.10871481924071819
50.0,0.0,30.0,60.0,0.1539035971127902,0.1492085497165436,0.1521089956556367,-0.0964169622852207,-0.2070378595164592,-0.7872941707275476,1.1985844197815658,1.198838313034723,1.198923320120529,7.761959603750876,7.756188599943081,7.755680321978966,0.6453124449701564,-0.5221886034343035,0.15862557587951195,0.04308385305315845,0.09063674092122688,0.09050805824668322,0.09063867038063579,0.15216832858176804,0.15221418619557192,0.15218280624507832
0.0,20.0,80.0,0.0,0.0570184449379401,0.0563218082099034,0.0567312038481646,-2.08378873766949,-2.1244124911162023,-2.1035943113238678,0.4596179146892228,0.4602615315367112,0.4593957717599275,22.709214089384872,22.7135464682281,22.708635970970796,0.6791449760543936,-2.0262614013022464,-0.0013578244388329501,0.1854184290323099,0.2732230297063974,0.27306840849928826,0.2728502995009387,0.05680934616194866,0.056794051137684695,0.056696120559726254
0.0,90.0,120.0,-90.0,0.1706593976517882,0.1689487829286603,0.1698463265520228,-2.074523011651081,-2.0809039976590227,-2.079249879508322,1.3585948006509805,1.3573386994338257,1.3599591365885808,35.20336255751683,35.196553518819194,35.190778978488936,0.7665320191074287,-2.002511187159981,0.015419500780851228,0.8994436657434173,0.4443582827986669,0.44455557464769263,0.444270391927355,0.16986350670193173,0.17006630911807002,0.17019406176910368
50.0,20.0,20.0,60.0,0.1758525609917625,0.1681857680102055,0.17268010089052258,-0.1318190465939436,-0.4197517039836266,-1.2168120558785565,1.3620296206395979,1.3637129430640225,1.36139741002554,5.328518424133884,5.325729599924356,5.328488385049232,0.6750696220906218,-0.8936880611762084,0.1246664096085423,0.1042035146426836,0.07899060917038186,0.0789537293057658,0.07905009015944037,0.17294363578583474,0.1728619905981428,0.17265579009602716
0.0,20.0,0.0,-60.0,0.1144004391383283,0.0946848306387257,0.10485735344162739,-1.9721004048981807,-2.128295148220254,-2.0880783925024886,0.8723072474500393,0.8711497650233103,0.8728566215826397,1.90091000730115,1.8890655484006929,1.8877985130337673,0.6791318114980095,-2.0261624623958783,0.0005404315609010514,0.06404458699713352,0.05718645698091347,0.05698380988813136,0.05684260688717846,0.11044628225417864,0.11053953514032516,0.11072796624081398
100.0,0.0,100.0,0.0,0.2491396391472039,0.248604152797629,0.2488571206360521,-0.194793196653779,-0.1973508253848067,-0.5102918496786516,1.9584958374200667,1.959300195454802,1.9573268592873683,26.757772573564516,26.756179390556795,26.746005726025352,0.6320527728863933,-0.520595423050527,0.8861207940059282,-0.011762477269707902,0.2976930222583066,0.2976750936633922,0.2975812857428165,0.24899426535307437,0.24884103707536234,0.24874851973306186
20.0,90.0,70.0,60.0,0.2479247998363023,0.2462754615129857,0.24728823137306682,-1.755930659241666,-1.7730437837624429,-1.8624472076995657,1.9596401872623934,1.9607624555626715,1.9602081407250895,22.182715520819848,22.186025249876792,22.171941322004002,0.7655278996474294,-1.7768164101630861,0.21321718317179297,0.8998563972682223,0.31375154295100643,0.3137054957927226,0.313554146051838,0.2473466270630638,0.24741937287206275,0.24727796939289184
90.0,0.0,20.0,90.0,0.279427819344554,0.2479883683014027,0.2662912867856397,2.5992519353723047,0.7471288080894992,-2.4109160204895885,2.096404813890402,2.0964422031276526,2.103998887430048,3.6072879107954114,3.62850373848434,3.638940888877453,0.6345985081197228,-0.520659588644016,-0.06861846021195542,0.16992037888656814,0.0680924044898474,0.06782820365133929,0.06826037797415575,0.26574424248613476,0.2667207072771087,0.26669628682939117
20.0,90.0,90.0,-60.0,0.214042397325368,0.2126431573559097,0.21326613160670835,-1.7900695255488766,-1.796432295159051,-1.8602725029023406,1.6941393962265516,1.6972662589663112,1.694595591436645,27.349365200774056,27.35023411345749,27.347548791019662,0.7655250250627228,-1.7768106826734231,0.2161604120590749,0.8999391932976152,0.3640863604893603,0.3641066603781952,0.3639959560642614,0.21343664889753766,0.21346611765071916,0.21309416136785467
90.0,0.0,0.0,-60.0,0.2577704310937176,0.2564162882420104,0.25704204382166734,3.140541116473758,-3.137409486086381,-2.091352942115223,2.0274712482306794,2.0287692497920196,2.0288880602754884,3.147039498620462,3.143801724089476,3.1476384215838173,0.6345852777047369,-0.5206664650378708,0.0010238101748403527,0.3124036244987576,0.10234287089323339,0.10235265816028019,0.10241337357340626,0.2570806803514118,0.2572540224965021,0.2570956322611924
0.0,50.0,0.0,-60.0,0.1850916216290292,0.183501692497683,0.18420832167031037,-2.0709938867619457,-2.089000098956889,-2.0914241281688795,1.45129750629757,1.4538510351425225,1.4543278065530476,2.2394303367281587,2.2340335174167887,2.2299798225438225,0.7187036844248174,-2.0572104127698,0.0005249475463160021,0.15795152374545657,0.07275288903545371,0.07259978225081053,0.07254153762151938,0.18408959641293432,0.18443936960923754,0.18414037209716377
20.0,50.0,0.0,60.0,0.1909669125224762,0.1896222077849386,0.1903028838074072,-0.6795020854916062,-1.3409176723091738,-2.091249509687697,1.4988630674608028,1.5028620161916133,1.5015798655197754,2.3035580193531535,2.303289650486892,2.306098485331296,0.718145790998976,-1.682010494824096,0.0005857442052783404,0.16911139286546933,0.07518292415182358,0.0750805191185402,0.07517559629366258,0.1902487209361627,0.19059126711028213,0.19008417695314617
0.0,90.0,30.0,0.0,0.2423495828506948,0.2420420799482035,0.24219129339053236,-2.084233694763788,-2.087863114139521,-2.0888780074550475,1.9149933632774774,1.9137915502036904,1.9155555586865567,11.18059423118004,11.180796406463083,11.173890333612281,0.7665320191074287,-2.002511187159981,0.0031847702296521263,0.5462571637552367,0.18888486038054159,0.1888699860207856,0.18877161905548664,0.24210074474290208,0.24217646776787982,0.24231690391057398
0.0,50.0,50.0,0.0,0.1415474769489323,0.1411303008802316,0.14134716072469,-2.0912479715429666,-2.0994801172661632,-2.094704778237015,1.1234076313654122,1.1213200968177885,1.122069727099498,15.471918807323183,15.46208189367044,15.466332995352547,0.7187172303236241,-2.0572513802815084,7.56018408996672e-05,0.35843952821677794,0.21224082122640744,0.2121635607515276,0.21218531311639557,0.14138774206853635,0.14121354556457247,0.1414872846453653
0.0,50.0,90.0,120.0,0.126758479734323,0.1253617656780306,0.12600697957024587,-2.0730977564794264,-2.099741071024785,-2.086065353645485,1.0062935202673264,1.006258947739088,1.00880848276642,26.36765653836924,26.364241437439397,26.35608396756185,0.7187172303236241,-2.0572513802815084,0.004874007354954688,0.49997912337059397,0.3324288257357392,0.3324697110948001,0.33250953151077683,0.12586382670488902,0.12617708669085023,0.12618722239934765
50.0,20.0,20.0,0.0,0.1757874138206503,0.1681561247399445,0.17263074258450947,-0.1316576664187496,-0.4191385460213382,-1.2163216069285923,1.3615465075550772,1.3631831995400527,1.3612447817040088,5.328259133827121,5.3236093599427985,5.3278963530906385,0.6750696220906218,-0.8936880611762084,0.12461155946839093,0.10404853369150585,0.07896206181714072,0.07891475994074394,0.07903071353794766,0.17286467255547067,0.17282520852234143,0.1726244142475577
20.0,0.0,120.0,30.0,0.0460824172123656,0.0435640731296654,0.04507086403623848,-0.4314626727273524,-0.5282394655856135,-0.5229240887226548,0.3591578305139539,0.35848508432767806,0.3591906212222391,33.10333160298712,33.1070206686998,33.091604383127354,0.6492905343418074,-0.5217752697370182,0.2039313806161198,-6.170881700126556e-05,0.37717398716353917,0.3769906531222462,0.37708482820471056,0.04545747952722558,0.04549674310664294,0.04556076272998097
50.0,0.0,40.0,90.0,0.1467931118766743,0.1446167353452928,0.14612221426404814,-0.2617814684550161,-0.3018675660900917,-0.7321666399173227,1.151168034266398,1.1518717644689769,1.151170883612043,10.725695868236874,10.725041878095993,10.721063228743015,0.6453124449701564,-0.5221886034343035,0.2126524762536628,0.04511273594189309,0.12451793118240297,0.12461076765817519,0.12451365056542185,0.14619374275016994,0.14619806317244477,0.14610397255923646
100.0,0.0,110.0,-30.0,0.2487100642219916,0.2452058576508878,0.24719658144770204,-0.2364359155074507,-0.2459984950331709,-0.5238653828165036,1.9456706153698853,1.9458009819075355,1.944850917765062,29.66808438065963,29.663750932686884,29.654769015448114,0.6320527727920972,-0.5205954229890222,0.9820085435363736,0.0003282899984749725,0.33253475451407966,0.33251870688711727,0.3324097513385157,0.24733118113010472,0.24722444735397509,0.24721689353324183
0.0,90.0,40.0,0.0,0.232384961195474,0.2320368122017976,0.23217359994215409,-2.088571980813167,-2.0915583084267944,-2.091008846261801,1.835017948958318,1.8390708851631548,1.8376850591039098,13.818396096523275,13.816917438777033,13.809973102838402,0.7665320191074287,-2.002511187159981,0.00228152120397041,0.6001164936992909,0.2161920627619345,0.2163295947315652,0.21617856448397185,0.23213594816584301,0.23246641353135253,0.23195318689780542
0.0,20.0,90.0,60.0,0.0552114319424813,0.0546978277816871,0.05499280166596446,-2.0706671312630847,-2.0997733476936054,-2.0850484196520593,0.4458638883475473,0.44869648407228463,0.44732986072877967,25.465277947325863,25.468615334903763,25.44690011325141,0.6791449760543936,-2.0262614013022464,0.002384617071757247,0.1999626623698184,0.3044841893399026,0.30457601951185803,0.3041352227344936,0.055054159629484935,0.05525574111791783,0.05489083882110553
20.0,20.0,10.0,-90.0,0.1210285587040195,0.1113333793610493,0.11530214846002021,-0.7720583383784152,-1.4699597495948562,-1.6710360634370518,0.911474078830342,0.911815190516479,0.9125799211389812,3.65858439646814,3.656932900311791,3.6472835363067273,0.6784020194038669,-1.2769394573081183,0.03732640296999364,0.08368255950884831,0.06713524739102775,0.06696965828183758,0.067062688837361,0.11544771033691642,0.11559298820728983,0.11554117854512298
50.0,20.0,0.0,60.0,0.1687400328086098,0.1677292693133838,0.16828651120253432,1.8166864995951189,0.0929075851383921,-2.091295621074723,1.3286843031868072,1.3257934200998827,1.328610743465826,2.0441772313018305,2.0491577628155615,2.0454039481744566,0.6750696220906218,-0.8936880611762084,0.0004554998703006286,0.13281146823032425,0.06660958887526353,0.06678159919763084,0.06653091970295544,0.16819822253541106,0.16819446192602341,0.1685607752590254
20.0,0.0,100.0,90.0,0.0544246482613636,0.0532554552433443,0.0539166991296124,-0.4381790740457525,-0.4752988446034979,-0.5237618723270515,0.42612089222537536,0.42267654503496643,0.4257657590437468,27.51928366240541,27.516065913159164,27.510991278714037,0.6492905343418074,-0.5217752697370182,0.2024699868873168,6.275482870661935e-05,0.3134798095230735,0.3131563154571451,0.3133055634522473,0.05385933170812376,0.05381955636898229,0.05425501008220184
0.0,90.0,60.0,-30.0,0.2137050140816662,0.2133772617877227,0.21357283465843266,-2.0940150494712264,-2.098036521230528,-2.094555956748339,1.6933368234609047,1.6939702687219094,1.6930439055470223,19.11566835994955,19.11194163608876,19.096971480328058,0.7665320185929037,-2.0025111859621108,0.00032106483631961667,0.6940276336684456,0.27254685217380525,0.27230809311348225,0.27198340141983174,0.2136398093695767,0.21361962965351114,0.2135038139679162
90.0,0.0,10.0,-30.0,0.2682712764131747,0.2426380569256444,0.26338563591883346,3.137390121508685,-3.1398812990331,-2.2657144869672012,2.0759248250899582,2.0761912801567046,2.0775879920664995,4.429643911274741,4.441287986139404,4.426086557389764,0.6345985070859763,-0.5206595878797381,-0.05545202009481259,0.3293662702314695,0.11127460754264286,0.11145236729424302,0.1112063233327992,0.26309432689453627,0.26330755041140924,0.2632634064258108
0.0,50.0,0.0,120.0,0.1850051649834784,0.1833941354817407,0.18411243479917688,-2.06538978862927,-2.0867991986316947,-2.091501747988998,1.4507220111265062,1.4532321313292689,1.4532307048271722,2.2397523257253877,2.2340705392845597,2.229275613686119,0.7187172303236241,-2.0572513802815084,0.0005131665545386275,0.15778202110297407,0.07274922069174147,0.07257459643568193,0.07251612047829632,0.1840353976845334,0.18431917418823066,0.18402416991925083
90.0,20.0,80.0,0.0,0.226723012102524,0.2264750112540479,0.22662074042637093,-0.4371502619234244,-0.4392026400811111,-0.7844932697506772,1.786352018746659,1.7870338152371903,1.7866232978973533,21.99172058169665,21.98720385744512,21.9810979327991,0.6658515926585167,-0.7392330937283146,0.679211529610624,0.1812856186696681,0.2594113772239502,0.2593215804828819,0.2593598136965272,0.226634982886859,0.2266651158883878,0.22658683451852088
0.0,90.0,30.0,60.0,0.2422972917233439,0.241893004526642,0.242131556034665,-2.08514790253384,-2.090143329904707,-2.089453200379684,1.915227571607959,1.9133039993840293,1.9143703927174995,11.180165082810442,11.177475998341835,11.172442442295342,0.7665320191074287,-2.002511187159981,0.002868144767825951,0.5460435115102354,0.18889292468105268,0.18877541229204767,0.18874859986895498,0.2421368277433581,0.24202572537314043,0.24225179864004753
90.0,0.0,0.0,0.0,0.2576776352362103,0.2563370637853831,0.2570101911287382,3.139787829779746,-3.136585135736338,-2.0913517508750634,2.0270469622610183,2.0283186730108604,2.0290820924909783,3.1517974196850496,3.147376982117073,3.1535030701707503,0.6345985081197228,-0.520659588644016,0.0010336487635187238,0.31233160445560776,0.10243081807378275,0.10239394252873897,0.10256506789450183,0.25699947787551625,0.25724948557444816,0.2570946761089897
90.0,0.0,90.0,120.0,0.2234980226164903,0.2232334830449158,0.22338249500480434,-0.2457152732436095,-0.2496477457794195,-0.5603761396380855,1.7588198810567162,1.7595430356712236,1.7573945394536834,24.222753798058875,24.20992010672108,24.20744208872263,0.6345985081197228,-0.520659588644016,0.7271932722842691,0.026771936284873163,0.27249458086158024,0.27247090105227634,0.2722876686672015,0.22354971515141778,0.2233485373551949,0.22328275237204373
20.0,90.0,90.0,60.0,0.2140423829555053,0.2126384533509636,0.2132655288561424,-1.7900700912184928,-1.7964735149097002,-1.8602780273778132,1.6941352786906294,1.697261942563425,1.694591533019629,27.349363319276556,27.350233905400405,27.347548067106192,0.7655278996474294,-1.7768164101630861,0.21615345040778813,0.8999372614535741,0.36408631526700513,0.3641065967451431,0.3639959077402786,0.21343610301258395,0.2134655756921457,0.2130936491273765
100.0,0.0,0.0,-30.0,0.2682285743482526,0.2663809575801568,0.26708934963096337,3.1368570707900267,-3.140776279831992,-2.0913440914785437,2.106170555530751,2.107978869860953,2.108796673430106,3.2637550062152605,3.254758739177888,3.2584277520877007,0.6320527717540603,-0.5205954223124745,0.0010948433070353232,0.3375520649997603,0.10633418245577324,0.10607517639970199,0.10628972551122128,0.267056371041639,0.2673867886503,0.2671564623570094
20.0,90.0,70.0,0.0,0.2479317963034329,0.2462670062853319,0.24729365876910184,-1.7557610823893943,-1.7728969821357703,-1.8623373474696994,1.9596810918633607,1.9608272194467158,1.9602356824593914,22.18260413033659,22.18590802365289,22.17185214844637,0.7655278996474294,-1.7768164101630861,0.21331917239113982,0.8998470069773559,0.3137461755755473,0.31370650381441256,0.3135488809755688,0.2473541202398784,0.24742538089551755,0.24728095439113518
50.0,20.0,100.0,-60.0,0.1387182740717518,0.1356599160709233,0.13726980549872364,-0.7366041638590846,-0.7518109499007938,-0.9019650387076409,1.084973087710479,1.0869770095425324,1.0862449640478038,27.999839256292557,28.002441256953436,27.99193005980476,0.6750675676351713,-0.8936864238426778,0.5040097899679841,0.20015607764046622,0.33056565734149684,0.3306335682360668,0.3303981343191568,0.13732597893714998,0.13748976530010928,0.13723167367441882
90.0,20.0,50.0,0.0,0.2567428709735595,0.2540644566701905,0.2560036687376998,-0.1800527449614765,-0.2168865905269993,-0.8387363583836068,2.0176622858795836,2.017672133162638,2.0166553681466324,13.096676194683441,13.09461119995565,13.089247652634613,0.6658515926585167,-0.7392330937283146,0.4548063043673128,0.14848276140243913,0.15600761913665037,0.156054105040159,0.15597109640952372,0.25611879433105406,0.25600041884952346,0.25599700436153916
100.0,0.0,100.0,120.0,0.2490086028075363,0.2484680343530289,0.24872338225999305,-0.1954499166211033,-0.1980634893273484,-0.5107990033553247,1.9574132341934218,1.9582822438526892,1.9562904679264965,26.760156375513102,26.759092214141496,26.748598612196346,0.6320527728863933,-0.520595423050527,0.8858488231178441,-0.011309652473238195,0.29776490307892656,0.297743375764289,0.2976490966654162,0.24885953481368395,0.24871234900500638,0.24861193953512406
20.0,50.0,90.0,0.0,0.1369217717424173,0.1350545291466833,0.13616798586853773,-1.6273590405695104,-1.652913449658486,-1.7099110521723346,1.087729420703428,1.0834014918533112,1.0867199335807602,26.34574543011262,26.33955366426192,26.338877060086897,0.718145790998976,-1.682010494824096,0.20305852553545833,0.5000097811405123,0.3322787447442761,0.3321061172763527,0.3321333773778526,0.13615996532727026,0.1360520505536318,0.13657097712234376
20.0,90.0,70.0,30.0,0.2479338038970294,0.2462696580788913,0.24729582875324693,-1.7557144223982954,-1.7728618460476155,-1.8623065196511737,1.9596970038266728,1.9608450511274063,1.960252844083156,22.182591566246582,22.1858782880691,22.17183444465386,0.7655278996474294,-1.7768164101630861,0.2133484910414957,0.8998480859343558,0.3137459295198743,0.31370624879911063,0.31354856305577644,0.24735623557746697,0.2474276750310296,0.2472829782176498
90.0,0.0,50.0,-30.0,0.2608965446804655,0.2576136955873168,0.2599191950696989,0.0709485260479847,0.0290625422431688,-0.6375481694393043,2.046774463697151,2.0469839613504344,2.0460866786755876,12.344625653698882,12.342198295338061,12.339861654280055,0.6345985074619557,-0.5206595881576528,0.4082177591196905,0.04696987601225726,0.13214418915909024,0.13216703404103353,0.13218141455358112,0.2600404052077484,0.25995467048886417,0.25993077898202527
0.0,90.0,10.0,-90.0,0.2639726089305214,0.2635900042586836,0.263757188728945,-2.0711543340314025,-2.0743170708659515,-2.0869839770653136,2.082249723795483,2.0806658895984547,2.083005214858398,5.915603160068362,5.913532510008665,5.913243268175482,0.7664553403563784,-2.002322742720196,0.0032147192131733978,0.42315090210615136,0.13412018682624816,0.13422786836299386,0.1341411788463703,0.26362516001094427,0.26372590871585777,0.2639224942395663
0.0,20.0,100.0,-30.0,0.0509540956667165,0.0494843912919217,0.05018885431238143,-2.0143066161348853,-2.0942001188877866,-2.0525738619169203,0.4114783765506676,0.4089869436282315,0.4121616349895876,28.19010773627726,28.189982044427065,28.18912299775687,0.6791449758743269,-2.026261400018194,0.0090144984022693,0.20003166590410068,0.3342152942686917,0.33423047659220423,0.3341622366318053,0.05018085741052808,0.05028414827320683,0.05058704269205139
0.0,50.0,110.0,90.0,0.1087673539941833,0.1070115251025304,0.10794507603966089,-2.076505857490329,-2.0881781579219814,-2.0836292190630648,0.8697083750774904,0.8682166462825563,0.8676678425866478,31.68796318206194,31.674058607522017,31.67428204735586,0.7187172303236241,-2.0572513802815084,0.006992405542894419,0.49996026431080975,0.38882060721933953,0.3887681538170994,0.38829629499836177,0.10816748484503462,0.10793176358382249,0.1081082588703444
20.0,20.0,60.0,-60.0,0.0835289681214246,0.0831423389000858,0.0833599762016663,-1.3452572363589312,-1.3645657915299918,-1.4555892023947534,0.6631037512558035,0.665067225490941,0.6639674634809847,17.279092332448954,17.281931444409853,17.270342676776423,0.678472468833959,-1.2771573020855271,0.12704168002754715,0.17085499351907493,0.21375819248463435,0.2137300550559695,0.21362219347943578,0.0833949828548555,0.08349000259307054,0.08325159021210915
20.0,20.0,80.0,90.0,0.0733292025713057,0.0726912794750169,0.07300531181031954,-1.325182474587299,-1.3448060805905897,-1.4064271484653328,0.5838105058775905,0.5873259507371265,0.5827145098707422,22.6972158696639,22.691984101362817,22.679784725748238,0.6784793404823032,-1.277180112019705,0.15147507963673684,0.1838865070536651,0.27265809235947946,0.2729780940917792,0.27256010647148343,0.07327612021825192,0.07311939821970984,0.0726890532248896
0.0,20.0,70.0,-30.0,0.0620267952622171,0.0614940361838384,0.061747104316562634,-2.091287890054724,-2.1154009234330444,-2.102102756800312,0.4996181236927894,0.4962546093040529,0.4963173069549655,20.02967096591256,20.026193592712367,20.021377274931464,0.6791449756010993,-2.026261398092887,-0.0011500363465151825,0.18003839045552122,0.2436758382869306,0.24358080721715625,0.2436488824739568,0.06191698145968763,0.061493874045936536,0.06193196078803611
20.0,0.0,90.0,0.0,0.04829379361967,0.0474710701496104,0.047871117961016924,-0.5906891869165009,-0.6430219836155187,-0.6799330491691487,0.37968164412918826,0.3797726342217272,0.3786944913487137,24.858263718489223,24.859126840844805,24.855446058102164,0.6492905343418074,-0.5217752697370182,0.16147744009555107,0.025417915307140826,0.28495275181988583,0.285299403869665,0.2848710088209722,0.048003982420863366,0.047896742970676594,0.04788556774051668
20.0,0.0,0.0,30.0,0.0864733824960651,0.055965320993338,0.07221789189477433,0.2090637669992099,-0.788806168378495,-2.0811580237148726,0.7201217767154088,0.7207083708230391,0.7161291823248078,1.928324200675489,1.9210139455133366,1.9257521720160928,0.6492905343418074,-0.5217752697370182,0.0004520590164687588,0.055560739678654485,0.0607503775172521,0.060601203416613306,0.06060405092737611,0.09131335655243435,0.09081306818497241,0.09072505209248269
0.0,20.0,10.0,-60.0,0.1066175557735842,0.0919346441685867,0.10005907181659318,-1.7123801736212976,-2.4226417733180354,-2.0773373376979416,0.7951648946568707,0.7956616586559112,0.7941468793887967,3.959301466212233,3.9665054229695405,3.958148496372569,0.6791328608042445,-2.026170770355232,0.0012629861086525447,0.08363656019596771,0.07108256520111589,0.07112341820582666,0.07112526358223344,0.10074528391533845,0.10061781889735504,0.10055430110875706
0.0,20.0,30.0,30.0,0.0863941542415628,0.0825351725595596,0.08468505785805353,-2.069625562320053,-2.1444369184141667,-2.0940758163519373,0.672125359260476,0.6717502453918173,0.6789950874507475,9.340395305750548,9.316402469896065,9.316322800499975,0.6791449760543936,-2.0262614013022464,0.0002906057080657261,0.1287556164141588,0.12866635257031145,0.1283138117655057,0.12880132325608293,0.08426434192554125,0.0852030723238458,0.08528634343895737
50.0,20.0,60.0,30.0,0.1441568781598562,0.1436487521556068,0.1440230097187961,-0.7455505308944995,-0.7547486662473029,-1.0139318382869367,1.1371751229724776,1.1385907474124797,1.1385345375420135,17.004129416190363,17.006588605416923,16.998003084370367,0.6750696220906218,-0.8936880611762084,0.31663292125583514,0.16898806575008143,0.20841174845539323,0.20849795825667033,0.2083508104266014,0.14397970730687384,0.1441570912797958,0.14397805883017362
50.0,0.0,90.0,120.0,0.1218190921795024,0.1213421054844075,0.12160033852466796,-0.4126392045648633,-0.422040952999923,-0.5862790361187292,0.9592422588185905,0.9560717920893143,0.9587736893883625,24.69505594725639,24.68905388983169,24.697127332816162,0.6453124449701564,-0.5221886034343035,0.4091772980200614,0.0256762499670011,0.2820106760006769,0.2816260725040707,0.28183259542257155,0.12150795537432675,0.1214711294689935,0.12186978343752256
20.0,0.0,70.0,60.0,0.0533124436578418,0.0527491908510482,0.05301993780797561,-0.7103347075869423,-0.7333932352860586,-0.809882589268488,0.42104171776364996,0.4192642726918329,0.42153511395745236,19.421821744717516,19.419475299042944,19.42006885629721,0.6492905343418074,-0.5217752697370182,0.1368654749886706,0.04024973794063662,0.22482558051254845,0.22466848417297752,0.22483657502267734,0.05293529629232097,0.05301504077190825,0.0532464978854938
20.0,0.0,10.0,-30.0,0.0830549274718382,0.0629260308757185,0.07303338281881126,-0.3397319186754643,-0.8681094444711612,-1.3018641269986149,0.6539237986334078,0.6583281208375705,0.654682248000409,3.3021947912275147,3.298548116440065,3.279408764247366,0.6492905333568946,-0.52177526652424,0.027475529171547615,0.04283903154145664,0.060567344046694095,0.06084984991449224,0.061061311760186185,0.08313047372039836,0.08319399450784508,0.0826554877256369
20.0,20.0,60.0,90.0,0.0835134591951129,0.0831088626645034,0.0833265933452693,-1.34274468364662,-1.3621254508923413,-1.4529355736290548,0.6626944914995154,0.6650406404729018,0.6635719084140111,17.27746036930775,17.280214690687345,17.267808808542256,0.6784793404823032,-1.277180112019705,0.1274017911822422,0.17039422599700424,0.21368581587236954,0.2136669372414353,0.21351073268070098,0.0833759554518713,0.083472333982298,0.08318560586576916
20.0,20.0,40.0,-60.0,0.0953802744995305,0.0941019606355576,0.09479452174232654,-1.319343758152037,-1.3586570890397829,-1.5009165107542386,0.754489930925201,0.7496587128004684,0.7526588692290076,11.867893292311372,11.874597140891177,11.873604097877326,0.678470255885853,-1.277149817216228,0.09799327705261775,0.14519340569981476,0.15462055156846294,0.15433080726797907,0.15454521221177958,0.09478380938847686,0.09454391686215495,0.09517521731883462
90.0,20.0,40.0,-60.0,0.2673650614674698,0.264184244349969,0.2666784908618987,0.036492660691349,-0.0622851077229742,-0.8795193765761311,2.1015567006865465,2.101614309569981,2.0996497101242797,9.803942262146249,9.800351458202853,9.798693896075465,0.665842932541882,-0.7392344476913493,0.3460731363839732,0.12923094984145644,0.11582692849765984,0.11581288974027677,0.11586387135056903,0.2668944136058314,0.2666483534859359,0.266649993053411
20.0,20.0,50.0,-60.0,0.0891784585188555,0.0885958813419137,0.08889634802452187,-1.3399474379002017,-1.370310464167787,-1.4783606072210702,0.7064160209873525,0.7069378454269785,0.7067838264031159,14.583567273141771,14.584748237152038,14.583822424088892,0.6784713622483047,-1.2771535518805082,0.11310331426039355,0.15963409087748778,0.1841969906653602,0.18442375327612998,0.18438308392880284,0.08891190819213447,0.08895392442805813,0.08890718550737711
100.0,0.0,60.0,30.0,0.2671476131404897,0.2664065652004423,0.2667634115835965,-0.0234605827232657,-0.0352105776169482,-0.6081476382909738,2.1001207566267035,2.0999319077025245,2.1003452400238527,15.265798896180069,15.25954103423334,15.260807423148117,0.6320527728863933,-0.520595423050527,0.5287922323164181,0.044911521479153754,0.16608070475463935,0.16602879948504431,0.1661032966617234,0.2667323396788949,0.2667610365676296,0.26678641077234005
0.0,20.0,100.0,0.0,0.0509389325841304,0.0495084104639742,0.050195898967306064,-2.0120626440080613,-2.0900437765915845,-2.049119906875989,0.4119142869675513,0.4093602284850847,0.41153091981307904,28.18989622853364,28.187114020780776,28.188919687691616,0.6791449760543936,-2.0262614013022464,0.009706398073502813,0.20003524846907506,0.33420078740054066,0.3341862095852944,0.33415481427859955,0.050282268183139966,0.0502399349452508,0.05055373937495761
50.0,50.0,80.0,90.0,0.1673957750590816,0.1666854523807507,0.167087027453377,-1.150401031065138,-1.15476210960098,-1.3319680969366017,1.3233726650785422,1.3263505973175291,1.3249990970494128,23.298675868899632,23.296332270292524,23.284737984979564,0.7149820200524383,-1.2870673309637894,0.4068828837643197,0.42556461930325234,0.2946141058971291,0.29490371751205563,0.29474676466450406,0.16709002381036747,0.167305930254296,0.1669268194846937
50.0,20.0,120.0,0.0,0.1163600575557347,0.1151366478588907,0.11578927893727597,-0.7825066498107053,-0.7968755385877092,-0.9018185377255042,0.919236120664594,0.9174368374288593,0.9211681510938149,33.53683907883952,33.5332211586944,33.525568257342826,0.6750696220906218,-0.8936880611762084,0.5048932641841065,0.19996174672778702,0.3922463120895462,0.3922778916697984,0.39259299732152797,0.11566384326285263,0.11591996578898296,0.1161682047531358
90.0,0.0,70.0,-30.0,0.2396853576068558,0.2390603617610434,0.23949813550468707,-0.1536894150036635,-0.1602778803071839,-0.5936025379375445,1.8856435436675292,1.885128572032991,1.88617726083276,18.461670787442753,18.460668778352378,18.457648353322078,0.6345985076499319,-0.520659588296626,0.588075546229693,0.04127629146556082,0.2058051286136786,0.20594550953242846,0.20585751201740857,0.23944407632164713,0.23952226262689277,0.2395743542346806
50.0,0.0,100.0,60.0,0.1359163704675081,0.1349989346163442,0.13560602129690807,-0.3516351589762425,-0.3590679569375288,-0.5239758212161607,1.0678995141288852,1.0676741405540917,1.0667081458831729,27.34041765512622,27.336080348491244,27.328207928019268,0.6453124449701564,-0.5221886034343035,0.5027180052524953,0.00022111946968393962,0.3097939101039638,0.30989009504696086,0.3098508834413302,0.13571325942394413,0.13557201701885838,0.13560260199212895
0.0,90.0,60.0,90.0,0.2136729011889521,0.2133494200903765,0.21354129252571555,-2.094006577176037,-2.09802026003333,-2.09454774023618,1.6930804299351976,1.6937203807290975,1.6928042185673806,19.115287863936302,19.111573924421503,19.09658879184888,0.7665320191074287,-2.002511187159981,0.00032679089681284266,0.6938928355318273,0.27253219534590717,0.27228846901118686,0.2719714246667078,0.21360715204339442,0.21358892033747323,0.21347230532737815
0.0,100.0,80.0,30.0,0.2429111194745337,0.2412657094591667,0.24202416233925012,-2.088634604856954,-2.094569067235933,-2.0912197485168518,1.9223594300077598,1.9209696539425591,1.9201720350951954,25.0420480115737,25.03337037808636,25.032967511653133,0.7785098420441033,-2.0214286154605,0.004454724219893479,0.9999044301648564,0.34644375931706983,0.3464129293733393,0.3462312696170006,0.2422098820014306,0.2419394552304579,0.24210643606758647
20.0,20.0,40.0,90.0,0.0953501220765629,0.0942183460374389,0.09485557190281269,-1.3184774009721854,-1.353678399513943,-1.49841609630062,0.7533050555007694,0.750260927285351,0.7543260890576613,11.865487509699122,11.864220561600101,11.868784115138793,0.6784793404823032,-1.277180112019705,0.09838069784804022,0.14498934128577595,0.15447806067882802,0.1542364446799444,0.15454116105795693,0.09466710238500113,0.09479024981468721,0.09518880130286347
20.0,20.0,30.0,120.0,0.10169811864087,0.0990053468562463,0.10094869280088402,-1.2823343722370877,-1.3514206490747112,-1.5251229035314593,0.7991143540311729,0.800391578584211,0.7995226489697522,9.151060862971717,9.154311593207732,9.153824490146716,0.6784793404823032,-1.277180112019705,0.08126257365738367,0.12701174889329025,0.1252997087152732,0.1253395658693858,0.12534747478761915,0.10102270170724822,0.10106950217695383,0.10090659472521626
20.0,50.0,20.0,120.0,0.1749825251733255,0.1735517491632007,0.17433817029565601,-1.4578826662184274,-1.5435112557563475,-1.8026376788536171,1.3786546413222491,1.3765646827884102,1.3782414897363005,7.332585794233541,7.316820375387994,7.320732827109433,0.718145790998976,-1.682010494824096,0.07472583080748875,0.24922984972624376,0.1252084821322792,0.12502753953042395,0.12506909352026338,0.1743199562315399,0.17426001744040412,0.17453861342427696
50.0,0.0,70.0,-30.0,0.1302156489535855,0.1296998576618966,0.1300211772469421,-0.406690476995898,-0.4180306581022247,-0.6408315576675211,1.0248202426596524,1.0242672737386507,1.024701290741467,19.180717502604452,19.17402536870185,19.173658318602648,0.6453124445160147,-0.5221886027811199,0.3398052099140833,0.040027194567319554,0.21995163662573783,0.22008519868795412,0.21993186707668114,0.13000996201795903,0.13001543326668616,0.1300863049709609
0.0,50.0,120.0,-60.0,0.1014287128633847,0.0997208121605301,0.10054406070328695,-2.062790949637041,-2.100652172794303,-2.083592677117131,0.8109949640112286,0.8116577241605026,0.810931961069017,34.384924989377275,34.379633695956414,34.37767787919059,0.7187172303236241,-2.0572513802815084,0.00713204376557449,0.5001243387644381,0.4178525827558228,0.41796938774345277,0.41743542779020487,0.1007309933510113,0.10074967631692612,0.10064356030343308
20.0,50.0,70.0,90.0,0.1351203875100708,0.1346074371195149,0.13486798535442526,-1.6680927783440342,-1.6787456638463,-1.7537732140177436,1.0715527333754538,1.071619760517261,1.0768616430508167,20.78437155463642,20.78291363161258,20.779828717869346,0.718145790998976,-1.682010494824096,0.14517656603811938,0.40856917660363606,0.268714108642422,0.2689883276694137,0.2687316281572989,0.13442630636308517,0.13513040372129362,0.1351010352143499
100.0,0.0,20.0,-60.0,0.2812339800521082,0.2484776241504323,0.2661361899840792,2.7334467450942985,0.7935615368222482,-2.445881000675388,2.0948307392336685,2.0979675743381194,2.1016387517936,3.7972725467997175,3.8030136622386967,3.825414373931273,0.6320416419520964,-0.5206015585514251,-0.07804400195852117,0.17638303216156193,0.07166413173730374,0.07165888359917984,0.07195163620634702,0.26582332606254927,0.2667043716776626,0.2663171725616848
0.0,100.0,0.0,-60.0,0.2680623594736796,0.2664156664141277,0.2672209059416535,-1.999202341950751,-2.0403732130949943,-2.0913603717875144,2.107473587378434,2.107792058549821,2.1084732832324344,3.214322121479146,3.217041052244973,3.216579099088639,0.7784979683002455,-2.0214052264635765,0.001074898858158293,0.3327400434384609,0.1046867916853621,0.10464752656934714,0.10461940435839893,0.26715910838300044,0.2672855212400992,0.2672526479423331
50.0,50.0,70.0,-60.0,0.1719662476800611,0.1716966889749915,0.171823079820581,-1.1550034494111294,-1.1593675242257824,-1.3617432301726127,1.3598838875165289,1.3625448991523739,1.3620134012453367,20.592252260396055,20.590996725313083,20.579471743692896,0.7149771214563769,-1.2870595348254699,0.3647866387160845,0.40511169624337107,0.26544903377719065,0.26547925756830243,0.26544529910494574,0.17177310208055083,0.17204028845152783,0.1717038661194608
50.0,0.0,100.0,90.0,0.1359133169929747,0.1349813340007814,0.13560161569790014,-0.3516384512160723,-0.3590708838101011,-0.5239761109872787,1.0678662400613845,1.0676415377754187,1.0666759718236745,27.340431411322264,27.33609511945772,27.32822466190933,0.6453124449701564,-0.5221886034343035,0.5027008785170065,0.0002209930217249974,0.30979420915842254,0.3098904317210764,0.3098512138434422,0.13570903987443178,0.13556793946179094,0.13559843674659575
0.0,100.0,120.0,30.0,0.1869616242865599,0.1851398015329106,0.18605399833073602,-2.083983963478353,-2.091698590207133,-2.088706233707461,1.488108117800403,1.4853033351466303,1.4864352625550772,35.39562536861964,35.39409410538657,35.38332496780003,0.7785098420441033,-2.0214286154605,0.007470326876972405,0.998908142311477,0.4509027945902873,0.450705458154496,0.450728816720651,0.18629159921340463,0.18608581703196725,0.18643101787723426
20.0,20.0,100.0,30.0,0.0728766814932991,0.0702225883486054,0.07150057105677436,-1.2180203536018988,-1.2648293078446702,-1.3022267743610025,0.5737963614722175,0.5753026689260281,0.5728484630247431,28.16486899565669,28.164988106652757,28.157151363961233,0.6784793404823032,-1.277180112019705,0.2033865658903943,0.20002552857999892,0.3335899159949185,0.3336822382396628,0.33352998290840896,0.07177424175142359,0.07165423639675676,0.07147474847080774
50.0,20.0,50.0,-90.0,0.1510317670609713,0.1499298160437366,0.15051897859700497,-0.6991076249408577,-0.7154883365575524,-1.0368638478117955,1.1867905180458003,1.1907634940223824,1.1889551122092266,14.209101240840138,14.22367833595979,14.212640344004937,0.6750207751173803,-0.8936834863400283,0.2781401768629554,0.15680231910247175,0.177438423274567,0.1774215877018736,0.17773064273673245,0.15052545294793945,0.15079860923478236,0.15029324052099635
0.0,50.0,100.0,-30.0,0.1173659076672458,0.1156905737834012,0.1163804294875596,-2.0694707483540338,-2.0817263620935,-2.0772640005654304,0.9363292972954537,0.9339238939023171,0.9295936152382394,29.028627987327642,29.01933837557225,29.014843584339047,0.7187172301853968,-2.057251379689821,0.009700642715161668,0.49997844176360023,0.3601181061316947,0.3599401311593495,0.3598148971017294,0.11694315943804123,0.11608984028334934,0.11641057320598665
90.0,0.0,10.0,120.0,0.2683558601622962,0.242689267194041,0.2636715860440451,3.13709921362811,-3.139464931640608,-2.2677579248173827,2.077957827243828,2.077574577727942,2.0809294893173096,4.381313370882285,4.396364633428069,4.381804207314002,0.6345985081197228,-0.520659588644016,-0.05599072458350826,0.3278832818535545,0.11081978234962446,0.1108728670114243,0.11075061732004142,0.2632447157797082,0.26362644755126496,0.2636685207961494
50.0,50.0,10.0,0.0,0.2288447132147507,0.2193944553961738,0.22426875253589207,0.2091665396149799,-0.5734698619277693,-1.7347562207006106,1.77028216753054,1.771684868682481,1.7676776058714578,3.126510568134531,3.1145761783172556,3.1295313962934133,0.7149820200524383,-1.2870673309637894,0.07786628151254892,0.20681825223141437,0.08271300058870082,0.08270021659448726,0.08295165500588443,0.22471428463114146,0.22439005706842183,0.22421144609508417
0.0,50.0,90.0,60.0,0.1267582491265524,0.1253662102894417,0.12600728340353576,-2.0731286272746496,-2.099806466309096,-2.0861208208394646,1.0062919899186744,1.0062614490966035,1.0088128580808866,26.367665703910756,26.364248100859378,26.356051571428033,0.7187172303236241,-2.0572513802815084,0.004845199982123992,0.49998121382482796,0.3324290472179211,0.33247005667741225,0.33250983858739663,0.12586376713952768,0.12617776428402114,0.12618739456230768
50.0,20.0,100.0,-90.0,0.1387182279478072,0.1356646167664923,0.13727009091900225,-0.7366041006621828,-0.751771094818695,-0.9019569019989611,1.0849745729960054,1.086977845239284,1.086246563463454,27.999826678497445,28.002425853785464,27.991915858646905,0.6750549777350859,-0.8936865641330348,0.5040121669407341,0.2001526409838976,0.3305652501273834,0.33063315258972104,0.33039775733373217,0.13732612155133436,0.13748992401848972,0.13723191287367634
20.0,0.0,50.0,60.0,0.0595446646127441,0.0585919443081833,0.059144167963285,-0.7729208849272236,-0.8108591436156974,-0.9274938810075587,0.4693323880645624,0.4693437477238768,0.4676282791219835,13.963800492115514,13.968092143093818,13.961038750902917,0.6492905343418074,-0.5217752697370182,0.10709128693270538,0.045738893621727485,0.16416406817011506,0.16436269098225467,0.1643619241596556,0.059295160146770234,0.05909016379585041,0.05909802374836725
20.0,20.0,90.0,0.0,0.0788129362829575,0.0775740579150963,0.07828419374335666,-1.2165060324175827,-1.241832889014837,-1.3045365114023206,0.6263618013468776,0.6270325063766347,0.6257814394148994,25.419921821277843,25.426254207466616,25.415296827172472,0.6784793404823032,-1.277180112019705,0.20215437098649777,0.19994001545991055,0.3036838063448466,0.30350720484588933,0.3034401868850244,0.07841459468238912,0.07833973569622671,0.07825437769903779
50.0,50.0,70.0,-30.0,0.1722172248724167,0.1719202085798078,0.17206161106068274,-1.1525053757111798,-1.157738760374707,-1.3606483185151772,1.3619098847808604,1.3642863446920488,1.3638544273877506,20.59115502775455,20.58998487104736,20.57738212811724,0.7149820196001551,-1.2870673298698052,0.36573177758852515,0.4052675464227593,0.26545625735229944,0.2654633323661892,0.2654372879285518,0.17201454283777426,0.17225866140632698,0.17195743151811302
0.0,50.0,80.0,-90.0,0.1219321621058587,0.1213420251518526,0.1216475868364122,-2.05929914688661,-2.072041364676465,-2.0704017225201974,0.971010976506139,0.9698437795067072,0.9729540689332915,23.509949177778353,23.522396600315275,23.513534914635787,0.7186869559711085,-2.057138760592528,0.010914006062760726,0.43438308979605816,0.29904745402469063,0.2992307153170862,0.2987676960677459,0.12145113269950865,0.12170759080536159,0.12186642685301857
0.0,100.0,100.0,60.0,0.211865675635453,0.2100333223900689,0.2110659014729536,-2.0733744847246656,-2.09374750372908,-2.085168264481299,1.6776301780589118,1.682002720755123,1.6791205784566048,30.212581167757527,30.219289660065794,30.21258367316625,0.7785098420441033,-2.0214286154605,0.010945550886285911,1.0001098724357667,0.3982536685391287,0.3985080166889905,0.3978844759629078,0.21120723529825597,0.21140023000215033,0.21086450485524524
90.0,0.0,10.0,90.0,0.2683033016364095,0.2426315105880391,0.2635891145590128,3.1413584669548777,-3.134500636432964,-2.267331521564801,2.077577391532001,2.077471760191771,2.079466902243876,4.399359462246981,4.40411507833083,4.394238598994488,0.6345985081197228,-0.520659588644016,-0.05588286853197504,0.32812398634116674,0.11089136711762256,0.11092496632644018,0.11082521641087434,0.2632635376953158,0.2635126665255513,0.2635107910156954
20.0,50.0,10.0,60.0,0.1841842314955199,0.1816166529055495,0.18313130490952387,-1.23402937907443,-1.4629234934528703,-1.8662512031102048,1.4453184942458095,1.4454128581559684,1.446665367053855,4.6128954933936654,4.611237814362204,4.607668452147278,0.718145790998976,-1.682010494824096,0.0476271443173152,0.20602394662787818,0.09731808281056348,0.09725024265467123,0.09721191480568504,0.18305895662494048,0.18323071875675875,0.18321600546400554
0.0,50.0,30.0,90.0,0.1573888534243158,0.1565317094869931,0.1570114852408521,-2.0886537846325632,-2.0979325163302547,-2.0920817314607185,1.241648308911514,1.2394679638586266,1.2479695109418294,10.141608872928341,10.143113538067686,10.140665652090489,0.7187172303236241,-2.0572513802815084,0.0007830007710591851,0.29160802899655086,0.15552428637936588,0.15544178305762824,0.15547749513057554,0.1564027796462751,0.15720077943701993,0.1574842111795905
0.0,20.0,110.0,30.0,0.0472958601310859,0.0451252797226161,0.046054668285079384,-2.044241472546968,-2.0882651334590614,-2.0647698586637073,0.3819017443898317,0.3816496632566636,0.3785172379391006,30.93177051005615,30.926784853209192,30.914482800119252,0.6791449760543936,-2.0262614013022464,0.00688693280209962,0.20001750141900781,0.3641322292132919,0.3639879029372197,0.36387835762074217,0.04653309193559497,0.046126028536191487,0.0461517124165764
0.0,90.0,70.0,-90.0,0.240747254811112,0.2393191071983845,0.24006214428343045,-2.0700571478945444,-2.084738869941969,-2.0810245243751244,1.9022579164313733,1.905589176945347,1.9035252295862988,22.236603609570132,22.23713482142971,22.220134715855867,0.7664977551848331,-2.0024221513293514,0.012738352644446893,0.8998398758103855,0.314437523683776,0.3145385343095918,0.3142636087244577,0.24014773693240557,0.2403043467823536,0.23988148410905155
90.0,20.0,100.0,60.0,0.2420663645008842,0.2387740690864802,0.24072804445848883,-0.4425422248132336,-0.4520915885823336,-0.7423111687830964,1.8969446833212185,1.898120554283264,1.8982782877583793,27.532043011742047,27.524938722325636,27.51775964787461,0.6658515926585167,-0.7392330937283146,0.9025824590342367,0.20055104789060585,0.3215767323921282,0.3213885780421819,0.3215502967834185,0.24072859441906697,0.24089040138839174,0.24074901907131765
0.0,20.0,30.0,90.0,0.0863859799745334,0.0824791502749654,0.08467325674827851,-2.0648339943314644,-2.145793100402886,-2.0941049601719834,0.6722346133567743,0.6720484638819686,0.6781445495313324,9.336387801667719,9.316488680122458,9.31438633107513,0.6791449760543936,-2.0262614013022464,0.0002762673490199083,0.12872319920056494,0.1286338965224089,0.12834098818410317,0.12875124983189704,0.08434259112846042,0.08514929659874117,0.08520726193636825
100.0,0.0,0.0,120.0,0.2683711300818746,0.2664632725080503,0.2670979923609238,3.139702362104923,-3.1375659522475883,-2.0913488886683305,2.106069510033133,2.1083197777506517,2.1081366305609346,3.2574428012240424,3.2539639593879253,3.253637161245443,0.6320527728863933,-0.520595423050527,0.0010808070850663182,0.3375614218635386,0.10625649460331167,0.10601935301318392,0.10612249825219362,0.26710208936430563,0.26737036950906634,0.26707343628165403
90.0,20.0,90.0,-30.0,0.2197535545490148,0.2192072361975237,0.2194820202678242,-0.461201347207633,-0.4658642703972855,-0.7622151983773644,1.7309319062524018,1.730357618647261,1.7305034312740164,24.80006170019026,24.7923508359728,24.78876363751482,0.6658515923782014,-0.7392330934304888,0.7415379673963514,0.1802987931356532,0.29091655691238266,0.29062837294640426,0.2907170405765655,0.2195059612213131,0.2194436547401914,0.2195316474659777
20.0,50.0,20.0,-30.0,0.1748787963432821,0.1734533928174505,0.1742462129779123,-1.4592339312733298,-1.5430409211594942,-1.8029226339115392,1.3779553824832296,1.3757812445805895,1.377538741530858,7.332398320195074,7.316248262706277,7.320324322570669,0.7181457901155553,-1.6820104917653618,0.07460841975454417,0.24908235829954073,0.12518774367940122,0.1250028959014063,0.12504934025904357,0.17422416202681174,0.17416414009699213,0.17445297919623318
20.0,90.0,30.0,120.0,0.2475997344056069,0.2469866485775103,0.24734002648734058,-1.6897732755946833,-1.7149537009289548,-1.89714265084609,1.9554823445345753,1.9550945380909446,1.9548438350068258,11.072599819531007,11.075154592092282,11.072454470577465,0.7655278996474294,-1.7768164101630861,0.10841532340693082,0.542290864483895,0.18717391107363163,0.18741907219078993,0.1871711085919126,0.2473839587318656,0.24732306697326742,0.2473756233506895
20.0,20.0,110.0,-60.0,0.0665402895684725,0.0645110846002058,0.06561358189166791,-1.236321920914821,-1.2703326832316253,-1.3023272434823487,0.5265797802495378,0.5297251043078243,0.53277251069793,30.90400402919908,30.901316830303266,30.90186826638123,0.6784782923724703,-1.2771760793755877,0.20378859666428553,0.19999807184918456,0.36356860699471866,0.36363438444588286,0.36377794725966184,0.06541376874174702,0.06616840392553004,0.06578715650350603
0.0,90.0,0.0,-90.0,0.2681509305996059,0.2663456286831986,0.2672235863653591,-2.0142744479624546,-2.0511240481848625,-2.0913713906192477,2.1069748152680323,2.107508591155413,2.1092851375646524,3.2173001528989,3.215412806438578,3.2161031102962694,0.7664477431511628,-2.002308701709115,0.0010735522443671747,0.332759407244741,0.10477254820771259,0.10465612489934357,0.10466816450413013,0.2670599315869138,0.26734953644454373,0.2672922640676115
100.0,0.0,50.0,120.0,0.2670633649513286,0.2664651645646584,0.2667933223422856,0.0915492146537764,0.0654724200942315,-0.6337414555488784,2.0997162229706974,2.1012376980499474,2.0998234609944664,12.238336937019056,12.238243271752447,12.236640891258352,0.6320527728863933,-0.520595423050527,0.4116871976855034,0.04574849294638418,0.1297569711368971,0.12995139600196126,0.1299207381804253,0.2668466460941484,0.2668721097666204,0.2666743597170321
50.0,50.0,40.0,-30.0,0.1976448440693969,0.1961883370635735,0.19723307957718525,-0.988836657259333,-1.022171618602117,-1.3998220345783676,1.5578672805853029,1.559053496827083,1.5589406718199712,12.296172116322461,12.291811317663237,12.286374606493137,0.7149820193287095,-1.2870673292128874,0.2638816979716852,0.31686244603429325,0.17514156730004418,0.1750675683584705,0.1751256397176228,0.1972290008788156,0.19734545745264984,0.19720857038079975
0.0,20.0,80.0,-30.0,0.0570178075591439,0.0563262273930912,0.056734933889038795,-2.0842036339413577,-2.124648551559459,-2.1039279346089033,0.45967653120324387,0.46027050099674305,0.4594236635989759,22.709281461642796,22.713581754947004,22.708691194769617,0.6791449756928016,-2.026261398734411,-0.0014195879855997235,0.1854310387763748,0.27322603093983994,0.27307032066825215,0.2728537047117543,0.05681398837878972,0.05679475054242116,0.056702982969518236
20.0,0.0,60.0,0.0,0.0559349423323887,0.0553519017482581,0.05565984443962752,-0.752523021234157,-0.7638365995512845,-0.8667897499445789,0.44178262416167025,0.44087140340093356,0.44122321625295047,16.69723676358471,16.69475444491606,16.69177551185362,0.6492905343418074,-0.5217752697370182,0.1220406044273665,0.04358299911902883,0.19464841526728457,0.19466131189430172,0.19462778139969755,0.05567363156594015,0.05561739538115258,0.05573727474418869
0.0,90.0,90.0,-60.0,0.2078435594714627,0.2065479692730758,0.2071925907484675,-2.0733325154123103,-2.07993204191497,-2.0793276055638445,1.6475247066738217,1.6478446621384666,1.64869793917561,27.381192184617085,27.369392533130416,27.37058286254105,0.766529102303187,-2.0025047675111907,0.015076675831938868,0.8999132675844127,0.3646429927876858,0.3645196568169642,0.3644258403198698,0.20718996119958877,0.2073243757105061,0.2072679303351851
0.0,100.0,50.0,0.0,0.2418601635382504,0.2413654283316161,0.24159722943703846,-2.098953565505819,-2.105039607700629,-2.098062944447901,1.9134077899799093,1.9116829037183647,1.9141716344667357,16.695053053182406,16.696085117228606,16.683474553195882,0.7785098420441033,-2.0214286154605,-0.00230070633846386,0.725929532195442,0.25166090025842264,0.2514546226740762,0.25164722039752013,0.24147301013694394,0.24157792233269051,0.241767199463835
90.0,20.0,70.0,30.0,0.2356454177222147,0.2349212764182517,0.23536823817817107,-0.3851438491027552,-0.3905948107542868,-0.8002682664055417,1.8555674242821079,1.855717438682591,1.854426477037579,19.11302741974784,19.11519118172787,19.109627648501235,0.6658515926585167,-0.7392330937283146,0.6137497601285804,0.17426967656303743,0.2266381157373359,0.22660130951865007,0.2264030883458105,0.2354863505025578,0.2353403253986842,0.23531810336211015
50.0,20.0,40.0,-30.0,0.1584517515976461,0.1564648972304694,0.1578038720261517,-0.6143882836179189,-0.6563913373390335,-1.063271438203734,1.244700912075284,1.2462944795604083,1.2458296414708274,11.375276341369261,11.36253818907955,11.369520899460209,0.675069621365507,-0.8936880595509268,0.23579688036954455,0.14134568951050958,0.14557238839314804,0.14553887165620918,0.14556761257707942,0.15780238656361445,0.15793913372876134,0.15774960873660782
50.0,50.0,20.0,90.0,0.2195664716292097,0.2132248757941425,0.21693159633793777,-0.5195925890858483,-0.7834697957089606,-1.4919749167730552,1.7116835453313162,1.7131408678565834,1.7120758767361954,6.332343382860253,6.326587652994127,6.326008264307012,0.7149820200524383,-1.2870673309637894,0.16200068985645522,0.2365284535637655,0.11080390331483708,0.11062632190527565,0.11071955795696897,0.21708063258982202,0.21712496788886282,0.21694532293475513
20.0,20.0,80.0,120.0,0.0732388841127665,0.072642304630721,0.07294462100990085,-1.3261910339692269,-1.3454697426753417,-1.4071691319421948,0.5828502114787409,0.5874610097961721,0.5821873855757294,22.697345370411373,22.693351588086742,22.682044272053613,0.6784793404823032,-1.277180112019705,0.15121495848228073,0.1838430580651957,0.2726215450204471,0.2730060475064159,0.27251293382318176,0.07322735793976431,0.07312882979208347,0.07255657353353806
50.0,20.0,90.0,60.0,0.1309241774485934,0.130352787339668,0.13060369734578034,-0.750311225424968,-0.7563089472056006,-0.9201049439701825,1.0340636163760564,1.0340337208824817,1.0318479868336348,25.213533413546863,25.210884319897907,25.202197268595764,0.6750696220906218,-0.8936880611762084,0.4305435168505198,0.18010265727314614,0.2985879407485334,0.29870049904142554,0.2986268290425102,0.13079623245997302,0.13052199653677485,0.13053506215912403
20.0,50.0,70.0,-60.0,0.134834622374489,0.1344281118226045,0.1346791939127491,-1.6722010967943826,-1.681971265364018,-1.7559462708483595,1.0719312944650443,1.0710461338924038,1.0725204139811697,20.783257139846246,20.77906033319389,20.773144644046983,0.7181405858216807,-1.681995503594506,0.14407026189739625,0.40827114005079485,0.2688655674971538,0.2688434783769506,0.26857953916962973,0.13460988975912203,0.13469783852868616,0.1347694980812231
100.0,0.0,80.0,-90.0,0.2532404836643339,0.2526465619995151,0.2529649162834023,-0.1690346310532225,-0.1725031374235944,-0.5733546695121167,1.9923101872692006,1.99127685272467,1.9906756459156754,21.18777717551539,21.19177555396639,21.184695925909082,0.6320252384502699,-0.5206308751928682,0.7139150048941948,0.035578662976322575,0.2361824337125231,0.23613395706582277,0.23589730852969854,0.25306862401428515,0.2528689762210839,0.25298651637639236
50.0,20.0,20.0,90.0,0.1758880275025739,0.1682023023942586,0.17270649529947849,-0.1318009295877929,-0.4205190864601753,-1.2170805771404771,1.3622422646426238,1.3639554854054081,1.3615920118891955,5.329355433871605,5.3266579037458985,5.329259511130514,0.6750696220906218,-0.8936880611762084,0.12469456049928546,0.10428666386202526,0.07902369533561085,0.07900368908878408,0.07907423853364424,0.17297492981605303,0.1728901309308738,0.17267917280418843
50.0,50.0,70.0,30.0,0.1723444632121394,0.1720476588540972,0.1721957271789372,-1.15128891027363,-1.1566121105872842,-1.3597593581835399,1.3632385297296623,1.3650503931297455,1.3649157671995948,20.589556551335413,20.588986052475914,20.574625225187994,0.7149820200524383,-1.2870673309637894,0.36635061099747956,0.40522858400960177,0.2654571341198039,0.2654297710801932,0.26541837022415576,0.1721461370864376,0.17235843521462219,0.17212693573176763
0.0,90.0,120.0,-30.0,0.1706593976517882,0.1689487829286603,0.1698463265520228,-2.074523011651081,-2.0809039976590227,-2.079249879508322,1.3585948006509805,1.3573386994338257,1.3599591365885808,35.20336255751683,35.196553518819194,35.190778978488936,0.7665320191074287,-2.002511187159981,0.015419500780851228,0.8994436657434173,0.4443582827986669,0.44455557464769263,0.444270391927355,0.16986350670193173,0.17006630911807002,0.17019406176910368
50.0,0.0,50.0,90.0,0.1409248680652365,0.1393179431699495,0.14038572082476194,-0.3397043659224252,-0.3634530364082711,-0.6981819185204219,1.1064648444571543,1.106954940862791,1.105400418919284,13.575982432334866,13.576532414813334,13.562084368135208,0.6453124449701564,-0.5221886034343035,0.25959606635420257,0.04583915497969226,0.15673331047043865,0.15679725391672134,0.15673482868171104,0.14051312113095704,0.14037323361566614,0.14031167444697598
50.0,50.0,50.0,-30.0,0.1885933834102113,0.1876453433428891,0.18823557694780177,-1.0709536531161628,-1.0899109412779282,-1.3848220653237953,1.489223657265027,1.4866904199064668,1.4903283395047762,15.09432824048731,15.084830120954539,15.086394885926767,0.7149820194191722,-1.2870673294318513,0.30129755285734533,0.35076937741646913,0.20559611570032377,0.2053586002108216,0.20540738298448494,0.18805964253429355,0.18820893021368493,0.18851222073894802
50.0,20.0,110.0,-60.0,0.1265235540683685,0.1246243823005557,0.12562638736112683,-0.76147408062228,-0.7798632556331028,-0.9018491418518022,0.9947311375878629,0.998790395321165,0.9934675123227353,30.78409530948187,30.783677611775556,30.770073294407382,0.6750686568278593,-0.893687212831152,0.5044091331518491,0.20005859285551714,0.36117571803773785,0.3613399755346669,0.3611678756725226,0.12602000822882756,0.12583978442908303,0.12535701218800557
50.0,50.0,50.0,90.0,0.1887420890045183,0.1878232545906799,0.1884005678841834,-1.0687269849092276,-1.0890938097470158,-1.384012087155913,1.490782055618995,1.4881316753079294,1.4912717143946002,15.094989212472862,15.083564682280267,15.084023456439647,0.7149820200524383,-1.2870673309637894,0.3018229708798203,0.3508101018897871,0.20559695248539264,0.20534680648567724,0.20537901518944904,0.18827217983429453,0.18834488127729643,0.1886639560693187
0.0,50.0,30.0,60.0,0.157423756416641,0.1565544004555595,0.15703144957143317,-2.088477768858037,-2.097740201830411,-2.091946321238136,1.2418061370574853,1.2397583881822178,1.247993672423498,10.14113389850604,10.143114869349413,10.14044055817579,0.7187172303236241,-2.0572513802815084,0.0008228156091223104,0.2916592718432765,0.15551440751163254,0.15544440450040542,0.15547298021149,0.15643956314166854,0.15721956303116577,0.15748849131563689
20.0,0.0,70.0,-90.0,0.0533691275042828,0.05239134252404,0.05298552091446096,-0.7012054069120869,-0.7328934672264106,-0.8076749568395466,0.42107665191521326,0.4191625627055219,0.4208767067616347,19.422044705128183,19.417606368806656,19.417189317309404,0.6492533018638064,-0.5218216855134622,0.13683290419085273,0.039915040277170064,0.2248074439900509,0.22465002163455705,0.22476453594149035,0.052959036028196314,0.05295253350578135,0.05320055665195397
20.0,0.0,20.0,60.0,0.0914799752745009,0.0501331268304159,0.07179684847993789,-0.4333807975808806,-1.429979241743993,-1.1261806676522295,0.5722592859824985,0.5721431590602077,0.5736661111281908,5.7628162747867355,5.766764684088748,5.767158846506131,0.6492905343418074,-0.5217752697370182,0.0524066758165749,0.035937776040666676,0.07487125379145787,0.07470350902617136,0.07464109285402677,0.07238489288703188,0.07255620060077675,0.0725751515297703
0.0,20.0,90.0,120.0,0.0552102399426005,0.0546694037156553,0.05499543152338174,-2.070637624687809,-2.099592639921998,-2.0848953602875753,0.44582734473427016,0.44886392585603724,0.44724711416637386,25.46611959645356,25.46894602629783,25.446921438491618,0.6791449760543936,-2.0262614013022464,0.002413219450054762,0.19997057512485847,0.304498180355016,0.30458614843412385,0.304129072739987,0.05506907018931702,0.05526536503672002,0.05487467682959562
50.0,50.0,0.0,60.0,0.2211280871230199,0.2202229158147631,0.22069959904448794,1.3952890652443408,-0.271552658203937,-2.0913493339259603,1.7453167845157693,1.7381887098166635,1.739852638828418,2.6804197792979996,2.6857907987545038,2.6781286774940796,0.7149820200524383,-1.2870673309637894,0.0007448596728152633,0.22846677986762728,0.08729292786758686,0.08749042527275638,0.08721772812690408,0.22089999451862763,0.22020645670117972,0.22111450861760584
50.0,0.0,30.0,120.0,0.1540622022385174,0.149326406929342,0.15225289105547352,-0.0964680355814986,-0.2081250685225809,-0.7882733542874818,1.1996273282141592,1.2001389955925705,1.2000147477950636,7.762275356408682,7.756448418864082,7.756408067602072,0.6453124449701564,-0.5221886034343035,0.15880489935269662,0.04330299218994976,0.09066944794808036,0.09054686803143497,0.09069712180978029,0.1523201554909779,0.15237154322780647,0.1523086081168378
50.0,0.0,50.0,0.0,0.1409130036526066,0.1395621475690296,0.1403814885098871,-0.3390358682387653,-0.3599607742195281,-0.6975101979821517,1.10643653540358,1.106935432069973,1.1052136561916674,13.575184850037427,13.57562296738887,13.560581846310523,0.6453124449701564,-0.5221886034343035,0.2595542426302157,0.04564879290038273,0.15670566944992134,0.15677379011910306,0.15669843818069332,0.14051833137779055,0.14035675346643423,0.14029418980863784
50.0,20.0,70.0,-60.0,0.1380559672422142,0.1375579554927027,0.13781938877013813,-0.7702051558407793,-0.7749709303523947,-0.9921127672408533,1.0899402274773695,1.0893695413556315,1.0897649117847357,19.758910562989115,19.754565793421406,19.754648086178356,0.6750639474953014,-0.8936842279737366,0.3515150210791881,0.1778267102486758,0.2388111601054994,0.2386549629405263,0.2386490587848887,0.13782083813817583,0.1377921543375104,0.13787168044955445
20.0,0.0,70.0,90.0,0.0535259493540784,0.0527723924017677,0.053079077402438675,-0.7098766590689908,-0.7431923720478476,-0.8115730572791986,0.4218266389424491,0.4206352454649521,0.4209304001110992,19.423646120923664,19.42142325697772,19.416145958755763,0.6492905343418074,-0.5217752697370182,0.13697598742735215,0.040531427026691956,0.22488072832741132,0.2247388753018387,0.22482064795145498,0.05314383255990226,0.05304166976065984,0.05320266930752923
20.0,0.0,10.0,90.0,0.0833468846913234,0.0638086320618669,0.0733430806712934,-0.3473860684571768,-0.8638970702997292,-1.3040078543951061,0.6580726083969792,0.6568609356632786,0.6574631866766834,3.274404325897642,3.313519329171599,3.3052299634338076,0.6492905343418074,-0.5217752697370182,0.02761112699602172,0.04270572536282715,0.06093600999589075,0.060933311752373216,0.06084791034890893,0.08323380263446516,0.08317897805759283,0.08328567953901288
0.0,20.0,100.0,30.0,0.0509540868542755,0.0494846610612223,0.05018782018342396,-2.014429020622944,-2.094379116910114,-2.052843819355388,0.41140539131794446,0.40902673946670354,0.41218641770041226,28.190126141277897,28.190309492674295,28.188996082952947,0.6791449760543936,-2.0262614013022464,0.008961225165903168,0.2000308173158325,0.33421476410812795,0.33423434573655353,0.33416204399570815,0.05017558755196322,0.05029238837009278,0.05058083505131543
0.0,20.0,0.0,-30.0,0.1145409511592534,0.0946952981488269,0.1048844026276609,-1.9681009881222096,-2.129016447158424,-2.0875250850660443,0.870685256248999,0.872718660769833,0.8731949058230262,1.9176672969956507,1.8888367107413186,1.8960677327908555,0.6791449750406406,-2.026261393577674,0.000549482741331409,0.06394750904125795,0.0572558664668693,0.05709122463128071,0.05707978227672165,0.1104607371321406,0.11077592422281392,0.11056503182402475
90.0,20.0,110.0,0.0,0.2189378938872238,0.2176123825921695,0.2183720006413971,-0.493909360041887,-0.5048252351111138,-0.7419325153752858,1.723349669116923,1.7224975207906958,1.7218675309441553,30.43188280346157,30.434971755549682,30.419756456982135,0.6658515926585167,-0.7392330937283146,0.9031579020052021,0.20019730965535093,0.3545213333564373,0.35465416024649177,0.3544359222952607,0.2185192256188801,0.21835516428784765,0.2184524244659944
0.0,50.0,60.0,-90.0,0.1343602585418377,0.1338965005766293,0.1341513269247455,-2.0959491086041395,-2.100085890665444,-2.0962550741757533,1.0666126891535395,1.0669127703672727,1.0674605933145362,18.14209739313488,18.136704008370106,18.134919106155078,0.7186722413150193,-2.057084167601997,-0.0004582516031702535,0.38609493130709643,0.24054865255785876,0.24037653112962082,0.2404260496917458,0.1341014588001239,0.1342254477369201,0.13417195641343405
90.0,20.0,80.0,60.0,0.226713441921015,0.2264641270438071,0.22661222675829135,-0.4372934435635444,-0.439500553484776,-0.7847154826305854,1.7862996456972775,1.7868836279773033,1.7866368455477895,21.99255113379731,21.987876500501105,21.981975568478774,0.6658515926585167,-0.7392330937283146,0.6792007413668364,0.1814444630594247,0.25943421892067103,0.2593459994377731,0.259387998007069,0.2266166500236508,0.22665610205094058,0.2265892150829311
20.0,20.0,100.0,120.0,0.0728713462179629,0.0702251010369228,0.07150095629290577,-1.217526414926111,-1.26479363921306,-1.3022250010019054,0.573651085882388,0.5753309313719275,0.5729307112819675,28.164928552632816,28.164905956848212,28.156928670714816,0.6784793404823032,-1.277180112019705,0.203388214796814,0.20002559620746013,0.3335841272778918,0.3336841169629215,0.3335207620175586,0.07176029869012829,0.0716705311561089,0.07146622245175172
90.0,20.0,20.0,-90.0,0.2870881719956177,0.2553827586623692,0.2665967822696824,1.710639373775234,0.4582300096889607,-2.086808262023397,2.1033772916407334,2.09752649190836,2.1039889109839875,2.8042419310336855,2.810258670808355,2.820946093318448,0.6657843015453594,-0.7392861524149933,0.005132262685997094,0.14522099163980162,0.05182161844186685,0.05174843542699766,0.05169950283481919,0.2664847990290091,0.26656405091404034,0.26730329928877355
50.0,50.0,60.0,-60.0,0.17982772794127,0.1794355185273036,0.17968315350831462,-1.1235502167537084,-1.1307886332668675,-1.3732031503845834,1.421880841792281,1.4230876207968544,1.4220515492419465,17.8447093562685,17.839982651020584,17.836482085686697,0.7149760126163838,-1.2870580331311219,0.3342221322640926,0.379941757097527,0.2353976341778233,0.23514454136397775,0.235180843413442,0.17973948569157333,0.1797476301731602,0.17959213277466105
20.0,20.0,50.0,0.0,0.0894460432525085,0.0888567192722915,0.08914958760055183,-1.3372406623379949,-1.368045507906108,-1.4764094620712176,0.7082814424869979,0.7090325772657494,0.7087778416789575,14.584776320139122,14.584979515977773,14.584456886848358,0.6784793404823032,-1.277180112019705,0.11375463529717632,0.1598935048179703,0.18422807974729602,0.1844754244234182,0.18442348209448298,0.08916255110572463,0.08922249037429887,0.08914606772060082
50.0,0.0,120.0,-30.0,0.1131389904113392,0.1115870502041876,0.11243143667953444,-0.3983878540251324,-0.4197437004983598,-0.5235981625882755,0.8864504353149592,0.8862426180729188,0.8851456262274163,33.00388914556037,32.99925584366255,32.98860877844168,0.6453124449701564,-0.5221886034343035,0.5043215974424319,1.7637706786486563e-05,0.374665426275421,0.3747847199451948,0.374777962935139,0.11262926336558797,0.1124600328173364,0.11250221043416012
20.0,0.0,60.0,-90.0,0.0560827309634818,0.0555030780468022,0.05580773274160924,-0.7533003728456297,-0.7643611303191501,-0.8677177838354078,0.44293862255134825,0.442058095493023,0.4423934239522438,16.69814542658966,16.69570903765583,16.692762425715102,0.6492484210744957,-0.5218403151213411,0.12234498132210817,0.04381953558664238,0.19467981115200125,0.194695658571577,0.19466030687644792,0.055821570557108326,0.055767068437310566,0.055883025074568354
20.0,50.0,50.0,0.0,0.1495317590122216,0.1488962860021678,0.14930512544479022,-1.6448087850317448,-1.654407262539812,-1.7666541984497626,1.185739663406173,1.1820212394975267,1.1853161471366862,15.419548537737093,15.411262383314572,15.41560459767266,0.718145790998976,-1.682010494824096,0.1214442328645237,0.3567081188142095,0.21122855988910885,0.21102838768272672,0.21135827453941033,0.14921467182634618,0.14914718693769033,0.14960905353858536
50.0,0.0,30.0,90.0,0.1538661882162118,0.1491526318526329,0.15206482754737988,-0.0968681199979484,-0.2078477791475541,-0.7876236691692227,1.1981465343984468,1.198648016254105,1.198528985341411,7.762917752525247,7.757089850849202,7.757050709434549,0.6453124449701564,-0.5221886034343035,0.15861741150832515,0.04313919028163557,0.09065887374425098,0.09053651684795934,0.09068575173160083,0.15213170328303194,0.15218249426601266,0.15212076267935798
20.0,0.0,30.0,90.0,0.0680759856214393,0.0647100661904793,0.06672705626502465,-0.7720123982377824,-0.8545190678421012,-1.0444812987365193,0.5282226073367979,0.5266868329106247,0.5302422984242431,8.538515282970284,8.526199260022208,8.52563446553427,0.6492905343418074,-0.5217752697370182,0.07221582450285131,0.04151490049376432,0.10533199945670135,0.10485862897791777,0.10510539443508456,0.06660661287907069,0.06684896876124917,0.06705565444353744
50.0,20.0,50.0,30.0,0.1511264765877218,0.1500283054592895,0.1506471597793128,-0.6990741259594967,-0.7153552360423957,-1.036605622203262,1.1885653725006526,1.1911069405237775,1.1897144871709104,14.210987068634362,14.218910653429196,14.209982795360895,0.6750696220906218,-0.8936880611762084,0.2783985731114663,0.1568552987502286,0.17744468054535653,0.1773490735374248,0.1776416268271712,0.15067609171754107,0.15081659339478498,0.15049745143748308
90.0,0.0,40.0,120.0,0.2676028750556966,0.2659569169550748,0.26675154061109685,0.2997795389874813,0.1891420852651081,-0.6898990592395912,2.100647838575787,2.100036367549404,2.099314510201578,9.045514741588896,9.042260720869608,9.043301741541594,0.6345985081197228,-0.520659588644016,0.28336831319656836,0.04831222767406904,0.09014167809352902,0.09015555348427758,0.09023046865081666,0.2668450938558402,0.2666801761596626,0.26675208103068027
50.0,0.0,10.0,0.0,0.1691873085624094,0.1465749241718573,0.1561195600541698,1.1316491764792789,0.1408095794147606,-1.7571059309870325,1.2618400898055908,1.2601333410577358,1.2596413233409123,1.9483840359019946,1.9506318543738175,1.9421443115904458,0.6453124449701564,-0.5221886034343035,0.023959584923188778,0.07159353082664191,0.05135487351795609,0.05135071123084107,0.05093464961822659,0.16010961169218502,0.15987653717871747,0.1600257326752176
100.0,0.0,30.0,60.0,0.2833575199210518,0.2605913512621334,0.2679354612834856,0.8463323110425789,0.4409299821737936,-0.9844672577235535,2.1200338674874613,2.115759692098683,2.1184215347584217,5.4890147543741135,5.503033227141026,5.486484754508088,0.6320527728863933,-0.520595423050527,0.11503885025865039,0.061743205197886446,0.047380832804552825,0.048053124668871725,0.04776265636667514,0.26900493518277657,0.2687783464551069,0.2692940418390789
0.0,90.0,70.0,-60.0,0.2407466213516424,0.2393198458058906,0.2400612927450069,-2.0701527474161114,-2.0848565947170226,-2.081092303028278,1.902254691486566,1.9055850676624164,1.9035142026908327,22.23661840421323,22.237120054496796,22.220130517797443,0.7665271173069041,-2.0025006234436433,0.012677155257714973,0.8998360329012984,0.3144379699819847,0.31453861149685464,0.3142634605940487,0.24014753643281003,0.24030319641080183,0.23988038435713072
90.0,0.0,80.0,30.0,0.2312054999854638,0.2307416241911272,0.2309789866338628,-0.2085252022321598,-0.2132260883958851,-0.5768471186873373,1.8191403613003343,1.8183801864292553,1.8177848273345414,21.35950987019487,21.361491181971473,21.34586878495489,0.6345985081197228,-0.520659588644016,0.6609290363318879,0.035244304937779664,0.23948493334318494,0.23940937502935414,0.23926612493961652,0.23107504914716578,0.23089533585863872,0.23099035611141863
0.0,20.0,120.0,-60.0,0.0433728641178518,0.0417219052977438,0.04253256948743894,-2.0674776268340933,-2.1030665276482,-2.082382890282949,0.3545656919042092,0.35454235664109435,0.35858345392499485,33.645653212091894,33.6410575796192,33.638531795280336,0.6791449760543936,-2.0262614013022464,0.003930641070603917,0.1999414999228622,0.39417665049527517,0.39428521876434025,0.39414382412378773,0.042504527136083714,0.04302331902840549,0.0430021950339933
20.0,20.0,0.0,-30.0,0.1263265678432692,0.1081422107983814,0.11745562639717935,-0.3585235619180665,-1.109473265093826,-2.088556986710479,0.9538605506628566,0.9592560406081346,0.957098723617266,1.9250233474381406,1.8637525649505087,1.9004938501469233,0.678479339409912,-1.2771801062904686,0.000541184504499124,0.07257924340152781,0.05786673643898893,0.05707865280261778,0.057102756065069364,0.12133173004421488,0.12162496676146374,0.12093107327447579
100.0,0.0,90.0,0.0,0.2445942123753924,0.2443126363814665,0.24449205448509356,-0.2121839003050584,-0.2152904707937495,-0.557968748734868,1.9246304778466643,1.9254995458359756,1.9238627195330797,24.08081994537945,24.079898794364674,24.066944646221373,0.6320527728863933,-0.520595423050527,0.7880548335606583,0.02710552928975598,0.26979688022091314,0.2696660134465063,0.2693699089325718,0.24460908439061557,0.24450248976739336,0.24438761388094954
20.0,0.0,50.0,0.0,0.0593798945850086,0.0583065035420024,0.058898244258647175,-0.7682850141903514,-0.8123276374430052,-0.9251356101965686,0.46654303762527943,0.46865836472171835,0.4653387816893996,13.958325247600396,13.971183927359212,13.957025619796587,0.6492905343418074,-0.5217752697370182,0.10670145878534489,0.045284154052855276,0.164014858858743,0.1643467092890747,0.1643584206585024,0.05909824624426891,0.05895563068127802,0.058699780206024316
20.0,50.0,40.0,120.0,0.157547296239867,0.1569978159697686,0.15728689715322539,-1.6129249384194675,-1.6299137092482774,-1.772337334099332,1.2455726496057482,1.2466536036526878,1.2456753842821802,12.735222131588731,12.731074022947402,12.72872992327736,0.718145790998976,-1.682010494824096,0.10858492462741379,0.32521059953503506,0.1825702399741376,0.18247287026085257,0.18242386205697875,0.15734599099912422,0.1573437331051114,0.1572104878296411
20.0,50.0,60.0,30.0,0.1422001798478763,0.1416565667084987,0.14195461177993124,-1.6593647788560169,-1.6686894841791644,-1.7596429830590983,1.1261771823583722,1.127398227479653,1.1297662088630043,18.10423383621497,18.099910994393586,18.097985074536872,0.718145790998976,-1.682010494824096,0.13401546119874758,0.3845581996198488,0.23959642777751144,0.23985374373642993,0.23980033090629435,0.1417205614762971,0.1421756490075279,0.14201475376215034
0.0,20.0,20.0,-90.0,0.092247823564028,0.090326370909707,0.09125678864823876,-2.083095221361094,-2.1111972905385947,-2.0952184180610924,0.7204247245981747,0.7269850453699706,0.7221453761194131,6.616218508397706,6.603932612616395,6.599783644541955,0.6790732395841821,-2.0256215398000874,1.7278681510648313e-05,0.1071452030367961,0.09915999939839996,0.09940500834962082,0.09936459919020688,0.09144603842976111,0.09165824028865031,0.0908393634928622
0.0,50.0,30.0,-60.0,0.15740734837846,0.1565935234474018,0.157063951404643,-2.0899229040242093,-2.0993217247893567,-2.0928394671012382,1.2421126597335341,1.2398351302469706,1.2483809013298726,10.141953208178265,10.143253385177635,10.141218795334797,0.718707021039216,-2.057220723147418,0.0005623796453555513,0.2917518380130429,0.15554942405592878,0.15547831254588648,0.15550228007521097,0.1564558633445114,0.15724751831219203,0.15754293310132156
0.0,90.0,10.0,90.0,0.263892040531218,0.2635099415615837,0.26366940534854716,-2.069857527338021,-2.073419947185179,-2.086741702666822,2.081580589127033,2.0799621487474678,2.0823038028083656,5.914759523789537,5.912555435221967,5.912098479033805,0.7665320191074287,-2.002511187159981,0.0033148036775678216,0.4228968158508292,0.13408512096652903,0.13418729941772242,0.1340955365120099,0.26353839746490465,0.26363572913359135,0.2638357308287095
50.0,50.0,0.0,90.0,0.2212097680505982,0.2203686224481338,0.2207806874367063,1.3902585941969423,-0.2698031558003621,-2.0913797785317128,1.7457740797972656,1.7398344652513227,1.7394750344672418,2.678806869524924,2.691599973673208,2.679861327689264,0.7149820200524383,-1.2870673309637894,0.0007385246727863431,0.22863382162508736,0.08727617054865987,0.08763108358377475,0.08723291873501181,0.22109589422171144,0.22029450927594602,0.22104836727483324
0.0,90.0,10.0,120.0,0.263905965322262,0.2635180880661885,0.26368366897513595,-2.0712333323219103,-2.074555320254276,-2.087009678478643,2.0816763367871496,2.0800724079269473,2.0824294304658775,5.91469521222958,5.91252198991065,5.912341171743113,0.7665320191074287,-2.002511187159981,0.003201819620351273,0.42293734576086534,0.13408978020696205,0.13419816968255846,0.1341051961178193,0.2635509352693665,0.2636513845158595,0.2638505955502161
0.0,50.0,0.0,0.0,0.185061000061337,0.1834616749111352,0.18417922961707767,-2.0692897925415927,-2.087893369003724,-2.0914617658223373,1.4510216071162594,1.4536700924977857,1.454104387603704,2.2403659567190046,2.2344376938399226,2.230192904277882,0.7187172303236241,-2.0572513802815084,0.0005197297291566475,0.1578998218438648,0.07275759625485939,0.0725985085836135,0.07254807895766702,0.1840613905162889,0.18441685698014273,0.18410571294411127
20.0,20.0,110.0,-90.0,0.0665403250199773,0.0645110908435818,0.06561354438785993,-1.2363217333109855,-1.2703327042328387,-1.3023367449757182,0.5265791870373215,0.5297245495319011,0.5327721434688142,30.904005211410432,30.901320081270363,30.901870432306428,0.6784712113826217,-1.2771585339997278,0.20378674269597905,0.20000013319070858,0.3635687134379659,0.3636345326567402,0.3637780431923551,0.06541366590897145,0.06616833813240966,0.06578708044867891
0.0,90.0,20.0,60.0,0.2528298533811892,0.2524618754046363,0.2526720260037986,-2.0794526041546955,-2.0839572453590267,-2.08787571993554,1.995509791885205,1.9967693290896018,1.9956612783100658,8.551227708032968,8.547819709018702,8.53754736497071,0.7665320191074287,-2.002511187159981,0.0032958310461128904,0.4872617623901261,0.16173942605681804,0.16176751849922952,0.16160116601439162,0.25271907294004037,0.2527377382212941,0.25257377087267574
20.0,90.0,0.0,-90.0,0.2681333173837327,0.2662874640438833,0.26722864100281496,-1.9552082138098967,-1.996186657572202,-2.091391000146275,2.107987412085743,2.1065325135640314,2.109382330483538,3.2127562003677475,3.2144570848670106,3.2147579330114415,0.7654448039407701,-1.776643704556998,0.0010611532100318593,0.3327500960348968,0.10453118234109574,0.10465120897896618,0.10464286489895976,0.267065768810353,0.26723791949120734,0.2674250974330546
50.0,50.0,0.0,-90.0,0.2208734966394264,0.2201298240786352,0.22052114033771683,1.408556360400321,-0.2524290799775486,-2.0913964801197746,1.7435039576115112,1.7377111429607035,1.7378735448504594,2.675601202077707,2.6865096823510686,2.6757522831878817,0.7148977366220902,-1.2869759513205992,0.0007391745680161796,0.22808429673360628,0.08716792378589329,0.08751610680568779,0.08711869899827011,0.2207935268203708,0.22007529160365583,0.2208109345558896
50.0,20.0,60.0,-90.0,0.1440208754342913,0.1435261489276092,0.14389018555373145,-0.7461702037735769,-0.755130744056227,-1.0142329117788556,1.1361652934256412,1.1375637190120278,1.1374396351190867,17.004550170897105,17.007093894445973,16.998414186467894,0.6750274647374408,-0.8936841706145549,0.3162989670234069,0.16893020504146428,0.208417646021994,0.20850216638099825,0.20835337665604242,0.14385329294147664,0.14401934697066998,0.1438428161790065
0.0,50.0,40.0,60.0,0.1492664320151336,0.1487832296142301,0.14897743014803214,-2.089434538330965,-2.0991442444031168,-2.0932441022324006,1.180771456686668,1.1820097902861058,1.1802726506559005,12.811683023539487,12.805678555233246,12.797183966061032,0.7187172303236241,-2.0572513802815084,0.0005032650931479492,0.327070324595283,0.1838278535728462,0.18389731307935192,0.18385196995251468,0.1490871058351121,0.14900683738985068,0.14886139708866034
90.0,20.0,30.0,0.0,0.2678429898197406,0.2660964329061366,0.2669405880865839,0.4296825212698788,0.1449814883447434,-1.0196642993494671,2.1038754906532215,2.102059151302703,2.1011897998175595,6.273189318257753,6.270950100617745,6.268742355045264,0.6658515926585167,-0.7392330937283146,0.20204055371721358,0.11049244740369217,0.07219376564083985,0.0722568676609368,0.07226592754860717,0.26709303346879754,0.2667506060512901,0.2669804511399866
50.0,50.0,40.0,120.0,0.1976878233060705,0.1961839576184074,0.19726843605171443,-0.987836511525402,-1.0223529024899802,-1.3994197201175251,1.5581714943705551,1.5593433421057872,1.5591979219113463,12.295141904838783,12.291038713238432,12.285503941044592,0.7149820200524383,-1.2870673309637894,0.2640176613896881,0.31677364373795525,0.17512164624650278,0.1750458984636989,0.1750982853248003,0.19726890042958944,0.19737944828412585,0.19724394349350102
100.0,0.0,100.0,90.0,0.2491119285324544,0.2485722997193684,0.24882823314250585,-0.195000026780679,-0.1975929475939286,-0.5104741539415576,1.9582708395480792,1.9590745339172815,1.9571050237529835,26.75853932907638,26.757127796057162,26.746829178702882,0.6320527728863933,-0.520595423050527,0.8860818426876745,-0.011600179457862125,0.2977138234903169,0.29769719168656694,0.2976035746531365,0.24896512796426387,0.24881245928209927,0.24872009424294153
90.0,0.0,100.0,30.0,0.2348341277099027,0.2343847597589591,0.23460999530404322,-0.2077802182689047,-0.2096793955393588,-0.504240847004084,1.846463516714394,1.84643103512124,1.84565343882497,26.83207849478279,26.825785339506826,26.817233901371385,0.6345985081197228,-0.520659588644016,0.838835736961232,-0.016202313023917697,0.29902062083912545,0.2988731222964377,0.2988568776641755,0.23468281630661003,0.23457472354388806,0.2345910600301274
50.0,20.0,40.0,60.0,0.1585159414944504,0.156495012392245,0.15785592333362586,-0.6139423771369565,-0.656819445143091,-1.063282704656034,1.2451312003248305,1.2467927054848191,1.2461447931726992,11.375162914987342,11.36252926842426,11.368989883392697,0.6750696220906218,-0.8936880611762084,0.23587805977689633,0.14140322704544941,0.1455734277620291,0.14554530772925156,0.14556914535040735,0.1578674561677672,0.15798967972584452,0.1577918712526579
20.0,50.0,0.0,-30.0,0.1909916880153703,0.18972259737726,0.1903078226234533,-0.676047738981929,-1.3365677212994718,-2.0912722028380832,1.4985319776165977,1.5028448561548309,1.502012891247754,2.3037687060643854,2.3010579432264486,2.3074549956623644,0.718145789938859,-1.682010491153591,0.0005818669364351695,0.1691145274144256,0.07515300840134359,0.07500134751430455,0.07521890540788696,0.19019799635752987,0.1906415820193985,0.19009665195011938
0.0,100.0,10.0,-30.0,0.2681685417113215,0.266953752114325,0.26747200563385853,-2.0501336517573345,-2.0584698895995097,-2.0827860873468036,2.109776594622383,2.111461303263957,2.1127079976333585,5.966915427153629,5.96533031341506,5.961299848338662,0.7785098411030809,-2.0214286134138977,0.005117651586666617,0.4336456465603189,0.1357637306822758,0.13569169010809387,0.13570080689238154,0.2672948536168062,0.26768813578463263,0.2674490449958328
20.0,0.0,0.0,120.0,0.0871252936625266,0.0566961191706104,0.07285546059547571,0.19781656274661,-0.7687885682969481,-2.081604686247238,0.7212241192422525,0.7220971329237917,0.7189443481841357,1.9162319282973843,1.9179193149699947,1.923072736161836,0.6492905343418074,-0.5217752697370182,0.000446766697369818,0.05566714351716288,0.0605157633847571,0.060392807756206604,0.06061183296174783,0.09140946083111039,0.09111722492333763,0.0910134649778288
90.0,20.0,50.0,120.0,0.2568296429408613,0.2540663806058167,0.256067986194967,-0.1800730258074006,-0.218082932920429,-0.8391527623222368,2.01815956369072,2.018333350069372,2.017080647423786,13.098295358535657,13.096129787467959,13.089853340658552,0.6658515926585167,-0.7392330937283146,0.4549740490162684,0.14875597776847452,0.15603960710914852,0.15612120747259922,0.15602032406894525,0.25619736315272135,0.2560716142727601,0.256046387160026
0.0,90.0,20.0,120.0,0.2528852698388631,0.2524310268971288,0.25264265543838454,-2.0791736307047284,-2.083651794936772,-2.087763312553817,1.9951430404463757,1.9966719538517808,1.9954376696491503,8.551014559873435,8.547592526775531,8.536881430167854,0.7665320191074287,-2.002511187159981,0.003350431900046774,0.4871712205626303,0.16172969168701987,0.1617636829382333,0.16159144450888324,0.25268965725983417,0.2527251725812737,0.25252772222923975
90.0,0.0,20.0,60.0,0.29077554082186,0.2549425401968469,0.26608891423230924,2.602836164525788,0.7500944749747699,-2.4214656546950732,2.0941074023515585,2.0960250779737533,2.101533680484508,3.612791908918651,3.6308007165392353,3.6416695798387986,0.6345985081197228,-0.520659588644016,-0.06956010663007814,0.1688066188094988,0.06804476758204128,0.06778064610170328,0.06817396830864189,0.26562885119786445,0.2665676886029265,0.26631539848962893
90.0,0.0,120.0,0.0,0.2055650609513241,0.2040906198052616,0.20484168555308074,-0.3040439734951878,-0.3160919699200071,-0.5235935167382026,1.6128052455195814,1.6107089158152224,1.6147739253000615,32.705818383728136,32.703719486387484,32.69492154373118,0.6345985081197228,-0.520659588644016,0.9034477497106207,6.943156985937825e-06,0.3691625957245254,0.3690581681950716,0.3688893472764011,0.20465248751615425,0.20491634548457932,0.20515181442167096
100.0,0.0,0.0,0.0,0.2680563371295863,0.2661649513964565,0.267096164764713,3.14065683253596,-3.1368574359851835,-2.0913639053350526,2.106333503105351,2.1083651231302794,2.1084361088134513,3.2597870881275024,3.2541276340532774,3.257373835417787,0.6320527728863933,-0.520595423050527,0.0010841552669672635,0.33756630670940796,0.10629665878807301,0.10605652764958218,0.10625793572257218,0.267117399945522,0.2673842443441356,0.2671220462953162
0.0,50.0,0.0,-30.0,0.1851060162047209,0.183488177795322,0.18419770284152787,-2.0699614515265337,-2.0884140794152937,-2.091437209100641,1.4511733778050118,1.4538075911342316,1.4542499186750506,2.239759772646931,2.234352618686833,2.2300877776727184,0.718717229331576,-2.0572513766816742,0.0005231970511497409,0.1579337190602756,0.07275629095876764,0.07260006981728742,0.07254219276863089,0.18407929708984228,0.18443423525327915,0.18412504330074672
0.0,90.0,50.0,-30.0,0.2228438589843765,0.2223873895354808,0.22264354137699494,-2.089211033570052,-2.0960826090058395,-2.0924574045043762,1.7634867654733566,1.7630795066668572,1.7640934189029327,16.45862826747216,16.458532767989844,16.44814361681042,0.7665320185073417,-2.0025111857623794,0.001581893766793343,0.6492530469214066,0.24430147130838858,0.24406582301282176,0.24407486421326163,0.2225853265970131,0.22266995499036615,0.22269588968181434
0.0,100.0,20.0,120.0,0.2685690683141801,0.2671568282486695,0.26773118234417687,-2.0624043632854585,-2.071056338956255,-2.0819409478367246,2.118825751472721,2.114242876963358,2.111534774989666,8.742070709707328,8.738044255009031,8.727881945639641,0.7785098420441033,-2.0214286154605,0.006813070135949429,0.5350617575409116,0.1677451351583954,0.16794630988475165,0.1676525221353411,0.2681911331648709,0.2672399149048968,0.2678105838784366
20.0,0.0,110.0,120.0,0.0506932052761646,0.0472741831847813,0.04918546138177105,-0.4472096466709728,-0.4941877196688789,-0.5236779959364155,0.3884888112646878,0.38602187710715824,0.38971758197274325,30.321451708127913,30.317724854893438,30.309897103656947,0.6492905343418074,-0.5217752697370182,0.20353877185298905,2.0185887498132545e-05,0.3455144227296026,0.34539301946563516,0.34537535223495464,0.04916591582165392,0.04934324622086208,0.04960756700308334
50.0,50.0,100.0,-90.0,0.1672381428385685,0.1660635917817944,0.16666664390845498,-1.1501326621033856,-1.1632755087003317,-1.3045435707046606,1.3232800769927735,1.3254599295500997,1.323274442911336,28.869675380389282,28.86652954576932,28.852758108127652,0.7149680882194955,-1.2870518298814715,0.5057218934686126,0.5000224469548946,0.3572824496296449,0.35728451721446947,0.35724752057563436,0.16684157431148158,0.16683597734460745,0.1665659835318786
90.0,20.0,0.0,90.0,0.2609998475432145,0.259802011269693,0.260366333246839,3.140558155679023,-3.1371550678023765,-2.0913593214448243,2.0551797762402018,2.0545904654524554,2.054125748485755,3.1913821506133715,3.189243897925306,3.185300066497155,0.6658515926585167,-0.7392330937283146,0.0010396017176092416,0.3203996946129775,0.10357518580498973,0.1034861752078331,0.10343301388564505,0.2605197757668076,0.2603859840600104,0.26045423826139813
20.0,50.0,0.0,-60.0,0.1909754412791841,0.1897117489270926,0.19029243136820392,-0.6765053047566573,-1.3362539421823283,-2.0912751847715385,1.4983943394792618,1.5027271605261543,1.501901654089356,2.303574058646052,2.3008031159331415,2.307241428465986,0.7181326306477598,-1.681975577918643,0.0005812480096815662,0.16908515564444826,0.07514489708400869,0.07499425821018628,0.07521507660132833,0.19018120616788792,0.19062779095157767,0.19008046832896444
50.0,50.0,60.0,90.0,0.1802558175420799,0.179768937847515,0.18004095212047913,-1.121270963298972,-1.1281425705145325,-1.3714455387707076,1.4240750386263203,1.4261777226010348,1.425179313757138,17.8428621332102,17.840078173786235,17.835745438392557,0.7149820200524383,-1.2870673309637894,0.3355265981367148,0.3800832566106785,0.23535388202434843,0.23516891578138518,0.23518120668813372,0.18005503182425764,0.18018503718667056,0.17991429626193617
20.0,90.0,20.0,90.0,0.2588991471649114,0.2576245772893244,0.2582114763185087,-1.5835392937162855,-1.6592527129620764,-1.9077749008844105,2.038458656188354,2.039467392870473,2.040437274812317,8.393014901822282,8.388083836205704,8.385311968361755,0.7655278996474294,-1.7768164101630861,0.0909713299705266,0.48250993008474957,0.1594401991298941,0.15945221613288876,0.15936475129771152,0.25810411024269053,0.25835521999877564,0.2582202975145761
50.0,20.0,60.0,120.0,0.1442433658493884,0.1437342501246269,0.14410703607761377,-0.7446131066534915,-0.7520495108628892,-1.0135249310735048,1.137832308677487,1.1393008203847073,1.139143005895706,17.003199627383143,17.005804199087923,16.997412840302108,0.6750696220906218,-0.8936880611762084,0.3168616831433311,0.16894656960462215,0.20839624687147257,0.20848716245361484,0.20833024443175271,0.1440698516366279,0.14424143013489088,0.14405543306990198
90.0,20.0,10.0,90.0,0.268364900526913,0.2569529363209248,0.26656458989459947,3.138418459871116,-3.1380388347648576,-2.2695420318261594,2.1011737365243945,2.101553340199135,2.1024669731440273,3.8180717497319363,3.8307715785067726,3.8302483629988306,0.6658515926585167,-0.7392330937283146,-0.05543513530723946,0.3070076320053997,0.10345528657729192,0.1035938939180524,0.10363066232057615,0.26637395504824596,0.26654271851126543,0.26649345547774483
0.0,20.0,100.0,90.0,0.0509326377145662,0.049484287276417,0.0501900065377908,-2.013889893227548,-2.0931213804241477,-2.051710167914598,0.4115576209438332,0.40906292346439677,0.41204369306347066,28.18982160939778,28.188465127988845,28.188814658370514,0.6791449760543936,-2.0262614013022464,0.009190026469198457,0.2000304819765251,0.3342060155304925,0.33420622546459894,0.3341686535469885,0.050201769217449885,0.05027625563257452,0.05057891609240933
50.0,50.0,90.0,-60.0,0.1818756484043251,0.1795582983461258,0.18087211200304706,-1.1215494385007738,-1.1379360279365638,-1.3058404916676842,1.432550282093919,1.4341985288862322,1.4359199697668137,26.158880443010343,26.162727150060494,26.154149982578648,0.7149790889858568,-1.287062646844634,0.503989751620473,0.5001586675825449,0.32899760754782353,0.32886371724776364,0.32889023442821325,0.18075214524429886,0.1811718699457439,0.18095429205131347
100.0,0.0,90.0,120.0,0.244582461552235,0.2442991840172841,0.24448094083350652,-0.2125258250344675,-0.2156688914400517,-0.5583136081412943,1.92456382953508,1.925409456162794,1.9237755979072282,24.08210388889418,24.08115544430729,24.068332367128264,0.6320527728863933,-0.520595423050527,0.7881122982420493,0.02737952894132715,0.2698329079717093,0.26970234028612217,0.2694049289007406,0.24459896362267067,0.24449000513592117,0.24437760100966638
50.0,20.0,70.0,-90.0,0.1379516302236859,0.1374548481917503,0.1377169967490388,-0.7706623048582192,-0.775384182077997,-0.9923379355371857,1.0891860166023122,1.088571687438041,1.088905357752834,19.75910843101381,19.754896129421084,19.755005753027557,0.6750341503669947,-0.8936848537641322,0.3512157591250764,0.17777424693285127,0.23881651699408657,0.23865717094847774,0.23864880247454415,0.13772553444229532,0.1376834594986475,0.13776887961167442
90.0,0.0,30.0,90.0,0.2836871496372475,0.2611630356544819,0.26797915281143714,0.8321067047840159,0.4146957106487524,-0.9835408653488724,2.1192028419607616,2.115993137428823,2.115756769740208,5.482629607412048,5.548515903535886,5.562080684819498,0.6345985081197228,-0.520659588644016,0.11910253054142055,0.06324179151712173,0.0478340440154507,0.04842308939888939,0.04863799325019362,0.2689842905912159,0.2686113631675683,0.2690571239870772
20.0,20.0,10.0,60.0,0.1230457264441792,0.1097669262927843,0.11617544765641387,-0.7208235823974134,-1.5291688927043066,-1.6719100598548595,0.919133552358252,0.919625728235205,0.9188280012021335,3.662224006858457,3.669061037026824,3.664648818759885,0.6784793404823032,-1.277180112019705,0.03766873170095832,0.08433959602742334,0.06739664335353024,0.06743572471655657,0.06745648997042973,0.11649075318447154,0.11644927829191594,0.11639801048220452
50.0,20.0,50.0,60.0,0.1510938073528356,0.1500757196234197,0.15070297386392556,-0.6995077479371187,-0.7152187373801223,-1.0365027363200807,1.189219653770311,1.1914197576833252,1.1900445954933019,14.211333320257687,14.217757829906612,14.209399818020927,0.6750696220906218,-0.8936880611762084,0.2785122953131319,0.15688134919891708,0.17745024831023576,0.1773412085367919,0.1776226345984138,0.1507446185962942,0.1508435692060989,0.1505689749202679
90.0,0.0,80.0,-30.0,0.2312431258480449,0.2307979297791191,0.23103019456478474,-0.2085063260187666,-0.2130296980753245,-0.5767648767897556,1.81951175180502,1.8188859709908243,1.81810679268496,21.358836114733432,21.36116487091297,21.34538415861781,0.6345985077439205,-0.5206595883661131,0.6610430166283874,0.03519678001030893,0.23946749612870116,0.23939910250314916,0.2392566369937384,0.23113567991095982,0.23094951609009928,0.23102893642302125
0.0,50.0,110.0,-90.0,0.1087628787244925,0.107042586606385,0.1079449574229438,-2.076430135438397,-2.088041116914388,-2.083549577984289,0.8697020858365768,0.8682232871665049,0.8676675692699326,31.68800818850477,31.67398284313374,31.674280291805545,0.7187099329340364,-2.0572220914509445,0.0070334280076843345,0.499960210459722,0.38881704669836864,0.3887577694359314,0.38829602938883,0.10816754393218804,0.10793210701646305,0.10810712508916685
20.0,20.0,110.0,60.0,0.066659787388515,0.0645223053294376,0.06561628673775806,-1.235393856167404,-1.270260108228344,-1.3022389891219073,0.5265715904895875,0.5298094341536143,0.5327599797027123,30.903099422273602,30.900472355785507,30.902221138054134,0.6784793404823032,-1.277180112019705,0.20380869093222642,0.20000352915885916,0.36354429580573844,0.36359377366473056,0.3637790759902489,0.06542442831590212,0.06617089237853267,0.06578354606827168
0.0,90.0,120.0,-60.0,0.1706593976517882,0.1689487829286603,0.1698463265520228,-2.074523011651081,-2.0809039976590227,-2.079249879508322,1.3585948006509805,1.3573386994338257,1.3599591365885808,35.20336255751683,35.196553518819194,35.190778978488936,0.7665320191074287,-2.002511187159981,0.015419500780851228,0.8994436657434173,0.4443582827986669,0.44455557464769263,0.444270391927355,0.16986350670193173,0.17006630911807002,0.17019406176910368
0.0,90.0,0.0,0.0,0.268150834598054,0.2663405025266216,0.267218960373473,-2.0129884724108664,-2.05087923953319,-2.0913579878901127,2.106940149130641,2.1074845318647086,2.1092364994117716,3.21750495214964,3.215446197751963,3.2161201357267393,0.7665320191074287,-2.002511187159981,0.0010783654891820876,0.3327477881089026,0.10478240323616,0.1046550204168933,0.10466919329440057,0.2670571259800402,0.26734507165731053,0.2672862692302907
50.0,20.0,120.0,-60.0,0.1163600575557347,0.1151366478588907,0.11578927893727597,-0.7825066498107053,-0.7968755385877092,-0.9018185377255042,0.919236120664594,0.9174368374288593,0.9211681510938149,33.53683907883952,33.5332211586944,33.525568257342826,0.6750696220906218,-0.8936880611762084,0.5048932641841065,0.19996174672778702,0.3922463120895462,0.3922778916697984,0.39259299732152797,0.11566384326285263,0.11591996578898296,0.1161682047531358
0.0,20.0,50.0,-60.0,0.0727418028620663,0.0721669103749428,0.07245332879879336,-2.0878898313702536,-2.113745288017524,-2.0986463642702207,0.5775268064529878,0.5797463269516401,0.579489477435662,14.64073350544007,14.64576795848836,14.644966330072743,0.6791370856416346,-2.026204084586295,-0.0005686091876009368,0.16037187421416718,0.18517005845093895,0.1853567799201001,0.1850591927600248,0.07239556390042379,0.0726413405272815,0.07236080501629767
90.0,0.0,60.0,-30.0,0.2493228704358862,0.2479437859286689,0.24896307923616104,-0.0699798673410516,-0.0835371183512095,-0.6121988449344526,1.960226540622641,1.9605323991376253,1.9599473706859363,15.46746498352918,15.465024576381808,15.46181424424543,0.6345985075559438,-0.5206595882271395,0.5056011768699266,0.04501888165887981,0.17029571192290666,0.17013351853275246,0.17034364074331676,0.24901388627671456,0.24897537654903248,0.2489436603610804
90.0,20.0,40.0,-30.0,0.2673643036141871,0.2641866545539876,0.2666819400242867,0.0362396148407177,-0.0629523520395481,-0.8797579653310114,2.101578472407101,2.1016502550389045,2.0996738422986923,9.804921822089698,9.801402318514006,9.799697016121886,0.6658515919127503,-0.7392330929377295,0.34614495685277097,0.12935566887356242,0.11585898852980381,0.11584547329345934,0.11589552514815395,0.266898103386523,0.2666524757994371,0.266652221423596
90.0,0.0,30.0,60.0,0.2834761098564314,0.2611960038144799,0.26800276828296116,0.8215619790892604,0.4174072877292754,-0.9837701727341602,2.12017423957435,2.116303449360633,2.1182044447504147,5.540804952977702,5.523080256652522,5.534313548896645,0.6345985081197228,-0.520659588644016,0.11884645454316542,0.06325874365827544,0.048441879634394815,0.04819159596956923,0.04881190439404056,0.2690711053093396,0.26879599900588186,0.26934427138512873
90.0,0.0,60.0,0.0,0.2493960193736226,0.2480052076236945,0.24903321719144925,-0.0699396685880125,-0.0836368954377024,-0.612351896339742,1.9607750604512055,1.9610895014746978,1.9605061428346395,15.46728170619321,15.464832226022848,15.461588497329762,0.6345985081197228,-0.520659588644016,0.5057430112585237,0.04511076816142575,0.1702975855645735,0.17013597241408837,0.17034581554865832,0.24908371548700975,0.2490465868054006,0.24901370332692047
20.0,0.0,0.0,-90.0,0.0868859911374744,0.0570018401892704,0.07274960898708381,0.1666832562753236,-0.7547916884682766,-2.080824756171631,0.7184082963612246,0.718061583845601,0.7174418079075834,1.9259858858766947,1.9132459163405635,1.9232545419774785,0.6492063784654536,-0.521890647699359,0.00045472200541436586,0.05499184842614653,0.060423310511312084,0.06025857761049657,0.06031054144467125,0.0908859107284375,0.09077927760388178,0.09082060384592866
0.0,50.0,70.0,30.0,0.1274951936737751,0.1270164056251415,0.12719600242015083,-2.0910540167213805,-2.105121277378894,-2.0969729558896724,1.016100810909089,1.012058053703034,1.0129787180275855,20.817739972658163,20.815629430061783,20.808461112433232,0.7187172303236241,-2.0572513802815084,-0.000692595999716558,0.4098200847618112,0.2696724288292007,0.2694519780848134,0.26963278108227373,0.12729234041276158,0.12690923474159202,0.127417802298684
20.0,90.0,80.0,90.0,0.2301503188323717,0.2283309212944956,0.22919632207972204,-1.778443114498119,-1.785885946130757,-1.8625712582523424,1.817673021518147,1.817123838574909,1.8231258034176423,24.772715630505903,24.764888165805033,24.763955287393568,0.7655278996474294,-1.7768164101630861,0.21353165759489356,0.8999433350280877,0.3382935478041627,0.33804300859982583,0.33837939584691623,0.22879257744183104,0.22946036030819805,0.22950943493883882
50.0,20.0,30.0,-30.0,0.1668434826088786,0.1629124971926123,0.1653627421085375,-0.4575308021507343,-0.5629531061684345,-1.1045071832364424,1.3038184447472143,1.3052069479054855,1.3053007810545034,8.455156830333468,8.446521312244412,8.454973139805196,0.6750696212752121,-0.8936880593478713,0.1862772663860848,0.12256019495094374,0.11309743791377859,0.11299421503470836,0.11321756333133128,0.16537642756115442,0.1655578203643174,0.16538853255424166
50.0,0.0,100.0,120.0,0.1359194063661126,0.1349787653393963,0.1356068243370372,-0.3516316094616253,-0.3590847867990289,-0.5239800424735394,1.0679086661547181,1.0676837264789203,1.0667179325036438,27.3404228430796,27.33608519810556,27.328211777151306,0.6453124449701564,-0.5221886034343035,0.502719218426397,0.00022306421889541677,0.3097941262820926,0.3098903095116416,0.3098510771027377,0.13571442692867458,0.13557326538158462,0.13560379470600695
50.0,0.0,80.0,60.0,0.1258071528557392,0.125448089677805,0.12565245174175135,-0.4157227489915575,-0.4226755286189143,-0.6141413121794779,0.9913692655435116,0.98927818559807,0.9895643558620211,21.93275439860255,21.92778832018855,21.934052702255986,0.6453124449701564,-0.5221886034343035,0.37577464423937884,0.03410637878032597,0.2507801304211231,0.2506849300682737,0.2507060472983248,0.12571048957820127,0.12549958635604563,0.12577133900552764
0.0,20.0,10.0,0.0,0.1070550734029011,0.0921179111285511,0.10027347254979291,-1.7357368814833052,-2.417516164940044,-2.0721744636889485,0.7966799679540444,0.7981724152572154,0.7962935819687861,3.9588643520311497,3.9545649385250212,3.9534785029035904,0.6791449760543936,-2.0262614013022464,0.0014932152333747752,0.08401575278409552,0.07092005161692681,0.07097922015310212,0.07115484893072346,0.10100624672499954,0.10095866014329567,0.10077098276748565
20.0,90.0,100.0,90.0,0.1998246406641678,0.1980310707562661,0.1989423280698468,-1.796778865653748,-1.8112056812777595,-1.8602338216151528,1.585197217587828,1.5808483002382003,1.5845494966247553,29.970465116042167,29.96663166961349,29.960015641717995,0.7655278996474294,-1.7768164101630861,0.2164008016151083,0.9000723657637828,0.3909379648392051,0.3907197605887632,0.3908009816694265,0.19890075052972384,0.19883477834575009,0.19938052733163486
20.0,50.0,30.0,120.0,0.1660875511801183,0.164837493106419,0.16560928965912605,-1.561483091125195,-1.5957695224704225,-1.7821288390957448,1.3105458856487073,1.3087107151638735,1.311312433804302,10.032455238613323,10.030877511319906,10.030310291622863,0.718145790998976,-1.682010494824096,0.09340413492712374,0.28938954025419844,0.15349214547792622,0.15359956332244806,0.15332802106701826,0.16546583179420823,0.16558184962416522,0.1657997346562917
20.0,0.0,110.0,30.0,0.0506783558368416,0.0472882384144781,0.049185536825834306,-0.4424677520643209,-0.492987665731299,-0.5234958287971467,0.388428449056305,0.38663432353192967,0.3891459170451651,30.317397433430955,30.31660899276873,30.309213689539718,0.6492905343418074,-0.5217752697370182,0.2035334789489684,-2.2456303103417987e-06,0.34548025887272765,0.3453969893881572,0.3453720993164389,0.04923429563121899,0.04934323551009816,0.04954257530164658
0.0,90.0,60.0,60.0,0.2138401855382083,0.2135023375926251,0.21370627518333132,-2.094762725113245,-2.098784910644407,-2.09507839240969,1.694391207003836,1.6950793037678922,1.694056569188834,19.11751816693868,19.113630000701555,19.09858336708094,0.7665320191074287,-2.002511187159981,-4.100730043988973e-05,0.6945950525074612,0.2726037985592639,0.2723583538267477,0.2720322275291942,0.21377945714303667,0.21375408025134413,0.21363098523107266
0.0,50.0,0.0,-90.0,0.1849539957615601,0.1834421107662092,0.18423360006690023,-2.072521929494394,-2.089789217040248,-2.091390252310205,1.4515367773820247,1.454001162175497,1.4545303416994066,2.23956560768058,2.2337467381834144,2.2306967957506254,0.7186305939648014,-2.0569158648470447,0.0005305076705676677,0.1579866813124646,0.07276030743353004,0.07260595810005617,0.07256425049885495,0.1841141735144619,0.18445809768208796,0.1841718968044808
20.0,20.0,20.0,30.0,0.1092914192291131,0.1063450228397843,0.10778363171273385,-1.1813427933720186,-1.2888152602746554,-1.5662436002411577,0.8529596801776175,0.8513866941578733,0.8532168410860146,6.430425224054265,6.422643987246326,6.433473109971421,0.6784793404823032,-1.277180112019705,0.061925429976572695,0.1062562666179673,0.09654337772651879,0.09629704787615195,0.0965363628575824,0.1077519613556109,0.10777517912179484,0.10799843075490269
20.0,0.0,100.0,-90.0,0.0543892741741247,0.05323710127276,0.05388281591653381,-0.4381258028786717,-0.4753282021618523,-0.5237301885479854,0.42585503793531565,0.42240655469533567,0.42549546127572535,27.519334305402424,27.51608192397703,27.51102321503641,0.6492751929982067,-0.5217954831488811,0.20234456916160348,5.5415338634646336e-05,0.3134804940180433,0.31315630712645853,0.31330589010417526,0.05382546591078519,0.05378504156655834,0.05422114132116116
0.0,20.0,80.0,120.0,0.0569493618462164,0.0562488856866764,0.05666533074221122,-2.0815258542929604,-2.12495754271862,-2.102824819963492,0.4591313585607323,0.45981990134291356,0.45877427809900984,22.709321137493372,22.71255071265218,22.70817744686715,0.6791449760543936,-2.0262614013022464,-0.0012141203273474583,0.18518846525585875,0.2731990417647277,0.2730367933768863,0.2728319243713673,0.05675677921043852,0.056723717872428185,0.056619551106213625
0.0,50.0,120.0,90.0,0.1014287128633847,0.0997208121605301,0.10054406070328695,-2.062790949637041,-2.100652172794303,-2.083592677117131,0.8109949640112286,0.8116577241605026,0.810931961069017,34.384924989377275,34.379633695956414,34.37767787919059,0.7187172303236241,-2.0572513802815084,0.00713204376557449,0.5001243387644381,0.4178525827558228,0.41796938774345277,0.41743542779020487,0.1007309933510113,0.10074967631692612,0.10064356030343308
0.0,90.0,80.0,0.0,0.2236443495720834,0.2217836074995111,0.22267840898777727,-2.0740796198054112,-2.0818348583669253,-2.0814329200452355,1.7698471373886715,1.7667030338112408,1.768657420250897,24.80513935109929,24.800145953207743,24.788556008835616,0.7665320191074287,-2.002511187159981,0.012716545554886662,0.8999199662812306,0.33894541891949476,0.3389463880541983,0.3387116211297691,0.22268519863379715,0.22256245753162696,0.2229490449373233
100.0,0.0,10.0,-60.0,0.2690478460432792,0.2646742000376725,0.26688269292873074,3.135206067066125,-3.140485052050745,-2.258786871662387,2.1052630423430734,2.1052676986250365,2.1081086580655586,4.567591981246506,4.573859045524041,4.561450753415962,0.6320406224923903,-0.5206021936730295,-0.05291356004687002,0.3422663830765906,0.11422377357293982,0.11436209248089074,0.11412369773080577,0.2667350759173552,0.26709943024272387,0.2670825862107931
50.0,0.0,70.0,90.0,0.1304296585414647,0.1298245833211795,0.13013989471127382,-0.4062767005365142,-0.4187149138458299,-0.6417362734899827,1.024767747487237,1.0259989523256543,1.025842304483354,19.181941380529828,19.17398143530209,19.17506574118496,0.6453124449701564,-0.5221886034343035,0.34015494695459686,0.040388292851719895,0.2200273073950501,0.22015329472618925,0.22003809481566594,0.1301103625279206,0.13025977645393494,0.13010378739300366
0.0,50.0,50.0,-60.0,0.141576884565905,0.1411669917186183,0.14137575295201973,-2.091940396044505,-2.0999890545455746,-2.0952908101158565,1.1241478381128738,1.1215234327341523,1.122002517895141,15.475970481021367,15.469959576794157,15.468688813951003,0.7187092447298495,-2.05722760086728,-0.00013787441676708657,0.35853743311529723,0.21226313066638774,0.21213440683106824,0.21220139650139014,0.1414696675198334,0.141193291337061,0.141533862505121
0.0,50.0,10.0,90.0,0.1752005296600027,0.1741318217234209,0.1746198315616843,-2.0814911099236864,-2.089861318786162,-2.089704208880706,1.3763885352813354,1.3803715851843115,1.3805470828008097,4.865880264142923,4.8588127994503285,4.860988468409205,0.7187172303236241,-2.0572513802815084,0.0010652663839446181,0.20745030571521972,0.10022650562877049,0.10030357407559831,0.10061718270621192,0.17446979109328314,0.17501757950410884,0.17447947522111584
20.0,0.0,90.0,120.0,0.0484486978703811,0.0479608836486407,0.048226492019607645,-0.6041955583700244,-0.6298327107031657,-0.6824607207092045,0.38250043057198085,0.3818260507904734,0.3819461177754465,24.861934918597445,24.858409182521115,24.85759575785991,0.6492905343418074,-0.5217752697370182,0.16264223871697084,0.026020117600047583,0.2849918221707005,0.2853401678977228,0.284904773961715,0.048274876068357196,0.048229211858487185,0.04830633476858801
20.0,90.0,40.0,90.0,0.2373210937921628,0.2367995838619902,0.23708662265206334,-1.7423006703740356,-1.753593111739698,-1.8920791667128645,1.8752601072640516,1.8740170564940735,1.8776485055677483,13.738634859431588,13.736102296385686,13.736618127228166,0.7655278996474294,-1.7768164101630861,0.12258912071600318,0.5968164767285734,0.21485764271698746,0.21493902019589672,0.21498364932314104,0.23684288292694283,0.23714782372242735,0.2373035925722486
0.0,50.0,10.0,60.0,0.175213747211339,0.1741448634295404,0.17463302017039564,-2.081443923972363,-2.0897987523419213,-2.0896852117548566,1.3764919904370148,1.380476719245601,1.38065126803083,4.866039309848415,4.858970375551609,4.861149069058372,0.7187172303236241,-2.0572513802815084,0.0010693557048554346,0.2074762027525968,0.10023184232724876,0.10030893488272757,0.10062283156487897,0.17448301430604687,0.17503090556686543,0.17449258194521264
50.0,50.0,110.0,-90.0,0.1550952754601353,0.1534972526657928,0.15423692153591315,-1.1780319508342167,-1.183977131110146,-1.3045663726250167,1.2324157949228343,1.2239484838803756,1.2253269068907402,31.580053098155556,31.558328804843253,31.545284000826566,0.7149747865064162,-1.287060131922098,0.5061055024667815,0.4999913446266098,0.38674727388139846,0.38632388931771405,0.386535877618905,0.1545637100566306,0.15368595353789788,0.15476262456211487
20.0,20.0,40.0,0.0,0.0955757903193741,0.0944442123673733,0.0950802604580457,-1.3186586021736868,-1.353706941878339,-1.4989651380621547,0.7549377972581739,0.7521174207810684,0.7561518189813649,11.867983263472343,11.866485790746069,11.871793007299793,0.6784793404823032,-1.277180112019705,0.09858491646589157,0.145460957142409,0.15455173395767802,0.15431676032929656,0.15462839627297417,0.09488629552369818,0.0950317004027066,0.09540269753373357
100.0,0.0,0.0,60.0,0.268067092483066,0.2661324966682656,0.26710181629722307,3.137570032966836,-3.140004128955,-2.0913822418076253,2.106308101173992,2.1084082447694152,2.108558126932289,3.2600642614116904,3.2549966793190035,3.2576176202777853,0.6320527728863933,-0.520595423050527,0.0010772710815822783,0.33758315653157017,0.10631275840269211,0.10605838907441714,0.10623742494270401,0.26711280928133907,0.26739931707888237,0.26712696570127803
50.0,50.0,40.0,30.0,0.1978442567006205,0.196323424049422,0.19740103125476535,-0.9871310560584912,-1.021323220173726,-1.3991754465219743,1.5591922176996533,1.5603665253300965,1.560275844592954,12.295102458752,12.29088309324286,12.285855703604714,0.7149820200524383,-1.2870673309637894,0.2642889462796867,0.3169378173258468,0.17512564141002146,0.17505550748476167,0.1751118132107786,0.19739630329712352,0.1975138482300883,0.19737844074754943
90.0,0.0,90.0,60.0,0.2233988405498627,0.2231441539044456,0.22328419849299705,-0.2457540666610589,-0.2496674535735561,-0.5602741928595059,1.758044500394409,1.7587659740903052,1.756617914752025,24.223037701818715,24.210177045291854,24.207733783293694,0.6345985081197228,-0.520659588644016,0.7268800457760319,0.026686092043417917,0.2724960203077699,0.2724721913500972,0.2722894990458475,0.22345123778991582,0.22324991816288814,0.2231843988622352
0.0,90.0,30.0,-60.0,0.2423392544661868,0.2419372206601032,0.24217108696000975,-2.085481292770992,-2.090491487254144,-2.0896233019264843,1.9156225780075071,1.9136247276191714,1.9145921368305865,11.180667867559949,11.177721313291709,11.172883112808078,0.7665229810206929,-2.002492479823343,0.002776034719908,0.5461771326501821,0.18891088566890224,0.18878490877789544,0.18876238613694857,0.24218845190496166,0.2420549231900004,0.24228994105143414
100.0,0.0,120.0,30.0,0.2245967966499891,0.2229819193617176,0.22380453553490948,-0.2846490746704195,-0.2961627380385138,-0.5235953864515763,1.763311076345296,1.7590970376177615,1.7636979371634571,32.61771008958458,32.62255920854116,32.60897036680524,0.6320527728863933,-0.520595423050527,0.9825377657753196,7.3365249634237045e-06,0.3673581434117991,0.36722680204700536,0.3670945219491181,0.22364850375992243,0.22372852640904592,0.22422445439607108
90.0,20.0,110.0,60.0,0.218937966973474,0.2176127578148228,0.21837184428650183,-0.4939093754991467,-0.5048375430980091,-0.7419358421139305,1.7233490248948824,1.722496871820606,1.7218680269956013,30.431892169900646,30.434979934499548,30.419765855798488,0.6658515926585167,-0.7392330937283146,0.903156587134875,0.20020000638010396,0.35452162106658397,0.3546544181049762,0.35443617599732646,0.21851908561320468,0.21835516903382238,0.21845242301152304
50.0,50.0,80.0,120.0,0.167199447189705,0.1665038663923253,0.16690371635028525,-1.1501056204334137,-1.1542761664717738,-1.331450800111487,1.321922211545287,1.3251223411300745,1.3233371676946721,23.298185619725768,23.295514170271936,23.282532010245017,0.7149820200524383,-1.2870673309637894,0.40655874313315676,0.4247854029203694,0.2945494248038432,0.29483480060977163,0.2946615821808536,0.16693383537116258,0.16712274204751482,0.16671505591723573
20.0,90.0,120.0,90.0,0.1755310645927235,0.1734995996159557,0.17471179318325622,-1.8128022555595291,-1.8245544862562169,-1.8601043531658235,1.3981684497032778,1.3995264207113323,1.3920402413425716,35.19069967570362,35.1851158085464,35.1825442539611,0.7655278996474294,-1.7768164101630861,0.21657909273934978,0.8992108592877214,0.44444019938655005,0.4444736025081242,0.4440245624757177,0.17551366546405298,0.1747057917593205,0.17460674431080983
20.0,20.0,80.0,60.0,0.0734886257758324,0.0728968305455341,0.07315062109987337,-1.3248487297321183,-1.3442571467915176,-1.4059733684237088,0.584989538759221,0.5884608271463162,0.5839730875290496,22.69725045954055,22.693005728524614,22.679518923262457,0.6784793404823032,-1.277180112019705,0.15188023341192167,0.18420837739086698,0.2726818451870199,0.27301675314394286,0.27257087133819813,0.07341590894272502,0.07327511095820546,0.07284479582092676
100.0,0.0,80.0,120.0,0.2533178848789474,0.2527089985782803,0.25303815829419163,-0.1693259901550753,-0.1729355520988537,-0.5738034593117483,1.9928855854858354,1.9918517500200206,1.9912789848557215,21.188548968398898,21.19247194206473,21.18556120218096,0.6320527728863933,-0.520595423050527,0.7142123060801625,0.03591676855019174,0.23621521547492774,0.2361664751580308,0.23593123319014092,0.2531397171985367,0.2529437395620379,0.2530613286372603
100.0,0.0,110.0,120.0,0.2487112214084514,0.2451758301165735,0.24719383177388782,-0.2364366787610993,-0.246029244096783,-0.5238760497373574,1.9456513515955856,1.9457859902123054,1.9448347447641767,29.66812023595636,29.66380274572797,29.65483019614253,0.6320527728863933,-0.520595423050527,0.981997166066103,0.0003380718361311903,0.33253843665215715,0.33251766733461696,0.3324152906609491,0.24732902380639582,0.2472225864598405,0.24721466673055284
20.0,50.0,0.0,-90.0,0.19098808047461,0.1897067102776481,0.19030434761334247,-0.6759807483409718,-1.335550710533295,-2.0912397033425782,1.4984532683546639,1.5025192777368,1.502345858184667,2.3062112573874796,2.300732800510475,2.3096347466563087,0.7180601553832342,-1.681766379761833,0.0005881349919103665,0.16910833349376098,0.07517453763198446,0.07499617687132083,0.07525441293433684,0.19015075758331065,0.1906432829870303,0.19013246226893574
20.0,0.0,90.0,30.0,0.0482346178903259,0.047217204667371,0.04779375620835688,-0.5933857757756683,-0.6488372770186378,-0.6818024947359134,0.3791203649048944,0.3793250801105969,0.37804171578698675,24.861271148300077,24.862300240399986,24.857194784855423,0.6492905343418074,-0.5217752697370182,0.161189372663252,0.02568720662208988,0.2849649626976106,0.2853906607978762,0.28493338478077934,0.047931768875459184,0.04782461049497017,0.047792745181612216
20.0,0.0,80.0,0.0,0.0505602971214005,0.0497495772930971,0.05018058128881494,-0.6519607953485499,-0.6870768222003075,-0.7450170996504033,0.39742182279400967,0.3991936320180078,0.39711089016733453,22.124239185877563,22.134713358628524,22.12575224508795,0.6492905343418074,-0.5217752697370182,0.14940619147739484,0.03359729101996901,0.25442862541592864,0.2547630906402496,0.25450145701066273,0.05030415123069324,0.050280405783062754,0.050061224029524336
0.0,20.0,120.0,30.0,0.0433728641178518,0.0417219052977438,0.04253256948743894,-2.0674776268340933,-2.1030665276482,-2.082382890282949,0.3545656919042092,0.35454235664109435,0.35858345392499485,33.645653212091894,33.6410575796192,33.638531795280336,0.6791449760543936,-2.0262614013022464,0.003930641070603917,0.1999414999228622,0.39417665049527517,0.39428521876434025,0.39414382412378773,0.042504527136083714,0.04302331902840549,0.0430021950339933
20.0,0.0,110.0,0.0,0.0507290540282521,0.0472836002138023,0.04918515592183775,-0.4430781484013567,-0.499218782144209,-0.523466233866625,0.3885068829508998,0.38674399115554453,0.38897436875170543,30.316345529825984,30.316115053914316,30.309261208519857,0.6492905343418074,-0.5217752697370182,0.20353091802595308,-1.3229373783661598e-06,0.34547792813224065,0.3453972432406134,0.34536912986761426,0.049256963842819954,0.04933262217971185,0.04953484389699923
50.0,50.0,60.0,0.0,0.179991426924848,0.1795948974902387,0.17984829245629172,-1.1222590890556865,-1.129452596680928,-1.3723546869187846,1.4230404733720126,1.4245681342172443,1.4232681237543314,17.844094900014092,17.83907467326059,17.834632336649296,0.7149820200524383,-1.2870673309637894,0.3348337090290157,0.3799910218826461,0.2353835865527235,0.23514429297594047,0.23514968497101862,0.17991400420852985,0.17992942437166365,0.17973037709095038
50.0,20.0,90.0,-90.0,0.1309249432341671,0.1303571586476972,0.13060490621618387,-0.7506471995046363,-0.7566091836178498,-0.9204125748000013,1.0340682763607014,1.0340629265547796,1.031852841978008,25.21403373614129,25.211365269063425,25.202771294408674,0.6750478037776105,-0.8936860921129656,0.4305161455985965,0.1802463262913266,0.2986021048933954,0.29871906121197367,0.2986518781738243,0.13079838006151892,0.13052410910521225,0.13053444804429834
90.0,20.0,80.0,90.0,0.2268972623561405,0.2266375563425215,0.22678843803200815,-0.4371395900989628,-0.4392747486080617,-0.7847439154289535,1.7876702150765424,1.7883204409093545,1.7879928047250664,21.99188813684457,21.987316306097917,21.981268751347486,0.6658515926585167,-0.7392330937283146,0.6797142792690245,0.18160290856490935,0.2594405664393686,0.25933602232570857,0.25936638180452143,0.22679738571929303,0.2268340860478524,0.22675902749960597
50.0,50.0,20.0,-90.0,0.2192977956998424,0.2130785115504223,0.21671891686222375,-0.5207805513361208,-0.7840329443070216,-1.4915899571777664,1.7097103993278484,1.711979409347754,1.7101399390840641,6.329849855574303,6.328033233948297,6.3256924162864285,0.7149110160510277,-1.2869903665940208,0.16185933606363,0.23609655742440494,0.11074869055866363,0.11067158815667785,0.11070538558048919,0.21689628524085916,0.21694762840580242,0.21666159466231652
0.0,20.0,100.0,120.0,0.0509327016392051,0.0494953233143881,0.0501919048102228,-2.013072122781004,-2.0923214990760486,-2.0509690229958855,0.4116409540333124,0.40913154035003263,0.41192021281565,28.18977676503615,28.1878792645423,28.18898988261332,0.6791449760543936,-2.0262614013022464,0.009338291808535761,0.20003163842979826,0.3342058273550201,0.3342010049845257,0.33416779774476113,0.05022194227143238,0.05026785452078746,0.05057240061730442
50.0,50.0,100.0,0.0,0.1672380971437383,0.1660635486155087,0.1666664125358167,-1.150132375835978,-1.1632753968055622,-1.3045468089315921,1.3232813176876586,1.325458582018306,1.3232743178448227,28.869680484263682,28.866534539828198,28.852756381661532,0.7149820200524383,-1.2870673309637894,0.505718688384014,0.5000237950921333,0.3572827232517097,0.3572847662521616,0.3572476685839264,0.1668415734928906,0.16683580687146665,0.16656613237822948
90.0,0.0,50.0,-90.0,0.2609116688249061,0.2576631117844063,0.2599474885691032,0.0712796432192481,0.0297114863360404,-0.6371941286453154,2.04695556696468,2.047196892672465,2.046338720854898,12.343040300787125,12.340623031599309,12.338551312280867,0.6345514605085851,-0.5207210949441807,0.408133717452999,0.046810995399509295,0.13209765492241973,0.13212124733969832,0.13213748255807936,0.2600636628852839,0.2599868339867339,0.25995872050426894
100.0,0.0,80.0,-30.0,0.253305125768753,0.2527079199059762,0.25302869206619344,-0.1691350009770058,-0.1726450217421056,-0.5735719915558939,1.9928123382880787,1.9917822590547303,1.991183607332236,21.18795071333844,21.19192944154267,21.18492055356912,0.6320527725091611,-0.5205954228044771,0.7141265328014684,0.03574547115603179,0.2361944247029366,0.23614618944218124,0.23590979945815538,0.25313211007197806,0.25293326337260075,0.25305030727569283
90.0,20.0,120.0,90.0,0.2006765143881305,0.1996251137691315,0.20017593530910247,-0.5340040815238578,-0.5416784214969959,-0.7417593309196243,1.5799039245146294,1.5799988244031389,1.5798945712679682,33.27617851698591,33.27245966126746,33.25682822481224,0.6658515926585167,-0.7392330937283146,0.9036419287295787,0.19998406561142132,0.387311380566634,0.3874119520454236,0.38707097631955045,0.20024761953173484,0.2002645653796691,0.20021594167541787
20.0,90.0,50.0,90.0,0.2274802394079917,0.2269414644261867,0.2272867069337358,-1.7753119115869247,-1.782063091816071,-1.8903215528227948,1.8001375511882554,1.7969421729376798,1.8024196500539256,16.409253392802654,16.40394093038976,16.40352186369448,0.7655278996474294,-1.7768164101630861,0.13406515786350046,0.6464382064900283,0.24315732156644165,0.24315848011635138,0.24319507635787138,0.2269639092861605,0.22726782115421712,0.22767116246363706
0.0,100.0,50.0,120.0,0.2417855315646561,0.2412833662359176,0.24152530637617825,-2.0993822437819274,-2.1054722301335933,-2.098310239953826,1.9129208517294989,1.9113493969534538,1.913277595713957,16.693096539236695,16.694239006994362,16.681383898588187,0.7785098420441033,-2.0214286154605,-0.002480417022682219,0.7256363431645287,0.2516070115111288,0.25141563680486817,0.2515934837459764,0.2414412343993303,0.2414934777845442,0.24166702124316006
0.0,20.0,120.0,-30.0,0.0433728641178518,0.0417219052977438,0.04253256948743894,-2.0674776268340933,-2.1030665276482,-2.082382890282949,0.3545656919042092,0.35454235664109435,0.35858345392499485,33.645653212091894,33.6410575796192,33.638531795280336,0.6791449760543936,-2.0262614013022464,0.003930641070603917,0.1999414999228622,0.39417665049527517,0.39428521876434025,0.39414382412378773,0.042504527136083714,0.04302331902840549,0.0430021950339933
50.0,20.0,60.0,-30.0,0.1441402190984972,0.1436383931459293,0.14400759702990992,-0.7456251048137977,-0.7547298510479826,-1.01394859744839,1.137061209836231,1.138469496475394,1.1384039585767367,17.004087170694678,17.00665138718165,16.997984024139015,0.675069621546283,-0.8936880599570938,0.3165959565249423,0.16897432335170612,0.20841115678028563,0.20849730604424413,0.20835010510390783,0.14396529048117995,0.1441404489334363,0.1439624506235842
20.0,0.0,70.0,-60.0,0.0532642823232219,0.052249106360562,0.05283976974312995,-0.7023238472600236,-0.733394481481704,-0.8065303777977737,0.4211197756923585,0.4183554505642978,0.41867361336868236,19.423464201243355,19.41565839519101,19.409341233770938,0.6492847333044347,-0.5217753086041953,0.13647947497959786,0.03965381500793014,0.22481522020088082,0.22462204216985227,0.2246432775251013,0.05298536637231391,0.05269310864041661,0.0530519209736727
20.0,0.0,80.0,120.0,0.0509921754137134,0.0501666462373535,0.05065378586704457,-0.6533107878324791,-0.6897183041692768,-0.7481161344213049,0.4017170608568546,0.4024759064885438,0.4008710349591332,22.127268657362308,22.138677152797612,22.12767483845267,0.6492905343418074,-0.5217752697370182,0.15075532108387116,0.03440554768128168,0.25450770671400574,0.25485030761508737,0.2545950660669244,0.05077565864153605,0.05069010344993051,0.05060031803671716
90.0,0.0,80.0,120.0,0.2312504784842552,0.2308233227026621,0.23108538981525384,-0.209198014812126,-0.2141373186172332,-0.5772933061262326,1.819948925306164,1.8194132464424453,1.8184918203089557,21.35976786724687,21.362587965319822,21.346251343383436,0.6345985081197228,-0.520659588644016,0.6612997643281289,0.03556188669103372,0.23950570814893998,0.23944140985473475,0.23929849138832743,0.23120038198960752,0.23100673856028348,0.23107577924755657
50.0,20.0,80.0,30.0,0.1321996746402203,0.1319396490650173,0.1320918917411728,-0.7826050726376239,-0.7860887000221235,-0.9696823263348127,1.0460813458743428,1.044811268599337,1.0443196321682215,22.509367928869217,22.509851804200334,22.506881023115934,0.6750696220906218,-0.8936880611762084,0.3839974860025104,0.1835118553931843,0.2694936761284391,0.26934029425331396,0.2694135974352041,0.1321957614915476,0.13197975529920764,0.13215173091445467
90.0,0.0,70.0,30.0,0.2396310535406779,0.2390025296601481,0.2394412534242478,-0.1538842887405056,-0.1601501948116764,-0.5936743502389774,1.8851661518448444,1.884707080876793,1.8857269320838337,18.46215929374634,18.461399866052794,18.45834849758057,0.6345985081197228,-0.520659588644016,0.5879802047681275,0.041317293227863615,0.2058179501480333,0.20596248103183964,0.20587261786235944,0.2393868545808405,0.23946862235755395,0.23951344973154254
20.0,0.0,80.0,-90.0,0.0507001352727583,0.0498900525418172,0.05032142961680541,-0.6502436125804173,-0.6884638694762109,-0.745599903361671,0.3984628691611259,0.40033721888703233,0.39837238989687757,22.124515858228733,22.135401835316273,22.126311597267108,0.6492604713232011,-0.521812546134813,0.14981816728643557,0.03378215678682968,0.2544448118230548,0.2547772191342645,0.2545295873344695,0.05043602518735414,0.0504386100761564,0.05020561714252331
90.0,0.0,70.0,0.0,0.2397651753528352,0.2391344243897892,0.23957614886648557,-0.1536815657486187,-0.1603233700617534,-0.5937525812629832,1.8862614600355645,1.8857412230879407,1.8867949384882454,18.461483405018967,18.46045737192118,18.457457411891415,0.6345985081197228,-0.520659588644016,0.5882695324838297,0.04137922573961663,0.2058077480443507,0.20594765482111932,0.20586004216291467,0.23952195319073347,0.2396001215372851,0.239652925942386
0.0,20.0,120.0,-90.0,0.0433728641178518,0.0417219052977438,0.04253256948743894,-2.0674776268340933,-2.1030665276482,-2.082382890282949,0.3545656919042092,0.35454235664109435,0.35858345392499485,33.645653212091894,33.6410575796192,33.638531795280336,0.6791449760543936,-2.0262614013022464,0.003930641070603917,0.1999414999228622,0.39417665049527517,0.39428521876434025,0.39414382412378773,0.042504527136083714,0.04302331902840549,0.0430021950339933
0.0,90.0,60.0,0.0,0.2139089021471859,0.2135779743677688,0.21377649882335883,-2.094203845637704,-2.0982212330914765,-2.094682244597702,1.6949645046104371,1.6955778216394595,1.6946303355646355,19.11815408380011,19.114354713597198,19.099457477920584,0.7665320191074287,-2.002511187159981,0.0002339813701528892,0.6948927960262288,0.2726284458177581,0.2723933021919206,0.27206168547424703,0.213846056699873,0.21382086170635328,0.21370761956074696
0.0,20.0,40.0,0.0,0.0789951749897264,0.0774765332581282,0.0784346292474777,-2.0842731518772206,-2.1154994269197784,-2.097108227406748,0.6229734538816744,0.6240921368951888,0.6277041261538416,11.960453320820923,11.955499973975867,11.952660200592717,0.6791449760543936,-2.0262614013022464,-0.0002717538578824525,0.14632321244014965,0.1562988156786241,0.1561752069642761,0.15616446971594908,0.07814438249596702,0.07872424326955588,0.07857728246537328
90.0,0.0,120.0,-30.0,0.2055650609513241,0.2040906198052616,0.20484168555308074,-0.3040439734951878,-0.3160919699200071,-0.5235935167382026,1.6128052455195814,1.6107089158152224,1.6147739253000615,32.705818383728136,32.703719486387484,32.69492154373118,0.6345985081197228,-0.520659588644016,0.9034477497106207,6.943156985937825e-06,0.3691625957245254,0.3690581681950716,0.3688893472764011,0.20465248751615425,0.20491634548457932,0.20515181442167096
90.0,20.0,60.0,-60.0,0.2452146487440718,0.2441329560767055,0.2449395577258055,-0.3083424964731612,-0.3202343142828693,-0.817273623338418,1.9304984951234059,1.9306837611415746,1.9301152059296225,16.18167391842792,16.179890380174417,16.175259899319457,0.665845122873063,-0.739234086056363,0.5401528313157077,0.16341862570304727,0.19287629429223518,0.19272394205642365,0.19264782367743621,0.24500312735375468,0.24495252046941113,0.24492813891890183
20.0,20.0,70.0,-60.0,0.0784130470632964,0.0778364947408768,0.07816598245747688,-1.3395929349153468,-1.3577331596324729,-1.4327682678016946,0.6246888645886385,0.6253327942106982,0.6225011394968806,19.976759598892347,19.976687570655827,19.968584907522434,0.6784735807388498,-1.2771610796904562,0.13983535521940554,0.17929195143431859,0.24295221974819228,0.24307320029434545,0.242894160108908,0.07839358399987541,0.07811294274960566,0.07805346473097151
50.0,0.0,110.0,60.0,0.1244318235407287,0.1210537995138617,0.12296008227497518,-0.3789431412326735,-0.3929639488583558,-0.5237176485912538,0.9680396513870214,0.9678905086599305,0.9677597124250272,30.187212560045495,30.185754994060748,30.178391486696682,0.6453124449701564,-0.5221886034343035,0.5038662669276295,0.00011150948582506543,0.34278341480631686,0.34280655466647175,0.3426220670365782,0.12306056976973018,0.12303551394829533,0.12304459708049328
100.0,0.0,120.0,0.0,0.2245967966499891,0.2229819193617176,0.22380453553490948,-0.2846490746704195,-0.2961627380385138,-0.5235953864515763,1.763311076345296,1.7590970376177615,1.7636979371634571,32.61771008958458,32.62255920854116,32.60897036680524,0.6320527728863933,-0.520595423050527,0.9825377657753196,7.3365249634237045e-06,0.3673581434117991,0.36722680204700536,0.3670945219491181,0.22364850375992243,0.22372852640904592,0.22422445439607108
0.0,90.0,100.0,120.0,0.1942121929474317,0.1923185947478859,0.1933558155989498,-2.0678194725242403,-2.084710469342089,-2.0793240151794237,1.538718577181931,1.5422598656840356,1.5391166150371205,29.987964175709823,29.98877133596631,29.982634654320695,0.7665320191074287,-2.002511187159981,0.015280432011814199,0.900016462648264,0.39120512193513896,0.3914089738469795,0.3909110176088338,0.19355821204400936,0.19360190683298223,0.19317309277439132
20.0,90.0,110.0,-90.0,0.1870571375781496,0.1848908788130316,0.18615881704910198,-1.802601607345521,-1.82043788609222,-1.8602211350388962,1.4838116819933032,1.48596628000523,1.4833605629552038,32.5827147823618,32.57943124383672,32.57972232686935,0.7655216799710657,-1.7768001266569409,0.2164341232849144,0.900146392590424,0.41749673110468105,0.41724937537439666,0.4169145981920392,0.18642994419389175,0.18637535623019716,0.18610465108208388
50.0,20.0,110.0,0.0,0.126523663635118,0.1246250363630323,0.1256259659136072,-0.7614726248153453,-0.7798615675875618,-0.9018456809446297,0.9948509131853303,0.9987282144951672,0.9934238097788786,30.78439220090584,30.783732012684098,30.770218196890095,0.6750696220906218,-0.8936880611762084,0.5044076788395832,0.20005635244146008,0.36117938052457205,0.36133785293700266,0.3611621476425313,0.12602582014541838,0.12582502354822606,0.12536513922443054
0.0,100.0,60.0,120.0,0.2328849429852844,0.2322664467078693,0.23261730006936826,-2.100246847289509,-2.1066291174719938,-2.0998056488792582,1.8443618533853121,1.8423809468947279,1.8441964222401719,19.34039673529799,19.341308458814126,19.332447593787062,0.7785098420441033,-2.0214286154605,-0.0037185416374922644,0.7765497424043258,0.27957093206455697,0.27962329502295435,0.2794162935194605,0.2325659248249811,0.232547413919488,0.23279432744805534
20.0,20.0,10.0,30.0,0.122332454225093,0.1110427122036439,0.11613896225107193,-0.7598132800333997,-1.4516352403566732,-1.6699986511682021,0.9175015085159611,0.9193769599012219,0.9185461974844921,3.6602958213281065,3.657259880041659,3.654539212154863,0.6784793404823032,-1.277180112019705,0.037774903769844596,0.08418362101739585,0.06726579902429809,0.06729433263669593,0.06728527414401153,0.11634636559822205,0.11648280579488748,0.11623816974526543
0.0,100.0,110.0,-90.0,0.1988130645207865,0.1969219036904895,0.19788784017805086,-2.079721575474778,-2.091155706058552,-2.0867827066865754,1.57688745088847,1.5774173188310143,1.578135760618157,32.79769734776759,32.793997222324656,32.792534228913965,0.778504227034544,-2.021410149644399,0.00936683797988155,1.0000433815349261,0.4240180916277475,0.4242120979978424,0.42387182053191785,0.1979280098816578,0.19806678247391762,0.19801535072578152
50.0,20.0,10.0,-30.0,0.1831596500794791,0.1708570978663465,0.1766249624277499,0.6764339994847659,-0.2018409598166134,-1.6710284541081242,1.397714569782619,1.3955028605930784,1.3932450073090215,2.069556973154261,2.070052813189377,2.074140932803927,0.6750696210939708,-0.8936880589415651,0.046379772591180556,0.1010585647260711,0.05435889449887074,0.054416694386502325,0.05480525935257678,0.1773598732776609,0.17679394001081142,0.17705725703624745
20.0,20.0,120.0,-90.0,0.0618986668448626,0.0589336139913171,0.06059517085972971,-1.2459360556671992,-1.2721392276957406,-1.3023019150869317,0.4908728271625308,0.494098306646457,0.4926605926209453,33.623505620907466,33.63208322027607,33.6311973842061,0.6784793404823032,-1.277180112019705,0.204330313167154,0.2000289742951863,0.3940162091290484,0.39423503744927496,0.39409787986789296,0.06086313726851193,0.06108054796392187,0.06070097708559158
50.0,20.0,100.0,-30.0,0.1387185185874641,0.1356555694826005,0.13726954273362746,-0.7366041918775857,-0.7518376293295856,-0.9019684544670483,1.0849715348236064,1.0869757626666774,1.086243594139532,27.999844089266666,28.002447111614774,27.99193566544392,0.6750696219091705,-0.8936880607698322,0.5040078375106339,0.200157556588271,0.33056581281491043,0.3306337291351508,0.33039828436073804,0.13732579566897593,0.13748960389099876,0.1372314744063578
0.0,100.0,60.0,30.0,0.2329057012434198,0.232283385765782,0.23263565216965856,-2.0998192184640176,-2.106215175179801,-2.099521128045333,1.8445705788194393,1.842479675085794,1.8443195546399838,19.34089103582285,19.341958284229513,19.33310107376989,0.7785098420441033,-2.0214286154605,-0.0034975207556710575,0.7766323018154646,0.2795794748980781,0.27962793543043435,0.27941973943153287,0.23258681251069338,0.23255787722533242,0.23281798810175813
0.0,100.0,0.0,60.0,0.2680428007282811,0.2664418340817447,0.26722206482791605,-1.9983541347878309,-2.0402806726735108,-2.0913569497735645,2.1074563922855147,2.1075465274377305,2.1087629718352,3.213665131891142,3.2152047825728642,3.2155522814949733,0.7785098420441033,-2.0214286154605,0.001073443633495896,0.33273627941426637,0.10468189057927656,0.10462515518628655,0.10460874808329446,0.26712394538092604,0.2672909710730028,0.26728375463243637
20.0,20.0,40.0,120.0,0.095251023897588,0.0939906448406347,0.09470487932447536,-1.3184566108372822,-1.3567522984692195,-1.498926273750767,0.7525080722019208,0.7489358501844235,0.7530461459166025,11.865090007875281,11.86559987390858,11.870132430600096,0.6784793404823032,-1.277180112019705,0.09813318011295549,0.1447837142414033,0.15448884211851446,0.15422242743418696,0.1545267871090536,0.0945416487658543,0.09460163802900369,0.0950700757553304
0.0,50.0,20.0,-30.0,0.1660166804490352,0.165242128501195,0.16564509169195948,-2.0860987014986616,-2.0972072097554717,-2.091510804531093,1.311955575139257,1.3090794587886196,1.307667040697494,7.493999447386939,7.4843955696824755,7.482869812776549,0.7187172295011699,-2.0572513772823493,0.0007900335572190807,0.252035677887955,0.12757899954065502,0.1273928257093017,0.12743713506811524,0.16589832168904642,0.16535121529007013,0.1657172483949963
90.0,20.0,10.0,60.0,0.2683928144392652,0.2561368248444066,0.2665324564187587,3.1367658673951597,-3.1397647866867104,-2.2697118926216584,2.101899506018261,2.1003558581900292,2.101915588201772,3.827784123652805,3.846178372409316,3.8293510802330477,0.6658515926585167,-0.7392330937283146,-0.05551643371840319,0.3074760760141352,0.10346699344142743,0.10371639524074434,0.10360186430749908,0.26636347857142645,0.26636461117176263,0.26655164816969623
20.0,0.0,20.0,90.0,0.0951181128833153,0.0506724364749044,0.07213879513709247,-0.3766372869133197,-1.4039227702223067,-1.1258579719345958,0.5755086373144556,0.5759603430899549,0.5757105418401129,5.765735228398744,5.77334106135505,5.758350217628549,0.6492905343418074,-0.5217752697370182,0.05264088979420321,0.03614444011365389,0.07494868510003144,0.07492771971391966,0.07460059891132904,0.07289274506638185,0.07292047191816475,0.07283750940656998
0.0,20.0,40.0,-30.0,0.0789893082801054,0.0774622739275645,0.07842155999638305,-2.0843256291166217,-2.1157107242695345,-2.097510247090062,0.6227288985199356,0.6237441865358618,0.6280771935912985,11.959017098205656,11.955404873862895,11.951622706479387,0.6791449753826149,-2.0262613961544655,-0.00032741652153607954,0.14629421524961758,0.1563403295101849,0.1562003222034337,0.15618935001067863,0.07807749330051868,0.0787341200435805,0.07860654893157969
20.0,0.0,60.0,60.0,0.0561966009779563,0.0556108566526299,0.055921083139747654,-0.7549962396822599,-0.764736972778866,-0.8692381018247479,0.4438247105698018,0.4429840188474492,0.44329345455524366,16.699374328146614,16.697063633821163,16.693926398075902,0.6492905343418074,-0.5217752697370182,0.12255450883108962,0.044101338035198494,0.1947215042127858,0.19474143873493036,0.1947034693397401,0.05593542914607157,0.05588229215504223,0.05599325136069255
20.0,20.0,60.0,120.0,0.0833904208537693,0.0829873611197874,0.08320596804044972,-1.3435569983895903,-1.3629510725294869,-1.4535141989148135,0.661771149575297,0.6640384449776017,0.6626517197375366,17.27675355957376,17.279602022764855,17.267347485480467,0.6784793404823032,-1.277180112019705,0.1271060000357458,0.17020380005166433,0.21366668275377398,0.21364325058368902,0.21349360626151662,0.08325177854036403,0.08334872697483045,0.08307163423221334
0.0,20.0,0.0,120.0,0.114609934643272,0.094628912136394,0.10489588054337538,-1.970292961245414,-2.12493156313052,-2.088087551778157,0.8721852307816209,0.8709891318703986,0.873442925339544,1.8947307493538146,1.8823290067762823,1.8947974143622173,0.6791449760543936,-2.0262614013022464,0.0005376301517076644,0.0639666235003109,0.05716676131469597,0.05684554344489294,0.05669143821605895,0.11041336689845484,0.11058026303883385,0.11066959000001757
20.0,50.0,80.0,60.0,0.1301756497110497,0.1294959588857116,0.12983032948544387,-1.6495364590452868,-1.659975749866225,-1.7265582449059544,1.034753527858506,1.0348493883868095,1.0348218351220888,23.47538517639934,23.472698715870898,23.454417965777143,0.718145790998976,-1.682010494824096,0.16681613345262225,0.4315668995010853,0.29845796321120177,0.2979016937922823,0.29791796008433713,0.12986364038803228,0.12988957457817427,0.12983089032147266
50.0,50.0,50.0,-90.0,0.1885567761603488,0.1876247250857924,0.18820411168925755,-1.0714529525030925,-1.0900333303694982,-1.3850981468489005,1.488919266471931,1.4866153980567391,1.4899520905708201,15.094244045634722,15.085136090340189,15.087111060600716,0.7149310825399664,-1.2870132920219561,0.30117022200440485,0.3508133222498117,0.2056062602485981,0.20537506152953242,0.2054189755008279,0.18804306885126762,0.18818221208104338,0.18845783403438057
0.0,50.0,40.0,30.0,0.1492975703953883,0.148813608443062,0.1490111834079015,-2.088926906844773,-2.098692781257695,-2.092893786045052,1.1810460904493538,1.1822914063085035,1.180512375245591,12.811907250432848,12.80582358681182,12.797229608355503,0.7187172303236241,-2.0572513802815084,0.0006179188900162409,0.32717077748231416,0.18384463502136575,0.18391309835238576,0.18386529376066788,0.14912380954517318,0.149039412225293,0.14889318420164882
50.0,20.0,30.0,90.0,0.166988834868775,0.1629830982299604,0.16547834930321323,-0.4568463006495183,-0.5637651102584084,-1.1047732958070238,1.3049827654762658,1.30605319610862,1.3060331572466202,8.455410202231086,8.446976594186445,8.454339850384391,0.6750696220906218,-0.8936880611762084,0.18640486461151548,0.12271863731671954,0.11311922547175009,0.11299832209929589,0.11320474752124568,0.16551479549529274,0.16564122093643274,0.16551366646063423
0.0,100.0,40.0,-60.0,0.2516926672990998,0.2512429919745213,0.2514348572866556,-2.1003072814156543,-2.103473907480595,-2.0972086220586754,1.9895780125082412,1.9889715737450326,1.9890452262601939,14.051222569278236,14.043197640548126,14.034233298842446,0.7785021429859447,-2.0214130606779714,-0.001623201128015856,0.6725181850499781,0.22377529532340187,0.22340447130028418,0.22361207223788226,0.2514673983871501,0.2514028954427385,0.2514583068455988
90.0,0.0,110.0,-60.0,0.2272123033104096,0.2238706104575613,0.225709262170939,-0.262005558414684,-0.2715815634445478,-0.5238421164560486,1.776693721856999,1.7773503229565601,1.7750059897144013,29.77969632744649,29.777958563719885,29.77591334091978,0.6345973226978072,-0.5206601327258633,0.9029379402694351,0.0002793642428226012,0.33491721514993067,0.33483490743380495,0.3346951409093193,0.225939262975277,0.2257289846997656,0.22564968060804524
0.0,90.0,0.0,120.0,0.2681347249641407,0.2663402476110126,0.26722863422187937,-2.012575126978557,-2.050871454373992,-2.0913579831104285,2.1070505359243685,2.1068517767469177,2.1100424549964196,3.2243194300461995,3.2176639284785495,3.2189185977095063,0.7665320191074287,-2.002511187159981,0.0010865800558770376,0.3327758801046057,0.10490169937797925,0.10470675491928426,0.10474860029288131,0.26697747507860453,0.26735218272021094,0.2673930057893291
20.0,0.0,110.0,60.0,0.0506912638375421,0.0472720615424268,0.049184895316329344,-0.447150343484597,-0.4941278703939795,-0.5236586900066661,0.3884840234693747,0.3860176100409354,0.3897132602537344,30.321439436144942,30.31771215476229,30.30988551728971,0.6492905343418074,-0.5217752697370182,0.20353618648659305,1.6647738723681593e-05,0.3455140692396793,0.3453926827774482,0.34537502435966183,0.04916536712515841,0.04934275034756959,0.04960700801824792
20.0,90.0,40.0,30.0,0.2373331134653099,0.2367901001173611,0.23707524978820102,-1.7407395665701837,-1.752475511512572,-1.891514286893405,1.8747016095534548,1.874661163221752,1.8772735068124315,13.735338470327402,13.734309415792048,13.732442549382153,0.7655278996474294,-1.7768164101630861,0.12291001539556771,0.5966606684044384,0.2148254249612195,0.21494524941035045,0.2149219923270999,0.23686495552380252,0.2371964473496054,0.2371997139340399
0.0,20.0,0.0,90.0,0.1143916224377139,0.094404045681895,0.10492481992099399,-1.96845551918714,-2.120253819684926,-2.0880990164594015,0.8717355041673471,0.8737612663688753,0.8729427913675896,1.8899961042834592,1.9069941935047816,1.9007323882548008,0.6791449760543936,-2.0262614013022464,0.0005507068405353523,0.06387726803809186,0.05685622831394406,0.057051734758729336,0.05716323120184178,0.11063538741411279,0.11080555912666597,0.11058177410566539
0.0,50.0,20.0,120.0,0.1659411873170331,0.1652004036727707,0.16557404194481917,-2.084017229429472,-2.0952595217246506,-2.0904512836472224,1.3114802475947616,1.308469424292367,1.3070788256208856,7.493304286859772,7.483138697673654,7.481762492000935,0.7187172303236241,-2.0572513802815084,0.0010561035879304503,0.2518753115416918,0.12761509974138083,0.1273689402931779,0.12741472240143287,0.1658321752732096,0.1652704244584184,0.165652517380374
0.0,20.0,90.0,-60.0,0.055210870144627,0.0546717359043342,0.05499707825355063,-2.070706529946388,-2.0998562785755723,-2.0851331939044626,0.44585556437501617,0.44888448291058003,0.4472317992063734,25.46625083336842,25.469129168097364,25.447003357262957,0.679141436488575,-2.02623760752188,0.0023647972903707956,0.19997879222634388,0.30450030899672287,0.30458620221959143,0.3041290557059505,0.055074087972077516,0.05526460024116774,0.05487486717401015
100.0,0.0,70.0,120.0,0.2627119102790617,0.2620051528889619,0.26252111694827046,-0.1048843989555685,-0.1113517770421508,-0.5898176325855109,2.0669146617172633,2.066702098430389,2.066782263289124,18.2544617437354,18.249638958393582,18.246650806330127,0.6320527728863933,-0.520595423050527,0.6316961392016286,0.041947464104468486,0.20180229188601423,0.20168248447172024,0.2017478382699494,0.26254060496948517,0.2625198866344535,0.26255195551869503
90.0,20.0,80.0,-90.0,0.2266760783131099,0.226434575847984,0.22657616736384484,-0.4372761202112968,-0.4392636608205251,-0.7845382062347201,1.78600852559818,1.786654876054613,1.786293305518962,21.992051603760878,21.9874687057003,21.981479010966538,0.6658235154465892,-0.7392545237028441,0.6790865514839615,0.18128383463589573,0.2594166084482371,0.2593304255500242,0.25937177179232906,0.22658752863481868,0.22661972686163984,0.226545794088834
0.0,90.0,90.0,90.0,0.2078323450786963,0.2065467444588593,0.20719235741242206,-2.0733325971186325,-2.080164170982529,-2.0793337951485125,1.647556901050238,1.6478043508735798,1.6487182814723331,27.381151446998672,27.369439342289592,27.370914605579568,0.7665320191074287,-2.002511187159981,0.015071471323472956,0.8999099698827628,0.3646405284634466,0.36451815060161946,0.3644259215273903,0.207188241112718,0.20732095999798192,0.20727411102839013
100.0,0.0,90.0,60.0,0.2445414810553227,0.2442591517780082,0.24443851910521042,-0.212459908193011,-0.2155776567330451,-0.5581822897741079,1.9242314195504244,1.9250741520718386,1.923435497262458,24.0819743389022,24.081013721679117,24.068153046753334,0.6320527728863933,-0.520595423050527,0.7879583535533226,0.027270111583931323,0.269825718449674,0.2696949092013797,0.26939734275681737,0.24455703747358462,0.24444700706204953,0.2443350316692795
20.0,90.0,50.0,120.0,0.2273949785397127,0.2269793469895718,0.2272464148645152,-1.77643908803012,-1.7825412776584002,-1.8915311976606581,1.8003757453656828,1.7963857930473184,1.8017960405142577,16.410979304541744,16.404234750091664,16.404875740673575,0.7655278996474294,-1.7768164101630861,0.13327290743348447,0.6465400813621535,0.24319361892313282,0.24316678826623586,0.243192144519213,0.22696054280630432,0.22715875274965436,0.2276581755546682
100.0,0.0,100.0,-90.0,0.2499899804359682,0.2494445695318871,0.24971580109204122,-0.192402199314824,-0.1951318709618052,-0.5091631667069348,1.965340875176191,1.9658307671820145,1.9642129055018016,26.749511258215943,26.747022542449365,26.73791219183967,0.6320387159832425,-0.5206128997852728,0.8884833552257093,-0.012795363395250772,0.29744720672930214,0.29743972166629834,0.2973459671737864,0.2498361111503258,0.24968936241645037,0.24963589496011612
0.0,20.0,20.0,30.0,0.0921539155709193,0.0904032388389007,0.09132668585771353,-2.0824025309373333,-2.11050394912082,-2.0945380565059093,0.7224799337427635,0.7255846076666934,0.7230408458877766,6.615239565734932,6.603969373583139,6.603572411675273,0.6791449760543936,-2.0262614013022464,8.212905591971696e-05,0.10725395710362158,0.09914422564937737,0.09937913556041152,0.09920995653663675,0.0914647937761641,0.09152321610726864,0.09114895640591658
0.0,20.0,30.0,60.0,0.0863860232117991,0.0825227995251914,0.08467596712215972,-2.069189931427342,-2.144070922180413,-2.093768782779629,0.6720459127071086,0.6716985047798211,0.6789144963750776,9.340430304340382,9.316418200855312,9.316264708763454,0.6791449760543936,-2.0262614013022464,0.0003300372600184496,0.12873864317657968,0.1286653923713191,0.12831436492253284,0.1287982991628804,0.08425666505989265,0.08519520578324856,0.0852750635451216
20.0,20.0,0.0,120.0,0.125781877154966,0.1077703536188477,0.11724132185015075,-0.3731387874664211,-1.1122691538361094,-2.088542364174385,0.9540544696048291,0.9558302060931761,0.9546016160993582,1.891732484922456,1.882215788266067,1.9057582603885264,0.6784793404823032,-1.277180112019705,0.0005520000648726918,0.07245077563256719,0.05791092145909873,0.05723703813238782,0.057242852190565637,0.12113943178939758,0.12117156538972847,0.12090305027962962
20.0,20.0,120.0,60.0,0.0618986668448626,0.0589336139913171,0.06059517085972971,-1.2459360556671992,-1.2721392276957406,-1.3023019150869317,0.4908728271625308,0.494098306646457,0.4926605926209453,33.623505620907466,33.63208322027607,33.6311973842061,0.6784793404823032,-1.277180112019705,0.204330313167154,0.2000289742951863,0.3940162091290484,0.39423503744927496,0.39409787986789296,0.06086313726851193,0.06108054796392187,0.06070097708559158
0.0,50.0,70.0,60.0,0.127458601683288,0.1269897481010419,0.12716924159919438,-2.091756231953169,-2.1057035440869614,-2.097473620607913,1.015830636680371,1.01189863530707,1.0127889886433303,20.8172335335453,20.815496080336153,20.807826509825208,0.7187172303236241,-2.0572513802815084,-0.0008973251765837034,0.4097195689217801,0.26964979418778723,0.2694523455295535,0.2696183574090149,0.12726349141756507,0.12689151708938046,0.1273858693377173
50.0,0.0,10.0,90.0,0.1695215223300606,0.1470483789248449,0.1561068834896849,1.1148181283205658,0.1392370100626873,-1.7528868142349179,1.2623409823033662,1.257913694480402,1.259860169147875,1.8819548144222213,1.9601826351615443,1.8936466590991297,0.6453124449701564,-0.5221886034343035,0.024281287699673058,0.0715196916144551,0.05091913846389513,0.05137915649080649,0.05110555210329086,0.15996404694954527,0.15962817562871684,0.16015994237993827
50.0,50.0,60.0,120.0,0.1801387266259189,0.1796523814989647,0.17992668765050124,-1.121374896337543,-1.1286210152319314,-1.3716658473548347,1.423310696232913,1.4252142699292836,1.424208755155531,17.842643553476375,17.839177638191643,17.835078318521358,0.7149820200524383,-1.2870673309637894,0.33520940777880454,0.3798923411429538,0.235345186665204,0.23514382226466496,0.23515458913171672,0.17995046118318647,0.18005327556316542,0.17980771507243198
0.0,100.0,30.0,-90.0,0.2621444751398039,0.2616392059325094,0.2618488117477894,-2.0988327437176686,-2.102633882468869,-2.0958837122159695,2.070906482051923,2.069162782591282,2.0694515449762587,11.414422613735645,11.412910578116978,11.408973665409397,0.7784483333896225,-2.0212832872921926,-0.0007160072117989946,0.6146615689693727,0.19647007049801313,0.19644986939438666,0.19632583801779335,0.26191016498481307,0.26172145136107017,0.2619438211474098
100.0,0.0,20.0,-30.0,0.2856729560338397,0.2540978351169062,0.2660148827560831,2.719982740853464,0.7870282004205098,-2.4488614131027737,2.0938785739089405,2.0965018916766933,2.0999708221775544,3.7811190975979536,3.797000832462615,3.7991077633843617,0.6320527719428031,-0.5205954224354598,-0.07768169608338113,0.17487981444968967,0.07115749774418645,0.07115794375111494,0.0713934010313828,0.2656993496557028,0.26646776722645193,0.26614264415541167
0.0,50.0,70.0,-30.0,0.1274944065293,0.1270247452282791,0.12720399428657667,-2.0916348965730767,-2.105586942631836,-2.0973834920270744,1.0161205534450015,1.0121618220520046,1.0130578036767945,20.81769760691776,20.81586616856858,20.80830854841073,0.7187172299291477,-2.0572513787870075,-0.0008606007124690231,0.40985217735550605,0.26967071066109854,0.26946344825670143,0.26963366385964643,0.1272990700820264,0.1269242094787355,0.1274219056056061
50.0,0.0,110.0,0.0,0.124431152433125,0.1210536594567757,0.1229601243960997,-0.378939107756551,-0.3929505150367877,-0.5237142560698407,0.968039431195265,0.967890221926582,0.9677592890532677,30.187206573187613,30.185749654382246,30.178385588244943,0.6453124449701564,-0.5221886034343035,0.5038667012366242,0.000109733752231605,0.34278323894389,0.3428063878320632,0.3426218991816762,0.12306054846015282,0.12303546782103833,0.12304455975325145
0.0,50.0,80.0,-60.0,0.1215470121627402,0.1210289839873632,0.12132092427498205,-2.0608122290537,-2.0727020769133984,-2.0710843527514204,0.9678145412300541,0.9665761556623357,0.971680041739182,23.50600350038236,23.52068103643352,23.509702633922778,0.7187128659394304,-2.057237777344529,0.010583075358762071,0.43303863914480767,0.29886407346028876,0.2991153916851194,0.29866448130678636,0.12095934210253333,0.1214636902860097,0.12162432371927463
20.0,20.0,20.0,-30.0,0.1091363735656528,0.1058811499708044,0.10762699036017667,-1.1829645225787873,-1.3030689414285477,-1.5679847507451012,0.8515129124666239,0.8514882422886603,0.8518237452691136,6.435591728442082,6.427445608186622,6.43795405659974,0.6784793395875025,-1.2771801072451787,0.0616825241479616,0.10623572858932666,0.09668527845721193,0.09646430603248297,0.0967038806607341,0.1077021848435114,0.10771728800815575,0.10775445131254113
0.0,20.0,70.0,-90.0,0.061967322408805,0.0614315629956619,0.06168360752950417,-2.091204243066633,-2.1157158856327016,-2.1024144196528938,0.5001105537222094,0.4956769346352579,0.49506407094061494,20.0318772581109,20.027110273266896,20.021141277457,0.6791070225369086,-2.0259441519017245,-0.001205076441089167,0.17983635476199106,0.24370222058503405,0.24347670412182734,0.24362959742611573,0.06197120032789719,0.06131813749641173,0.06189035693372697
50.0,50.0,20.0,120.0,0.2195156004206273,0.2131618145003039,0.2168651435457125,-0.5193549907212415,-0.7853960286144335,-1.4921869380571529,1.7109005320983632,1.7128350629301883,1.7116235469997612,6.333014832023977,6.328948518079906,6.328370064770026,0.7149820200524383,-1.2870673309637894,0.16193446927460978,0.23654117497915442,0.11081888784078288,0.11068373963938888,0.1107963115698478,0.21700582834045684,0.21709511608117704,0.21685355521687075
0.0,90.0,20.0,90.0,0.2528778674653175,0.2524214565064364,0.2526316448493729,-2.078221832835559,-2.08342530551614,-2.0875199286935264,1.9946202311207848,1.9969634272340735,1.9954225818321736,8.551096904628555,8.547637587209428,8.535917880603375,0.7665320191074287,-2.002511187159981,0.003470785632788678,0.48714050886096255,0.1617274950461289,0.16178479656644074,0.16159435023221735,0.2526718761737388,0.2527678141457545,0.2524690394850383
20.0,90.0,10.0,120.0,0.268200945421146,0.2567487993973872,0.26329313185537956,-1.6382786263586588,-1.8141566715358837,-2.0057325189294977,2.093163406363645,2.0937975130397697,2.0952363695397707,5.845908153426681,5.872105951862023,5.850799944675527,0.7655278996474294,-1.7768164101630861,0.03692123412029659,0.4221861909185419,0.13437054138719373,0.13454013772464735,0.1340158769761148,0.265136589895824,0.26542355210109464,0.2653265579570357
100.0,0.0,40.0,30.0,0.2675616163197219,0.2660903801058275,0.2667297662007172,0.3014237706319467,0.2126745451618842,-0.6831854607265297,2.1002404852437695,2.0999527380137843,2.09915928937516,9.023697880869785,9.020245054775343,9.021607710373647,0.6320527728863933,-0.520595423050527,0.28094648554519147,0.04577917486519475,0.08929816848417159,0.08935147737279552,0.08942052247197656,0.26681379745978856,0.26668131645606297,0.2667132120383203
20.0,20.0,110.0,120.0,0.0665419916142683,0.0645233558776569,0.06562065620657428,-1.2364162772185512,-1.270233632211203,-1.3022115414006001,0.5264879026853194,0.5300022415054411,0.5327005423315445,30.902988108866246,30.90055206104122,30.901777972546608,0.6784793404823032,-1.277180112019705,0.2038150698011514,0.20000923859844197,0.36353863221723853,0.3635947470133828,0.363771559787942,0.06543506746851102,0.06618539693986006,0.06576339907019062
20.0,90.0,10.0,30.0,0.2680969815421684,0.2573234701957246,0.2632972043859986,-1.6370686614019907,-1.812952052489375,-2.005059482947253,2.0938944220601186,2.09190992483198,2.0944331381474246,5.858289943622949,5.83082730289899,5.861092713989681,0.7655278996474294,-1.7768164101630861,0.037190620263635565,0.422038969735166,0.134076158064202,0.1340292232681617,0.13453491389073297,0.26508830653026705,0.26513482009516454,0.26541725846596737
20.0,20.0,70.0,-30.0,0.0785538040602828,0.0780830880471058,0.07832788849871035,-1.3393688830419177,-1.3552001998747971,-1.4320455313075038,0.6263142537382295,0.6259443032945163,0.6240355641162075,19.976921185674506,19.977469564424883,19.969507098534955,0.6784793400351794,-1.2771801096343491,0.1402748650379023,0.1795846500297887,0.24298205158767364,0.243089778174004,0.2429416402519976,0.07851489942691393,0.07823116750380232,0.07829766681126042
0.0,90.0,120.0,120.0,0.1706593976517882,0.1689487829286603,0.1698463265520228,-2.074523011651081,-2.0809039976590227,-2.079249879508322,1.3585948006509805,1.3573386994338257,1.3599591365885808,35.20336255751683,35.196553518819194,35.190778978488936,0.7665320191074287,-2.002511187159981,0.015419500780851228,0.8994436657434173,0.4443582827986669,0.44455557464769263,0.444270391927355,0.16986350670193173,0.17006630911807002,0.17019406176910368
0.0,50.0,110.0,60.0,0.1087688562207636,0.1070120103699718,0.1079453511545347,-2.076299094212125,-2.087972306362592,-2.0834427550345493,0.8697106806145359,0.8682247813598123,0.8676639482236777,31.687951694239054,31.6740132186717,31.674275439931918,0.7187172303236241,-2.0572513802815084,0.007085814378613042,0.49996063195883306,0.3888204541601379,0.38876808198921475,0.3882954264312365,0.10816848511452568,0.10793199255260495,0.1081078004618711
100.0,0.0,0.0,-90.0,0.2678974359711742,0.2664059428741119,0.26708844670199267,3.1405945351939355,-3.1362472533987296,-2.091352867559232,2.1068284273744977,2.1080238653143355,2.108059606013149,3.257974398467293,3.2521533203666664,3.2530608180677065,0.631974223249335,-0.52070130700991,0.0010845397387088552,0.3375529687680369,0.10624097854351466,0.1060433239402799,0.10620900074664924,0.2671493938324062,0.26730362700202837,0.2671473764746409
90.0,0.0,20.0,120.0,0.2921074674791925,0.2523070902521044,0.2661608168949138,2.5824828492249194,0.7444249118063349,-2.4159682019990485,2.0955789720054803,2.0962452921748733,2.1027810153091915,3.590464964807926,3.6091954446440924,3.618750742963045,0.6345985081197228,-0.520659588644016,-0.06824096759473851,0.1683241589055399,0.06763979484779988,0.06732171357664933,0.06783821917129836,0.26571206656453705,0.26662041720075813,0.2665266948509939
90.0,20.0,70.0,-30.0,0.2356454574067594,0.234931531512281,0.23537195598207947,-0.3855315410834698,-0.3906005378255314,-0.8003396223991969,1.8555147868711577,1.855786165419636,1.8544982215228885,19.11318434315161,19.11534988840187,19.10978917429652,0.6658515921919076,-0.7392330932333525,0.6137645912857899,0.17432004469087903,0.22664106986225388,0.2266058593310793,0.22641018773226043,0.23548452692890362,0.23535385933342387,0.23531651657919872
20.0,90.0,80.0,120.0,0.2301507127208712,0.2283282857241184,0.22919653539948232,-1.778427704632589,-1.785903673649467,-1.8625637776402224,1.8176751077075188,1.8171259984328476,1.8231279947535541,24.7727138657493,24.764891086981205,24.763950438828708,0.7655278996474294,-1.7768164101630861,0.2135378358112396,0.8999420432592761,0.33829347689166384,0.33804298291256085,0.33837931723816833,0.22879284587641818,0.22946064132564534,0.22950971085537974
50.0,20.0,30.0,30.0,0.1668721756414188,0.1628963989613002,0.16537902045740188,-0.4574337254610907,-0.5630810864897862,-1.1046921630933828,1.3042135213891024,1.3052049458004389,1.3052893069219837,8.455751481331445,8.447216738424542,8.454755353011565,0.6750696220906218,-0.8936880611762084,0.18629469895791534,0.12262108193964705,0.11311454583281233,0.1129890306596116,0.11320268670331717,0.16540940831517054,0.16553897368527717,0.165421611477963
50.0,20.0,20.0,30.0,0.1757853005075314,0.1681476432493339,0.17262071820566852,-0.1321463493429109,-0.4192243999347919,-1.2165657272942356,1.3615550342701064,1.3632362101107676,1.3609308441302892,5.328421106668222,5.3256489762062325,5.328396766719438,0.6750696220906218,-0.8936880611762084,0.12462564936025171,0.10411586354485027,0.07897517722422916,0.07893853328756299,0.07903470194417501,0.17288289223685185,0.17280224120259913,0.1725963774682241
20.0,90.0,60.0,-90.0,0.2182741100298419,0.2177207212314966,0.21807642699454263,-1.795568438244146,-1.8012086274199997,-1.8883537216700532,1.7282842059177033,1.7288466135985372,1.7286852248626026,19.067453626787763,19.072284383621394,19.060484858942612,0.7654871364191801,-1.7767257662751723,0.14499576973090367,0.6917315377302701,0.27136717506143715,0.27111344027391465,0.2711656805041612,0.21808467101157564,0.2181239958035224,0.2180459310628008
20.0,20.0,30.0,-90.0,0.1017646828807017,0.0995360699675298,0.10085725672839023,-1.283050082164284,-1.335012129613403,-1.5274464256070999,0.7978505380399505,0.7998053604778181,0.7992852018583374,9.152750607898666,9.155854883431962,9.156685891187164,0.6784155568802412,-1.276976647114786,0.08092578873443172,0.12712234718499993,0.12530703519965358,0.1253617980834678,0.12546950831652565,0.10087106045348058,0.10105667570719389,0.10080222920633582
0.0,100.0,110.0,0.0,0.1988176443622525,0.1969216193113967,0.19788782019551968,-2.0797157222155453,-2.0911273087979905,-2.0868043314698745,1.5768665990060986,1.5774631283171723,1.5781103010058843,32.79766260261604,32.79395129777089,32.79231605715118,0.7785098420441033,-2.0214286154605,0.009344292477643758,1.0000433090313083,0.42401866390188975,0.4242116841013425,0.42386735037376083,0.1979312944991787,0.1980699070111865,0.19800951668771044
90.0,0.0,0.0,120.0,0.2574319812105551,0.2565149801303771,0.25692144075597567,3.137565046052175,-3.1400508076359723,-2.091399115530965,2.0269792590939018,2.027015821596105,2.028073085833891,3.1373960942942962,3.1338947321304214,3.136244853741111,0.6345985081197228,-0.520659588644016,0.0009863108098223294,0.3120290387494421,0.10212386738158453,0.10199662069555672,0.10220679129609624,0.25692249434299186,0.25705671977027017,0.2570564347390963
0.0,90.0,0.0,30.0,0.2681501405322981,0.2663519726157104,0.26722288671829264,-2.0152466942133547,-2.05154017603868,-2.0913700115669873,2.1069560780108945,2.107499906570173,2.1092863451264647,3.2171655723305466,3.215256927417094,3.2158831737196922,0.7665320191074287,-2.002511187159981,0.0010736870338709087,0.33275855973322904,0.10477571013476555,0.10464697891257582,0.10466701594806596,0.2670578190267572,0.2673497892900593,0.26729110539793455
90.0,20.0,70.0,0.0,0.235630118424834,0.2349117430065517,0.23535574012151075,-0.3855196439641564,-0.3906320921815727,-0.8003115118172178,1.8553873928487206,1.8556590157630615,1.8543709063169986,19.113171363832542,19.115334962339244,19.109779006535696,0.6658515926585167,-0.7392330937283146,0.6137219131738031,0.17428987464301313,0.22663907581564166,0.22660384784827214,0.226408257908457,0.2354683964278537,0.2353377404462753,0.23530037227958608
20.0,90.0,100.0,-90.0,0.199825409013064,0.1980371872092928,0.19894293877027472,-1.796775392480964,-1.8111398676639063,-1.8602275767187704,1.5852013979110524,1.5808521744164699,1.5845535513717908,29.970462675793144,29.96663070376977,29.960015221688035,0.7655154181188922,-1.776784129900385,0.2164085299096747,0.9000743343363992,0.3909379776326243,0.390719771953492,0.39080100595703743,0.1989012670853835,0.19883528107611764,0.1993810689834624
90.0,20.0,10.0,-90.0,0.2682561454188766,0.25438253347457,0.26638646000990457,3.1376724497800894,-3.137875125243848,-2.270752522763487,2.1003348790016276,2.0990640168008348,2.1010438668032876,3.880432314976094,3.890159414875027,3.8837256431007896,0.6657776691867079,-0.7392912438043021,-0.05591079937856251,0.3093760613408743,0.10416425323954552,0.10431924281385223,0.10422226376206875,0.2661517337446052,0.26623782282452396,0.2664011865055468
0.0,100.0,70.0,-30.0,0.2612195436510531,0.2594518943836807,0.260234878479778,-2.085466280647929,-2.0957891882029656,-2.090570757205506,2.0622278698596506,2.062438853645426,2.0643076893571304,22.495323764367445,22.49457409134687,22.483188476779834,0.778509841617703,-2.021428614530289,0.004683266502810924,0.999870374796358,0.322164222663721,0.32221710146913035,0.3221181092760703,0.2601142517315726,0.26038358029788194,0.26034934010108535
0.0,50.0,60.0,-30.0,0.1343088660795929,0.1338449331552613,0.13409955001394613,-2.095931487343977,-2.1000798625078256,-2.096243155651958,1.0662399080060259,1.0665066570348465,1.0670135051493248,18.141565359385517,18.13616764140895,18.134264759548806,0.7187172298437297,-2.05725137848596,-0.00045369909084584946,0.38591306956932536,0.24052434808166348,0.2403675447593972,0.24040694631539075,0.1340542277212998,0.13416918629489494,0.13412043331639828
20.0,0.0,40.0,120.0,0.0635928494617851,0.0625883250074105,0.06306792672201007,-0.7842787253934809,-0.8268747723426184,-0.9851965667118184,0.5005154292326579,0.4980054922871515,0.5000030049964652,11.26156819315658,11.256530595943861,11.251225271747456,0.6492905343418074,-0.5217752697370182,0.09087258240254077,0.045219750744105405,0.13491460229999103,0.13476251067004089,0.13468635129219625,0.06305740384614181,0.06300424597386162,0.06330448901173764
50.0,50.0,40.0,-60.0,0.1975098467214208,0.1960221595990206,0.19706534913414378,-0.9897570568504998,-1.0231511089857523,-1.4003989725477175,1.5564708263117064,1.5578111082896866,1.5576310997295262,12.29702118815918,12.292580034223949,12.287205781690545,0.7149737165773301,-1.2870550843580315,0.2634908607879441,0.31676520628162136,0.17514325658364766,0.1750801545248912,0.17513211366408274,0.19705988364153904,0.19718794974300305,0.19703160881939374
20.0,50.0,120.0,90.0,0.1099594070821722,0.1074168049160888,0.10861112957735851,-1.6535414924314298,-1.6804494707581,-1.7077196911957038,0.8720437839066364,0.8737989598494923,0.8741153199854761,34.3653455214722,34.36543059448764,34.35235678026195,0.718145790998976,-1.682010494824096,0.20534553062648248,0.5001509669679027,0.4176257619133201,0.4174046292348564,0.41738422351391274,0.10869246559767134,0.10895111383617219,0.10871481924071819
90.0,0.0,50.0,0.0,0.2609607324607452,0.257644087665824,0.25997610668167237,0.0710176483724225,0.0288034903863001,-0.6377354865621652,2.047226847980984,2.0474394408205265,2.0465397368241662,12.344432764208396,12.34199652992807,12.339678944887934,0.6345985081197228,-0.520659588644016,0.4083149572903497,0.04706050576913277,0.13214875605483806,0.13217166712888018,0.1321861446136822,0.26009795764973487,0.2600123147930244,0.2599880236844543
50.0,50.0,90.0,-90.0,0.1818896117563571,0.1795774751879951,0.18088610644928954,-1.1214446300972358,-1.1378214972690244,-1.305767252396741,1.432653448838473,1.4343106115168667,1.43603020524936,26.158801615938106,26.16271301579345,26.154098293518427,0.7149606634305631,-1.2870437219883644,0.5040643422783918,0.500159100142656,0.32899649008382786,0.32886342237393346,0.32888898450353804,0.18076581746062267,0.18118649516935165,0.18096776523387206
20.0,20.0,70.0,0.0,0.0785836157442766,0.078029609326368,0.07835142502314399,-1.337341011428245,-1.3555020085487517,-1.4308385276448077,0.6259346699724381,0.6260034255478547,0.6249682990787789,19.973818546638256,19.9773679659509,19.97104304347239,0.6784793404823032,-1.277180112019705,0.14052802162387967,0.17945550095092183,0.24292652305129295,0.24306074703931388,0.2429695775395411,0.0784490753950473,0.07832761593537584,0.07834201065176594
90.0,0.0,120.0,120.0,0.2055650609513241,0.2040906198052616,0.20484168555308074,-0.3040439734951878,-0.3160919699200071,-0.5235935167382026,1.6128052455195814,1.6107089158152224,1.6147739253000615,32.705818383728136,32.703719486387484,32.69492154373118,0.6345985081197228,-0.520659588644016,0.9034477497106207,6.943156985937825e-06,0.3691625957245254,0.3690581681950716,0.3688893472764011,0.20465248751615425,0.20491634548457932,0.20515181442167096
90.0,0.0,60.0,30.0,0.2492772105588561,0.2478945360277908,0.24891074360599336,-0.0702070677961298,-0.0837684941320106,-0.612335814565049,1.9598617074149165,1.960104054642825,1.9595183273225734,15.46834556200233,15.466033152820303,15.462604155366328,0.6345985081197228,-0.520659588644016,0.5055636034332875,0.045088877877770626,0.17032352992786146,0.1701552250046889,0.17037408046316446,0.24896461279265017,0.24891787997617243,0.24889422816923792
0.0,20.0,110.0,0.0,0.047302309148552,0.0451214079930363,0.04605392809221858,-2.0452901934485,-2.0893666029170763,-2.0659660070536314,0.3819098279420307,0.3819961403620913,0.37811920826658857,30.93121090861581,30.9255209799005,30.916729167752248,0.6791449760543936,-2.0262614013022464,0.006643301116687028,0.20001941981771415,0.36415253950554743,0.363994517276017,0.36385424688267815,0.046582610162538694,0.046119535669152154,0.04610797289584161
100.0,0.0,40.0,90.0,0.2675624723477264,0.266092917624967,0.2667325488061026,0.3013083330201249,0.2115316615219961,-0.6835355544903683,2.100267174596656,2.0999747734242247,2.0991762701481846,9.02478491352982,9.02132789260827,9.022644384960147,0.6320527728863933,-0.520595423050527,0.28106787076269196,0.045908572760960574,0.08933871843073705,0.08939073360492858,0.08946055176871197,0.2668169649486413,0.26668313900533874,0.266715717679425
50.0,20.0,10.0,-90.0,0.1836615916162865,0.1708694587460792,0.17663639360600683,0.6605740290001942,-0.1984237797516262,-1.6713154208234366,1.3974506773109108,1.3950034035117644,1.3943505636395,2.046220636782675,2.04736491960421,2.0631773872244046,0.6749942318217887,-0.8936817993115307,0.0462470743415195,0.10089271337568755,0.054015938202047746,0.05442862084364969,0.05447517619540452,0.17723733731526417,0.17680642609107197,0.17717213092643264
0.0,90.0,100.0,60.0,0.1942121928524794,0.1923185966234262,0.19335584008740053,-2.0678195325124067,-2.0847094963253645,-2.0793246818324778,1.538718718511021,1.5422600263835367,1.5391168020371713,29.98796425212482,29.988771505543397,29.982634782323814,0.7665320191074287,-2.002511187159981,0.015279869287613181,0.9000166524648057,0.3912051287638477,0.39140897840671274,0.3909110250886136,0.19355822997996763,0.19360192993412048,0.19317311317111924
0.0,50.0,110.0,0.0,0.1087633866776263,0.1070412982736941,0.1079438964339776,-2.07690202045303,-2.0885167166922844,-2.083968728196654,0.8697679461213512,0.8681211718109786,0.8676541172637022,31.688019288813873,31.674020405979892,31.674527305485192,0.7187172303236241,-2.0572513802815084,0.006824281083002756,0.4999568968252619,0.3888164785552241,0.3887565722025959,0.38830164554072644,0.10816512814850263,0.10791952058258554,0.10811622726373325
20.0,50.0,10.0,-60.0,0.1841731504420183,0.1816844041707186,0.18312696389338295,-1.2336563650383732,-1.460664582108972,-1.8658823624968308,1.4455312951551726,1.445094156385537,1.4466272178472226,4.611804147553795,4.6105468038172,4.606873871028616,0.7181337650535711,-1.681978371068485,0.04769534296527413,0.20595485474024072,0.09735447067431083,0.09721633132300102,0.09720052535340849,0.18304827981632438,0.1831901865840216,0.18324978754990978
20.0,90.0,40.0,120.0,0.2372206880143205,0.236745660018471,0.2370389016325321,-1.743440811197703,-1.7554399291604983,-1.8930733073110466,1.8752027374030056,1.872634012840554,1.878030895622343,13.744606636801787,13.739211684753428,13.740839404554807,0.7655278996474294,-1.7768164101630861,0.12197355170804661,0.5968347972305733,0.21488012606393378,0.21492626378122248,0.21505330890833985,0.23670492502635523,0.2370662764065579,0.23738486111669854
90.0,20.0,20.0,-30.0,0.2797121451340607,0.2491178175823873,0.2670523815673084,1.774044590631035,0.4532754404466796,-2.071079327993184,2.1060016104071937,2.100212348646135,2.107033544792618,2.787164313219599,2.797763810900198,2.810247375068874,0.6658515917260638,-0.7392330927404774,0.007598493342705105,0.14640360704583416,0.052033699971611065,0.051879632630715815,0.05179524926459782,0.26679493243951746,0.2669349860449879,0.26766019354343895
90.0,0.0,40.0,-60.0,0.2675728927707395,0.2661197929965365,0.26675237935241125,0.3006937250079003,0.1943091720644969,-0.6881786075551556,2.1004943544851558,2.1001700993248815,2.0992280599813924,9.039601642391768,9.03669171178279,9.037626019391482,0.6345895157333706,-0.5206641479835307,0.28274239473816487,0.04767325478426128,0.08992302059179312,0.08994221599782343,0.0900115175704364,0.2668485429950645,0.2666911068002996,0.26672782575734916
0.0,100.0,40.0,0.0,0.2517468989459997,0.2512968961829584,0.25148822812778754,-2.1002856797055003,-2.1034376837233637,-2.0971997085296956,1.9899900704979567,1.9894001391212481,1.98946728142201,14.05187437054708,14.043878594972329,14.034826724611866,0.7785098420441033,-2.0214286154605,-0.001617608959266438,0.6727244721299219,0.22379680613371125,0.22343409734155856,0.2236332379258244,0.25152051206979814,0.25145734193337926,0.2515107449836485
50.0,50.0,110.0,60.0,0.1551124518424916,0.1534305380500791,0.1542362684406556,-1.1780308787103293,-1.1839762544562609,-1.3045632086509331,1.2325096718726036,1.2237484230391458,1.2254192989291581,31.580461124239832,31.557936204677272,31.545936196545803,0.7149820200524383,-1.2870673309637894,0.5061061229684345,0.4999898991891327,0.38675271994032767,0.38631216003408775,0.38654395599128377,0.1545507355797212,0.15367186631303442,0.1547862028718132
90.0,0.0,90.0,-60.0,0.2234932605214091,0.2232417126835067,0.223378695120499,-0.2452725079005884,-0.2491217561568814,-0.5599152026361407,1.7587789880382783,1.7595114050857799,1.7573516757766479,24.221496498204974,24.20891164679476,24.206082382599167,0.6345949713337684,-0.5206612410065287,0.7270867012556407,0.02643178751085836,0.27245663292991357,0.27243295835192205,0.27224753957988496,0.2235463856709635,0.22334487089849994,0.22327766973282812
0.0,100.0,30.0,30.0,0.2621456572481407,0.2615903410994544,0.26184673238852757,-2.099056764693444,-2.1032901363937464,-2.0961718987238362,2.071048777785769,2.069220263981132,2.0691954267095065,11.414946788301016,11.412301690516937,11.408959407188854,0.7785098420441033,-2.0214286154605,-0.000894656973762216,0.6146446887586721,0.19646619053056275,0.1964103619632763,0.19630814368009844,0.2619380123813325,0.26169766147358975,0.2619302753613366
20.0,50.0,70.0,120.0,0.1350706723307656,0.1345201570474557,0.13478944877096674,-1.6670409739515573,-1.6813165755365322,-1.754793044797998,1.0720611478409487,1.0699912420873956,1.0761958612463316,20.785082187546067,20.782435396781793,20.783332474337385,0.718145790998976,-1.682010494824096,0.1446738673396223,0.4084695325226311,0.26862120455721217,0.26885905307051516,0.26877561374421705,0.13436184640359738,0.13490658663385904,0.135157404276315
50.0,50.0,20.0,0.0,0.2194341069693149,0.213078722634374,0.21681798788267032,-0.5198545960129425,-0.7853853688045362,-1.4918081458723131,1.7106675168962513,1.7124738200156904,1.711080649872281,6.332124447029801,6.32805430830179,6.326190309244537,0.7149820200524383,-1.2870673309637894,0.16192783051490428,0.23631779661618457,0.11080322728390495,0.11068461023114476,0.11075317186657249,0.21697990762217656,0.21702856169347967,0.21680187853708607
20.0,20.0,20.0,-60.0,0.1089398355620328,0.105932592762146,0.10745048039412648,-1.1825730290703351,-1.3040319293325913,-1.568103514530738,0.8502921744649545,0.8498721517393579,0.8502280985244258,6.4316198324519975,6.425593394193222,6.433651244257024,0.6784680498821881,-1.2771422508998551,0.06153676385390596,0.10601004038316232,0.0964768285019754,0.09633658790991441,0.09652048393785988,0.10751990353815151,0.10751111911827804,0.10758095761559273
20.0,50.0,100.0,-90.0,0.126588819585692,0.12512245984286,0.12580009267819445,-1.6409204471515302,-1.6578156430066475,-1.7076504162501251,1.006502317297025,1.0051642290035525,1.0068775663861762,29.009756853800443,28.999419440654936,28.996798497368502,0.7181308747421703,-1.6819677304019276,0.20480568811797709,0.49998932628195447,0.35975768078000414,0.3594926235492129,0.3598201767535981,0.12582459562789278,0.1258329871103157,0.12601696255218808
20.0,90.0,40.0,-60.0,0.2373950200161866,0.2368545374967024,0.2371375681709649,-1.7408226241719076,-1.7523583065315962,-1.8915566076701535,1.8751985851055077,1.875167255533845,1.8777445019055152,13.73610824149745,13.73506394781752,13.73318998429159,0.7655199630936331,-1.776801169047443,0.12293310147128819,0.5968944565824844,0.21483991807184438,0.21496882760103198,0.21494178285434049,0.23692950405170735,0.23725777556263397,0.23726011797552704
90.0,0.0,110.0,60.0,0.2272131647879562,0.2238521172567363,0.22570797828711855,-0.2620054600617852,-0.271601733400301,-0.5238502092923194,1.7766859017077108,1.7773436716954691,1.7749991937941194,29.779729131892125,29.777991577613474,29.775943187364234,0.6345985081197228,-0.520659588644016,0.9029328441048772,0.00028624501190904295,0.334918133978767,0.33483576138690413,0.3346960388447897,0.2259383202255167,0.22572816215076522,0.22564871740432155
20.0,0.0,40.0,90.0,0.0633732279248471,0.0622724823456722,0.06284772209141003,-0.7938220963895003,-0.8279790536915019,-0.985554523456202,0.4998757165814114,0.4964523430229666,0.4969057562833155,11.26422718323706,11.256885598910868,11.250316670128294,0.6492905343418074,-0.5217752697370182,0.09053391514931265,0.04508424076403237,0.13501026195680885,0.13473023613975657,0.13456205976495586,0.06301163210383516,0.06262582998335336,0.063056915578821
0.0,50.0,30.0,30.0,0.1574437695088441,0.15657430688496,0.15705188479069723,-2.088358598679475,-2.097627615736461,-2.0918701308730236,1.2419633346960104,1.239931920704003,1.2481466683357776,10.141317354549553,10.14337580607531,10.140647193560058,0.7187172303236241,-2.0572513802815084,0.0008453316057327091,0.2917111514960629,0.15552028483951044,0.15545132465056102,0.15547949087675805,0.15646103077536117,0.1572404109614942,0.1575074625096003
20.0,50.0,80.0,-30.0,0.1301721569334997,0.1296041419185294,0.12983682176479075,-1.651320890865472,-1.66179544415728,-1.7280961339613286,1.0352427675968556,1.035152803949784,1.0340455987452069,23.477117356258546,23.472230434935533,23.454376194890568,0.7181457906456172,-1.6820104936006255,0.16617555144130516,0.4318905286486103,0.2985221100099795,0.29791322835109313,0.29790452743039125,0.1299628368880077,0.12982937778488024,0.12979139031880546
90.0,0.0,60.0,-90.0,0.2493514141543859,0.2479954086501035,0.24899719239951662,-0.0697321573242569,-0.0830459848858189,-0.6119940189730122,1.9604162090468544,1.9608173624113818,1.9602642805763464,15.466236851665233,15.463905993507215,15.46098159568081,0.6345578172674733,-0.5207123582699557,0.5055945772937512,0.04491203341932759,0.17026340700480802,0.17010008538191124,0.17031960068793597,0.24904072035998753,0.2490185621498321,0.2489747265733979
0.0,50.0,90.0,-30.0,0.1267585482006642,0.1253736494204808,0.12600835034260457,-2.073103666219672,-2.099758672717716,-2.0860918506974415,1.0063016766638344,1.006268539848677,1.0088186625136228,26.367671867437767,26.364258756803604,26.356078879239362,0.7187172300995062,-2.057251379389064,0.004859554805996544,0.499986830076924,0.33242942355711075,0.3324703201172089,0.3325100516074624,0.1258649069234838,0.12617843827540876,0.12618838055762707
0.0,50.0,80.0,120.0,0.1214783004066665,0.1209127405780653,0.12120418118334557,-2.0607731805081544,-2.0724984256250094,-2.0710258788084652,0.9669412720270618,0.9658588989474068,0.9705188731983236,23.504769924390864,23.51899596025656,23.508107795760935,0.7187172303236241,-2.0572513802815084,0.010596630526714283,0.4325553863563487,0.2988274651133183,0.2990683242016298,0.29860671539271855,0.12087398179289985,0.12134068657668666,0.12148270230555358
20.0,90.0,60.0,0.0,0.218112333413675,0.2176110081972999,0.2179158601092159,-1.7972672445342983,-1.8028819982137387,-1.8895946648914557,1.7266545721500446,1.7279358780607728,1.7274540945553472,19.06613429338038,19.071183691843803,19.05712620006405,0.7655278996474294,-1.7768164101630861,0.14401344227950522,0.6913162665234983,0.27133965947414107,0.2710943992370095,0.27111292789345937,0.2179211201630605,0.21801251029675886,0.21784085467346664
20.0,50.0,0.0,120.0,0.1910341073453035,0.1897706476831171,0.19037532752833422,-0.6798241275070552,-1.3447551740647452,-2.0912381341741697,1.4998920184036761,1.5032331034890327,1.5020547282129884,2.3055518094566594,2.3048581636353775,2.305739347626025,0.718145790998976,-1.682010494824096,0.0005884365661985486,0.16924318495695437,0.07521035792904342,0.07510313462885794,0.07518340662200529,0.19034782753466362,0.19061786147442195,0.1901964882767253
100.0,0.0,60.0,90.0,0.267142980980084,0.2664085346371323,0.26676376173136657,-0.0235171187250712,-0.035517993053152,-0.6082473768488831,2.1001264580333063,2.099937156053593,2.1003462877285215,15.266087954524215,15.259861800198607,15.261123315172911,0.6320527728863933,-0.520595423050527,0.5288234491261082,0.044969985688988565,0.16609101217819328,0.1660389884747772,0.16611361617960363,0.26673313645793706,0.2667612453485143,0.2667866493203199
50.0,20.0,60.0,0.0,0.1441436559791522,0.1436388585200644,0.14401038445937225,-0.7456426957008648,-0.7547911213912616,-1.013978781838861,1.1370838949464679,1.1384930124357084,1.1384258237543023,17.004151605246825,17.006706984752963,16.998040015253718,0.6750696220906218,-0.8936880611762084,0.3165996880967604,0.16898893877692658,0.20841311277886207,0.20849920961642845,0.2083520512811929,0.14396825600672292,0.1441432858778501,0.14396519900160157
50.0,0.0,110.0,-90.0,0.1244299385098231,0.1210534343943862,0.12296000895495925,-0.3789355232208249,-0.3929521863531502,-0.5237126737422173,0.9680378857710074,0.967888626677114,0.9677575658488535,30.187203494254568,30.185746913763143,30.178382835996192,0.6453051462158722,-0.5221988458630881,0.5038667711167222,0.00010911247725273785,0.3427831461510232,0.3428062997012755,0.3426218151513989,0.12306035734170907,0.12303525523120522,0.12304435375747635
50.0,0.0,0.0,-30.0,0.1484530836032985,0.1442975487598178,0.14649351618845316,2.2826906607980924,0.491516768503751,-2.090519230225912,1.1553886838994458,1.1539978699624538,1.1580089593886613,1.8520061346939958,1.840062516708109,1.845918581193434,0.6453124438801988,-0.5221886018666224,0.0005261760000891139,0.10096564026834151,0.05896352971075738,0.058645888669194526,0.058735330033050495,0.14628661319662795,0.14663248954111796,0.14678877930146378
20.0,0.0,90.0,-90.0,0.0482664286528511,0.0474436604477657,0.047846831008683935,-0.5902475325031203,-0.6428207044024205,-0.6791681146877043,0.3798059270618742,0.37961323078181053,0.37824878526973044,24.85862005121812,24.85980275460467,24.854374808188652,0.6492677266869435,-0.5218048220154037,0.16140448483502914,0.025303945759109655,0.2849731868014608,0.2853370534560631,0.28486428975347555,0.04801880078572054,0.047841436077762166,0.04786589544190057
20.0,50.0,80.0,-90.0,0.1302495002594514,0.1296796220823068,0.12991435907680685,-1.6510678104658902,-1.6615280223545077,-1.7279034648820546,1.0358525029010033,1.0357564311728475,1.0346620337678862,23.477794262568604,23.473003694397814,23.455118131243026,0.7181164578396992,-1.6819242624111388,0.16637066638696787,0.4321493563264648,0.2985452393529446,0.2979363719741025,0.2979279612103984,0.1300396416679746,0.12990707181517527,0.12986970366175163
20.0,90.0,100.0,30.0,0.1998252407063706,0.198033852017932,0.19894268111169205,-1.7967748951589173,-1.8111653396101333,-1.8602292884462803,1.5851997817397419,1.5808505284534538,1.5845519560828805,29.970462797899152,29.966630510636172,29.9600147623288,0.7655278996474294,-1.7768164101630861,0.21640605008678113,0.9000731374701565,0.39093795333604064,0.3907197502125637,0.39080097900950306,0.1989010561891238,0.19883507245360224,0.19938086394487622
20.0,20.0,10.0,-30.0,0.1226310898523001,0.1090780091968974,0.11596666436801685,-0.7115964835823619,-1.5100859529186434,-1.6747166605206625,0.9157013324759605,0.9165934709591157,0.9174419639469081,3.67256564121527,3.6655082457358326,3.6673697878564626,0.6784793394988783,-1.2771801067678814,0.03744691875757313,0.08430156691338969,0.06729820320097585,0.06728116119576777,0.06749111971824936,0.11600635671505767,0.11622755407316179,0.1161050687714287
20.0,50.0,90.0,90.0,0.136931169665481,0.135063323091951,0.1361789515128959,-1.6271258922768077,-1.6527039682373204,-1.709712167754265,1.0877445003494723,1.083565856250348,1.0868011367320247,26.345741509069992,26.339745625610536,26.339023701374078,0.718145790998976,-1.682010494824096,0.2031722040406495,0.5000068949070087,0.3322693433410932,0.3321068251834172,0.3321208872185058,0.13617117988596358,0.13607209560552935,0.13657204886776164
50.0,50.0,10.0,60.0,0.2288512867421573,0.2191529638994464,0.22426883585467797,0.2077003761994347,-0.5718067712428008,-1.7347874497742022,1.7695330173193373,1.7722446400060043,1.7681082413843439,3.1298632604073173,3.121161640562486,3.1393814415959236,0.7149820200524383,-1.2870673309637894,0.07793033706281328,0.20702197404136646,0.08274641840775358,0.08277306312611979,0.0830913713585515,0.22467950742263482,0.22450222602353878,0.22416093176126833
90.0,20.0,70.0,90.0,0.2357494439910258,0.2350171096209954,0.23547352184300172,-0.3855589583721066,-0.3908269914250203,-0.8005768850971118,1.8562890001829042,1.8566029211014519,1.8553187982689427,19.113437266478382,19.115632412843667,19.109954474904814,0.6658515926585167,-0.7392330937283146,0.614036962900471,0.1745598170303992,0.22665553833057953,0.22662419663161154,0.2264277521502814,0.23558396199353296,0.2354594955885929,0.23541649477407306
0.0,100.0,50.0,-90.0,0.2418458019665334,0.2412665839913186,0.241520231683018,-2.0987273103552897,-2.105898866123312,-2.0976273709448017,1.9128287388647292,1.9123278465028108,1.9122955027293351,16.691170550417485,16.69412603809427,16.679189709345184,0.7784625310792691,-2.021314070895181,-0.001983070264288889,0.7256258256108363,0.25178110214960453,0.2513863860297821,0.25154705930703364,0.24155630139199688,0.24149849956582956,0.24152426403221128
90.0,20.0,90.0,90.0,0.2194667741390989,0.2190061695120975,0.21923878295967128,-0.465595087419817,-0.4688825070531732,-0.765005394063473,1.728967049076509,1.7285440064311457,1.7285984426915466,24.80919079854529,24.80022451030559,24.79773039301654,0.6658515926585167,-0.7392330937283146,0.7408656912363366,0.18232311400184956,0.2911756982317992,0.2909244227549043,0.2910355730781706,0.21926259682415977,0.2192077122439224,0.21927764899235913
20.0,0.0,90.0,60.0,0.0485885999727479,0.0478465954256802,0.04814379589245303,-0.6043437079296697,-0.6328329689713214,-0.6833160414086351,0.38162876500732157,0.38143844610397376,0.38127309634272216,24.860527616600006,24.85955271007267,24.858504978376022,0.6492905343418074,-0.5217752697370182,0.16234901634081564,0.026117313744654015,0.2849592195676408,0.28535720428542277,0.2849393288118322,0.04819332509437989,0.048174278713228935,0.048193983565030366
20.0,0.0,10.0,120.0,0.0835718289612397,0.06381111436244,0.07353863984728261,-0.3559579845132088,-0.8724067230863831,-1.3060644733099132,0.6566261655921026,0.6538723743545,0.6600056363206837,3.294923548340691,3.309354429538266,3.321531365525386,0.6492905343418074,-0.5217752697370182,0.027694134418074716,0.042572172360902674,0.060981939796914686,0.06083532441254783,0.060909611782808216,0.0827851793177898,0.08324201170547316,0.08353935368763993
0.0,100.0,10.0,-90.0,0.2681678636304686,0.2669543904956131,0.26747195505347754,-2.050226205154577,-2.058555675356613,-2.0828099464221532,2.109780923083521,2.111463407454064,2.1127039833738106,5.966921866415802,5.965330205856002,5.961309728063057,0.7784349285593934,-2.0212521092317024,0.005107296557949609,0.433645299145633,0.13576330447855292,0.13569212769922104,0.13570052776212543,0.2672955673102498,0.26768776796135646,0.2674490148067194
20.0,90.0,80.0,-60.0,0.2301750086404827,0.2283485801768765,0.22920113397100272,-1.7783666595373766,-1.785689012450413,-1.862478755438473,1.817804068955103,1.817336018724006,1.8230127579524804,24.771977600834717,24.76459511880037,24.763057484423715,0.7655240525070393,-1.776808760847532,0.21362083415275088,0.8999488197045925,0.33827873811233405,0.33803371158941264,0.3383677705787304,0.22882624071643154,0.22946220973454795,0.2295041965031884
20.0,90.0,80.0,-30.0,0.2301765913063744,0.2283468920124297,0.22920239702400763,-1.7783303790501432,-1.785666346213524,-1.8624529715239546,1.8178174037077621,1.8173398613770828,1.8230271894092684,24.771947527330894,24.764576418900162,24.763056870025853,0.7655278992974738,-1.7768164093473116,0.21364465848390424,0.8999470651368968,0.33827806452108544,0.3380332235084916,0.3383678539418077,0.22882708817291117,0.22946317528514565,0.2295063881799827
0.0,100.0,120.0,-30.0,0.1869616242865599,0.1851398015329106,0.18605399833073602,-2.083983963478353,-2.091698590207133,-2.088706233707461,1.488108117800403,1.4853033351466303,1.4864352625550772,35.39562536861964,35.39409410538657,35.38332496780003,0.7785098420441033,-2.0214286154605,0.007470326876972405,0.998908142311477,0.4509027945902873,0.450705458154496,0.450728816720651,0.18629159921340463,0.18608581703196725,0.18643101787723426
100.0,0.0,30.0,-30.0,0.2830398106408441,0.2610570210625701,0.26793277124731457,0.8480315468091563,0.4447080212242027,-0.9844567601596955,2.1199488004599525,2.1159685518896953,2.1165984147961643,5.534928646078666,5.529046504240684,5.48510072282101,0.6320527720371798,-0.5205954224969532,0.11430127105009917,0.06138506255630762,0.04772011040852296,0.04755300082162945,0.04734451250954893,0.26908688307523626,0.2686247805153688,0.26919430051364285
0.0,90.0,60.0,120.0,0.2138365216193292,0.213500333722043,0.21370361074356978,-2.094671571914788,-2.098692921493098,-2.0950136903617786,1.6943717215303955,1.6950495963663978,1.6940404887309377,19.117439875005296,19.113590493125052,19.098564304016463,0.7665320191074287,-2.002511187159981,3.885977540466831e-06,0.6945836281289945,0.27260174641265766,0.2723575247601738,0.2720316231557975,0.21377596935250046,0.21375107514450944,0.21362937425146225
90.0,0.0,70.0,90.0,0.2395747063187135,0.2389542441821318,0.2394011603441348,-0.1545366805069903,-0.1605814497711021,-0.5939622599352169,1.8847946223852183,1.8844595946541702,1.8854139591463757,18.462897041690518,18.46266758368256,18.459539299391164,0.6345985081197228,-0.520659588644016,0.5879661557599463,0.04148809022888038,0.2058445130132035,0.20599702804894549,0.20590478161107492,0.2393470793460602,0.23943654250929874,0.23946548397599443
0.0,100.0,110.0,120.0,0.1988403038724194,0.1969129525256203,0.19788755895208357,-2.0797664233629525,-2.091142187485401,-2.0868497401324206,1.5768623889664708,1.5775389620783014,1.5780900955759032,32.797676225515374,32.79394414610521,32.792085402803835,0.7785098420441033,-2.0214286154605,0.009299538077951619,1.0000443821134022,0.4240212904412601,0.42421311983017346,0.4238623467923382,0.1979384740718688,0.19807560651517694,0.19800432518408773
0.0,20.0,60.0,-30.0,0.0671728201459547,0.066720336655481,0.06695612546265808,-2.094776391093207,-2.105867347313568,-2.100072550885477,0.5349074839908204,0.5370976424780644,0.5391206136078476,17.323542297421252,17.334835883045443,17.322462470756324,0.6791449755325241,-2.0262613974425823,-0.0008112469451396796,0.1716684046472593,0.21427325591933058,0.21477314926155738,0.21445780234684877,0.06672224624684893,0.06724871363768131,0.06699203322096213
0.0,100.0,100.0,-60.0,0.2118657926307572,0.2100343584962001,0.21106608410702984,-2.073411974375717,-2.0937401547357752,-2.0851933157548315,1.6776314401606196,1.682002488646526,1.679123120005653,30.21258047030384,30.219276506766526,30.212574913021363,0.7785079144471516,-2.0214248116796374,0.0109213336283551,1.0001113770728312,0.398253714338971,0.3985078982387417,0.39788451096705557,0.21120722335640207,0.21140037585421206,0.2108648194051116
90.0,0.0,10.0,0.0,0.2686684943758719,0.2426086100420844,0.26342538744479715,3.138716005935615,-3.13742779567132,-2.2660520892649725,2.0758520920535566,2.0764461923762942,2.078958135805983,4.4252957739687755,4.436552006771236,4.421727848982713,0.6345985081197228,-0.520659588644016,-0.05553792925952098,0.32910245286442885,0.11141921563765184,0.1114659930476441,0.11134008873757349,0.26305293536276675,0.2634454315452746,0.26336818259146166
0.0,90.0,90.0,30.0,0.207832353865626,0.2065676618389499,0.20719320164701518,-2.073332538475751,-2.0801212997074816,-2.079325182266039,1.6475610434565404,1.6478101228129234,1.6487213890362786,27.381162938454924,27.36944686446614,27.370922995100695,0.7665320191074287,-2.002511187159981,0.015079265355486784,0.899914932312593,0.3646406121008789,0.3645180831279229,0.364425975921075,0.20718892954171247,0.2073215240824259,0.207274472500478
20.0,90.0,30.0,60.0,0.2475791432617856,0.2469033073179703,0.24732587537167575,-1.6885648178205137,-1.7144579929681565,-1.8964943971072434,1.955750725918395,1.954787779721894,1.9545219905087114,11.071939692262974,11.073873776882634,11.071704112151219,0.7655278996474294,-1.7768164101630861,0.10874182283880376,0.5420923160905192,0.1871621335083828,0.18739222630858898,0.18713376964109804,0.24739350365519988,0.24726005985872415,0.24738564689289055
20.0,90.0,110.0,90.0,0.1870571120026971,0.1848908743654514,0.18615836533334748,-1.8026017016030256,-1.820437908202655,-1.860227276248505,1.4838092504448508,1.4859628051787113,1.4833571167407584,32.58271385452972,32.579431021248716,32.579720307277384,0.7655278996474294,-1.7768164101630861,0.21642722389111202,0.9001452600462686,0.4174967481571749,0.4172493973068894,0.41691458189052294,0.18642958570703236,0.1863748715040931,0.18610430154821248
20.0,50.0,40.0,30.0,0.1575164545273585,0.156971025811547,0.15725645170443936,-1.6130262963434507,-1.629992953383038,-1.7725265997866884,1.2452708017747909,1.2464923295295935,1.2454216314247428,12.735219900861829,12.730696450238531,12.729062625151718,0.718145790998976,-1.682010494824096,0.10850030427182461,0.32515665953450024,0.1825618210831314,0.1824657896423306,0.1824114405186967,0.157317812236321,0.15732116057883733,0.15717015199867362
20.0,20.0,110.0,-30.0,0.0665416779376909,0.0645227157173285,0.06561969544306406,-1.2364223293776944,-1.27024132338913,-1.3022290386008786,0.5264785614625138,0.5299947582726675,0.5326925953354767,30.90298795140771,30.90055333285211,30.9017772312982,0.6784793403935242,-1.2771801115457142,0.20380831407801592,0.20000956251259144,0.3635385079505685,0.3635948165062774,0.363771572151024,0.06543393764766338,0.06618445950269364,0.06576222683159309
50.0,0.0,10.0,120.0,0.169375458446173,0.1469047337824355,0.15627778000271206,1.1443224690330125,0.135828434336182,-1.7518812915531907,1.2634603325398028,1.2555721427530748,1.2605360157681504,1.892260879576071,1.9592124095916532,1.8888974076835225,0.6453124449701564,-0.5221886034343035,0.02438453620794139,0.07174063434064468,0.05112155175078229,0.0519076166060891,0.05098078229507494,0.1598188565408541,0.15947818762914115,0.16037447629986312
0.0,100.0,60.0,90.0,0.2328682801833217,0.2322462374046373,0.23259841599774994,-2.0997935794798592,-2.106188630073877,-2.0995033660939826,1.844276685267634,1.8421865722070214,1.8440255795573521,19.34044912049192,19.34152645784905,19.33264675858706,0.7785098420441033,-2.0214286154605,-0.003482978428903827,0.776468416475855,0.2795650164094468,0.279613424504358,0.2794048375380272,0.2325496091813693,0.2325206830596979,0.2327806577950655
20.0,90.0,120.0,0.0,0.1755310645927235,0.1734995996159557,0.17471179318325622,-1.8128022555595291,-1.8245544862562169,-1.8601043531658235,1.3981684497032778,1.3995264207113323,1.3920402413425716,35.19069967570362,35.1851158085464,35.1825442539611,0.7655278996474294,-1.7768164101630861,0.21657909273934978,0.8992108592877214,0.44444019938655005,0.4444736025081242,0.4440245624757177,0.17551366546405298,0.1747057917593205,0.17460674431080983
0.0,100.0,40.0,-90.0,0.2516464590981473,0.2512409041879874,0.251426502040464,-2.0994826717235413,-2.1020943530343814,-2.09674147535916,1.9890512391196913,1.9890088926550298,1.989302762428466,14.049917074174353,14.043883878568161,14.03348797765296,0.7784553372174229,-2.0212988491553525,-0.0013077589735393071,0.6725045835499799,0.22376756614925594,0.22352941868438345,0.22361034280731734,0.2514137522923989,0.25145236399099946,0.25143916995915866
100.0,0.0,70.0,-60.0,0.2627197865722114,0.2617709725501052,0.2625363863798578,-0.1046235774267344,-0.1138360910224909,-0.5895222524752107,2.067043985712508,2.066868105697622,2.06698282219677,18.25328202169131,18.24836824014617,18.24547807790965,0.6320470783325749,-0.5205984556205727,0.6316408125862688,0.041749930953049956,0.20176383602922826,0.20163992789346463,0.2017131792109784,0.26255770245829274,0.2625460434886451,0.26257325611143156
20.0,90.0,30.0,-60.0,0.2476857641323969,0.2470612000438826,0.24744543434955776,-1.6862896646067524,-1.7123092034774354,-1.8956858108654722,1.9564974911426796,1.9555857301045758,1.9556777414806483,11.070782513965153,11.07227220692286,11.070926102153361,0.7655189446335166,-1.7767992668646873,0.10924088600524451,0.5423010364208354,0.1871486885007869,0.18736795634992684,0.18713669088654597,0.24747747808433487,0.24739311725739652,0.24751115337811969
20.0,90.0,40.0,60.0,0.2371903840484119,0.2367445864039706,0.23703875790426904,-1.7428728201950838,-1.754469625161869,-1.8924918345952526,1.8751968368928518,1.8731545813551658,1.8774885599003643,13.739846765389139,13.73766386271348,13.738646928751129,0.7655278996474294,-1.7768164101630861,0.12231287164873586,0.5967138441133507,0.21488394605855302,0.21492243454482565,0.2150152732091655,0.23677115861461928,0.2370636475977936,0.2373183452064468
50.0,50.0,0.0,-60.0,0.2209283350618187,0.2200897648437545,0.22056264074465987,1.4034778853829886,-0.2579716638249839,-2.091404995907927,1.7432589722115115,1.7380788139970051,1.7388235547946007,2.6733320734671304,2.6820661043526552,2.6763388663403926,0.7149692560987185,-1.287049437308932,0.0007310735197512739,0.22816946234771432,0.08712868135224258,0.08743105365773904,0.0871460114871157,0.2207609278945346,0.22019737657825,0.22085736421976632
20.0,90.0,60.0,-30.0,0.2181232060926875,0.2175809826295231,0.21792697601936922,-1.7964430975156185,-1.8018652599438916,-1.8889013473694307,1.7269872585562343,1.7277623343468096,1.7275340067040394,19.06611047433242,19.071027213157745,19.058614853186096,0.765527899122501,-1.7768164089394256,0.14449395637449494,0.6912242672353685,0.2713251786322204,0.2710739945027401,0.27111710738449896,0.21793159443358928,0.21798991883448607,0.21788419332414596
0.0,50.0,30.0,120.0,0.1573827986465969,0.1565086851822691,0.15698834710067955,-2.088043993787986,-2.0972776929165846,-2.091677141864327,1.2414536063532808,1.23943861781986,1.2476465805990211,10.14061067075816,10.142694306705947,10.13984565776452,0.7187172303236241,-2.0572513802815084,0.0009011598681561482,0.2915450414424721,0.15549600500359065,0.15542632307444443,0.1554546040513255,0.1563972866564967,0.15717797309998635,0.15744291174194686
50.0,50.0,30.0,-90.0,0.2078453528855797,0.2047492600824454,0.20676243252801912,-0.8382792561668805,-0.9241827540272056,-1.4250731649571822,1.6322665420784002,1.632933103607208,1.6331936772187088,9.39550447309593,9.39059574545927,9.388677825135296,0.7149177287359204,-1.2869978587445319,0.21957001651289615,0.27792479849035356,0.14322733467541146,0.14303406025585622,0.14314616016901593,0.20676335703168813,0.20687524646188968,0.2067908751827968
0.0,90.0,50.0,120.0,0.2227599433741391,0.2224004743302692,0.22259507926508854,-2.0914416026736906,-2.097222767472144,-2.093201039790058,1.7631729035282069,1.7627359141077066,1.763574097757891,16.4579191141692,16.45792135950897,16.447184645507836,0.7665320191074287,-2.002511187159981,0.0010976739643969744,0.6490688685495655,0.24429959184208455,0.24404752736488777,0.24405893036975498,0.2225515897587465,0.22261049883039707,0.22263868937202305
0.0,50.0,120.0,0.0,0.1014287128633847,0.0997208121605301,0.10054406070328695,-2.062790949637041,-2.100652172794303,-2.083592677117131,0.8109949640112286,0.8116577241605026,0.810931961069017,34.384924989377275,34.379633695956414,34.37767787919059,0.7187172303236241,-2.0572513802815084,0.00713204376557449,0.5001243387644381,0.4178525827558228,0.41796938774345277,0.41743542779020487,0.1007309933510113,0.10074967631692612,0.10064356030343308
0.0,20.0,50.0,120.0,0.0727842442596303,0.072184976745779,0.07248605848570804,-2.0866686120831948,-2.11291214187255,-2.0977043061284313,0.57772930240058,0.5799441935013171,0.5798691953551415,14.641097171384033,14.646312972913014,14.645873691007788,0.6791449760543936,-2.0262614013022464,-0.0004176195542517544,0.16045121124011333,0.1851865898166456,0.18536851163730092,0.18508048881408576,0.07241378388391934,0.072681329896569,0.07240029389219883
90.0,0.0,110.0,90.0,0.2272131001760466,0.2238468233160717,0.22570750525733937,-0.2620054453794091,-0.2716063735617193,-0.5238519217315029,1.7766828326862445,1.7773408956036247,1.774996396392239,29.779737243153345,29.77799972030824,29.775950554977097,0.6345985081197228,-0.520659588644016,0.9029308797667895,0.0002876701865734209,0.33491835360335026,0.3348359646602074,0.33469625156535054,0.2259379429942032,0.22572781704542164,0.22564833683154623
90.0,0.0,20.0,-90.0,0.29128660328655,0.2551277839094444,0.266034370055461,2.638255079460612,0.7641029727895646,-2.4327793631506696,2.0949355776101357,2.0966165035788755,2.100187062172339,3.6758035460336282,3.6907004725408887,3.7070493930076442,0.6345322785740427,-0.5207468942260064,-0.07259658584285061,0.17080144966237393,0.06935553690725497,0.06919403395452046,0.06957947348238007,0.26579220161071604,0.26645610823609367,0.26625592664008046
0.0,20.0,120.0,60.0,0.0433728641178518,0.0417219052977438,0.04253256948743894,-2.0674776268340933,-2.1030665276482,-2.082382890282949,0.3545656919042092,0.35454235664109435,0.35858345392499485,33.645653212091894,33.6410575796192,33.638531795280336,0.6791449760543936,-2.0262614013022464,0.003930641070603917,0.1999414999228622,0.39417665049527517,0.39428521876434025,0.39414382412378773,0.042504527136083714,0.04302331902840549,0.0430021950339933
20.0,0.0,70.0,0.0,0.0531804894268798,0.0521264296084457,0.0527543291337156,-0.7025471730689599,-0.7334612769571455,-0.806551454362832,0.4208878970846755,0.41780529601018446,0.4174788618329208,19.42413465379354,19.41597003637294,19.406341484680738,0.6492905343418074,-0.5217752697370182,0.13625276247762144,0.03959079602228167,0.22482830552983946,0.22462754396688048,0.22459902854676778,0.052969256300920864,0.05255416529893375,0.05295520202889663
0.0,20.0,20.0,0.0,0.0921319513872059,0.0903796231528498,0.09130082472678906,-2.082156093047743,-2.1102446905442425,-2.0943452845308803,0.7225053815880652,0.7250032460108907,0.7229634215232832,6.614507882098066,6.603617400633435,6.6037921503845265,0.6791449760543936,-2.0262614013022464,0.00010163848053539486,0.10721220955920145,0.09912464430851553,0.09935628058198347,0.09916552599648305,0.09142165634841784,0.09146517996676803,0.09116913928814929
0.0,90.0,110.0,-60.0,0.1817725718777685,0.1799469187774621,0.18096288075542516,-2.067599389930036,-2.0863169656973697,-2.079278287258975,1.4460168663195807,1.4404708345953372,1.444817237434185,32.606662563441205,32.5993073232076,32.59019142320146,0.7665310798070952,-2.0025090514846515,0.015350458558675733,0.9001831328866431,0.41774134573428656,0.4176439138863819,0.4173705087028227,0.1809281974313228,0.18081124385766123,0.18148367180006833
50.0,20.0,80.0,0.0,0.1321141536959537,0.1318537021924623,0.1320058344154214,-0.783216590782311,-0.7866191180612104,-0.9701094691191391,1.0453539793587716,1.0441834839065207,1.0436618579204064,22.5096572479625,22.51047577315716,22.507340623250883,0.6750696220906218,-0.8936880611762084,0.38368742389582694,0.18356454286490687,0.26950946738824966,0.2693553329861624,0.26942539932587434,0.1321082429307654,0.13190038627672526,0.13206011897098863
50.0,50.0,20.0,30.0,0.2195953845958397,0.2132559139469738,0.21697434646574515,-0.5190109046063873,-0.7842616474123034,-1.491633024771599,1.7119764072596648,1.7137087359886454,1.7121848108358173,6.328814255002757,6.325098086124956,6.323144620470524,0.7149820200524383,-1.2870673309637894,0.16205753863112748,0.23642542360318275,0.11076963632307028,0.1106313418917953,0.11068650412166248,0.21714805662124403,0.21716958981793838,0.21695540707987188
50.0,20.0,80.0,-30.0,0.1322362360126349,0.1319689060815416,0.13213179760733926,-0.7825451268194715,-0.7860115349888812,-0.9696811720825412,1.0463507215756416,1.0451360013643378,1.0446675421099212,22.509376418075078,22.509779212074427,22.506785841445218,0.6750696217277232,-0.89368806036346,0.38411876514683413,0.18356983160590207,0.2694963663025625,0.26934191192373585,0.26941361969686056,0.1322314712027191,0.13202554525789545,0.1321897196814092
0.0,20.0,10.0,-30.0,0.1066149796568161,0.0908954880634168,0.09935797875773865,-1.748689290560081,-2.4343090725773013,-2.073878642629764,0.7892573639427128,0.7869011485683887,0.789026496927595,3.9614652559140056,3.958533563122099,3.9591082946029834,0.6791449751265537,-2.026261394221757,0.0014016410106023045,0.08317767916716659,0.07097349743857241,0.07085300895328808,0.07088111997617459,0.09972771545372859,0.09970743226066908,0.09998990532521988
20.0,50.0,30.0,-60.0,0.1660147974679983,0.1648251350256829,0.16548906621803358,-1.561996061868695,-1.597308337110204,-1.7829847615776082,1.309773741604323,1.3066152385543877,1.3113917472010668,10.03539656383202,10.031926994049448,10.032188324857596,0.718136007375984,-1.6819840114077982,0.0930916819225406,0.28924562878148763,0.1535771973516403,0.1536275631550168,0.15341328615442199,0.165220699522444,0.16544952121346154,0.16582196196355808
50.0,20.0,80.0,-90.0,0.1320501617345773,0.1317904520915672,0.1319426392169341,-0.7831657561981454,-0.7864392473173277,-0.9699556579588077,1.0448685139333185,1.0436770593615847,1.0431590635254584,22.50934954956984,22.510092704709226,22.507018204462376,0.6750408629163485,-0.8936855818859374,0.38351050613168663,0.1834062893240045,0.2694872990973161,0.26933929653322725,0.2694112776467663,0.13204560874080523,0.13183567073896543,0.13199816014302804
50.0,20.0,20.0,-60.0,0.1758080123430971,0.168218693162233,0.17267302035407212,-0.1283542075643547,-0.4170565890687874,-1.2159786825236203,1.3619158419677653,1.363757849927686,1.361201513466999,5.325414078658606,5.320198416009637,5.323977327672798,0.6750583762471161,-0.8936806347101125,0.12459654167034007,0.10395619027774368,0.0788668319134161,0.07883772344255602,0.0789264762576562,0.1729475615617847,0.17285380830585897,0.17262840112032168
0.0,90.0,40.0,-60.0,0.2322729732985394,0.2320210304815047,0.23215744357775484,-2.0899628973730167,-2.092206905583585,-2.091360634487814,1.8347814701692096,1.8390516804601365,1.8375618481084321,13.818338109652894,13.81686931472586,13.81032170261432,0.7665240586946499,-2.0024945181677407,0.0020669678640501256,0.6000554323573262,0.21619140279681004,0.21633682076063016,0.21618611582336075,0.23212029855479194,0.23246333690627585,0.23192340433481032
90.0,20.0,50.0,-30.0,0.256696919790248,0.2540409678928914,0.2559620207490153,-0.1803591547872416,-0.2168684765778806,-0.8388127385687898,2.017423508070753,2.0173653940086953,2.016221063459912,13.097888206218412,13.09606182399597,13.0894025525531,0.6658515920060233,-0.739233093036334,0.45476920398600745,0.14850762787471644,0.1560269411379742,0.1560848887313517,0.15598446533777496,0.25609036128635565,0.2559476533010128,0.25595281861593383
0.0,20.0,70.0,90.0,0.0620077394273851,0.0614727668365879,0.061725245713812,-2.0911757134372624,-2.115375380019687,-2.10211461520048,0.5004367020095231,0.4960077844914477,0.49539618282893383,20.03232516040756,20.027664544840253,20.021638782249426,0.6791449760543936,-2.0262614013022464,-0.0011518497430390237,0.17997032073180655,0.2437179117702157,0.24349318090450134,0.24364495867863403,0.062012552752363226,0.06136045385992566,0.06193188088558563
20.0,20.0,80.0,0.0,0.0736833570824043,0.0730936964232339,0.07334718776537076,-1.325534001222657,-1.3448452620731035,-1.4067393576206677,0.586545262661109,0.5900201892417851,0.5855213473574137,22.699395112923092,22.695378711770246,22.681664353437107,0.6784793404823032,-1.277180112019705,0.15218523486631125,0.18486717674786546,0.2727527088024032,0.27308672296434244,0.2726402128335648,0.07361302833906495,0.07347151274774126,0.07304093515007164
50.0,0.0,90.0,-60.0,0.1216252331648216,0.1211729520458679,0.12141383673962741,-0.4121284863593892,-0.4215291756532845,-0.5854191109743498,0.9575688600912048,0.9544974715014949,0.9575597147070944,24.695371728055324,24.68751117436762,24.695077145726845,0.6453088473897259,-0.522189627672223,0.4085220398597706,0.02528277369387907,0.28194924775931557,0.2815819257387381,0.28182309303632863,0.12128392369645724,0.12130832888795637,0.1216936196870601
0.0,100.0,70.0,60.0,0.26121433387467,0.2594394882440728,0.260232778874666,-2.085552270755092,-2.095859627945247,-2.0906154603080043,2.062221629875337,2.0624255469484383,2.0642862064061953,22.49531366675923,22.494600400757385,22.483154278702205,0.7785098420441033,-2.0214286154605,0.004638427565010346,0.9998585648054052,0.32216422134966216,0.3222163316220222,0.3221173886265939,0.2601134777216435,0.2603809054504979,0.2603474750513539
50.0,0.0,120.0,-60.0,0.1131389904113392,0.1115870502041876,0.11243143667953444,-0.3983878540251324,-0.4197437004983598,-0.5235981625882755,0.8864504353149592,0.8862426180729188,0.8851456262274163,33.00388914556037,32.99925584366255,32.98860877844168,0.6453124449701564,-0.5221886034343035,0.5043215974424319,1.7637706786486563e-05,0.374665426275421,0.3747847199451948,0.374777962935139,0.11262926336558797,0.1124600328173364,0.11250221043416012
20.0,0.0,30.0,0.0,0.0679516948501187,0.0646399454445338,0.06630304491008825,-0.763677251550979,-0.8630874849933128,-1.042825923521777,0.5245461121199156,0.5241778857170944,0.5258904738067037,8.534511321484237,8.52495045805559,8.524241805006117,0.6492905343418074,-0.5217752697370182,0.07178113826611132,0.04105409858007793,0.10514100531563016,0.10485599019612298,0.10501077951909257,0.06626916266497773,0.06642728947483688,0.06648049907508555
0.0,100.0,20.0,90.0,0.2686080474504562,0.2671784712055781,0.2677236825232575,-2.0635335594276483,-2.071067864115049,-2.0820931509373324,2.117692073261322,2.1140804622296305,2.1124306215362116,8.740215872638494,8.733131270536049,8.726545182929751,0.7785098420441033,-2.0214286154605,0.006724836664812768,0.5350214092931905,0.16758880326111877,0.16761891377797491,0.16753639720129715,0.26803317303232616,0.26735139982377054,0.2678057048952109
90.0,0.0,100.0,0.0,0.2348239371200036,0.2343754234378935,0.23459910162129463,-0.207846421786495,-0.2097264780202502,-0.5042895588344163,1.8463763578076462,1.8463463260039965,1.845568392972652,26.832261868404963,26.825962081899615,26.817413074328513,0.6345985081197228,-0.520659588644016,0.8388146881897502,-0.016161277811937904,0.29902619699740074,0.29887876636888194,0.2988626134212307,0.23467176044155022,0.2345639291813535,0.23457994113171285
20.0,0.0,50.0,30.0,0.0594048591677771,0.0583286381715469,0.058878442593827976,-0.7693536582908156,-0.8130038584663233,-0.9268235777037527,0.4669324252539424,0.46749935208983984,0.4656086750946374,13.961359708115449,13.967699867639855,13.959569053543657,0.6492905343418074,-0.5217752697370182,0.1066149272526599,0.0454497245071149,0.16414808423351826,0.16431789374360561,0.16436471224748986,0.05902455119623211,0.05886336084816455,0.058802939828033564
0.0,20.0,40.0,90.0,0.079013548711656,0.077494941601706,0.07845292914110716,-2.0843495784315653,-2.115576837911383,-2.09717067492575,0.6231210314335924,0.6242371969473746,0.6278446252191188,11.960686924071126,11.955697543400117,11.95288610768096,0.6791449760543936,-2.0262614013022464,-0.0002810134309039061,0.14636402411794772,0.1563057603838424,0.1561816877268054,0.15617131763927675,0.07816319132214895,0.0787421506996517,0.07859547180474116
50.0,50.0,10.0,-90.0,0.2287155844324066,0.2192654224892893,0.2241668998272473,0.2106721469181739,-0.5673022252789905,-1.7345302276564707,1.7693530747231707,1.770728453542583,1.7671660820127015,3.120532965966175,3.1086934565582256,3.1265513829037888,0.7149043748335759,-1.2869830457834985,0.07777135213960662,0.20640686930744848,0.0826448627992356,0.08257209858428566,0.0828935238449339,0.22457367814591547,0.2243041888302273,0.2241344207661827
90.0,0.0,50.0,120.0,0.260887030322309,0.2574727557976227,0.25987320922925,0.0703840484316687,0.0264496430414165,-0.6383330461520289,2.046420545758259,2.0467464979843735,2.045686465457018,12.347675991577972,12.344844004881544,12.342545148274413,0.6345985081197228,-0.520659588644016,0.40842130208433325,0.04732867267795977,0.13224148859356472,0.13226648041214778,0.13228640019890925,0.2600063535920665,0.25991469288446106,0.2598768342294317
0.0,20.0,80.0,90.0,0.0569995028254164,0.0563080184911448,0.056716106494229396,-2.0846144121558723,-2.1250454091074538,-2.1043401984462706,0.4595430114131359,0.4601091720214476,0.4592797226890271,22.70908771052217,22.71330259348531,22.708575453561227,0.6791449760543936,-2.0262614013022464,-0.0014954890486927643,0.18536414431600742,0.2732219161634739,0.2730658841886543,0.2728497154458177,0.05679534760377572,0.056774601069770156,0.056686329795320976
0.0,50.0,80.0,-30.0,0.1216897533723885,0.1211722230726137,0.12146331594956068,-2.0608919442787377,-2.0728087870070344,-2.0711799671289413,0.9689301470794164,0.9677009156726827,0.9728025600311154,23.507726685059968,23.522431523346015,23.511420120697615,0.7187172300143301,-2.0572513790880786,0.010555936272266267,0.4336288936074667,0.2989256153731796,0.2991739620233552,0.29871762100615057,0.12110112717559267,0.12160655726203161,0.12176595408448321
20.0,20.0,70.0,-90.0,0.0782040281438962,0.0776855994692184,0.07800647351198316,-1.3411906669041598,-1.3585606222619837,-1.4337637564835521,0.6232598640886738,0.6245303550283173,0.6209866092696039,19.976834619160794,19.975444080737404,19.967354213170477,0.6784427696129146,-1.2770605733467688,0.1393588197041276,0.17903904449517938,0.24292789165906545,0.24304987466360997,0.24283525711128504,0.07827152429927632,0.07797301293457543,0.07783564408728887
0.0,100.0,0.0,-30.0,0.2680553777156098,0.2664189377148773,0.2672217441503935,-2.000856995120467,-2.0413450678194733,-2.0913405436741495,2.1073763271084345,2.1074884939712715,2.1088589089928003,3.215196576227625,3.215603671546474,3.2159782041272362,0.77850984101715,-2.02142861322785,0.001077605520202035,0.33273425532735545,0.10471464321853319,0.1046379524580446,0.10461894561838687,0.26710739898918645,0.26729694110693775,0.2672886158983795
50.0,20.0,50.0,90.0,0.1511350963344598,0.1501100372817231,0.1507438516258202,-0.6993216953304519,-0.7151443560267312,-1.036422749188201,1.1894822938309042,1.191718787193673,1.1904493046979572,14.211219590744985,14.217504287780631,14.2091564631147,0.6750696220906218,-0.8936880611762084,0.27859691222812166,0.15690050540304581,0.17744378228870564,0.17733641106560974,0.17762415931084802,0.15077506790475717,0.15089216366815844,0.1506128168539188
0.0,90.0,110.0,-90.0,0.1817725565041617,0.1799469153225713,0.1809628839330187,-2.06759938836246,-2.0863169722090613,-2.0792794458705073,1.446016892824295,1.4404707547120195,1.4448172572667328,32.606662570727934,32.59930704498979,32.59019140891298,0.7665259651985187,-2.002491749786253,0.015349387580571444,0.9001832179338606,0.4177413426430987,0.41764391516039207,0.4173705107107704,0.18092819161140344,0.18081123684943848,0.18148367817644928
20.0,20.0,110.0,30.0,0.0665419233000776,0.0645230941951544,0.06562032846938107,-1.2364180966311635,-1.2702363181300649,-1.3022180055071348,0.5264854794497515,0.5299997533250604,0.532697994526679,30.902987612279517,30.900552519836534,30.90177703509314,0.6784793404823032,-1.277180112019705,0.20381274999128454,0.20000971972386558,0.3635386488675683,0.3635947797441423,0.36377154267772777,0.06543474619088763,0.06618506584695638,0.06576307093498414
50.0,50.0,30.0,-30.0,0.2079060728776583,0.20486099772073,0.2068970235776229,-0.8375070099749338,-0.92406716451256,-1.424816443766192,1.6333333560743197,1.6338602602046384,1.6343778066310124,9.394559837443687,9.389351070476316,9.387592177986404,0.7149820192383946,-1.2870673289939942,0.21977884357550667,0.2780501549603318,0.14322444574251228,0.14301965414966678,0.14312866581082648,0.20688136569953555,0.20700984084488533,0.20694157756516363
50.0,50.0,60.0,-90.0,0.1799760916507134,0.179588410237168,0.17983382655900576,-1.122706030940686,-1.1297980246596413,-1.372710753147053,1.4230538459708244,1.4243947186583552,1.4231140982497774,17.844901569949897,17.840165385456412,17.83587023876552,0.7149380112512397,-1.2870211271604157,0.334697221302954,0.3801058363942736,0.23540631812258583,0.23515670281272621,0.23517071366873518,0.17990547551508565,0.1798998200105382,0.17972563702737743
20.0,90.0,100.0,60.0,0.1998248062595567,0.1980320385356198,0.19894243723608845,-1.7967777638281843,-1.811191579088248,-1.8602323448621985,1.58519799358338,1.5808489887049109,1.5845502359501245,29.970464222910692,29.966631198351532,29.960015239341523,0.7655278996474294,-1.7768164101630861,0.2164025332407328,0.900072586590594,0.3909379584413341,0.39071975430388617,0.3908009775808713,0.1989008445220366,0.19883486826190852,0.19938062826072506
90.0,20.0,50.0,90.0,0.2567818755396225,0.2540389972122953,0.2560263803375536,-0.1801926250241735,-0.2178685258437998,-0.8390798834475457,2.01768483843242,2.0179945644409196,2.0168909476668473,13.097795372255236,13.095663435589733,13.090758000322861,0.6658515926585167,-0.7392330937283146,0.45490461369883745,0.1486933755075531,0.15602997765655735,0.1561057725578394,0.15602564827761534,0.256136906665234,0.25604706378850245,0.25600475528406963
0.0,100.0,60.0,0.0,0.2329407047644847,0.2323218180230803,0.23267314864560582,-2.100245477225368,-2.106627560833705,-2.0998046261365535,1.844801571904714,1.8428207731270607,1.8446380273227807,19.341115946016888,19.341990076559693,19.333190172177282,0.7785098420441033,-2.0214286154605,-0.0037189960574683534,0.7767962125397762,0.2795925975383077,0.2796452741316065,0.2794380726295405,0.23262162117693905,0.23260336853536417,0.2328503004899717
50.0,0.0,40.0,-30.0,0.1467301779936325,0.1446190194191862,0.14607663669300341,-0.2608074057866525,-0.3005772153501709,-0.731319609512315,1.1508404667230632,1.1516387216644337,1.150634905587595,10.724546932699747,10.723825175918915,10.720218950375543,0.6453124442435296,-0.5221886023892018,0.21254332426532846,0.044899389501964156,0.12447882027635547,0.12458731312240968,0.12447019479773486,0.14617002771524734,0.14614713353183142,0.14604144699070487
0.0,100.0,50.0,30.0,0.2417803138772312,0.2412852927716566,0.2415174750529251,-2.098713885819712,-2.104839029454824,-2.097931512582564,1.9127768479419232,1.9110493544864042,1.9135490390143812,16.6940640885093,16.695194944055352,16.682696188132308,0.7785098420441033,-2.0214286154605,-0.0022045660223855425,0.7256008935095344,0.251629398448819,0.25142406422116603,0.25161660413466297,0.24139231502176098,0.2414983408449204,0.2416880441893021
20.0,90.0,90.0,0.0,0.2140423889518921,0.2126415491067675,0.2132663923006856,-1.790069954634226,-1.7964576036828144,-1.8602754548382856,1.6941420962501397,1.6972685073867777,1.6945977894527038,27.34937034903139,27.350241932797413,27.347552739320527,0.7655278996474294,-1.7768164101630861,0.21615762440250544,0.8999411679698676,0.36408660347891236,0.36410689567975857,0.3639961648574698,0.2134369784625017,0.21346638312666266,0.21309448243235132
20.0,0.0,40.0,0.0,0.0630259764025156,0.0617561007464779,0.06247967858578986,-0.790398491703934,-0.8287269155012925,-0.9818266939189854,0.4968614733578009,0.49378711943417125,0.49392895182674923,11.26035358849753,11.254689414637916,11.248791101662578,0.6492905343418074,-0.5217752697370182,0.09008065212640695,0.04444875997648406,0.1348835533366023,0.13464051503744132,0.13447093775106742,0.0626600620892783,0.06227783544610202,0.06266664911947727
20.0,90.0,70.0,90.0,0.2479253554677623,0.2462639449287394,0.24728738376341233,-1.75591711283334,-1.7730698467231398,-1.8624416424590693,1.9596350230442754,1.9607570502979808,1.9602030668287618,22.182703577008812,22.186008173143463,22.171926996966516,0.7655278996474294,-1.7768164101630861,0.2132203504871147,0.8998496509694939,0.3137511602136089,0.31370507561449607,0.31355373823519284,0.24734594729217155,0.2474187063069313,0.24727732345282316
50.0,50.0,30.0,30.0,0.2081166820443188,0.2049726965288917,0.20703729364659204,-0.8363394293007846,-0.9236450926813304,-1.4243604993025942,1.6345085610018606,1.635244806601376,1.635134331914884,9.392299340918067,9.387598584680738,9.386314528760481,0.7149820200524383,-1.2870673309637894,0.2200185785938348,0.2781000044712499,0.14318835946349884,0.1429977890508031,0.14308684946955974,0.20706583525898645,0.20714034167492507,0.20704729539914543
0.0,50.0,20.0,30.0,0.1660021217782478,0.1652638298432997,0.16563563742961182,-2.0844901825151165,-2.0956942460669983,-2.0906880846990923,1.3119549727710387,1.308951580220384,1.3075786026183642,7.494068992180637,7.484062807582805,7.482608544937457,0.7187172303236241,-2.0572513802815084,0.0009969026279331604,0.2520169389524013,0.12763921771663492,0.127395009275497,0.12744028477664665,0.16589173703893212,0.16533344120433133,0.16571459927365673
50.0,0.0,90.0,60.0,0.121673688448887,0.1211997088921104,0.1214568814500538,-0.4126983727908415,-0.4221124447081092,-0.5861609996254848,0.9581164452271046,0.9549275337224058,0.9576508414302773,24.695275531210342,24.68923073283018,24.69733423603667,0.6453124449701564,-0.5221886034343035,0.40869808046247313,0.02559741353678574,0.28201104624317047,0.28162595058329387,0.2818330002198099,0.12136342708233593,0.12132696237314732,0.12172798355463275
0.0,100.0,30.0,-30.0,0.2621383369321706,0.2615821378826027,0.2618397048467752,-2.0989787053505014,-2.1031983414380635,-2.0961301929179705,2.0710311214028456,2.069125436851986,2.069140724014906,11.414917354864464,11.412241398649467,11.409036652715214,0.7785098412748376,-2.0214286137860147,-0.0008693531574565721,0.6146218364382511,0.19646483991653507,0.19640771371533575,0.19631205918755787,0.26193109148325777,0.26168545344661415,0.26192813408586163
50.0,50.0,20.0,-30.0,0.2194765984874475,0.2131796504185093,0.21686306415210885,-0.5195125108605708,-0.7844501695480197,-1.4916779760993149,1.7108485448873902,1.713136333420303,1.7112836529006223,6.329481927775133,6.327676605510994,6.325361278964994,0.7149820191481123,-1.2870673287751055,0.16197247650351707,0.23631345271667173,0.11077733897916428,0.11069392017196131,0.11073187132462624,0.21704228842040127,0.21709406877124013,0.21680581652147238
20.0,90.0,120.0,60.0,0.1755310645927235,0.1734995996159557,0.17471179318325622,-1.8128022555595291,-1.8245544862562169,-1.8601043531658235,1.3981684497032778,1.3995264207113323,1.3920402413425716,35.19069967570362,35.1851158085464,35.1825442539611,0.7655278996474294,-1.7768164101630861,0.21657909273934978,0.8992108592877214,0.44444019938655005,0.4444736025081242,0.4440245624757177,0.17551366546405298,0.1747057917593205,0.17460674431080983
100.0,0.0,80.0,90.0,0.2532637341727449,0.2526571005524426,0.25298442948486805,-0.1693224770354695,-0.1729102520622547,-0.5737088781827238,1.9924611751490742,1.9914272290502706,1.990855213196149,21.188665334493802,21.192590280427503,21.185677420392686,0.6320527728863933,-0.520595423050527,0.7140585586497067,0.035840983741037384,0.23621342471001655,0.2361647183093499,0.23592956587113362,0.25308588501048784,0.25288999740975976,0.2530075805542289
90.0,20.0,100.0,90.0,0.2420666189645496,0.2387628059092744,0.24072715696399102,-0.4425422816199668,-0.4520976501646712,-0.7423136332608882,1.8969392590900458,1.8981152576335834,1.8982733850135125,27.53205478991151,27.524950229748818,27.517770887622117,0.6658515926585167,-0.7392330937283146,0.9025781636650025,0.20055201234883926,0.32157706336766817,0.32138888976187646,0.32155061465385415,0.24072789170614747,0.24088976440318022,0.24074836517763273
20.0,90.0,90.0,-30.0,0.2140423894192806,0.2126363063762506,0.213266236930577,-1.7900705467077846,-1.7964694915263224,-1.860276436578066,1.6941426685979313,1.6972681980872768,1.694596443940802,27.349368751636145,27.35024532117534,27.3475474688333,0.7655278993849616,-1.7768164095512555,0.21615744310587437,0.8999410503935323,0.36408671051766894,0.36410700760116466,0.36399617949803886,0.21343706814196375,0.21346623354098523,0.21309443578463586
50.0,50.0,110.0,120.0,0.1550963328282932,0.153497216375513,0.15423685322617545,-1.178032065297515,-1.183977222041059,-1.304567129507132,1.2324160672702908,1.2239486356359672,1.2253272500061092,31.58005532429413,31.55833099127856,31.545285431119524,0.7149820200524383,-1.2870673309637894,0.5061039999558593,0.4999911567574327,0.38674732886799357,0.38632394276879384,0.3865359203431755,0.1545637308691984,0.15368598271756945,0.15476266859604074
20.0,50.0,60.0,0.0,0.142087832215274,0.1415159646744039,0.1418467062717489,-1.661083652413219,-1.6708868384534008,-1.7607409686660231,1.125042192278218,1.1268437294418066,1.1289265849069898,18.103838429578204,18.10068936964673,18.097765130252483,0.718145790998976,-1.682010494824096,0.133481477367024,0.38438874752095753,0.2395798521925685,0.2398696156779695,0.2397873631366052,0.14161362535856978,0.14210407685569584,0.1418712658846997
90.0,20.0,30.0,-90.0,0.2678901863131223,0.2661045843312065,0.26694255214984114,0.4308926170262387,0.1485122563451792,-1.018943291604166,2.1040152568287613,2.1019218424165986,2.1011717888416555,6.264649426462364,6.264104532888113,6.261445359599683,0.6657908664117227,-0.7392811494069292,0.20152245329158025,0.1100047039429474,0.07196570053565156,0.07205050489195686,0.07202465429089103,0.2670949955166135,0.2667344206799068,0.2669961392658942
50.0,20.0,120.0,60.0,0.1163600575557347,0.1151366478588907,0.11578927893727597,-0.7825066498107053,-0.7968755385877092,-0.9018185377255042,0.919236120664594,0.9174368374288593,0.9211681510938149,33.53683907883952,33.5332211586944,33.525568257342826,0.6750696220906218,-0.8936880611762084,0.5048932641841065,0.19996174672778702,0.3922463120895462,0.3922778916697984,0.39259299732152797,0.11566384326285263,0.11591996578898296,0.1161682047531358
90.0,20.0,100.0,-30.0,0.2420671640300757,0.2388084364815153,0.24073152151461774,-0.4425418820911102,-0.4520389958997001,-0.7422975478194676,1.8969674637049456,1.8981425606502027,1.8982991049694522,27.531988431878553,27.52488540743864,27.517706143310633,0.6658515924719136,-0.7392330935310953,0.9025979214037824,0.20054213117650121,0.3215751645147502,0.3213870706840358,0.3215487269702616,0.24073152094789313,0.24089308027350945,0.2407517971832927
20.0,0.0,20.0,-60.0,0.0791985916969019,0.0612316469837796,0.07145633477450902,-0.5814779550862751,-1.0943510459652872,-1.112894179764882,0.5667876253595411,0.5667294275616818,0.5666213838006138,5.757462483736619,5.757608343845127,5.756963210536819,0.6492793901943152,-0.5217760407774134,0.052526281057594,0.0353450737231169,0.07462121919330666,0.07455041708414735,0.07434464529632026,0.07176023044293224,0.07173596074046333,0.07173270226781028
20.0,50.0,20.0,90.0,0.1749562287585762,0.1735289520783124,0.17431337826218346,-1.4583224413281617,-1.5435314785707648,-1.8027623614875878,1.37846305866591,1.3763155768872626,1.378093179079216,7.332802399674018,7.316878360889525,7.3208353389697045,0.718145790998976,-1.682010494824096,0.07468371194832697,0.24919889678324153,0.1252091727843575,0.12502347730106575,0.12506730599085006,0.17428892659025272,0.17423484344795967,0.17452026650581878
20.0,90.0,90.0,120.0,0.2140423779032693,0.2126361443059075,0.21326526547822452,-1.790071178463812,-1.7965142950374735,-1.8602842124784398,1.6941337509838823,1.6972600083752591,1.6945898421259755,27.349365073408723,27.35023815922422,27.34755030962792,0.7655278996474294,-1.7768164101630861,0.21614675980439632,0.899937596948102,0.36408643511433236,0.36410668733285606,0.363996007607311,0.21343588118957751,0.21346533051670588,0.2130934574570033
50.0,20.0,30.0,0.0,0.1668469690177767,0.1628980141936354,0.16535950916176098,-0.4574001448357641,-0.563296806600072,-1.1045355865235502,1.304187360616593,1.3050714665727283,1.3049892346103478,8.456159665893885,8.44734581179879,8.453916747112332,0.6750696220906218,-0.8936880611762084,0.18627304884634838,0.12256673122134015,0.11312011568235318,0.11300433271378531,0.11318786275172961,0.1654092862982434,0.16550320224559362,0.16539884300032007
50.0,50.0,120.0,-30.0,0.1451069398853874,0.1418181943347958,0.14342693929526965,-1.1861697530420905,-1.2123021341763076,-1.3045099857998879,1.1425737089360082,1.1443572781095348,1.1416435462782557,34.28829863633517,34.280998790628445,34.262722387850815,0.7149820200524383,-1.2870673309637894,0.50620024294328,0.5001232357852888,0.4161765880489587,0.4157626485760288,0.4157430021164376,0.14376016001810693,0.14363840986129353,0.14337744687826723
20.0,20.0,90.0,-60.0,0.0788931099512709,0.0776091057332453,0.07827141880047951,-1.2167938284032411,-1.2416581766232435,-1.3046130320687401,0.6264470820898572,0.626663529495166,0.6259562584178155,25.421948219757663,25.425627016213085,25.416605583534306,0.6784759472663714,-1.2771685023162747,0.20211357711147807,0.19991836245429526,0.3037063081027908,0.3035476374269349,0.3034469337618879,0.07837990381940724,0.07832429740628555,0.07829178624652773
0.0,20.0,80.0,-60.0,0.0569510763939767,0.0562584988447231,0.056667885120455175,-2.0840823540771205,-2.1246290563220422,-2.1038506838149758,0.45913633556935474,0.4597503639663918,0.45889900389339383,22.708460412028476,22.712711256288937,22.707921890652216,0.6791404182493659,-2.0262283608016864,-0.0014032950895652289,0.18519428707318908,0.2731999121739333,0.27304458600097026,0.2728279836966648,0.05674650542797219,0.056729204528142826,0.05663487437028244
50.0,0.0,60.0,120.0,0.1356472660229419,0.1347417964373845,0.13524143166806585,-0.3829753672549807,-0.4006449349464913,-0.6695414343324878,1.0674910754851044,1.065872201479982,1.0639976602777286,16.403829789970693,16.39479656506398,16.380856073236266,0.6453124449701564,-0.5221886034343035,0.3021080332374966,0.04442757169956502,0.18901376331617661,0.18896005675360186,0.18864719187421078,0.13548378656044668,0.13502854973445672,0.13523271818526683
50.0,50.0,120.0,30.0,0.1451069398853874,0.1418181943347958,0.14342693929526965,-1.1861697530420905,-1.2123021341763076,-1.3045099857998879,1.1425737089360082,1.1443572781095348,1.1416435462782557,34.28829863633517,34.280998790628445,34.262722387850815,0.7149820200524383,-1.2870673309637894,0.50620024294328,0.5001232357852888,0.4161765880489587,0.4157626485760288,0.4157430021164376,0.14376016001810693,0.14363840986129353,0.14337744687826723
20.0,90.0,50.0,30.0,0.2274157956339343,0.227106484910332,0.2272969656912833,-1.7742941466563915,-1.781093951592539,-1.8896543957041996,1.8001488193898554,1.7968105699862558,1.802768768088692,16.409404924845333,16.403828561996157,16.403862767558135,0.7655278996474294,-1.7768164101630861,0.1344941575283169,0.6463368388023955,0.24312642644148583,0.243136908147189,0.24320266130704743,0.22693957680965113,0.2272862527922554,0.22770858697185353
100.0,0.0,60.0,-90.0,0.2671355966700818,0.2664244977476314,0.2667595176130513,-0.0231204527488906,-0.0328110728547179,-0.6077571074026904,2.0999812774442383,2.099966856921653,2.1002243298419048,15.264538596610075,15.258446337287847,15.25966131152746,0.6320122717995574,-0.5206485019187863,0.5286695284847776,0.04469033776585515,0.16604195580513514,0.1659986097143159,0.16606642318778259,0.26672897085563496,0.26675999474907885,0.26676312471679925
0.0,20.0,70.0,120.0,0.0619697828780685,0.0614231680160225,0.06169054514288414,-2.0906548905281026,-2.117001071871896,-2.1013871536771234,0.4988231082769749,0.49597032992340584,0.4960428501627045,20.029071068908898,20.027196332468446,20.020364396707652,0.6791449760543936,-2.0262614013022464,-0.0010205396594470913,0.1798585959352648,0.24365616684303892,0.24359293792928044,0.24361723792488493,0.061833915775238564,0.061481297980248456,0.061855590133008315
20.0,90.0,30.0,0.0,0.2475820109453765,0.2469445978955159,0.2473345687059084,-1.6870529668000132,-1.7132256953530771,-1.8960915616811898,1.9554197027003497,1.9549722320255898,1.9547682290276789,11.070095147388193,11.072222610295675,11.069957698102469,0.7655278996474294,-1.7768164101630861,0.10895915947057835,0.5420366907007494,0.1871287912343112,0.18736282561177436,0.18711164761558802,0.24737214398845286,0.24731028481712986,0.24736894296392933
50.0,0.0,70.0,120.0,0.130627533990004,0.1300185866386675,0.13033667832788315,-0.4062159169262656,-0.4185654794708643,-0.641926651429445,1.0265123500392141,1.0273923030629108,1.0273578075264642,19.181689037934365,19.17392963096602,19.17457545085081,0.6453124449701564,-0.5221886034343035,0.3406612449158113,0.040510880144231654,0.22002099087965493,0.22014872233982558,0.22002780316247708,0.13031011151281202,0.130431906481061,0.13032094001332295
50.0,50.0,50.0,30.0,0.1888078060913312,0.1878976299505444,0.18846670481730746,-1.0683783170558232,-1.088618498813622,-1.3838126276354226,1.4913394053638238,1.4888266909816095,1.4915908790960017,15.095383436973531,15.083221345804725,15.083293982434236,0.7149820200524383,-1.2870673309637894,0.3020036011458485,0.35087656997570643,0.20560016320321486,0.2053637546185835,0.20538073196214404,0.18836372475480087,0.18840671310505225,0.18870987047353777
0.0,100.0,0.0,90.0,0.2680547068686977,0.2664225785918641,0.26721849288679644,-2.004232825188096,-2.041716290363325,-2.0913551794431435,2.1076591608731756,2.1074864286005144,2.1085729909183155,3.216039287704875,3.2169569414580077,3.2161236680774707,0.7785098420441033,-2.0214286154605,0.001075833719409418,0.33272574275959305,0.10472832636471965,0.10464607186348987,0.10462119862178253,0.2671428014065748,0.26726092503985815,0.2672893074362175
0.0,50.0,10.0,-30.0,0.1752542310512994,0.1741796021036028,0.1746690848651755,-2.0834360792573188,-2.092186127899067,-2.0903875955450517,1.3768304776610385,1.3807342637616595,1.3808833533963247,4.8663746186548735,4.859285158318531,4.860899534397133,0.7187172294199309,-2.05725137698331,0.0009226559972144852,0.2075503400590642,0.1002364430889801,0.10027732206258173,0.10059528739711818,0.17452323308480597,0.1750592108627015,0.17452996395209414
20.0,50.0,50.0,-60.0,0.1495419937302882,0.1489081967120437,0.14931577956121306,-1.6448949540470172,-1.6544092197612643,-1.7667118753123479,1.1858247337005965,1.1821059635368314,1.185398562534117,15.419696217080633,15.411425162982027,15.41576792941534,0.7181381451917649,-1.6819899878904547,0.12143575752686002,0.3567491889141557,0.2112334927630571,0.211033762196304,0.21136302548717614,0.1492254781041533,0.14915769645191412,0.1496196166628678
90.0,0.0,100.0,-30.0,0.2347511703359144,0.2343180427246862,0.2345260944502325,-0.2080495726478087,-0.2098780482890589,-0.5043816515789387,1.8458057864532975,1.8457593807252495,1.8449962983409667,26.832968922234734,26.826554070482384,26.818048309713983,0.6345985079318929,-0.5206595885050815,0.8386031666184428,-0.016079483625786123,0.299044626356079,0.29889585597481466,0.2988804103214864,0.23459796209683148,0.2344897754262616,0.2345080062531602
0.0,20.0,60.0,-90.0,0.0671057314450273,0.0666540105694509,0.0668898286659625,-2.0949939852073083,-2.1061173604800434,-2.1002780814020614,0.5343682016540516,0.5366064927771262,0.5385798229079481,17.32290290735142,17.33421929711835,17.32185799875562,0.6791002047715409,-2.0258785239623496,-0.0008455268804577075,0.17147699778084846,0.21424847577621584,0.21474739317317668,0.21442853556410596,0.0666580084815865,0.06718439303038157,0.06692140044902468
0.0,20.0,50.0,-30.0,0.0727933756726168,0.072223612299202,0.07250456435452918,-2.087906139502679,-2.11376260242976,-2.0986562372729236,0.5779244249243733,0.5801599825391032,0.5798901613082839,14.641405756059184,14.646420827373388,14.645637523988537,0.6791449754674708,-2.026261396798644,-0.0005705578535017614,0.1605027646282743,0.18518997515977922,0.18537689352459083,0.18507870385926714,0.07244718176561454,0.07269335856694478,0.07241075800838223
0.0,50.0,30.0,-90.0,0.1574216464263384,0.1566407414894275,0.15709518031772485,-2.090576620248837,-2.0999858206162525,-2.0932308317466575,1.2423421361452893,1.240141702931955,1.2485799392185015,10.142198225450493,10.14353804066396,10.14147925224674,0.7186513469741124,-2.056998600626418,0.00044865013915439063,0.291830738768241,0.15548060842075875,0.15548012133193315,0.155499838270034,0.15649269301725563,0.1572792908526726,0.1575668632625779
20.0,20.0,80.0,-30.0,0.0736021877639918,0.073018751825328,0.07333819463706996,-1.3273329567710328,-1.3463129445025332,-1.408042239874099,0.5863399953904419,0.5900306406249927,0.5854766747305935,22.700731436644677,22.69685397251338,22.68269280219299,0.6784793401249481,-1.277180110112198,0.15193572991529786,0.18505240036347614,0.27278482459936304,0.2731082505941523,0.2726936383423496,0.07360144599042165,0.07347169299921234,0.0730213076524355
100.0,0.0,20.0,60.0,0.2861026540251004,0.2541083060119519,0.26602862926406007,2.6994906536605368,0.7834454924348397,-2.4424169104831495,2.0935797915697227,2.096776182505244,2.0997491677371256,3.735721059767249,3.7565371660258364,3.766578022363129,0.6320527728863933,-0.520595423050527,-0.0758293500890305,0.17346645323679635,0.0702917034638892,0.07024886659547049,0.07054334488119428,0.26572620243448847,0.26650658610361133,0.266101847315833
90.0,0.0,100.0,90.0,0.234670278620967,0.2342353966692599,0.234446030541519,-0.207932577727584,-0.2098160637019092,-0.5041671991604689,1.8451762094616055,1.8451322530614112,1.8443618928143846,26.832878569810905,26.826475264045527,26.817996596564832,0.6345985081197228,-0.520659588644016,0.8382859546645394,-0.0162533710498386,0.29903456121961386,0.2988861807575192,0.29887072770091366,0.23451860536017677,0.23440990432226436,0.2344278536879809
100.0,0.0,10.0,30.0,0.268982933516779,0.2647981871439595,0.2668860697180914,3.1403406518567527,-3.136072489984424,-2.260413976535101,2.1051780975868057,2.1046920823029724,2.109020705156618,4.541810608497146,4.552194930916681,4.535546286680181,0.6320527728863933,-0.520595423050527,-0.05341372509324641,0.3410241094562512,0.11389742277636673,0.11392369356629914,0.1137266038439616,0.26664552850163514,0.26712583246581073,0.2671791143501971
50.0,50.0,10.0,30.0,0.2289434741757822,0.2194694378863631,0.22436379531841422,0.2100614901115677,-0.5740032027796698,-1.7349509924028668,1.771040286110883,1.772313710327905,1.7685395050023882,3.1258992735006856,3.1132664482566677,3.1288463625092446,0.7149820200524383,-1.2870673309637894,0.07788891026805152,0.20700151328091196,0.08271328124690215,0.08267305019492398,0.08294727367716895,0.22479437255414642,0.2244832592853983,0.22432305948137454
0.0,50.0,60.0,0.0,0.1342970469441719,0.1337901316745775,0.13408594053044426,-2.0955521965311035,-2.099755533255736,-2.0959846440496115,1.0661082640625186,1.066461656204986,1.0668731711686468,18.141034564620828,18.135566335313214,18.1339371571067,0.7187172303236241,-2.0572513802815084,-0.0003536685434312834,0.3858682006780034,0.24053024481638255,0.2403988864622243,0.24040647583406144,0.13404505050055066,0.13415867985353394,0.1340988491626659
50.0,0.0,60.0,90.0,0.135462060777142,0.1344521898517076,0.13504678487599106,-0.3829380481746999,-0.4024203984636421,-0.6692095806669799,1.065788507687306,1.0644496568342139,1.062652081501059,16.403227539936633,16.394641744202843,16.381603769778508,0.6453124449701564,-0.5221886034343035,0.3016782111750158,0.04426167046440716,0.18898896849468494,0.18894203183169658,0.18864304262937096,0.13527650631330831,0.1348670437461638,0.1350358931847587
50.0,0.0,100.0,-30.0,0.1358772701445396,0.1349806913259426,0.1355694855108703,-0.3516783425322122,-0.3590681410815737,-0.5239654234656015,1.0676066718763504,1.0673840972012025,1.066420199438887,27.340502257389023,27.33617490991458,27.328323637896165,0.6453124447884993,-0.52218860317303,0.5025873537705396,0.00021567542316505407,0.3097953475380961,0.3098918511152626,0.30985272847071493,0.13567607104637458,0.13553547536478505,0.13556568738475847
90.0,20.0,60.0,60.0,0.245297629668059,0.2441733975864045,0.24501417348331905,-0.3081317765061884,-0.3205530074839489,-0.8173246339985241,1.931092104141718,1.9312656439320899,1.9307183836101105,16.181386253032926,16.17948909399702,16.17496362942612,0.6658515926585167,-0.7392330937283146,0.5403039392343565,0.1634991728122425,0.19287546093942035,0.19272058943994494,0.19264739481321122,0.24507722486843145,0.2450276167801667,0.24500495003192296
20.0,90.0,0.0,-30.0,0.2681301933451779,0.2663414852220663,0.2672267804061648,-1.9553783441594756,-1.9966475025335533,-2.0913880715731947,2.1079969384005732,2.1065460513268808,2.1093151058492814,3.2127211484624434,3.2142495137025535,3.2145469905513786,0.7655278985975957,-1.7768164077157629,0.0010621901335357371,0.33274625362715665,0.10453236555670475,0.10464986058246435,0.10464122088715747,0.2670703498509705,0.2672329497378866,0.26741959375574875
20.0,50.0,40.0,90.0,0.1575387754878768,0.1569363639079677,0.1572761267311734,-1.612984332298547,-1.6281852782032105,-1.7725173281783906,1.2453852628476687,1.2465542337962268,1.2456344049181274,12.735251757031506,12.73077644257096,12.729401330602798,0.718145790998976,-1.682010494824096,0.10851915612490733,0.3252072972416773,0.1825649966238569,0.1824721988500049,0.18242582355279732,0.15732398507901244,0.1573391330939545,0.15719581103193125
20.0,50.0,50.0,60.0,0.149620020167252,0.1489535620073244,0.14937113790215742,-1.6439742623743772,-1.6538717168919712,-1.7662312413055232,1.1863116804802156,1.1824297575767198,1.1859077370647169,15.420168208529725,15.411215333038276,15.41606697448207,0.718145790998976,-1.682010494824096,0.12165810866198912,0.3568386211518617,0.21125434131040335,0.21103968154869174,0.2113828136754358,0.14927290513534638,0.14920807736832287,0.14968943691245687
90.0,0.0,50.0,-60.0,0.2609641519673362,0.257682905458912,0.2599927713862181,0.071261315786728,0.0293564658544337,-0.6374271345201512,2.047318036707993,2.0475605355526616,2.0466997071847457,12.343134468256448,12.340697861622026,12.338657516419543,0.6345906059435026,-0.5206635690729228,0.40823522240364474,0.046921178731979846,0.13210999945515278,0.13213359402855696,0.13215026669189822,0.2601096334213495,0.26003262678627775,0.260004407876112
20.0,50.0,60.0,-30.0,0.1421288192817818,0.1415451947226267,0.14187774732687086,-1.660485276202852,-1.6692469351100396,-1.7603385542831633,1.125767727707003,1.1264727498601768,1.1292626491420612,18.103855694142396,18.099204010623072,18.09885293274973,0.7181457904689341,-1.682010492988882,0.13366575079820803,0.3844270180111491,0.23956566971628762,0.23980890428317492,0.23977985516289574,0.1416280728075917,0.14207447965624093,0.14197802008925395
50.0,50.0,90.0,30.0,0.181878888396784,0.1795405835523686,0.18087323045081147,-1.1215330808636923,-1.1380081725257565,-1.3058394002720841,1.4325619593951946,1.4342100908211362,1.4359322392891574,26.15888760023443,26.162736360340244,26.154157770820113,0.7149820200524383,-1.2870673309637894,0.5039914329055065,0.5001601750356056,0.328997910461218,0.3288640409464667,0.3288904956721494,0.1807535939703591,0.18117339378855912,0.18095583005701127
90.0,0.0,80.0,0.0,0.2313006574968003,0.2308532488749852,0.23108736943616767,-0.2084922650816797,-0.2130362540438161,-0.576845476052858,1.8199636760597633,1.8193357180401648,1.8185589052299962,21.35868360039888,21.361018499647724,21.345241507209696,0.6345985081197228,-0.520659588644016,0.6612044249631835,0.035259105249719015,0.23946765377647297,0.239399261848296,0.23925678804107614,0.23119278997399667,0.23100668110403774,0.2310863252291403
50.0,0.0,80.0,90.0,0.1257608418475714,0.1253997752447139,0.12560507475300067,-0.4159831656468861,-0.423013984257258,-0.6143675273208051,0.9909932124357679,0.9889134599448045,0.9891914766853577,21.933108903359535,21.928279692829292,21.934411652033962,0.6453124449701564,-0.5221886034343035,0.37564488451064826,0.03418040937365123,0.25079231893974885,0.25070106307400924,0.2507268841692379,0.1256632652685724,0.12545295735639295,0.12572311182667567
0.0,20.0,120.0,0.0,0.0433728641178518,0.0417219052977438,0.04253256948743894,-2.0674776268340933,-2.1030665276482,-2.082382890282949,0.3545656919042092,0.35454235664109435,0.35858345392499485,33.645653212091894,33.6410575796192,33.638531795280336,0.6791449760543936,-2.0262614013022464,0.003930641070603917,0.1999414999228622,0.39417665049527517,0.39428521876434025,0.39414382412378773,0.042504527136083714,0.04302331902840549,0.0430021950339933
100.0,0.0,10.0,-90.0,0.2691247703828201,0.2643802213743029,0.2668459468011441,3.1374011629986622,-3.139173119936965,-2.25822137701837,2.1040535226336154,2.105097632038433,2.109022583121316,4.57671556044505,4.578987920946983,4.570995948948868,0.631980584633764,-0.5206923662317589,-0.05274310518912664,0.34262793867482544,0.11435498017619578,0.11440255407488287,0.11424569523657069,0.26658248202475193,0.2671993572333525,0.2670712940360608
50.0,0.0,120.0,0.0,0.1131389904113392,0.1115870502041876,0.11243143667953444,-0.3983878540251324,-0.4197437004983598,-0.5235981625882755,0.8864504353149592,0.8862426180729188,0.8851456262274163,33.00388914556037,32.99925584366255,32.98860877844168,0.6453124449701564,-0.5221886034343035,0.5043215974424319,1.7637706786486563e-05,0.374665426275421,0.3747847199451948,0.374777962935139,0.11262926336558797,0.1124600328173364,0.11250221043416012
100.0,0.0,90.0,-90.0,0.24451086978278,0.2442334496404749,0.24440844567849432,-0.2122209654393734,-0.2152954874615175,-0.5578869920013853,1.9239879583929724,1.924835740636438,1.9231904163010372,24.081173437676764,24.080208807797167,24.067235307338667,0.6320318774429151,-0.5206219874628896,0.7877979838104924,0.02703132420424964,0.26980101379297705,0.2696694425397793,0.2693722505741192,0.24452712370051818,0.2444167136580322,0.24430445926388678
20.0,90.0,30.0,90.0,0.2476412890402641,0.2469605442953629,0.247383479578316,-1.686875102306331,-1.7140084764037389,-1.8962140503430875,1.9559057863928644,1.9553407513995582,1.9550803510709405,11.071325527189064,11.073585135620393,11.070898415001395,0.7655278996474294,-1.7768164101630861,0.10892496222876603,0.5422264423979504,0.1871609089667978,0.18739918019693566,0.18713765606747132,0.24743036333714843,0.24734746040057626,0.24742147277995746
50.0,50.0,50.0,-60.0,0.1883807148599946,0.1874920690800176,0.18808343303969904,-1.072779013469403,-1.0905704947135986,-1.3854405643419794,1.4879882541782388,1.4858409487382385,1.488817870628118,15.093669135434112,15.085373646437853,15.087467383198653,0.7149748764494472,-1.2870565561143172,0.30085056455357045,0.3506834316582153,0.20560574743521293,0.20538320057371354,0.20540364280763837,0.18794566827307438,0.18805884141684773,0.18831574267014156
0.0,90.0,30.0,-30.0,0.2423146312685098,0.2420158914263236,0.2421575661096507,-2.0840689506305576,-2.087720613552674,-2.088798919456936,1.914722334198615,1.9135254563775608,1.915294796244593,11.180163570111088,11.180372574441519,11.173456683390654,0.7665320183359835,-2.0025111853629154,0.003227417089751985,0.5461420007722049,0.1888707124482172,0.1888561303232369,0.18875850066795286,0.2420664787972772,0.2421432724348701,0.24228318013921846
90.0,20.0,110.0,120.0,0.2189380126536009,0.2176130172221234,0.21837137093061876,-0.4939094153403741,-0.5048528534394008,-0.7419390614668647,1.723345983815332,1.7224937644672214,1.721866410480818,30.431901979084557,30.434988206564128,30.419775208161543,0.6658515926585167,-0.7392330937283146,0.9031538540558144,0.2002025155686737,0.35452190364595687,0.3546546648559482,0.354436413387392,0.21851862516993376,0.2183548896197915,0.2184521428405929
50.0,50.0,40.0,-90.0,0.1975658318253386,0.1960872775675232,0.19712635321386668,-0.9893615862416444,-1.0225941473056497,-1.4002124758817123,1.5570790051895356,1.5582324934963607,1.5580238495002074,12.297090932359685,12.292114337355649,12.286869511542685,0.7149243835150846,-1.287005493238973,0.263628053208064,0.3168058977256749,0.17515287242250252,0.1750717948544388,0.17512766169071092,0.19713167777842813,0.19723141797553262,0.19709862455093569
0.0,100.0,90.0,0.0,0.2263649586743352,0.2247300886623555,0.22569866244070122,-2.081545184058288,-2.0888419829912745,-2.0871198538800333,1.7955466973420888,1.793741118982928,1.7922525222358145,27.618124247504333,27.605594424412622,27.602673484431605,0.7785098420441033,-2.0214286154605,0.008914827383588968,0.9999246849527513,0.37230989083809257,0.37224519052958116,0.3719403497097363,0.2259710103585122,0.22555668180135302,0.22577940327160573
50.0,20.0,110.0,30.0,0.1265236535346748,0.1246250497798293,0.12562617191819653,-0.7614726189883148,-0.7798615615826798,-0.9018447772245323,0.9948526311771387,0.9987299639046674,0.9934255743826506,30.784391402549378,30.78373165076877,30.77021760432952,0.6750696220906218,-0.8936880611762084,0.5044085264201609,0.2000560497866728,0.3611793676510164,0.3613378433039334,0.361162133876779,0.12602604082236735,0.12582524984675375,0.12536536139780327
50.0,20.0,80.0,90.0,0.1322526981038048,0.1319787462432128,0.13214417659755326,-0.7822590556372503,-0.7857730861736474,-0.9694616015021995,1.0464589583094919,1.0452279656575907,1.0447583280408723,22.509219574186442,22.509391849872387,22.50657870949989,0.6750696220906218,-0.8936880611762084,0.3841804113870195,0.18349645167714299,0.26948066831985495,0.26933275421417774,0.26939898738391066,0.13224479330703878,0.13203697325013503,0.13220277667483485
90.0,20.0,100.0,120.0,0.2420660999003284,0.2387497058762738,0.2407258346782118,-0.4425424108237161,-0.4521185218541879,-0.7423181449512499,1.8969306173302527,1.8981068157769825,1.8982654023068197,27.532073651821225,27.524967964550047,27.517788714588736,0.6658515926585167,-0.7392330937283146,0.9025722655111736,0.2005549024611828,0.32157759153839977,0.32138938929940425,0.321551133407826,0.2407267787179804,0.24088873414457793,0.24074730920405785
0.0,100.0,110.0,-60.0,0.1988130754683529,0.1969217949391907,0.1978878176215009,-2.079719624707692,-2.091153802730034,-2.0867814748280904,1.5768873461663644,1.5774171258799263,1.5781356144891983,32.797698168013476,32.79399645873624,32.792534459537926,0.7785088817639688,-2.021426718079779,0.009367980145685711,1.0000431989461571,0.42401808571471133,0.4242120948142886,0.4238718151232194,0.19792799056738258,0.1980667581737689,0.19801533829295878
20.0,20.0,60.0,-30.0,0.0837040101064941,0.0833046932042107,0.08352846759969305,-1.344250065242252,-1.3635810803810475,-1.4549302487430853,0.6643943734345291,0.6663891774541558,0.6653196980247192,17.279892827576628,17.282745150340656,17.271323956888637,0.6784793399462259,-1.2771801091566763,0.127431530681017,0.1711443445425418,0.213789097002863,0.21376064746886433,0.21364627654399496,0.08355916507913577,0.08366189466622427,0.08341967157407351
0.0,20.0,10.0,90.0,0.1076069634611385,0.091701661683792,0.10019877518643237,-1.724853578928707,-2.4153521862829392,-2.072917840461489,0.7966217868934061,0.7952537572014046,0.7959901723025168,3.9578678214996925,3.966157846257441,3.958176512371066,0.6791449760543936,-2.0262614013022464,0.0015019455874399912,0.08395258998570392,0.07107715461642561,0.07106851465393625,0.07118057061601354,0.10076146408300328,0.10067567402857537,0.10086723941431008
50.0,20.0,60.0,90.0,0.1442454399807819,0.1437406390689312,0.14411002520828473,-0.7451242143714808,-0.7521912586428737,-1.0137051598714193,1.1378472844964531,1.1393298602850017,1.1391735782326142,17.003524156204442,17.006144402183857,16.997777906167205,0.6750696220906218,-0.8936880611762084,0.31685403164814596,0.16901493218228297,0.2084059391972591,0.20849722758571398,0.20834156471328608,0.14407215752218228,0.1442455098576006,0.1440578630389063
90.0,0.0,0.0,90.0,0.2571488681230739,0.2566095788769787,0.2568644110028759,3.138940936904397,-3.138751708328492,-2.0913985694581,2.0263967359166832,2.026539657158126,2.0277585531299573,3.135940964025563,3.132897956399976,3.1360485070186397,0.6345985081197228,-0.520659588644016,0.0009886750076289132,0.3118933126982388,0.10209970540412165,0.10201082543017106,0.10221182970725727,0.25684868068204403,0.25701529277250645,0.2570015981308794
0.0,20.0,0.0,30.0,0.1144766631929519,0.0943224197781336,0.10492284236825025,-1.969008311406253,-2.1215171751278845,-2.087877819554316,0.8739686710150559,0.8742673341610255,0.8740626534611301,1.8898783412142188,1.893460621451483,1.9088246832925553,0.6791449760543936,-2.0262614013022464,0.0005422409003925714,0.06427357672327756,0.05714829560448083,0.056964059003974686,0.05715325394949748,0.11081290541761936,0.11080041366723997,0.1107686948732108
90.0,0.0,110.0,-90.0,0.2272124352155527,0.2238760498459951,0.2257097710940412,-0.2620055697986166,-0.2715757643688831,-0.5238402544841044,1.7766970654821688,1.777353373033865,1.7750090317462184,29.779687593741514,29.77794987139345,29.775905433883977,0.63459133878996,-0.5206681407984156,0.9029399966115849,0.0002777665820862513,0.3349169785557408,0.3348346897991908,0.33469491301723187,0.22593967625996306,0.22572936212992986,0.22565009379137127
20.0,50.0,80.0,30.0,0.1301602183635158,0.1295918522384723,0.1298251869905519,-1.6512651284484006,-1.6617593381172164,-1.7280479167668805,1.035151595535318,1.035058371704423,1.0339557942797655,23.476945296981288,23.472070531343164,23.454223593397053,0.718145790998976,-1.682010494824096,0.1661783365196431,0.4318360557314454,0.298516655573414,0.2979079393814155,0.29789936673839607,0.1299509541807873,0.12981768471579042,0.12978008206126831
50.0,0.0,120.0,30.0,0.1131389904113392,0.1115870502041876,0.11243143667953444,-0.3983878540251324,-0.4197437004983598,-0.5235981625882755,0.8864504353149592,0.8862426180729188,0.8851456262274163,33.00388914556037,32.99925584366255,32.98860877844168,0.6453124449701564,-0.5221886034343035,0.5043215974424319,1.7637706786486563e-05,0.374665426275421,0.3747847199451948,0.374777962935139,0.11262926336558797,0.1124600328173364,0.11250221043416012
20.0,20.0,90.0,90.0,0.0789542315304019,0.0776000818182543,0.0782765867726169,-1.2162876258252902,-1.2421754848213205,-1.3045266630027763,0.6260984926911239,0.6267204475246423,0.6261194701900968,25.420358275306395,25.425298656801772,25.416524841036892,0.6784793404823032,-1.277180112019705,0.20212956372162427,0.19991394097685738,0.30368749176233345,0.3035302150420137,0.3034860656766758,0.0783493325253654,0.07835550908510902,0.07827360097594681
50.0,20.0,120.0,-90.0,0.1163600575557347,0.1151366478588907,0.11578927893727597,-0.7825066498107053,-0.7968755385877092,-0.9018185377255042,0.919236120664594,0.9174368374288593,0.9211681510938149,33.53683907883952,33.5332211586944,33.525568257342826,0.6750696220906218,-0.8936880611762084,0.5048932641841065,0.19996174672778702,0.3922463120895462,0.3922778916697984,0.39259299732152797,0.11566384326285263,0.11591996578898296,0.1161682047531358
0.0,90.0,110.0,90.0,0.1817724567758218,0.1799468848899008,0.18096263384593464,-2.0675994032254112,-2.0863169400126638,-2.0792843232718323,1.446015369225525,1.4404686904252826,1.444815616267258,32.60666047636208,32.59930385643541,32.59018891354918,0.7665320191074287,-2.002511187159981,0.015344200275108152,0.900181566098526,0.4177412600972978,0.4176438479040687,0.4173704352201913,0.18092795381534676,0.18081098306434848,0.1814834928978104
20.0,0.0,50.0,120.0,0.0599961293292231,0.0588814638413488,0.05948002872280673,-0.7703044676929077,-0.811029955297107,-0.9281733472018829,0.4719016437220397,0.4721876737374316,0.4702386645856692,13.965054348372938,13.96970547972402,13.961939606685032,0.6492905343418074,-0.5217752697370182,0.10769286332075802,0.046110090746575634,0.1642177850002625,0.16440762354224334,0.16441507035734532,0.05964322891445379,0.05944150009188496,0.05941632837243943
20.0,20.0,0.0,-90.0,0.1257454607469412,0.1075193420235261,0.11713333615794352,-0.3526119059047068,-1.103463065980154,-2.0888879825133,0.9528449311394457,0.9540799155702983,0.9525924693253143,1.8697921203661083,1.9046586768041271,1.907911834121494,0.6783952731859729,-1.2769220482175776,0.0005414265897645401,0.07236517209164327,0.0569688800455373,0.05735963665866981,0.05767409224121483,0.12093717355204113,0.12088480058501505,0.12084463818133377
20.0,20.0,90.0,120.0,0.0788206049351864,0.0776588317442966,0.07825046836826019,-1.216411898658046,-1.240389002106694,-1.3045154248247797,0.6264781399563073,0.6262992360181271,0.6254655924498624,25.422641373337754,25.424741732010656,25.416676147343267,0.6784793404823032,-1.277180112019705,0.20206128325426542,0.19985185555440038,0.3037387732033028,0.3035372435446375,0.30344289219896914,0.07837317324212896,0.07825349733058613,0.07826769167551224
0.0,90.0,40.0,30.0,0.2323276578170585,0.2320013843756095,0.23212337119188894,-2.087558123819629,-2.090970072209974,-2.0903985352856798,1.8361212714454977,1.837434000407498,1.8370001731374697,13.816888265345007,13.812725173479244,13.803191917517283,0.7665320191074287,-2.002511187159981,0.002636648563415524,0.5999239287820239,0.2161504478030712,0.2161401924698414,0.2159996860994277,0.23211061015958157,0.23223437574132658,0.23205604296676688
20.0,0.0,90.0,-60.0,0.0481321234176404,0.0476629771857285,0.04791621927570531,-0.5949613440596372,-0.6205303475928621,-0.6722953816545321,0.37923914152201343,0.37936772517160894,0.3799509077064133,24.85562729512332,24.849232968994205,24.8503777400696,0.649286948823821,-0.5217748882811062,0.16173127266447196,0.024201417141930318,0.2847418220462543,0.2850481732278182,0.2847204544984161,0.04789271022157972,0.0480064579037097,0.04797767740730607
0.0,100.0,30.0,-60.0,0.2621541632244187,0.2616052098382309,0.2618603414829371,-2.0994035403830607,-2.1034655880258257,-2.0962749521969934,2.0711398649998447,2.069367686626883,2.069284294060651,11.415147932965684,11.412388379171693,11.408989796626278,0.7785010908658542,-2.0214111337263225,-0.0009583043934063921,0.6146909389372149,0.19647096595636135,0.1964125083596361,0.1963068207860643,0.26195423346718644,0.26171401022879576,0.2619391118322277
90.0,20.0,60.0,90.0,0.2453832164468779,0.2442480757092841,0.24509761031094163,-0.3080847472045228,-0.3206755705480009,-0.8175027258245617,1.9317401323633596,1.931930175050382,1.9313842205942886,16.181500400512576,16.17949342960107,16.174987519165978,0.6658515926585167,-0.7392330937283146,0.5404889332315331,0.1636614360795736,0.19288849184747311,0.19273071747668535,0.19266009687101862,0.24516014184655888,0.2451127149987491,0.2450879384637128
0.0,100.0,90.0,-30.0,0.2263647782346383,0.2247296698377901,0.2257000514448293,-2.081475863785894,-2.088769566284926,-2.087058167446994,1.7953400282557503,1.7942274882009264,1.7919888134399713,27.618030117940485,27.606538598735295,27.60275264158359,0.7785098417886098,-2.021428614902431,0.008974939088796915,0.9999310353598453,0.37231568987611985,0.37228764955314675,0.3719718369579704,0.22600774556720937,0.22558272770746826,0.22572345277040914
50.0,0.0,20.0,30.0,0.1651890045755445,0.1509050893009467,0.15677405380728396,0.3165820175522031,-0.0382757862032262,-0.951318139794067,1.2492287856729485,1.2496029984887989,1.249160101763005,4.718855192880692,4.684746353021147,4.697423999418651,0.6453124449701564,-0.5221886034343035,0.09352393281589555,0.047102941100864076,0.061106647660896275,0.06077172936503495,0.06074002255976116,0.1587196999365621,0.158586588709706,0.15853644808956588
0.0,20.0,10.0,120.0,0.106903211132241,0.0920696205436753,0.10026765648256862,-1.7306332768965271,-2.4125913180453247,-2.0764526579251443,0.795368423148199,0.7969315332685238,0.7959505999965633,3.9610881750641838,3.9567817938233274,3.9532243234623468,0.6791449760543936,-2.0262614013022464,0.0014254171896433902,0.08382820924323518,0.0709892523079379,0.07100080127451194,0.07115069410872107,0.10078948984261807,0.10087081764960568,0.10067024486405118
20.0,90.0,80.0,0.0,0.2301767863861663,0.2283457866673491,0.2292024968964457,-1.778326898054845,-1.785673921934573,-1.8624518044682297,1.8178220160660088,1.8173344220553995,1.8230319179204073,24.771922460971744,24.764550667264437,24.76306485461725,0.7655278996474294,-1.7768164101630861,0.21364545691614645,0.8999467936423721,0.3382775725825777,0.3380328436118998,0.3383680148610519,0.2288268110468075,0.2294628958218407,0.22950739315921526
20.0,90.0,0.0,30.0,0.2681331899405876,0.2662588769532867,0.2672265109524312,-1.9516813957036565,-1.994352715356836,-2.091374478303627,2.1078011741742726,2.107078183380276,2.1090022674592537,3.2124874241768406,3.2169244391120317,3.2163937494140873,0.7655278996474294,-1.7768164101630861,0.0010693727438419653,0.33275123361726044,0.1045413327191045,0.10470712784217899,0.10466223604801302,0.26711431041976597,0.26725895590008375,0.26735370232800115
0.0,90.0,0.0,90.0,0.2681490229130227,0.2663506511941095,0.2672218779395744,-2.015146146995788,-2.051495593136025,-2.091368785459753,2.106941079617096,2.107490261753931,2.1092933013516997,3.2171461346231545,3.2152735212454493,3.2158721158820853,0.7665320191074287,-2.002511187159981,0.0010743148638819528,0.33275522513161293,0.10477501255775168,0.10464758046464918,0.10466721895118877,0.26705535969972355,0.2673501643654505,0.26729087007800345
90.0,0.0,110.0,30.0,0.2272128928237767,0.2238567097790969,0.22570827423996506,-0.2620054876725461,-0.271598429545992,-0.5238484474936096,1.7766876529986664,1.7773451604250141,1.775000694813894,29.77972176095575,29.77798414034441,29.775936486961115,0.6345985081197228,-0.520659588644016,0.9029340985747443,0.0002848062661579497,0.3349179275090095,0.3348355695262656,0.3346958377967822,0.22593853208485432,0.22572834443667522,0.2256489313422178
90.0,20.0,20.0,0.0,0.2858079078781581,0.2555047039958701,0.26659061407710616,1.687099740395222,0.4508699756376464,-2.0777692912387438,2.1034189048885907,2.0973789485291827,2.104098451481911,2.7956342798868934,2.8017519167875804,2.81610158830194,0.6658515926585167,-0.7392330937283146,0.006897916215776015,0.1451612692207154,0.05169653505177846,0.0517032537555595,0.05161442440209353,0.2664715078400504,0.26656361358092956,0.26732586464007935
50.0,0.0,60.0,-90.0,0.1355315192346593,0.1345453999340213,0.13513073393436978,-0.3824538703350951,-0.4015258864497668,-0.6684734276512071,1.0668762082124938,1.0647775714349805,1.063194988668141,16.40281775332041,16.392660923109986,16.379127871914694,0.645269990872172,-0.5222407464915354,0.30182905397430176,0.0440547742394787,0.18897279882221113,0.18890771202632808,0.18857958063866817,0.1353738965818698,0.13489680601811363,0.13515970200821195
50.0,50.0,100.0,90.0,0.1672380604312942,0.1660635057162594,0.16666588123637902,-1.1501328787003735,-1.163275856201829,-1.304548700970606,1.3232777774622848,1.325455401206121,1.3232711838986793,28.869680161732,28.86653376851925,28.852757308409064,0.7149820200524383,-1.2870673309637894,0.505715119059203,0.5000223809392067,0.3572826950248764,0.35728477452127777,0.3572476811543924,0.1668411352437454,0.16683541258074994,0.16656569843263536
100.0,0.0,110.0,30.0,0.2487105632550041,0.2451951472068459,0.24719583357133681,-0.2364357081986837,-0.2460093902767821,-0.5238695438098151,1.9456641106768953,1.9457980474225445,1.9448476494933706,29.668089717248336,29.663769179189053,29.65479995646652,0.6320527728863933,-0.520595423050527,0.9820048308987516,0.0003320950555336376,0.33253752206800125,0.33251673267733534,0.33241439959637925,0.24733057950489815,0.24722416586809623,0.24721633092770312
50.0,0.0,10.0,-90.0,0.170171740726945,0.1467156952988289,0.15634214722247225,1.129388126833703,0.143259456953147,-1.761752799103555,1.2645618585553597,1.261741896511562,1.2606325332785755,1.8894769757522882,1.9033456786237999,1.9043898858161663,0.6452367415866891,-0.522282415950498,0.023606743752197054,0.07163233235823925,0.05196018152806964,0.05117738516792047,0.050769160798646046,0.16044262812748555,0.15987763442730724,0.16023020540832236
20.0,50.0,90.0,-60.0,0.1369222301583379,0.1350582776363871,0.13616854024323352,-1.627353099706,-1.6529082021082036,-1.709903324853493,1.0877332687087502,1.0834054664615413,1.086723720050094,26.34574310737269,26.33955053891818,26.338876300032286,0.7181427711229307,-1.6820014385672415,0.2030638245913488,0.5000103921661839,0.33227870755751326,0.33210610802727397,0.3321333394600911,0.13616047082308913,0.13605255422402066,0.13657146099235107
0.0,90.0,120.0,30.0,0.1706593976517882,0.1689487829286603,0.1698463265520228,-2.074523011651081,-2.0809039976590227,-2.079249879508322,1.3585948006509805,1.3573386994338257,1.3599591365885808,35.20336255751683,35.196553518819194,35.190778978488936,0.7665320191074287,-2.002511187159981,0.015419500780851228,0.8994436657434173,0.4443582827986669,0.44455557464769263,0.444270391927355,0.16986350670193173,0.17006630911807002,0.17019406176910368
0.0,90.0,80.0,-30.0,0.2236445160824124,0.2218932049724142,0.2226797939041799,-2.0740510246514643,-2.081772016837511,-2.0814160319294928,1.7699588718851726,1.766700271217746,1.768601384396643,24.805284853082775,24.800214306277752,24.788383365361618,0.7665320187636447,-2.0025111863615264,0.01273162107366683,0.8999234626520919,0.3389491964429689,0.33894887464351664,0.3387102465117013,0.2226958570031417,0.22255286545925634,0.22295417940068862
20.0,50.0,40.0,-30.0,0.1573849297048481,0.1568252837505696,0.15716559436206298,-1.613211763979092,-1.6301214609065693,-1.7731669008884379,1.2442195044140794,1.2458998196591964,1.244731166811186,12.735008965194947,12.728967841874463,12.731551342110325,0.7181457902922469,-1.6820104923771249,0.10821844941111886,0.3250057376966025,0.18253281482721395,0.18245163884346197,0.18238352774595357,0.15720965065893067,0.1572559377170764,0.1570479396889603
20.0,0.0,80.0,-30.0,0.0503574552947137,0.0495622224961637,0.04999265667170516,-0.6617989274111374,-0.6804834480586338,-0.7443107917871096,0.39619290620537556,0.3983484082642366,0.3948226451492268,22.12408239673953,22.13503452020846,22.124178950762655,0.6492905339847087,-0.5217752685676822,0.14885676797951708,0.03336552768594243,0.2543610637864072,0.25480196335515454,0.2544371871954148,0.050225393394264656,0.050064998227068475,0.04980024540830639
0.0,90.0,100.0,0.0,0.194212194238621,0.192318597406509,0.1933559064540668,-2.067819583835967,-2.0846733763251186,-2.079318401609787,1.538719004840043,1.5422605291005758,1.539116804949058,29.98796581938603,29.988772477743534,29.982636195643362,0.7665320191074287,-2.002511187159981,0.015286099997596848,0.9000175921200371,0.39120514302834153,0.39140901087886876,0.3909110277656147,0.19355830396272322,0.193601971926382,0.1931731278256822
20.0,20.0,20.0,-90.0,0.1087697180824062,0.1058753496569927,0.10729349698566405,-1.1836098185733532,-1.2962947277336143,-1.5683513264781839,0.8494123182362959,0.8477898555472554,0.8492202475095103,6.434533483783205,6.4237267844595625,6.433967667069179,0.6784087756250614,-1.2769576573471904,0.06139059484352954,0.10583875921227377,0.09648088804373618,0.09623922328085201,0.0964718074016767,0.10731596050524572,0.10728260630897758,0.10751055412920878
20.0,90.0,20.0,-90.0,0.2590497651655424,0.257765495607389,0.2583917207953624,-1.5798894856744556,-1.6534358288570787,-1.9062184862095697,2.0405604019591745,2.0407473262960205,2.0412698792314594,8.391512633051754,8.385655077046215,8.382153812051637,0.7654593456812566,-1.776669000109642,0.09178946321997726,0.48267099013053005,0.1594677704592966,0.1594491279629225,0.15934710509581185,0.2583567194359262,0.25844468027492556,0.258413616862886
20.0,0.0,80.0,90.0,0.050826250124484,0.0500267672879324,0.050467522281216745,-0.6558418689674922,-0.6918366196340588,-0.7500036224703331,0.39981430190292244,0.4013807785838728,0.3995764748110172,22.125210902057972,22.139669602099488,22.130352180899052,0.6492905343418074,-0.5217752697370182,0.1501551256950634,0.03455148506572049,0.2544980716661225,0.25486523994612537,0.2546523418591361,0.05057889713570431,0.050564109953305104,0.050370714561046664
50.0,0.0,70.0,-90.0,0.1303255471655817,0.1299442982212169,0.13020315831208543,-0.4071850196649168,-0.4114645814738193,-0.640944793617365,1.0264289000899238,1.0255473422701034,1.0261140222068406,19.180294140336635,19.17388758052974,19.173144617108317,0.645276878793356,-0.5222325234419783,0.3402707218980591,0.04012063000477404,0.2199465462395538,0.22007900343752151,0.21991770187347637,0.13019324988112224,0.1301752489697513,0.13028794803053415
0.0,90.0,90.0,0.0,0.2078450019235087,0.2065525080225237,0.20719300466624474,-2.073332487884771,-2.079936456070232,-2.079328440421183,1.6475272616986727,1.647847838915261,1.6487008559469147,27.38119691886138,27.36939741755108,27.370587153067806,0.7665320191074287,-2.002511187159981,0.015075358844622043,0.8999155898933495,0.3646431402785945,0.36451979964541814,0.36442595139404005,0.20719031906055294,0.2073247815494103,0.20726825884306943
100.0,0.0,120.0,-60.0,0.2245967966499891,0.2229819193617176,0.22380453553490948,-0.2846490746704195,-0.2961627380385138,-0.5235953864515763,1.763311076345296,1.7590970376177615,1.7636979371634571,32.61771008958458,32.62255920854116,32.60897036680524,0.6320527728863933,-0.520595423050527,0.9825377657753196,7.3365249634237045e-06,0.3673581434117991,0.36722680204700536,0.3670945219491181,0.22364850375992243,0.22372852640904592,0.22422445439607108
20.0,20.0,70.0,120.0,0.0781996621045752,0.0777178516082156,0.07797093156428755,-1.3374503444962569,-1.3552045553223333,-1.4307715617501582,0.6234694004146496,0.623170445631172,0.621209554345796,19.972872923615796,19.973221932548817,19.96544287893891,0.6784793404823032,-1.277180112019705,0.13979153405522582,0.1784900349410961,0.2428494365149191,0.24295658308417314,0.24281256624971265,0.07816104652296069,0.07787840872820756,0.07793590783962279
20.0,50.0,120.0,-90.0,0.1099594070821722,0.1074168049160888,0.10861112957735851,-1.6535414924314298,-1.6804494707581,-1.7077196911957038,0.8720437839066364,0.8737989598494923,0.8741153199854761,34.3653455214722,34.36543059448764,34.35235678026195,0.718145790998976,-1.682010494824096,0.20534553062648248,0.5001509669679027,0.4176257619133201,0.4174046292348564,0.41738422351391274,0.10869246559767134,0.10895111383617219,0.10871481924071819
90.0,20.0,10.0,120.0,0.2681977838600223,0.2575105738779796,0.26658307753892385,3.140843501540925,-3.135782304916228,-2.2693782319559497,2.1017280810133236,2.10134484230347,2.1028539333489227,3.8056735927013996,3.818054615242675,3.8086197128702866,0.6658515926585167,-0.7392330937283146,-0.05536472101164431,0.3065403802129708,0.10327777883318047,0.10349426821066714,0.10337484918533606,0.2663911833368242,0.2665362166621447,0.26658293616986123
20.0,0.0,120.0,0.0,0.0460824172123656,0.0435640731296654,0.04507086403623848,-0.4314626727273524,-0.5282394655856135,-0.5229240887226548,0.3591578305139539,0.35848508432767806,0.3591906212222391,33.10333160298712,33.1070206686998,33.091604383127354,0.6492905343418074,-0.5217752697370182,0.2039313806161198,-6.170881700126556e-05,0.37717398716353917,0.3769906531222462,0.37708482820471056,0.04545747952722558,0.04549674310664294,0.04556076272998097
100.0,0.0,10.0,60.0,0.269022300129371,0.2649888724001568,0.2669092267002496,3.138169904835861,-3.138165674297821,-2.2609257302218526,2.1055594024320494,2.105190767477057,2.1089669692820476,4.5387475808542606,4.5475036893118785,4.527411811331539,0.6320527728863933,-0.520595423050527,-0.05357680117123595,0.3406948963622282,0.1138274477489237,0.11386188300758666,0.11368961998541499,0.26672234195858185,0.26714874927144844,0.26718999749448796
0.0,90.0,70.0,60.0,0.2407468015416155,0.2392780761382963,0.24005643581426184,-2.070014886460488,-2.084824234979675,-2.0810090769815663,1.902217268479714,1.9055500789283333,1.903486947981408,22.236538781904002,22.23708034023461,22.220075946177793,0.7665320191074287,-2.002511187159981,0.01275044287053566,0.8998060581318298,0.3144353136485222,0.31453637464500533,0.31426145448407067,0.2401425982230205,0.24029950343833878,0.23987646426379094
20.0,20.0,10.0,90.0,0.1222691339843217,0.1097604333864058,0.11550668868284313,-0.7694085127579393,-1.5122914828150738,-1.67002703585066,0.9123343174668604,0.9127115336889831,0.9122994261415843,3.6661803767515653,3.6605495703816504,3.660212127907566,0.6784793404823032,-1.277180112019705,0.037635890716334,0.08358804851137876,0.0672755712004818,0.06713893339086287,0.06734815063974087,0.11562075029270046,0.11559362212197498,0.11554482031303354
50.0,20.0,110.0,120.0,0.1265236331934913,0.1246250550686684,0.12562637059426018,-0.7614726406592226,-0.7798615879789672,-0.9018461198309355,0.9948546669578315,0.9987319102774117,0.9934275046155162,30.78439444143246,30.783734205203675,30.770219984518782,0.6750696220906218,-0.8936880611762084,0.5044087140427581,0.2000569924870575,0.36117945517675065,0.3613379310052741,0.36116221720844216,0.12602629282290312,0.1258254888700234,0.12536561198181667
50.0,50.0,30.0,90.0,0.2082314688079642,0.2049069005242856,0.20697076144763954,-0.8341208615090159,-0.9248839782569128,-1.424642599403842,1.6338211564159357,1.6347124118686056,1.6348111731617823,9.392950851713533,9.388534328254812,9.387407333894545,0.7149820200524383,-1.2870673309637894,0.21989185981020176,0.27810565884611516,0.1432181956313664,0.14300788593946276,0.14311971116935204,0.20697784981977307,0.20709594114891533,0.206983872739228
0.0,100.0,20.0,-30.0,0.2679501064683716,0.2674907723867262,0.26771364534111347,-2.064233132117932,-2.068403745362913,-2.0821328234354195,2.116929104977873,2.1139800489905003,2.1130103411277577,8.738786006312324,8.731869160508454,8.72588393823364,0.7785098411889791,-2.0214286135999533,0.00669491175879854,0.5349737596857024,0.16750647530778698,0.16747545993410104,0.1674771092133548,0.2679292396858237,0.26742549573385094,0.2677995400117278
50.0,50.0,20.0,60.0,0.2194841220143767,0.213179340590758,0.2168486383386185,-0.5193722885329812,-0.7833511535683475,-1.4919441387958532,1.710754536197281,1.7127023347392178,1.711487163118596,6.331811484381285,6.327715307934497,6.327195918890645,0.7149820200524383,-1.2870673309637894,0.16193845311386199,0.23641728933863174,0.11078760319405047,0.11064820691240955,0.1107694631605885,0.21698820790400392,0.21707848107899913,0.21683541127350872
20.0,0.0,60.0,30.0,0.0559936471941124,0.0553403955017015,0.055644065867336535,-0.7519691354242327,-0.7769164756014068,-0.868396567369211,0.44179705524905155,0.4407502595299331,0.4410230666814326,16.69843285733671,16.696076569070424,16.69231866713664,0.6492905343418074,-0.5217752697370182,0.12195772669982693,0.04377235496379089,0.19468407163365772,0.19470292334761025,0.19465570349477546,0.05567095414839588,0.05558801199928632,0.055725388731988394
50.0,20.0,0.0,-60.0,0.1686868622182018,0.1675788504553956,0.16821572433418075,1.83118928676641,0.1134866307079617,-2.0912948551425545,1.328226487459475,1.3249195949074695,1.328109180740823,2.046013345013887,2.0498001258032352,2.044704454505324,0.6750561700544023,-0.8936792025966761,0.00045833220626783933,0.13270205366440074,0.06666927631982576,0.06679253932985386,0.0665155404901989,0.16811095438021015,0.16809209061035685,0.16851778375560558
0.0,20.0,10.0,30.0,0.1069756133051999,0.0911897595546908,0.0998188185302692,-1.732587088029872,-2.4129696166810626,-2.078727359859914,0.7931194591075719,0.7923146886148382,0.792738692003256,3.9665275686771024,3.960946608537518,3.9599808298905703,0.6791449760543936,-2.0262614013022464,0.0013400961749387597,0.08354157327365593,0.07094824007137036,0.07094793070153882,0.07092777617830992,0.10035895655522117,0.10031931502644448,0.10040999115535092
20.0,0.0,60.0,120.0,0.0564669249630074,0.055892634003259,0.056203029876666304,-0.755579227101234,-0.7657519173680144,-0.8701847260966702,0.44603333017323504,0.44524116826987276,0.4455155250002209,16.70053241753278,16.698350489434866,16.69517981448507,0.6492905343418074,-0.5217752697370182,0.12315786490516183,0.04445202690858323,0.19476497145619304,0.19478898894034335,0.19474939256175788,0.05621853145638317,0.056167240364721066,0.056272331134247046
90.0,0.0,30.0,-90.0,0.2835184497115641,0.2608971250150907,0.26796609917728786,0.8279393091718424,0.4229647263693012,-0.9831731070502702,2.1203918388200518,2.1180653671370204,2.116833466192839,5.529165492755345,5.536755601171345,5.520077480522284,0.6345386534937755,-0.5207383039884265,0.11757662731046244,0.06265258668034804,0.047565242470844676,0.047846506717919804,0.04785575094982725,0.269273128107384,0.2687970028034843,0.2691653711981718
0.0,20.0,50.0,-90.0,0.0727355420411548,0.0721626104746718,0.07244768462383652,-2.0881322286292754,-2.113966975073721,-2.098851374780276,0.5774864046478118,0.5796847793591497,0.5794589811923417,14.640696913340577,14.645719913403148,14.644863879730407,0.6790936338699968,-2.0258106539536085,-0.0006014643383221794,0.16035803972849255,0.18516820369604303,0.18535589776769498,0.18505801743415856,0.07238813663926685,0.07263539598386197,0.07235748700879213
0.0,90.0,80.0,120.0,0.2236152083428265,0.2219910870388778,0.22267891323764433,-2.075116527673237,-2.0818569643238467,-2.0814654627728637,1.7699232522701749,1.766791207884447,1.768512156394309,24.80633097050205,24.80038410662558,24.788566251299034,0.7665320191074287,-2.002511187159981,0.012685280449672213,0.8999192921055313,0.3389653523709199,0.3389538022260093,0.3387133967574901,0.22270476331132913,0.22255514794128478,0.2229395147801482
20.0,90.0,110.0,120.0,0.1870571167632598,0.1848908752166968,0.18615824773934025,-1.8026016823774484,-1.82043790244882,-1.8602289200559374,1.483808608582206,1.4859618821646703,1.4833562104103657,32.582713623576154,32.57943096436989,32.57971978972446,0.7655278996474294,-1.7768164101630861,0.21642530522661502,0.9001449965651057,0.41749675321139923,0.4172494032137246,0.4169145777743064,0.18642949047797291,0.1863747433956981,0.186104209867255
20.0,90.0,10.0,60.0,0.2680145868774094,0.2567222102525758,0.2632519056272156,-1.6360762408096474,-1.8126681187091116,-2.0052559376067154,2.0928365925537373,2.0921366536419,2.0959609154842234,5.840355151525212,5.866393509229045,5.855656526916398,0.7655278996474294,-1.7768164101630861,0.03710577821867594,0.42204941133875823,0.13421240700686865,0.1344903300768081,0.1340843499291488,0.2649335782021713,0.2653556388947612,0.2654355632628448
0.0,20.0,50.0,60.0,0.072822173706143,0.0722239340095857,0.07252446266402424,-2.086708377365152,-2.1129431079787304,-2.0977368590667,0.5780306048911171,0.5802525273901625,0.5801684535590313,14.641597157085217,14.64679168021606,14.646314987092364,0.6791449760543936,-2.0262614013022464,-0.0004230921272884388,0.16054923856885833,0.1852018279090773,0.1853834951269375,0.18509485576529375,0.07245263962536987,0.0727199765478735,0.07243797182914742
50.0,0.0,110.0,-60.0,0.1244303497929265,0.1210535037943567,0.12296005636335246,-0.3789369904599934,-0.3929545578221672,-0.523713687990547,0.9680384591595572,0.9678892185666353,0.9677582081089269,30.187205219906307,30.18574843118488,30.17838449582373,0.6453112367904194,-0.5221889533922014,0.5038668336951235,0.0001096049785105814,0.3427831979496051,0.3428063489007641,0.3426218642252398,0.1230604276485471,0.12303533391388638,0.12304442996935341
20.0,0.0,100.0,30.0,0.0544216172033515,0.0532624910451302,0.05391365785323737,-0.4381687258401205,-0.4752993074778767,-0.523756386449238,0.42609588397166204,0.4226510800508726,0.42574005620927813,27.5192851360011,27.51606501130685,27.510992806216617,0.6492905343418074,-0.5217752697370182,0.2024595040299286,6.145144648963528e-05,0.313479786604866,0.31315624613727994,0.31330553226246566,0.05385615390429395,0.053816284612860296,0.054251808535392056
90.0,20.0,30.0,-60.0,0.2679125846245498,0.2661130200776487,0.2669446731669745,0.4305940973854248,0.1468090763421676,-1.0192712487499782,2.104043067769556,2.1019020543129665,2.1012553405831174,6.268364004008978,6.266649742062134,6.2647780450845065,0.6658418421789065,-0.7392346255455774,0.20173834841184832,0.11021178713878278,0.07210098289729142,0.07214467801239716,0.07214376323156359,0.2670929603267427,0.266736679016804,0.26700702157205103
20.0,90.0,70.0,-60.0,0.2479337901722802,0.246255800112507,0.24729755246463256,-1.7557177860544515,-1.7727327347699102,-1.862290013615518,1.959715802184368,1.9608552221015816,1.9602688566439328,22.182602389504922,22.18585553065884,22.171798943461834,0.7655230333297296,-1.7768068564183028,0.21336576392215426,0.8998528809827325,0.31374601116464723,0.31370672636499813,0.31354881613904656,0.2473580403961843,0.2474291168763403,0.24728551049453387
20.0,90.0,60.0,60.0,0.2180892731245179,0.2175892053040354,0.2178898755091453,-1.798293224560336,-1.8038125687149316,-1.8902863754996737,1.7264355014336228,1.7277305978936408,1.7272673024259093,19.06662693691227,19.07142940303256,19.057440400958562,0.7655278996474294,-1.7768164101630861,0.14352375929019404,0.6913530566443613,0.2713548356743403,0.2711015803021128,0.27112795434106446,0.21789307911045253,0.2179884134840351,0.21781515602594897
50.0,0.0,0.0,0.0,0.1484901682529125,0.1443269589548376,0.14650778703246742,2.266843869488716,0.4997350663982219,-2.090373777366973,1.1553825417852326,1.1540843842712878,1.1586153738847558,1.8478244225880522,1.8473839377553058,1.8438273435261856,0.6453124449701564,-0.5221886034343035,0.0005313092815619389,0.10099435665087937,0.0589098932334399,0.05865172500997126,0.0586441173819469,0.14627473378287806,0.146695948043146,0.1468388380811606
0.0,90.0,100.0,-60.0,0.1942121951839458,0.1923185989465788,0.19335607448419115,-2.067819641190386,-2.0846579874605755,-2.079316626994159,1.5387200206712925,1.5422617698786028,1.5391178950263127,29.987967882629473,29.9887743022928,29.982638474993955,0.7665301624115233,-2.002506900577882,0.01528796222720267,0.900018688387262,0.39120519410467897,0.39140906592853747,0.39091107787184187,0.1935584505256163,0.19360212863013979,0.19317325660345705
20.0,0.0,20.0,0.0,0.073557914026975,0.0692441611557464,0.0707103881138949,-0.6769911339328654,-0.8288316591654739,-1.114872004801027,0.5592720135260981,0.5582491165098769,0.5583354212837313,5.763169233904621,5.7663515153265035,5.765432630113423,0.6492905343418074,-0.5217752697370182,0.05195260249554686,0.03505352932044846,0.07459799418683656,0.07451755214385823,0.07435288435715644,0.070750565107158,0.07063315529096525,0.07075037224068897
50.0,0.0,80.0,0.0,0.1257379403655454,0.1253828881554229,0.12558439804761018,-0.4153619388474086,-0.4222027493298776,-0.6136243857544852,0.9908359721494102,0.9887322514075056,0.9890191462037707,21.932267834877262,21.927165888618365,21.933500907447396,0.6453124449701564,-0.5221886034343035,0.3755556323259623,0.03389071613680339,0.25075753686237806,0.2506625589179585,0.2506837735586297,0.12564277132502763,0.12543040987443965,0.12570399008358615
0.0,90.0,30.0,30.0,0.2422865361092701,0.2419767785470984,0.24212574968779693,-2.084163882877416,-2.0878152194956034,-2.088851851081645,1.9144786319555662,1.91327727966361,1.9150340778461705,11.17980923053855,11.17999234204476,11.173078598661867,0.7665320191074287,-2.002511187159981,0.0031978737467934937,0.5460349280110152,0.1888602369132817,0.1888442112295266,0.18874635214100985,0.24203582050111144,0.24211066225204553,0.24225094238370876
20.0,0.0,100.0,-30.0,0.0543936732933434,0.0532333884516762,0.053887247381949076,-0.438163074790681,-0.4753342527281229,-0.523745188016669,0.4258908047627463,0.4224427606132559,0.42553200920118894,27.519337491414746,27.516085524964158,27.511024567917403,0.649290534163254,-0.5217752691523411,0.20236052640673438,5.8725839648823e-05,0.3134806615342071,0.31315650782284554,0.3133060659686674,0.0538299919057766,0.05378967331880639,0.054225702362655545
50.0,20.0,10.0,-60.0,0.1831326323664507,0.1709327882718779,0.1767087940955945,0.6761734025161604,-0.2000261032258042,-1.671998577166348,1.3970536693681563,1.3966580438143557,1.3925448653091697,2.0290534680524206,2.042324130272305,2.045532118370486,0.6750572760700823,-0.8936799171425824,0.0462755168664684,0.10090957616850098,0.05383775503947653,0.05407250646682423,0.05420233027873231,0.17740268715045535,0.1768617419377481,0.17690644982466844
50.0,20.0,120.0,90.0,0.1163600575557347,0.1151366478588907,0.11578927893727597,-0.7825066498107053,-0.7968755385877092,-0.9018185377255042,0.919236120664594,0.9174368374288593,0.9211681510938149,33.53683907883952,33.5332211586944,33.525568257342826,0.6750696220906218,-0.8936880611762084,0.5048932641841065,0.19996174672778702,0.3922463120895462,0.3922778916697984,0.39259299732152797,0.11566384326285263,0.11591996578898296,0.1161682047531358
0.0,20.0,30.0,120.0,0.0863491665138158,0.0824226713303851,0.0846310262894974,-2.064590677096076,-2.144321314679209,-2.094239512133743,0.6711684671127504,0.670757326763837,0.6785348064568502,9.338728307177158,9.314684514281623,9.314874851014073,0.6791449760543936,-2.0262614013022464,0.0002737213742860951,0.12864666815408696,0.12866019138723056,0.12828275428152516,0.1287950899125707,0.08411752379865917,0.08511840771545674,0.08520986275098595
0.0,100.0,110.0,30.0,0.1988176372350669,0.1969215523118218,0.1978877999930872,-2.079717161624001,-2.091128702920529,-2.0868062377428753,1.5768663936775644,1.577463067441946,1.5781101444025185,32.797660904246264,32.79395185375838,32.792315233283524,0.7785098420441033,-2.0214286154605,0.009342239940228515,1.0000431917160548,0.424018656745035,0.42421167694669154,0.423867341747816,0.19793127865896715,0.1980698960464484,0.1980094876222269
0.0,20.0,20.0,60.0,0.092154367855705,0.0904033428528808,0.09132199697611307,-2.081874278024764,-2.1098543672303838,-2.0941392599986806,0.7228981353375832,0.7247929408333481,0.723262897222666,6.614376218141892,6.603829441980346,6.6046090731308595,0.6791449760543936,-2.0262614013022464,0.00012358549703649234,0.10724729760987821,0.09912304604849745,0.09935226007181237,0.09913996564907764,0.09142498323769273,0.09145487708879231,0.09123655105122158
100.0,0.0,10.0,120.0,0.2690431812108824,0.2649073588783722,0.26691106313379176,3.140520160256897,-3.135786710877445,-2.261964333847643,2.1051881532442254,2.105136451583072,2.1089153689153326,4.513148471831589,4.520234287393441,4.5049379518191115,0.6320527728863933,-0.520595423050527,-0.05388433528380076,0.33981440197208973,0.11349887300285334,0.11350085771411195,0.11335929542886766,0.26668591769283395,0.2671602425825902,0.2671616441046037
50.0,0.0,40.0,-90.0,0.1469015431641818,0.14490526498881,0.14625371483449173,-0.2601701487702998,-0.2952984706325096,-0.7312203716793839,1.1520877188502978,1.1530366337909734,1.1521693489262042,10.723425113902746,10.721913148512435,10.719091257994991,0.6452565895964204,-0.5222577383987353,0.21276180081705187,0.04492613959981032,0.12446107824187125,0.12454614669465876,0.12446645011046781,0.14632953454367512,0.14634172993594283,0.14621892852453156
20.0,50.0,90.0,60.0,0.1369200848288898,0.1350521388573883,0.13616647895413128,-1.627371137399792,-1.6529559433234582,-1.7099278417666,1.0877187017166017,1.083391104043424,1.08670879453431,26.345746718358676,26.33955794751614,26.33887483492781,0.718145790998976,-1.682010494824096,0.20304708860835838,0.5000074706367695,0.3322786933468797,0.33210603416190276,0.3321332952967684,0.1361586380320362,0.13605066149744996,0.13656955655594605
20.0,0.0,100.0,-60.0,0.0543985045156692,0.0532447729181429,0.05389155482253847,-0.4381170499611984,-0.4753135157621703,-0.5237295366035073,0.4259229862110671,0.42247566501259776,0.42556473217184226,27.51931408873356,27.516072599192363,27.511011427099117,0.6492881535719849,-0.5217746634353422,0.20237704144205731,5.5198797139069165e-05,0.3134801248344512,0.313156158682665,0.3133056436138155,0.05383413225839184,0.053793900926077526,0.05422982023205433
100.0,0.0,120.0,120.0,0.2245967966499891,0.2229819193617176,0.22380453553490948,-0.2846490746704195,-0.2961627380385138,-0.5235953864515763,1.763311076345296,1.7590970376177615,1.7636979371634571,32.61771008958458,32.62255920854116,32.60897036680524,0.6320527728863933,-0.520595423050527,0.9825377657753196,7.3365249634237045e-06,0.3673581434117991,0.36722680204700536,0.3670945219491181,0.22364850375992243,0.22372852640904592,0.22422445439607108
0.0,90.0,40.0,-30.0,0.2323533802220158,0.2320290138207414,0.23215008260465994,-2.08797403396279,-2.091366847132832,-2.0906376784177283,1.836341482197948,1.837653737874557,1.8371938525142861,13.81723514624048,13.813060791731115,13.8035973473182,0.7665320184216978,-2.0025111855626467,0.0024934705903147908,0.6000230477819147,0.21616263962010757,0.21615016010706348,0.21601027568601427,0.2321395997229095,0.23225984912063025,0.2320815361844413
20.0,90.0,110.0,-60.0,0.1870570967280641,0.1848908759853911,0.18615837868644786,-1.8026016631636703,-1.820437874491578,-1.8602261547556778,1.4838091588064983,1.4859629378615589,1.4833571384644992,32.58271309546059,32.57943027539367,32.579719746699105,0.7655269439932387,-1.7768145005376053,0.21642870855035198,0.9001450654188061,0.4174967184815954,0.41724936888877384,0.41691455969141794,0.18642958912610408,0.1863748890641678,0.1861042903574023
20.0,0.0,100.0,120.0,0.054443882637192,0.0532651365345092,0.05393643587084849,-0.4381649357189921,-0.4752679908349154,-0.5237626521922027,0.42627534303872894,0.42283397737002415,0.4259235446103854,27.519240252863483,27.51604751958039,27.510964957268698,0.6492905343418074,-0.5217752697370182,0.20254271874195778,6.289990611199541e-05,0.31347904467382326,0.3131560374170978,0.31330506163341176,0.053879046794956066,0.05383974825585551,0.054274747998012615
0.0,100.0,30.0,0.0,0.2621977784784899,0.2616503741640358,0.2619042138332955,-2.099491733926187,-2.103579537620637,-2.0963223504757584,2.071509916660882,2.0697040709056065,2.069616517461542,11.415706090419777,11.412849251965865,11.409577107034638,0.7785098420441033,-2.0214286154605,-0.0009876067220936245,0.6148463240219365,0.19648778893359614,0.1964259670551049,0.1963239276610649,0.26199999558587417,0.2617547387801538,0.26198407207135244
0.0,100.0,60.0,-90.0,0.2329095176333382,0.2322924845493135,0.23263932216902958,-2.099564315601616,-2.1059698482894835,-2.0993504288937768,1.8446460752408131,1.8424796085094324,1.844327132559175,19.341152596546063,19.34220390280943,19.33348408624191,0.7784701805434772,-2.021328558799039,-0.0033648405172965875,0.7766502587600835,0.2795814414031815,0.27962723544209195,0.27941861504690907,0.2325929297634433,0.23255569041205057,0.2328250242351056
20.0,20.0,80.0,-90.0,0.073386802650981,0.0728842931146146,0.0730899262508598,-1.329344774038619,-1.3490277082493118,-1.4090049131570606,0.5838369341517934,0.5885316204854697,0.583713905380141,22.698896444811577,22.69639510803497,22.68370786961825,0.6784492966539417,-1.277087977077459,0.15122213629993328,0.1845370524970321,0.272668565174877,0.273074422957788,0.27257978012278755,0.0733331876053303,0.07330421306972386,0.07272086494262986
90.0,0.0,40.0,0.0,0.2675740713145798,0.2659521106047351,0.2667495886369475,0.300365864172642,0.1926553858772685,-0.6887533600926352,2.1006344995662003,2.1000948767579226,2.099210934288502,9.041803539971934,9.039201521772538,9.03928274611446,0.6345985081197228,-0.520659588644016,0.2829567199671376,0.047886803506732696,0.09000802077007768,0.09003056569975373,0.09008862019546954,0.266854069191067,0.26667758407912695,0.2667409826780176
50.0,20.0,10.0,90.0,0.1828537075019307,0.1710270171739129,0.17671470648438758,0.6755574994541826,-0.2091313018552586,-1.6703966674374746,1.39758703428168,1.396024683451509,1.3924019149250324,2.0443776330476897,2.07142832323331,2.068330267740432,0.6750696220906218,-0.8936880611762084,0.04662461371631814,0.10124600162475868,0.05412575247458838,0.05429778798875182,0.054246167367316266,0.1773880131743015,0.17679047772213635,0.1769779711740005
90.0,0.0,100.0,120.0,0.2345425245582452,0.2341081787001445,0.23431604394853495,-0.2082192357901247,-0.2100403408696296,-0.5042699448460441,1.8441515619973596,1.844091203812489,1.8433523793409325,26.833916663858602,26.827427428055426,26.81902400711417,0.6345985081197228,-0.520659588644016,0.8378949133543632,-0.016159029660449485,0.29906070258319667,0.2989108410978816,0.298896345427531,0.23438648006886437,0.23427939352619867,0.23429954567883127
50.0,20.0,90.0,0.0,0.1310311900185229,0.1304619619794169,0.13071174076598613,-0.7501575007712453,-0.7561993432425558,-0.920131185464099,1.0348972312660463,1.0348844195220932,1.0327166899576947,25.213760175974418,25.21113023014525,25.202536768140327,0.6750696220906218,-0.8936880611762084,0.4309123744805614,0.18027080973794488,0.29859741454737715,0.2987132057880876,0.2986396418878959,0.13090171997261038,0.13063239099351195,0.13064328083882945
90.0,20.0,90.0,-60.0,0.2196313067784739,0.2190992175609663,0.2193532606646752,-0.4615368051521561,-0.4664359939662623,-0.7626206559974327,1.7299684280760184,1.7286952981200154,1.7300260538493826,24.802371496808515,24.78962384803482,24.794732336029302,0.6658485923358981,-0.7392335874722704,0.7411291315064558,0.18052194850476916,0.29095834862959635,0.2906203441057714,0.29077670283591694,0.21930155184599445,0.2192982514760861,0.21947582179810207
0.0,20.0,10.0,60.0,0.1069116504297824,0.0918903620027079,0.09970634431780055,-1.7401016906785751,-2.414952378630483,-2.0733562273177517,0.7916946713233634,0.791891998226815,0.7912731727672511,3.9643306846739987,3.96296758776844,3.9602607466283093,0.6791449760543936,-2.0262614013022464,0.0013377549781579366,0.0834647738885926,0.07127194521660235,0.07125202457999598,0.07120488620661276,0.10024341295252034,0.10020142762333696,0.10017495323450877
0.0,100.0,110.0,-30.0,0.1988131295966379,0.1969217036993145,0.1978878287978818,-2.0796975963808357,-2.0911326379084048,-2.0867639911729676,1.5768881755214454,1.577416430492324,1.5781358289491576,32.79771242507588,32.79398934887887,32.79254078547499,0.7785098419590538,-2.021428615274479,0.00938539803021519,1.0000430518632368,0.4240181091816765,0.4242121296562781,0.4238718525427741,0.19792799064650812,0.19806668790160914,0.19801546550701954
20.0,90.0,20.0,30.0,0.2588856813958654,0.2573409761057184,0.258191682785528,-1.5823481868741638,-1.656471121540878,-1.9071806311943578,2.0387842636802347,2.0389362776104454,2.0401771453554085,8.391749929443629,8.385525368375914,8.383284819738387,0.7655278996474294,-1.7768164101630861,0.09123972814092236,0.4823103546136714,0.15948724224425212,0.1594502224609126,0.15935327173248992,0.2580984240026156,0.2582725199501868,0.2582497857532745
20.0,50.0,60.0,-90.0,0.1421937102267352,0.1416407836087979,0.14193957726883344,-1.660383155598116,-1.6692711165906948,-1.7603267965606133,1.126265026180152,1.1269823953029696,1.1297228067412357,18.104618328699193,18.09989125461959,18.099474654861208,0.718100900686514,-1.6818874695948416,0.13374315455488434,0.3846275715861477,0.23959066281011665,0.23983082878103404,0.23980013265603037,0.14169387219037297,0.14213561342744585,0.1420371882593004
0.0,50.0,80.0,30.0,0.1216869609563737,0.1210893992755003,0.12139476461527357,-2.059918620579394,-2.0718957432909537,-2.07029986213663,0.9686343133693056,0.968310183846812,0.9708884021734909,23.507368909175234,23.52006559281204,23.510083669978503,0.7187172303236241,-2.0572513802815084,0.010933020420632475,0.43333467323071995,0.29891577947691206,0.29912153294190136,0.2986222387442305,0.12120943955960922,0.12150202839238373,0.12155381141672683
50.0,50.0,110.0,-30.0,0.1551130201337349,0.1534305805444728,0.15423613679379727,-1.178030824217734,-1.1839762084725862,-1.3045636153952904,1.232508371139604,1.2237471983604542,1.2254179937330274,31.580460576183228,31.557935749147433,31.545935863776013,0.7149820199618108,-1.2870673307440235,0.5061057849187531,0.4999898100336062,0.38675269144220675,0.3863121333432239,0.3865439297945669,0.1545505756331639,0.1536717058829724,0.15478603315344122
90.0,0.0,80.0,60.0,0.2311987774338762,0.2307298054683895,0.2309682666870501,-0.2087097743190329,-0.2134740641083204,-0.577051833066239,1.8190577981265117,1.818279074906695,1.817721920159273,21.360241157986113,21.36228736759449,21.346746362951144,0.6345985081197228,-0.520659588644016,0.6609477805496005,0.03538131729472113,0.23950609164606793,0.2394323307992308,0.23928812825076337,0.23106195633489982,0.23088530767501333,0.2309820205724786
0.0,100.0,100.0,-90.0,0.211865215691072,0.2100458027468174,0.21106643444702744,-2.0732589018340715,-2.093581357906605,-2.0850673852105053,1.6776354699577318,1.6819450134948803,1.6791840009067343,30.212753507219258,30.21933748251004,30.21280325526552,0.7784979850009452,-2.02139306232305,0.011047869247887853,1.0001116332868403,0.3982474232667296,0.39850738492765386,0.39788669667734816,0.2112001689561952,0.21140020821994115,0.21087286703022526
20.0,90.0,20.0,60.0,0.2588931121547562,0.2575634432089376,0.25815081772533705,-1.5853582241319613,-1.659580862856289,-1.908031189151735,2.0382220533647,2.0387705905170472,2.0399872289347765,8.392402052164377,8.386070953970748,8.383672589138104,0.7655278996474294,-1.7768164101630861,0.0908216502803364,0.4823887966979121,0.15943807258453652,0.15943751872378983,0.15934472657769322,0.2580443437860714,0.25826905903538705,0.25819194939470974
0.0,50.0,80.0,90.0,0.121825890154978,0.1212797297755411,0.1215751799883945,-2.0616596745768154,-2.0741397864290128,-2.072172831272995,0.9700724932607357,0.9684441419197576,0.9735701468371564,23.509539570222692,23.523724661360077,23.51318584716516,0.7187172303236241,-2.0572513802815084,0.01013713157958837,0.43410374520106465,0.29897299590451476,0.2991950733775961,0.2987792619627418,0.12122911418889956,0.12168528480263678,0.12189596113169317
0.0,100.0,0.0,30.0,0.2680554212747102,0.2664191146482033,0.26722290626119427,-2.0008000957972367,-2.041430794989831,-2.0913447065797475,2.1073894549895016,2.107504627140472,2.108857896880505,3.215213688490787,3.215567050293611,3.2160091799315986,0.7785098420441033,-2.0214286154605,0.0010762252171469169,0.3327377239721453,0.10471517469810239,0.10463852441765169,0.10461871155214258,0.26711000108992533,0.26729771131755414,0.26728889503623426
100.0,0.0,10.0,-30.0,0.2695955281122655,0.2648386167611186,0.2668619661136815,3.1402606917614824,-3.1359545605683152,-2.2593288530816524,2.10452833159007,2.1052950929875354,2.108645842042497,4.568888825102112,4.574940148563367,4.568789810453725,0.6320527718484299,-0.5205954223739669,-0.053058925096310314,0.3418405207872948,0.11432138153780468,0.11446000531685886,0.11429766040518174,0.2666570914578757,0.26717612319385625,0.2670636542660749
50.0,50.0,0.0,-30.0,0.2210549130241746,0.2202255969114159,0.22069316482880152,1.403280584710612,-0.2598990348877129,-2.091396119792856,1.7443590525621044,1.738923554290863,1.7399744256177985,2.676892714653482,2.684277434013393,2.6785747831412543,0.7149820189670315,-1.287067328337063,0.0007349042219631788,0.22844383114941225,0.08721312471937577,0.08748164784118993,0.08721722446266114,0.22087680775911503,0.22031911667928386,0.2210122817476887
20.0,0.0,120.0,60.0,0.0460824172123656,0.0435640731296654,0.04507086403623848,-0.4314626727273524,-0.5282394655856135,-0.5229240887226548,0.3591578305139539,0.35848508432767806,0.3591906212222391,33.10333160298712,33.1070206686998,33.091604383127354,0.6492905343418074,-0.5217752697370182,0.2039313806161198,-6.170881700126556e-05,0.37717398716353917,0.3769906531222462,0.37708482820471056,0.04545747952722558,0.04549674310664294,0.04556076272998097
50.0,50.0,120.0,0.0,0.1451069398853874,0.1418181943347958,0.14342693929526965,-1.1861697530420905,-1.2123021341763076,-1.3045099857998879,1.1425737089360082,1.1443572781095348,1.1416435462782557,34.28829863633517,34.280998790628445,34.262722387850815,0.7149820200524383,-1.2870673309637894,0.50620024294328,0.5001232357852888,0.4161765880489587,0.4157626485760288,0.4157430021164376,0.14376016001810693,0.14363840986129353,0.14337744687826723
50.0,0.0,120.0,120.0,0.1131389904113392,0.1115870502041876,0.11243143667953444,-0.3983878540251324,-0.4197437004983598,-0.5235981625882755,0.8864504353149592,0.8862426180729188,0.8851456262274163,33.00388914556037,32.99925584366255,32.98860877844168,0.6453124449701564,-0.5221886034343035,0.5043215974424319,1.7637706786486563e-05,0.374665426275421,0.3747847199451948,0.374777962935139,0.11262926336558797,0.1124600328173364,0.11250221043416012
100.0,0.0,50.0,-60.0,0.267157591180873,0.266469235701925,0.26678886919970196,0.0919529031527956,0.0677312354585582,-0.6330800310707597,2.09987146416894,2.1009512093366904,2.0998660534961546,12.235969897367005,12.236566600352361,12.234212790283735,0.6320449146029611,-0.5205996998478887,0.411475397935182,0.04543760863144852,0.12970710015524428,0.1298580712132252,0.12983065925296056,0.266834849411681,0.2668444779920618,0.2667041536326657
90.0,20.0,60.0,0.0,0.2453002389244536,0.244198101268931,0.2450213225063871,-0.3079757842934486,-0.3201555046150828,-0.8171813001458472,1.9311430271377878,1.9313370182124467,1.9307515226771548,16.180891292259474,16.179076216362766,16.174360554720824,0.6658515926585167,-0.7392330937283146,0.5402991310469696,0.16341088858057654,0.19286043564138627,0.19270697779612647,0.19263167250010352,0.24508647239913195,0.24503452231545467,0.24500926635495265
20.0,0.0,0.0,0.0,0.0864027260968172,0.0563953623588114,0.07224047403577188,0.1933055651748629,-0.7766421383853772,-2.0806983060509943,0.7174237926466355,0.7203815539801717,0.720308296788813,1.9226808523418955,1.9239429537842103,1.9237115116196402,0.6492905343418074,-0.5217752697370182,0.0004578553488341409,0.055458982214942616,0.06057748516564372,0.06069923925839364,0.060673242367435626,0.09089099184450083,0.09126911761034476,0.09087999122966468
20.0,0.0,30.0,-60.0,0.0681904241381742,0.0647136944559908,0.06654969272591879,-0.7593105344505428,-0.8461706939235623,-1.0421296156725206,0.5268950605416106,0.5260423112420715,0.5277955347231393,8.537539001993101,8.527937709900508,8.522572807533361,0.649280438757178,-0.5217759272020744,0.07209819998746131,0.04114802628225252,0.10518707393644772,0.10492140888967007,0.10515216322220075,0.06654097763149278,0.06665028206868691,0.06677087940877963
0.0,50.0,50.0,60.0,0.1415423931148802,0.1411283852793372,0.1413438404937851,-2.09078851497335,-2.0991723916775773,-2.09440810599309,1.1233649398405605,1.1213111938020481,1.122043481631045,15.471940155295476,15.461937182558438,15.466222846520303,0.7187172303236241,-2.0572513802815084,0.0001819154727462394,0.3584285532058165,0.21223908710842995,0.21216179431844315,0.21218310599099174,0.14138436947554836,0.14121224823153616,0.14148198044542304
20.0,50.0,20.0,-90.0,0.1749886511996465,0.1734898147798291,0.17427063453868813,-1.4596110841716563,-1.5426365654839431,-1.8029942157443282,1.3777218021126618,1.3761699155249376,1.3779443919990486,7.332270937589835,7.3170336767419135,7.321429812526871,0.7180737032663512,-1.681804829863159,0.07461055048144097,0.2491473615150886,0.12518632104959448,0.12501163931583462,0.12508106909244296,0.17422180060423414,0.1742399105037609,0.17445122895903717
20.0,50.0,50.0,-30.0,0.1495395320796788,0.1489039997456503,0.14930917011673897,-1.6446706659591808,-1.654162940191158,-1.7665539649661597,1.1857506283099692,1.1819416697353506,1.1854841733522878,15.419753092012115,15.41136494662261,15.415864665567156,0.7181457903805909,-1.6820104926830046,0.12148506293536378,0.35670726069603903,0.21123386982568543,0.21102941392397576,0.21136568895897673,0.14920202631765145,0.14915485809234788,0.14962661082789613
50.0,0.0,110.0,120.0,0.1244324087828597,0.121053938571817,0.12295999901199207,-0.3789474506253619,-0.3929797892373304,-0.5237214348912238,0.9680395664071229,0.9678904988825879,0.9677598413507286,30.187219243950597,30.185760977932034,30.178398111320064,0.6453124449701564,-0.5221886034343035,0.5038656914208848,0.00011349959067977761,0.3427836106305557,0.34280674052183885,0.3426222546733751,0.123060552188589,0.12303552249391836,0.1230445957161828
0.0,50.0,100.0,30.0,0.1173756009585209,0.1155479794490183,0.11638018066942386,-2.0691188680638444,-2.083110262254753,-2.0770432070610276,0.936361462360118,0.9339010773892901,0.9296265819820504,29.028739853016834,29.01937911020468,29.015116200282982,0.7187172303236241,-2.0572513802815084,0.009811637203811835,0.49997615519433514,0.36011988464671835,0.35994763089696913,0.35982753538284223,0.11694264845635512,0.11608919193339691,0.11641734558083161
0.0,20.0,10.0,-90.0,0.1067251991908263,0.0914302169857138,0.09972702429717017,-1.7482731238046447,-2.4364511117259235,-2.075545022795934,0.7928985640835948,0.7902554245426361,0.7915615165783804,3.959299912535755,3.958505887105472,3.964632100690775,0.6790664746748868,-2.0255645388088523,0.0013460197924543699,0.08357976683764386,0.07107519573724545,0.07087981024358499,0.07091615441352428,0.10022321102431868,0.10004038327499068,0.1003727052402261
0.0,20.0,40.0,-90.0,0.0789113232685139,0.0774237192100231,0.07837005177748738,-2.0850093963802565,-2.113394794953096,-2.0980746138894912,0.6220768208151148,0.6228035496880293,0.6285984957451419,11.955847932476722,11.954995744171208,11.949301375223351,0.6790870031771513,-2.0257409905973067,-0.00040116261803134327,0.14618064952133905,0.15641364645850703,0.1562382558135889,0.15622766306620212,0.07791845353809713,0.07872140755734595,0.07864279755736521
20.0,50.0,100.0,0.0,0.1265888220223429,0.1251224287708465,0.1257997978838746,-1.6409161551723888,-1.6578157636554074,-1.70764974599894,1.006502414732553,1.005163570187489,1.0068769366831338,29.00975656752701,28.99942186038562,28.99679651483375,0.718145790998976,-1.682010494824096,0.20480492546712917,0.4999867809392831,0.3597577083581088,0.3594925977924642,0.35982004487726216,0.12582456249066384,0.1258328769670806,0.12601693625005106
0.0,50.0,60.0,120.0,0.1342466803366806,0.1337419823574434,0.13403657524000662,-2.09497285168843,-2.099378319437595,-2.095648089121762,1.065767736230506,1.0660823503605992,1.0664217488280818,18.14052474833869,18.134809553822087,18.13316749571691,0.7187172303236241,-2.0572513802815084,-0.00022364213357668752,0.3857005761664199,0.24056372157163744,0.24041876227436956,0.24040110635910183,0.1340035236159294,0.13410359588915732,0.13404859827323073
0.0,100.0,90.0,90.0,0.2263641563524604,0.2247354398408694,0.2256960209434111,-2.0816917179744805,-2.08941185354882,-2.0872547939517747,1.7955298773811437,1.793743287548894,1.7923329196650923,27.618130620374775,27.605557181499623,27.60267689719131,0.7785098420441033,-2.0214286154605,0.00878393292728106,0.9999157421323764,0.3723104994259395,0.3722480637229974,0.37193883068488465,0.22596611354191962,0.22556447988560158,0.22578442534915014
0.0,50.0,100.0,90.0,0.1173666170489135,0.1156728432767309,0.11637949249098871,-2.06965927035396,-2.082051566780084,-2.0775347878310697,0.9363252178144368,0.933944407541675,0.9296000414213876,29.028664477461227,29.019437229854564,29.014796946044267,0.7187172303236241,-2.0572513802815084,0.009566131357049102,0.4999762186701659,0.3601167915787981,0.35994526283741174,0.3598142430042603,0.11694415055770507,0.11609251984098932,0.11641006373229347
90.0,20.0,20.0,120.0,0.2861264756305648,0.2554061018150542,0.2665723351614006,1.652892177084793,0.4409250330189371,-2.065407857888301,2.104219459842823,2.097037764889352,2.103759748967179,2.7896336220592937,2.7971239963363073,2.809044627323923,0.6658515926585167,-0.7392330937283146,0.009259310058723092,0.14513197578894546,0.05164566760520904,0.051592838338904705,0.051421676775763,0.2665223011935173,0.2664661503407623,0.26737607277984116
100.0,0.0,30.0,30.0,0.2829678586669673,0.2605878012652805,0.26789149712002064,0.8325304289266563,0.4420005844031638,-0.9833626472507316,2.1195486289249894,2.115842463211966,2.1183001201228047,5.529001048167576,5.48725487342108,5.502553591843859,0.6320527728863933,-0.520595423050527,0.11491837475368857,0.06152346487034357,0.04732955924602936,0.047069308544229846,0.04773702559444645,0.26896171104136324,0.2688138939562128,0.2692604700736276
0.0,90.0,60.0,-90.0,0.2137492975786772,0.2134293915995715,0.21361879321327862,-2.0937960447108828,-2.097826227945646,-2.0944102359218055,1.6936867446929447,1.6943225061403524,1.693424900221952,19.11614998758523,19.1124705491176,19.097521809629193,0.7664899447813867,-2.0024068548742435,0.00042239774931627263,0.6942218790515057,0.27256276534889545,0.2723261131157633,0.2720013737586761,0.21368338576306814,0.21366691596197204,0.21355083203702704
50.0,50.0,60.0,30.0,0.1803086728167948,0.1798252471488494,0.18009280679733566,-1.120865181093032,-1.1276527519407875,-1.3711852946042795,1.4243929263112656,1.4265984861481993,1.42565946386326,17.84242622284511,17.84003298220452,17.83574553898139,0.7149820200524383,-1.2870673309637894,0.3357183669370597,0.38010066420380045,0.23534640530967132,0.23517108665163086,0.2351821696132221,0.18009722454541396,0.18024835015644297,0.17996452816354283
0.0,20.0,120.0,120.0,0.0433728641178518,0.0417219052977438,0.04253256948743894,-2.0674776268340933,-2.1030665276482,-2.082382890282949,0.3545656919042092,0.35454235664109435,0.35858345392499485,33.645653212091894,33.6410575796192,33.638531795280336,0.6791449760543936,-2.0262614013022464,0.003930641070603917,0.1999414999228622,0.39417665049527517,0.39428521876434025,0.39414382412378773,0.042504527136083714,0.04302331902840549,0.0430021950339933
50.0,0.0,10.0,-30.0,0.1694590847596566,0.1469498614211482,0.15620603923242682,1.1189995123044172,0.1530133950201454,-1.7573402683130208,1.2627276575817525,1.259470065200501,1.258130800093608,1.9756132126225956,1.9162809172701538,1.9729819537085376,0.6453124439710392,-0.5221886019972721,0.023882976611328845,0.07170742298050341,0.05134008157695911,0.05101109287048511,0.05096519985938945,0.16023240904812985,0.1596213276595689,0.1600410147207398
50.0,0.0,20.0,120.0,0.1650075334668108,0.1517263100369395,0.15707408292777475,0.3133483530056674,-0.0466576689087858,-0.9537982195430564,1.252443099775979,1.2515137792771929,1.2480878573495138,4.710895710035489,4.709209550295128,4.722564158615722,0.6453124449701564,-0.5221886034343035,0.0937964312135199,0.04730620980836268,0.060878028718168886,0.06079191304692235,0.061021437857368716,0.15912720708632738,0.15854532301846963,0.15869872414722802
50.0,0.0,80.0,-30.0,0.1256297877596286,0.1252762101581339,0.12547652036468676,-0.4152734780629116,-0.422090895161744,-0.6133639924331484,0.9899856212972626,0.9878797076123035,0.9881657007823004,21.932143626321075,21.927056706932404,21.933395426781146,0.6453124446068429,-0.5221886029117576,0.3752294415859289,0.033762734777691476,0.2507488839479588,0.25065454063574216,0.2506749903901632,0.12553499225980483,0.12532235522194426,0.12559612836304138
50.0,50.0,110.0,90.0,0.1550962889443589,0.1534972200307979,0.15423692655546045,-1.1780320497042815,-1.183977208342648,-1.3045664257613014,1.2324164775616189,1.2239490597584881,1.2253276299007163,31.580054331912187,31.558329961606248,31.545284694519797,0.7149820200524383,-1.2870673309637894,0.5061047817757242,0.4999910266263801,0.38674730911127253,0.38632392378784985,0.3865359048513687,0.15456378655552055,0.1536860347043309,0.15476271873958306
50.0,50.0,30.0,60.0,0.2081595981554854,0.2048596150816357,0.2069093978834754,-0.8345641658795878,-0.9248220044861448,-1.424719673840158,1.6333349613917807,1.6340712332562957,1.6345006590933886,9.393886795283137,9.389360181367238,9.387231023052774,0.7149820200524383,-1.2870673309637894,0.21980654542359288,0.2780366568198771,0.1432265587105786,0.1430161930819815,0.1431381725164582,0.20689608627085357,0.20703693684599928,0.2069430373836219
90.0,20.0,20.0,60.0,0.2859221724870135,0.2551069442081016,0.2665821782837905,1.673443283792143,0.4470565244607455,-2.072047641727956,2.1035379739121787,2.0971270960089408,2.104257113851966,2.79689124421488,2.797720275745697,2.8132902600742304,0.6658515926585167,-0.7392330937283146,0.007969345313776346,0.14516511470802473,0.051825524452390054,0.051688594071302385,0.051449825191369,0.2664481650010097,0.2665421327787442,0.2673668491292498
0.0,50.0,40.0,-90.0,0.1493435628883973,0.1488584962306172,0.14905226171669797,-2.090837304730448,-2.10012535643596,-2.0941233464378435,1.1813564287298741,1.1825198268547013,1.1809397377875515,12.813257964006153,12.807037905246826,12.79896339090279,0.7186580485889108,-2.0570279217666503,0.00021568168416244042,0.3272791299364248,0.18384785581448249,0.18391304174706435,0.18388013090146418,0.14915271617502315,0.14908153042045522,0.1489450812189797
90.0,20.0,80.0,-60.0,0.2266456188730164,0.226402184068625,0.22654658149693208,-0.4372753755844917,-0.4393957285404594,-0.7846167217067087,1.78578678076294,1.7863393068206466,1.786143884355723,21.99254866767153,21.987803213488203,21.981982890841827,0.6658474069006075,-0.7392337469493472,0.6790064518156883,0.18131886479995357,0.2594264119954615,0.2593441772137552,0.25939332330080367,0.22654801503612992,0.2265903363855297,0.22652736168107793
100.0,0.0,30.0,90.0,0.2833037178820835,0.2608409202305982,0.26793416825073557,0.8272827966552746,0.4416713878734675,-0.9837515350010013,2.121014589362697,2.116303340379993,2.1186584944602256,5.507686657963116,5.492170106224551,5.518743472451641,0.6320527728863933,-0.520595423050527,0.11531798529386461,0.061777759062928754,0.04776591602971822,0.04804518915190695,0.04764753252637595,0.2690981956956716,0.26880033897641503,0.2693518043852613
20.0,50.0,40.0,60.0,0.1574333379903831,0.1568697983687496,0.1572138679834921,-1.6129610637242102,-1.6301524574707045,-1.7731044375982468,1.244599018165861,1.246287387825074,1.2451065088837852,12.735462025795904,12.729411300579947,12.73197427847463,0.718145790998976,-1.682010494824096,0.10827989414761872,0.3251274595021875,0.18254811801710213,0.1824668351464268,0.1823978562014292,0.15725882955875928,0.15730452327384942,0.15709535498935914
100.0,0.0,100.0,-60.0,0.2495470470173127,0.2489984109001044,0.24926911767715354,-0.1936183240841811,-0.1963850398145992,-0.5098000530563518,1.961867084659102,1.9623738812868003,1.960617106400721,26.754446043118296,26.751805741143148,26.742513478596905,0.632050425673589,-0.5205966082804843,0.8872655655616485,-0.012213326878800316,0.29757612890039054,0.29756274335545196,0.2974681286261777,0.24940089229843992,0.2492376873616054,0.24918310377262284
90.0,20.0,30.0,60.0,0.2677223365238854,0.266105977060272,0.2669415710232958,0.4289083478279369,0.1424511834290948,-1.0200805773716908,2.103727891276445,2.1020869783648037,2.101313606725379,6.274598580947034,6.272020763386986,6.271144971737387,0.6658515926585167,-0.7392330937283146,0.20234019186429578,0.11078122565911643,0.0722623879814392,0.07232580207706993,0.0723705245286186,0.26707843437301926,0.26677048405542264,0.2669769282122529
50.0,0.0,110.0,30.0,0.1244314773143045,0.12105372085282,0.12296007151596765,-0.3789422717863406,-0.3929676525742734,-0.5237176587670554,0.9680393457329993,0.9678901841843435,0.9677593566602012,30.18721227036197,30.185754703494116,30.178391338705726,0.6453124449701564,-0.5221886034343035,0.5038664510535714,0.00011162037826724707,0.3427834063422768,0.3428065465611194,0.3426220614246302,0.12306053143818328,0.12303546962360092,0.1230445551847691
20.0,50.0,0.0,0.0,0.1909636467372933,0.1895781243535693,0.1902799398189125,-0.6766401830800919,-1.3384858304363978,-2.091259771320888,1.4982276919323732,1.5028062997035667,1.5017107441057285,2.302889502782751,2.301525254446622,2.307365340927017,0.718145790998976,-1.682010494824096,0.0005836207909148001,0.16906286556832184,0.07515375620076474,0.07503139184732027,0.07521527917242259,0.19018368979554043,0.19062539060292177,0.19004456846461792
20.0,50.0,40.0,-60.0,0.1574099438229118,0.1568520553628221,0.15719149762377627,-1.6131700387305403,-1.6300161125609929,-1.7731487404288673,1.2444224311484013,1.2461062244856065,1.24493268701095,12.735265466103444,12.729221776478747,12.731796037472202,0.7181368114050392,-1.6819875267483457,0.10824777793565851,0.3250731508502955,0.18254131520441083,0.18246010060587026,0.18239170610997776,0.15723582995213556,0.1572819139346774,0.15707339668584036
0.0,100.0,60.0,-30.0,0.2329221803166506,0.2323046785637207,0.23265145652348804,-2.0994706623667847,-2.1058853647431666,-2.0992917437614826,1.8447491503452527,1.8425760660293624,1.8444135547652654,19.341337946890786,19.342371181334148,19.333641549729776,0.7785098415320914,-2.0214286143442206,-0.0033196201554139895,0.7767051553405709,0.2795854302019758,0.279631132259101,0.2794220393265372,0.23260608681580294,0.2325667378206692,0.23283698749521017
0.0,50.0,10.0,0.0,0.1752253917763749,0.1741494893114914,0.17464260511193588,-2.0825538667586896,-2.091182792011248,-2.090087392640021,1.3765962621402337,1.3805354955054754,1.3806980443111199,4.866118726881987,4.859034337308354,4.860934332870514,0.7187172303236241,-2.0572513802815084,0.0009852054200122392,0.20749721429082887,0.10023020955397373,0.10028909500572425,0.10060477919099198,0.17449467096556612,0.17503597579650076,0.17450289942739722
50.0,50.0,100.0,-60.0,0.1672381286339477,0.1660635743479467,0.16666648442232376,-1.150132851991617,-1.1632756841306164,-1.3045446772656062,1.3232791569338451,1.325459112558393,1.3232736193233237,28.869676540839663,28.86653020516792,28.852759279366946,0.7149800619216745,-1.2870642036752398,0.5057205189689978,0.5000223450916128,0.3572824793328599,0.3572845446351752,0.35724755335113456,0.16684146129154592,0.1668358750009643,0.16656586923301303
50.0,0.0,120.0,-90.0,0.1131389904113392,0.1115870502041876,0.11243143667953444,-0.3983878540251324,-0.4197437004983598,-0.5235981625882755,0.8864504353149592,0.8862426180729188,0.8851456262274163,33.00388914556037,32.99925584366255,32.98860877844168,0.6453124449701564,-0.5221886034343035,0.5043215974424319,1.7637706786486563e-05,0.374665426275421,0.3747847199451948,0.374777962935139,0.11262926336558797,0.1124600328173364,0.11250221043416012
0.0,100.0,60.0,-60.0,0.2328994838017073,0.2322801044493893,0.23263172958188405,-2.100111754916866,-2.1064927253994665,-2.0997117322306775,1.8444766690233634,1.8424950983546253,1.8443090996364098,19.34066844847417,19.341633702980467,19.33269859140306,0.7785041157845265,-2.021416971691395,-0.0036460436690428193,0.7766138490413793,0.2795769171822603,0.2796293288428563,0.27942019798475165,0.23258052903647727,0.2325618216968583,0.23280865832454595
0.0,20.0,0.0,0.0,0.1143691774492201,0.0948409349449528,0.10489836464724432,-1.9683521513389437,-2.1233151001426056,-2.087728052007873,0.8722778098357091,0.8709131581624432,0.8747650155537772,1.902104196040116,1.891876442467774,1.8882663867576022,0.6791449760543936,-2.0262614013022464,0.0005446495022690768,0.06404501311115599,0.05734085173728654,0.05711521210826777,0.05723777345929586,0.11036082402021788,0.11068358610241595,0.11084052188051222
0.0,90.0,20.0,0.0,0.2529799502430925,0.2525221324334337,0.2527347460378196,-2.078493099216268,-2.0834758520138705,-2.0875984006944366,1.9955768332455828,1.997659204333547,1.9962035774888838,8.552311433711255,8.54885640729954,8.537436197589383,0.7665320191074287,-2.002511187159981,0.003433718993497367,0.487459003853031,0.16176632959973414,0.1618145346301419,0.16163059135339683,0.25277815792763986,0.2528531272527786,0.2525868185678057
20.0,0.0,60.0,-30.0,0.0558316496455679,0.0552503328337349,0.05555712407788129,-0.7528093833522772,-0.7637266752919023,-0.8668253469500039,0.44098391061170245,0.4400529552730545,0.4404147880870725,16.697029443660956,16.694551272905894,16.69151196447595,0.6492905338033098,-0.521775267985499,0.12180952770253689,0.04350325900004993,0.1946411059486724,0.19465254196652085,0.1946188876735258,0.055570985156227604,0.05551325809688101,0.05563556026106062
50.0,50.0,50.0,0.0,0.1885612137941944,0.1876104726347676,0.18820234107189626,-1.070853540792561,-1.0899884468058312,-1.3848599103661356,1.4888849361346186,1.4865424098648166,1.490027765562802,15.093878214443379,15.084928381656566,15.086208895287216,0.7149820200524383,-1.2870673309637894,0.30122324348692986,0.3507116212258582,0.20558702335203624,0.20535690558836692,0.20540254291935714,0.188030636821988,0.1881848185807113,0.18846417913988303
20.0,50.0,110.0,30.0,0.1175717900399426,0.1157618728335914,0.11664322279201847,-1.6530862048297736,-1.6651707956140025,-1.7076355893547719,0.932840942120575,0.9377185302079883,0.9363644317868508,31.66594983856379,31.683665338039564,31.673878738329346,0.718145790998976,-1.682010494824096,0.20527217901401382,0.49997755607352345,0.38861493044328693,0.38876223285027783,0.38853174602607937,0.11669411700887405,0.1171255888812844,0.11651374969357346
0.0,90.0,90.0,120.0,0.2078323442952667,0.2065464904025319,0.20719237394811912,-2.0733325860100864,-2.0801783946760035,-2.0793357122420115,1.6475568817033899,1.6478045020674827,1.6487186810001806,27.381151923756725,27.369439669430463,27.370915352501086,0.7665320191074287,-2.002511187159981,0.015069395443276174,0.8999100692879719,0.364640543800721,0.36451818680784515,0.36442594214574286,0.20718823560507213,0.2073210059983377,0.20727413610392198
90.0,20.0,80.0,-30.0,0.2267544859569026,0.2265032755694618,0.2266478346242084,-0.4370063828807815,-0.4390245550261307,-0.7843908046650457,1.786561788820755,1.7872387001676762,1.7868453016977497,21.991354214288414,21.986833199564632,21.980656530246183,0.6658515922848887,-0.7392330933318751,0.6792834423879749,0.1812298653671449,0.2594024147680711,0.2593086006560819,0.25934286986262023,0.2266609468185493,0.22669253949604234,0.22661453514474666
50.0,0.0,0.0,120.0,0.14849484133742,0.1444815314754515,0.14664210968596886,2.2620512316469377,0.4818846725345284,-2.0902814213987897,1.1565086295618392,1.1557423201975103,1.1588015338794273,1.8427597972597158,1.8365738732218575,1.8407363167636341,0.6453124449701564,-0.5221886034343035,0.000542257076175326,0.10113428329497413,0.058771325465550577,0.05868904581977523,0.05863014113506188,0.14650840376654645,0.14678763676874063,0.14689064854830458
0.0,50.0,50.0,-30.0,0.1415489605580448,0.1411275159978394,0.14134798764470016,-2.092084178488681,-2.100091302381382,-2.0953902351472,1.1239565746572175,1.1213897718799193,1.1216643835146336,15.476352173640961,15.469779423355392,15.46854086226835,0.718717229758354,-2.0572513781850446,-0.0001739115531324486,0.35845017122849276,0.2122613337910023,0.2121224263282498,0.21218768715860054,0.1414566702178919,0.14116193720085815,0.1414937782042875
100.0,0.0,40.0,0.0,0.2675613085271427,0.266089914028344,0.2667293931333459,0.301395844465214,0.2131664049637089,-0.6830848050021414,2.100209589618602,2.099967725862264,2.099167981431127,9.023323874333832,9.02002575957827,9.021408124185376,0.6320527728863933,-0.520595423050527,0.2809072301567175,0.04573940996627963,0.0892837092827911,0.08934141887710181,0.08940974696848514,0.2668120502250299,0.2666847495750232,0.2667108664938286
50.0,0.0,70.0,-60.0,0.1303574813176248,0.1299743843024708,0.13023485216725827,-0.4071849311623249,-0.4114488574022578,-0.64097729793013,1.0266788156115063,1.025798417616863,1.0263628891816807,19.180256170236596,19.173842148538704,19.17309660350711,0.645306596217742,-0.5221903316248901,0.34035263469955457,0.04014165143094232,0.21994694894652886,0.22007921783276257,0.21991804547968766,0.1302251275258503,0.13020696345316346,0.13031953608838454
20.0,0.0,70.0,30.0,0.0529999810293989,0.0523827600562923,0.052731949215148774,-0.6994272168954035,-0.7382691538629774,-0.8086103938241319,0.41907273719928545,0.4173973943735773,0.4184332863470307,19.422716195421298,19.416170139095392,19.416831765017264,0.6492905343418074,-0.5217752697370182,0.13613215220647562,0.039851861289972895,0.22481905323325954,0.22464514869122676,0.22476242136564703,0.05274970765350672,0.05268498659565798,0.052896835500366945
20.0,50.0,80.0,90.0,0.1306204886335615,0.1299360777632344,0.13027081230740797,-1.6494214921839252,-1.6598056099367977,-1.7265770022636444,1.0382503953018412,1.0382693749007932,1.038318556847146,23.48022992655074,23.4778201910437,23.45962081769871,0.718145790998976,-1.682010494824096,0.16746016376124348,0.43326017183813587,0.2986177807217623,0.29805705519735803,0.2980773588147548,0.13030144007079483,0.13032729800252404,0.13027771286224052
50.0,20.0,70.0,30.0,0.1380787223660424,0.1375761805624174,0.1378413451617954,-0.7700703582129746,-0.7749124736029502,-0.9920426543149888,1.0899692704061243,1.0894783528573493,1.090144499079858,19.759043675160562,19.75400496791768,19.754392575219367,0.6750696220906218,-0.8936880611762084,0.35158274954900515,0.17783033265958417,0.23880125795384521,0.23865183333974752,0.23865979557254388,0.1378166804850838,0.13783233853010987,0.13790095929131313
90.0,0.0,70.0,-90.0,0.2397120780051017,0.2390990349102051,0.2395266582055765,-0.1534628338493101,-0.1599836664308496,-0.593420136643056,1.8858810443587797,1.8853259221457874,1.8864043495087615,18.461053166857624,18.45992879335161,18.45690987480337,0.6345642598598404,-0.5207038325685658,0.588092836369887,0.04116870022664756,0.20578580826141998,0.2059238563442786,0.20583799397585806,0.2394716155989716,0.23954846195733775,0.23960579010435398
0.0,50.0,50.0,90.0,0.1415251644217841,0.1411101029687886,0.1413255329326587,-2.0909105041990808,-2.099257572242148,-2.09448671590804,1.1232210773380522,1.1211616460240859,1.1219029400220668,15.471701968989251,15.461747970582655,15.46601680596438,0.7187172303236241,-2.0572513802815084,0.00015372853153383266,0.35836982663995975,0.2122319823933263,0.21215512587815347,0.21217653452839683,0.14136557566917107,0.14119385642074098,0.14146423687800513
50.0,0.0,90.0,-30.0,0.1214297189663293,0.1209698553834084,0.12121539213507479,-0.4121409739888233,-0.4217604650597917,-0.5853212688097191,0.9561374755754073,0.952972065780424,0.9558429556433085,24.69508188954494,24.688333754749937,24.696118445929493,0.6453124446976714,-0.5221886030423946,0.40786305096482367,0.025201728736767966,0.28196903452175465,0.28159165102619116,0.2818124828361543,0.12110716114831763,0.12109386862410663,0.12149158299477478
90.0,20.0,40.0,30.0,0.2673647548748268,0.2641384092705892,0.26667539462156553,0.0363971319079398,-0.0639659106586259,-0.8798656501473527,2.101528426696853,2.101612194264749,2.099629150852444,9.805504210383498,9.801958997429336,9.800194900528973,0.6658515926585167,-0.7392330937283146,0.34617452320849496,0.129417255352934,0.11587386580405626,0.11585912219488335,0.11591182391870933,0.2668924505978844,0.26664733167358395,0.26664563580974693
50.0,0.0,80.0,120.0,0.1259748532825019,0.1256134972963373,0.12581972214674308,-0.4158323117300284,-0.4228180297101365,-0.614513931148762,0.992688259226061,0.990599428697507,0.9908864828198798,21.932899626548775,21.92792718715887,21.934142506954664,0.6453124449701564,-0.5221886034343035,0.3762792430301684,0.0342936658802394,0.2507921640714508,0.2506961007182945,0.25071813953181193,0.12587768453990422,0.12566708587878736,0.12593857854506024
90.0,0.0,0.0,-30.0,0.2578232042738077,0.256419886077069,0.25697016077165935,3.140292679317484,-3.1375079519752176,-2.0913428029332986,2.0267087219787556,2.027534526836819,2.0291596362799305,3.149598666688414,3.1432340800073715,3.149938608765156,0.6345985069919879,-0.5206595878102463,0.0010276103708775257,0.3122371820572292,0.10238269389231275,0.10233828913073034,0.10247855826951201,0.25690228387045655,0.25720632000909116,0.2571048283639723
90.0,20.0,40.0,0.0,0.2673645977010918,0.2642122787891968,0.2666892795607902,0.0363394147495831,-0.0631819231809455,-0.8797679201545531,2.1016344867090737,2.1017047686402903,2.0997259782898063,9.804840803473192,9.801309291700893,9.799602911550481,0.6658515926585167,-0.7392330937283146,0.34615202480266444,0.1293661925930373,0.11585786415828095,0.115844175031551,0.11589450594719033,0.2669052536107964,0.26665911169158063,0.26665906301363
20.0,90.0,20.0,0.0,0.2588923481694223,0.2573516688004006,0.2582023694347065,-1.5837805891632122,-1.6567710568960807,-1.9073452031202125,2.0387263815801995,2.0390449718946484,2.040357181309647,8.391322485015722,8.385375161592709,8.383385574235431,0.7655278996474294,-1.7768164101630861,0.09116924932857076,0.48238038970935365,0.1594765404196321,0.159427721496947,0.15934870659750325,0.25809475084799605,0.2583000037255516,0.25825633868715603
100.0,0.0,70.0,60.0,0.2627068666978931,0.2617318497224638,0.2625184988170242,-0.1047212892673977,-0.1142098411607743,-0.5896439162149261,2.0669019166700315,2.066740621512696,2.066843131605805,18.253824832801925,18.24886502302399,18.24597595854711,0.6320527728863933,-0.520595423050527,0.631641729626675,0.0418304335291273,0.2017780175252656,0.20165567197377524,0.20172842926371334,0.26254059863279966,0.26252929184211854,0.2625546502286097
20.0,50.0,0.0,30.0,0.1910342170124556,0.1896160716765981,0.19031803187932367,-0.6765378440456664,-1.3392369925179155,-2.091269422747725,1.4983664076051617,1.5032440679467125,1.50205450546767,2.3034797251353427,2.3020751932414365,2.308246402273472,0.718145790998976,-1.682010494824096,0.0005821277936069672,0.16913258066544157,0.07517065950796994,0.07505415172988715,0.0752351931077589,0.19021835962485964,0.19068488329307817,0.1900665864061794
90.0,20.0,30.0,120.0,0.2677039619241531,0.2661150639142531,0.26694410721705103,0.425899754469149,0.1406809634321397,-1.020654482854687,2.103655396672646,2.102172066907649,2.1013757811682505,6.278678596239152,6.274486201154478,6.275963495586503,0.6658515926585167,-0.7392330937283146,0.20274174783533694,0.11116586785017761,0.072429381262155,0.0724557362964963,0.07252982701071974,0.26707521192159134,0.2667855921663855,0.2669738125173198
50.0,50.0,40.0,0.0,0.1976007845416314,0.1961253711528909,0.1971845625713279,-0.9889630517910348,-1.0225501821789056,-1.3998792835150093,1.5574981041008369,1.558670775763528,1.558552832704137,12.296166227801447,12.291765930750124,12.286344703451622,0.7149820200524383,-1.2870673309637894,0.26379033134381646,0.3167909382671771,0.175136576493582,0.17506137738268748,0.17511939150242486,0.19718169569811764,0.19729582350192584,0.19716062074854684
50.0,20.0,100.0,60.0,0.1387209238531586,0.1356432370587719,0.13726943833834945,-0.7366042457701467,-0.7518725676495426,-0.9019729551996905,1.084972334598856,1.086976970282084,1.0862448250220311,27.999852307203295,28.002456610068446,27.991944462750357,0.6750696220906218,-0.8936880611762084,0.5040053631033936,0.2001593757416832,0.33056608157597395,0.3306340047737215,0.3303985389567838,0.13732590871242023,0.13748976917241484,0.1372315887981431
0.0,50.0,100.0,-90.0,0.1173662726894087,0.1155498843316866,0.11638055046969217,-2.0693385515632867,-2.083323399470378,-2.077211417443779,0.9363277003158272,0.9339381644066939,0.9296347466893754,29.02870704511461,29.019439970524008,29.01503769853355,0.7187022527479471,-2.057194377911328,0.00972752186289054,0.4999801817725346,0.3601209680386912,0.35995110647819173,0.3598259463019117,0.11694269339342903,0.11609450623808021,0.11641368064107051
0.0,100.0,70.0,-90.0,0.2612197802671065,0.2594568269926933,0.2602355234015445,-2.0854338078672274,-2.0957512536022938,-2.09054676178896,2.062231777079008,2.0624431465226403,2.0643129809331846,22.495346798335422,22.494583296861467,22.483195595036594,0.7784778512003011,-2.0213431807490414,0.004707700618780939,0.999873947205891,0.3221644476307401,0.32221736556943936,0.32211830208083253,0.2601147159525227,0.2603842330814001,0.26034993036453696
20.0,20.0,60.0,30.0,0.083813678323442,0.0833720492734855,0.08359860596183294,-1.340288677265314,-1.3616700922324243,-1.4528827450070427,0.6645556180452895,0.6670675155109457,0.6660959353665242,17.278798321890232,17.283685204814688,17.27083320046458,0.6784793404823032,-1.277180112019705,0.1278726271936152,0.17101033109476527,0.2137454364109305,0.21375668384893504,0.21362424538177613,0.08359915500756342,0.08378038905425488,0.08347078326714882
20.0,20.0,80.0,-60.0,0.073529753501902,0.0728982768598089,0.07321055475823786,-1.3268522540585252,-1.3465625172614093,-1.408453918128883,0.5848955546882416,0.5894758879981864,0.5844017392876852,22.69969344444011,22.696935418858573,22.683367728125702,0.6784747529960459,-1.2771647827212815,0.15158184770718766,0.18477660322683875,0.2727197696276236,0.27310109226538637,0.27261719576688753,0.07347559763827675,0.07339783824307607,0.07283001817332231
0.0,90.0,90.0,60.0,0.2078395696239984,0.2065450593775616,0.2071920756474872,-2.0733324980090457,-2.079955247331592,-2.079333855482945,1.647520299184524,1.6478416827582707,1.6486951161904304,27.381186556843918,27.369387360254727,27.370578555877426,0.7665320191074287,-2.002511187159981,0.015070458707892018,0.8999099975998947,0.3646427980802884,0.36451954460284297,0.36442564402004624,0.2071894524621413,0.20732406432934486,0.20726744215697862
50.0,0.0,20.0,0.0,0.165169789623834,0.1519665020176809,0.15691738749458992,0.3155567714862226,-0.0369674310290751,-0.9514801394021698,1.2517980896388232,1.2493752747285722,1.249373559630608,4.691899630058686,4.6843175624367985,4.713100244513518,0.6453124449701564,-0.5221886034343035,0.09351464336354308,0.046986160248526164,0.0604522500166014,0.060560660167962355,0.06136321846519232,0.15877084262955937,0.1584867330076199,0.15887431977062696
0.0,50.0,10.0,30.0,0.1752370727965365,0.1741676855486057,0.17465609958697095,-2.0818926825446176,-2.0902334866959347,-2.089826430428201,1.3766818802777845,1.380648688412822,1.3808268355365938,4.8663039479410255,4.859231040927548,4.861354944492711,0.7187172303236241,-2.0572513802815084,0.0010396862112464448,0.20752297281321103,0.10023920347009475,0.10031010690475342,0.10062506621019203,0.17450617723191714,0.1750524080414263,0.17451619635371543
20.0,90.0,100.0,-30.0,0.1998255558966278,0.198036314238884,0.19894293497614576,-1.796773656771629,-1.811144451088309,-1.8602272756568785,1.5852015158473476,1.5808521688727364,1.5845536497427488,29.97046252442331,29.9666306789443,29.960015164915035,0.7655278994724501,-1.7768164097551988,0.21640862149852552,0.9000741491442716,0.39093797570713995,0.3907197715012896,0.3908010043434475,0.19890127246062345,0.19883528413748366,0.199381087682652
20.0,50.0,80.0,0.0,0.1299216991128118,0.1293605673281375,0.12959094336433727,-1.652051836591501,-1.6624913201079698,-1.7286417441786044,1.0333051632280654,1.0332494160650236,1.03208272948946,23.474887012559183,23.469820050785902,23.451983000901297,0.718145790998976,-1.682010494824096,0.16558452264883292,0.43105487214331845,0.2984470515768399,0.2978387915041343,0.29782840162327184,0.12972013794054893,0.12958339795765567,0.12954157650764042
0.0,50.0,90.0,-60.0,0.1267581044292793,0.1253733068412432,0.12600810323933145,-2.073150467901667,-2.0998565575799373,-2.086164927073702,1.0062947942114755,1.006267234044196,1.0088208342499634,26.367678097520578,26.36425961137781,26.356033758108993,0.7187140020066343,-2.0572410849017757,0.004822355742301677,0.499986024765588,0.3324294242098129,0.3324705570313761,0.3325103790929967,0.12586419096893184,0.12617882077204606,0.12618809211846935
100.0,0.0,60.0,120.0,0.2671423568744589,0.2664098077310782,0.26676437388938606,-0.023589618259979,-0.0356818601839746,-0.6083355509904209,2.1001308945102393,2.099943902289816,2.1003499583458582,15.266346673131043,15.260150451872438,15.26140264952902,0.6320527728863933,-0.520595423050527,0.5288508609252778,0.045020099301721975,0.16610029938844242,0.16604851066580137,0.1661230697554246,0.2667338508889104,0.2667618963088389,0.2667869563856186
0.0,20.0,90.0,30.0,0.0552097343226677,0.0546697081858817,0.05499459348983278,-2.0706487087799816,-2.099830763871282,-2.085112766356828,0.44583846310614644,0.4488678478515047,0.4472136638877036,25.466217118976292,25.4691066229455,25.446971828214092,0.6791449760543936,-2.0262614013022464,0.0023694349957397516,0.1999674189036909,0.30449940900821,0.30458533176179375,0.3041281097508556,0.05507198787478529,0.05526237718552991,0.054872577546321404
20.0,90.0,90.0,90.0,0.2140423833969919,0.212637976818985,0.21326543785036275,-1.7900704714175422,-1.7964954017756385,-1.860281311584276,1.6941347092898986,1.6972612156162297,1.6945909508883248,27.349364702204394,27.35023645977834,27.347549752071426,0.7655278996474294,-1.7768164101630861,0.21614993942592098,0.8999378104939835,0.3640863893485691,0.36410665537754444,0.3639959733476707,0.21343601752259211,0.2134654870337593,0.2130935818246341
100.0,0.0,80.0,-60.0,0.2533057121296659,0.2527103276337978,0.2530308546449866,-0.1690263813612323,-0.1725154905605339,-0.5734610630975856,1.99283166639613,1.9917971600828666,1.9911949823799497,21.18760216839469,21.191606902855625,21.184531764581273,0.6320481609533841,-0.5205978351496521,0.7140996556570107,0.03566436533374752,0.2361834698182604,0.23613509849960368,0.23589831803851186,0.2531347457893463,0.2529348368457808,0.2530525287265763
0.0,90.0,110.0,120.0,0.1817724444091005,0.179946879855081,0.18096260177118434,-2.067599402047898,-2.086316945740767,-2.079285073695329,1.4460151833283728,1.4404684099943696,1.4448154080158764,32.60666027577753,32.599303465247424,32.590188624614036,0.7665320191074287,-2.002511187159981,0.015343385676372194,0.9001813545605499,0.41774125051891775,0.41764384040199615,0.41737042627432747,0.18092792257620374,0.1808109488860772,0.1814834706643385
50.0,20.0,60.0,60.0,0.144199084687802,0.1436875112694911,0.14406442118524093,-0.7453581348609888,-0.7546075080359645,-1.0138307152854207,1.1374990627738812,1.13891172704114,1.1388657654260008,17.00394452534149,17.006452225795023,16.99786115045357,0.6750696220906218,-0.8936880611762084,0.316737805148069,0.16900336446484882,0.20840978114000083,0.20849626489012424,0.20834880245809706,0.1440203512841206,0.1441988231830326,0.14402005926021838
0.0,100.0,20.0,-60.0,0.2685805567640124,0.2671698638214622,0.2677413875432289,-2.062172734037547,-2.069736442439182,-2.081858584441018,2.1194382248714074,2.11438432080118,2.1110673554788235,8.74297143074126,8.740676495707245,8.728418847921727,0.7785001761869639,-2.0214091411719246,0.006866902243136503,0.5351021697215799,0.16783226581627878,0.16811268466655052,0.1677114108164127,0.2682799064522871,0.2671859617550849,0.267812319547969
20.0,0.0,10.0,-60.0,0.0832956943158272,0.0634065787073392,0.0732906077245776,-0.3099622812259854,-0.8607716104367703,-1.302305776357877,0.6520622299020021,0.6546897043903808,0.6563615001239965,3.322334627367487,3.3048102956016683,3.2947940192971585,0.6492783391821197,-0.5217760975102034,0.027586192080425915,0.042481667420129085,0.060765460182399124,0.061029355229272005,0.06075614157118256,0.08264929899573344,0.083158553572676,0.08284727255132843
0.0,100.0,70.0,-60.0,0.261220000245233,0.2594567594088197,0.2602347921838128,-2.085528188325071,-2.095849361472172,-2.09061384773916,2.062229954754405,2.0624401570549877,2.064304177664094,22.495334744435553,22.494579661211475,22.48319406959257,0.7785050962142089,-2.021418924464496,0.004640478438857054,0.9998712023867127,0.3221646656205446,0.32221709566516216,0.32211810328256296,0.2601146970449527,0.2603833107477901,0.26034914446153307
50.0,0.0,0.0,30.0,0.1486397884898291,0.14431005758519,0.14638965660208583,2.2655807411250874,0.4938598740243637,-2.090337785370615,1.1543999515992838,1.15303868502475,1.1575758696832557,1.84409666140925,1.8413692152863634,1.8422280706410379,0.6453124449701564,-0.5221886034343035,0.0005369007934129372,0.10081383015112214,0.05874596492430991,0.05867922578038372,0.0586433356776651,0.14614495816178869,0.14655391625014158,0.14671992710018641
20.0,50.0,50.0,-90.0,0.1496071911358498,0.148956139674149,0.1493759898248831,-1.644557788820705,-1.6540755377014122,-1.7664700196351841,1.1862693698263602,1.1824663028072708,1.1860212031429704,15.420298623912993,15.411960671366273,15.41646521290256,0.71809406741408,-1.6818659362733845,0.12158266605665775,0.35689495951228534,0.2112553728982823,0.2110505586343366,0.21138823776627216,0.1492676350305754,0.14922273730515842,0.1496937661305897
50.0,0.0,120.0,60.0,0.1131389904113392,0.1115870502041876,0.11243143667953444,-0.3983878540251324,-0.4197437004983598,-0.5235981625882755,0.8864504353149592,0.8862426180729188,0.8851456262274163,33.00388914556037,32.99925584366255,32.98860877844168,0.6453124449701564,-0.5221886034343035,0.5043215974424319,1.7637706786486563e-05,0.374665426275421,0.3747847199451948,0.374777962935139,0.11262926336558797,0.1124600328173364,0.11250221043416012
0.0,50.0,50.0,30.0,0.1415664180646767,0.1411512590563252,0.14136749498474888,-2.0909771317001136,-2.099297378048265,-2.094530250306226,1.1235595445705422,1.1214895702129921,1.1222302028916746,15.472185463894391,15.462259691015936,15.46653366631615,0.7187172303236241,-2.0572513802815084,0.0001381616803464334,0.3585043213755977,0.21224824282818444,0.21217111216840326,0.21219252833433072,0.14140802503845995,0.14123492725557432,0.14150661834240244
90.0,0.0,70.0,60.0,0.2396204282198902,0.238904110387935,0.23944707023301917,-0.1543276432184312,-0.1622244328955768,-0.5938389836482816,1.8851829741044666,1.8846777014724574,1.885887377723953,18.46238226249129,18.46167650315486,18.458760219329747,0.6345985081197228,-0.520659588644016,0.5880319315782193,0.04141906752530041,0.2058381872630064,0.20598087041528892,0.20588428361092073,0.2393787415030755,0.2394799395769658,0.23952882618968124
90.0,20.0,0.0,0.0,0.2608354362028808,0.2597922302109539,0.260323202261263,3.139799223099109,-3.138075816166457,-2.0913743303738372,2.0546822579551645,2.0536813090810644,2.054534657900378,3.1876283103745244,3.183042232852486,3.182796221029676,0.6658515926585167,-0.7392330937283146,0.0010281507046783786,0.3202816869406676,0.10349209388059674,0.10332738777010579,0.10339402489289427,0.26038359534909816,0.2603665788092951,0.2604802139676373
100.0,0.0,110.0,60.0,0.2487109044313784,0.2451892155659588,0.24719528138777444,-0.2364359965249554,-0.2460141257543633,-0.5238715204058745,1.945660691899005,1.9457948452955545,1.9448442009494575,29.668098830687615,29.66377914372373,29.654808958046523,0.6320527728863933,-0.520595423050527,0.9820026625876255,0.000333848995800902,0.3325377975867381,0.33251701421183616,0.33241466824676585,0.2473301646620225,0.24722374555235893,0.24721588450159956
90.0,0.0,10.0,-60.0,0.268481901546296,0.2425971205696453,0.26333402027501274,3.13888861131347,-3.1373380477935284,-2.2651956216079787,2.075159638332603,2.0756743301689466,2.077738760473007,4.439935443590915,4.451617032297482,4.438448323652527,0.6345863020882142,-0.5206658750271006,-0.05530584405095612,0.32969160738495706,0.11149869742501906,0.1115804647272597,0.1114772880775189,0.2629752707380994,0.263312356329883,0.26323459950760514
90.0,20.0,90.0,30.0,0.2197788258694921,0.2192105093323073,0.21950038868024818,-0.461170652761158,-0.4661433199058397,-0.7623254015712888,1.7310878692277156,1.730399725335706,1.730763453250979,24.800456965904242,24.79178451378167,24.789834673100888,0.6658515926585167,-0.7392330937283146,0.7416050860385544,0.18040323025713087,0.2909256682204626,0.2906278236502935,0.29072972354776977,0.2195112568514355,0.219461632134848,0.21956426717778105
50.0,20.0,10.0,60.0,0.1827423634176109,0.1710134763358147,0.17670939766471921,0.6848145567216338,-0.2073574388954148,-1.6702149550421037,1.3980856238882415,1.3954088227183694,1.3936294501661464,2.0377791630006263,2.0647607099644913,2.059622654836245,0.6750696220906218,-0.8936880611762084,0.046588418535378755,0.10133281112394012,0.05418167729405708,0.05444730683230285,0.054383876114767554,0.17732100185134314,0.17679716641181295,0.1771342552943195
50.0,0.0,0.0,60.0,0.1486709823733744,0.1439453114816833,0.14652921911619196,2.266531460743737,0.4855522588583844,-2.0905131521989464,1.1553987775403503,1.1548052540997948,1.1588835711531225,1.848049805341,1.8446238152713144,1.8454993059453186,0.6453124449701564,-0.5221886034343035,0.0005199350037474143,0.10104933307517025,0.058925001612470246,0.058817556380857235,0.05865812727057764,0.14633250347555152,0.14677194957117398,0.14683896869363502
20.0,0.0,60.0,-60.0,0.056083926635085,0.055499422805852,0.05580775206745821,-0.7519634864686144,-0.763139238409258,-0.8665628401246775,0.44292525591861953,0.44205215783987223,0.4423861855574033,16.697421844549623,16.694897980574243,16.692020183518324,0.6492835969513838,-0.5217755204851315,0.12237970050117311,0.04367297239203216,0.19465506189485043,0.19467001837474304,0.19463753622379723,0.055821186699205015,0.05576784522223466,0.05588312051310575
0.0,20.0,70.0,30.0,0.0620210103421966,0.061471058162027,0.06174162503508069,-2.09100195364311,-2.117438733227109,-2.101803874945993,0.49943489275870084,0.4962716989863919,0.49634598662793805,20.029592189692778,20.026793817568464,20.021144627344363,0.6791449760543936,-2.0262614013022464,-0.0010961632473009096,0.1800219390044521,0.24367438270844388,0.24359291822941628,0.24364282720355585,0.06190029010828132,0.06150594827614607,0.061919054621628986
20.0,50.0,30.0,90.0,0.1660835771815453,0.1650850219781822,0.165573893542194,-1.561689472048193,-1.5971731276075434,-1.7824780152963968,1.3100727084254573,1.3077991668734974,1.3117707200653441,10.032832787213108,10.03146894308409,10.031723771451448,0.718145790998976,-1.682010494824096,0.09328287179157531,0.2893625393306229,0.1535072864327215,0.15357820910209807,0.1533683624899789,0.16532919786093092,0.1655666179026311,0.16583380446946974
50.0,50.0,10.0,90.0,0.2288370825869324,0.2192068719123771,0.22432188354838925,0.2064015008416013,-0.573691945819576,-1.7348896708576746,1.7705461162879712,1.7722111231892919,1.7683616664306394,3.133022525911685,3.1220431825248443,3.1386084554243348,0.7149820200524383,-1.2870673309637894,0.07796526389832106,0.20718834372118622,0.08282969225313037,0.0827757569079862,0.08307949408570034,0.22475321799053077,0.22447626768949897,0.22426935657537256
20.0,50.0,80.0,120.0,0.1301270285399409,0.1295561841207259,0.12979253761319356,-1.6505882797247264,-1.661135402205946,-1.7274771616696318,1.0348858813963642,1.0347997294572278,1.0336978300480386,23.476074031018175,23.471343938641862,23.453379799148728,0.718145790998976,-1.682010494824096,0.16636942601979557,0.4315986433624551,0.29849082976237684,0.29788390035037515,0.2978741218821648,0.1299178726322183,0.12978575404873893,0.12974705682633142
50.0,20.0,20.0,-90.0,0.1757085734403494,0.1681522869810869,0.17258080677721732,-0.1317962225104674,-0.4167057889309033,-1.2156806223495122,1.361187652699518,1.3629628704999515,1.3605718477968116,5.3258630648790355,5.321245619185917,5.324721193197782,0.6750008751857838,-0.8936820348352174,0.12454772212859404,0.10385112941870972,0.07885389481706269,0.07883864207026714,0.0789262713490732,0.1728451941925356,0.1727642446210628,0.17254732250010582
20.0,0.0,60.0,90.0,0.0563241509246736,0.0557125666071166,0.05601861751282147,-0.7534091491698995,-0.7784531644651977,-0.8706403119005581,0.44504533831221543,0.44374317043002126,0.44371949968656477,16.70117204603406,16.69862411769544,16.694001097389346,0.6492905343418074,-0.5217752697370182,0.12272997099443302,0.04436118923251837,0.1947696927089162,0.19479694935353142,0.1947314621921893,0.056082000267341975,0.05593034164951477,0.056102320344461255
0.0,50.0,80.0,60.0,0.1214805986983619,0.1209731157260936,0.12126393751660841,-2.06096659690593,-2.0724735646664745,-2.0712086442414424,0.967370235933306,0.9661296614329953,0.9712286657649846,23.505402452041558,23.520000454761146,23.508955606218787,0.7187172303236241,-2.0572513802815084,0.010521928127765983,0.43280483255537905,0.298842844881265,0.29909414300149784,0.2986425204119549,0.12090304324146142,0.12140657446048078,0.12156754911918068
100.0,0.0,100.0,-30.0,0.2493524824149994,0.2488234747314825,0.2490719031437662,-0.1941739766082801,-0.1968420454762232,-0.510091347269278,1.9602886308285474,1.9608513005266268,1.9590512456150244,26.7563336078716,26.753462893895552,26.743995430854525,0.6320527726978016,-0.5205954229275196,0.8867332436409209,-0.011946900704734453,0.297638931646719,0.29761431206965305,0.29752438099158834,0.24920418525696422,0.24904207080729138,0.2489805935347942
0.0,20.0,20.0,90.0,0.0921569509515333,0.0904055888594574,0.09132450576411352,-2.0819397720663284,-2.1099504344835247,-2.0941940698584736,0.722920338575936,0.7248081941518342,0.7232833502274469,6.614395714699464,6.603846923097038,6.604670190625526,0.6791449760543936,-2.0262614013022464,0.00011761119907911448,0.10725096251171937,0.09912349847096537,0.09935268069543177,0.09914072506027927,0.09142731136044491,0.09145692025758934,0.09123947631308785
50.0,0.0,20.0,-30.0,0.1650740026665484,0.151873720090554,0.1569370361651996,0.3145733391295913,-0.0356278618331182,-0.9514556270483205,1.2520241690215859,1.249344031915332,1.247410118481203,4.69988258033504,4.691779098166449,4.7066373120633385,0.6453124440618709,-0.5221886021279171,0.09345871506084619,0.04689978099686752,0.06038180244518001,0.060383946309933274,0.060784731159684253,0.15888332378730144,0.1583274332993858,0.15872411252987922
0.0,20.0,60.0,90.0,0.0671757104797586,0.066723191611835,0.06695846608462576,-2.0947684149079,-2.1058522473442425,-2.100056764417363,0.5349701393188674,0.5370634553448524,0.5391504158704805,17.323498184411484,17.33472854987078,17.32236362871586,0.6791449760543936,-2.0262614013022464,-0.0008084543189059509,0.17167575721532824,0.21427414083920276,0.21477261791134195,0.2144653221014893,0.06672354819119396,0.06724555345517105,0.06700146267956518
0.0,100.0,40.0,30.0,0.2516865471576975,0.2512388422562512,0.2514257928623978,-2.099897313681341,-2.1031700699488938,-2.0969950512040776,1.9892737669932525,1.988957431673895,1.9891312224758306,14.050498337102718,14.043444477843678,14.033741333806194,0.7785098420441033,-2.0214286154605,-0.001478758981035143,0.6724965516071485,0.22377488369380777,0.2234983231779705,0.2236106118303381,0.2514359037712639,0.25142304180473796,0.25144345257286826
0.0,90.0,10.0,60.0,0.2639486397807449,0.2635577884418069,0.2637224123271721,-2.0713939211645958,-2.074614182402033,-2.087037584126341,2.0819817989305074,2.080383882857516,2.0827300112051863,5.915130887039264,5.9130198884381375,5.912850595017234,0.7665320191074287,-2.002511187159981,0.0031910539006861152,0.42304861345240824,0.13410448720120896,0.13421299828975056,0.1341196399475681,0.26359033714918845,0.26369014764097043,0.26388865915725673
50.0,20.0,80.0,120.0,0.1321216566083211,0.131856873815864,0.13201240467272154,-0.7824504743529527,-0.7859113685672093,-0.9694166253366986,1.045468699212232,1.0441736341443513,1.043688096046865,22.5088328372015,22.509337688106797,22.506376792921177,0.6750696220906218,-0.8936880611762084,0.3837833621094917,0.18328473395883804,0.26947391452788766,0.2693195410581371,0.26939240320218444,0.1321169935739181,0.13189854773697401,0.13207374881977052
20.0,50.0,30.0,-90.0,0.1660512268719916,0.1649096578058646,0.1655198281987984,-1.5617063605500088,-1.597335055321492,-1.7830710904696567,1.3095849018167471,1.3069494539889757,1.3119708972238686,10.035616582701381,10.033319408933181,10.033276194158356,0.7180804532400481,-1.6818248221004097,0.09308997064089236,0.28932922297368907,0.15355996818321296,0.15362132103977474,0.15343017418485236,0.16520749663305956,0.1655354020274121,0.16584070705701087
20.0,50.0,70.0,-30.0,0.1350458777319134,0.1344940741778062,0.13476505157174573,-1.6671222391642913,-1.6810916888875087,-1.7545864367319954,1.0716733298291983,1.0699654476100757,1.0760291425822595,20.784562553336762,20.782100574017726,20.78234077176738,0.7181457905572758,-1.6820104932947535,0.14472291395787681,0.408348743954722,0.26862296331557944,0.26886875314968733,0.2687543415228249,0.1343334910475287,0.134908174776757,0.13511152238136045
0.0,90.0,80.0,60.0,0.2236301640286558,0.2218765533143543,0.22267909230184443,-2.0740217436164947,-2.081866877834009,-2.081478596149292,1.7699049960738298,1.7667305174280898,1.7686099411080671,24.80530700139759,24.80031741668491,24.788588659362592,0.7665320191074287,-2.002511187159981,0.012675507273262665,0.8999204606089297,0.33895000433506584,0.338951578566259,0.3387115441305519,0.22269383304574233,0.22255844827882112,0.2229491421042506
20.0,90.0,120.0,30.0,0.1755310645927235,0.1734995996159557,0.17471179318325622,-1.8128022555595291,-1.8245544862562169,-1.8601043531658235,1.3981684497032778,1.3995264207113323,1.3920402413425716,35.19069967570362,35.1851158085464,35.1825442539611,0.7655278996474294,-1.7768164101630861,0.21657909273934978,0.8992108592877214,0.44444019938655005,0.4444736025081242,0.4440245624757177,0.17551366546405298,0.1747057917593205,0.17460674431080983
50.0,0.0,20.0,-90.0,0.1655940687328632,0.1517937633630955,0.1571226246311734,0.319490037603883,-0.0322961679751234,-0.9512893211701087,1.2511632440672789,1.2526286058966476,1.251494998616814,4.673730334030559,4.669854200090023,4.704643552581423,0.645243287291969,-0.5222744840479067,0.09338452444394478,0.047005382448880126,0.06050171958672682,0.06036572337088791,0.06117086045095354,0.158920204850127,0.15896970307913702,0.15889032506561615
90.0,20.0,110.0,30.0,0.2189379372818078,0.2176125966855837,0.2183720186834106,-0.4939093463625064,-0.5048247322872276,-0.7419331324037653,1.7233501113828393,1.7224979680171897,1.7218681760146053,30.431884680389757,30.434973537469933,30.41975842240375,0.6658515926585167,-0.7392330937283146,0.9031576430401985,0.20019766768745192,0.35452139738599486,0.3546542212083318,0.3544359813917778,0.2185192719510312,0.2183552363156835,0.218452495107177
20.0,0.0,50.0,-90.0,0.0596248137483434,0.0585265550915313,0.05911821953445764,-0.7685449162015793,-0.812464444982553,-0.9259896716348148,0.4688023329441302,0.4695992806049963,0.46726952341735173,13.9613058705392,13.968051018589634,13.959260792561047,0.6492414313216418,-0.5218504530239338,0.10708883162109142,0.045550626598493835,0.1641418294600025,0.16432897574894567,0.16436744932187755,0.05929092474868897,0.05910183920044436,0.05901374571071436
50.0,0.0,0.0,-90.0,0.1484579439031184,0.1449343898629249,0.1466308364914084,2.2883635350109457,0.5076427089441481,-2.0904376219959926,1.1557163848831444,1.1547175850831735,1.1593603522581084,1.8378642931148834,1.8326373529521782,1.834039348388754,0.6452300648292186,-0.5222904438109333,0.0005255688634969483,0.10108327194995399,0.058602878105259264,0.05851272066527064,0.05851709167501907,0.1463159192917364,0.14677729037786016,0.1469095213904319
0.0,50.0,120.0,120.0,0.1014287128633847,0.0997208121605301,0.10054406070328695,-2.062790949637041,-2.100652172794303,-2.083592677117131,0.8109949640112286,0.8116577241605026,0.810931961069017,34.384924989377275,34.379633695956414,34.37767787919059,0.7187172303236241,-2.0572513802815084,0.00713204376557449,0.5001243387644381,0.4178525827558228,0.41796938774345277,0.41743542779020487,0.1007309933510113,0.10074967631692612,0.10064356030343308
20.0,90.0,100.0,-60.0,0.1998254914473172,0.1980368328277661,0.1989429437775096,-1.7967743537025682,-1.811137863370744,-1.8602270270741321,1.5852015101325045,1.5808522041479371,1.5845536434533267,29.97046213302699,29.966630316609496,29.96001485861531,0.7655259856727628,-1.7768125911609207,0.21640901710197022,0.9000741487685577,0.3909379670965018,0.3907197627228353,0.39080099696510673,0.19890127555176074,0.19883528716407686,0.19938108554034523
20.0,50.0,100.0,90.0,0.1265888942136543,0.1251225089524474,0.12579962465731817,-1.6409304827088558,-1.6578144501010506,-1.7076520117707685,1.0065016800037987,1.0051620425604408,1.006876036229408,29.009756453899406,28.999420858358814,28.99679482645702,0.718145790998976,-1.682010494824096,0.20480291657757344,0.4999864962277113,0.3597577210880864,0.35949259711163967,0.3598200514218822,0.1258244120266898,0.12583270202229982,0.1260168587895245
0.0,50.0,90.0,-90.0,0.1267583975412276,0.1253754580364146,0.12600843246963073,-2.073123067602044,-2.0998053878585443,-2.0861338360365345,1.0062995718129861,1.0062692692149529,1.0088211593052197,26.367676405181374,26.364264521760866,26.356054627256196,0.7186948988161127,-2.057165132733731,0.004837730788122369,0.4999876083893415,0.33242954773295974,0.3324705309055362,0.33251028831318286,0.12586471711717148,0.12617881507342807,0.12618840822791103
0.0,100.0,20.0,-90.0,0.2686082385646264,0.2671781664982705,0.2677236680944647,-2.0634987838998025,-2.071049288135074,-2.082091215260483,2.1176921190903886,2.1140805967859286,2.112430056465474,8.740215480497442,8.733131470064663,8.726543219304332,0.7784417712558088,-2.0212674857081776,0.006726077482381921,0.5350212015379838,0.16758878286175927,0.16761891969242365,0.16753637056271767,0.26803321477493375,0.2673513640934778,0.2678056564884721
20.0,50.0,60.0,90.0,0.1422566932670236,0.1416944921586828,0.14199820861830817,-1.6591909031570184,-1.668359277426578,-1.759401624200456,1.1268489649428255,1.127322957447526,1.1301562084887464,18.1044715779398,18.099304220132574,18.099039032405486,0.718145790998976,-1.682010494824096,0.13415354307230418,0.3846658255863814,0.2396051056334408,0.23983750095497725,0.2398167898819938,0.14175456764930902,0.14217530525169264,0.14210842950391922
50.0,20.0,50.0,-60.0,0.151103259120024,0.1500423409813998,0.15064538580467013,-0.6993276590881026,-0.7151318634082038,-1.0366218919829593,1.1885146798980426,1.1910696300831052,1.1897532619467819,14.211115975100176,14.218926888890524,14.209986063347637,0.6750616705674938,-0.8936827842223726,0.27839556453443925,0.15685863745199904,0.1774459923324011,0.1773464778045678,0.17764128508415797,0.1506671900567378,0.15081884786823924,0.15049754611898247
50.0,20.0,70.0,120.0,0.1380990337806882,0.1376448724297508,0.13789928325095124,-0.7698304491964509,-0.775060875993668,-0.9916941659952604,1.090241735946739,1.0894735430168259,1.0912389131864941,19.758596130086346,19.751560571849637,19.753983742238194,0.6750696220906218,-0.8936880611762084,0.3517738947062979,0.17776625253390815,0.23877798729757485,0.23862788033900922,0.23866635910894018,0.1377924439285363,0.13791515347096467,0.13801273538338749
20.0,50.0,70.0,0.0,0.1349505292800714,0.1344393084443153,0.1346907351233401,-1.6681609287161092,-1.6821964081740997,-1.7558324842287538,1.0719973732232078,1.0709215990904317,1.0728427718099023,20.783454379440474,20.7792833045496,20.7742158658079,0.718145790998976,-1.682010494824096,0.14413189512768737,0.4082922047765483,0.26884152871025163,0.2688393347025879,0.2685943074669841,0.13459029864700417,0.13471081326972478,0.13480949645867815
20.0,0.0,40.0,-30.0,0.0629643045545996,0.0619312048400354,0.06241442705273348,-0.7937787587627277,-0.8261825245235791,-0.9823096695042005,0.4963753081680219,0.4927233830314706,0.49388461296323133,11.261508396258153,11.254157692733893,11.24796698734568,0.649290533624728,-0.5217752674009811,0.08996422366804048,0.044445371829437724,0.13489998792631935,0.13459801787693662,0.13444261057646914,0.06253030325077606,0.062205864467367644,0.06266253689554596
20.0,90.0,10.0,-90.0,0.2681862347240644,0.2574060292760792,0.26338650876893427,-1.6363915273040608,-1.81356807951711,-2.005128474950379,2.0933408326243166,2.0936851655379516,2.093962649021852,5.838536466981493,5.856299465135202,5.85238151519574,0.7654523804049923,-1.7766553529893525,0.03716647126927152,0.42232932719262967,0.13404575848745617,0.13430476284459955,0.1339597971827892,0.2651961057349386,0.2652921671476474,0.2652441271379626
20.0,90.0,100.0,0.0,0.1998251837096964,0.1980346588680486,0.1989427137324973,-1.7967765514415848,-1.81116942843126,-1.8602302274736826,1.5851998991051373,1.5808507493553268,1.5845521089520695,29.970464273639195,29.966631659896343,29.960015877779274,0.7655278996474294,-1.7768164101630861,0.216405246735567,0.9000737019290518,0.39093798593332385,0.39071977988178375,0.39080100910466464,0.19890107788611083,0.19883509849686218,0.199380876815552
100.0,0.0,110.0,0.0,0.2487102403079284,0.2452001502582195,0.2471962827980048,-0.236435470731407,-0.2460053108002919,-0.5238677862497622,1.9456668582187635,1.9458006090707818,1.9448504254901,29.66808185958399,29.663760529559838,29.65479216455041,0.6320527728863933,-0.520595423050527,0.9820065874831827,0.00033053799115457557,0.33253728254896614,0.3325164874969047,0.332414165425551,0.24733091182524838,0.24722450323626394,0.24721669068091526
0.0,50.0,100.0,120.0,0.11738108119108,0.1155497340854721,0.11638016899189217,-2.06890459240046,-2.082915682576818,-2.0768796610271654,0.9363811395597439,0.933886615402019,0.9296268630640622,29.028715855067126,29.019313126112063,29.01504970997025,0.7187172303236241,-2.0572513802815084,0.009893881583675887,0.49997409922955544,0.36011996211158304,0.3599464090821643,0.3598304761240675,0.11694313515250161,0.11608709174673672,0.11641969982623337
90.0,0.0,80.0,90.0,0.2311195462759222,0.2306910246725288,0.23095185375545857,-0.2092522346394599,-0.2142139555486868,-0.5771593334718027,1.8188646913375563,1.8184327432630736,1.8173939920440436,21.360307738066524,21.363608043287794,21.347038566405,0.6345985081197228,-0.520659588644016,0.6609342712083471,0.035452305272743796,0.2395111339658107,0.23945545440765376,0.23930621762006726,0.2310724711829435,0.2308774793508795,0.23093300387734308
20.0,20.0,20.0,90.0,0.1090607068969953,0.1059619615600344,0.10756555461981138,-1.18175581604509,-1.3030992509765529,-1.5664267010540027,0.8511813424113231,0.8505948847949065,0.8508480978933349,6.4277850610269445,6.423465436306313,6.429322455554025,0.6784793404823032,-1.277180112019705,0.06174823542179625,0.10599767198151692,0.09644385675715787,0.09624705826140084,0.09642604401801534,0.10763727294176964,0.10757825220851812,0.10768197825027186
20.0,50.0,120.0,-60.0,0.1099594070821722,0.1074168049160888,0.10861112957735851,-1.6535414924314298,-1.6804494707581,-1.7077196911957038,0.8720437839066364,0.8737989598494923,0.8741153199854761,34.3653455214722,34.36543059448764,34.35235678026195,0.718145790998976,-1.682010494824096,0.20534553062648248,0.5001509669679027,0.4176257619133201,0.4174046292348564,0.41738422351391274,0.10869246559767134,0.10895111383617219,0.10871481924071819
20.0,0.0,80.0,30.0,0.0505168097259872,0.0497170651267175,0.050140118566269,-0.6572486297779359,-0.688237084745846,-0.7472247168032403,0.39700336853088897,0.39962594913959826,0.3962750542438588,22.124072585185218,22.13800537468801,22.126179721728032,0.6492905343418074,-0.5217752697370182,0.14923490384440982,0.03390381122773076,0.25438881168436667,0.25487888842813317,0.2545134624508205,0.05033587908646534,0.05025858765939463,0.049932109426406024
50.0,20.0,20.0,-30.0,0.1757854213757767,0.168184195915876,0.17263697222092775,-0.1316232522507106,-0.4177380456356021,-1.2161477301419634,1.3616988017998728,1.3631963715241562,1.361200759211641,5.327942650291515,5.32223635440652,5.326432786035291,0.6750696211846876,-0.893688059144747,0.12460520994687474,0.10400230370158475,0.07893983858269131,0.07887880142402816,0.07898349369631491,0.17288148128992215,0.1728152797472636,0.17263363154519362
50.0,20.0,110.0,-90.0,0.1265236805910946,0.1246250220629528,0.12562603856780175,-0.7614726045862652,-0.7798615457826475,-0.9018447493191816,0.9948509016670675,0.9987282601444041,0.9934237247359835,30.784390082240368,30.783730403288935,30.770216615862516,0.6750623503597534,-0.8936871291981677,0.5044086608558122,0.20005612928565486,0.3611793250287451,0.3613378000100726,0.36116209769380775,0.1260258280849479,0.1258250226853,0.12536513106155003
100.0,0.0,60.0,-60.0,0.2671348225985703,0.2664243935957692,0.2667601518168617,-0.0233369476726699,-0.0330858167014828,-0.6079751259840367,2.099982516993493,2.099909121980737,2.1003062730735333,15.265371220473288,15.25911471420138,15.260581843494615,0.632045995952192,-0.5205990773604569,0.5287370423870781,0.04481289161937445,0.1660684521934347,0.1660180018207387,0.1660924570279054,0.2667204238832248,0.2667615970253047,0.26677212588336174
0.0,50.0,20.0,90.0,0.1659617415804685,0.1652226076007,0.16559479955167436,-2.0844208944404854,-2.09560927451141,-2.0906465465750155,1.311635506581085,1.3086301458917315,1.3072532583985343,7.4935793219014935,7.483548630634796,7.482107799796919,0.7187172303236241,-2.0572513802815084,0.0010069441540206184,0.25192378627857737,0.12762371156210434,0.12737913108677987,0.12742438003479145,0.16585134433984286,0.1652922677986812,0.16567368491805556
100.0,0.0,70.0,-90.0,0.2626587856886492,0.2617544691494646,0.2624769838898801,-0.104627133184353,-0.1132249718846358,-0.5894100174464556,2.0665790385389173,2.066379168004683,2.066504289282367,18.25348001491588,18.24861341778668,18.245672338629525,0.632018689490919,-0.5206397110143086,0.6314976842544258,0.04166889260046509,0.20176368208659806,0.2016390891236601,0.20171162097607695,0.2624972425682673,0.2624838736222868,0.26251411395783913
90.0,20.0,0.0,60.0,0.2609663137909632,0.2597947072136372,0.2603214380200092,3.1412833426139,-3.1363376380584604,-2.091368658867131,2.054228252514787,2.053485756381036,2.0550505626375135,3.194346149888569,3.1859317671149,3.187603134401129,0.6658515926585167,-0.7392330937283146,0.001035971121926986,0.32027593726178405,0.10358934449562716,0.10339731520038822,0.10346784053960228,0.260305917363487,0.2604134167026876,0.26049604376488517
20.0,50.0,30.0,60.0,0.1660438412451372,0.1648492313057196,0.16552238248936268,-1.5608496765332824,-1.5980067087201926,-1.7828341620999248,1.3099725057073002,1.307155240025581,1.3113773566734348,10.034757077466395,10.031715759788746,10.031943204616018,0.718145790998976,-1.682010494824096,0.09314988013545311,0.28929995960740684,0.15355185284475728,0.15361286492157625,0.1533967067358856,0.16528347109089694,0.16548375707191798,0.16581654969693688
20.0,90.0,60.0,90.0,0.2181497759659085,0.2176480909075408,0.2179526830822352,-1.7973612635512497,-1.8029952884550524,-1.8896744340640463,1.7269498837044848,1.7282259031863028,1.7277412048877037,19.066646112396384,19.071633350576207,19.05762923654859,0.7655278996474294,-1.7768164101630861,0.14399057242137275,0.6914849254464307,0.27135582896931587,0.2711093100856714,0.2711285834642012,0.2179584412765037,0.21804870984336333,0.21787773101835708
0.0,90.0,60.0,30.0,0.2137260035816691,0.2134163610816985,0.21359749691987578,-2.093339802297977,-2.0974731278884136,-2.0941534119730694,1.693480867893365,1.6941892952718933,1.693252593415623,19.11574965992885,19.112114873198284,19.097117137425982,0.7665320191074287,-2.002511187159981,0.0006012146091828172,0.6941327077263859,0.2725550492896362,0.272326248241278,0.2719904117773109,0.21366256721983182,0.2136501956152328,0.21352482385153373
20.0,20.0,10.0,-60.0,0.1216597676678945,0.1089907629744937,0.11581254969820409,-0.7440338645348292,-1.5253799686118188,-1.673856820210505,0.9152958588195561,0.9150612715869699,0.9163290819881658,3.6695436629685387,3.661600713711386,3.662266559100815,0.6784670043391066,-1.277138403944221,0.037411112902959176,0.08408401244491175,0.06743258457717935,0.06730288033527716,0.06734383267805003,0.11588865093837568,0.11603377764339558,0.11603763235793733
20.0,20.0,110.0,90.0,0.0665419719177461,0.0645234341754935,0.06561944101391466,-1.2364220756570627,-1.270240736976984,-1.3021887730382344,0.5264840655666937,0.5299951534400681,0.5326955855084922,30.902982862180412,30.900540682468097,30.90176860602828,0.6784793404823032,-1.277180112019705,0.20381585010919517,0.19999883165750157,0.36353825651191035,0.3635942954532132,0.3637711758824881,0.0654343895397727,0.06618455139542206,0.06576294765990075
90.0,0.0,0.0,-90.0,0.2578197750332786,0.256318810746504,0.25700803345839096,3.1410716237761123,-3.136345286662144,-2.091356883655245,2.027690495612558,2.027444966517548,2.0292455235727123,3.154669179978659,3.146677351998847,3.149250187008719,0.6345194410066592,-0.5207641493135428,0.001026074613020497,0.31230772960603215,0.10241546058414441,0.1023598719392176,0.10242165489168015,0.2569754222795733,0.257164436567014,0.2571919609940579
0.0,50.0,80.0,0.0,0.1215194786243399,0.1209530840625597,0.12124564449277117,-2.06071192929346,-2.0724492818638067,-2.0709852616917135,0.9672667283653092,0.9661867149799385,0.9708464277601085,23.50522547495363,23.519507532809556,23.508649885690705,0.7187172303236241,-2.0572513802815084,0.01061823028634505,0.4327266056065826,0.298843288200287,0.29908406205664056,0.2986225952045594,0.12091541323602875,0.12138238795079996,0.1215240617037061
90.0,0.0,20.0,-30.0,0.2914349778545902,0.2552253689753334,0.26602759766703027,2.625164965140077,0.7585933403505698,-2.4286302810167273,2.0937215661951045,2.0956686788603163,2.1009038908635413,3.6447096479513488,3.656558430399579,3.675213791409747,0.6345985071799894,-0.5206595879491885,-0.07139265256435061,0.16985249149002477,0.06844338231482387,0.06823954023553097,0.06863738898530558,0.26559149063238385,0.2664988568357147,0.2662560836742403
50.0,50.0,30.0,0.0,0.2081125086860931,0.2048112126029409,0.2068514471612144,-0.8351547384462468,-0.9246633606166376,-1.4248935136145655,1.6328454729651072,1.633683528715796,1.6340028712218082,9.394358364101318,9.390163148287108,9.387732022166235,0.7149820200524383,-1.2870673309637894,0.21970848021375833,0.2780070420153221,0.14323143143130265,0.1430259483315077,0.14313898568600314,0.2068427321979501,0.20698282034387025,0.20687537417286517
100.0,0.0,70.0,-30.0,0.26272486954283,0.2617694373931001,0.2625401268539032,-0.1046907131858165,-0.1139810784457903,-0.5896195736704576,2.0670717282027957,2.066904234524677,2.0670121473204355,18.253565817452547,18.248608491403907,18.24571839739588,0.6320527724147609,-0.5205954227429399,0.6316753579378231,0.04181491658809635,0.2017724993324237,0.20164972015172086,0.20172254979799517,0.26256174066504206,0.26255031258767375,0.2625764497007158
50.0,20.0,40.0,30.0,0.1584555688291425,0.1564472931159487,0.15780086387249337,-0.6143105419305905,-0.6568819219223805,-1.063341101874252,1.2446983813413461,1.2462869359369702,1.2457798661367552,11.375410898426978,11.362744670252996,11.369483241893027,0.6750696220906218,-0.8936880611762084,0.2357888616903659,0.1413666176056901,0.14557518163002559,0.14554402812406442,0.14557129900167176,0.15780324855754,0.15793432431940715,0.15774555929492187
20.0,20.0,100.0,-30.0,0.0728765221409476,0.0702224676802474,0.07150042299610979,-1.2180133864839129,-1.26482952029387,-1.302228309338374,0.5737888565431831,0.575296921641793,0.5728445268112429,28.164856171852563,28.164976139322786,28.157150086791642,0.67847934030379,-1.2771801110678778,0.2033863491903646,0.20002707230712818,0.3335895010427198,0.33368187815485034,0.3335299314666032,0.07177329561789136,0.07165373606426086,0.07147404716569901
100.0,0.0,10.0,90.0,0.2689932849308364,0.2650024769858389,0.2669165989598971,3.1367602231197265,-3.139959219233344,-2.2614042447111236,2.1054965643176278,2.1051280532827232,2.1089744856562596,4.527322707734937,4.53101106926937,4.512141237286923,0.6320527728863933,-0.520595423050527,-0.05372708524205219,0.34026448259932407,0.11365973510349392,0.11367940777245203,0.11347643703663474,0.26670238495521487,0.2671491614817156,0.2671966876240685
20.0,0.0,20.0,120.0,0.0934730976852661,0.0502454797075911,0.07223282663596237,-0.3962599285626403,-1.429083660646664,-1.1281943123077975,0.576377864278274,0.5760978564030935,0.5772658765237585,5.76409766421109,5.775183557120012,5.770192371784609,0.6492905343418074,-0.5217752697370182,0.05268293275803518,0.036297112441355014,0.0750423199457591,0.07495869094660015,0.07484983552199972,0.07290823321279899,0.07302487102700056,0.07306154184822515
0.0,100.0,90.0,-90.0,0.2263503229370291,0.2247609418308452,0.2257014633279689,-2.0814201922507998,-2.088386750616801,-2.086789013643731,1.795358681924137,1.7942847277873875,1.7919317255145124,27.61800947103025,27.606385743695743,27.602597108890123,0.7784913664694334,-2.0213763518441126,0.009244302641928371,0.9999318486500544,0.3723187287022694,0.3722968079793131,0.3719802660691542,0.22601733780259675,0.22558164836691377,0.22571880635362765
0.0,100.0,100.0,120.0,0.211863868183088,0.2100459402731781,0.21106586849157588,-2.073004962684885,-2.0934139310002733,-2.084885220811561,1.677631739376764,1.6819462504026104,1.679174970036639,30.21275780873545,30.219419192462365,30.21286282813269,0.7785098420441033,-2.0214286154605,0.011228809317035186,1.0001084451361633,0.39824681710116294,0.3985082495201947,0.397886798805413,0.2112002435269878,0.21139968725440253,0.21087178323063696
90.0,20.0,50.0,-60.0,0.2566419180629631,0.2540053245947466,0.2559125434380609,-0.1804681245660139,-0.216683881298578,-0.8387228729936061,2.017061291526386,2.0169649823746263,2.01580539434019,13.098202918862112,13.096200109794088,13.089540758761164,0.665844021336768,-0.7392342718228051,0.4546847894435968,0.14843295985406363,0.1560275654240863,0.15608107993787682,0.15597877233984508,0.256043724853477,0.2558938800610962,0.2559039009536887
20.0,0.0,20.0,30.0,0.0952346108230477,0.050147905223357,0.07199268960960757,-0.3691106838242107,-1.492173549805117,-1.1208079629646661,0.5734133407231345,0.5735283178675958,0.5749729747420314,5.7619795626871015,5.767938415815417,5.761163555492063,0.6492905343418074,-0.5217752697370182,0.052506316475038006,0.03585565044247039,0.07480229051462974,0.07470552425784564,0.07460124170534466,0.07254311432193207,0.07274880162013021,0.07272129171260865
0.0,100.0,40.0,-30.0,0.2516543848856366,0.2512079707126232,0.2513945657954261,-2.099962186571563,-2.1031978214198848,-2.097023525669749,1.9890580699394516,1.9886969435152417,1.988870960631844,14.050179969445276,14.042960607808466,14.03340516159888,0.7785098413606484,-2.0214286139720805,-0.001497920061057672,0.6723715587469392,0.22375831682339692,0.223443291637895,0.2235930445511149,0.2514069050288039,0.2513879468834439,0.25141350331782786
0.0,100.0,80.0,90.0,0.2429111203280667,0.2412475617041293,0.24202319238618475,-2.088637321184909,-2.0945227609889834,-2.0912140957188314,1.922354601360851,1.9209630752196376,1.9201665853530616,25.0420352556235,25.033359370666066,25.032955883675296,0.7785098420441033,-2.0214286154605,0.004461207981219951,0.9998981809202209,0.3464434699890075,0.34641262738831774,0.34623100203422236,0.24220916493565006,0.2419386593766391,0.24210584825736411
50.0,50.0,40.0,60.0,0.1976931468885564,0.1962078841636924,0.19727774177225604,-0.9880210270185686,-1.022140298291355,-1.3994856979872157,1.5582373189475571,1.5594167703389115,1.5592691108852916,12.295380492538456,12.291262453039991,12.285734272034258,0.7149820200524383,-1.2870673309637894,0.26402108733804813,0.31681806161129755,0.17512847312226504,0.17505247701897808,0.1751058173366986,0.19727766248751422,0.1973888371195601,0.19725237983474575
50.0,0.0,10.0,30.0,0.1692105240845144,0.1467774851812293,0.15604628702592815,1.1160841265312855,0.1419079828431122,-1.7531525228181288,1.2622890106143918,1.2570953494112296,1.259253947883177,1.9400467678048499,1.9174224127957222,1.945505157037215,0.6453124449701564,-0.5221886034343035,0.024116645107406572,0.07161746785117619,0.05119048637907637,0.05112961380010386,0.051074751498671675,0.15992208135028876,0.1595068554416573,0.16017288396047075
50.0,0.0,20.0,-60.0,0.1651920858357119,0.1517057762828214,0.15711260588843276,0.3229659395771365,-0.0363146645494759,-0.9513836935352994,1.2510561007159304,1.2529718097277058,1.2516852623300714,4.694484333287218,4.676232914280402,4.661504628970951,0.6453011706851595,-0.5221920499557688,0.09345283711932677,0.0470051582812041,0.060461025737782705,0.06078595509730184,0.06052170476675824,0.15896109344233084,0.15907127874658827,0.1587834860707867
100.0,0.0,50.0,-30.0,0.2671580441724805,0.26647070715307,0.26679048890123236,0.0918459176313448,0.0671995949300281,-0.6332526255474521,2.0997786500771087,2.1010556393774356,2.099893312891558,12.236578965217694,12.237014873293605,12.234878018221456,0.6320527722259446,-0.520595422619942,0.4115280106144083,0.04551768222283576,0.12971907162693536,0.12988441809245227,0.12985614228889852,0.2668342165563544,0.26685988403290006,0.26669375266970197
0.0,100.0,100.0,30.0,0.2118657739580429,0.2100335990242617,0.21106589323842898,-2.073412022292334,-2.093764952263643,-2.085195954948231,1.6776301855385232,1.6820010384583337,1.6791219737828258,30.21257937143809,30.2192743652972,30.212573210646116,0.7785098420441033,-2.0214286154605,0.010918200094704879,1.0001100943483974,0.39825366879670626,0.3985078434978544,0.3978844642311908,0.2112070412471222,0.21140020619671174,0.21086467372880857
90.0,0.0,40.0,-90.0,0.2675813263498375,0.2661172016963899,0.26675183655516155,0.3009499599528176,0.1950415259271409,-0.6878692893931456,2.100487455474999,2.1001584887899,2.09922963112951,9.038582490075914,9.035614070603016,9.036510922211882,0.6345450281816793,-0.5207296947151973,0.28263021807179134,0.0475609018541148,0.08988481639837484,0.08990399415710283,0.08997358672808464,0.2668470719075056,0.2666907719481031,0.26672811923475287
20.0,0.0,110.0,-60.0,0.0506595993336814,0.0472754463531189,0.0491853626042675,-0.4428340586452977,-0.493123895410178,-0.5235843819270835,0.38844496292661856,0.3861945458102577,0.38947030424022383,30.31849781670634,30.315996142176864,30.30955893423156,0.6492893419466194,-0.5217754427199816,0.20353184005461317,1.0534872647000172e-05,0.3454971672425942,0.34538890211187223,0.3453794664549956,0.04918587748931816,0.049336561483095,0.049586453357934435
50.0,0.0,100.0,-90.0,0.1358852498352305,0.1350065380774833,0.13557957600079884,-0.3516684029924493,-0.3590240933194288,-0.5239583874571913,1.067684916402292,1.0674609555055212,1.0664961027680802,27.340464779111137,27.336134229713434,27.3282766246346,0.6452977311569852,-0.5222070503550923,0.502624629035309,0.00021210983687190493,0.30979445072159956,0.30989083682901586,0.3098516979618673,0.1356860158547035,0.13554511069027098,0.13557550568865065
20.0,20.0,10.0,0.0,0.1223973641882797,0.110068609208221,0.1162616730966257,-0.7235820391587664,-1.4914227795288952,-1.6706725269208018,0.9194690668201945,0.9199588608307963,0.9199541658228714,3.6617966788506306,3.6645131863236804,3.653808844059732,0.6784793404823032,-1.277180112019705,0.037767680661708394,0.0843345440120166,0.0673183983813784,0.06735494271599882,0.06740738869381613,0.1164839812295879,0.11655292823018512,0.11649220557922814
50.0,20.0,110.0,-30.0,0.1265236698922255,0.1246250331921016,0.12562597614576368,-0.761472613530686,-0.779861555250147,-0.9018446906317705,0.9948507454159518,0.998728116209321,0.993423728897981,30.784390456108998,30.783730605268122,30.770216894266557,0.6750696219998944,-0.8936880609730212,0.5044080575361906,0.20005582792974472,0.3611793354030402,0.3613378082957001,0.3611621051444443,0.1260258037080321,0.12582501755129483,0.12536512431672614
50.0,0.0,90.0,0.0,0.1215644301659692,0.1211066945852404,0.12135038768547905,-0.4122202774041638,-0.4217951474382232,-0.5855696980806923,0.9571873384710621,0.9540480634643533,0.9569136344383722,24.695075526045887,24.688342861429845,24.696173792123854,0.6453124449701564,-0.5221886034343035,0.40832034174856946,0.02533186495057673,0.2819748837999193,0.2815977762193345,0.2818189422525947,0.12124158905554172,0.12123082234063377,0.12162512839038159
20.0,90.0,120.0,-90.0,0.1755310645927235,0.1734995996159557,0.17471179318325622,-1.8128022555595291,-1.8245544862562169,-1.8601043531658235,1.3981684497032778,1.3995264207113323,1.3920402413425716,35.19069967570362,35.1851158085464,35.1825442539611,0.7655278996474294,-1.7768164101630861,0.21657909273934978,0.8992108592877214,0.44444019938655005,0.4444736025081242,0.4440245624757177,0.17551366546405298,0.1747057917593205,0.17460674431080983
50.0,20.0,40.0,0.0,0.1584528243613757,0.1564540430980097,0.1578019550847715,-0.6142692577822819,-0.6565401208978283,-1.0632501832949375,1.2447007276872792,1.246298159331235,1.2457863996351441,11.375201100936746,11.362580172712608,11.369273315352572,0.6750696220906218,-0.8936880611762084,0.23579353376767256,0.14133801141863803,0.14556906845075088,0.14553867708895327,0.14556553647037618,0.1578041736270208,0.15793582929658906,0.15774595717480763
50.0,0.0,50.0,-60.0,0.1410405109778732,0.1397031624793792,0.14051266425941747,-0.3387334826869153,-0.3596844764587337,-0.6974612938234007,1.1075629474022137,1.1078997552338232,1.106207287478466,13.574569478702404,13.575087257335227,13.559580457378088,0.6453043896310078,-0.5221910309911363,0.25978034118408455,0.045676717133518285,0.15669696927466117,0.15676330743556832,0.1566840016893043,0.14065279726398286,0.1404757163498382,0.14043295015506024
90.0,0.0,120.0,-90.0,0.2055650609513241,0.2040906198052616,0.20484168555308074,-0.3040439734951878,-0.3160919699200071,-0.5235935167382026,1.6128052455195814,1.6107089158152224,1.6147739253000615,32.705818383728136,32.703719486387484,32.69492154373118,0.6345985081197228,-0.520659588644016,0.9034477497106207,6.943156985937825e-06,0.3691625957245254,0.3690581681950716,0.3688893472764011,0.20465248751615425,0.20491634548457932,0.20515181442167096
0.0,90.0,100.0,-90.0,0.1942121955076144,0.1923185981724102,0.19335611048476795,-2.0678196555492154,-2.084649928532391,-2.079315562453442,1.538720240202427,1.54226205800422,1.539118110468736,29.98796837862072,29.988774695893323,29.982639054355978,0.766519128640539,-2.002473900860922,0.015289051988153609,0.9000189227930098,0.3912052033460335,0.39140907819433707,0.39091108736742447,0.19355848505045747,0.19360216324738627,0.193173282829439
20.0,20.0,110.0,0.0,0.0665403812585735,0.0645111528141304,0.065613973017735,-1.2363186943289644,-1.270329022177333,-1.302348848073604,0.5265766646733818,0.5297273605681806,0.532770495936807,30.904006943160848,30.901323643321806,30.901871634099443,0.6784793404823032,-1.277180112019705,0.20378560225690293,0.20000348057125814,0.3635686684281451,0.363634652068401,0.36377812620183897,0.06541371705460222,0.066168528483698,0.06578663124590256
0.0,100.0,120.0,-90.0,0.1869616242865599,0.1851398015329106,0.18605399833073602,-2.083983963478353,-2.091698590207133,-2.088706233707461,1.488108117800403,1.4853033351466303,1.4864352625550772,35.39562536861964,35.39409410538657,35.38332496780003,0.7785098420441033,-2.0214286154605,0.007470326876972405,0.998908142311477,0.4509027945902873,0.450705458154496,0.450728816720651,0.18629159921340463,0.18608581703196725,0.18643101787723426
90.0,20.0,10.0,0.0,0.2685684419938779,0.2552935960224052,0.2664827530952089,3.13943384911787,-3.1361573302605272,-2.2700792719317975,2.1019386675105634,2.1000560891912072,2.1010112655364352,3.853763979827346,3.8692420644561283,3.8561662927520888,0.6658515926585167,-0.7392330937283146,-0.05566646346819657,0.3082740934965924,0.10386434039379125,0.10409163634336352,0.1039177794188077,0.2663761205388904,0.2662550520876839,0.26649249552764614
50.0,50.0,100.0,30.0,0.1672380815930977,0.1660635358553148,0.1666662296605984,-1.1501325301671832,-1.1632755475644174,-1.3045489767552807,1.3232803127843868,1.3254575904387353,1.3232733781825086,28.869683092114897,28.86653610965479,28.852758644093093,0.7149820200524383,-1.2870673309637894,0.5057166450750199,0.5000244206517628,0.3572828039899267,0.35728483747682954,0.3572477458217052,0.1668414429504668,0.16683568248845998,0.16656600744925942
0.0,50.0,40.0,120.0,0.1492275297525707,0.1487466121433726,0.14893988254157012,-2.089152401560627,-2.098890456667619,-2.0930481957368814,1.1804761181375611,1.181720612200337,1.1799668421346128,12.81110849699139,12.805104271936676,12.796512172165905,0.7187172303236241,-2.0572513802815084,0.0005670769682343775,0.3269630398783865,0.18381529846363348,0.18388498327343022,0.1838375870238036,0.14905049463596481,0.14896910574983518,0.1488229103700717
90.0,20.0,50.0,-90.0,0.25672303322676,0.254123191953846,0.25599976943846103,-0.1801613102721036,-0.2155322499048786,-0.8386089363641872,2.0176203943445246,2.0176246709301235,2.0166142438080907,13.096302570009678,13.094253522204495,13.088896995759182,0.6658022360555824,-0.7392693429678602,0.4547780766059255,0.1484027514683861,0.15599574319882634,0.15604273965991092,0.15595879773226562,0.25611311413637716,0.2559949002370486,0.25599216023295907
20.0,0.0,20.0,-30.0,0.0943195318991769,0.0468039492650151,0.0717569236929788,-0.3801407626513043,-1.5031596513123897,-1.124181391357067,0.5721623293821954,0.5729536922006335,0.5734805823850248,5.763802900339668,5.762921427316842,5.772291373112168,0.6492905334461675,-0.5217752668164828,0.05235279943721816,0.03577869545263865,0.07486855264675253,0.07470936039413562,0.0745899165583191,0.07246706149820258,0.07260165121008824,0.07252111462455248
0.0,100.0,10.0,90.0,0.2681681249325922,0.2669542481199884,0.2674720629247975,-2.050188251899666,-2.0585412646662826,-2.0828130907155296,2.1097820380763803,2.1114637852973264,2.11270471583529,5.966926237112835,5.965334927118264,5.96132138984458,0.7785098420441033,-2.0214286154605,0.005105703588207126,0.43364590987960977,0.135763427212749,0.13569231274944676,0.13570069341454694,0.26729566132621385,0.26768780939692,0.26744915302198197
90.0,0.0,90.0,0.0,0.2234951197722137,0.2232425670099671,0.22338024901526796,-0.2454287090131414,-0.2493023319843838,-0.560077537260602,1.7587940748047577,1.759523449873735,1.7573692143939559,24.2219959037155,24.209285932983477,24.206563353091962,0.6345985081197228,-0.520659588644016,0.7271263088065862,0.02655164547781967,0.2724702099353414,0.2724465178311534,0.27226176356810167,0.22354757350125018,0.22334637746394725,0.22327966719949643
0.0,100.0,80.0,60.0,0.2429111721528824,0.2412567335038383,0.2420240016307466,-2.088519941024999,-2.094373356495325,-2.0911284814526314,1.9223707379666732,1.9209630356978904,1.9201655718977626,25.041976220387664,25.03334216125558,25.032986662607783,0.7785098420441033,-2.0214286154605,0.004547002873179282,0.9999019039930982,0.34644344943659267,0.3464128929319953,0.3462317257040137,0.2422105979852998,0.24193797387172988,0.2421072465226771
20.0,20.0,20.0,60.0,0.1092341173749364,0.1063029537431067,0.10775410413714041,-1.182371892689425,-1.2881125770360835,-1.5655215020488014,0.8530549034737401,0.8515901164490347,0.8523202387015836,6.430522390067711,6.422333158701986,6.4312088685739015,0.6784793404823032,-1.277180112019705,0.06196185666964586,0.10614619594886898,0.09648054151354354,0.09630848519004889,0.09648665812208371,0.10781589409431563,0.10771420247997499,0.10792063359969574
20.0,20.0,40.0,-90.0,0.0952090335604443,0.0939397578656124,0.09462556141838113,-1.3203237664178462,-1.3596079958228515,-1.5017863719831017,0.7528953618086617,0.7482108754896142,0.7517835011460995,11.867265985966721,11.873170914432176,11.875412005083948,0.6784224051409169,-1.2769958592720767,0.09767812300631701,0.14499594778116748,0.15460694616598236,0.15431149981330847,0.15456945044068765,0.09456528016190928,0.09441288144243004,0.09502769818434015
50.0,20.0,100.0,0.0,0.1387193049518374,0.1356521475418846,0.13726954492176013,-0.7366042144709918,-0.7518560085367483,-0.9019708875807549,1.0849719804676559,1.0869764171792868,1.0862441789236421,27.999848012901158,28.002451681992266,27.991940032328664,0.6750696220906218,-0.8936880611762084,0.5040070830345273,0.2001588535376041,0.3305659445185086,0.3306338639246983,0.33039841216539684,0.13732586134758457,0.13748968616791377,0.13723153083892758
90.0,20.0,0.0,30.0,0.2607965098715286,0.2598076553492405,0.2603272195242611,3.137422154023679,-3.1405804410984226,-2.09135358685115,2.054442940844755,2.0545095996698866,2.05422272740095,3.1939823519688497,3.1926281686815763,3.1910363236137553,0.6658515926585167,-0.7392330937283146,0.0010471750579740821,0.3202806701704418,0.10362113773585586,0.10354348364010922,0.10353657890771169,0.2604463973505293,0.26041680315746873,0.26040529215858244
0.0,50.0,120.0,60.0,0.1014287128633847,0.0997208121605301,0.10054406070328695,-2.062790949637041,-2.100652172794303,-2.083592677117131,0.8109949640112286,0.8116577241605026,0.810931961069017,34.384924989377275,34.379633695956414,34.37767787919059,0.7187172303236241,-2.0572513802815084,0.00713204376557449,0.5001243387644381,0.4178525827558228,0.41796938774345277,0.41743542779020487,0.1007309933510113,0.10074967631692612,0.10064356030343308
50.0,50.0,100.0,120.0,0.1672379558942573,0.1660634377255598,0.16666612599816422,-1.1501408283254435,-1.1632863678997636,-1.3045418333187142,1.3230906857700013,1.3255700404933737,1.3233312836367312,28.86938216792325,28.86644954300781,28.852964271079944,0.7149820200524383,-1.2870673309637894,0.5057174217004833,0.5000176816902667,0.3572745466442982,0.35728643066309357,0.3572503525331831,0.16683329753141726,0.16685723877501385,0.1665500055745271
0.0,20.0,110.0,-90.0,0.0472771289170379,0.0452041785224655,0.04605844675809016,-2.0417498833473604,-2.085867191562313,-2.061850469402134,0.3815817612317038,0.3819793236840868,0.37865258678910796,30.930824672531426,30.92742416653275,30.914676829119276,0.6791368734503171,-2.0261987791106724,0.007474159000930307,0.20001674015518964,0.36412943365819733,0.36404139911292116,0.363854995034394,0.046528927960872137,0.046177652001695456,0.046123526888801204
20.0,90.0,20.0,-30.0,0.2589557637787099,0.2576888320751006,0.25828909385140514,-1.580549329985485,-1.6545862441968404,-1.906513831507218,2.039560783986409,2.0401254765448833,2.0404867028272062,8.39130680153211,8.386217191079249,8.382635627633384,0.765527898772562,-1.7768164081236508,0.09159689006508791,0.4824414313059146,0.15944607767893285,0.15944472877213237,0.15935063580557923,0.2582524701315195,0.2583677226958153,0.258289409657787
50.0,0.0,80.0,-90.0,0.1257754094204297,0.1254239554293224,0.12562288196513072,-0.4152287205364478,-0.4220016991055962,-0.6135283245743286,0.9911396223794285,0.9890304385510932,0.9893220668531505,21.93205863565199,21.92691492555631,21.933248644395118,0.645283779561629,-0.5222240162361836,0.37566441808680834,0.0338639371325262,0.250751863037263,0.2506534538943747,0.250669549413247,0.12568101913766774,0.12546855673784488,0.125742727325533
20.0,0.0,120.0,-60.0,0.0460824172123656,0.0435640731296654,0.04507086403623848,-0.4314626727273524,-0.5282394655856135,-0.5229240887226548,0.3591578305139539,0.35848508432767806,0.3591906212222391,33.10333160298712,33.1070206686998,33.091604383127354,0.6492905343418074,-0.5217752697370182,0.2039313806161198,-6.170881700126556e-05,0.37717398716353917,0.3769906531222462,0.37708482820471056,0.04545747952722558,0.04549674310664294,0.04556076272998097
50.0,0.0,90.0,90.0,0.1216050013109716,0.1211345935173759,0.12139051687586792,-0.4128964647778509,-0.4222958104050867,-0.5862594944108519,0.9575929925189632,0.9543924918594807,0.9571466953239508,24.695540115419327,24.68950607302091,24.697633776068237,0.6453124449701564,-0.5221886034343035,0.4084838868154648,0.025624414355097463,0.28201858823334175,0.2816326313838426,0.2818406136530065,0.12129495843982618,0.12126092510718522,0.12166325817608879
20.0,50.0,120.0,30.0,0.1099594070821722,0.1074168049160888,0.10861112957735851,-1.6535414924314298,-1.6804494707581,-1.7077196911957038,0.8720437839066364,0.8737989598494923,0.8741153199854761,34.3653455214722,34.36543059448764,34.35235678026195,0.718145790998976,-1.682010494824096,0.20534553062648248,0.5001509669679027,0.4176257619133201,0.4174046292348564,0.41738422351391274,0.10869246559767134,0.10895111383617219,0.10871481924071819
20.0,0.0,50.0,-60.0,0.0595677751891644,0.058434128708591,0.059085402483286954,-0.7685454776468321,-0.8128300104122141,-0.9248873705786504,0.4684006873418695,0.46982150449857285,0.4666225757822008,13.959173795904922,13.970349110728257,13.957755916213863,0.649282538892838,-0.5217756727853411,0.10705992783379671,0.04540753311017919,0.16406449888355817,0.16433618831724353,0.16434771059196898,0.0593016486168144,0.05908362123142325,0.058917771261802934
0.0,50.0,50.0,-90.0,0.1416100687970694,0.141200462031303,0.1414086758918702,-2.0920268507905013,-2.100047099330516,-2.095347639016098,1.1244074094370649,1.12178566732135,1.1222606100223398,15.476371961787846,15.470378331829695,15.46909213703235,0.7186650821597956,-2.0570562308090627,-0.00015834015992213706,0.3586437504787875,0.21227598871346157,0.21214675417100531,0.21221369583880492,0.14150288466735442,0.14122630925505852,0.14156648414316492
90.0,20.0,60.0,-30.0,0.2452839536492207,0.2441930659856205,0.24500714625230163,-0.3081593033856986,-0.3201770908217777,-0.8172650335622683,1.9310301598977435,1.9312205137927327,1.9306450082023079,16.18122442880522,16.179422050898136,16.1747662168597,0.6658515920989692,-0.739233093134842,0.540283264271706,0.1634542580510787,0.19287000050956052,0.192717343718966,0.19264149251024473,0.24507132211279592,0.24502036072958086,0.24499541104934286
90.0,20.0,50.0,60.0,0.2567188821265836,0.2540014165999857,0.2559676125990909,-0.1802348393990305,-0.2176626936057764,-0.8389174545072252,2.0173897433229997,2.0175231698039178,2.016266202821634,13.098548273642558,13.096241427666866,13.090003071865317,0.6658515926585167,-0.7392330937283146,0.4547965689104002,0.14857519663833796,0.15603175159166038,0.15610917154628381,0.15600668024499414,0.25609855769668655,0.25596681645646063,0.2559467022719006
50.0,50.0,100.0,-30.0,0.1672381158516827,0.16606356371545,0.16666638678710324,-1.1501325090093986,-1.163275455504283,-1.3045462764415192,1.3232804711233421,1.3254580560700133,1.3232735777674929,28.869678832045683,28.866533008462167,28.85275556273125,0.7149820198712408,-1.2870673305241545,0.5057192458285008,0.5000234305615736,0.357282657293693,0.35728470826638453,0.35724761981079045,0.1668414886211008,0.16683573544325583,0.16656602134321172
90.0,0.0,100.0,60.0,0.2347932694056019,0.2343590230311693,0.23456878524223163,-0.2079156943995822,-0.2097789184574301,-0.5043115504501154,1.8461452715342919,1.8460962687856703,1.8453284327726038,26.832531714158815,26.826129859579403,26.817602398358837,0.6345985081197228,-0.520659588644016,0.8387216328803166,-0.01614006521489195,0.29903285060928025,0.29888432311682644,0.29886844896592013,0.23464123647832955,0.23453216299778243,0.23455069952149482
50.0,20.0,100.0,30.0,0.1387200953181619,0.1356482390399472,0.13726952131374906,-0.7366042302480545,-0.7518662897434089,-0.901972165349088,1.0849723106298759,1.0869768656395038,1.0862446478372643,27.999850436161204,28.00245446520905,27.991942601421716,0.6750696220906218,-0.8936880611762084,0.5040063441980769,0.20015936701198278,0.3305660236665734,0.33063394506730726,0.3303984871557328,0.13732590616678386,0.1374897478431068,0.1372315777337376
0.0,20.0,110.0,90.0,0.0472721675680393,0.0451393043237556,0.04605228264799639,-2.0448045563242374,-2.088261132555512,-2.065444963350033,0.3820359675796096,0.38153379378839586,0.3783695721665792,30.933122892439634,30.927190993487418,30.91524809814298,0.6791449760543936,-2.0262614013022464,0.006747229905004056,0.20000785769883628,0.3641510627993757,0.3639816646446129,0.3638809954285208,0.046540603455922376,0.046097044251021124,0.04615339691540674
50.0,0.0,80.0,30.0,0.1256206271174924,0.1252626370279313,0.12546596313623437,-0.4156022765514513,-0.4225309689433273,-0.6137244410513341,0.9898999614570925,0.9878070785593709,0.988087007219386,21.932616403752515,21.927639893939343,21.933948019840848,0.6453124449701564,-0.5221886034343035,0.3752125748100687,0.03389777222309981,0.2507660753994391,0.2506752112219606,0.250700778689833,0.12552447068313208,0.12531270006787104,0.1255848416207276
50.0,0.0,100.0,-60.0,0.1358899310873969,0.1350019026433501,0.13558317349609816,-0.3516634953831639,-0.3590336996949938,-0.523961641011034,1.067714569476435,1.0674905153518919,1.0665255514041996,27.3404597481517,27.336128382109543,27.32826867060953,0.6453100420525008,-0.5221892910796526,0.5026370597901673,0.00021375950411449833,0.309794427681245,0.3098907895164105,0.30985163697200957,0.13568978145193902,0.1355488487548141,0.13557925687189248
0.0,90.0,120.0,90.0,0.1706593976517882,0.1689487829286603,0.1698463265520228,-2.074523011651081,-2.0809039976590227,-2.079249879508322,1.3585948006509805,1.3573386994338257,1.3599591365885808,35.20336255751683,35.196553518819194,35.190778978488936,0.7665320191074287,-2.002511187159981,0.015419500780851228,0.8994436657434173,0.4443582827986669,0.44455557464769263,0.444270391927355,0.16986350670193173,0.17006630911807002,0.17019406176910368
20.0,50.0,80.0,-60.0,0.1300805373671776,0.1293966289394052,0.12973314972421046,-1.6495564454797624,-1.659889301387955,-1.7264826347720854,1.0336122099146317,1.033901038160859,1.0345210074467366,23.47376599379832,23.471743402355642,23.453813522459303,0.7181417374118533,-1.6819984156177221,0.16670287365716732,0.4311834795685214,0.2983897056175397,0.2978711329585573,0.29790680277952564,0.12969976188409382,0.12983104219328614,0.12975118298343602
20.0,0.0,10.0,30.0,0.0830328461283048,0.0630103638566595,0.07296422370725238,-0.3639123532146504,-0.8520097777623995,-1.302545632398807,0.6533703381275018,0.6555752952948577,0.6522222631252723,3.2956972431835903,3.2851808403294167,3.281444926648521,0.6492905343418074,-0.5217752697370182,0.02746659205186314,0.04239177400814553,0.060871027840922326,0.060566911566973566,0.0609011232381234,0.08295438751439285,0.08280616286752536,0.08253742780937826
20.0,50.0,100.0,120.0,0.1266110659652882,0.1251057294361222,0.12579967807488962,-1.6409463677244742,-1.657613856957091,-1.707654376454333,1.0065146476682991,1.0052149510650852,1.0068099875720182,29.009714238560505,28.999334743054266,28.99664327667552,0.718145790998976,-1.682010494824096,0.2048015971072996,0.499986864658875,0.3597698979944362,0.35950025936822116,0.3598222036194115,0.1258329851056294,0.12583130408940815,0.12601070327462793
0.0,20.0,20.0,120.0,0.0921190104311319,0.0903650977836879,0.09128691666342734,-2.0821289417234023,-2.110104931428449,-2.094276621088576,0.7223957737304477,0.7248973403203974,0.7228548047837043,6.614352016764302,6.603456990702464,6.60359814953181,0.6791449760543936,-2.0262614013022464,0.00010888849734715766,0.1071886297749934,0.0991201788913333,0.0993519089244502,0.09916065810338086,0.09140799941636324,0.09145167430812039,0.09115516662443297
50.0,0.0,30.0,-60.0,0.1540403143985643,0.1493495588555035,0.15227276900288805,-0.0961245402753691,-0.2054438506977808,-0.7865042817479658,1.20002916003375,1.2002671370155225,1.1998828501038692,7.757485843786093,7.753570402222452,7.752353211196607,0.6453022106809595,-0.5221917113255483,0.15868564395236123,0.04295950189804835,0.09054953539686005,0.09046239572568633,0.09054204512706149,0.15237103712340114,0.15235636265339275,0.15232685989590394
90.0,0.0,90.0,-90.0,0.2234352295111932,0.223184788961978,0.22332048759179626,-0.2452023590627748,-0.2490402949889952,-0.5597632938929717,1.7583131288536578,1.7590488616162292,1.7568977862148936,24.22138108891775,24.208796683027263,24.20598965779946,0.6345775617255593,-0.5206860667858916,0.7268826484079497,0.02631354982127235,0.2724490262253671,0.2724254307583855,0.27224064483988664,0.2234871953847185,0.22328720818164444,0.22321958438506262
90.0,20.0,120.0,120.0,0.2006765143881305,0.1996251137691315,0.20017593530910247,-0.5340040815238578,-0.5416784214969959,-0.7417593309196243,1.5799039245146294,1.5799988244031389,1.5798945712679682,33.27617851698591,33.27245966126746,33.25682822481224,0.6658515926585167,-0.7392330937283146,0.9036419287295787,0.19998406561142132,0.387311380566634,0.3874119520454236,0.38707097631955045,0.20024761953173484,0.2002645653796691,0.20021594167541787
50.0,20.0,90.0,120.0,0.1309523919659044,0.1303782639336487,0.13063003967782638,-0.7496816977438199,-0.7557498435092773,-0.9196103877944489,1.034181780181736,1.0342097886974981,1.0321659017023324,25.21271486094746,25.210439523060987,25.20189269325616,0.6750696220906218,-0.8936880611762084,0.4306871887096671,0.17991294986879872,0.29856105060610294,0.29868225507295676,0.2986136145987186,0.13080736880032784,0.13055996153702698,0.1305655849863868
20.0,20.0,60.0,60.0,0.0837046416598648,0.083273813503303,0.0834915071162195,-1.3398575527859031,-1.3613513178058183,-1.452346791135347,0.663636944603703,0.6662982797236249,0.6652346155022096,17.27745589032834,17.282914950436968,17.26965032907315,0.6784793404823032,-1.277180112019705,0.12777453646031725,0.17068786160142824,0.21369771898133863,0.21371837877108937,0.2135784396846793,0.08349322591138265,0.08368168801958485,0.08335349306174508
0.0,100.0,90.0,120.0,0.2263648303303366,0.2247298544232483,0.22569808682408515,-2.081556460180379,-2.0888971139655728,-2.087132353749821,1.795542309691007,1.793736293902043,1.7922494678826442,27.61811963214012,27.605590862933557,27.602665971679148,0.7785098420441033,-2.0214286154605,0.008901363615446942,0.9999209362862163,0.3723096570991523,0.3722450674083065,0.37194016452999995,0.2259703509827523,0.22555619563109996,0.22577897638661115
100.0,0.0,0.0,30.0,0.2682368283239638,0.2664044460972248,0.26709369196581456,3.1398415261545245,-3.1380703138427046,-2.091361913479449,2.106338540931004,2.1082189754330893,2.1085104228681164,3.2588326457828396,3.2535190964742404,3.2551276886938956,0.6320527728863933,-0.520595423050527,0.0010831728894464922,0.3375657670969138,0.10628627753846734,0.1060195928935673,0.10619366241259616,0.26710242376601795,0.2673779345606,0.2671348505544649
50.0,0.0,90.0,-90.0,0.121575445872757,0.1211247670448018,0.12136560378554534,-0.4121119906387235,-0.4214948560266372,-0.5853344843563655,0.9571909337740528,0.9541124633481154,0.9571802840165831,24.695367510135846,24.687506871838163,24.695073393047252,0.6452906735898076,-0.5222156528377502,0.4083591124832793,0.02523806466282142,0.2819473032241135,0.2815798249385833,0.2818211229198487,0.12123548709384543,0.12125973123027056,0.12164591076207888
50.0,20.0,0.0,0.0,0.1686343796545293,0.1676010411965185,0.16818184739190029,1.823653315800196,0.105667032047767,-2.091296632669947,1.327651622328858,1.3247490323512119,1.3280642823716653,2.0450188115935926,2.047872373585955,2.045701587974769,0.6750696220906218,-0.8936880611762084,0.00045727096180520977,0.1326444269549573,0.06661574066522931,0.0667187780730441,0.0665483109129615,0.16804359102845723,0.16810314844959584,0.16847374377386762
50.0,50.0,10.0,-60.0,0.2287152647627138,0.2192731445886635,0.22415363042646078,0.2089495061921013,-0.5701869043040212,-1.7345056199025983,1.7695275618105308,1.7706424107480447,1.7667730625668672,3.123246295353631,3.113036565072196,3.1266005648213606,0.7149703767845139,-1.2870508485245806,0.07781325092967833,0.20651627319495336,0.08265434381091244,0.0826203802705848,0.08287344204075735,0.22460124430276251,0.2242562152768384,0.2241148516714548
0.0,20.0,60.0,60.0,0.0671709145130634,0.066728930044288,0.0669572101673768,-2.095280044527341,-2.105326163012165,-2.099378279737946,0.5351671448650902,0.5368001990595272,0.5392001401811714,17.322935038824752,17.3335966463683,17.321465200165687,0.6791449760543936,-2.0262614013022464,-0.0006920438342896685,0.17167503819660793,0.21427350305061377,0.21476550451853235,0.2144969532315848,0.0667165231468785,0.06721848862129427,0.0670341992145716
0.0,50.0,10.0,120.0,0.17517732511917,0.1741174257393351,0.1745970261758375,-2.081333366542156,-2.0896279569866896,-2.0896406591632846,1.376206251424171,1.3801873043280166,1.3803764816006154,4.865594986504738,4.8585346613706175,4.86073626476302,0.7187172303236241,-2.0572513802815084,0.00107827078618074,0.20740465347212456,0.10021852395174224,0.10029549864430626,0.10061035652548946,0.17444602861033853,0.17499533475536586,0.17445739740876243
0.0,20.0,80.0,30.0,0.0570179941030797,0.0563261806671372,0.05673563527689388,-2.084056960339716,-2.1246106651786905,-2.1038092687645618,0.45966815740135725,0.4602841793361966,0.45943331763024886,22.709287206012743,22.713619440942356,22.70869526060074,0.6791449760543936,-2.0262614013022464,-0.0013977341996766622,0.1854338947778117,0.2732255197707557,0.27307048026810854,0.2728531121429066,0.056813974628294885,0.05679705233574791,0.056702506386594645
20.0,20.0,100.0,-60.0,0.0728708952476363,0.0702250988612032,0.07149986017277773,-1.2175646692745674,-1.264793159674217,-1.3022382202808394,0.5736421999913818,0.5753218140959355,0.5729217312468474,28.164929871347624,28.16490476327659,28.15692690676586,0.6784770631544044,-1.2771726374708898,0.20338321273891996,0.20002559737429412,0.33358410862883414,0.3336840761010237,0.33352072568095514,0.07175913428328526,0.07166935684448873,0.07146507491789998
20.0,90.0,40.0,-30.0,0.2373912460036381,0.2368453388630172,0.23713327988876146,-1.7398109791400915,-1.7512285728877357,-1.8908669227229928,1.8751006021828223,1.875374419921775,1.8775177067825883,13.734404287766006,13.733639530352665,13.731274206331564,0.7655278989475304,-1.7768164085315385,0.12333089982600298,0.5967435613410985,0.2148136669286999,0.2149460566708312,0.21490692305082962,0.23694857115686585,0.23726064660690188,0.23722522163871146
0.0,100.0,60.0,60.0,0.2329556181606459,0.2323343256313225,0.23268761829285245,-2.100080989116772,-2.106473163322193,-2.099698017970979,1.8449233184063274,1.8429341938074624,1.8447452006511957,19.341359117533145,19.342301685690153,19.3333887250078,0.7785098420441033,-2.0214286154605,-0.003636445297827922,0.7768618810044424,0.2795987717938341,0.27965049064794933,0.2794416698836794,0.23263703198331773,0.23261692121814265,0.2328647225398125
20.0,50.0,100.0,60.0,0.1266109793302422,0.1251056684503565,0.1257997483888565,-1.6409335781415215,-1.657614910811378,-1.7076526378434511,1.00651510410353,1.0052153897568317,1.0068103420472923,29.009713637277923,28.999333845951,28.996642787641267,0.718145790998976,-1.682010494824096,0.2048029352640378,0.499986761210095,0.359769879848537,0.35950023355783167,0.35982218574568886,0.12583304826186129,0.12583135356175051,0.1260107546023212
50.0,50.0,90.0,0.0,0.1818888301503312,0.1795604372901673,0.18088359860359712,-1.1214570849620324,-1.137905545179002,-1.3057832998613,1.4326360094970518,1.434293486325968,1.4360132569752004,26.158823745068073,26.162730277737573,26.15411523847627,0.7149820200524383,-1.2870673309637894,0.504047743952604,0.500160185252652,0.3289968440196916,0.3288637759970295,0.3288893931014459,0.18076358653240582,0.18118431749450695,0.18096555317928023
90.0,20.0,10.0,-30.0,0.2684813685213153,0.2550135371892392,0.26645910814467,3.135395295518747,-3.1413194403064626,-2.2702943703594856,2.1012537237954865,2.100288955186543,2.1010580892337174,3.8611780961621713,3.872502891310468,3.865641359590029,0.665851591632719,-0.7392330926418497,-0.05574215788812802,0.30859475699469924,0.10397840135682732,0.10422435362555425,0.10408964919514045,0.2663402644046919,0.2663054889151957,0.2664245040183826
20.0,50.0,50.0,120.0,0.1496407831556525,0.1489697884599168,0.14939143925293794,-1.6436731952530503,-1.653758782867042,-1.7660894589781386,1.186636783387345,1.1826016851198258,1.1858940503940927,15.420431851030564,15.410366852215288,15.415842097917178,0.718145790998976,-1.682010494824096,0.12172505466877762,0.3568716387186537,0.21126954009635235,0.21103848046084503,0.21138800020994397,0.14931507757114607,0.1492071292037699,0.14970875285469393
0.0,100.0,10.0,120.0,0.2681873072851981,0.2669416462253248,0.26748485565436647,-2.048507376149209,-2.058403055913926,-2.082586464794115,2.1092331751679807,2.1122873948198424,2.112811077972543,5.968756575958535,5.9675321702182975,5.963943911223105,0.7785098420441033,-2.0214286154605,0.005209072484695497,0.4336812071715087,0.1358255289916282,0.13576123094759485,0.13581984164236058,0.2673113447188024,0.2677915116565872,0.2673741845000932
0.0,50.0,10.0,-90.0,0.1752965080672763,0.174224527080471,0.17470920565764142,-2.084620855953297,-2.093626573950249,-2.0908158809989112,1.3771703675582705,1.3810539346224957,1.3811562330101346,4.866622884391051,4.859669578264973,4.860924884357099,0.7186376188789514,-2.0569426660798653,0.0008334374312419415,0.20763139839433067,0.10024774148298565,0.10027068717880991,0.10058664392326729,0.17456716061059668,0.17509572075052404,0.17456823779534675
90.0,20.0,90.0,60.0,0.2190412517333972,0.2185870134556453,0.2187903132375523,-0.4682373757793008,-0.4704525661990714,-0.7666452403106584,1.7254651142839161,1.7254856022787617,1.7246330302279729,24.813825008245455,24.806125110703057,24.803346933939686,0.6658515926585167,-0.7392330937283146,0.7394449284284726,0.18326599148397418,0.29129920274077026,0.2911306971665641,0.2911709526240626,0.21887080158582164,0.2187598479694769,0.21876885697541815
0.0,20.0,70.0,0.0,0.0620139397428681,0.061462947692687,0.0617335715813334,-2.0909726284726684,-2.1173616305855263,-2.101675084390708,0.49905317511805125,0.4962820715280825,0.4965037219786181,20.02894446346416,20.027078713094564,20.020816165442852,0.6791449760543936,-2.0262614013022464,-0.0010738035241639498,0.1799958417697252,0.24366250443834592,0.2436195315336797,0.243635961014503,0.06185924765902658,0.06153661935931876,0.06190091088064483
0.0,20.0,100.0,60.0,0.050947958013298,0.0494831877097897,0.0501903597387456,-2.01474527678846,-2.094043249881967,-2.0523708833249557,0.41149314276696325,0.40889042301287915,0.4123012839522001,28.189757036688516,28.18970174047631,28.188882130893667,0.6791449760543936,-2.0262614013022464,0.009055924469156857,0.2000344659320357,0.3342088186839726,0.3342265602171978,0.3341745338587538,0.0501693005229116,0.05028746946264255,0.050604072638452666
50.0,20.0,40.0,90.0,0.1585778240234367,0.1565254254552943,0.1579003770016074,-0.6142155018842174,-0.6568384524458396,-1.063240241736382,1.2455179429336303,1.2471253932897577,1.2465232787333602,11.374948417280995,11.362424206607354,11.368832494997296,0.6750696220906218,-0.8936880611762084,0.23594837217559306,0.14143099179067428,0.1455762590157682,0.14554294138418689,0.14556467012744653,0.15791235806310644,0.15803417875719067,0.15784219414851738
20.0,20.0,40.0,30.0,0.0955576839456346,0.0944570639917185,0.09509661972703419,-1.3181918365291516,-1.3528571261367386,-1.4984578065498901,0.755014155673293,0.7521006095548181,0.7564430716310244,11.867232959741653,11.864887074509502,11.870236124284522,0.6784793404823032,-1.277180112019705,0.09866725400822275,0.1454250808243663,0.15453509573914315,0.1542967349135626,0.15461973160056658,0.09487758712039687,0.09505311445082229,0.09543421321154365
0.0,50.0,70.0,120.0,0.1274374348992706,0.1269586293892945,0.12713900819775634,-2.090919759457364,-2.1050840953933885,-2.0969245554655043,1.0156481475267065,1.0116179760679973,1.0125337587648322,20.817113151996615,20.814940369271632,20.807810596118127,0.7187172303236241,-2.0572513802815084,-0.0006726594573972083,0.40960216348099304,0.26964225654179547,0.2694300292654246,0.26960859315146646,0.12723560083622926,0.12685350434172443,0.1273604924372818
50.0,50.0,10.0,-30.0,0.2288761861668766,0.21941657781131,0.2243110325326374,0.2108614731700729,-0.570464586601378,-1.7348340325020355,1.7707670331646173,1.7720559167573746,1.7678834548709406,3.122773617023896,3.1141371467282175,3.127828612468548,0.7149820190573436,-1.2870673285559644,0.07783618517401136,0.20677007445679077,0.08271604321917987,0.08270127626671352,0.0829488635658815,0.22477662911911234,0.2244186912385296,0.22425473028596007
0.0,50.0,0.0,30.0,0.1850792809752351,0.1834476680640268,0.18417453737604136,-2.066627030650649,-2.087462133896049,-2.0914978581574335,1.4511945082786453,1.453581494348228,1.4538826194130559,2.2409673661360143,2.2346250761038418,2.230138831211984,0.7187172303236241,-2.0572513802815084,0.0005144441297390307,0.1578894689017235,0.07277201123012057,0.07259691211762462,0.07254458003471305,0.1840772730059905,0.18438398587332658,0.18410501485360564
90.0,0.0,60.0,60.0,0.2492900241047518,0.2478946355878456,0.24892096410821823,-0.0703213879258424,-0.084033237530594,-0.6124935353903831,1.9599474608343297,1.9601869282362498,1.9596001852523433,15.468711195913471,15.466405422207032,15.46298686794921,0.6345985081197228,-0.520659588644016,0.5056181033625126,0.0451752262103968,0.17033743221524894,0.1701681941671035,0.17038752955297778,0.24897527727210764,0.24892796301272846,0.24890475259278255
0.0,20.0,70.0,-60.0,0.0619585265547164,0.0614226277019379,0.06167480140278279,-2.0910753648256044,-2.1155753735818843,-2.102293402992278,0.5000392553022234,0.49560992283184807,0.49499493107033515,20.031753069215625,20.02701623682557,20.021037308183857,0.6791392979743955,-2.0262203674039587,-0.001183083468741512,0.17980816609288489,0.24369875988608652,0.243473278683229,0.24362582635161611,0.061962420545079694,0.06130967232663563,0.0618812955985396
20.0,90.0,100.0,120.0,0.1998246091292983,0.1980299926221779,0.19894224858917534,-1.7967781354577577,-1.811205273890934,-1.860233485598986,1.5851967461790815,1.5808477745940963,1.5845490040026986,29.970463968404246,29.966630681157234,29.96001462998018,0.7655278996474294,-1.7768164101630861,0.2164009416439531,0.9000716951756054,0.3909379329066326,0.39071973094319074,0.39080095131000614,0.1989006869177626,0.1988347121004605,0.19938046792058206
20.0,20.0,90.0,30.0,0.0789678119831295,0.0776074251400336,0.07829228610004695,-1.2165836946791817,-1.2420484116205657,-1.3044330293456712,0.6257913991014552,0.6264978795136037,0.6270668724980286,25.420045452068734,25.42329638803652,25.41885128558475,0.6784793404823032,-1.277180112019705,0.20219588965900703,0.19993887470388597,0.30364025103289916,0.303491218395335,0.3035436537677531,0.07826570892661719,0.07842618806093485,0.07833283523315711
50.0,50.0,80.0,60.0,0.1672809444606785,0.1665309855648297,0.1669780829553196,-1.147098441347152,-1.1527796840117257,-1.330417987877259,1.3226702044382428,1.3259020937572203,1.323488504324196,23.295144651160218,23.29266333212882,23.280563462988614,0.7149820200524383,-1.2870673309637894,0.40713034322032055,0.4245000470135659,0.2945231883341422,0.29481567749620896,0.2945897505213161,0.1670585023645586,0.16717252654111733,0.166763647290204
50.0,50.0,30.0,-60.0,0.2078095605159546,0.2047158083782007,0.206724957942233,-0.8386470441027924,-0.9248225401366325,-1.4252499585864744,1.6318684079806225,1.632695049845703,1.6329953673430107,9.396352671623765,9.391430272224598,9.389890411101808,0.7149726046181957,-1.2870536727826893,0.2194943829676911,0.27793404439250674,0.14323336856328345,0.1430498061799512,0.14316073693082795,0.20671748889094405,0.2068541300055687,0.20675030302587902
0.0,90.0,40.0,90.0,0.2322705088849558,0.2319281240346701,0.2320639137724609,-2.088093448967005,-2.091439232382564,-2.0907316428016904,1.8352624601464682,1.837307976342123,1.836589740281627,13.816442321226756,13.812970946716806,13.804209427993818,0.7665320191074287,-2.002511187159981,0.0024420567842073472,0.5997074946611677,0.21613542536662064,0.2161634108722777,0.21602156265961536,0.23204716107503498,0.23222224981653816,0.23195435083892985
20.0,20.0,120.0,-60.0,0.0618986668448626,0.0589336139913171,0.06059517085972971,-1.2459360556671992,-1.2721392276957406,-1.3023019150869317,0.4908728271625308,0.494098306646457,0.4926605926209453,33.623505620907466,33.63208322027607,33.6311973842061,0.6784793404823032,-1.277180112019705,0.204330313167154,0.2000289742951863,0.3940162091290484,0.39423503744927496,0.39409787986789296,0.06086313726851193,0.06108054796392187,0.06070097708559158
20.0,20.0,90.0,-90.0,0.0789447434469903,0.0775705057783682,0.07826640369927236,-1.2163059312724205,-1.2418824705814575,-1.3044802630174577,0.6259812693643715,0.6266708820420726,0.626062574178413,25.420179874023198,25.42522911569502,25.416524736031864,0.678456294122974,-1.2771099342293497,0.2021160880892409,0.19988008218108955,0.30367757875590806,0.3035319418342251,0.30348195882637224,0.07833720630329362,0.07835190055385938,0.07826086745079501
20.0,20.0,90.0,60.0,0.0788362984102122,0.0777052527090797,0.07826972440059526,-1.216791466149968,-1.2370681067320963,-1.3042874282617636,0.6263495646658361,0.6265676489124897,0.6257320446294168,25.420772461474016,25.425959756207057,25.4157901871486,0.6784793404823032,-1.277180112019705,0.20215940478651453,0.19984791518446568,0.3037035115790507,0.30356140475260124,0.30345135472761103,0.07837298256413376,0.07830402036346873,0.07827063411897864
0.0,20.0,30.0,0.0,0.0863632921923016,0.0825068252045676,0.08465506957487978,-2.0697514402412422,-2.14457220358344,-2.094189824077793,0.6718887074011625,0.6715071624894962,0.6787603837027365,9.339952518892277,9.316001056957113,9.31591100054049,0.6791449760543936,-2.0262614013022464,0.00027572785090315823,0.12869830728106593,0.1286526517556955,0.12830037635680636,0.12878797529156785,0.08423370391572198,0.0851727207753554,0.08525677244088897
0.0,90.0,70.0,120.0,0.2407469310347772,0.2392531443186784,0.24005448507076566,-2.069955006520301,-2.084774529360365,-2.080969005331456,1.9022040549928694,1.9055346058874936,1.9034766677865176,22.23650657004729,22.23706173269472,22.22005286593937,0.7665320191074287,-2.002511187159981,0.012785844643615766,0.8997941592178836,0.31443430204974854,0.3145355750667386,0.31426082667519034,0.2401406422197266,0.24029788964199691,0.2398751653763281
100.0,0.0,40.0,60.0,0.2675620188504636,0.2660910342667758,0.2667308025392676,0.301435833325325,0.2123057788027548,-0.6833053668876858,2.100248889621076,2.0999615141132986,2.099165856588705,9.024058944333984,9.020608634824871,9.021971713054526,0.6320527728863933,-0.520595423050527,0.28098808742287823,0.045823928485086714,0.08931179680905087,0.08936492951993832,0.08943456900194843,0.2668148637486875,0.2666821418770371,0.2667140304851277
90.0,20.0,120.0,0.0,0.2006765143881305,0.1996251137691315,0.20017593530910247,-0.5340040815238578,-0.5416784214969959,-0.7417593309196243,1.5799039245146294,1.5799988244031389,1.5798945712679682,33.27617851698591,33.27245966126746,33.25682822481224,0.6658515926585167,-0.7392330937283146,0.9036419287295787,0.19998406561142132,0.387311380566634,0.3874119520454236,0.38707097631955045,0.20024761953173484,0.2002645653796691,0.20021594167541787
90.0,20.0,10.0,-60.0,0.2683026475154184,0.2547629055679857,0.26642386145435226,3.138554745158806,-3.136582865450474,-2.270502737744491,2.100672605386591,2.0991868413664165,2.1019857100153563,3.8676228141355318,3.876860676264077,3.8706464661648443,0.6658396579815272,-0.7392349849866844,-0.05582787783231604,0.3089972030290303,0.10404669349046616,0.10416889290324953,0.10412620853087204,0.2661513969604336,0.26631729977987506,0.26650434417299806
90.0,20.0,0.0,120.0,0.2610564096494053,0.2598591734768142,0.26040880706708963,3.13931756167557,-3.1383295718170423,-2.0913763316214755,2.0544644878841734,2.054544942984274,2.0559078549649445,3.194342009413107,3.1866907843846173,3.189761030869631,0.6658515926585167,-0.7392330937283146,0.0010382587132648437,0.32050713799066355,0.10361350737995484,0.10342970890882223,0.10350993664104612,0.2603791705584418,0.26056397883117566,0.2605427939875389
50.0,0.0,10.0,-60.0,0.1698825541413667,0.1469881979506595,0.1563645894990363,1.1379354373926225,0.1597350595081889,-1.7614693381303819,1.2652225850680434,1.2598438798961962,1.2587383204468852,1.9338981226187104,1.9196737837499154,1.9318782609382408,0.6453001182420971,-0.5221924035753941,0.023657764757033947,0.07170152354878918,0.051448580499498485,0.05092593468166581,0.05085453377479287,0.16044805220628963,0.15956753032002946,0.16027230819226382
